"Localidade";"Variável";"2005";"2006";"2007";"2008";"2009";"2010";"2011";"2012";"2013";"2014";"2015";"2016";"2017";"2018";"2019";"2020";"2021";"2022";"2023";"2024";"2025"
"ESTADO DE GOIÁS";"Energia Elétrica - Consumidores - Total (número)";"1.942.112";"2.005.339";"2.076.622";"2.162.498";"2.242.143";"2.337.769";"2.438.243";"2.539.005";"2.647.721";"2.750.111";"2.838.425";"2.860.978";"2.774.138";"3.089.393";"3.055.189";"3.152.305";"3.320.479";"3.332.681";"3.395.181";"3.476.501";"3.560.215"
"ESTADO DE GOIÁS";"Capacidade Instalada de Energia - Total (MW)";"";"";"";"";"";"";"";"";"";"";"7.944,41";"8.077,56";"8.163,96";"8.241,45";"8.273,8";"";"";"";"";"";""
"ESTADO DE GOIÁS";"Energia Elétrica - Consumo - Total (Mwh)";"8.217.238";"8.490.470";"9.184.356";"9.657.066";"9.956.977";"10.871.508";"11.333.953";"12.157.442";"11.255.211";"12.765.142";"12.949.933";"12.976.752";"13.293.910";"14.030.215";"14.473.400";"14.579.943";"14.853.492";"15.661.308";"16.801.336";"18.088.146";"18.807.811"
"ESTADO DE GOIÁS";"Energia Elétrica de Consumo Próprio - Consumidores (número)";"357";"368";"356";"334";"325";"315";"301";"301";"289";"275";"269";"258";"253";"567";"524";"542";"689";"1.634";"1.696";"1.669";"1.650"
"ESTADO DE GOIÁS";"Energia Elétrica de Consumo Próprio - Consumo (Mwh)";"5.700";"6.071";"6.901";"7.217";"7.517";"7.380";"6.900";"6.302";"5.838";"6.472";"5.920";"5.468";"5.163";"15.256";"14.555";"13.537";"12.115";"25.836";"18.494";"20.132";"20.180"
"ESTADO DE GOIÁS";"Energia Elétrica na Iluminação Pública - Consumidores (número)";"587";"584";"584";"588";"587";"643";"648";"651";"640";"657";"656";"656";"656";"997";"649";"314";"5.282";"320";"336";"426";"413"
"ESTADO DE GOIÁS";"Energia Elétrica no Setor Comercial - Consumidores (número)";"147.916";"154.203";"167.761";"174.429";"211.394";"215.841";"220.574";"223.142";"223.587";"225.770";"226.398";"220.162";"213.815";"222.778";"211.810";"209.214";"226.116";"205.402";"202.682";"199.312";"197.581"
"ESTADO DE GOIÁS";"Energia Elétrica no Setor Comercial - Consumo (Mwh)";"1.212.342";"1.274.523";"1.425.141";"1.548.811";"1.712.701";"1.866.987";"1.976.302";"2.124.258";"2.239.777";"2.355.657";"2.404.210";"2.329.251";"2.361.745";"2.416.883";"2.565.385";"2.258.643";"2.351.715";"2.656.742";"2.769.471";"2.961.549";"3.079.965"
"ESTADO DE GOIÁS";"Energia Elétrica no Setor Industrial - Consumidores (número)";"14.114";"13.462";"12.330";"11.873";"10.620";"11.027";"11.183";"11.434";"11.338";"10.943";"10.573";"10.023";"9.677";"9.755";"9.081";"8.951";"26.308";"8.649";"8.477";"8.378";"8.224"
"ESTADO DE GOIÁS";"Energia Elétrica no Setor Industrial - Consumo (Mwh)";"2.608.917";"2.749.643";"2.955.372";"3.150.603";"3.148.022";"3.354.747";"3.482.077";"3.727.884";"2.366.259";"3.363.526";"3.325.683";"3.255.789";"3.629.506";"3.606.831";"3.609.811";"3.727.010";"3.567.102";"3.896.450";"3.973.544";"4.216.178";"4.248.072"
"ESTADO DE GOIÁS";"Energia Elétrica Rural - Consumidores (número)";"137.458";"146.055";"152.458";"158.601";"163.099";"166.877";"170.604";"173.384";"177.535";"181.386";"183.807";"185.270";"173.994";"196.141";"196.784";"206.009";"234.872";"241.794";"233.490";"236.199";"237.136"
"ESTADO DE GOIÁS";"Energia Elétrica Rural - Consumo (Mwh)";"871.168";"827.855";"1.012.943";"1.014.642";"961.305";"1.142.200";"1.141.264";"1.216.253";"1.250.686";"1.311.238";"1.278.211";"1.406.788";"1.367.048";"1.455.586";"1.550.608";"1.668.516";"1.781.693";"1.700.429";"1.858.739";"1.968.076";"2.112.527"
"Abadia de Goiás";"Energia Elétrica - Consumidores - Total (número)";"2.240";"2.433";"2.634";"2.775";" 2.901 ";"3.041";"3.282";"3.511";"3.835";"4.269";"4.696";"4.792";"4.981";"5.811";"5.725";"6.005";"6.934";"7.513";"7.997";"8.733";"9.668"
"Abadia de Goiás";"Capacidade Instalada de Energia - Total (MW)";"...";"...";"...";"...";"...";"...";"...";"...";"...";"...";"...";"...";"...";"...";"...";"...";"...";"...";"...";"...";"..."
"Abadia de Goiás";"Energia Elétrica - Consumo - Total (Mwh)";"5.177";"5.916";"6.533";"6.756";"7.362";"8.406";"8.858";"10.472";"11.748";"13.596";"15.767";"16.140";"17.525";"18.526";"19.048";"20.066";"22.388";"26.827";"26.738";"29.881";"32.718"
"Abadia de Goiás";"Energia Elétrica de Consumo Próprio - Consumidores (número)";"-";"-";"-";"-";" -   ";"-";"-";"-";"-";"-";"-";"-";"-";"";"0";" - ";"";"0";"0";"-";"-"
"Abadia de Goiás";"Energia Elétrica de Consumo Próprio - Consumo (Mwh)";"-";"-";"-";"-";" -   ";"-";"-";"-";"-";"-";"-";"0";"-";"0";" - ";"-";"0";"0";"0";"0";"-"
"Abadia de Goiás";"Energia Elétrica na Iluminação Pública - Consumidores (número)";"1";"1";"1";"1";" 1 ";"1";"1";"1";"1";"1";"1";"1";"1";"1";"1";"1";"1";"1";"1";"1";"1"
"Abadia de Goiás";"Energia Elétrica no Setor Comercial - Consumidores (número)";"104";"126";"153";"160";" 181 ";"183";"191";"193";"191";"209";"249";"279";"300";"321";"282";"297";"290";"284";"286";"284";"282"
"Abadia de Goiás";"Energia Elétrica no Setor Comercial - Consumo (Mwh)";"614";"731";"1.044";"944";"1.062";"1.194";"1.266";"1.722";"1.851";"2.000";"2.212";"2.322";"3.176";"2.981";"2.882";"2.832";"3.463";"3.738";"3.588";"4.528";"4.412"
"Abadia de Goiás";"Energia Elétrica no Setor Industrial - Consumidores (número)";"6";"9";"13";"15";" 17 ";"20";"20";"23";"23";"25";"27";"27";"26";"27";"26";"23";"25";"27";"25";"25";"25"
"Abadia de Goiás";"Energia Elétrica no Setor Industrial - Consumo (Mwh)";"133";"172";"227";"249";"310";"403";"432";"861";"1.460";"1.957";"2.256";"2.189";"2.497";"2.458";"2.458";"2.365";"2.531";"2.521";"2.360";"1.863";"1.979"
"Abadia de Goiás";"Energia Elétrica Rural - Consumidores (número)";"206";"215";"224";"229";" 254 ";"255";"260";"259";"260";"261";"266";"266";"268";"283";"293";"303";"305";"336";"341";"342";"358"
"Abadia de Goiás";"Energia Elétrica Rural - Consumo (Mwh)";"846";"1.026";"1.079";"1.000";"1.074";"1.300";"1.233";"1.333";"1.272";"1.379";"1.461";"1.481";"1.367";"1.640";"1.721";"2.110";"2.047";"2.000";"2.149";"2.188";"2.143"
"Abadiânia";"Energia Elétrica - Consumidores - Total (número)";"4.029";"4.218";"4.403";"4.641";" 4.778 ";"4.911";"5.053";"5.223";"5.442";"5.662";"5.843";"5.973";"5.319";"6.452";"6.551";"6.975";"7.311";"7.983";"8.186";"8.445";"8.763"
"Abadiânia";"Capacidade Instalada de Energia - Total (MW)";"...";"...";"...";"...";"...";"...";"...";"...";"...";"...";"...";"...";"...";"...";"...";"...";"...";"...";"...";"...";"..."
"Abadiânia";"Energia Elétrica - Consumo - Total (Mwh)";"12.318";"12.515";"13.515";"14.142";"14.980";"16.721";"17.579";"19.249";"20.150";"22.169";"22.426";"22.924";"21.336";"25.249";"26.404";"27.941";"29.738";"31.263";"37.558";"40.850";"40.920"
"Abadiânia";"Energia Elétrica de Consumo Próprio - Consumidores (número)";"2";"2";"2";"2";" 2 ";"2";"2";"2";"3";"2";"2";"2";"2";"1";"1";"1";"1";"5";"5";"5";"5"
"Abadiânia";"Energia Elétrica de Consumo Próprio - Consumo (Mwh)";"2";"2";"3";"5";" 3 ";"4";"0";"4";"-";"2";"3";"3";"8";"8";"3";"4";"3";"45";"23";"23";"23"
"Abadiânia";"Energia Elétrica na Iluminação Pública - Consumidores (número)";"5";"5";"5";"5";" 5 ";"5";"5";"5";"5";"5";"5";"5";"5";"5";"5";"1";"1";"1";"1";"1";"1"
"Abadiânia";"Energia Elétrica no Setor Comercial - Consumidores (número)";"336";"378";"407";"425";" 441 ";"466";"489";"503";"524";"540";"558";"558";"494";"570";"545";"529";"522";"529";"520";"520";"520"
"Abadiânia";"Energia Elétrica no Setor Comercial - Consumo (Mwh)";"2.349";"2.574";"3.090";"3.288";"3.576";"3.783";"4.136";"4.601";"4.927";"5.532";"6.056";"6.581";"5.725";"7.126";"7.138";"6.721";"6.998";"7.618";"12.529";"12.932";"10.924"
"Abadiânia";"Energia Elétrica no Setor Industrial - Consumidores (número)";"80";"70";"64";"63";" 60 ";"59";"54";"53";"49";"46";"47";"41";"40";"39";"37";"38";"37";"46";"36";"38";"32"
"Abadiânia";"Energia Elétrica no Setor Industrial - Consumo (Mwh)";"1.858";"1.620";"1.755";"1.768";"1.748";"2.356";"2.357";"2.631";"2.601";"2.689";"2.519";"1.940";"2.173";"1.980";"2.436";"2.934";"3.278";"3.694";"3.210";"3.268";"3.735"
"Abadiânia";"Energia Elétrica Rural - Consumidores (número)";"802";"816";"828";"937";" 940 ";"959";"977";"978";"1.005";"1.060";"1.075";"1.111";"1.133";"1.236";"1.347";"1.552";"1.701";"2.074";"2070";"2.043";"2.109"
"Abadiânia";"Energia Elétrica Rural - Consumo (Mwh)";"2.436";"2.440";"2.498";"2.529";"2.767";"3.006";"3.228";"3.447";"3.694";"4.146";"4.011";"4.221";"4.229";"5.082";"5.864";"6.681";"7.513";"7.461";"8.307";"9.198";"9.848"
"Acreúna";"Energia Elétrica - Consumidores - Total (número)";"7.053";"7.112";"7.181";"7.363";" 7.416 ";"7.518";"7.630";"7.894";"8.049";"8.360";"8.642";"8.576";"8.192";"9.082";"8.895";"9.153";"9.276";"9.521";"9.642";"9.809";"9.996"
"Acreúna";"Capacidade Instalada de Energia - Total (MW)";"...";"...";"...";"...";"...";"...";"...";"...";"...";"...";"...";"...";"...";"...";"...";"...";"...";"...";"...";"...";"..."
"Acreúna";"Energia Elétrica - Consumo - Total (Mwh)";"56.668";"57.736";"56.388";"44.314";"44.185";"45.416";"44.380";"46.998";"47.826";"47.848";"42.562";"40.192";"39.863";"47.896";"43.595";"47.390";"46.036";"46.841";"49.898";"56.599";"51.987"
"Acreúna";"Energia Elétrica de Consumo Próprio - Consumidores (número)";"1";"1";"1";"1";" 1 ";"1";"1";"1";"1";"1";"1";"1";"1";"1";"1";"1";"1";"7";"7";"7";"7"
"Acreúna";"Energia Elétrica de Consumo Próprio - Consumo (Mwh)";"6";"9";"11";"9";" 13 ";"12";"12";"9";"12";"12";"7";"3";"2";"114";"71";"84";"75";"107";"68";"69";"104"
"Acreúna";"Energia Elétrica na Iluminação Pública - Consumidores (número)";"2";"2";"2";"2";" 2 ";"2";"2";"2";"2";"2";"2";"2";"2";"2";"2";"1";"1";"1";"1";"1";"1"
"Acreúna";"Energia Elétrica no Setor Comercial - Consumidores (número)";"613";"613";"615";"604";" 609 ";"603";"592";"595";"590";"592";"575";"556";"533";"542";"512";"521";"523";"574";"587";"605";"625"
"Acreúna";"Energia Elétrica no Setor Comercial - Consumo (Mwh)";"4.848";"4.939";"4.844";"4.957";"5.022";"5.288";"5.874";"6.120";"6.484";"6.402";"6.243";"5.892";"6.103";"6.075";"6.635";"6.158";"6.312";"9.314";"7.563";"7.923";"7.708"
"Acreúna";"Energia Elétrica no Setor Industrial - Consumidores (número)";"61";"57";"53";"48";" 44 ";"36";"40";"54";"47";"51";"38";"34";"31";"29";"27";"26";"22";"23";"23";"24";"24"
"Acreúna";"Energia Elétrica no Setor Industrial - Consumo (Mwh)";"32.375";"35.189";"31.688";"18.724";"16.913";"14.467";"13.166";"13.611";"14.969";"12.933";"8.440";"5.348";"5.066";"12.526";"6.756";"9.249";"5.957";"5.412";"6.535";"7.287";"-158"
"Acreúna";"Energia Elétrica Rural - Consumidores (número)";"474";"460";"481";"479";" 487 ";"488";"496";"504";"504";"502";"508";"500";"474";"513";"516";"522";"537";"537";"563";"569";"583"
"Acreúna";"Energia Elétrica Rural - Consumo (Mwh)";"5.928";"4.429";"6.330";"6.666";"7.295";"9.945";"9.243";"9.570";"8.185";"8.412";"7.475";"8.905";"8.932";"8.095";"7.936";"10.440";"10.808";"8.730";"10.262";"12.551";"14.922"
"Adelândia";"Energia Elétrica - Consumidores - Total (número)";"927";"948";"987";"1.004";" 1.022 ";"1.049";"1.048";"1.068";"1.092";"1.108";"1.127";"1.137";"1.141";"1.171";"1.130";"1.161";"1.186";"1.270";"1.270";"1.278";"1.301"
"Adelândia";"Capacidade Instalada de Energia - Total (MW)";"...";"...";"...";"...";"...";"...";"...";"...";"...";"...";"...";"...";"...";"...";"...";"...";"...";"...";"...";"...";"..."
"Adelândia";"Energia Elétrica - Consumo - Total (Mwh)";"2.036";"2.157";"2.229";"2.393";"2.816";"3.176";"3.343";"3.991";"4.776";"4.868";"4.849";"4.239";"3.599";"4.809";"4.111";"4.031";"3.507";"4.181";"4.278";"4.338";"4.449"
"Adelândia";"Energia Elétrica de Consumo Próprio - Consumidores (número)";"2";"2";"2";"1";" 1 ";"1";"1";"1";"1";"1";"1";"1";"1";"1";"1";"1";"1";"3";"3";"3";"3"
"Adelândia";"Energia Elétrica de Consumo Próprio - Consumo (Mwh)";"2";"1";"1";"1";" -   ";"2";"0";"1";"-";"-";"1";"1";"1";"4";"1";"1";"1";"11";"5";"5";"5"
"Adelândia";"Energia Elétrica na Iluminação Pública - Consumidores (número)";"1";"1";"1";"1";" 1 ";"1";"1";"1";"1";"1";"1";"1";"1";"3";"1";"1";"1";"1";"1";"1";"1"
"Adelândia";"Energia Elétrica no Setor Comercial - Consumidores (número)";"45";"44";"46";"51";" 65 ";"69";"73";"75";"79";"81";"76";"74";"73";"70";"72";"71";"72";"69";"68";"66";"70"
"Adelândia";"Energia Elétrica no Setor Comercial - Consumo (Mwh)";"110";"110";"124";"156";"241";"355";"411";"398";"404";"431";"355";"316";"295";"322";"303";"346";"454";"329";"338";"325";"321"
"Adelândia";"Energia Elétrica no Setor Industrial - Consumidores (número)";"12";"11";"11";"11";" 6 ";"6";"8";"8";"8";"9";"9";"8";"8";"9";"5";"5";"5";"5";"5";"5";"5"
"Adelândia";"Energia Elétrica no Setor Industrial - Consumo (Mwh)";"346";"446";"426";"491";"793";"864";"938";"1.476";"2.153";"2.131";"2.010";"1.431";"774";"1.895";"1.126";"891";"170";"943";"757";"742";"769"
"Adelândia";"Energia Elétrica Rural - Consumidores (número)";"140";"140";"157";"159";" 161 ";"164";"163";"164";"165";"165";"168";"167";"170";"176";"166";"165";"168";"218";"215";"214";"198"
"Adelândia";"Energia Elétrica Rural - Consumo (Mwh)";"437";"377";"381";"356";"365";"468";"485";"499";"500";"532";"591";"574";"576";"573";"583";"670";"625";"691";"904";"837";"821"
"Água Fria de Goiás";"Energia Elétrica - Consumidores - Total (número)";"1.636";"1.722";"1.853";"1.905";" 2.009 ";"2.071";"2.119";"2.178";"2.223";"2.307";"2.333";"2.350";"1.819";"2.477";"2.509";"2.549";"2.617";"2.868";"2.827";"2.875";"2.919"
"Água Fria de Goiás";"Capacidade Instalada de Energia - Total (MW)";"...";"...";"...";"...";"...";"...";"...";"...";"...";"...";"...";"...";"...";"...";"...";"...";"...";"...";"...";"...";"..."
"Água Fria de Goiás";"Energia Elétrica - Consumo - Total (Mwh)";"17.577";"17.287";"22.170";"20.089";"15.369";"20.678";"20.862";"24.104";"24.941";"22.431";"24.426";"30.097";"26.552";"26.484";"33.861";"34.888";"35.230";"37.954";"42.475";"39.990";"49.877"
"Água Fria de Goiás";"Energia Elétrica de Consumo Próprio - Consumidores (número)";"1";"1";"1";"-";" -   ";"-";"-";"-";"-";"-";"-";"-";"-";"";"0";" - ";"";"0";"0";"-";"-"
"Água Fria de Goiás";"Energia Elétrica de Consumo Próprio - Consumo (Mwh)";"-";"-";"1";"-";" -   ";"-";"-";"-";"-";"-";"-";"0";"-";"0";" - ";"-";"0";"0";"0";"0";"-"
"Água Fria de Goiás";"Energia Elétrica na Iluminação Pública - Consumidores (número)";"2";"2";"2";"2";" 2 ";"2";"3";"3";"2";"2";"2";"2";"2";"2";"2";"1";"1";"1";"2";"1";"1"
"Água Fria de Goiás";"Energia Elétrica no Setor Comercial - Consumidores (número)";"61";"60";"61";"64";" 109 ";"110";"106";"106";"108";"108";"103";"102";"78";"98";"99";"95";"95";"101";"104";"99";"94"
"Água Fria de Goiás";"Energia Elétrica no Setor Comercial - Consumo (Mwh)";"481";"399";"470";"543";"470";"482";"486";"453";"797";"540";"556";"580";"592";"802";"890";"821";"752";"2.279";"1.913";"1.871";"1.304"
"Água Fria de Goiás";"Energia Elétrica no Setor Industrial - Consumidores (número)";"6";"4";"3";"3";" 2 ";"2";"2";"2";"2";"2";"2";"2";"2";"2";"2";"2";"2";"2";"2";"2";"2"
"Água Fria de Goiás";"Energia Elétrica no Setor Industrial - Consumo (Mwh)";"36";"31";"25";"20";"12";"5";"0";"5";"4";"2";"4";"4";"4";"5";"5";"4";"5";"4";"6";"8";"8"
"Água Fria de Goiás";"Energia Elétrica Rural - Consumidores (número)";"631";"667";"765";"778";" 852 ";"863";"871";"891";"909";"932";"939";"941";"723";"985";"989";"1.003";"1.030";"1.166";"1076";"1.087";"1.096"
"Água Fria de Goiás";"Energia Elétrica Rural - Consumo (Mwh)";"15.446";"15.285";"19.988";"17.927";"13.241";"18.406";"18.400";"21.593";"22.031";"19.607";"21.704";"27.342";"24.131";"23.161";"30.402";"31.413";"31.704";"32.725";"37.013";"34.466";"44.758"
"Água Limpa";"Energia Elétrica - Consumidores - Total (número)";"894";"912";"943";"972";" 992 ";"998";"1.004";"1.016";"1.032";"694";"1.048";"1.058";"1.064";"1.155";"1.077";"1.090";"1.090";"1.126";"1.121";"1.121";"1.146"
"Água Limpa";"Capacidade Instalada de Energia - Total (MW)";"...";"...";"...";"...";"...";"...";"...";"...";"...";"...";"...";"...";"...";"...";"...";"...";"...";"...";"...";"...";"..."
"Água Limpa";"Energia Elétrica - Consumo - Total (Mwh)";"2.232";"2.269";"2.393";"2.404";"2.420";"2.454";"2.429";"2.536";"2.667";"2.636";"2.707";"2.737";"2.772";"2.883";"2.975";"3.171";"3.322";"3.307";"3.495";"3.747";"3.985"
"Água Limpa";"Energia Elétrica de Consumo Próprio - Consumidores (número)";"-";"-";"-";"-";" -   ";"-";"-";"-";"-";"-";"-";"-";"-";"1";"1";"1";"1";"3";"3";"3";"3"
"Água Limpa";"Energia Elétrica de Consumo Próprio - Consumo (Mwh)";"-";"-";"-";"-";" -   ";"-";"-";"-";"-";"-";"-";"0";"-";"28";"-3";"1";"1";"11";"5";"5";"5"
"Água Limpa";"Energia Elétrica na Iluminação Pública - Consumidores (número)";"1";"1";"1";"1";" 1 ";"1";"1";"1";"1";"1";"1";"1";"1";"3";"1";"1";"1";"1";"1";"1";"1"
"Água Limpa";"Energia Elétrica no Setor Comercial - Consumidores (número)";"38";"37";"39";"39";" 69 ";"70";"71";"71";"70";"22";"69";"68";"69";"70";"67";"65";"65";"70";"66";"69";"63"
"Água Limpa";"Energia Elétrica no Setor Comercial - Consumo (Mwh)";"115";"125";"140";"146";"190";"218";"234";"268";"253";"250";"261";"244";"285";"332";"364";"367";"533";"620";"618";"733";"749"
"Água Limpa";"Energia Elétrica no Setor Industrial - Consumidores (número)";"7";"7";"6";"6";" 4 ";"4";"3";"3";"3";"3";"3";"3";"3";"3";"3";"3";"2";"2";"2";"2";"2"
"Água Limpa";"Energia Elétrica no Setor Industrial - Consumo (Mwh)";"54";"49";"45";"52";"48";"60";"62";"65";"68";"69";"66";"64";"58";"58";"76";"75";"84";"67";"72";"75";"74"
"Água Limpa";"Energia Elétrica Rural - Consumidores (número)";"180";"183";"206";"208";" 217 ";"215";"214";"212";"213";"209";"213";"212";"212";"218";"218";"219";"225";"235";"227";"222";"220"
"Água Limpa";"Energia Elétrica Rural - Consumo (Mwh)";"633";"623";"655";"662";"639";"726";"711";"704";"781";"716";"737";"750";"771";"842";"843";"911";"884";"833";"905";"893";"867"
"Águas Lindas de Goiás";"Energia Elétrica - Consumidores - Total (número)";"35.410";"36.529";"38.106";"40.596";" 42.593 ";"46.404";"51.835";"57.329";"61.955";"65.732";"69.873";"69.593";"70.202";"77.341";"73.892";"78.782";"82.565";"84.993";"90.776";"95.064";"101.324"
"Águas Lindas de Goiás";"Capacidade Instalada de Energia - Total (MW)";"...";"...";"...";"...";"...";"...";"...";"...";"...";"...";"...";"...";"...";"...";"...";"...";"...";"...";"...";"...";"..."
"Águas Lindas de Goiás";"Energia Elétrica - Consumo - Total (Mwh)";"64.446";"66.769";"69.306";"77.542";"80.463";"86.248";"95.482";"108.510";"118.911";"127.336";"133.726";"132.781";"130.673";"144.140";"155.784";"163.637";"174.038";"177.543";"194.349";"215.356";"232.526"
"Águas Lindas de Goiás";"Energia Elétrica de Consumo Próprio - Consumidores (número)";"1";"1";"1";"1";" 1 ";"1";"1";"1";"1";"1";"1";"1";"1";"2";"2";"2";"2";"15";"13";"15";"14"
"Águas Lindas de Goiás";"Energia Elétrica de Consumo Próprio - Consumo (Mwh)";"10";"9";"9";"11";" 17 ";"18";"20";"19";"20";"23";"38";"51";"49";"54";"34";"26";"25";"267";"116";"122";"161"
"Águas Lindas de Goiás";"Energia Elétrica na Iluminação Pública - Consumidores (número)";"1";"1";"1";"1";" 1 ";"1";"2";"2";"2";"2";"2";"2";"2";"2";"2";"1";"1";"1";"1";"6";"6"
"Águas Lindas de Goiás";"Energia Elétrica no Setor Comercial - Consumidores (número)";"802";"749";"733";"939";" 1.745 ";"1.892";"2.308";"2.502";"2.540";"2.520";"2.515";"2.334";"2.244";"2.252";"2.017";"2.003";"1.940";"1.871";"1.868";"1.835";"1.845"
"Águas Lindas de Goiás";"Energia Elétrica no Setor Comercial - Consumo (Mwh)";"5.714";"5.863";"6.101";"6.843";"8.458";"10.525";"11.761";"15.312";"18.683";"19.314";"19.365";"18.989";"17.064";"19.016";"19.219";"18.068";"19.762";"20.749";"22.228";"23.609";"24.881"
"Águas Lindas de Goiás";"Energia Elétrica no Setor Industrial - Consumidores (número)";"71";"62";"52";"52";" 41 ";"38";"43";"48";"46";"46";"44";"41";"35";"35";"26";"26";"25";"26";"25";"26";"26"
"Águas Lindas de Goiás";"Energia Elétrica no Setor Industrial - Consumo (Mwh)";"952";"1.091";"1.179";"1.661";"1.580";"2.047";"2.345";"3.057";"2.547";"2.223";"1.532";"1.922";"683";"1.516";"1.493";"1.474";"1.463";"1.578";"1.593";"1.795";"2.333"
"Águas Lindas de Goiás";"Energia Elétrica Rural - Consumidores (número)";"189";"196";"205";"257";" 241 ";"254";"267";"278";"288";"295";"299";"303";"269";"352";"332";"378";"438";"524";"499";"488";"509"
"Águas Lindas de Goiás";"Energia Elétrica Rural - Consumo (Mwh)";"700";"664";"745";"635";"716";"753";"850";"941";"1.039";"1.025";"1.001";"960";"817";"1.033";"1.064";"1.256";"1.352";"1.402";"1.397";"1.624";"1.716"
"Alexânia";"Energia Elétrica - Consumidores - Total (número)";"7.685";"7.981";"8.316";"8.596";" 8.919 ";"9.317";"9.810";"10.459";"10.752";"10.922";"11.328";"11.601";"10.772";"12.834";"13.176";"13.992";"14.689";"15.932";"16.690";"17.514";"18.394"
"Alexânia";"Capacidade Instalada de Energia - Total (MW)";"...";"...";"...";"...";"...";"...";"...";"...";"...";"...";"...";"...";"...";"...";"...";"...";"...";"...";"...";"...";"..."
"Alexânia";"Energia Elétrica - Consumo - Total (Mwh)";"35.587";"37.714";"39.371";"39.076";"40.497";"42.818";"42.705";"48.066";"34.539";"56.489";"54.223";"54.129";"58.628";"65.544";"68.882";"66.256";"70.827";"77.306";"80.409";"84.082";"86.580"
"Alexânia";"Energia Elétrica de Consumo Próprio - Consumidores (número)";"2";"1";"1";"1";" 1 ";"1";"1";"2";"2";"2";"2";"2";"2";"10";"6";"6";"6";"16";"16";"15";"15"
"Alexânia";"Energia Elétrica de Consumo Próprio - Consumo (Mwh)";"4";"4";"3";"3";" 5 ";"4";"0";"6";"-";"2";"5";"5";"7";"84";"64";"48";"45";"222";"81";"83";"88"
"Alexânia";"Energia Elétrica na Iluminação Pública - Consumidores (número)";"6";"5";"5";"5";" 5 ";"5";"5";"5";"5";"5";"5";"5";"5";"5";"5";"1";"1";"1";"1";"1";"2"
"Alexânia";"Energia Elétrica no Setor Comercial - Consumidores (número)";"584";"760";"788";"792";" 803 ";"849";"881";"898";"878";"858";"865";"840";"798";"861";"841";"829";"814";"827";"820";"783";"781"
"Alexânia";"Energia Elétrica no Setor Comercial - Consumo (Mwh)";"2.965";"3.223";"3.464";"3.569";"3.687";"4.039";"4.194";"7.139";"10.755";"11.298";"11.006";"11.096";"12.076";"11.489";"12.423";"10.783";"15.729";"19.011";"20.220";"20.802";"22.093"
"Alexânia";"Energia Elétrica no Setor Industrial - Consumidores (número)";"73";"64";"64";"63";" 63 ";"58";"60";"61";"56";"53";"54";"49";"39";"46";"45";"44";"42";"42";"39";"39";"33"
"Alexânia";"Energia Elétrica no Setor Industrial - Consumo (Mwh)";"18.183";"19.424";"20.044";"19.352";"19.468";"20.014";"18.955";"19.506";"941";"20.663";"17.232";"16.508";"21.725";"25.568";"25.413";"22.124";"18.373";"18.634";"18.003";"17.259";"15.834"
"Alexânia";"Energia Elétrica Rural - Consumidores (número)";"748";"840";"860";"857";" 860 ";"863";"868";"929";"953";"983";"1.042";"1.080";"1.109";"1.205";"1.246";"1.340";"1.475";"1.688";"1624";"1.775";"1.902"
"Alexânia";"Energia Elétrica Rural - Consumo (Mwh)";"3.928";"4.003";"4.493";"4.217";"4.550";"4.810";"4.769";"5.112";"5.478";"6.008";"5.976";"6.228";"5.834";"6.518";"7.801";"9.569";"10.943";"9.375";"10.116";"10.944";"10.942"
"Aloândia";"Energia Elétrica - Consumidores - Total (número)";"1.005";"1.010";"1.032";"1.050";" 1.070 ";"1.082";"1.085";"1.100";"1.096";"1.106";"1.145";"1.144";"1.155";"1.194";"1.182";"1.191";"1.250";"1.272";"1.287";"1.310";"1.348"
"Aloândia";"Capacidade Instalada de Energia - Total (MW)";"...";"...";"...";"...";"...";"...";"...";"...";"...";"...";"...";"...";"...";"...";"...";"...";"...";"...";"...";"...";"..."
"Aloândia";"Energia Elétrica - Consumo - Total (Mwh)";"2.126";"2.154";"2.249";"2.250";"2.390";"2.497";"2.528";"2.783";"2.681";"2.858";"2.908";"2.934";"3.013";"3.126";"3.219";"3.358";"3.404";"3.430";"3.829";"3.857";"4.079"
"Aloândia";"Energia Elétrica de Consumo Próprio - Consumidores (número)";"1";"1";"1";"1";" 1 ";"-";"-";"-";"-";"-";"-";"-";"-";"1";"1";"1";"1";"3";"3";"3";"3"
"Aloândia";"Energia Elétrica de Consumo Próprio - Consumo (Mwh)";"1";"1";"1";"1";" 1 ";"0";"-";"-";"-";"-";"-";"0";"-";"1";"1";"1";"1";"23";"12";"12";"12"
"Aloândia";"Energia Elétrica na Iluminação Pública - Consumidores (número)";"1";"1";"1";"1";" 1 ";"1";"1";"1";"1";"1";"1";"1";"1";"1";"1";"1";"2";"1";"1";"1";"1"
"Aloândia";"Energia Elétrica no Setor Comercial - Consumidores (número)";"61";"59";"59";"60";" 87 ";"85";"85";"88";"87";"86";"93";"91";"90";"84";"78";"79";"79";"80";"79";"82";"80"
"Aloândia";"Energia Elétrica no Setor Comercial - Consumo (Mwh)";"265";"275";"286";"286";"354";"360";"349";"413";"407";"425";"487";"520";"548";"525";"538";"493";"449";"469";"486";"517";"522"
"Aloândia";"Energia Elétrica no Setor Industrial - Consumidores (número)";"8";"6";"6";"6";" 4 ";"5";"5";"5";"5";"5";"5";"4";"4";"14";"2";"2";"2";"2";"3";"2";"5"
"Aloândia";"Energia Elétrica no Setor Industrial - Consumo (Mwh)";"60";"45";"55";"22";"56";"90";"133";"163";"158";"142";"146";"123";"118";"107";"101";"74";"70";"55";"60";"51";"61"
"Aloândia";"Energia Elétrica Rural - Consumidores (número)";"173";"176";"190";"195";" 199 ";"202";"200";"200";"200";"199";"195";"194";"197";"216";"214";"220";"261";"272";"267";"280";"277"
"Aloândia";"Energia Elétrica Rural - Consumo (Mwh)";"460";"453";"513";"507";"549";"594";"585";"627";"541";"613";"612";"580";"590";"675";"682";"759";"722";"704";"870";"850";"999"
"Alto Horizonte";"Energia Elétrica - Consumidores - Total (número)";"922";"1.046";"1.094";"1.336";" 1.581 ";"1.706";"1.812";"1.955";"2.081";"2.164";"2.222";"2.230";"2.278";"2.439";"2.432";"2.527";"2.564";"2.651";"2.757";"2.860";"2.905"
"Alto Horizonte";"Capacidade Instalada de Energia - Total (MW)";"...";"...";"...";"...";"...";"...";"...";"...";"...";"...";"...";"...";"...";"...";"...";"...";"...";"...";"...";"...";"..."
"Alto Horizonte";"Energia Elétrica - Consumo - Total (Mwh)";"2.218";"3.727";"174.859";"221.518";"227.643";"264.764";"220.208";"258.770";"6.973";"7.726";"8.041";"8.542";"8.519";"8.395";"9.405";"9.061";"9.670";"10.499";"12.545";"14.480";"14.210"
"Alto Horizonte";"Energia Elétrica de Consumo Próprio - Consumidores (número)";"1";"1";"1";"1";" -   ";"-";"-";"-";"-";"-";"-";"-";"-";"";"0";" - ";"";"2";"2";"2";"2"
"Alto Horizonte";"Energia Elétrica de Consumo Próprio - Consumo (Mwh)";"3";"2";"2";"2";" 2 ";"-";"0";"-";"-";"-";"-";"0";"-";"0";" - ";"-";"0";"15";"6";"6";"6"
"Alto Horizonte";"Energia Elétrica na Iluminação Pública - Consumidores (número)";"1";"1";"1";"1";" 1 ";"1";"1";"1";"1";"1";"1";"1";"1";"3";"1";"1";"1";"1";"1";"1";"1"
"Alto Horizonte";"Energia Elétrica no Setor Comercial - Consumidores (número)";"67";"83";"85";"99";" 155 ";"168";"175";"179";"165";"166";"172";"169";"174";"181";"184";"190";"186";"183";"182";"185";"182"
"Alto Horizonte";"Energia Elétrica no Setor Comercial - Consumo (Mwh)";"275";"412";"408";"488";"693";"822";"859";"980";"983";"1.079";"1.069";"1.174";"1.105";"1.072";"1.306";"1.223";"1.235";"1.309";"1.542";"1.617";"1.608"
"Alto Horizonte";"Energia Elétrica no Setor Industrial - Consumidores (número)";"21";"20";"15";"13";" 7 ";"8";"10";"13";"13";"12";"10";"9";"10";"10";"8";"8";"8";"8";"8";"16";"8"
"Alto Horizonte";"Energia Elétrica no Setor Industrial - Consumo (Mwh)";"291";"1.332";"172.369";"218.541";"223.613";"260.134";"215.205";"253.224";"540";"435";"359";"323";"336";"293";"281";"199";"230";"254";"242";"289";"192"
"Alto Horizonte";"Energia Elétrica Rural - Consumidores (número)";"207";"214";"218";"250";" 249 ";"249";"245";"245";"239";"236";"237";"240";"241";"247";"261";"265";"269";"288";"287";"308";"291"
"Alto Horizonte";"Energia Elétrica Rural - Consumo (Mwh)";"432";"460";"536";"589";"644";"678";"603";"579";"708";"670";"614";"727";"719";"788";"845";"914";"962";"928";"976";"1.031";"1.083"
"Alto Paraíso de Goiás";"Energia Elétrica - Consumidores - Total (número)";"2.547";"2.629";"2.636";"2.678";" 2.700 ";"2.784";"2.828";"2.917";"3.115";"3.266";"3.434";"3.544";"3.087";"4.088";"4.272";"4.550";"4.964";"5.399";"5.525";"5.821";"5.997"
"Alto Paraíso de Goiás";"Capacidade Instalada de Energia - Total (MW)";"...";"...";"...";"...";"...";"...";"...";"...";"...";"...";"...";"...";"...";"...";"...";"...";"...";"...";"...";"...";"..."
"Alto Paraíso de Goiás";"Energia Elétrica - Consumo - Total (Mwh)";"6.634";"6.779";"7.208";"7.079";"7.485";"7.968";"8.029";"14.434";"18.700";"13.243";"14.952";"15.110";"14.419";"18.393";"19.611";"26.683";"24.698";"25.305";"28.281";"28.304";"29.521"
"Alto Paraíso de Goiás";"Energia Elétrica de Consumo Próprio - Consumidores (número)";"1";"2";"2";"2";" 2 ";"2";"2";"2";"2";"2";"2";"2";"1";"2";"2";"2";"2";"3";"3";"8";"4"
"Alto Paraíso de Goiás";"Energia Elétrica de Consumo Próprio - Consumo (Mwh)";"1";"4";"2";"3";" 5 ";"6";"4";"6";"6";"2";"2";"4";"3";"7";"2";"1";"1";"16";"7";"8";"10"
"Alto Paraíso de Goiás";"Energia Elétrica na Iluminação Pública - Consumidores (número)";"3";"3";"3";"3";" 3 ";"3";"3";"3";"3";"3";"3";"3";"3";"3";"3";"1";"1";"4";"4";"4";"4"
"Alto Paraíso de Goiás";"Energia Elétrica no Setor Comercial - Consumidores (número)";"346";"337";"313";"309";" 362 ";"375";"378";"383";"401";"435";"472";"474";"379";"484";"473";"470";"462";"455";"447";"433";"414"
"Alto Paraíso de Goiás";"Energia Elétrica no Setor Comercial - Consumo (Mwh)";"1.624";"1.645";"1.666";"1.627";"1.862";"2.066";"1.975";"2.176";"2.267";"2.466";"2.771";"3.055";"2.407";"3.286";"3.693";"3.125";"3.579";"3.735";"4.043";"4.116";"4.135"
"Alto Paraíso de Goiás";"Energia Elétrica no Setor Industrial - Consumidores (número)";"19";"17";"16";"16";" 13 ";"10";"10";"9";"9";"9";"9";"10";"9";"9";"9";"10";"10";"10";"9";"9";"9"
"Alto Paraíso de Goiás";"Energia Elétrica no Setor Industrial - Consumo (Mwh)";"42";"47";"49";"45";"28";"25";"24";"22";"13";"12";"15";"19";"17";"20";"23";"70";"93";"82";"91";"100";"98"
"Alto Paraíso de Goiás";"Energia Elétrica Rural - Consumidores (número)";"299";"318";"327";"337";" 367 ";"360";"364";"373";"481";"524";"522";"536";"377";"581";"598";"630";"670";"876";"824";"863";"875"
"Alto Paraíso de Goiás";"Energia Elétrica Rural - Consumo (Mwh)";"1.379";"1.312";"1.536";"1.334";"1.269";"1.443";"1.489";"7.311";"11.162";"5.310";"6.494";"6.086";"6.353";"8.061";"8.212";"15.503";"11.735";"11.502";"12.079";"11.233";"10.920"
"Alvorada do Norte";"Energia Elétrica - Consumidores - Total (número)";"2.697";"2.767";"2.842";"2.917";" 2.957 ";"3.055";"3.162";"3.275";"3.402";"3.443";"3.526";"3.536";"3.576";"3.756";"3.713";"3.816";"3.988";"4.099";"4.059";"4.116";"4.232"
"Alvorada do Norte";"Capacidade Instalada de Energia - Total (MW)";"...";"...";"...";"...";"...";"...";"...";"...";"...";"...";"...";"...";"...";"...";"...";"...";"...";"...";"...";"...";"..."
"Alvorada do Norte";"Energia Elétrica - Consumo - Total (Mwh)";"6.945";"6.807";"7.018";"7.090";"7.037";"7.840";"8.055";"8.978";"9.645";"9.613";"9.855";"10.353";"10.709";"11.510";"11.540";"10.771";"11.124";"11.476";"12.838";"13.581";"13.667"
"Alvorada do Norte";"Energia Elétrica de Consumo Próprio - Consumidores (número)";"1";"1";"1";"1";" 1 ";"1";"1";"1";"1";"1";"1";"1";"1";"2";"2";"2";"2";"7";"7";"7";"7"
"Alvorada do Norte";"Energia Elétrica de Consumo Próprio - Consumo (Mwh)";"4";"2";"2";"3";" 5 ";"4";"2";"10";"13";"11";"10";"12";"12";"110";"67";"42";"51";"98";"75";"40";"50"
"Alvorada do Norte";"Energia Elétrica na Iluminação Pública - Consumidores (número)";"1";"1";"1";"1";" 1 ";"1";"1";"1";"1";"1";"1";"1";"1";"1";"1";"1";"1";"1";"1";"2";"2"
"Alvorada do Norte";"Energia Elétrica no Setor Comercial - Consumidores (número)";"235";"264";"269";"262";" 355 ";"362";"341";"346";"353";"351";"355";"341";"343";"346";"338";"338";"339";"345";"324";"315";"311"
"Alvorada do Norte";"Energia Elétrica no Setor Comercial - Consumo (Mwh)";"1.402";"1.382";"1.576";"1.637";"1.719";"1.939";"1.920";"1.954";"1.984";"2.002";"1.937";"1.884";"1.920";"2.064";"2.133";"1.955";"2.039";"2.090";"2.323";"2.457";"2.351"
"Alvorada do Norte";"Energia Elétrica no Setor Industrial - Consumidores (número)";"22";"22";"19";"18";" 8 ";"7";"6";"5";"5";"4";"6";"7";"7";"7";"6";"6";"5";"5";"5";"5";"5"
"Alvorada do Norte";"Energia Elétrica no Setor Industrial - Consumo (Mwh)";"226";"191";"131";"131";"151";"172";"213";"274";"265";"239";"197";"225";"273";"264";"255";"269";"299";"330";"335";"293";"320"
"Alvorada do Norte";"Energia Elétrica Rural - Consumidores (número)";"302";"338";"364";"377";" 383 ";"395";"467";"482";"483";"485";"481";"487";"490";"515";"515";"517";"590";"685";"633";"608";"621"
"Alvorada do Norte";"Energia Elétrica Rural - Consumo (Mwh)";"1.180";"1.355";"1.309";"1.096";"1.166";"1.430";"1.501";"1.994";"2.317";"2.007";"2.018";"2.164";"2.338";"2.876";"2.994";"2.697";"2.726";"2.691";"2.877";"2.628";"2.453"
"Amaralina";"Energia Elétrica - Consumidores - Total (número)";"1.016";"1.082";"1.143";"1.204";" 1.297 ";"1.321";"1.239";"1.257";"1.281";"1.328";"1.339";"1.333";"1.201";"1.388";"1.403";"1.427";"1.652";"1.807";"1.728";"1.816";"1.785"
"Amaralina";"Capacidade Instalada de Energia - Total (MW)";"...";"...";"...";"...";"...";"...";"...";"...";"...";"...";"...";"...";"...";"...";"...";"...";"...";"...";"...";"...";"..."
"Amaralina";"Energia Elétrica - Consumo - Total (Mwh)";"1.854";"2.081";"2.159";"2.596";"2.486";"2.707";"2.681";"2.444";"2.365";"3.149";"3.152";"3.283";"2.918";"3.484";"3.687";"3.707";"3.951";"4.077";"4.856";"5.211";"5.519"
"Amaralina";"Energia Elétrica de Consumo Próprio - Consumidores (número)";"1";"1";"-";"-";" -   ";"-";"-";"-";"-";"-";"-";"-";"-";"";"0";" - ";"";"0";"0";"-";"-"
"Amaralina";"Energia Elétrica de Consumo Próprio - Consumo (Mwh)";"-";"-";"-";"-";" -   ";"-";"-";"-";"-";"-";"-";"0";"-";"0";" - ";"-";"0";"0";"0";"0";"-"
"Amaralina";"Energia Elétrica na Iluminação Pública - Consumidores (número)";"2";"2";"2";"2";" 2 ";"2";"2";"2";"2";"2";"2";"2";"2";"2";"2";"1";"1";"1";"1";"2";"1"
"Amaralina";"Energia Elétrica no Setor Comercial - Consumidores (número)";"53";"52";"50";"49";" 83 ";"89";"74";"75";"76";"77";"76";"63";"52";"64";"62";"62";"61";"61";"67";"65";"58"
"Amaralina";"Energia Elétrica no Setor Comercial - Consumo (Mwh)";"160";"153";"175";"191";"255";"334";"307";"262";"302";"313";"307";"250";"192";"213";"260";"218";"249";"248";"269";"306";"323"
"Amaralina";"Energia Elétrica no Setor Industrial - Consumidores (número)";"10";"10";"7";"7";" 3 ";"3";"1";"1";"1";"1";"1";"1";"1";"1";"1";"1";"1";"1";"1";"1";"1"
"Amaralina";"Energia Elétrica no Setor Industrial - Consumo (Mwh)";"34";"34";"23";"19";"11";"12";"11";"6";"8";"9";"5";"5";"4";"4";"4";"2";"2";"2";"2";"2";"2"
"Amaralina";"Energia Elétrica Rural - Consumidores (número)";"394";"439";"478";"517";" 585 ";"585";"586";"588";"589";"598";"595";"593";"589";"603";"604";"614";"811";"954";"842";"828";"779"
"Amaralina";"Energia Elétrica Rural - Consumo (Mwh)";"677";"865";"1.005";"1.270";"1.134";"1.261";"1.274";"1.083";"767";"1.577";"1.452";"1.595";"1.556";"1.714";"1.800";"1.892";"2.085";"2.037";"2.466";"2.520";"2.596"
"Americano do Brasil";"Energia Elétrica - Consumidores - Total (número)";"1.964";"2.052";"2.147";"2.230";" 2.280 ";"2.310";"2.326";"2.391";"2.440";"2.523";"2.527";"2.567";"2.600";"2.728";"2.688";"2.736";"2.770";"2.843";"2.859";"2.921";"2.966"
"Americano do Brasil";"Capacidade Instalada de Energia - Total (MW)";"...";"...";"...";"...";"...";"...";"...";"...";"...";"...";"...";"...";"...";"...";"...";"...";"...";"...";"...";"...";"..."
"Americano do Brasil";"Energia Elétrica - Consumo - Total (Mwh)";"3.356";"8.612";"27.469";"31.854";"30.967";"33.605";"32.878";"26.960";"24.054";"5.711";"5.528";"5.283";"5.506";"6.088";"6.300";"6.744";"6.773";"7.022";"7.267";"7.606";"7.861"
"Americano do Brasil";"Energia Elétrica de Consumo Próprio - Consumidores (número)";"2";"2";"2";"1";" 1 ";"1";"1";"1";"1";"1";"1";"1";"1";"1";"1";"1";"1";"3";"3";"3";"3"
"Americano do Brasil";"Energia Elétrica de Consumo Próprio - Consumo (Mwh)";"2";"1";"1";"-";" -   ";"1";"0";"1";"-";"-";"1";"0";"0";"3";"1";"1";"2";"24";"10";"59";"10"
"Americano do Brasil";"Energia Elétrica na Iluminação Pública - Consumidores (número)";"1";"1";"1";"1";" 1 ";"1";"1";"1";"1";"1";"1";"1";"1";"3";"1";"1";"1";"1";"1";"1";"1"
"Americano do Brasil";"Energia Elétrica no Setor Comercial - Consumidores (número)";"112";"108";"111";"127";" 166 ";"166";"159";"163";"163";"165";"163";"161";"161";"153";"142";"139";"132";"138";"138";"143";"146"
"Americano do Brasil";"Energia Elétrica no Setor Comercial - Consumo (Mwh)";"280";"286";"317";"441";"537";"518";"534";"556";"621";"674";"782";"727";"689";"745";"682";"630";"687";"683";"769";"835";"856"
"Americano do Brasil";"Energia Elétrica no Setor Industrial - Consumidores (número)";"22";"21";"21";"21";" 17 ";"16";"14";"15";"13";"12";"11";"11";"11";"11";"11";"12";"11";"11";"11";"10";"10"
"Americano do Brasil";"Energia Elétrica no Setor Industrial - Consumo (Mwh)";"149";"5.028";"23.280";"27.346";"26.432";"28.661";"27.908";"21.995";"18.788";"390";"108";"88";"91";"89";"84";"109";"268";"518";"319";"76";"39"
"Americano do Brasil";"Energia Elétrica Rural - Consumidores (número)";"232";"239";"256";"268";" 268 ";"252";"244";"244";"243";"246";"244";"248";"255";"262";"261";"273";"290";"306";"309";"311";"301"
"Americano do Brasil";"Energia Elétrica Rural - Consumo (Mwh)";"706";"730";"1.081";"1.189";"1.088";"1.298";"1.143";"881";"1.022";"957";"966";"841";"967";"1.243";"1.314";"1.639";"1.485";"1.375";"1.456";"1.630";"1.610"
"Amorinópolis";"Energia Elétrica - Consumidores - Total (número)";"1.526";"1.512";"1.532";"1.552";" 1.582 ";"1.627";"1.642";"1.639";"1.674";"1.690";"1.694";"1.674";"1.477";"1.744";"1.727";"1.772";"1.794";"1.869";"1.893";"1.895";"1.892"
"Amorinópolis";"Capacidade Instalada de Energia - Total (MW)";"...";"...";"...";"...";"...";"...";"...";"...";"...";"...";"...";"...";"...";"...";"...";"...";"...";"...";"...";"...";"..."
"Amorinópolis";"Energia Elétrica - Consumo - Total (Mwh)";"3.447";"3.482";"3.741";"3.783";"4.024";"4.408";"4.266";"4.657";"4.895";"4.306";"4.079";"4.015";"3.765";"4.335";"4.630";"4.816";"4.906";"4.937";"5.311";"6.129";"5.745"
"Amorinópolis";"Energia Elétrica de Consumo Próprio - Consumidores (número)";"2";"1";"1";"1";" 1 ";"1";"1";"1";"1";"1";"1";"1";"1";"1";"1";"1";"1";"5";"5";"3";"3"
"Amorinópolis";"Energia Elétrica de Consumo Próprio - Consumo (Mwh)";"3";"2";"1";"1";" 1 ";"1";"0";"1";"-";"-";"1";"1";"1";"4";"1";"2";"3";"19";"11";"12";"13"
"Amorinópolis";"Energia Elétrica na Iluminação Pública - Consumidores (número)";"3";"3";"3";"3";" 3 ";"3";"3";"3";"3";"3";"3";"3";"3";"3";"3";"1";"1";"1";"1";"1";"1"
"Amorinópolis";"Energia Elétrica no Setor Comercial - Consumidores (número)";"62";"61";"65";"68";" 82 ";"82";"84";"87";"89";"88";"85";"84";"71";"78";"71";"74";"73";"72";"68";"69";"70"
"Amorinópolis";"Energia Elétrica no Setor Comercial - Consumo (Mwh)";"178";"170";"187";"200";"211";"224";"239";"289";"373";"302";"328";"330";"302";"306";"372";"335";"349";"347";"321";"291";"267"
"Amorinópolis";"Energia Elétrica no Setor Industrial - Consumidores (número)";"13";"12";"11";"11";" 11 ";"11";"10";"10";"9";"9";"6";"5";"5";"5";"5";"4";"4";"5";"5";"5";"5"
"Amorinópolis";"Energia Elétrica no Setor Industrial - Consumo (Mwh)";"600";"910";"1.054";"1.066";"1.194";"1.349";"1.173";"1.285";"1.367";"551";"86";"9";"9";"10";"9";"8";"10";"41";"60";"79";"57"
"Amorinópolis";"Energia Elétrica Rural - Consumidores (número)";"290";"262";"264";"266";" 286 ";"320";"323";"325";"351";"355";"365";"370";"370";"380";"409";"424";"436";"472";"460";"455";"459"
"Amorinópolis";"Energia Elétrica Rural - Consumo (Mwh)";"776";"627";"649";"646";"689";"781";"789";"876";"824";"1.033";"1.112";"1.160";"1.227";"1.399";"1.562";"1.667";"1.646";"1.551";"1.645";"1.790";"1.765"
"Anápolis";"Energia Elétrica - Consumidores - Total (número)";"113.041";"116.775";"119.640";"124.862";" 129.213 ";"133.921";"140.260";"146.350";"151.883";"156.541";"160.921";"162.023";"163.923";"175.577";"173.892";"179.765";"183.770";"188.783";"191.792";"195.584";"199.621"
"Anápolis";"Capacidade Instalada de Energia - Total (MW)";"...";"...";"...";"...";"...";"...";"...";"...";"...";"...";"...";"...";"...";"...";"...";"...";"...";"...";"...";"...";"..."
"Anápolis";"Energia Elétrica - Consumo - Total (Mwh)";"456.570";"491.655";"549.563";"591.409";"632.023";"700.565";"751.430";"812.300";"851.757";"914.265";"925.796";"912.875";"952.749";"998.902";"1.007.765";"1.039.560";"1.038.416";"1.106.696";"1.172.306";"1.262.600";"1.292.728"
"Anápolis";"Energia Elétrica de Consumo Próprio - Consumidores (número)";"6";"7";"8";"8";" 8 ";"8";"8";"7";"7";"7";"8";"8";"8";"12";"12";"12";"9";"51";"49";"49";"49"
"Anápolis";"Energia Elétrica de Consumo Próprio - Consumo (Mwh)";"107";"129";"153";"162";" 191 ";"183";"175";"148";"133";"127";"134";"161";"144";"425";"357";"310";"311";"1.049";"578";"764";"1.005"
"Anápolis";"Energia Elétrica na Iluminação Pública - Consumidores (número)";"6";"6";"6";"6";" 6 ";"6";"6";"6";"6";"6";"6";"6";"6";"6";"6";"1";"1";"1";"1";"2";"2"
"Anápolis";"Energia Elétrica no Setor Comercial - Consumidores (número)";"9.776";"10.392";"12.397";"12.544";" 14.377 ";"14.682";"14.850";"14.993";"15.028";"14.976";"14.853";"14.119";"14.042";"14.233";"13.374";"13.274";"13.005";"13.076";"13.112";"12.838";"12.705"
"Anápolis";"Energia Elétrica no Setor Comercial - Consumo (Mwh)";"61.807";"65.617";"77.922";"85.396";"96.184";"104.936";"112.796";"121.388";"127.914";"134.164";"135.971";"132.889";"132.661";"134.561";"139.721";"126.365";"131.419";"139.308";"144.623";"153.425";"200.540"
"Anápolis";"Energia Elétrica no Setor Industrial - Consumidores (número)";"779";"748";"560";"551";" 552 ";"558";"553";"560";"563";"549";"543";"527";"520";"511";"485";"470";"459";"469";"459";"476";"450"
"Anápolis";"Energia Elétrica no Setor Industrial - Consumo (Mwh)";"164.394";"183.843";"220.914";"247.736";"266.187";"303.469";"332.208";"360.983";"378.059";"419.310";"431.525";"418.829";"455.450";"482.925";"474.487";"502.084";"485.829";"532.011";"559.541";"606.222";"568.537"
"Anápolis";"Energia Elétrica Rural - Consumidores (número)";"2.137";"2.264";"2.310";"2.400";" 2.431 ";"2.485";"2.385";"2.428";"2.467";"2.488";"2.531";"2.530";"2.546";"2.687";"2.623";"2.707";"2.885";"3.298";"3100";"3.152";"3.179"
"Anápolis";"Energia Elétrica Rural - Consumo (Mwh)";"13.536";"12.847";"14.131";"12.986";"12.597";"14.470";"13.072";"12.905";"14.974";"14.559";"13.757";"14.017";"14.003";"14.995";"14.530";"15.489";"16.015";"15.332";"16.071";"16.937";"17.833"
"Anhanguera";"Energia Elétrica - Consumidores - Total (número)";"428";"443";"458";"490";" 504 ";"514";"512";"512";"517";"549";"574";"573";"580";"603";"578";"593";"593";"593";"625";"631";"643"
"Anhanguera";"Capacidade Instalada de Energia - Total (MW)";"...";"...";"...";"...";"...";"...";"...";"...";"...";"...";"...";"...";"...";"...";"...";"...";"...";"...";"...";"...";"..."
"Anhanguera";"Energia Elétrica - Consumo - Total (Mwh)";"1.135";"1.348";"1.249";"1.203";"1.214";"1.575";"1.343";"1.433";"1.350";"1.549";"1.488";"1.405";"1.400";"1.454";"1.425";"1.461";"1.432";"1.394";"1.452";"1.528";"1.540"
"Anhanguera";"Energia Elétrica de Consumo Próprio - Consumidores (número)";"-";"-";"-";"-";" -   ";"-";"-";"-";"-";"-";"-";"-";"-";"";"0";" - ";"";"0";"0";"-";"-"
"Anhanguera";"Energia Elétrica de Consumo Próprio - Consumo (Mwh)";"-";"-";"-";"-";" -   ";"-";"-";"-";"-";"-";"-";"0";"-";"0";" - ";"-";"0";"0";"0";"0";"-"
"Anhanguera";"Energia Elétrica na Iluminação Pública - Consumidores (número)";"1";"1";"1";"1";" 1 ";"1";"1";"1";"1";"1";"1";"1";"1";"1";"1";"1";"1";"1";"1";"1";"1"
"Anhanguera";"Energia Elétrica no Setor Comercial - Consumidores (número)";"22";"22";"23";"23";" 39 ";"37";"36";"36";"33";"32";"32";"30";"30";"29";"30";"31";"27";"27";"28";"29";"28"
"Anhanguera";"Energia Elétrica no Setor Comercial - Consumo (Mwh)";"66";"67";"71";"56";"89";"94";"90";"95";"114";"117";"98";"90";"87";"85";"72";"105";"105";"105";"111";"114";"125"
"Anhanguera";"Energia Elétrica no Setor Industrial - Consumidores (número)";"4";"4";"4";"4";" 2 ";"2";"1";"2";"2";"2";"1";"1";"1";"1";"1";"1";"1";"1";"1";"1";"1"
"Anhanguera";"Energia Elétrica no Setor Industrial - Consumo (Mwh)";"186";"374";"239";"180";"45";"346";"126";"160";"118";"148";"66";"5";"3";"2";"6";"6";"12";"14";"7";"7";"3"
"Anhanguera";"Energia Elétrica Rural - Consumidores (número)";"27";"30";"30";"30";" 32 ";"32";"31";"28";"28";"28";"27";"26";"26";"26";"27";"28";"28";"28";"28";"28";"30"
"Anhanguera";"Energia Elétrica Rural - Consumo (Mwh)";"81";"83";"77";"75";"93";"101";"87";"93";"94";"108";"103";"99";"90";"108";"99";"106";"118";"107";"97";"104";"105"
"Anicuns";"Energia Elétrica - Consumidores - Total (número)";"6.753";"6.956";"7.218";"7.523";" 7.677 ";"7.833";"7.872";"8.009";"8.153";"8.260";"8.357";"8.394";"8.041";"8.990";"8.901";"9.085";"9.385";"9.760";"9.858";"9.972";"10.247"
"Anicuns";"Capacidade Instalada de Energia - Total (MW)";"...";"...";"...";"...";"...";"...";"...";"...";"...";"...";"...";"...";"...";"...";"...";"...";"...";"...";"...";"...";"..."
"Anicuns";"Energia Elétrica - Consumo - Total (Mwh)";"43.623";"50.493";"22.934";"24.445";"23.546";"25.188";"24.763";"25.989";"26.886";"30.195";"28.783";"27.521";"26.125";"27.659";"27.715";"28.366";"30.711";"32.849";"33.740";"36.071";"36.386"
"Anicuns";"Energia Elétrica de Consumo Próprio - Consumidores (número)";"1";"1";"1";"1";" 1 ";"1";"1";"1";"1";"1";"1";"1";"1";"2";"2";"2";"2";"7";"7";"7";"7"
"Anicuns";"Energia Elétrica de Consumo Próprio - Consumo (Mwh)";"3";"4";"4";"4";" 5 ";"6";"3";"6";"2";"9";"8";"7";"6";"44";"54";"41";"40";"93";"64";"70";"78"
"Anicuns";"Energia Elétrica na Iluminação Pública - Consumidores (número)";"6";"6";"6";"6";" 6 ";"6";"6";"6";"6";"7";"7";"7";"7";"7";"7";"1";"1";"1";"1";"2";"1"
"Anicuns";"Energia Elétrica no Setor Comercial - Consumidores (número)";"473";"474";"487";"511";" 599 ";"605";"605";"601";"608";"620";"633";"607";"564";"600";"584";"574";"581";"593";"593";"588";"625"
"Anicuns";"Energia Elétrica no Setor Comercial - Consumo (Mwh)";"1.835";"2.022";"2.176";"2.302";"2.567";"2.780";"2.959";"3.118";"3.104";"3.258";"3.759";"3.649";"3.274";"3.267";"3.390";"3.174";"3.372";"4.020";"3.574";"3.611";"3.778"
"Anicuns";"Energia Elétrica no Setor Industrial - Consumidores (número)";"76";"73";"67";"67";" 49 ";"47";"42";"42";"42";"41";"40";"39";"34";"38";"34";"34";"32";"35";"34";"34";"34"
"Anicuns";"Energia Elétrica no Setor Industrial - Consumo (Mwh)";"25.330";"33.854";"5.515";"6.515";"5.400";"5.121";"4.916";"5.176";"5.388";"6.379";"5.653";"5.003";"4.696";"4.746";"3.884";"3.568";"3.918";"5.486";"5.094";"5.511";"5.183"
"Anicuns";"Energia Elétrica Rural - Consumidores (número)";"957";"969";"979";"1.041";" 1.039 ";"1.047";"1.056";"1.078";"1.094";"1.108";"1.121";"1.138";"1.039";"1.208";"1.218";"1.249";"1.348";"1.558";"1534";"1.551";"1.583"
"Anicuns";"Energia Elétrica Rural - Consumo (Mwh)";"6.286";"4.332";"4.355";"4.497";"4.279";"5.356";"4.807";"4.740";"5.012";"6.727";"4.933";"4.761";"4.408";"4.976";"5.114";"5.873";"6.650";"6.673";"6.804";"6.295";"6.265"
"Aparecida de Goiânia";"Energia Elétrica - Consumidores - Total (número)";"130.807";"136.308";"142.234";"147.451";" 154.531 ";"162.927";"171.395";"177.106";"185.185";"191.322";"195.719";"196.583";"199.957";"213.888";"212.173";"218.591";"222.541";"227.955";"233.209";"239.410";"245.090"
"Aparecida de Goiânia";"Capacidade Instalada de Energia - Total (MW)";"...";"...";"...";"...";"...";"...";"...";"...";"...";"...";"...";"...";"...";"...";"...";"...";"...";"...";"...";"...";"..."
"Aparecida de Goiânia";"Energia Elétrica - Consumo - Total (Mwh)";"295.306";"317.673";"342.685";"403.879";"448.257";"519.549";"549.451";"601.070";"631.365";"686.510";"673.905";"668.842";"696.359";"704.910";"736.914";"751.876";"770.209";"805.537";"876.392";"961.706";"1.007.031"
"Aparecida de Goiânia";"Energia Elétrica de Consumo Próprio - Consumidores (número)";"1";"1";"1";"1";" 1 ";"1";"1";"1";"2";"1";"1";"1";"1";"4";"4";"5";"4";"43";"43";"43";"43"
"Aparecida de Goiânia";"Energia Elétrica de Consumo Próprio - Consumo (Mwh)";"17";"20";"19";"16";" 17 ";"15";"13";"10";"12";"19";"13";"13";"12";"592";"400";"448";"445";"1.239";"741";"789";"772"
"Aparecida de Goiânia";"Energia Elétrica na Iluminação Pública - Consumidores (número)";"1";"1";"1";"1";" 1 ";"1";"1";"1";"1";"2";"2";"2";"2";"1";"1";"1";"1";"1";"1";"1";"1"
"Aparecida de Goiânia";"Energia Elétrica no Setor Comercial - Consumidores (número)";"7.075";"7.842";"8.889";"9.289";" 11.352 ";"11.736";"12.246";"12.340";"12.276";"12.020";"11.752";"11.182";"11.145";"11.375";"10.953";"10.977";"10.848";"10.752";"10.501";"10.342";"10.387"
"Aparecida de Goiânia";"Energia Elétrica no Setor Comercial - Consumo (Mwh)";"38.816";"44.045";"51.030";"77.204";"94.139";"110.124";"121.482";"139.725";"141.626";"154.456";"151.504";"146.546";"153.188";"155.117";"164.128";"153.282";"162.022";"175.450";"191.758";"208.979";"212.046"
"Aparecida de Goiânia";"Energia Elétrica no Setor Industrial - Consumidores (número)";"974";"928";"872";"900";" 902 ";"905";"901";"900";"893";"876";"857";"813";"804";"805";"759";"742";"737";"728";"723";"715";"712"
"Aparecida de Goiânia";"Energia Elétrica no Setor Industrial - Consumo (Mwh)";"53.420";"57.325";"62.951";"82.251";"90.355";"108.725";"110.712";"118.510";"126.159";"143.061";"125.534";"125.545";"136.869";"124.695";"123.341";"126.914";"122.017";"132.050";"132.318";"143.755";"148.897"
"Aparecida de Goiânia";"Energia Elétrica Rural - Consumidores (número)";"153";"149";"153";"158";" 156 ";"159";"164";"145";"148";"151";"146";"144";"146";"154";"145";"157";"172";"175";"187";"185";"185"
"Aparecida de Goiânia";"Energia Elétrica Rural - Consumo (Mwh)";"845";"824";"921";"920";"921";"1.097";"1.016";"964";"926";"959";"944";"877";"858";"1.041";"1.067";"1.041";"910";"750";"1.015";"1.029";"1.077"
"Aparecida do Rio Doce";"Energia Elétrica - Consumidores - Total (número)";"1.003";"1.031";"1.071";"1.105";" 1.125 ";"1.109";"1.117";"1.146";"1.220";"1.249";"1.246";"1.330";"1.236";"1.369";"1.332";"1.375";"1.393";"1.443";"1.501";"1.515";"1.519"
"Aparecida do Rio Doce";"Capacidade Instalada de Energia - Total (MW)";"...";"...";"...";"...";"...";"...";"...";"...";"...";"...";"...";"...";"...";"...";"...";"...";"...";"...";"...";"...";"..."
"Aparecida do Rio Doce";"Energia Elétrica - Consumo - Total (Mwh)";"4.259";"4.199";"5.258";"4.690";"4.432";"4.602";"4.380";"5.220";"5.631";"6.158";"6.390";"5.787";"6.278";"6.560";"6.317";"6.629";"6.593";"7.090";"7.143";"7.537";"8.340"
"Aparecida do Rio Doce";"Energia Elétrica de Consumo Próprio - Consumidores (número)";"2";"2";"2";"2";" 2 ";"2";"2";"1";"1";"1";"1";"1";"1";"1";"1";"1";"1";"3";"3";"3";"3"
"Aparecida do Rio Doce";"Energia Elétrica de Consumo Próprio - Consumo (Mwh)";"2";"2";"2";"3";" 3 ";"1";"0";"1";"-";"-";"0";"0";"0";"3";"2";"1";"2";"9";"5";"5";"5"
"Aparecida do Rio Doce";"Energia Elétrica na Iluminação Pública - Consumidores (número)";"1";"1";"1";"1";" 1 ";"1";"1";"1";"1";"1";"1";"1";"1";"1";"1";"1";"1";"1";"1";"1";"1"
"Aparecida do Rio Doce";"Energia Elétrica no Setor Comercial - Consumidores (número)";"92";"101";"111";"126";" 131 ";"136";"136";"140";"139";"139";"136";"134";"122";"131";"122";"124";"124";"129";"134";"132";"127"
"Aparecida do Rio Doce";"Energia Elétrica no Setor Comercial - Consumo (Mwh)";"341";"388";"1.188";"881";"490";"534";"545";"612";"629";"644";"611";"628";"640";"707";"704";"675";"675";"1.371";"1.092";"1.061";"996"
"Aparecida do Rio Doce";"Energia Elétrica no Setor Industrial - Consumidores (número)";"10";"10";"6";"5";" 5 ";"5";"5";"5";"6";"5";"5";"5";"5";"5";"5";"5";"5";"5";"5";"5";"5"
"Aparecida do Rio Doce";"Energia Elétrica no Setor Industrial - Consumo (Mwh)";"204";"192";"198";"181";"104";"98";"91";"94";"87";"67";"24";"27";"32";"32";"26";"44";"25";"23";"21";"25";"22"
"Aparecida do Rio Doce";"Energia Elétrica Rural - Consumidores (número)";"174";"179";"197";"196";" 197 ";"163";"163";"167";"176";"184";"185";"185";"185";"188";"192";"200";"206";"223";"216";"215";"214"
"Aparecida do Rio Doce";"Energia Elétrica Rural - Consumo (Mwh)";"2.281";"2.147";"2.331";"2.052";"2.229";"2.360";"2.131";"2.767";"3.094";"3.482";"3.774";"3.171";"3.602";"3.585";"3.300";"3.515";"3.308";"3.119";"3.136";"3.122";"3.878"
"Aporé";"Energia Elétrica - Consumidores - Total (número)";"1.302";"1.328";"1.376";"1.413";" 1.434 ";"1.472";"1.606";"1.651";"1.694";"1.715";"1.744";"1.794";"1.759";"1.912";"1.889";"1.930";"1.974";"2.062";"2.141";"2.172";"2.245"
"Aporé";"Capacidade Instalada de Energia - Total (MW)";"...";"...";"...";"...";"...";"...";"...";"...";"...";"...";"...";"...";"...";"...";"...";"...";"...";"...";"...";"...";"..."
"Aporé";"Energia Elétrica - Consumo - Total (Mwh)";"7.477";"5.032";"5.505";"7.494";"7.972";"5.033";"7.955";"6.764";"7.115";"7.389";"7.738";"7.818";"8.757";"9.436";"8.327";"9.754";"9.291";"9.494";"10.790";"12.081";"12.405"
"Aporé";"Energia Elétrica de Consumo Próprio - Consumidores (número)";"1";"1";"1";"1";" 1 ";"1";"-";"-";"-";"-";"-";"-";"-";"2";"2";"2";"2";"6";"6";"7";"7"
"Aporé";"Energia Elétrica de Consumo Próprio - Consumo (Mwh)";"-";"1";"1";"1";" 1 ";"1";"0";"-";"-";"-";"-";"0";"-";"1";"1";"1";"2";"19";"9";"12";"10"
"Aporé";"Energia Elétrica na Iluminação Pública - Consumidores (número)";"1";"1";"1";"1";" 1 ";"2";"2";"2";"2";"2";"2";"2";"2";"6";"2";"1";"1";"1";"1";"1";"1"
"Aporé";"Energia Elétrica no Setor Comercial - Consumidores (número)";"91";"101";"120";"129";" 142 ";"143";"151";"156";"159";"160";"159";"147";"135";"134";"130";"131";"126";"123";"125";"122";"130"
"Aporé";"Energia Elétrica no Setor Comercial - Consumo (Mwh)";"3.749";"1.510";"1.865";"2.535";"3.681";"799";"921";"982";"908";"897";"911";"858";"735";"758";"718";"733";"759";"1.071";"1.063";"1.254";"1.208"
"Aporé";"Energia Elétrica no Setor Industrial - Consumidores (número)";"8";"6";"6";"6";" 7 ";"8";"8";"8";"8";"8";"9";"8";"8";"7";"6";"6";"5";"4";"4";"4";"4"
"Aporé";"Energia Elétrica no Setor Industrial - Consumo (Mwh)";"151";"121";"56";"1.313";"651";"290";"2.687";"933";"1.164";"1.085";"1.463";"1.524";"1.951";"2.067";"1.902";"1.617";"1.762";"2.048";"2.158";"2.427";"2.427"
"Aporé";"Energia Elétrica Rural - Consumidores (número)";"340";"347";"352";"350";" 350 ";"351";"353";"354";"361";"368";"385";"394";"398";"401";"403";"403";"415";"425";"427";"417";"426"
"Aporé";"Energia Elétrica Rural - Consumo (Mwh)";"1.754";"1.666";"1.730";"1.648";"1.606";"1.765";"2.005";"2.110";"2.122";"2.387";"2.392";"2.342";"2.909";"3.196";"2.139";"3.674";"3.395";"2.681";"3.409";"3.518";"3.633"
"Araçu";"Energia Elétrica - Consumidores - Total (número)";"1.636";"1.654";"1.697";"1.725";" 1.743 ";"1.765";"1.792";"1.841";"1.877";"1.890";"1.980";"1.985";"2.002";"2.053";"2.016";"2.065";"2.080";"2.115";"2.120";"2.158";"2.166"
"Araçu";"Capacidade Instalada de Energia - Total (MW)";"...";"...";"...";"...";"...";"...";"...";"...";"...";"...";"...";"...";"...";"...";"...";"...";"...";"...";"...";"...";"..."
"Araçu";"Energia Elétrica - Consumo - Total (Mwh)";"3.662";"3.535";"3.642";"3.812";"3.922";"4.097";"4.063";"4.317";"4.267";"4.560";"4.549";"4.606";"4.551";"4.949";"4.889";"5.191";"5.794";"5.372";"5.658";"5.935";"6.141"
"Araçu";"Energia Elétrica de Consumo Próprio - Consumidores (número)";"2";"2";"2";"2";" 2 ";"2";"2";"2";"2";"2";"2";"2";"2";"2";"2";"2";"2";"4";"3";"3";"2"
"Araçu";"Energia Elétrica de Consumo Próprio - Consumo (Mwh)";"7";"4";"10";"11";" 6 ";"14";"12";"12";"12";"6";"5";"10";"12";"23";"10";"4";"3";"19";"8";"8";"7"
"Araçu";"Energia Elétrica na Iluminação Pública - Consumidores (número)";"1";"1";"1";"1";" 1 ";"1";"1";"1";"1";"1";"1";"1";"1";"1";"1";"1";"1";"1";"1";"1";"1"
"Araçu";"Energia Elétrica no Setor Comercial - Consumidores (número)";"88";"88";"95";"96";" 112 ";"121";"120";"122";"124";"123";"127";"120";"116";"111";"106";"103";"103";"107";"107";"108";"109"
"Araçu";"Energia Elétrica no Setor Comercial - Consumo (Mwh)";"312";"294";"311";"342";"382";"435";"470";"483";"547";"633";"580";"546";"490";"638";"555";"492";"537";"551";"577";"630";"516"
"Araçu";"Energia Elétrica no Setor Industrial - Consumidores (número)";"14";"15";"16";"16";" 12 ";"12";"12";"12";"11";"11";"10";"10";"10";"9";"8";"9";"8";"9";"8";"9";"9"
"Araçu";"Energia Elétrica no Setor Industrial - Consumo (Mwh)";"128";"84";"67";"64";"51";"52";"64";"78";"90";"103";"76";"64";"60";"61";"52";"53";"47";"39";"39";"40";"40"
"Araçu";"Energia Elétrica Rural - Consumidores (número)";"282";"282";"291";"290";" 291 ";"290";"294";"295";"302";"298";"297";"293";"295";"295";"283";"307";"313";"326";"305";"315";"314"
"Araçu";"Energia Elétrica Rural - Consumo (Mwh)";"1.095";"1.119";"1.242";"1.258";"1.212";"1.235";"1.204";"1.266";"1.120";"1.211";"1.267";"1.284";"1.220";"1.321";"1.288";"1.547";"1.624";"1.532";"1.537";"1.548";"1.509"
"Aragarças";"Energia Elétrica - Consumidores - Total (número)";"5.965";"6.154";"6.397";"6.573";" 6.708 ";"6.832";"6.987";"7.219";"7.378";"7.580";"7.769";"7.664";"7.749";"8.220";"7.925";"8.124";"8.232";"8.308";"8.417";"8.561";"8.652"
"Aragarças";"Capacidade Instalada de Energia - Total (MW)";"...";"...";"...";"...";"...";"...";"...";"...";"...";"...";"...";"...";"...";"...";"...";"...";"...";"...";"...";"...";"..."
"Aragarças";"Energia Elétrica - Consumo - Total (Mwh)";"13.102";"13.327";"14.011";"14.418";"15.911";"17.648";"18.499";"19.780";"21.113";"21.757";"23.546";"22.503";"23.662";"24.397";"25.499";"25.966";"28.760";"27.890";"30.929";"34.034";"34.971"
"Aragarças";"Energia Elétrica de Consumo Próprio - Consumidores (número)";"1";"2";"1";"1";" 1 ";"1";"1";"1";"1";"1";"1";"1";"1";"2";"2";"2";"2";"7";"6";"6";"6"
"Aragarças";"Energia Elétrica de Consumo Próprio - Consumo (Mwh)";"2";"2";"3";"5";" 8 ";"9";"10";"10";"12";"9";"7";"13";"12";"32";"37";"37";"44";"79";"35";"30";"27"
"Aragarças";"Energia Elétrica na Iluminação Pública - Consumidores (número)";"1";"1";"1";"1";" 1 ";"1";"1";"1";"1";"1";"1";"1";"1";"1";"1";"1";"1";"1";"1";"1";"1"
"Aragarças";"Energia Elétrica no Setor Comercial - Consumidores (número)";"308";"319";"332";"320";" 429 ";"446";"454";"467";"471";"471";"468";"445";"443";"444";"393";"394";"383";"372";"363";"359";"360"
"Aragarças";"Energia Elétrica no Setor Comercial - Consumo (Mwh)";"1.505";"1.612";"1.787";"1.847";"2.102";"2.435";"2.651";"2.807";"2.882";"3.101";"3.398";"3.053";"3.110";"3.120";"3.202";"2.840";"2.992";"3.081";"3.094";"3.134";"3.260"
"Aragarças";"Energia Elétrica no Setor Industrial - Consumidores (número)";"41";"38";"36";"35";" 37 ";"37";"36";"36";"36";"35";"33";"28";"28";"27";"25";"22";"22";"22";"21";"21";"21"
"Aragarças";"Energia Elétrica no Setor Industrial - Consumo (Mwh)";"248";"214";"219";"208";"234";"241";"223";"208";"215";"214";"240";"229";"205";"176";"168";"156";"180";"146";"139";"132";"153"
"Aragarças";"Energia Elétrica Rural - Consumidores (número)";"175";"177";"197";"197";" 200 ";"197";"202";"240";"245";"277";"280";"281";"284";"284";"290";"290";"309";"330";"322";"322";"366"
"Aragarças";"Energia Elétrica Rural - Consumo (Mwh)";"663";"595";"620";"579";"595";"716";"787";"793";"774";"878";"793";"774";"762";"1.022";"1.079";"1.197";"1.386";"1.328";"1.446";"1.497";"1.413"
"Aragoiânia";"Energia Elétrica - Consumidores - Total (número)";"3.255";"3.345";"3.425";"3.535";" 3.664 ";"3.751";"3.991";"4.151";"4.524";"4.670";"5.136";"5.053";"5.173";"5.666";"5.498";"5.762";"6.098";"6.400";"6.599";"6.972";"7.334"
"Aragoiânia";"Capacidade Instalada de Energia - Total (MW)";"...";"...";"...";"...";"...";"...";"...";"...";"...";"...";"...";"...";"...";"...";"...";"...";"...";"...";"...";"...";"..."
"Aragoiânia";"Energia Elétrica - Consumo - Total (Mwh)";"7.722";"7.800";"8.125";"8.906";"8.802";"10.057";"10.950";"11.761";"12.473";"13.164";"13.091";"13.278";"13.261";"14.413";"14.947";"16.119";"16.746";"18.204";"18.845";"20.782";"22.264"
"Aragoiânia";"Energia Elétrica de Consumo Próprio - Consumidores (número)";"2";"2";"2";"2";" 2 ";"2";"3";"2";"1";"1";"1";"1";"1";"2";"2";"2";"2";"4";"4";"4";"3"
"Aragoiânia";"Energia Elétrica de Consumo Próprio - Consumo (Mwh)";"2";"3";"3";"2";" 3 ";"4";"1";"3";"-";"-";"3";"2";"0";"3";"5";"2";"1";"41";"23";"18";"16"
"Aragoiânia";"Energia Elétrica na Iluminação Pública - Consumidores (número)";"1";"1";"1";"1";" 1 ";"1";"1";"1";"1";"1";"1";"1";"1";"1";"1";"1";"1";"1";"1";"1";"1"
"Aragoiânia";"Energia Elétrica no Setor Comercial - Consumidores (número)";"114";"116";"179";"175";" 211 ";"221";"239";"239";"237";"243";"262";"254";"266";"297";"261";"250";"251";"262";"265";"262";"264"
"Aragoiânia";"Energia Elétrica no Setor Comercial - Consumo (Mwh)";"340";"353";"453";"596";"621";"877";"967";"1.053";"1.092";"1.040";"1.068";"1.123";"1.222";"1.275";"1.364";"1.256";"1.325";"1.301";"1.348";"1.396";"1.515"
"Aragoiânia";"Energia Elétrica no Setor Industrial - Consumidores (número)";"24";"22";"16";"15";" 14 ";"14";"16";"14";"15";"16";"16";"15";"13";"14";"12";"12";"12";"12";"12";"12";"12"
"Aragoiânia";"Energia Elétrica no Setor Industrial - Consumo (Mwh)";"508";"580";"704";"870";"669";"726";"748";"777";"679";"707";"631";"506";"442";"418";"263";"187";"229";"399";"372";"335";"316"
"Aragoiânia";"Energia Elétrica Rural - Consumidores (número)";"754";"765";"767";"778";" 774 ";"775";"802";"798";"833";"832";"834";"814";"811";"851";"826";"879";"934";"1.031";"1048";"1.074";"1.106"
"Aragoiânia";"Energia Elétrica Rural - Consumo (Mwh)";"2.781";"2.744";"2.945";"3.014";"3.119";"3.388";"3.460";"3.567";"3.716";"3.860";"3.439";"3.603";"3.352";"4.081";"4.163";"4.717";"4.589";"4.456";"4.715";"5.022";"5.490"
"Araguapaz";"Energia Elétrica - Consumidores - Total (número)";"2.635";"2.676";"2.765";"2.818";" 2.891 ";"2.929";"2.970";"3.036";"3.107";"3.202";"3.243";"3.238";"3.326";"3.471";"3.394";"3.443";"3.504";"3.636";"3.658";"3.727";"3.756"
"Araguapaz";"Capacidade Instalada de Energia - Total (MW)";"...";"...";"...";"...";"...";"...";"...";"...";"...";"...";"...";"...";"...";"...";"...";"...";"...";"...";"...";"...";"..."
"Araguapaz";"Energia Elétrica - Consumo - Total (Mwh)";"6.130";"6.073";"6.403";"6.537";"6.993";"7.453";"7.539";"8.334";"8.350";"8.724";"9.911";"9.684";"10.064";"10.422";"10.787";"11.151";"11.163";"11.687";"13.692";"15.079";"15.428"
"Araguapaz";"Energia Elétrica de Consumo Próprio - Consumidores (número)";"2";"2";"2";"2";" 2 ";"2";"2";"2";"2";"2";"2";"2";"2";"2";"2";"2";"2";"3";"3";"3";"3"
"Araguapaz";"Energia Elétrica de Consumo Próprio - Consumo (Mwh)";"6";"5";"6";"5";" 6 ";"5";"2";"6";"1";"1";"9";"7";"8";"2";"2";"5";"2";"15";"13";"10";"10"
"Araguapaz";"Energia Elétrica na Iluminação Pública - Consumidores (número)";"1";"1";"1";"1";" 1 ";"1";"1";"1";"1";"1";"1";"1";"1";"1";"1";"1";"1";"1";"1";"1";"1"
"Araguapaz";"Energia Elétrica no Setor Comercial - Consumidores (número)";"233";"225";"235";"234";" 248 ";"264";"277";"274";"280";"286";"273";"264";"262";"257";"245";"232";"227";"220";"212";"205";"203"
"Araguapaz";"Energia Elétrica no Setor Comercial - Consumo (Mwh)";"802";"910";"950";"963";"999";"1.196";"1.252";"1.374";"1.376";"1.427";"1.615";"1.477";"1.471";"1.394";"1.401";"1.340";"1.299";"1.380";"1.732";"2.100";"2.082"
"Araguapaz";"Energia Elétrica no Setor Industrial - Consumidores (número)";"24";"23";"21";"20";" 17 ";"17";"16";"17";"15";"15";"13";"13";"13";"15";"11";"11";"10";"9";"9";"7";"9"
"Araguapaz";"Energia Elétrica no Setor Industrial - Consumo (Mwh)";"208";"239";"243";"217";"171";"148";"174";"217";"397";"450";"278";"278";"337";"300";"218";"178";"108";"118";"143";"139";"110"
"Araguapaz";"Energia Elétrica Rural - Consumidores (número)";"506";"520";"537";"559";" 599 ";"603";"609";"636";"639";"648";"668";"666";"703";"750";"753";"757";"791";"864";"851";"857";"848"
"Araguapaz";"Energia Elétrica Rural - Consumo (Mwh)";"1.760";"1.514";"1.628";"1.684";"1.853";"2.056";"2.046";"2.349";"2.008";"2.093";"2.724";"2.577";"2.614";"2.903";"3.065";"3.424";"3.439";"3.389";"4.060";"4.230";"4.079"
"Arenópolis";"Energia Elétrica - Consumidores - Total (número)";"1.453";"1.467";"1.484";"1.521";" 1.560 ";"1.598";"1.613";"1.629";"1.674";"1.735";"1.739";"1.760";"1.631";"1.860";"1.837";"1.872";"1.909";"1.983";"1.990";"1.978";"2.000"
"Arenópolis";"Capacidade Instalada de Energia - Total (MW)";"...";"...";"...";"...";"...";"...";"...";"...";"...";"...";"...";"...";"...";"...";"...";"...";"...";"...";"...";"...";"..."
"Arenópolis";"Energia Elétrica - Consumo - Total (Mwh)";"4.345";"5.656";"3.151";"2.938";"2.993";"3.331";"3.267";"3.612";"4.048";"4.381";"5.021";"5.078";"4.664";"5.107";"5.328";"5.638";"5.962";"5.771";"6.330";"6.769";"6.734"
"Arenópolis";"Energia Elétrica de Consumo Próprio - Consumidores (número)";"2";"2";"2";"1";" 1 ";"1";"1";"1";"1";"1";"1";"1";"1";"2";"2";"2";"2";"7";"11";"7";"7"
"Arenópolis";"Energia Elétrica de Consumo Próprio - Consumo (Mwh)";"2";"3";"3";"1";" 1 ";"1";"0";"1";"-";"-";"1";"1";"1";"1";"1";"1";"1";"19";"10";"10";"9"
"Arenópolis";"Energia Elétrica na Iluminação Pública - Consumidores (número)";"2";"2";"2";"2";" 2 ";"2";"2";"2";"2";"2";"2";"2";"2";"2";"2";"1";"1";"1";"1";"1";"1"
"Arenópolis";"Energia Elétrica no Setor Comercial - Consumidores (número)";"84";"80";"79";"81";" 87 ";"91";"95";"97";"102";"110";"110";"112";"100";"106";"102";"101";"102";"104";"102";"103";"99"
"Arenópolis";"Energia Elétrica no Setor Comercial - Consumo (Mwh)";"248";"254";"220";"222";"238";"255";"253";"326";"413";"505";"673";"613";"490";"445";"438";"440";"459";"463";"474";"469";"484"
"Arenópolis";"Energia Elétrica no Setor Industrial - Consumidores (número)";"9";"9";"7";"7";" 7 ";"7";"7";"6";"6";"5";"3";"3";"3";"6";"3";"3";"2";"2";"2";"2";"2"
"Arenópolis";"Energia Elétrica no Setor Industrial - Consumo (Mwh)";"1.302";"2.540";"85";"76";"82";"82";"66";"65";"57";"22";"20";"21";"4";"4";"10";"7";"4";"1";"1";"1";"1"
"Arenópolis";"Energia Elétrica Rural - Consumidores (número)";"383";"385";"398";"409";" 433 ";"437";"439";"448";"465";"496";"507";"514";"499";"528";"528";"529";"558";"588";"588";"588";"575"
"Arenópolis";"Energia Elétrica Rural - Consumo (Mwh)";"1.117";"1.117";"1.145";"1.139";"1.207";"1.438";"1.447";"1.570";"1.676";"1.750";"1.879";"2.044";"1.881";"2.168";"2.268";"2.404";"2.544";"2.441";"2.581";"2.862";"2.686"
"Aruanã";"Energia Elétrica - Consumidores - Total (número)";"2.850";"2.987";"3.057";"3.193";" 3.300 ";"3.443";"3.630";"3.779";"4.072";"4.169";"4.442";"4.415";"4.572";"4.894";"4.748";"4.895";"4.977";"5.214";"5.389";"5.587";"5.769"
"Aruanã";"Capacidade Instalada de Energia - Total (MW)";"...";"...";"...";"...";"...";"...";"...";"...";"...";"...";"...";"...";"...";"...";"...";"...";"...";"...";"...";"...";"..."
"Aruanã";"Energia Elétrica - Consumo - Total (Mwh)";"11.751";"11.345";"13.724";"13.653";"14.377";"14.369";"16.545";"16.052";"16.642";"18.019";"22.184";"22.069";"22.969";"24.519";"25.371";"28.623";"24.842";"26.406";"31.380";"35.027";"39.008"
"Aruanã";"Energia Elétrica de Consumo Próprio - Consumidores (número)";"2";"2";"2";"2";" 2 ";"2";"2";"2";"2";"2";"2";"2";"2";"3";"3";"3";"3";"9";"9";"9";"9"
"Aruanã";"Energia Elétrica de Consumo Próprio - Consumo (Mwh)";"4";"7";"9";"7";" 9 ";"9";"12";"9";"7";"10";"10";"8";"5";"44";"53";"41";"48";"64";"63";"54";"49"
"Aruanã";"Energia Elétrica na Iluminação Pública - Consumidores (número)";"1";"1";"1";"1";" 1 ";"1";"1";"1";"1";"1";"1";"1";"1";"3";"1";"1";"1";"1";"1";"1";"1"
"Aruanã";"Energia Elétrica no Setor Comercial - Consumidores (número)";"207";"195";"177";"189";" 208 ";"223";"234";"246";"262";"270";"291";"262";"271";"260";"242";"235";"227";"226";"229";"217";"217"
"Aruanã";"Energia Elétrica no Setor Comercial - Consumo (Mwh)";"1.417";"1.320";"1.496";"1.665";"1.686";"1.829";"1.796";"2.039";"2.156";"2.432";"2.540";"2.296";"2.353";"2.138";"2.064";"1.824";"1.999";"2.307";"2.768";"3.140";"3.230"
"Aruanã";"Energia Elétrica no Setor Industrial - Consumidores (número)";"8";"7";"6";"6";" 8 ";"7";"7";"6";"5";"5";"5";"5";"6";"5";"4";"4";"4";"4";"3";"2";"2"
"Aruanã";"Energia Elétrica no Setor Industrial - Consumo (Mwh)";"445";"497";"660";"581";"675";"553";"645";"654";"833";"833";"738";"740";"832";"211";"426";"42";"228";"190";"83";"74";"77"
"Aruanã";"Energia Elétrica Rural - Consumidores (número)";"231";"237";"240";"247";" 260 ";"264";"268";"274";"276";"277";"281";"305";"308";"320";"320";"327";"342";"346";"366";"377";"365"
"Aruanã";"Energia Elétrica Rural - Consumo (Mwh)";"4.290";"4.116";"5.674";"5.111";"4.500";"3.460";"4.722";"2.989";"3.638";"3.525";"5.842";"5.619";"6.180";"7.118";"7.635";"8.236";"7.859";"8.106";"10.437";"12.564";"15.497"
"Aurilândia";"Energia Elétrica - Consumidores - Total (número)";"1.605";"1.635";"1.645";"1.650";" 1.664 ";"1.699";"1.720";"1.704";"1.749";"1.778";"1.819";"1.811";"1.802";"1.828";"1.790";"1.803";"1.911";"2.013";"2.005";"2.012";"2.032"
"Aurilândia";"Capacidade Instalada de Energia - Total (MW)";"...";"...";"...";"...";"...";"...";"...";"...";"...";"...";"...";"...";"...";"...";"...";"...";"...";"...";"...";"...";"..."
"Aurilândia";"Energia Elétrica - Consumo - Total (Mwh)";"2.935";"2.937";"2.965";"3.220";"3.547";"3.882";"3.937";"4.246";"4.373";"4.637";"4.950";"4.739";"4.855";"4.959";"5.135";"5.357";"5.524";"5.900";"6.306";"6.747";"7.060"
"Aurilândia";"Energia Elétrica de Consumo Próprio - Consumidores (número)";"2";"2";"2";"1";" 1 ";"1";"1";"1";"1";"1";"1";"1";"1";"1";"1";"1";"1";"4";"4";"4";"4"
"Aurilândia";"Energia Elétrica de Consumo Próprio - Consumo (Mwh)";"3";"3";"3";"2";" 1 ";"1";"0";"1";"-";"-";"0";"1";"0";"1";"2";"1";"1";"31";"15";"13";"12"
"Aurilândia";"Energia Elétrica na Iluminação Pública - Consumidores (número)";"1";"1";"1";"1";" 1 ";"1";"1";"1";"1";"1";"1";"1";"1";"1";"1";"1";"1";"1";"1";"1";"1"
"Aurilândia";"Energia Elétrica no Setor Comercial - Consumidores (número)";"85";"87";"84";"85";" 93 ";"93";"96";"92";"91";"91";"95";"91";"93";"86";"81";"79";"81";"83";"84";"82";"85"
"Aurilândia";"Energia Elétrica no Setor Comercial - Consumo (Mwh)";"228";"235";"249";"269";"321";"344";"424";"456";"436";"468";"486";"437";"419";"373";"385";"377";"413";"487";"474";"514";"609"
"Aurilândia";"Energia Elétrica no Setor Industrial - Consumidores (número)";"9";"9";"9";"8";" 7 ";"6";"6";"6";"5";"5";"5";"5";"4";"4";"4";"4";"4";"4";"4";"4";"4"
"Aurilândia";"Energia Elétrica no Setor Industrial - Consumo (Mwh)";"49";"46";"46";"200";"424";"562";"514";"548";"552";"533";"533";"479";"562";"620";"569";"670";"599";"618";"738";"761";"782"
"Aurilândia";"Energia Elétrica Rural - Consumidores (número)";"289";"313";"317";"317";" 322 ";"338";"352";"350";"356";"365";"374";"383";"387";"393";"393";"393";"452";"524";"516";"506";"514"
"Aurilândia";"Energia Elétrica Rural - Consumo (Mwh)";"724";"736";"756";"762";"728";"807";"830";"967";"1.028";"1.233";"1.309";"1.209";"1.208";"1.261";"1.374";"1.438";"1.606";"1.718";"1.732";"1.880";"1.901"
"Avelinópolis";"Energia Elétrica - Consumidores - Total (número)";"1.047";"1.065";"1.081";"1.076";" 1.099 ";"1.060";"1.091";"1.136";"1.192";"1.219";"1.240";"1.238";"1.280";"1.379";"1.366";"1.390";"1.435";"1.487";"1.506";"1.526";"1.548"
"Avelinópolis";"Capacidade Instalada de Energia - Total (MW)";"...";"...";"...";"...";"...";"...";"...";"...";"...";"...";"...";"...";"...";"...";"...";"...";"...";"...";"...";"...";"..."
"Avelinópolis";"Energia Elétrica - Consumo - Total (Mwh)";"4.155";"3.836";"5.206";"4.157";"4.414";"5.103";"5.579";"5.706";"5.932";"5.287";"5.294";"4.686";"4.166";"4.356";"4.619";"4.903";"4.950";"4.799";"5.223";"5.339";"5.386"
"Avelinópolis";"Energia Elétrica de Consumo Próprio - Consumidores (número)";"1";"1";"1";"-";" -   ";"-";"-";"-";"-";"-";"-";"-";"-";"1";"1";"1";"1";"3";"3";"3";"3"
"Avelinópolis";"Energia Elétrica de Consumo Próprio - Consumo (Mwh)";"1";"1";"1";"-";" -   ";"-";"-";"-";"-";"-";"-";"0";"-";"6";"2";"3";"4";"12";"6";"130";"6"
"Avelinópolis";"Energia Elétrica na Iluminação Pública - Consumidores (número)";"1";"1";"1";"1";" 1 ";"1";"1";"1";"1";"1";"1";"1";"1";"1";"1";"1";"1";"1";"1";"1";"1"
"Avelinópolis";"Energia Elétrica no Setor Comercial - Consumidores (número)";"42";"43";"44";"39";" 65 ";"67";"71";"78";"80";"82";"79";"71";"71";"70";"67";"62";"63";"64";"64";"62";"66"
"Avelinópolis";"Energia Elétrica no Setor Comercial - Consumo (Mwh)";"176";"144";"132";"148";"194";"219";"234";"308";"385";"417";"490";"343";"300";"288";"342";"376";"308";"314";"321";"428";"434"
"Avelinópolis";"Energia Elétrica no Setor Industrial - Consumidores (número)";"13";"12";"12";"10";" 10 ";"10";"9";"9";"9";"9";"8";"8";"8";"6";"5";"4";"2";"4";"4";"4";"3"
"Avelinópolis";"Energia Elétrica no Setor Industrial - Consumo (Mwh)";"1.445";"1.141";"1.357";"1.320";"1.456";"1.952";"2.549";"2.350";"2.228";"1.509";"1.228";"695";"130";"53";"89";"72";"13";"433";"819";"558";"678"
"Avelinópolis";"Energia Elétrica Rural - Consumidores (número)";"290";"293";"293";"288";" 288 ";"240";"248";"255";"265";"274";"284";"281";"284";"298";"307";"319";"344";"370";"377";"372";"376"
"Avelinópolis";"Energia Elétrica Rural - Consumo (Mwh)";"1.281";"1.260";"2.416";"1.377";"1.444";"1.465";"1.280";"1.481";"1.677";"1.660";"1.718";"1.754";"1.728";"1.848";"1.940";"2.092";"2.170";"1.656";"1.696";"1.784";"1.755"
"Baliza";"Energia Elétrica - Consumidores - Total (número)";"638";"645";"664";"817";" 1.338 ";"1.370";"1.385";"1.404";"1.512";"1.571";"1.633";"1.608";"1.620";"1.689";"1.642";"1.709";"1.771";"2.013";"1.956";"1.993";"1.939"
"Baliza";"Capacidade Instalada de Energia - Total (MW)";"...";"...";"...";"...";"...";"...";"...";"...";"...";"...";"...";"...";"...";"...";"...";"...";"...";"...";"...";"...";"..."
"Baliza";"Energia Elétrica - Consumo - Total (Mwh)";"1.330";"1.414";"1.481";"1.502";"1.957";"2.341";"2.625";"2.837";"2.909";"3.140";"3.290";"3.556";"3.661";"4.002";"4.105";"4.472";"5.026";"4.956";"5.152";"6.027";"6.124"
"Baliza";"Energia Elétrica de Consumo Próprio - Consumidores (número)";"-";"-";"-";"-";" -   ";"-";"-";"-";"-";"-";"-";"-";"-";"";"0";" - ";"";"1";"1";"1";"1"
"Baliza";"Energia Elétrica de Consumo Próprio - Consumo (Mwh)";"-";"-";"-";"-";" -   ";"-";"-";"-";"(1)";"-";"-";"0";"-";"0";" - ";"-";"0";"4";"1";"1";"1"
"Baliza";"Energia Elétrica na Iluminação Pública - Consumidores (número)";"1";"1";"1";"1";" 1 ";"1";"1";"1";"1";"1";"1";"1";"1";"3";"1";"1";"2";"1";"1";"1";"1"
"Baliza";"Energia Elétrica no Setor Comercial - Consumidores (número)";"23";"22";"25";"25";" 45 ";"49";"47";"51";"54";"57";"59";"58";"58";"57";"54";"55";"55";"56";"54";"53";"47"
"Baliza";"Energia Elétrica no Setor Comercial - Consumo (Mwh)";"39";"57";"54";"56";"104";"121";"124";"128";"162";"165";"205";"197";"216";"194";"215";"194";"224";"352";"359";"394";"424"
"Baliza";"Energia Elétrica no Setor Industrial - Consumidores (número)";"4";"5";"4";"4";" 5 ";"4";"3";"3";"3";"2";"3";"2";"2";"2";"0";" - ";"";"0";"0";"0";"-"
"Baliza";"Energia Elétrica no Setor Industrial - Consumo (Mwh)";"11";"12";"14";"11";"11";"10";"8";"9";"6";"-";"3";"2";"2";" -   ";" - ";"-";"0";"0";"0";"0";""
"Baliza";"Energia Elétrica Rural - Consumidores (número)";"199";"202";"211";"354";" 850 ";"856";"857";"857";"951";"985";"1.000";"992";"996";"1.024";"990";"1.016";"1.050";"1.255";"1181";"1.144";"1.088"
"Baliza";"Energia Elétrica Rural - Consumo (Mwh)";"488";"519";"586";"597";"977";"1.268";"1.506";"1.641";"1.634";"1.874";"1.929";"2.115";"2.172";"2.485";"2.505";"2.750";"2.863";"2.754";"2.773";"3.014";"3.098"
"Barro Alto";"Energia Elétrica - Consumidores - Total (número)";"2.383";"2.397";"2.589";"2.851";" 3.092 ";"3.268";"3.468";"3.620";"3.768";"3.842";"3.980";"4.001";"3.418";"4.297";"4.378";"4.537";"4.776";"4.994";"5.078";"5.151";"5.190"
"Barro Alto";"Capacidade Instalada de Energia - Total (MW)";"...";"...";"...";"...";"...";"...";"...";"...";"...";"...";"...";"...";"...";"...";"...";"...";"...";"...";"...";"...";"..."
"Barro Alto";"Energia Elétrica - Consumo - Total (Mwh)";"7.029";"19.211";"7.833";"11.131";"13.885";"19.626";"10.964";"10.487";"12.052";"11.453";"11.950";"12.633";"11.566";"13.741";"15.580";"16.859";"18.144";"18.793";"20.754";"23.724";"26.652"
"Barro Alto";"Energia Elétrica de Consumo Próprio - Consumidores (número)";"4";"4";"4";"4";" 3 ";"3";"3";"3";"3";"3";"3";"3";"2";"6";"5";"5";"5";"9";"10";"10";"10"
"Barro Alto";"Energia Elétrica de Consumo Próprio - Consumo (Mwh)";"19";"13";"15";"12";" 11 ";"10";"12";"11";"10";"8";"7";"8";"8";"49";"46";"56";"48";"72";"92";"99";"86"
"Barro Alto";"Energia Elétrica na Iluminação Pública - Consumidores (número)";"3";"3";"3";"3";" 3 ";"3";"3";"3";"3";"3";"3";"3";"3";"9";"3";"1";"1";"1";"1";"1";"1"
"Barro Alto";"Energia Elétrica no Setor Comercial - Consumidores (número)";"161";"172";"228";"263";" 384 ";"384";"397";"406";"420";"414";"409";"373";"313";"369";"353";"353";"357";"350";"357";"347";"341"
"Barro Alto";"Energia Elétrica no Setor Comercial - Consumo (Mwh)";"574";"640";"865";"1.146";"1.427";"1.783";"1.880";"2.037";"2.037";"2.110";"2.194";"2.070";"1.659";"2.044";"2.116";"2.052";"2.125";"2.382";"2.315";"2.541";"3.096"
"Barro Alto";"Energia Elétrica no Setor Industrial - Consumidores (número)";"18";"19";"19";"19";" 13 ";"11";"11";"10";"10";"9";"10";"10";"7";"10";"11";"11";"11";"15";"13";"11";"11"
"Barro Alto";"Energia Elétrica no Setor Industrial - Consumo (Mwh)";"506";"13.293";"723";"3.405";"5.965";"10.337";"1.523";"615";"246";"261";"246";"195";"191";"202";"263";"1.470";"1.895";"2.072";"2.637";"4.590";"5.159"
"Barro Alto";"Energia Elétrica Rural - Consumidores (número)";"493";"427";"424";"416";" 461 ";"450";"458";"475";"495";"501";"501";"495";"492";"507";"553";"560";"572";"669";"649";"654";"616"
"Barro Alto";"Energia Elétrica Rural - Consumo (Mwh)";"2.849";"2.057";"2.601";"2.429";"2.155";"2.533";"2.271";"1.953";"3.438";"2.423";"2.565";"3.121";"3.224";"3.439";"4.658";"4.428";"5.007";"4.692";"4.665";"4.461";"5.278"
"Bela Vista de Goiás";"Energia Elétrica - Consumidores - Total (número)";"8.534";"8.863";"9.065";"9.454";" 9.933 ";"10.529";"11.032";"11.682";"12.237";"13.183";"13.652";"13.933";"13.780";"15.095";"15.011";"15.492";"16.006";"16.769";"16.902";"17.279";"17.815"
"Bela Vista de Goiás";"Capacidade Instalada de Energia - Total (MW)";"...";"...";"...";"...";"...";"...";"...";"...";"...";"...";"...";"...";"...";"...";"...";"...";"...";"...";"...";"...";"..."
"Bela Vista de Goiás";"Energia Elétrica - Consumo - Total (Mwh)";"36.684";"39.967";"44.904";"46.732";"50.402";"56.609";"60.754";"73.321";"83.928";"92.949";"91.737";"97.069";"101.242";"103.228";"106.864";"113.454";"105.231";"116.399";"121.846";"128.771";"131.730"
"Bela Vista de Goiás";"Energia Elétrica de Consumo Próprio - Consumidores (número)";"2";"2";"2";"2";" 2 ";"2";"2";"2";"2";"3";"3";"3";"3";"4";"3";"3";"2";"7";"8";"8";"8"
"Bela Vista de Goiás";"Energia Elétrica de Consumo Próprio - Consumo (Mwh)";"3";"3";"3";"3";" 4 ";"5";"0";"3";"-";"-";"5";"6";"6";"65";"186";"157";"132";"174";"128";"163";"167"
"Bela Vista de Goiás";"Energia Elétrica na Iluminação Pública - Consumidores (número)";"4";"4";"4";"4";" 4 ";"4";"4";"4";"4";"4";"4";"4";"4";"4";"4";"1";"1";"1";"2";"1";"1"
"Bela Vista de Goiás";"Energia Elétrica no Setor Comercial - Consumidores (número)";"555";"538";"540";"536";" 595 ";"602";"611";"646";"650";"641";"648";"628";"593";"601";"575";"588";"571";"581";"568";"558";"563"
"Bela Vista de Goiás";"Energia Elétrica no Setor Comercial - Consumo (Mwh)";"2.956";"3.093";"3.359";"4.009";"4.426";"4.787";"4.632";"5.465";"6.036";"6.563";"6.503";"6.824";"6.992";"6.913";"7.288";"6.092";"5.903";"6.244";"6.167";"6.207";"6.522"
"Bela Vista de Goiás";"Energia Elétrica no Setor Industrial - Consumidores (número)";"71";"72";"64";"62";" 53 ";"51";"49";"51";"52";"51";"48";"46";"46";"46";"47";"49";"49";"48";"46";"44";"46"
"Bela Vista de Goiás";"Energia Elétrica no Setor Industrial - Consumo (Mwh)";"10.965";"14.666";"17.817";"17.933";"20.952";"23.775";"28.022";"36.019";"43.759";"49.938";"47.944";"51.686";"55.295";"54.054";"55.219";"60.966";"52.283";"57.535";"61.916";"65.601";"65.568"
"Bela Vista de Goiás";"Energia Elétrica Rural - Consumidores (número)";"2.076";"2.144";"2.184";"2.321";" 2.330 ";"2.373";"2.419";"2.496";"2.565";"2.570";"2.597";"2.620";"2.628";"2.740";"2.787";"2.904";"3.004";"3.400";"3217";"3.219";"3.318"
"Bela Vista de Goiás";"Energia Elétrica Rural - Consumo (Mwh)";"11.771";"11.265";"11.948";"12.314";"12.187";"13.466";"12.691";"14.698";"15.412";"15.825";"15.288";"15.751";"15.957";"17.181";"17.942";"18.666";"18.242";"17.109";"18.597";"19.015";"19.811"
"Bom Jardim de Goiás";"Energia Elétrica - Consumidores - Total (número)";"3.050";"3.120";"3.173";"3.226";" 3.374 ";"3.480";"3.544";"3.590";"3.727";"3.978";"3.996";"4.074";"4.114";"4.250";"4.170";"4.287";"4.309";"4.555";"4.474";"4.587";"4.578"
"Bom Jardim de Goiás";"Capacidade Instalada de Energia - Total (MW)";"...";"...";"...";"...";"...";"...";"...";"...";"...";"...";"...";"...";"...";"...";"...";"...";"...";"...";"...";"...";"..."
"Bom Jardim de Goiás";"Energia Elétrica - Consumo - Total (Mwh)";"6.382";"6.638";"6.718";"7.089";"7.552";"7.823";"7.797";"8.243";"8.588";"9.013";"9.959";"10.171";"10.764";"11.219";"11.648";"12.295";"12.718";"13.046";"14.440";"15.491";"15.869"
"Bom Jardim de Goiás";"Energia Elétrica de Consumo Próprio - Consumidores (número)";"2";"2";"2";"2";" 2 ";"2";"2";"2";"2";"2";"2";"1";"1";"2";"2";"2";"2";"5";"3";"3";"3"
"Bom Jardim de Goiás";"Energia Elétrica de Consumo Próprio - Consumo (Mwh)";"10";"8";"7";"12";" 12 ";"14";"12";"10";"17";"16";"17";"8";"2";"2";"2";"5";"7";"29";"11";"10";"10"
"Bom Jardim de Goiás";"Energia Elétrica na Iluminação Pública - Consumidores (número)";"1";"1";"1";"1";" 1 ";"1";"1";"1";"1";"1";"1";"1";"1";"1";"1";"1";"1";"1";"1";"1";"1"
"Bom Jardim de Goiás";"Energia Elétrica no Setor Comercial - Consumidores (número)";"231";"231";"227";"222";" 264 ";"269";"276";"282";"280";"282";"268";"259";"262";"249";"238";"233";"235";"232";"236";"223";"234"
"Bom Jardim de Goiás";"Energia Elétrica no Setor Comercial - Consumo (Mwh)";"821";"835";"890";"932";"1.001";"1.034";"1.025";"1.137";"1.232";"1.228";"1.274";"1.175";"1.566";"1.465";"1.296";"1.200";"1.249";"1.395";"1.453";"1.582";"1.574"
"Bom Jardim de Goiás";"Energia Elétrica no Setor Industrial - Consumidores (número)";"41";"42";"43";"41";" 40 ";"39";"37";"37";"38";"35";"32";"31";"30";"26";"24";"23";"22";"24";"24";"22";"23"
"Bom Jardim de Goiás";"Energia Elétrica no Setor Industrial - Consumo (Mwh)";"294";"440";"300";"224";"190";"194";"179";"172";"184";"191";"178";"162";"163";"218";"318";"341";"307";"268";"229";"217";"218"
"Bom Jardim de Goiás";"Energia Elétrica Rural - Consumidores (número)";"595";"615";"604";"609";" 699 ";"728";"731";"732";"819";"972";"986";"986";"991";"1.007";"1.017";"1.018";"1.060";"1.193";"1078";"1.103";"1.051"
"Bom Jardim de Goiás";"Energia Elétrica Rural - Consumo (Mwh)";"1.721";"1.712";"1.660";"1.944";"2.153";"2.191";"2.101";"2.255";"2.264";"2.374";"2.458";"2.744";"2.738";"2.914";"3.151";"3.526";"3.696";"3.365";"3.703";"3.779";"3.739"
"Bom Jesus de Goiás";"Energia Elétrica - Consumidores - Total (número)";"6.619";"6.781";"7.085";"7.396";" 7.576 ";"7.871";"8.116";"8.378";"8.620";"8.902";"8.933";"9.255";"9.259";"9.797";"9.713";"9.912";"9.991";"10.115";"10.213";"10.190";"10.214"
"Bom Jesus de Goiás";"Capacidade Instalada de Energia - Total (MW)";"...";"...";"...";"...";"...";"...";"...";"...";"...";"...";"...";"...";"...";"...";"...";"...";"...";"...";"...";"...";"..."
"Bom Jesus de Goiás";"Energia Elétrica - Consumo - Total (Mwh)";"24.020";"29.685";"22.706";"27.410";"24.566";"26.170";"27.563";"29.683";"31.584";"34.565";"36.377";"36.387";"36.344";"38.652";"41.421";"42.809";"39.029";"39.045";"40.917";"43.372";"44.861"
"Bom Jesus de Goiás";"Energia Elétrica de Consumo Próprio - Consumidores (número)";"1";"1";"1";"1";" 1 ";"1";"1";"1";"1";"1";"1";"-";"-";"2";"2";"2";"2";"6";"6";"6";"5"
"Bom Jesus de Goiás";"Energia Elétrica de Consumo Próprio - Consumo (Mwh)";"6";"6";"7";"7";" 8 ";"8";"12";"19";"19";"20";"18";"2";"-";"81";"71";"56";"32";"94";"60";"72";"79"
"Bom Jesus de Goiás";"Energia Elétrica na Iluminação Pública - Consumidores (número)";"2";"2";"2";"2";" 2 ";"2";"2";"2";"2";"2";"2";"2";"2";"6";"2";"1";"1";"1";"1";"1";"1"
"Bom Jesus de Goiás";"Energia Elétrica no Setor Comercial - Consumidores (número)";"605";"589";"605";"609";" 755 ";"755";"776";"785";"816";"847";"821";"803";"787";"798";"773";"755";"760";"763";"748";"732";"719"
"Bom Jesus de Goiás";"Energia Elétrica no Setor Comercial - Consumo (Mwh)";"5.188";"5.051";"5.168";"5.765";"5.949";"6.182";"6.377";"7.010";"7.176";"7.835";"8.336";"8.081";"8.665";"8.581";"8.959";"9.113";"9.320";"10.043";"9.905";"10.087";"10.422"
"Bom Jesus de Goiás";"Energia Elétrica no Setor Industrial - Consumidores (número)";"31";"28";"27";"25";" 13 ";"13";"12";"12";"12";"11";"12";"11";"13";"14";"15";"13";"13";"13";"12";"11";"11"
"Bom Jesus de Goiás";"Energia Elétrica no Setor Industrial - Consumo (Mwh)";"1.583";"8.010";"-143";"3.306";"896";"575";"863";"868";"1.059";"792";"2.226";"1.157";"1.868";"3.137";"3.955";"4.487";"2.040";"955";"1.149";"1.046";"1.391"
"Bom Jesus de Goiás";"Energia Elétrica Rural - Consumidores (número)";"514";"507";"513";"521";" 516 ";"502";"496";"493";"483";"482";"443";"432";"431";"438";"440";"441";"455";"477";"474";"465";"465"
"Bom Jesus de Goiás";"Energia Elétrica Rural - Consumo (Mwh)";"5.745";"4.843";"5.142";"5.032";"3.871";"4.616";"4.812";"4.834";"5.385";"6.077";"5.773";"6.847";"5.493";"5.704";"5.678";"5.834";"4.583";"4.641";"4.715";"4.565";"5.174"
"Bonfinópolis";"Energia Elétrica - Consumidores - Total (número)";"2.885";"2.973";"3.079";"3.203";" 3.328 ";"3.462";"3.542";"3.764";"3.960";"4.012";"4.210";"4.271";"4.360";"4.674";"4.631";"4.775";"4.932";"5.163";"5.185";"5.239";"5.350"
"Bonfinópolis";"Capacidade Instalada de Energia - Total (MW)";"...";"...";"...";"...";"...";"...";"...";"...";"...";"...";"...";"...";"...";"...";"...";"...";"...";"...";"...";"...";"..."
"Bonfinópolis";"Energia Elétrica - Consumo - Total (Mwh)";"5.737";"5.918";"6.433";"6.666";"6.940";"7.618";"7.761";"8.364";"8.541";"9.062";"9.722";"9.978";"9.992";"11.533";"11.637";"12.468";"12.989";"12.935";"14.002";"14.958";"15.905"
"Bonfinópolis";"Energia Elétrica de Consumo Próprio - Consumidores (número)";"1";"1";"1";"1";" 1 ";"1";"1";"1";"-";"-";"-";"-";"-";"1";"1";"1";"1";"3";"3";"3";"3"
"Bonfinópolis";"Energia Elétrica de Consumo Próprio - Consumo (Mwh)";"1";"1";"1";"2";" 3 ";"4";"0";"3";"-";"235";"-";"0";"-";"18";"-1";"1";"1";"19";"8";"8";"9"
"Bonfinópolis";"Energia Elétrica na Iluminação Pública - Consumidores (número)";"1";"1";"1";"1";" 1 ";"1";"1";"1";"1";"1";"1";"1";"1";"1";"1";"1";"1";"1";"2";"1";"2"
"Bonfinópolis";"Energia Elétrica no Setor Comercial - Consumidores (número)";"151";"162";"169";"190";" 205 ";"216";"217";"217";"224";"223";"226";"216";"212";"213";"206";"201";"194";"204";"228";"231";"223"
"Bonfinópolis";"Energia Elétrica no Setor Comercial - Consumo (Mwh)";"452";"516";"587";"665";"647";"735";"780";"827";"864";"946";"1.132";"1.171";"1.033";"1.317";"1.091";"1.222";"1.254";"1.331";"1.350";"1.289";"1.488"
"Bonfinópolis";"Energia Elétrica no Setor Industrial - Consumidores (número)";"15";"15";"15";"9";" 9 ";"12";"10";"10";"10";"11";"11";"10";"10";"11";"11";"11";"11";"11";"9";"9";"9"
"Bonfinópolis";"Energia Elétrica no Setor Industrial - Consumo (Mwh)";"138";"147";"222";"169";"89";"129";"93";"74";"75";"116";"191";"115";"102";"122";"144";"135";"236";"96";"84";"64";"61"
"Bonfinópolis";"Energia Elétrica Rural - Consumidores (número)";"499";"530";"547";"578";" 626 ";"641";"647";"669";"707";"703";"716";"709";"718";"754";"725";"769";"818";"918";"863";"862";"863"
"Bonfinópolis";"Energia Elétrica Rural - Consumo (Mwh)";"1.586";"1.693";"1.842";"1.843";"1.966";"2.158";"2.210";"2.445";"2.278";"2.259";"2.552";"2.717";"2.664";"3.541";"3.382";"3.809";"3.955";"3.739";"3.866";"4.218";"4.330"
"Bonópolis";"Energia Elétrica - Consumidores - Total (número)";"914";"956";"1.015";"1.062";" 1.123 ";"1.155";"1.175";"1.175";"1.175";"1.312";"1.298";"1.313";"1.105";"1.493";"1.494";"1.551";"1.576";"1.659";"1.682";"1.729";"1.797"
"Bonópolis";"Capacidade Instalada de Energia - Total (MW)";"...";"...";"...";"...";"...";"...";"...";"...";"...";"...";"...";"...";"...";"...";"...";"...";"...";"...";"...";"...";"..."
"Bonópolis";"Energia Elétrica - Consumo - Total (Mwh)";"2.887";"3.011";"3.497";"3.373";"3.894";"4.838";"4.517";"4.843";"4.740";"5.331";"6.034";"6.587";"5.227";"5.932";"6.368";"6.512";"7.495";"7.712";"8.296";"11.942";"12.525"
"Bonópolis";"Energia Elétrica de Consumo Próprio - Consumidores (número)";"1";"1";"-";"-";" -   ";"-";"-";"-";"-";"-";"-";"-";"-";"1";"1";"1";"1";"3";"3";"3";"3"
"Bonópolis";"Energia Elétrica de Consumo Próprio - Consumo (Mwh)";"-";"1";"-";"-";" -   ";"-";"-";"-";"-";"-";"-";"0";"-";"0";"1";"1";"2";"14";"6";"6";"7"
"Bonópolis";"Energia Elétrica na Iluminação Pública - Consumidores (número)";"3";"3";"3";"3";" 3 ";"3";"3";"3";"3";"3";"3";"3";"3";"9";"3";"1";"1";"1";"1";"1";"2"
"Bonópolis";"Energia Elétrica no Setor Comercial - Consumidores (número)";"61";"61";"59";"61";" 99 ";"109";"108";"117";"110";"108";"104";"101";"69";"81";"80";"78";"73";"74";"74";"72";"74"
"Bonópolis";"Energia Elétrica no Setor Comercial - Consumo (Mwh)";"183";"185";"205";"201";"261";"302";"343";"398";"454";"455";"513";"476";"363";"399";"439";"366";"337";"1.035";"418";"508";"617"
"Bonópolis";"Energia Elétrica no Setor Industrial - Consumidores (número)";"4";"4";"2";"1";" 1 ";"1";"1";"2";"2";"2";"3";"2";"2";"2";"2";"2";"2";"2";"2";"2";"2"
"Bonópolis";"Energia Elétrica no Setor Industrial - Consumo (Mwh)";"15";"14";"13";"13";"4";"4";"1";"3";"1";"-";"3";"2";"11";"16";"40";"32";"18";"57";"38";"42";"38"
"Bonópolis";"Energia Elétrica Rural - Consumidores (número)";"222";"230";"258";"279";" 312 ";"318";"317";"315";"316";"429";"430";"425";"425";"490";"489";"492";"496";"539";"524";"526";"500"
"Bonópolis";"Energia Elétrica Rural - Consumo (Mwh)";"1.715";"1.794";"2.205";"2.020";"2.478";"3.282";"2.931";"3.014";"2.797";"3.347";"3.850";"4.413";"3.432";"3.603";"3.860";"4.002";"4.680";"3.854";"4.682";"7.938";"8.181"
"Brazabrantes";"Energia Elétrica - Consumidores - Total (número)";"1.080";"1.119";"1.156";"1.211";" 1.231 ";"1.250";"1.345";"1.391";"1.515";"1.564";"1.750";"1.748";"1.499";"1.920";"1.923";"1.946";"2.025";"2.103";"2.080";"2.105";"2.161"
"Brazabrantes";"Capacidade Instalada de Energia - Total (MW)";"...";"...";"...";"...";"...";"...";"...";"...";"...";"...";"...";"...";"...";"...";"...";"...";"...";"...";"...";"...";"..."
"Brazabrantes";"Energia Elétrica - Consumo - Total (Mwh)";"2.939";"3.102";"3.519";"3.728";"3.670";"4.110";"4.603";"5.493";"5.112";"5.417";"5.347";"5.261";"5.828";"6.758";"7.186";"7.544";"8.207";"8.471";"8.474";"8.775";"9.390"
"Brazabrantes";"Energia Elétrica de Consumo Próprio - Consumidores (número)";"1";"1";"1";"1";" 1 ";"-";"-";"-";"-";"-";"-";"-";"-";"1";"1";"1";"1";"4";"4";"4";"4"
"Brazabrantes";"Energia Elétrica de Consumo Próprio - Consumo (Mwh)";"1";"2";"1";"1";" 1 ";"0";"-";"-";"-";"-";"-";"0";"-";"17";"-1";"2";"2";"20";"8";"8";"8"
"Brazabrantes";"Energia Elétrica na Iluminação Pública - Consumidores (número)";"2";"2";"2";"2";" 2 ";"2";"2";"2";"2";"2";"2";"2";"2";"2";"2";"1";"1";"1";"1";"1";"1"
"Brazabrantes";"Energia Elétrica no Setor Comercial - Consumidores (número)";"82";"87";"86";"95";" 104 ";"105";"105";"107";"100";"102";"115";"109";"77";"107";"104";"101";"98";"104";"101";"96";"98"
"Brazabrantes";"Energia Elétrica no Setor Comercial - Consumo (Mwh)";"195";"196";"221";"218";"253";"278";"293";"306";"290";"344";"376";"392";"317";"373";"378";"317";"363";"1.353";"1.183";"680";"474"
"Brazabrantes";"Energia Elétrica no Setor Industrial - Consumidores (número)";"16";"18";"18";"16";" 16 ";"14";"13";"13";"12";"13";"14";"12";"8";"10";"10";"10";"10";"10";"9";"9";"9"
"Brazabrantes";"Energia Elétrica no Setor Industrial - Consumo (Mwh)";"436";"508";"624";"806";"856";"888";"1.289";"1.668";"1.338";"1.149";"939";"788";"2.005";"2.059";"2.072";"2.626";"2.206";"2.309";"2.248";"2.304";"2.435"
"Brazabrantes";"Energia Elétrica Rural - Consumidores (número)";"98";"105";"115";"120";" 121 ";"125";"131";"137";"149";"151";"158";"166";"158";"182";"185";"196";"205";"231";"214";"220";"235"
"Brazabrantes";"Energia Elétrica Rural - Consumo (Mwh)";"693";"734";"937";"824";"748";"891";"938";"1.046";"1.032";"1.267";"1.337";"1.338";"1.133";"1.433";"1.670";"1.441";"2.335";"1.453";"1.500";"1.981";"2.495"
"Britânia";"Energia Elétrica - Consumidores - Total (número)";"2.259";"2.385";"2.472";"2.536";" 2.573 ";"2.639";"2.748";"2.856";"2.992";"3.106";"3.175";"3.199";"2.746";"3.436";"3.415";"3.506";"3.592";"3.770";"3.848";"3.857";"4.048"
"Britânia";"Capacidade Instalada de Energia - Total (MW)";"...";"...";"...";"...";"...";"...";"...";"...";"...";"...";"...";"...";"...";"...";"...";"...";"...";"...";"...";"...";"..."
"Britânia";"Energia Elétrica - Consumo - Total (Mwh)";"10.532";"8.913";"9.540";"9.372";"8.993";"10.181";"10.019";"10.542";"11.910";"13.145";"14.815";"16.816";"17.478";"17.115";"20.363";"24.793";"26.436";"26.642";"24.993";"32.094";"27.705"
"Britânia";"Energia Elétrica de Consumo Próprio - Consumidores (número)";"1";"1";"1";"1";" 1 ";"1";"1";"1";"1";"1";"1";"1";"1";"3";"3";"3";"3";"9";"11";"9";"9"
"Britânia";"Energia Elétrica de Consumo Próprio - Consumo (Mwh)";"3";"5";"4";"4";" 5 ";"4";"0";"3";"-";"-";"1";"2";"1";"38";"47";"31";"49";"83";"85";"83";"61"
"Britânia";"Energia Elétrica na Iluminação Pública - Consumidores (número)";"2";"2";"2";"2";" 1 ";"1";"1";"1";"2";"2";"2";"2";"2";"2";"2";"1";"1";"4";"4";"6";"5"
"Britânia";"Energia Elétrica no Setor Comercial - Consumidores (número)";"179";"183";"182";"183";" 232 ";"231";"231";"230";"235";"235";"237";"234";"218";"238";"211";"213";"213";"227";"225";"215";"217"
"Britânia";"Energia Elétrica no Setor Comercial - Consumo (Mwh)";"824";"873";"876";"869";"1.011";"1.084";"1.100";"1.204";"1.234";"1.231";"1.489";"1.320";"1.175";"1.120";"1.292";"1.317";"1.409";"1.472";"1.699";"1.820";"1.661"
"Britânia";"Energia Elétrica no Setor Industrial - Consumidores (número)";"17";"17";"16";"18";" 16 ";"16";"16";"16";"15";"13";"12";"9";"9";"9";"9";"9";"9";"9";"8";"8";"8"
"Britânia";"Energia Elétrica no Setor Industrial - Consumo (Mwh)";"144";"152";"139";"249";"128";"282";"528";"132";"105";"105";"59";"46";"47";"44";"44";"926";"1.355";"1.683";"2.266";"5.748";"5.601"
"Britânia";"Energia Elétrica Rural - Consumidores (número)";"285";"292";"309";"312";" 319 ";"336";"347";"344";"355";"362";"362";"360";"354";"367";"357";"369";"358";"384";"371";"374";"384"
"Britânia";"Energia Elétrica Rural - Consumo (Mwh)";"6.064";"4.341";"4.850";"4.486";"4.115";"4.722";"3.997";"4.415";"5.356";"6.671";"7.222";"9.558";"10.959";"9.764";"12.778";"15.778";"16.608";"16.031";"12.426";"14.749";"10.174"
"Buriti Alegre";"Energia Elétrica - Consumidores - Total (número)";"4.055";"4.144";"4.268";"4.409";" 4.489 ";"4.596";"4.776";"4.965";"5.220";"5.401";"5.623";"5.711";"5.682";"6.063";"5.989";"6.188";"6.299";"6.476";"6.608";"6.627";"6.757"
"Buriti Alegre";"Capacidade Instalada de Energia - Total (MW)";"...";"...";"...";"...";"...";"...";"...";"...";"...";"...";"...";"...";"...";"...";"...";"...";"...";"...";"...";"...";"..."
"Buriti Alegre";"Energia Elétrica - Consumo - Total (Mwh)";"13.093";"11.939";"14.521";"18.479";"27.621";"33.163";"33.697";"33.235";"33.159";"36.155";"35.398";"33.072";"37.535";"35.838";"37.386";"37.722";"36.262";"36.649";"39.622";"41.378";"42.436"
"Buriti Alegre";"Energia Elétrica de Consumo Próprio - Consumidores (número)";"2";"2";"2";"2";" 2 ";"2";"2";"2";"2";"2";"2";"2";"2";"4";"4";"4";"3";"9";"7";"7";"7"
"Buriti Alegre";"Energia Elétrica de Consumo Próprio - Consumo (Mwh)";"2";"15";"13";"16";" 9 ";"10";"8";"7";"1";"-";"5";"4";"5";"23";"25";"22";"7";"58";"42";"37";"27"
"Buriti Alegre";"Energia Elétrica na Iluminação Pública - Consumidores (número)";"2";"2";"2";"2";" 2 ";"2";"2";"2";"2";"2";"2";"2";"2";"2";"2";"1";"1";"1";"1";"1";"1"
"Buriti Alegre";"Energia Elétrica no Setor Comercial - Consumidores (número)";"279";"278";"308";"320";" 409 ";"412";"414";"420";"427";"426";"425";"418";"417";"415";"388";"396";"387";"388";"383";"372";"372"
"Buriti Alegre";"Energia Elétrica no Setor Comercial - Consumo (Mwh)";"1.052";"1.103";"1.182";"1.321";"1.577";"1.677";"1.718";"1.880";"1.904";"1.932";"2.060";"1.983";"2.042";"2.094";"2.106";"1.841";"2.013";"2.399";"2.514";"2.605";"3.136"
"Buriti Alegre";"Energia Elétrica no Setor Industrial - Consumidores (número)";"38";"37";"36";"37";" 30 ";"26";"26";"24";"24";"24";"24";"21";"21";"19";"19";"19";"19";"19";"19";"18";"21"
"Buriti Alegre";"Energia Elétrica no Setor Industrial - Consumo (Mwh)";"2.412";"2.398";"3.874";"6.781";"12.873";"15.923";"17.119";"16.051";"14.865";"16.058";"15.576";"13.699";"18.452";"15.831";"16.906";"17.290";"15.573";"16.433";"17.699";"18.468";"18.628"
"Buriti Alegre";"Energia Elétrica Rural - Consumidores (número)";"517";"551";"574";"598";" 599 ";"600";"606";"601";"599";"590";"596";"596";"598";"617";"606";"617";"622";"669";"680";"665";"662"
"Buriti Alegre";"Energia Elétrica Rural - Consumo (Mwh)";"2.778";"1.939";"2.822";"3.479";"5.975";"7.905";"6.945";"6.687";"7.285";"8.345";"7.597";"6.931";"6.437";"6.971";"6.879";"6.506";"5.329";"5.040";"5.452";"5.499";"5.762"
"Buriti de Goiás";"Energia Elétrica - Consumidores - Total (número)";"1.137";"1.156";"1.179";"1.222";" 1.260 ";"1.281";"1.316";"1.344";"1.400";"1.424";"1.431";"1.469";"1.267";"1.552";"1.559";"1.610";"1.618";"1.677";"1.687";"1.754";"1.759"
"Buriti de Goiás";"Capacidade Instalada de Energia - Total (MW)";"...";"...";"...";"...";"...";"...";"...";"...";"...";"...";"...";"...";"...";"...";"...";"...";"...";"...";"...";"...";"..."
"Buriti de Goiás";"Energia Elétrica - Consumo - Total (Mwh)";"1.767";"1.824";"1.969";"2.184";"2.366";"2.503";"2.557";"2.800";"3.051";"3.282";"3.406";"3.334";"3.014";"3.652";"3.954";"4.109";"4.176";"4.211";"4.645";"4.904";"5.000"
"Buriti de Goiás";"Energia Elétrica de Consumo Próprio - Consumidores (número)";"1";"1";"1";"1";" -   ";"-";"-";"-";"-";"-";"-";"-";"-";"1";"1";"2";"1";"2";"2";"2";"2"
"Buriti de Goiás";"Energia Elétrica de Consumo Próprio - Consumo (Mwh)";"1";"1";"1";"1";" -   ";"-";"-";"-";"-";"-";"-";"0";"1";"3";"1";"2";"1";"14";"6";"13";"6"
"Buriti de Goiás";"Energia Elétrica na Iluminação Pública - Consumidores (número)";"2";"2";"2";"2";" 2 ";"2";"2";"2";"2";"2";"2";"2";"2";"6";"2";"1";"1";"1";"1";"1";"1"
"Buriti de Goiás";"Energia Elétrica no Setor Comercial - Consumidores (número)";"78";"81";"81";"84";" 95 ";"94";"101";"100";"100";"98";"93";"92";"82";"91";"87";"83";"78";"79";"77";"77";"75"
"Buriti de Goiás";"Energia Elétrica no Setor Comercial - Consumo (Mwh)";"147";"173";"229";"283";"325";"336";"302";"338";"363";"428";"423";"349";"328";"399";"617";"464";"414";"396";"411";"417";"433"
"Buriti de Goiás";"Energia Elétrica no Setor Industrial - Consumidores (número)";"16";"16";"15";"16";" 16 ";"16";"17";"17";"17";"16";"15";"14";"13";"15";"15";"14";"15";"14";"14";"14";"14"
"Buriti de Goiás";"Energia Elétrica no Setor Industrial - Consumo (Mwh)";"33";"22";"31";"41";"39";"39";"48";"39";"36";"35";"44";"39";"69";"100";"101";"86";"107";"86";"112";"109";"111"
"Buriti de Goiás";"Energia Elétrica Rural - Consumidores (número)";"162";"160";"164";"195";" 210 ";"212";"213";"215";"218";"220";"224";"229";"228";"245";"247";"268";"281";"312";"304";"304";"302"
"Buriti de Goiás";"Energia Elétrica Rural - Consumo (Mwh)";"373";"354";"380";"376";"412";"449";"456";"500";"531";"564";"576";"575";"561";"646";"651";"718";"825";"810";"866";"886";"898"
"Buritinópolis";"Energia Elétrica - Consumidores - Total (número)";"965";"1.005";"1.046";"1.070";" 1.143 ";"1.183";"1.168";"1.184";"1.202";"1.196";"1.246";"1.285";"1.301";"1.383";"1.323";"1.364";"1.389";"1.441";"1.450";"1.448";"1.511"
"Buritinópolis";"Capacidade Instalada de Energia - Total (MW)";"...";"...";"...";"...";"...";"...";"...";"...";"...";"...";"...";"...";"...";"...";"...";"...";"...";"...";"...";"...";"..."
"Buritinópolis";"Energia Elétrica - Consumo - Total (Mwh)";"1.302";"1.327";"1.424";"1.567";"1.669";"1.824";"1.874";"2.119";"2.220";"2.311";"2.444";"2.580";"2.606";"2.703";"2.595";"2.593";"2.617";"2.704";"2.966";"3.251";"3.385"
"Buritinópolis";"Energia Elétrica de Consumo Próprio - Consumidores (número)";"-";"-";"-";"-";" -   ";"-";"-";"-";"-";"-";"-";"-";"-";"";"0";" - ";"";"0";"0";"-";"-"
"Buritinópolis";"Energia Elétrica de Consumo Próprio - Consumo (Mwh)";"-";"-";"-";"-";" -   ";"-";"-";"-";"-";"-";"-";"0";"-";"0";" - ";"-";"0";"0";"0";"0";"-"
"Buritinópolis";"Energia Elétrica na Iluminação Pública - Consumidores (número)";"2";"2";"2";"2";" 2 ";"12";"12";"12";"3";"3";"3";"3";"3";"9";"3";"1";"1";"1";"1";"2";"2"
"Buritinópolis";"Energia Elétrica no Setor Comercial - Consumidores (número)";"23";"33";"35";"39";" 78 ";"78";"75";"73";"76";"73";"74";"68";"68";"67";"68";"67";"65";"63";"67";"63";"62"
"Buritinópolis";"Energia Elétrica no Setor Comercial - Consumo (Mwh)";"105";"113";"134";"125";"177";"218";"190";"224";"216";"212";"214";"217";"208";"230";"246";"255";"264";"268";"297";"281";"275"
"Buritinópolis";"Energia Elétrica no Setor Industrial - Consumidores (número)";"8";"8";"7";"7";" 5 ";"2";"2";"2";"2";"2";"2";"2";"2";"2";"2";"2";"2";"2";"2";"2";"6"
"Buritinópolis";"Energia Elétrica no Setor Industrial - Consumo (Mwh)";"48";"77";"86";"95";"83";"32";"9";"8";"9";"3";"6";"8";"8";"5";"4";"3";"3";"2";"3";"3";"3"
"Buritinópolis";"Energia Elétrica Rural - Consumidores (número)";"158";"180";"217";"228";" 244 ";"254";"245";"266";"277";"295";"350";"359";"363";"397";"411";"430";"440";"483";"479";"445";"440"
"Buritinópolis";"Energia Elétrica Rural - Consumo (Mwh)";"151";"171";"215";"248";"246";"259";"284";"325";"365";"379";"442";"501";"515";"630";"654";"696";"688";"702";"757";"783";"841"
"Cabeceiras";"Energia Elétrica - Consumidores - Total (número)";"2.425";"2.553";"2.632";"2.688";" 2.329 ";"2.804";"2.934";"3.004";"3.100";"3.165";"3.244";"3.244";"3.019";"3.402";"3.385";"3.484";"3.541";"3.719";"3.687";"3.738";"3.732"
"Cabeceiras";"Capacidade Instalada de Energia - Total (MW)";"...";"...";"...";"...";"...";"...";"...";"...";"...";"...";"...";"...";"...";"...";"...";"...";"...";"...";"...";"...";"..."
"Cabeceiras";"Energia Elétrica - Consumo - Total (Mwh)";"16.074";"12.915";"17.782";"16.479";"13.202";"16.133";"15.588";"20.669";"22.486";"22.958";"20.447";"18.635";"21.945";"20.494";"22.616";"23.815";"24.790";"26.066";"26.323";"31.500";"40.540"
"Cabeceiras";"Energia Elétrica de Consumo Próprio - Consumidores (número)";"2";"2";"2";"2";" 2 ";"2";"2";"2";"2";"1";"1";"1";"1";"1";"1";"1";"1";"2";"2";"2";"2"
"Cabeceiras";"Energia Elétrica de Consumo Próprio - Consumo (Mwh)";"3";"3";"2";"2";" 2 ";"2";"0";"2";"-";"-";"0";"0";"0";"3";"2";"2";"1";"15";"6";"7";"7"
"Cabeceiras";"Energia Elétrica na Iluminação Pública - Consumidores (número)";"6";"6";"6";"6";" 6 ";"6";"6";"6";"6";"6";"6";"6";"6";"5";"5";"1";"1";"1";"1";"1";"1"
"Cabeceiras";"Energia Elétrica no Setor Comercial - Consumidores (número)";"186";"185";"192";"194";" 217 ";"225";"222";"217";"218";"223";"225";"216";"198";"214";"207";"204";"202";"210";"207";"205";"203"
"Cabeceiras";"Energia Elétrica no Setor Comercial - Consumo (Mwh)";"785";"757";"852";"947";"951";"958";"952";"848";"887";"851";"780";"768";"940";"990";"954";"949";"965";"1.351";"1.181";"1.214";"1.345"
"Cabeceiras";"Energia Elétrica no Setor Industrial - Consumidores (número)";"19";"19";"14";"14";" 9 ";"11";"9";"9";"8";"8";"8";"8";"8";"7";"8";"6";"5";"5";"5";"5";"5"
"Cabeceiras";"Energia Elétrica no Setor Industrial - Consumo (Mwh)";"1.214";"772";"1.051";"984";"1.465";"1.674";"3.005";"3.809";"4.470";"4.069";"2.692";"1.839";"1.806";"2.621";"3.570";"4.994";"5.416";"5.891";"5.132";"4.646";"4.219"
"Cabeceiras";"Energia Elétrica Rural - Consumidores (número)";"439";"462";"486";"497";" 502 ";"519";"544";"553";"555";"556";"550";"556";"554";"593";"587";"600";"652";"747";"682";"697";"671"
"Cabeceiras";"Energia Elétrica Rural - Consumo (Mwh)";"11.147";"8.499";"12.835";"11.437";"7.828";"10.397";"8.303";"12.407";"13.328";"14.034";"12.981";"11.816";"15.137";"12.219";"13.256";"12.889";"13.297";"13.660";"14.409";"19.664";"28.833"
"Cachoeira Alta";"Energia Elétrica - Consumidores - Total (número)";"3.367";"3.472";"3.564";"3.753";" 3.909 ";"4.017";"4.080";"4.164";"4.354";"4.617";"4.788";"4.799";"4.849";"5.117";"5.137";"5.344";"5.371";"5.551";"5.533";"5.562";"5.563"
"Cachoeira Alta";"Capacidade Instalada de Energia - Total (MW)";"...";"...";"...";"...";"...";"...";"...";"...";"...";"...";"...";"...";"...";"...";"...";"...";"...";"...";"...";"...";"..."
"Cachoeira Alta";"Energia Elétrica - Consumo - Total (Mwh)";"14.984";"20.588";"20.676";"23.287";"17.518";"14.322";"13.480";"14.195";"19.864";"23.403";"24.580";"24.254";"18.862";"24.389";"25.698";"27.820";"20.953";"20.775";"22.513";"25.332";"30.150"
"Cachoeira Alta";"Energia Elétrica de Consumo Próprio - Consumidores (número)";"1";"1";"1";"1";" 1 ";"1";"1";"1";"1";"1";"1";"1";"1";"4";"4";"4";"5";"11";"12";"10";"10"
"Cachoeira Alta";"Energia Elétrica de Consumo Próprio - Consumo (Mwh)";"6";"6";"6";"4";" 4 ";"3";"0";"2";"-";"348";"1";"1";"1";"104";"116";"103";"102";"128";"178";"150";"118"
"Cachoeira Alta";"Energia Elétrica na Iluminação Pública - Consumidores (número)";"1";"1";"1";"1";" 1 ";"1";"1";"1";"1";"1";"1";"1";"1";"1";"1";"2";"1";"1";"1";"1";"1"
"Cachoeira Alta";"Energia Elétrica no Setor Comercial - Consumidores (número)";"279";"287";"303";"318";" 384 ";"403";"395";"396";"413";"414";"412";"408";"405";"401";"384";"386";"379";"377";"374";"370";"356"
"Cachoeira Alta";"Energia Elétrica no Setor Comercial - Consumo (Mwh)";"1.172";"1.248";"1.359";"1.735";"2.014";"2.199";"2.243";"2.219";"2.485";"2.672";"2.629";"2.424";"2.633";"2.791";"3.200";"3.297";"3.114";"3.577";"3.615";"3.785";"3.802"
"Cachoeira Alta";"Energia Elétrica no Setor Industrial - Consumidores (número)";"25";"27";"25";"24";" 21 ";"24";"23";"26";"28";"28";"30";"29";"29";"27";"27";"27";"26";"25";"23";"27";"27"
"Cachoeira Alta";"Energia Elétrica no Setor Industrial - Consumo (Mwh)";"5.522";"11.163";"10.501";"12.557";"5.976";"1.771";"524";"579";"4.532";"6.107";"7.480";"7.332";"1.588";"6.455";"7.338";"7.441";"1.778";"491";"455";"603";"5.576"
"Cachoeira Alta";"Energia Elétrica Rural - Consumidores (número)";"811";"817";"859";"863";" 866 ";"871";"876";"877";"876";"886";"905";"856";"864";"884";"898";"961";"990";"1.082";"1058";"1.074";"1.075"
"Cachoeira Alta";"Energia Elétrica Rural - Consumo (Mwh)";"2.926";"2.857";"3.282";"3.424";"3.575";"3.925";"3.880";"4.268";"4.927";"5.624";"5.271";"5.188";"5.312";"5.329";"5.000";"5.947";"5.313";"5.697";"6.156";"7.395";"7.310"
"Cachoeira de Goiás";"Energia Elétrica - Consumidores - Total (número)";"589";"602";"623";"631";" 641 ";"658";"661";"683";"694";"747";"754";"766";"768";"820";"805";"839";"846";"895";"885";"889";"923"
"Cachoeira de Goiás";"Capacidade Instalada de Energia - Total (MW)";"...";"...";"...";"...";"...";"...";"...";"...";"...";"...";"...";"...";"...";"...";"...";"...";"...";"...";"...";"...";"..."
"Cachoeira de Goiás";"Energia Elétrica - Consumo - Total (Mwh)";"1.574";"1.601";"2.011";"3.302";"3.695";"4.332";"5.041";"5.383";"1.776";"5.153";"4.083";"2.241";"1.957";"2.043";"2.052";"2.145";"2.151";"2.137";"2.292";"2.391";"2.432"
"Cachoeira de Goiás";"Energia Elétrica de Consumo Próprio - Consumidores (número)";"-";"-";"-";"-";" -   ";"-";"-";"-";"-";"-";"-";"-";"-";"";"0";" - ";"";"0";"0";"-";"-"
"Cachoeira de Goiás";"Energia Elétrica de Consumo Próprio - Consumo (Mwh)";"-";"-";"-";"-";" -   ";"-";"-";"-";"-";"-";"-";"0";"-";"0";" - ";"-";"0";"0";"0";"0";"-"
"Cachoeira de Goiás";"Energia Elétrica na Iluminação Pública - Consumidores (número)";"1";"1";"1";"1";" 1 ";"1";"1";"1";"1";"1";"1";"1";"1";"1";"1";"1";"1";"1";"1";"1";"1"
"Cachoeira de Goiás";"Energia Elétrica no Setor Comercial - Consumidores (número)";"24";"26";"26";"30";" 36 ";"35";"33";"30";"31";"33";"33";"32";"35";"33";"32";"32";"31";"31";"32";"31";"36"
"Cachoeira de Goiás";"Energia Elétrica no Setor Comercial - Consumo (Mwh)";"70";"66";"71";"84";"100";"119";"118";"119";"120";"130";"149";"141";"149";"144";"131";"127";"126";"129";"134";"147";"180"
"Cachoeira de Goiás";"Energia Elétrica no Setor Industrial - Consumidores (número)";"4";"4";"5";"3";" 3 ";"3";"2";"2";"1";"2";"2";"1";"1";"1";"1";"1";"1";"0";"0";"0";"1"
"Cachoeira de Goiás";"Energia Elétrica no Setor Industrial - Consumo (Mwh)";"306";"297";"662";"1.917";"2.251";"2.795";"3.463";"3.686";"-";"3.255";"2.159";"378";"0";" -   ";"1";"1";"1";"0";"0";"0";"2"
"Cachoeira de Goiás";"Energia Elétrica Rural - Consumidores (número)";"127";"137";"151";"150";" 150 ";"151";"149";"148";"152";"156";"155";"156";"158";"162";"158";"162";"167";"189";"186";"192";"188"
"Cachoeira de Goiás";"Energia Elétrica Rural - Consumo (Mwh)";"355";"385";"417";"414";"419";"429";"461";"500";"511";"560";"568";"524";"557";"596";"576";"598";"610";"589";"633";"656";"654"
"Cachoeira Dourada";"Energia Elétrica - Consumidores - Total (número)";"3.338";"3.366";"3.361";"3.473";" 3.501 ";"3.561";"3.610";"3.719";"3.849";"3.883";"3.945";"3.976";"3.087";"4.241";"4.187";"4.230";"4.222";"4.304";"4.317";"4.341";"4.345"
"Cachoeira Dourada";"Capacidade Instalada de Energia - Total (MW)";"...";"...";"...";"...";"...";"...";"...";"...";"...";"...";"...";"...";"...";"...";"...";"...";"...";"...";"...";"...";"..."
"Cachoeira Dourada";"Energia Elétrica - Consumo - Total (Mwh)";"12.482";"11.133";"10.351";"12.566";"11.604";"12.062";"12.122";"13.530";"13.307";"14.462";"15.501";"14.274";"10.907";"13.636";"13.999";"15.326";"15.727";"15.778";"16.954";"17.398";"17.388"
"Cachoeira Dourada";"Energia Elétrica de Consumo Próprio - Consumidores (número)";"2";"2";"2";"2";" 2 ";"2";"1";"1";"1";"1";"1";"1";"1";"2";"2";"2";"2";"6";"6";"6";"6"
"Cachoeira Dourada";"Energia Elétrica de Consumo Próprio - Consumo (Mwh)";"12";"8";"15";"15";" 8 ";"8";"7";"7";"9";"12";"5";"7";"10";"10";"9";"5";"5";"41";"21";"19";"22"
"Cachoeira Dourada";"Energia Elétrica na Iluminação Pública - Consumidores (número)";"3";"3";"3";"3";" 3 ";"3";"3";"3";"3";"3";"3";"3";"3";"3";"3";"1";"1";"1";"1";"1";"1"
"Cachoeira Dourada";"Energia Elétrica no Setor Comercial - Consumidores (número)";"267";"260";"255";"257";" 313 ";"318";"305";"307";"306";"303";"297";"290";"217";"287";"271";"264";"255";"254";"245";"243";"234"
"Cachoeira Dourada";"Energia Elétrica no Setor Comercial - Consumo (Mwh)";"1.306";"1.179";"1.296";"1.403";"1.542";"1.540";"1.548";"1.810";"1.730";"1.749";"1.695";"1.672";"1.127";"1.580";"1.665";"1.632";"1.756";"2.093";"2.371";"2.514";"2.128"
"Cachoeira Dourada";"Energia Elétrica no Setor Industrial - Consumidores (número)";"20";"20";"16";"16";" 7 ";"7";"7";"7";"6";"6";"9";"8";"7";"6";"6";"7";"7";"7";"7";"7";"7"
"Cachoeira Dourada";"Energia Elétrica no Setor Industrial - Consumo (Mwh)";"746";"595";"316";"435";"551";"475";"263";"743";"475";"397";"1.891";"390";"235";"129";"273";"1.261";"1.382";"1.795";"1.909";"1.497";"2.034"
"Cachoeira Dourada";"Energia Elétrica Rural - Consumidores (número)";"409";"406";"405";"400";" 396 ";"389";"386";"383";"384";"383";"367";"360";"357";"369";"370";"372";"379";"389";"372";"369";"371"
"Cachoeira Dourada";"Energia Elétrica Rural - Consumo (Mwh)";"4.022";"3.146";"2.362";"4.002";"2.697";"2.954";"2.932";"3.010";"2.616";"3.066";"2.482";"2.735";"1.976";"2.206";"2.002";"2.310";"2.580";"2.054";"2.213";"2.088";"1.975"
"Caçu";"Energia Elétrica - Consumidores - Total (número)";"4.107";"4.213";"4.344";"4.510";" 4.644 ";"4.767";"4.869";"4.997";"5.167";"5.537";"5.594";"5.729";"5.834";"6.212";"6.173";"6.277";"6.398";"6.597";"6.678";"6.757";"6.920"
"Caçu";"Capacidade Instalada de Energia - Total (MW)";"...";"...";"...";"...";"...";"...";"...";"...";"...";"...";"...";"...";"...";"...";"...";"...";"...";"...";"...";"...";"..."
"Caçu";"Energia Elétrica - Consumo - Total (Mwh)";"10.395";"10.394";"11.180";"24.488";"25.313";"19.720";"15.663";"16.972";"17.716";"22.582";"22.909";"23.844";"24.871";"26.420";"27.304";"28.407";"30.194";"29.489";"29.206";"32.943";"33.820"
"Caçu";"Energia Elétrica de Consumo Próprio - Consumidores (número)";"2";"2";"2";"2";" 2 ";"2";"2";"2";"2";"2";"2";"2";"2";"2";"2";"2";"2";"4";"3";"3";"3"
"Caçu";"Energia Elétrica de Consumo Próprio - Consumo (Mwh)";"6";"6";"5";"3";" 3 ";"3";"1";"3";"-";"2";"2";"1";"3";"3";"8";"5";"8";"49";"21";"18";"18"
"Caçu";"Energia Elétrica na Iluminação Pública - Consumidores (número)";"1";"1";"1";"1";" 1 ";"1";"1";"1";"1";"1";"1";"1";"1";"1";"1";"1";"1";"1";"1";"1";"1"
"Caçu";"Energia Elétrica no Setor Comercial - Consumidores (número)";"439";"431";"450";"459";" 513 ";"533";"558";"570";"578";"570";"554";"544";"535";"531";"506";"493";"485";"476";"477";"476";"454"
"Caçu";"Energia Elétrica no Setor Comercial - Consumo (Mwh)";"1.815";"1.761";"1.945";"2.367";"2.781";"2.934";"3.042";"3.199";"3.059";"3.333";"3.314";"2.964";"3.062";"3.295";"3.516";"3.575";"3.631";"3.861";"4.156";"4.610";"4.886"
"Caçu";"Energia Elétrica no Setor Industrial - Consumidores (número)";"31";"32";"30";"35";" 34 ";"35";"36";"35";"33";"33";"32";"30";"29";"25";"26";"22";"22";"22";"22";"21";"22"
"Caçu";"Energia Elétrica no Setor Industrial - Consumo (Mwh)";"345";"241";"323";"12.785";"11.821";"5.295";"944";"678";"705";"1.533";"810";"869";"1.304";"1.179";"942";"934";"871";"999";"717";"738";"980"
"Caçu";"Energia Elétrica Rural - Consumidores (número)";"593";"604";"646";"681";" 674 ";"685";"688";"696";"709";"721";"737";"818";"819";"849";"871";"889";"919";"1.004";"967";"970";"1.010"
"Caçu";"Energia Elétrica Rural - Consumo (Mwh)";"2.351";"2.529";"2.721";"2.581";"3.052";"3.257";"3.323";"3.876";"4.370";"6.657";"7.394";"8.656";"8.719";"9.342";"9.339";"9.933";"11.293";"9.913";"8.339";"9.890";"10.176"
"Caiapônia";"Energia Elétrica - Consumidores - Total (número)";"5.696";"6.093";"6.271";"6.357";" 6.474 ";"6.572";"6.684";"6.835";"7.086";"7.431";"7.571";"7.666";"7.497";"8.110";"8.108";"8.482";"8.623";"9.169";"9.157";"9.217";"9.281"
"Caiapônia";"Capacidade Instalada de Energia - Total (MW)";"...";"...";"...";"...";"...";"...";"...";"...";"...";"...";"...";"...";"...";"...";"...";"...";"...";"...";"...";"...";"..."
"Caiapônia";"Energia Elétrica - Consumo - Total (Mwh)";"14.457";"14.744";"15.415";"15.784";"16.623";"18.529";"20.189";"21.225";"24.377";"22.983";"24.768";"24.985";"26.020";"29.041";"29.623";"30.942";"32.672";"35.416";"39.359";"44.319";"45.664"
"Caiapônia";"Energia Elétrica de Consumo Próprio - Consumidores (número)";"1";"1";"1";"1";" 1 ";"1";"1";"1";"1";"1";"1";"1";"1";"2";"2";"2";"2";"7";"7";"7";"7"
"Caiapônia";"Energia Elétrica de Consumo Próprio - Consumo (Mwh)";"1";"2";"2";"2";" 3 ";"3";"0";"2";"-";"-";"4";"5";"4";"9";"23";"21";"19";"89";"48";"87";"62"
"Caiapônia";"Energia Elétrica na Iluminação Pública - Consumidores (número)";"3";"3";"3";"3";" 3 ";"3";"3";"3";"3";"3";"3";"3";"3";"3";"3";"1";"1";"1";"1";"1";"1"
"Caiapônia";"Energia Elétrica no Setor Comercial - Consumidores (número)";"502";"508";"509";"511";" 584 ";"589";"601";"599";"609";"619";"632";"632";"602";"619";"596";"585";"577";"586";"565";"548";"557"
"Caiapônia";"Energia Elétrica no Setor Comercial - Consumo (Mwh)";"2.421";"2.442";"2.505";"2.510";"2.824";"2.885";"2.876";"2.981";"3.050";"3.131";"3.361";"3.150";"3.149";"3.297";"3.573";"3.454";"3.291";"3.578";"3.612";"4.031";"4.047"
"Caiapônia";"Energia Elétrica no Setor Industrial - Consumidores (número)";"40";"41";"41";"41";" 42 ";"38";"38";"36";"33";"33";"35";"35";"31";"31";"28";"28";"28";"31";"28";"24";"25"
"Caiapônia";"Energia Elétrica no Setor Industrial - Consumo (Mwh)";"1.024";"1.243";"1.083";"1.251";"1.390";"1.559";"2.475";"3.027";"2.859";"2.270";"2.173";"2.380";"3.097";"3.149";"2.909";"2.438";"2.708";"3.499";"3.527";"3.629";"3.876"
"Caiapônia";"Energia Elétrica Rural - Consumidores (número)";"788";"1.044";"1.118";"1.137";" 1.179 ";"1.206";"1.246";"1.333";"1.483";"1.723";"1.738";"1.740";"1.773";"1.842";"1.936";"2.175";"2.216";"2.570";"2450";"2.387";"2.327"
"Caiapônia";"Energia Elétrica Rural - Consumo (Mwh)";"3.015";"3.353";"4.293";"4.111";"4.118";"5.280";"5.734";"5.477";"6.785";"5.649";"6.824";"6.965";"7.560";"9.169";"9.524";"10.566";"12.515";"13.609";"15.576";"18.397";"19.209"
"Caldas Novas";"Energia Elétrica - Consumidores - Total (número)";"35.830";"37.158";"38.771";"40.659";" 42.605 ";"44.677";"47.482";"49.946";"52.173";"55.130";"57.405";"59.208";"59.864";"64.870";"63.833";"65.136";"66.148";"67.892";"69.337";"71.294";"73.009"
"Caldas Novas";"Capacidade Instalada de Energia - Total (MW)";"...";"...";"...";"...";"...";"...";"...";"...";"...";"...";"...";"...";"...";"...";"...";"...";"...";"...";"...";"...";"..."
"Caldas Novas";"Energia Elétrica - Consumo - Total (Mwh)";"97.278";"99.165";"105.895";"110.030";"119.178";"131.656";"141.672";"155.916";"166.885";"183.576";"190.457";"193.084";"198.462";"207.931";"219.350";"201.751";"217.536";"237.713";"262.160";"285.179";"296.888"
"Caldas Novas";"Energia Elétrica de Consumo Próprio - Consumidores (número)";"2";"3";"3";"3";" 3 ";"3";"3";"3";"3";"3";"3";"3";"3";"6";"6";"6";"6";"20";"20";"20";"21"
"Caldas Novas";"Energia Elétrica de Consumo Próprio - Consumo (Mwh)";"43";"45";"47";"46";" 75 ";"52";"46";"39";"37";"40";"49";"42";"36";"398";"344";"281";"320";"508";"280";"407";"337"
"Caldas Novas";"Energia Elétrica na Iluminação Pública - Consumidores (número)";"1";"1";"1";"1";" 1 ";"5";"5";"5";"5";"5";"5";"5";"5";"5";"5";"1";"1";"1";"1";"1";"1"
"Caldas Novas";"Energia Elétrica no Setor Comercial - Consumidores (número)";"2.365";"2.577";"2.744";"2.895";" 4.778 ";"4.832";"5.193";"5.338";"5.438";"5.593";"5.610";"5.443";"5.326";"5.196";"4.844";"4.658";"4.582";"4.622";"4.683";"4.941";"5.057"
"Caldas Novas";"Energia Elétrica no Setor Comercial - Consumo (Mwh)";"32.245";"33.221";"37.118";"39.039";"45.774";"50.354";"54.092";"60.513";"65.055";"73.349";"75.643";"74.857";"76.581";"79.042";"84.127";"65.353";"76.322";"88.994";"96.933";"103.725";"109.404"
"Caldas Novas";"Energia Elétrica no Setor Industrial - Consumidores (número)";"143";"128";"119";"114";" 59 ";"56";"53";"49";"49";"49";"48";"46";"43";"40";"41";"41";"42";"43";"43";"44";"44"
"Caldas Novas";"Energia Elétrica no Setor Industrial - Consumo (Mwh)";"2.833";"3.070";"2.804";"3.084";"2.824";"2.807";"2.748";"2.602";"2.927";"3.023";"2.631";"2.591";"2.447";"1.932";"1.915";"1.843";"2.239";"2.313";"2.009";"2.415";"2.413"
"Caldas Novas";"Energia Elétrica Rural - Consumidores (número)";"873";"895";"925";"934";" 987 ";"997";"998";"1.027";"1.056";"1.087";"1.114";"1.122";"1.128";"1.194";"1.205";"1.251";"1.328";"1.456";"1405";"1.431";"1.427"
"Caldas Novas";"Energia Elétrica Rural - Consumo (Mwh)";"4.261";"3.795";"4.337";"4.153";"4.214";"4.504";"4.689";"4.955";"5.406";"5.016";"5.253";"5.761";"5.445";"6.806";"6.963";"6.950";"7.328";"6.430";"7.055";"7.946";"8.549"
"Caldazinha";"Energia Elétrica - Consumidores - Total (número)";"1.097";"1.177";"1.225";"1.277";" 1.338 ";"1.395";"1.455";"1.565";"1.669";"1.729";"1.795";"1.844";"1.889";"2.019";"1.990";"2.087";"2.196";"2.304";"2.366";"2.436";"2.553"
"Caldazinha";"Capacidade Instalada de Energia - Total (MW)";"...";"...";"...";"...";"...";"...";"...";"...";"...";"...";"...";"...";"...";"...";"...";"...";"...";"...";"...";"...";"..."
"Caldazinha";"Energia Elétrica - Consumo - Total (Mwh)";"2.573";"2.658";"2.880";"2.874";"3.361";"3.610";"3.999";"4.547";"4.947";"5.596";"5.746";"5.793";"5.737";"6.239";"6.388";"7.252";"7.141";"6.900";"7.503";"8.056";"8.755"
"Caldazinha";"Energia Elétrica de Consumo Próprio - Consumidores (número)";"-";"-";"-";"-";" -   ";"-";"-";"-";"-";"-";"-";"-";"-";"1";"1";"1";"1";"5";"5";"5";"5"
"Caldazinha";"Energia Elétrica de Consumo Próprio - Consumo (Mwh)";"-";"-";"-";"-";" -   ";"-";"-";"-";"-";"-";"-";"0";"-";"2";"5";"2";"3";"29";"18";"15";"12"
"Caldazinha";"Energia Elétrica na Iluminação Pública - Consumidores (número)";"1";"1";"1";"1";" 1 ";"1";"1";"1";"1";"1";"1";"1";"1";"1";"1";"1";"1";"1";"1";"1";"1"
"Caldazinha";"Energia Elétrica no Setor Comercial - Consumidores (número)";"56";"65";"65";"64";" 71 ";"71";"66";"65";"66";"65";"62";"57";"58";"57";"54";"57";"57";"54";"58";"52";"52"
"Caldazinha";"Energia Elétrica no Setor Comercial - Consumo (Mwh)";"198";"227";"250";"277";"312";"346";"336";"369";"387";"417";"387";"377";"369";"348";"356";"342";"367";"369";"391";"374";"424"
"Caldazinha";"Energia Elétrica no Setor Industrial - Consumidores (número)";"1";"1";"1";"1";" 2 ";"3";"3";"3";"3";"3";"3";"3";"3";"3";"3";"3";"3";"3";"3";"3";"3"
"Caldazinha";"Energia Elétrica no Setor Industrial - Consumo (Mwh)";"24";"24";"24";"25";"40";"150";"347";"342";"500";"623";"709";"767";"713";"675";"672";"662";"579";"520";"442";"463";"494"
"Caldazinha";"Energia Elétrica Rural - Consumidores (número)";"433";"468";"478";"500";" 508 ";"518";"525";"553";"583";"612";"626";"638";"645";"675";"666";"721";"782";"854";"885";"866";"907"
"Caldazinha";"Energia Elétrica Rural - Consumo (Mwh)";"1.319";"1.362";"1.495";"1.404";"1.743";"1.722";"1.763";"2.066";"2.172";"2.444";"2.517";"2.467";"2.378";"2.655";"2.716";"2.888";"3.153";"2.892";"3.317";"3.434";"3.807"
"Campestre de Goiás";"Energia Elétrica - Consumidores - Total (número)";"1.083";"1.108";"1.117";"1.150";" 1.176 ";"1.203";"1.248";"1.286";"1.320";"1.319";"1.354";"1.371";"1.407";"1.464";"1.457";"1.468";"1.499";"1.728";"1.750";"1.778";"1.826"
"Campestre de Goiás";"Capacidade Instalada de Energia - Total (MW)";"...";"...";"...";"...";"...";"...";"...";"...";"...";"...";"...";"...";"...";"...";"...";"...";"...";"...";"...";"...";"..."
"Campestre de Goiás";"Energia Elétrica - Consumo - Total (Mwh)";"2.805";"3.254";"3.583";"3.919";"4.051";"4.766";"5.039";"5.458";"6.390";"6.213";"6.356";"5.921";"5.953";"5.756";"6.052";"6.223";"6.112";"5.817";"6.171";"6.682";"6.957"
"Campestre de Goiás";"Energia Elétrica de Consumo Próprio - Consumidores (número)";"-";"-";"-";"-";" -   ";"-";"-";"-";"-";"-";"-";"-";"-";"1";"1";"1";"1";"2";"2";"2";"2"
"Campestre de Goiás";"Energia Elétrica de Consumo Próprio - Consumo (Mwh)";"-";"-";"-";"-";" -   ";"-";"-";"-";"-";"-";"-";"0";"-";"24";"-4";"1";"1";"11";"5";"7";"4"
"Campestre de Goiás";"Energia Elétrica na Iluminação Pública - Consumidores (número)";"1";"1";"1";"1";" 1 ";"1";"1";"1";"1";"1";"1";"1";"1";"1";"1";"1";"1";"1";"1";"1";"1"
"Campestre de Goiás";"Energia Elétrica no Setor Comercial - Consumidores (número)";"41";"41";"43";"45";" 85 ";"86";"99";"101";"98";"96";"92";"94";"90";"88";"83";"83";"82";"80";"82";"80";"80"
"Campestre de Goiás";"Energia Elétrica no Setor Comercial - Consumo (Mwh)";"111";"123";"141";"162";"258";"310";"333";"364";"380";"405";"430";"394";"386";"375";"478";"441";"416";"368";"388";"381";"385"
"Campestre de Goiás";"Energia Elétrica no Setor Industrial - Consumidores (número)";"10";"10";"10";"9";" 7 ";"7";"8";"9";"9";"9";"9";"9";"9";"10";"8";"8";"8";"9";"9";"9";"9"
"Campestre de Goiás";"Energia Elétrica no Setor Industrial - Consumo (Mwh)";"664";"771";"896";"1.213";"1.264";"1.597";"1.749";"1.967";"2.630";"2.422";"2.414";"2.023";"2.012";"1.640";"1.576";"1.486";"1.378";"1.181";"1.105";"1.156";"1.083"
"Campestre de Goiás";"Energia Elétrica Rural - Consumidores (número)";"289";"297";"303";"308";" 308 ";"309";"311";"312";"317";"317";"327";"325";"324";"332";"336";"340";"355";"433";"381";"395";"403"
"Campestre de Goiás";"Energia Elétrica Rural - Consumo (Mwh)";"789";"1.016";"1.128";"1.094";"1.105";"1.292";"1.331";"1.393";"1.441";"1.371";"1.458";"1.482";"1.429";"1.565";"1.636";"1.793";"1.818";"1.727";"1.788";"1.933";"2.084"
"Campinaçu";"Energia Elétrica - Consumidores - Total (número)";"1.153";"1.228";"1.366";"1.444";" 1.496 ";"1.531";"1.570";"1.594";"1.655";"1.708";"1.799";"1.811";"1.778";"1.943";"1.845";"1.936";"2.160";"2.523";"2.355";"2.349";"2.370"
"Campinaçu";"Capacidade Instalada de Energia - Total (MW)";"...";"...";"...";"...";"...";"...";"...";"...";"...";"...";"...";"...";"...";"...";"...";"...";"...";"...";"...";"...";"..."
"Campinaçu";"Energia Elétrica - Consumo - Total (Mwh)";"1.901";"1.977";"2.261";"2.473";"2.464";"2.664";"2.858";"3.086";"3.246";"3.490";"3.629";"3.932";"3.882";"4.043";"4.027";"4.169";"4.732";"4.966";"5.502";"5.834";"6.264"
"Campinaçu";"Energia Elétrica de Consumo Próprio - Consumidores (número)";"-";"-";"-";"-";" -   ";"-";"-";"-";"-";"-";"-";"-";"-";"";"0";" - ";"";"0";"0";"-";"-"
"Campinaçu";"Energia Elétrica de Consumo Próprio - Consumo (Mwh)";"-";"-";"-";"-";" -   ";"-";"-";"-";"-";"-";"-";"0";"-";"0";" - ";"-";"0";"0";"0";"0";"-"
"Campinaçu";"Energia Elétrica na Iluminação Pública - Consumidores (número)";"3";"3";"3";"3";" 3 ";"3";"3";"3";"3";"3";"3";"3";"3";"5";"3";"1";"1";"1";"1";"1";"1"
"Campinaçu";"Energia Elétrica no Setor Comercial - Consumidores (número)";"67";"66";"70";"75";" 111 ";"114";"115";"115";"114";"113";"113";"108";"97";"104";"98";"98";"97";"100";"99";"96";"93"
"Campinaçu";"Energia Elétrica no Setor Comercial - Consumo (Mwh)";"154";"185";"208";"221";"293";"340";"339";"369";"438";"435";"460";"438";"420";"357";"408";"383";"481";"481";"537";"579";"601"
"Campinaçu";"Energia Elétrica no Setor Industrial - Consumidores (número)";"4";"4";"4";"4";" 2 ";"2";"1";"2";"2";"2";"1";"1";"1";"1";"0";" - ";"";"0";"0";"0";"-"
"Campinaçu";"Energia Elétrica no Setor Industrial - Consumo (Mwh)";"22";"17";"8";"9";"2";"2";"0";"2";"-";"-";"1";"1";"1";"2";"3";"-";"0";"0";"0";"0";""
"Campinaçu";"Energia Elétrica Rural - Consumidores (número)";"314";"369";"441";"487";" 494 ";"493";"506";"512";"537";"561";"569";"590";"597";"609";"596";"650";"850";"1.171";"976";"958";"941"
"Campinaçu";"Energia Elétrica Rural - Consumo (Mwh)";"319";"417";"582";"721";"633";"582";"652";"721";"693";"927";"875";"1.043";"1.080";"1.245";"1.378";"1.570";"1.821";"1.897";"2.103";"2.161";"2.221"
"Campinorte";"Energia Elétrica - Consumidores - Total (número)";"3.709";"3.878";"4.053";"4.307";" 4.616 ";"4.897";"5.143";"5.400";"5.609";"5.768";"5.921";"5.905";"5.483";"6.255";"6.120";"6.375";"6.427";"6.614";"6.726";"6.863";"7.136"
"Campinorte";"Capacidade Instalada de Energia - Total (MW)";"...";"...";"...";"...";"...";"...";"...";"...";"...";"...";"...";"...";"...";"...";"...";"...";"...";"...";"...";"...";"..."
"Campinorte";"Energia Elétrica - Consumo - Total (Mwh)";"9.293";"9.849";"10.085";"9.958";"10.786";"12.505";"13.377";"13.378";"14.957";"15.786";"16.368";"16.381";"15.193";"17.452";"18.164";"17.915";"18.462";"18.057";"20.294";"23.462";"23.817"
"Campinorte";"Energia Elétrica de Consumo Próprio - Consumidores (número)";"2";"2";"2";"2";" 2 ";"2";"2";"2";"1";"1";"1";"1";"1";"6";"2";"2";"2";"4";"4";"4";"5"
"Campinorte";"Energia Elétrica de Consumo Próprio - Consumo (Mwh)";"3";"3";"4";"5";" 5 ";"6";"3";"5";"8";"9";"7";"4";"5";"4";"8";"2";"5";"31";"15";"13";"22"
"Campinorte";"Energia Elétrica na Iluminação Pública - Consumidores (número)";"4";"4";"4";"4";" 4 ";"4";"4";"4";"4";"4";"4";"4";"4";"4";"4";"1";"1";"1";"1";"2";"2"
"Campinorte";"Energia Elétrica no Setor Comercial - Consumidores (número)";"243";"259";"256";"265";" 381 ";"393";"403";"423";"408";"409";"419";"420";"375";"424";"389";"395";"387";"373";"377";"355";"355"
"Campinorte";"Energia Elétrica no Setor Comercial - Consumo (Mwh)";"1.362";"1.543";"1.639";"1.641";"1.918";"2.279";"2.421";"2.434";"2.788";"2.865";"3.010";"2.813";"2.600";"3.904";"4.290";"3.780";"3.924";"3.714";"3.447";"3.933";"3.832"
"Campinorte";"Energia Elétrica no Setor Industrial - Consumidores (número)";"26";"26";"26";"27";" 24 ";"27";"26";"21";"16";"14";"14";"15";"16";"16";"12";"11";"11";"11";"11";"11";"11"
"Campinorte";"Energia Elétrica no Setor Industrial - Consumo (Mwh)";"1.471";"1.337";"1.409";"1.372";"1.223";"1.482";"1.641";"1.648";"1.479";"1.450";"1.282";"999";"697";"225";"276";"289";"245";"243";"237";"232";"284"
"Campinorte";"Energia Elétrica Rural - Consumidores (número)";"665";"714";"729";"786";" 864 ";"942";"943";"953";"944";"918";"887";"848";"690";"852";"826";"890";"893";"1.004";"941";"929";"972"
"Campinorte";"Energia Elétrica Rural - Consumo (Mwh)";"1.387";"1.540";"1.663";"1.447";"1.739";"2.012";"2.068";"1.544";"1.922";"2.187";"1.857";"2.125";"1.850";"2.359";"2.394";"2.565";"2.645";"2.540";"3.389";"3.259";"3.127"
"Campo Alegre de Goiás";"Energia Elétrica - Consumidores - Total (número)";"2.151";"2.229";"2.290";"2.438";" 2.496 ";"2.551";"2.544";"2.648";"2.741";"2.825";"2.926";"2.965";"3.031";"3.188";"3.214";"3.316";"3.435";"3.605";"3.643";"3.682";"3.785"
"Campo Alegre de Goiás";"Capacidade Instalada de Energia - Total (MW)";"...";"...";"...";"...";"...";"...";"...";"...";"...";"...";"...";"...";"...";"...";"...";"...";"...";"...";"...";"...";"..."
"Campo Alegre de Goiás";"Energia Elétrica - Consumo - Total (Mwh)";"17.762";"18.397";"23.901";"23.746";"21.364";"23.559";"21.799";"24.495";"24.139";"24.836";"23.577";"26.635";"27.269";"27.931";"26.936";"31.401";"38.000";"43.939";"41.409";"42.888";"49.290"
"Campo Alegre de Goiás";"Energia Elétrica de Consumo Próprio - Consumidores (número)";"1";"1";"1";"1";" 1 ";"1";"-";"-";"-";"-";"-";"-";"-";"1";"1";"1";"1";"7";"7";"7";"7"
"Campo Alegre de Goiás";"Energia Elétrica de Consumo Próprio - Consumo (Mwh)";"3";"2";"2";"1";" 2 ";"1";"0";"-";"-";"-";"-";"0";"-";"78";"42";"44";"45";"98";"55";"57";"72"
"Campo Alegre de Goiás";"Energia Elétrica na Iluminação Pública - Consumidores (número)";"2";"2";"2";"2";" 2 ";"2";"2";"2";"2";"2";"2";"2";"2";"2";"2";"1";"1";"1";"1";"1";"1"
"Campo Alegre de Goiás";"Energia Elétrica no Setor Comercial - Consumidores (número)";"178";"187";"191";"205";" 267 ";"276";"260";"260";"264";"261";"264";"258";"261";"256";"244";"235";"232";"244";"243";"243";"237"
"Campo Alegre de Goiás";"Energia Elétrica no Setor Comercial - Consumo (Mwh)";"2.227";"2.088";"2.151";"2.308";"2.438";"1.947";"1.560";"1.818";"1.526";"1.997";"2.617";"2.242";"2.260";"2.268";"2.218";"2.308";"2.455";"4.596";"4.391";"4.431";"3.476"
"Campo Alegre de Goiás";"Energia Elétrica no Setor Industrial - Consumidores (número)";"12";"11";"11";"12";" 6 ";"7";"6";"7";"7";"7";"6";"7";"7";"6";"6";"5";"5";"6";"6";"6";"6"
"Campo Alegre de Goiás";"Energia Elétrica no Setor Industrial - Consumo (Mwh)";"168";"154";"167";"201";"298";"213";"258";"369";"513";"406";"73";"158";"119";"85";"91";"68";"67";"72";"66";"67";"62"
"Campo Alegre de Goiás";"Energia Elétrica Rural - Consumidores (número)";"569";"591";"609";"688";" 695 ";"693";"685";"696";"709";"722";"745";"741";"752";"779";"785";"814";"856";"905";"884";"895";"899"
"Campo Alegre de Goiás";"Energia Elétrica Rural - Consumo (Mwh)";"12.664";"13.313";"18.462";"18.045";"15.340";"17.980";"16.493";"18.590";"18.287";"18.304";"16.529";"19.505";"19.982";"20.206";"19.462";"23.834";"29.410";"33.557";"30.754";"31.783";"38.869"
"Campo Limpo de Goiás";"Energia Elétrica - Consumidores - Total (número)";"1.796";"1.914";"1.969";"2.035";" 2.128 ";"2.214";"2.273";"2.359";"2.485";"2.550";"2.661";"2.717";"2.769";"2.944";"2.891";"2.997";"3.112";"3.176";"3.345";"3.428";"3.526"
"Campo Limpo de Goiás";"Capacidade Instalada de Energia - Total (MW)";"...";"...";"...";"...";"...";"...";"...";"...";"...";"...";"...";"...";"...";"...";"...";"...";"...";"...";"...";"...";"..."
"Campo Limpo de Goiás";"Energia Elétrica - Consumo - Total (Mwh)";"9.391";"9.674";"9.806";"10.397";"10.502";"12.219";"12.058";"12.444";"13.075";"14.010";"14.141";"13.869";"15.069";"16.950";"17.528";"18.686";"20.348";"21.507";"23.744";"26.328";"27.483"
"Campo Limpo de Goiás";"Energia Elétrica de Consumo Próprio - Consumidores (número)";"-";"1";"1";"1";" 1 ";"1";"1";"1";"1";"1";"1";"1";"1";"3";"1";"1";"1";"3";"3";"3";"3"
"Campo Limpo de Goiás";"Energia Elétrica de Consumo Próprio - Consumo (Mwh)";"-";"4";"4";"-";" 1 ";"0";"0";"-";"-";"-";"1";"2";"3";"4";"4";"4";"3";"22";"11";"11";"13"
"Campo Limpo de Goiás";"Energia Elétrica na Iluminação Pública - Consumidores (número)";"1";"1";"1";"1";" 1 ";"1";"1";"1";"1";"1";"1";"1";"1";"1";"1";"1";"1";"1";"1";"1";"1"
"Campo Limpo de Goiás";"Energia Elétrica no Setor Comercial - Consumidores (número)";"90";"106";"161";"159";" 182 ";"188";"193";"199";"199";"197";"196";"181";"182";"186";"173";"169";"171";"174";"175";"162";"163"
"Campo Limpo de Goiás";"Energia Elétrica no Setor Comercial - Consumo (Mwh)";"227";"255";"402";"473";"516";"650";"683";"715";"818";"814";"843";"651";"638";"715";"804";"795";"765";"1.333";"1.569";"1.603";"1.343"
"Campo Limpo de Goiás";"Energia Elétrica no Setor Industrial - Consumidores (número)";"25";"26";"26";"26";" 27 ";"26";"24";"22";"22";"21";"21";"21";"22";"24";"20";"20";"21";"19";"19";"18";"18"
"Campo Limpo de Goiás";"Energia Elétrica no Setor Industrial - Consumo (Mwh)";"5.431";"5.117";"5.266";"5.676";"5.688";"6.618";"6.302";"6.433";"6.679";"6.422";"6.199";"5.875";"6.963";"7.924";"8.106";"8.959";"10.260";"11.095";"12.470";"13.391";"14.182"
"Campo Limpo de Goiás";"Energia Elétrica Rural - Consumidores (número)";"297";"318";"322";"322";" 327 ";"332";"332";"334";"339";"351";"367";"363";"374";"430";"400";"418";"444";"492";"499";"495";"518"
"Campo Limpo de Goiás";"Energia Elétrica Rural - Consumo (Mwh)";"1.440";"1.780";"1.701";"1.615";"1.576";"2.117";"2.030";"2.018";"1.982";"2.741";"2.819";"2.853";"2.832";"3.282";"3.362";"3.341";"3.399";"2.833";"3.066";"3.454";"4.316"
"Campos Belos";"Energia Elétrica - Consumidores - Total (número)";"5.551";"5.657";"5.873";"6.136";" 6.330 ";"6.491";"6.639";"6.941";"7.267";"7.541";"7.753";"7.700";"7.340";"8.120";"7.982";"8.187";"8.468";"8.578";"8.857";"8.949";"9.158"
"Campos Belos";"Capacidade Instalada de Energia - Total (MW)";"...";"...";"...";"...";"...";"...";"...";"...";"...";"...";"...";"...";"...";"...";"...";"...";"...";"...";"...";"...";"..."
"Campos Belos";"Energia Elétrica - Consumo - Total (Mwh)";"12.305";"12.457";"12.899";"13.255";"13.810";"15.316";"16.175";"18.179";"18.983";"19.455";"19.340";"19.430";"19.126";"21.072";"21.538";"21.215";"21.343";"22.034";"24.437";"26.207";"26.680"
"Campos Belos";"Energia Elétrica de Consumo Próprio - Consumidores (número)";"2";"2";"3";"2";" 2 ";"2";"2";"2";"2";"2";"2";"2";"2";"2";"2";"2";"2";"5";"5";"5";"5"
"Campos Belos";"Energia Elétrica de Consumo Próprio - Consumo (Mwh)";"5";"5";"6";"12";" 17 ";"20";"23";"22";"21";"23";"21";"23";"23";"21";"23";"13";"9";"46";"64";"39";"37"
"Campos Belos";"Energia Elétrica na Iluminação Pública - Consumidores (número)";"3";"3";"3";"3";" 3 ";"3";"3";"3";"3";"3";"3";"3";"3";"3";"3";"1";"1";"1";"1";"1";"1"
"Campos Belos";"Energia Elétrica no Setor Comercial - Consumidores (número)";"440";"455";"474";"488";" 691 ";"711";"710";"741";"737";"721";"717";"698";"647";"668";"629";"620";"605";"606";"616";"596";"585"
"Campos Belos";"Energia Elétrica no Setor Comercial - Consumo (Mwh)";"2.105";"2.234";"2.478";"2.545";"3.301";"3.617";"3.664";"4.175";"4.591";"4.564";"4.336";"4.274";"4.341";"4.284";"4.560";"4.099";"3.936";"4.248";"4.477";"4.781";"5.070"
"Campos Belos";"Energia Elétrica no Setor Industrial - Consumidores (número)";"43";"41";"41";"38";" 36 ";"33";"32";"34";"36";"36";"37";"36";"35";"37";"33";"33";"29";"30";"30";"31";"30"
"Campos Belos";"Energia Elétrica no Setor Industrial - Consumo (Mwh)";"1.547";"1.564";"1.720";"1.847";"1.441";"1.709";"2.185";"2.248";"1.544";"1.548";"1.500";"1.135";"1.275";"1.897";"1.399";"1.114";"1.214";"750";"680";"732";"118"
"Campos Belos";"Energia Elétrica Rural - Consumidores (número)";"293";"233";"252";"310";" 335 ";"342";"348";"356";"357";"361";"375";"387";"393";"413";"422";"428";"641";"658";"668";"684";"708"
"Campos Belos";"Energia Elétrica Rural - Consumo (Mwh)";"711";"692";"473";"488";"528";"614";"663";"794";"880";"879";"904";"970";"970";"1.077";"1.152";"1.199";"1.408";"1.466";"1.724";"1.915";"1.849"
"Campos Verdes";"Energia Elétrica - Consumidores - Total (número)";"2.384";"2.337";"2.241";"2.324";" 2.284 ";"2.216";"2.155";"2.190";"2.173";"2.160";"2.119";"2.114";"2.123";"2.204";"2.167";"2.205";"2.226";"2.250";"2.270";"2.307";"2.336"
"Campos Verdes";"Capacidade Instalada de Energia - Total (MW)";"...";"...";"...";"...";"...";"...";"...";"...";"...";"...";"...";"...";"...";"...";"...";"...";"...";"...";"...";"...";"..."
"Campos Verdes";"Energia Elétrica - Consumo - Total (Mwh)";"6.109";"5.342";"5.412";"5.532";"4.979";"4.931";"4.952";"4.856";"5.276";"5.286";"4.970";"4.786";"4.713";"4.857";"5.474";"5.460";"5.654";"5.898";"6.705";"7.507";"7.678"
"Campos Verdes";"Energia Elétrica de Consumo Próprio - Consumidores (número)";"1";"1";"1";"1";" 1 ";"1";"1";"1";"1";"1";"1";"1";"1";"2";"1";"1";"1";"1";"2";"2";"2"
"Campos Verdes";"Energia Elétrica de Consumo Próprio - Consumo (Mwh)";"1";"6";"5";"1";" -   ";"0";"0";"-";"-";"-";"0";"0";"0";"1";"3";"1";"1";"8";"5";"6";"6"
"Campos Verdes";"Energia Elétrica na Iluminação Pública - Consumidores (número)";"1";"1";"1";"1";" 1 ";"1";"1";"1";"1";"1";"1";"1";"1";"1";"1";"1";"1";"1";"1";"1";"1"
"Campos Verdes";"Energia Elétrica no Setor Comercial - Consumidores (número)";"152";"144";"150";"161";" 214 ";"210";"194";"199";"197";"200";"192";"191";"189";"184";"181";"180";"178";"175";"172";"172";"164"
"Campos Verdes";"Energia Elétrica no Setor Comercial - Consumo (Mwh)";"569";"547";"566";"617";"640";"709";"804";"792";"847";"844";"824";"774";"954";"903";"920";"963";"966";"1.087";"884";"980";"1.200"
"Campos Verdes";"Energia Elétrica no Setor Industrial - Consumidores (número)";"64";"56";"39";"38";" 24 ";"17";"17";"17";"13";"13";"13";"12";"12";"10";"8";"7";"6";"6";"5";"5";"5"
"Campos Verdes";"Energia Elétrica no Setor Industrial - Consumo (Mwh)";"1.917";"1.603";"1.586";"1.721";"1.217";"936";"851";"847";"964";"803";"612";"387";"53";"-10";"20";"18";"16";"15";"18";"17";"16"
"Campos Verdes";"Energia Elétrica Rural - Consumidores (número)";"118";"122";"130";"214";" 255 ";"252";"247";"248";"249";"248";"245";"246";"246";"252";"254";"249";"255";"273";"276";"276";"275"
"Campos Verdes";"Energia Elétrica Rural - Consumo (Mwh)";"282";"308";"306";"331";"359";"397";"430";"319";"365";"484";"414";"487";"504";"587";"634";"712";"820";"770";"846";"1.004";"882"
"Carmo do Rio Verde";"Energia Elétrica - Consumidores - Total (número)";"2.908";"3.087";"3.217";"3.106";" 3.428 ";"3.166";"3.583";"3.663";"3.914";"3.982";"4.038";"4.115";"4.141";"4.164";"4.200";"4.278";"13.636";"4.401";"4.443";"4.489";"4.605"
"Carmo do Rio Verde";"Capacidade Instalada de Energia - Total (MW)";"...";"...";"...";"...";"...";"...";"...";"...";"...";"...";"...";"...";"...";"...";"...";"...";"...";"...";"...";"...";"..."
"Carmo do Rio Verde";"Energia Elétrica - Consumo - Total (Mwh)";"12.463";"7.874";"8.281";"8.494";"9.035";"9.222";"9.208";"10.683";"13.545";"11.985";"11.869";"12.352";"12.705";"12.856";"13.217";"14.007";"13.653";"14.006";"14.999";"14.062";"17.587"
"Carmo do Rio Verde";"Energia Elétrica de Consumo Próprio - Consumidores (número)";"2";"2";"2";"1";" 2 ";"3";"3";"3";"2";"2";"2";"2";"2";"2";"2";"2";"8";"2";"2";"2";"2"
"Carmo do Rio Verde";"Energia Elétrica de Consumo Próprio - Consumo (Mwh)";"6";"8";"9";"9";" 8 ";"12";"14";"12";"21";"9";"10";"11";"9";"9";"9";"8";"8";"8";"9";"9";"9"
"Carmo do Rio Verde";"Energia Elétrica na Iluminação Pública - Consumidores (número)";"1";"1";"1";"3";" 1 ";"1";"1";"1";"1";"1";"1";"1";"1";"1";"1";"1";"497";"1";"1";"1";"1"
"Carmo do Rio Verde";"Energia Elétrica no Setor Comercial - Consumidores (número)";"174";"181";"206";"170";" 215 ";"217";"231";"235";"254";"274";"271";"274";"271";"272";"267";"268";"1.528";"280";"284";"294";"288"
"Carmo do Rio Verde";"Energia Elétrica no Setor Comercial - Consumo (Mwh)";"708";"769";"890";"939";"1.039";"1.141";"1.056";"1.229";"2.023";"1.375";"1.379";"1.346";"1.334";"1.333";"1.451";"1.499";"1.528";"1.612";"1.700";"1.914";"2.061"
"Carmo do Rio Verde";"Energia Elétrica no Setor Industrial - Consumidores (número)";"32";"36";"33";"43";" 34 ";"32";"28";"25";"23";"12";"12";"11";"9";"9";"9";"9";"2.699";"9";"9";"9";"9"
"Carmo do Rio Verde";"Energia Elétrica no Setor Industrial - Consumo (Mwh)";"6.525";"1.806";"1.849";"1.783";"2.020";"1.844";"1.827";"2.618";"2.880";"2.756";"2.601";"2.665";"2.800";"2.840";"2.902";"3.144";"2.699";"2.705";"2.882";"3.352";"3.662"
"Carmo do Rio Verde";"Energia Elétrica Rural - Consumidores (número)";"439";"504";"541";"474";" 570 ";"259";"578";"589";"596";"600";"605";"599";"609";"626";"629";"605";"2.240";"608";"608";"550";"540"
"Carmo do Rio Verde";"Energia Elétrica Rural - Consumo (Mwh)";"1.241";"1.229";"1.355";"1.423";"1.446";"1.519";"1.639";"1.591";"1.615";"1.734";"1.744";"1.878";"1.925";"1.947";"2.058";"2.216";"2.257";"2.272";"2.283";"27";"2.496"
"Castelândia";"Energia Elétrica - Consumidores - Total (número)";"1.340";"1.351";"1.385";"1.421";" 1.436 ";"1.433";"1.433";"1.493";"1.571";"1.582";"1.618";"1.583";"1.578";"1.632";"1.579";"1.616";"1.597";"1.660";"1.641";"1.689";"1.705"
"Castelândia";"Capacidade Instalada de Energia - Total (MW)";"...";"...";"...";"...";"...";"...";"...";"...";"...";"...";"...";"...";"...";"...";"...";"...";"...";"...";"...";"...";"..."
"Castelândia";"Energia Elétrica - Consumo - Total (Mwh)";"4.702";"4.077";"4.625";"4.855";"4.692";"5.187";"5.063";"4.875";"5.692";"5.198";"5.294";"5.051";"5.353";"5.352";"5.544";"5.671";"5.680";"5.410";"5.467";"5.721";"5.760"
"Castelândia";"Energia Elétrica de Consumo Próprio - Consumidores (número)";"1";"1";"1";"1";" -   ";"-";"-";"-";"-";"-";"-";"-";"-";"2";"1";"1";"1";"3";"3";"3";"3"
"Castelândia";"Energia Elétrica de Consumo Próprio - Consumo (Mwh)";"2";"3";"3";"3";" 2 ";"-";"0";"-";"-";"-";"-";"0";"-";"2";"2";"2";"1";"14";"8";"7";"6"
"Castelândia";"Energia Elétrica na Iluminação Pública - Consumidores (número)";"1";"1";"1";"1";" 1 ";"1";"1";"1";"1";"1";"1";"1";"1";"3";"1";"1";"1";"1";"1";"1";"1"
"Castelândia";"Energia Elétrica no Setor Comercial - Consumidores (número)";"100";"105";"101";"116";" 138 ";"131";"125";"127";"126";"123";"123";"113";"108";"103";"99";"103";"96";"104";"101";"98";"95"
"Castelândia";"Energia Elétrica no Setor Comercial - Consumo (Mwh)";"841";"802";"866";"1.153";"1.087";"1.092";"1.136";"1.016";"1.250";"1.060";"1.112";"960";"1.285";"1.277";"1.231";"1.316";"1.257";"1.109";"1.107";"969";"999"
"Castelândia";"Energia Elétrica no Setor Industrial - Consumidores (número)";"6";"6";"3";"2";" 2 ";"3";"5";"5";"3";"3";"3";"2";"1";"1";"1";"1";"1";"1";"1";"1";"1"
"Castelândia";"Energia Elétrica no Setor Industrial - Consumo (Mwh)";"17";"16";"15";"6";"5";"2";"2";"3";"-";"-";"2";"2";"1";"1";"1";"1";"1";"1";"1";"1";"1"
"Castelândia";"Energia Elétrica Rural - Consumidores (número)";"112";"113";"121";"122";" 112 ";"116";"107";"112";"116";"113";"117";"110";"89";"90";"90";"89";"91";"115";"87";"103";"113"
"Castelândia";"Energia Elétrica Rural - Consumo (Mwh)";"1.533";"932";"1.283";"1.116";"910";"1.345";"1.064";"738";"1.312";"732";"735";"662";"571";"586";"658";"648";"599";"587";"626";"577";"547"
"Catalão";"Energia Elétrica - Consumidores - Total (número)";"27.468";"29.146";"30.526";"32.333";" 34.383 ";"36.105";"37.858";"39.537";"41.505";"43.699";"45.869";"46.935";"45.453";"50.461";"50.311";"52.072";"53.857";"55.306";"55.710";"57.039";"58.345"
"Catalão";"Capacidade Instalada de Energia - Total (MW)";"...";"...";"...";"...";"...";"...";"...";"...";"...";"...";"...";"...";"...";"...";"...";"...";"...";"...";"...";"...";"..."
"Catalão";"Energia Elétrica - Consumo - Total (Mwh)";"263.049";"258.128";"296.562";"304.266";"264.386";"286.162";"317.754";"318.948";"191.983";"352.233";"362.541";"360.289";"349.841";"358.659";"346.980";"353.498";"355.226";"371.178";"389.789";"405.489";"404.635"
"Catalão";"Energia Elétrica de Consumo Próprio - Consumidores (número)";"2";"2";"2";"2";" 1 ";"1";"1";"1";"1";"1";"1";"1";"1";"6";"4";"4";"4";"19";"21";"21";"21"
"Catalão";"Energia Elétrica de Consumo Próprio - Consumo (Mwh)";"23";"28";"28";"28";" 35 ";"34";"31";"30";"28";"25";"29";"29";"24";"413";"427";"395";"369";"548";"377";"343";"351"
"Catalão";"Energia Elétrica na Iluminação Pública - Consumidores (número)";"6";"6";"6";"6";" 6 ";"7";"7";"7";"7";"7";"7";"7";"7";"7";"7";"1";"1";"1";"1";"1";"1"
"Catalão";"Energia Elétrica no Setor Comercial - Consumidores (número)";"2.332";"2.540";"2.651";"2.783";" 3.934 ";"4.011";"3.981";"3.993";"3.985";"3.970";"4.004";"3.954";"3.848";"3.918";"3.683";"3.588";"3.495";"3.389";"3.329";"3.284";"3.208"
"Catalão";"Energia Elétrica no Setor Comercial - Consumo (Mwh)";"16.692";"17.814";"19.590";"23.177";"30.077";"33.429";"35.124";"37.658";"40.716";"42.750";"42.196";"38.023";"35.957";"38.357";"40.835";"38.077";"40.394";"44.789";"47.061";"50.349";"48.751"
"Catalão";"Energia Elétrica no Setor Industrial - Consumidores (número)";"139";"128";"124";"118";" 75 ";"150";"134";"131";"127";"128";"133";"134";"128";"130";"124";"121";"115";"116";"110";"112";"108"
"Catalão";"Energia Elétrica no Setor Industrial - Consumo (Mwh)";"176.788";"170.307";"201.567";"202.108";"151.523";"165.163";"188.406";"180.378";"41.216";"190.345";"195.933";"195.094";"194.600";"188.764";"168.482";"172.581";"167.681";"183.434";"186.287";"188.396";"184.191"
"Catalão";"Energia Elétrica Rural - Consumidores (número)";"1.854";"1.952";"1.986";"2.075";" 2.138 ";"2.143";"2.209";"2.256";"2.268";"2.314";"2.353";"2.375";"1.840";"2.549";"2.634";"2.773";"2.914";"3.245";"3176";"3.194";"3.220"
"Catalão";"Energia Elétrica Rural - Consumo (Mwh)";"10.749";"8.921";"12.073";"10.844";"10.012";"10.629";"12.787";"12.911";"14.543";"14.867";"13.779";"14.810";"5.805";"15.327";"15.405";"16.360";"17.976";"16.784";"17.358";"17.347";"18.377"
"Caturaí";"Energia Elétrica - Consumidores - Total (número)";"1.504";"1.556";"1.585";"1.622";" 1.685 ";"1.743";"1.800";"1.956";"2.012";"2.045";"2.103";"2.145";"2.181";"2.312";"2.282";"2.369";"2.433";"2.476";"2.532";"2.567";"2.615"
"Caturaí";"Capacidade Instalada de Energia - Total (MW)";"...";"...";"...";"...";"...";"...";"...";"...";"...";"...";"...";"...";"...";"...";"...";"...";"...";"...";"...";"...";"..."
"Caturaí";"Energia Elétrica - Consumo - Total (Mwh)";"4.962";"4.857";"5.267";"5.516";"5.836";"6.254";"6.319";"6.753";"6.985";"7.256";"7.251";"7.071";"6.959";"7.169";"7.309";"8.060";"8.415";"8.404";"8.759";"10.085";"10.220"
"Caturaí";"Energia Elétrica de Consumo Próprio - Consumidores (número)";"-";"-";"-";"-";" -   ";"-";"-";"-";"-";"-";"-";"-";"-";"5";"1";"1";"1";"3";"2";"3";"3"
"Caturaí";"Energia Elétrica de Consumo Próprio - Consumo (Mwh)";"-";"-";"-";"-";" -   ";"-";"-";"-";"-";"-";"-";"0";"-";"1";"1";"2";"1";"14";"5";"6";"7"
"Caturaí";"Energia Elétrica na Iluminação Pública - Consumidores (número)";"1";"1";"1";"1";" 1 ";"1";"1";"1";"1";"1";"1";"1";"1";"1";"1";"1";"1";"1";"1";"1";"1"
"Caturaí";"Energia Elétrica no Setor Comercial - Consumidores (número)";"79";"79";"85";"91";" 115 ";"118";"124";"128";"128";"121";"128";"125";"123";"116";"113";"107";"104";"101";"112";"112";"112"
"Caturaí";"Energia Elétrica no Setor Comercial - Consumo (Mwh)";"179";"208";"254";"275";"367";"443";"473";"492";"515";"579";"645";"630";"580";"552";"700";"548";"499";"479";"539";"643";"655"
"Caturaí";"Energia Elétrica no Setor Industrial - Consumidores (número)";"12";"10";"10";"10";" 9 ";"10";"10";"10";"10";"9";"9";"8";"8";"8";"7";"8";"7";"7";"7";"7";"7"
"Caturaí";"Energia Elétrica no Setor Industrial - Consumo (Mwh)";"1.021";"966";"1.105";"1.340";"1.403";"1.445";"1.494";"1.629";"1.713";"1.688";"1.470";"912";"623";"479";"396";"585";"641";"510";"214";"624";"542"
"Caturaí";"Energia Elétrica Rural - Consumidores (número)";"294";"296";"305";"312";" 315 ";"322";"317";"321";"323";"328";"328";"334";"339";"349";"336";"360";"393";"403";"415";"416";"432"
"Caturaí";"Energia Elétrica Rural - Consumo (Mwh)";"1.560";"1.393";"1.568";"1.407";"1.425";"1.723";"1.609";"1.681";"1.685";"1.704";"1.728";"2.045";"2.213";"2.410";"2.464";"2.713";"3.097";"3.114";"3.389";"3.876";"3.796"
"Cavalcante";"Energia Elétrica - Consumidores - Total (número)";"1.543";"1.631";"1.740";"1.867";" 1.994 ";"2.105";"2.224";"2.435";"2.495";"2.528";"2.623";"2.731";"2.685";"3.085";"3.416";"3.697";"4.494";"4.731";"4.976";"5.086";"5.128"
"Cavalcante";"Capacidade Instalada de Energia - Total (MW)";"...";"...";"...";"...";"...";"...";"...";"...";"...";"...";"...";"...";"...";"...";"...";"...";"...";"...";"...";"...";"..."
"Cavalcante";"Energia Elétrica - Consumo - Total (Mwh)";"2.354";"2.593";"2.728";"2.973";"3.238";"3.617";"3.754";"4.157";"4.296";"4.544";"4.609";"4.851";"4.899";"5.241";"5.457";"5.768";"6.497";"6.982";"7.906";"9.166";"9.615"
"Cavalcante";"Energia Elétrica de Consumo Próprio - Consumidores (número)";"1";"1";"1";"-";" -   ";"-";"-";"-";"-";"-";"-";"-";"-";"0";"0";" - ";"";"1";"1";"1";"1"
"Cavalcante";"Energia Elétrica de Consumo Próprio - Consumo (Mwh)";"-";"-";"1";"-";" -   ";"-";"-";"-";"-";"-";"-";"0";"-";"0";" - ";"-";"0";"24";"10";"10";"10"
"Cavalcante";"Energia Elétrica na Iluminação Pública - Consumidores (número)";"2";"2";"2";"2";" 2 ";"2";"2";"2";"2";"2";"2";"2";"2";"2";"2";"1";"1";"1";"1";"2";"1"
"Cavalcante";"Energia Elétrica no Setor Comercial - Consumidores (número)";"113";"134";"145";"168";" 234 ";"250";"257";"264";"262";"268";"272";"266";"260";"260";"253";"252";"252";"244";"243";"235";"237"
"Cavalcante";"Energia Elétrica no Setor Comercial - Consumo (Mwh)";"262";"299";"351";"465";"599";"660";"690";"776";"878";"924";"960";"962";"920";"913";"944";"857";"951";"939";"1.031";"960";"1.080"
"Cavalcante";"Energia Elétrica no Setor Industrial - Consumidores (número)";"8";"8";"7";"7";" 6 ";"6";"6";"6";"6";"5";"5";"5";"5";"4";"3";"3";"3";"3";"3";"3";"3"
"Cavalcante";"Energia Elétrica no Setor Industrial - Consumo (Mwh)";"23";"18";"13";"19";"23";"25";"52";"31";"15";"16";"16";"16";"13";"12";"6";"5";"4";"5";"5";"7";"6"
"Cavalcante";"Energia Elétrica Rural - Consumidores (número)";"55";"63";"90";"96";" 102 ";"110";"118";"213";"216";"213";"214";"270";"220";"406";"694";"892";"1.535";"1.764";"1825";"1.635";"1.545"
"Cavalcante";"Energia Elétrica Rural - Consumo (Mwh)";"115";"145";"175";"156";"177";"207";"232";"351";"321";"346";"352";"379";"364";"537";"725";"900";"1.247";"1.608";"2.053";"2.148";"2.314"
"Ceres";"Energia Elétrica - Consumidores - Total (número)";"7.291";"7.476";"7.684";"9.155";" 8.092 ";"8.336";"8.577";"8.931";"9.258";"9.508";"9.839";"10.030";"10.215";"10.375";"10.561";"10.735";"41.849";"10.947";"11.074";"11.243";"11.442"
"Ceres";"Capacidade Instalada de Energia - Total (MW)";"...";"...";"...";"...";"...";"...";"...";"...";"...";"...";"...";"...";"...";"...";"...";"...";"...";"...";"...";"...";"..."
"Ceres";"Energia Elétrica - Consumo - Total (Mwh)";"22.059";"22.896";"23.909";"24.311";"25.714";"28.225";"27.175";"31.838";"32.808";"36.831";"37.623";"38.481";"39.290";"40.015";"41.031";"41.746";"41.895";"43.605";"47.660";"48.932";"52.413"
"Ceres";"Energia Elétrica de Consumo Próprio - Consumidores (número)";"2";"2";"2";"9";" 2 ";"2";"2";"2";"2";"2";"2";"2";"2";"2";"2";"2";"139";"2";"2";"2";"2"
"Ceres";"Energia Elétrica de Consumo Próprio - Consumo (Mwh)";"116";"122";"140";"140";" 144 ";"142";"114";"123";"134";"160";"170";"168";"154";"143";"144";"139";"139";"138";"139";"139";"138"
"Ceres";"Energia Elétrica na Iluminação Pública - Consumidores (número)";"1";"1";"1";"11";" 1 ";"1";"1";"1";"1";"1";"1";"1";"1";"1";"1";"1";"2.035";"1";"1";"1";"1"
"Ceres";"Energia Elétrica no Setor Comercial - Consumidores (número)";"731";"766";"835";"1.265";" 865 ";"879";"889";"910";"935";"991";"992";"990";"999";"1.031";"1.056";"1.092";"11.340";"1.122";"1.130";"1.150";"1.156"
"Ceres";"Energia Elétrica no Setor Comercial - Consumo (Mwh)";"5.400";"5.733";"6.581";"6.996";"7.246";"8.023";"7.714";"9.266";"9.114";"10.333";"10.605";"10.683";"10.931";"10.974";"11.358";"10.980";"11.339";"12.129";"13.415";"14.171";"14.774"
"Ceres";"Energia Elétrica no Setor Industrial - Consumidores (número)";"64";"72";"74";"21";" 64 ";"67";"68";"53";"54";"25";"26";"26";"24";"24";"20";"20";"4.035";"17";"16";"14";"13"
"Ceres";"Energia Elétrica no Setor Industrial - Consumo (Mwh)";"1.103";"1.304";"884";"869";"1.155";"1.452";"1.594";"1.883";"2.107";"2.589";"2.559";"2.725";"2.887";"3.222";"3.245";"3.716";"4.035";"4.023";"4.163";"4.489";"3.920"
"Ceres";"Energia Elétrica Rural - Consumidores (número)";"398";"410";"442";"304";" 476 ";"492";"495";"518";"539";"515";"554";"561";"580";"597";"574";"588";"1.894";"578";"569";"536";"493"
"Ceres";"Energia Elétrica Rural - Consumo (Mwh)";"783";"793";"903";"899";"960";"1.057";"1.058";"1.127";"1.271";"1.271";"1.372";"1.550";"1.626";"1.642";"1.665";"2.034";"1.943";"1.910";"2.103";"44";"2.042"
"Cezarina";"Energia Elétrica - Consumidores - Total (número)";"2.668";"2.766";"2.846";"2.941";" 3.006 ";"3.065";"3.160";"3.250";"3.415";"3.485";"3.567";"3.730";"3.288";"3.905";"3.877";"4.016";"4.088";"4.250";"4.327";"4.336";"4.534"
"Cezarina";"Capacidade Instalada de Energia - Total (MW)";"...";"...";"...";"...";"...";"...";"...";"...";"...";"...";"...";"...";"...";"...";"...";"...";"...";"...";"...";"...";"..."
"Cezarina";"Energia Elétrica - Consumo - Total (Mwh)";"108.703";"106.785";"118.285";"120.517";"124.032";"133.106";"126.003";"149.013";"11.858";"159.087";"140.629";"118.739";"147.049";"130.820";"137.817";"150.356";"147.172";"153.473";"152.421";"154.387";"153.025"
"Cezarina";"Energia Elétrica de Consumo Próprio - Consumidores (número)";"2";"2";"1";"1";" 1 ";"1";"1";"1";"1";"-";"-";"-";"-";"1";"1";"1";"1";"4";"4";"4";"4"
"Cezarina";"Energia Elétrica de Consumo Próprio - Consumo (Mwh)";"6";"11";"3";"3";" 4 ";"3";"-";"3";"-";"-";"-";"0";"-";"83";"57";"61";"60";"84";"67";"94";"74"
"Cezarina";"Energia Elétrica na Iluminação Pública - Consumidores (número)";"2";"2";"2";"2";" 2 ";"3";"3";"3";"3";"3";"3";"3";"3";"9";"3";"1";"1";"1";"1";"1";"1"
"Cezarina";"Energia Elétrica no Setor Comercial - Consumidores (número)";"200";"205";"207";"215";" 262 ";"261";"255";"260";"268";"262";"265";"272";"245";"258";"243";"245";"238";"230";"231";"229";"225"
"Cezarina";"Energia Elétrica no Setor Comercial - Consumo (Mwh)";"705";"819";"928";"954";"1.082";"1.229";"1.300";"1.335";"1.315";"1.382";"1.480";"1.475";"1.588";"1.616";"1.781";"1.712";"1.693";"1.827";"1.725";"2.001";"2.067"
"Cezarina";"Energia Elétrica no Setor Industrial - Consumidores (número)";"46";"44";"42";"43";" 37 ";"38";"37";"37";"35";"36";"34";"33";"33";"38";"30";"30";"32";"31";"32";"31";"32"
"Cezarina";"Energia Elétrica no Setor Industrial - Consumo (Mwh)";"102.560";"100.388";"111.302";"113.238";"116.317";"124.654";"116.758";"138.870";"1.640";"148.457";"129.318";"106.899";"136.744";"118.660";"124.568";"136.300";"131.995";"139.783";"137.950";"138.678";"136.730"
"Cezarina";"Energia Elétrica Rural - Consumidores (número)";"520";"538";"551";"559";" 558 ";"567";"586";"599";"630";"668";"678";"680";"480";"717";"754";"782";"816";"878";"887";"866";"993"
"Cezarina";"Energia Elétrica Rural - Consumo (Mwh)";"1.777";"1.739";"1.946";"2.011";"2.189";"2.524";"2.823";"3.315";"3.133";"3.265";"3.467";"4.025";"2.919";"4.041";"4.560";"5.120";"6.200";"4.650";"4.833";"5.004";"5.229"
"Chapadão do Céu";"Energia Elétrica - Consumidores - Total (número)";"1.580";"1.657";"1.742";"1.873";" 1.989 ";"2.215";"2.341";"2.612";"2.943";"3.157";"3.388";"3.612";"3.747";"4.205";"4.469";"4.758";"5.056";"5.296";"5.611";"5.675";"5.975"
"Chapadão do Céu";"Capacidade Instalada de Energia - Total (MW)";"...";"...";"...";"...";"...";"...";"...";"...";"...";"...";"...";"...";"...";"...";"...";"...";"...";"...";"...";"...";"..."
"Chapadão do Céu";"Energia Elétrica - Consumo - Total (Mwh)";"13.997";"11.791";"15.091";"16.959";"17.015";"17.056";"19.987";"19.834";"19.111";"21.193";"19.837";"18.303";"18.797";"20.574";"20.278";"24.526";"24.280";"25.106";"27.149";"31.941";"32.237"
"Chapadão do Céu";"Energia Elétrica de Consumo Próprio - Consumidores (número)";"1";"1";"1";"1";" 1 ";"1";"1";"1";"1";"1";"-";"-";"-";"1";"1";"1";"1";"4";"4";"4";"4"
"Chapadão do Céu";"Energia Elétrica de Consumo Próprio - Consumo (Mwh)";"1";"1";"2";"1";" 1 ";"1";"0";"2";"-";"-";"1";"0";"-";"74";"85";"117";"90";"128";"111";"59";"58"
"Chapadão do Céu";"Energia Elétrica na Iluminação Pública - Consumidores (número)";"1";"1";"1";"1";" 1 ";"1";"1";"1";"1";"1";"1";"1";"1";"1";"1";"1";"1";"1";"1";"2";"1"
"Chapadão do Céu";"Energia Elétrica no Setor Comercial - Consumidores (número)";"190";"198";"212";"230";" 262 ";"302";"317";"332";"351";"363";"379";"387";"384";"371";"365";"363";"352";"356";"364";"351";"348"
"Chapadão do Céu";"Energia Elétrica no Setor Comercial - Consumo (Mwh)";"4.459";"4.428";"5.993";"5.971";"6.499";"6.600";"6.876";"6.716";"6.621";"7.026";"6.705";"6.324";"6.389";"6.864";"6.349";"6.321";"5.600";"6.972";"7.050";"7.176";"7.099"
"Chapadão do Céu";"Energia Elétrica no Setor Industrial - Consumidores (número)";"13";"14";"14";"16";" 17 ";"17";"18";"17";"16";"16";"16";"15";"16";"15";"15";"17";"14";"13";"13";"11";"9"
"Chapadão do Céu";"Energia Elétrica no Setor Industrial - Consumo (Mwh)";"3.418";"1.887";"3.688";"5.163";"4.057";"3.277";"5.620";"4.782";"3.271";"3.970";"2.577";"1.046";"709";"1.003";"1.360";"1.237";"1.764";"1.632";"1.427";"2.380";"2.209"
"Chapadão do Céu";"Energia Elétrica Rural - Consumidores (número)";"180";"182";"187";"189";" 183 ";"182";"178";"174";"174";"176";"178";"181";"182";"181";"184";"191";"190";"193";"205";"207";"209"
"Chapadão do Céu";"Energia Elétrica Rural - Consumo (Mwh)";"2.523";"1.922";"1.895";"1.982";"1.993";"2.182";"2.218";"2.242";"2.385";"2.660";"2.427";"2.372";"2.339";"2.463";"1.445";"3.118";"3.328";"2.939";"3.428";"3.488";"4.301"
"Cidade Ocidental";"Energia Elétrica - Consumidores - Total (número)";"13.799";"14.136";"14.672";"15.491";" 16.466 ";"18.045";"20.315";"22.314";"24.785";"26.116";"27.807";"26.903";"27.599";"31.330";"30.328";"32.737";"33.868";"35.615";"37.091";"38.630";"39.421"
"Cidade Ocidental";"Capacidade Instalada de Energia - Total (MW)";"...";"...";"...";"...";"...";"...";"...";"...";"...";"...";"...";"...";"...";"...";"...";"...";"...";"...";"...";"...";"..."
"Cidade Ocidental";"Energia Elétrica - Consumo - Total (Mwh)";"30.267";"31.031";"32.056";"33.392";"36.561";"42.333";"46.675";"52.623";"56.021";"61.499";"63.397";"63.169";"64.899";"74.129";"75.364";"77.167";"84.028";"87.906";"95.260";"101.026";"103.927"
"Cidade Ocidental";"Energia Elétrica de Consumo Próprio - Consumidores (número)";"1";"1";"1";"1";" 1 ";"1";"1";"1";"1";"1";"1";"1";"1";"3";"4";"4";"3";"13";"13";"13";"11"
"Cidade Ocidental";"Energia Elétrica de Consumo Próprio - Consumo (Mwh)";"4";"5";"9";"12";" 11 ";"12";"13";"13";"11";"12";"13";"12";"12";"48";"38";"41";"44";"153";"78";"81";"78"
"Cidade Ocidental";"Energia Elétrica na Iluminação Pública - Consumidores (número)";"1";"1";"1";"1";" 1 ";"1";"1";"1";"1";"1";"1";"1";"1";"2";"1";"13";"11";"10";"10";"4";"4"
"Cidade Ocidental";"Energia Elétrica no Setor Comercial - Consumidores (número)";"543";"568";"1.022";"998";" 1.061 ";"1.043";"1.030";"1.024";"1.029";"1.096";"1.140";"1.044";"1.037";"1.022";"949";"961";"995";"1.020";"1.029";"998";"1.060"
"Cidade Ocidental";"Energia Elétrica no Setor Comercial - Consumo (Mwh)";"2.613";"2.607";"3.737";"4.390";"4.725";"5.618";"5.811";"5.948";"6.728";"7.120";"7.349";"6.923";"6.624";"6.675";"7.321";"6.980";"7.542";"8.233";"8.540";"9.239";"10.404"
"Cidade Ocidental";"Energia Elétrica no Setor Industrial - Consumidores (número)";"37";"31";"7";"7";" 7 ";"6";"10";"10";"11";"11";"10";"9";"8";"8";"8";"7";"8";"7";"7";"7";"6"
"Cidade Ocidental";"Energia Elétrica no Setor Industrial - Consumo (Mwh)";"233";"231";"107";"87";"245";"360";"1.030";"2.175";"983";"2.548";"2.216";"2.488";"3.815";"5.787";"5.587";"5.757";"6.063";"6.645";"6.974";"6.398";"6.012"
"Cidade Ocidental";"Energia Elétrica Rural - Consumidores (número)";"313";"313";"276";"295";" 299 ";"304";"307";"311";"315";"325";"324";"325";"322";"341";"334";"348";"352";"377";"353";"366";"379"
"Cidade Ocidental";"Energia Elétrica Rural - Consumo (Mwh)";"968";"1.165";"1.151";"1.036";"1.181";"1.208";"1.176";"1.222";"1.379";"1.659";"1.422";"1.493";"1.484";"1.683";"1.742";"1.780";"1.708";"1.858";"1.838";"1.986";"1.929"
"Cocalzinho de Goiás";"Energia Elétrica - Consumidores - Total (número)";"5.292";"5.581";"5.832";"6.198";" 6.528 ";"7.165";"7.780";"8.114";"8.460";"8.685";"9.060";"9.066";"4.521";"9.597";"9.246";"9.724";"9.987";"10.145";"10.235";"10.456";"10.817"
"Cocalzinho de Goiás";"Capacidade Instalada de Energia - Total (MW)";"...";"...";"...";"...";"...";"...";"...";"...";"...";"...";"...";"...";"...";"...";"...";"...";"...";"...";"...";"...";"..."
"Cocalzinho de Goiás";"Energia Elétrica - Consumo - Total (Mwh)";"11.783";"12.309";"14.416";"25.876";"26.748";"29.262";"37.217";"39.073";"38.324";"40.406";"39.904";"35.834";"30.373";"38.642";"39.668";"37.755";"42.299";"43.316";"43.062";"44.832";"45.755"
"Cocalzinho de Goiás";"Energia Elétrica de Consumo Próprio - Consumidores (número)";"3";"4";"4";"4";" 4 ";"3";"3";"3";"3";"3";"3";"3";"4";"5";"4";"4";"3";"7";"7";"9";"7"
"Cocalzinho de Goiás";"Energia Elétrica de Consumo Próprio - Consumo (Mwh)";"22";"28";"29";"19";" 18 ";"20";"23";"20";"19";"24";"8";"12";"27";"37";"30";"23";"12";"62";"29";"28";"27"
"Cocalzinho de Goiás";"Energia Elétrica na Iluminação Pública - Consumidores (número)";"5";"5";"5";"5";" 5 ";"5";"5";"5";"5";"5";"5";"5";"5";"5";"5";"1";"1";"1";"1";"1";"1"
"Cocalzinho de Goiás";"Energia Elétrica no Setor Comercial - Consumidores (número)";"361";"380";"488";"494";" 544 ";"564";"579";"603";"608";"609";"606";"579";"385";"548";"488";"474";"453";"452";"446";"444";"433"
"Cocalzinho de Goiás";"Energia Elétrica no Setor Comercial - Consumo (Mwh)";"1.397";"1.332";"1.861";"1.883";"2.246";"2.422";"2.493";"2.659";"2.673";"2.912";"2.674";"2.618";"1.894";"2.565";"2.707";"2.390";"2.382";"2.514";"2.725";"2.993";"3.487"
"Cocalzinho de Goiás";"Energia Elétrica no Setor Industrial - Consumidores (número)";"29";"29";"16";"17";" 17 ";"18";"19";"19";"19";"18";"16";"17";"11";"15";"12";"12";"11";"11";"13";"11";"11"
"Cocalzinho de Goiás";"Energia Elétrica no Setor Industrial - Consumo (Mwh)";"1.061";"897";"1.710";"13.281";"13.285";"14.262";"20.844";"21.026";"19.422";"20.177";"19.695";"15.306";"19.615";"17.821";"17.603";"14.612";"18.074";"18.717";"16.808";"16.302";"16.010"
"Cocalzinho de Goiás";"Energia Elétrica Rural - Consumidores (número)";"1.159";"1.260";"1.304";"1.387";" 1.439 ";"1.485";"1.614";"1.643";"1.652";"1.669";"1.809";"1.882";"1.070";"1.995";"1.972";"2.154";"2.234";"2.466";"2337";"2.346";"2.535"
"Cocalzinho de Goiás";"Energia Elétrica Rural - Consumo (Mwh)";"3.165";"3.318";"3.579";"3.474";"3.627";"4.072";"4.357";"4.881";"5.020";"5.227";"5.335";"5.588";"2.853";"5.952";"6.621";"7.149";"7.759";"7.670";"8.623";"9.486";"9.391"
"Colinas do Sul";"Energia Elétrica - Consumidores - Total (número)";"1.214";"1.254";"1.299";"1.351";" 1.358 ";"1.393";"1.418";"1.446";"1.572";"1.619";"1.605";"1.581";"1.069";"1.725";"1.644";"1.708";"1.766";"1.908";"1.858";"1.909";"1.920"
"Colinas do Sul";"Capacidade Instalada de Energia - Total (MW)";"...";"...";"...";"...";"...";"...";"...";"...";"...";"...";"...";"...";"...";"...";"...";"...";"...";"...";"...";"...";"..."
"Colinas do Sul";"Energia Elétrica - Consumo - Total (Mwh)";"1.905";"1.992";"2.330";"2.304";"2.370";"2.917";"2.929";"2.984";"3.201";"3.535";"3.426";"3.690";"2.912";"3.936";"4.301";"4.524";"4.814";"5.072";"5.548";"5.889";"6.356"
"Colinas do Sul";"Energia Elétrica de Consumo Próprio - Consumidores (número)";"1";"1";"1";"1";" 1 ";"-";"-";"-";"-";"-";"-";"-";"-";"";"0";" - ";"";"0";"0";"-";"-"
"Colinas do Sul";"Energia Elétrica de Consumo Próprio - Consumo (Mwh)";"1";"2";"2";"1";" 1 ";"0";"-";"-";"-";"-";"-";"0";"-";"0";" - ";"-";"0";"0";"0";"0";"-"
"Colinas do Sul";"Energia Elétrica na Iluminação Pública - Consumidores (número)";"3";"3";"3";"3";" 3 ";"3";"3";"3";"3";"3";"3";"3";"3";"1";"1";"1";"1";"1";"1";"1";"1"
"Colinas do Sul";"Energia Elétrica no Setor Comercial - Consumidores (número)";"119";"118";"116";"116";" 144 ";"151";"152";"145";"148";"143";"140";"134";"116";"122";"114";"113";"113";"113";"111";"109";"108"
"Colinas do Sul";"Energia Elétrica no Setor Comercial - Consumo (Mwh)";"318";"338";"403";"394";"442";"469";"430";"446";"488";"582";"543";"613";"579";"501";"517";"700";"651";"609";"627";"636";"613"
"Colinas do Sul";"Energia Elétrica no Setor Industrial - Consumidores (número)";"14";"13";"15";"15";" 7 ";"4";"3";"3";"2";"2";"2";"2";"1";"2";"2";"1";"1";"1";"1";"1";"1"
"Colinas do Sul";"Energia Elétrica no Setor Industrial - Consumo (Mwh)";"72";"63";"117";"98";"64";"541";"520";"582";"447";"433";"410";"403";"389";"390";"605";"519";"519";"560";"568";"567";"520"
"Colinas do Sul";"Energia Elétrica Rural - Consumidores (número)";"160";"184";"217";"227";" 227 ";"231";"234";"260";"307";"362";"363";"359";"25";"371";"373";"387";"406";"481";"433";"446";"450"
"Colinas do Sul";"Energia Elétrica Rural - Consumo (Mwh)";"310";"344";"379";"341";"374";"389";"415";"303";"437";"567";"472";"671";"63";"835";"885";"1.033";"1.109";"1.156";"1.226";"1.338";"1.532"
"Córrego do Ouro";"Energia Elétrica - Consumidores - Total (número)";"1.189";"1.178";"1.204";"1.264";" 1.297 ";"1.315";"1.336";"1.349";"1.369";"1.382";"1.383";"1.387";"1.380";"1.667";"1.549";"1.613";"1.636";"1.752";"1.740";"1.784";"1.787"
"Córrego do Ouro";"Capacidade Instalada de Energia - Total (MW)";"...";"...";"...";"...";"...";"...";"...";"...";"...";"...";"...";"...";"...";"...";"...";"...";"...";"...";"...";"...";"..."
"Córrego do Ouro";"Energia Elétrica - Consumo - Total (Mwh)";"2.283";"2.266";"2.407";"2.492";"2.698";"2.911";"3.107";"3.181";"3.231";"3.284";"3.504";"3.553";"3.523";"3.957";"4.209";"4.301";"4.470";"4.513";"4.740";"4.982";"5.125"
"Córrego do Ouro";"Energia Elétrica de Consumo Próprio - Consumidores (número)";"2";"2";"2";"2";" 2 ";"2";"1";"1";"1";"1";"1";"1";"1";"1";"1";"1";"1";"3";"3";"3";"3"
"Córrego do Ouro";"Energia Elétrica de Consumo Próprio - Consumo (Mwh)";"2";"2";"1";"1";" 2 ";"2";"0";"1";"-";"-";"1";"1";"1";"2";"1";"1";"2";"14";"16";"11";"8"
"Córrego do Ouro";"Energia Elétrica na Iluminação Pública - Consumidores (número)";"5";"5";"5";"5";" 5 ";"5";"5";"5";"5";"5";"5";"5";"5";"23";"5";"1";"1";"1";"1";"1";"1"
"Córrego do Ouro";"Energia Elétrica no Setor Comercial - Consumidores (número)";"72";"74";"81";"80";" 107 ";"103";"103";"104";"103";"99";"99";"95";"85";"98";"85";"79";"78";"80";"79";"75";"75"
"Córrego do Ouro";"Energia Elétrica no Setor Comercial - Consumo (Mwh)";"192";"213";"252";"275";"317";"388";"406";"443";"430";"433";"438";"411";"387";"399";"413";"386";"351";"355";"357";"375";"374"
"Córrego do Ouro";"Energia Elétrica no Setor Industrial - Consumidores (número)";"16";"12";"8";"8";" 6 ";"6";"5";"5";"6";"5";"4";"3";"3";"3";"2";"2";"2";"3";"2";"2";"3"
"Córrego do Ouro";"Energia Elétrica no Setor Industrial - Consumo (Mwh)";"116";"94";"90";"93";"126";"115";"98";"103";"98";"100";"101";"90";"121";"176";"145";"3";"3";"3";"3";"5";"4"
"Córrego do Ouro";"Energia Elétrica Rural - Consumidores (número)";"357";"354";"369";"420";" 436 ";"442";"446";"451";"456";"463";"465";"469";"480";"512";"520";"526";"556";"631";"591";"618";"606"
"Córrego do Ouro";"Energia Elétrica Rural - Consumo (Mwh)";"804";"805";"863";"902";"982";"991";"1.067";"1.071";"1.076";"1.091";"1.127";"1.180";"1.167";"1.286";"1.480";"1.737";"1.844";"1.749";"1.766";"1.858";"1.903"
"Corumbá de Goiás";"Energia Elétrica - Consumidores - Total (número)";"3.073";"3.285";"3.375";"3.466";" 3.602 ";"3.658";"3.613";"3.460";"3.856";"3.895";"4.095";"4.143";"4.028";"4.343";"4.343";"4.447";"4.581";"4.716";"4.770";"4.812";"4.947"
"Corumbá de Goiás";"Capacidade Instalada de Energia - Total (MW)";"...";"...";"...";"...";"...";"...";"...";"...";"...";"...";"...";"...";"...";"...";"...";"...";"...";"...";"...";"...";"..."
"Corumbá de Goiás";"Energia Elétrica - Consumo - Total (Mwh)";"8.134";"8.089";"8.837";"8.380";"8.014";"8.720";"9.344";"9.873";"10.923";"11.788";"11.218";"11.384";"11.520";"12.804";"13.011";"13.396";"13.400";"13.615";"14.769";"15.316";"15.949"
"Corumbá de Goiás";"Energia Elétrica de Consumo Próprio - Consumidores (número)";"1";"1";"1";"1";" 1 ";"1";"1";"1";"1";"1";"1";"1";"1";"2";"1";"1";"1";"3";"3";"3";"3"
"Corumbá de Goiás";"Energia Elétrica de Consumo Próprio - Consumo (Mwh)";"1";"1";"1";"1";" 2 ";"2";"0";"2";"-";"-";"2";"2";"2";"94";"79";"102";"93";"128";"120";"104";"86"
"Corumbá de Goiás";"Energia Elétrica na Iluminação Pública - Consumidores (número)";"3";"3";"3";"3";" 3 ";"4";"4";"4";"4";"4";"4";"4";"4";"4";"4";"1";"1";"1";"1";"1";"1"
"Corumbá de Goiás";"Energia Elétrica no Setor Comercial - Consumidores (número)";"245";"248";"291";"295";" 318 ";"324";"318";"324";"331";"330";"329";"331";"321";"338";"322";"320";"325";"319";"313";"318";"316"
"Corumbá de Goiás";"Energia Elétrica no Setor Comercial - Consumo (Mwh)";"1.036";"1.083";"1.145";"1.195";"1.315";"1.386";"1.400";"1.501";"1.730";"1.719";"1.654";"1.611";"1.542";"1.540";"1.631";"1.423";"1.520";"1.674";"1.834";"2.057";"2.141"
"Corumbá de Goiás";"Energia Elétrica no Setor Industrial - Consumidores (número)";"20";"21";"17";"17";" 15 ";"15";"14";"15";"17";"16";"16";"15";"15";"14";"14";"14";"14";"14";"13";"13";"13"
"Corumbá de Goiás";"Energia Elétrica no Setor Industrial - Consumo (Mwh)";"959";"678";"910";"1.098";"698";"406";"450";"498";"552";"927";"388";"409";"904";"1.262";"1.085";"1.029";"1.190";"1.004";"1.172";"1.225";"1.434"
"Corumbá de Goiás";"Energia Elétrica Rural - Consumidores (número)";"830";"964";"994";"1.011";" 1.073 ";"1.083";"1.070";"867";"1.117";"1.118";"1.148";"1.136";"1.140";"1.185";"1.190";"1.228";"1.289";"1.405";"1402";"1.363";"1.424"
"Corumbá de Goiás";"Energia Elétrica Rural - Consumo (Mwh)";"2.761";"2.834";"3.256";"2.546";"2.475";"3.364";"3.522";"3.640";"4.120";"4.234";"4.222";"4.212";"4.043";"4.444";"4.693";"5.048";"4.752";"4.833";"5.306";"5.402";"5.487"
"Corumbaíba";"Energia Elétrica - Consumidores - Total (número)";"3.097";"3.196";"3.295";"3.407";" 3.514 ";"3.672";"3.811";"4.041";"4.188";"4.326";"4.434";"4.484";"4.153";"4.746";"4.701";"4.798";"4.905";"5.146";"5.174";"5.180";"5.273"
"Corumbaíba";"Capacidade Instalada de Energia - Total (MW)";"...";"...";"...";"...";"...";"...";"...";"...";"...";"...";"...";"...";"...";"...";"...";"...";"...";"...";"...";"...";"..."
"Corumbaíba";"Energia Elétrica - Consumo - Total (Mwh)";"17.018";"20.477";"23.412";"23.257";"25.700";"27.380";"28.339";"32.030";"32.934";"35.118";"36.548";"35.544";"55.161";"53.877";"58.832";"58.286";"55.247";"56.219";"61.245";"61.137";"64.068"
"Corumbaíba";"Energia Elétrica de Consumo Próprio - Consumidores (número)";"2";"2";"2";"2";" 2 ";"2";"2";"2";"2";"2";"2";"1";"1";"1";"1";"1";"1";"3";"3";"3";"3"
"Corumbaíba";"Energia Elétrica de Consumo Próprio - Consumo (Mwh)";"5";"6";"4";"4";" 7 ";"6";"12";"10";"13";"12";"13";"5";"3";"13";"3";"4";"2";"36";"16";"15";"12"
"Corumbaíba";"Energia Elétrica na Iluminação Pública - Consumidores (número)";"3";"3";"3";"3";" 3 ";"3";"3";"3";"3";"3";"3";"3";"3";"3";"3";"1";"1";"1";"1";"1";"1"
"Corumbaíba";"Energia Elétrica no Setor Comercial - Consumidores (número)";"264";"260";"267";"277";" 354 ";"347";"350";"359";"362";"365";"361";"350";"320";"327";"313";"316";"309";"308";"303";"298";"299"
"Corumbaíba";"Energia Elétrica no Setor Comercial - Consumo (Mwh)";"958";"964";"1.054";"1.141";"1.360";"1.386";"1.411";"1.476";"1.591";"1.652";"1.647";"1.656";"1.496";"1.514";"1.806";"1.678";"1.680";"1.711";"1.778";"1.907";"1.914"
"Corumbaíba";"Energia Elétrica no Setor Industrial - Consumidores (número)";"31";"36";"33";"30";" 16 ";"17";"18";"19";"19";"18";"17";"13";"13";"11";"10";"10";"9";"8";"8";"8";"10"
"Corumbaíba";"Energia Elétrica no Setor Industrial - Consumo (Mwh)";"9.396";"12.592";"15.076";"14.598";"16.805";"17.686";"18.309";"21.407";"21.657";"23.164";"24.419";"23.092";"43.216";"40.590";"44.698";"43.677";"40.313";"41.601";"45.212";"44.392";"47.221"
"Corumbaíba";"Energia Elétrica Rural - Consumidores (número)";"557";"590";"612";"616";" 635 ";"665";"671";"732";"737";"747";"771";"761";"762";"807";"829";"865";"916";"1.004";"1039";"1.026";"1.025"
"Corumbaíba";"Energia Elétrica Rural - Consumo (Mwh)";"2.102";"2.201";"2.260";"2.305";"2.156";"2.511";"2.562";"2.631";"2.804";"2.971";"3.013";"3.209";"3.122";"3.386";"3.531";"3.692";"3.994";"3.425";"3.970";"4.167";"4.129"
"Cristalina";"Energia Elétrica - Consumidores - Total (número)";"12.257";"13.036";"13.502";"14.346";" 14.766 ";"15.193";"15.867";"16.501";"17.240";"17.756";"18.603";"18.440";"16.108";"19.713";"19.704";"20.978";"21.577";"22.444";"23.063";"24.468";"25.339"
"Cristalina";"Capacidade Instalada de Energia - Total (MW)";"...";"...";"...";"...";"...";"...";"...";"...";"...";"...";"...";"...";"...";"...";"...";"...";"...";"...";"...";"...";"..."
"Cristalina";"Energia Elétrica - Consumo - Total (Mwh)";"115.174";"99.729";"131.376";"141.864";"116.432";"149.062";"187.298";"198.132";"171.396";"222.112";"196.637";"221.597";"178.917";"209.354";"213.318";"209.008";"251.072";"262.052";"266.905";"302.213";"333.316"
"Cristalina";"Energia Elétrica de Consumo Próprio - Consumidores (número)";"2";"2";"2";"2";" 3 ";"2";"2";"2";"2";"2";"2";"2";"2";"9";"8";"9";"9";"33";"31";"33";"31"
"Cristalina";"Energia Elétrica de Consumo Próprio - Consumo (Mwh)";"6";"6";"5";"6";" 6 ";"8";"12";"7";"2";"4";"6";"6";"4";"131";"264";"231";"204";"421";"256";"350";"311"
"Cristalina";"Energia Elétrica na Iluminação Pública - Consumidores (número)";"3";"3";"3";"3";" 3 ";"3";"3";"3";"3";"3";"3";"3";"3";"3";"3";"1";"1";"1";"1";"1";"2"
"Cristalina";"Energia Elétrica no Setor Comercial - Consumidores (número)";"799";"807";"945";"1.248";" 1.387 ";"1.382";"1.387";"1.410";"1.463";"1.507";"1.623";"1.653";"1.593";"1.709";"1.647";"1.614";"1.578";"1.609";"1.566";"1.497";"1.492"
"Cristalina";"Energia Elétrica no Setor Comercial - Consumo (Mwh)";"8.311";"7.745";"8.179";"9.777";"10.839";"11.582";"12.196";"13.566";"14.033";"15.084";"14.494";"13.218";"12.258";"14.460";"14.616";"15.047";"15.163";"26.053";"16.075";"17.349";"17.220"
"Cristalina";"Energia Elétrica no Setor Industrial - Consumidores (número)";"58";"55";"20";"23";" 23 ";"23";"25";"27";"27";"25";"25";"22";"21";"22";"22";"23";"22";"25";"24";"24";"25"
"Cristalina";"Energia Elétrica no Setor Industrial - Consumo (Mwh)";"1.679";"1.178";"432";"479";"1.028";"2.618";"6.936";"7.337";"9.927";"12.924";"12.880";"13.732";"14.439";"17.298";"13.943";"16.639";"17.082";"18.639";"20.745";"20.700";"19.666"
"Cristalina";"Energia Elétrica Rural - Consumidores (número)";"1.852";"2.198";"2.246";"2.329";" 2.412 ";"2.388";"2.491";"2.541";"2.574";"2.595";"2.634";"2.713";"2.295";"2.818";"2.843";"3.001";"3.096";"3.184";"3162";"3.300";"3.321"
"Cristalina";"Energia Elétrica Rural - Consumo (Mwh)";"85.110";"70.523";"101.892";"110.160";"81.365";"109.830";"141.709";"148.015";"116.523";"161.548";"136.178";"161.180";"121.991";"141.982";"144.329";"136.623";"176.719";"173.467";"181.507";"209.599";"227.598"
"Cristianópolis";"Energia Elétrica - Consumidores - Total (número)";"1.701";"1.700";"1.723";"1.641";" 1.640 ";"1.670";"1.686";"1.716";"1.772";"1.849";"1.886";"1.851";"1.871";"1.941";"1.876";"1.938";"1.959";"2.151";"2.104";"2.146";"2.128"
"Cristianópolis";"Capacidade Instalada de Energia - Total (MW)";"...";"...";"...";"...";"...";"...";"...";"...";"...";"...";"...";"...";"...";"...";"...";"...";"...";"...";"...";"...";"..."
"Cristianópolis";"Energia Elétrica - Consumo - Total (Mwh)";"5.377";"5.395";"5.976";"5.711";"5.736";"6.504";"6.776";"7.061";"7.143";"7.421";"7.010";"6.999";"6.640";"6.765";"6.861";"6.961";"7.132";"7.106";"7.690";"7.550";"7.733"
"Cristianópolis";"Energia Elétrica de Consumo Próprio - Consumidores (número)";"1";"1";"1";"1";" 1 ";"1";"1";"1";"1";"-";"-";"-";"-";"1";"1";"1";"1";"3";"3";"3";"3"
"Cristianópolis";"Energia Elétrica de Consumo Próprio - Consumo (Mwh)";"1";"2";"3";"2";" 3 ";"3";"0";"3";"-";"-";"-";"0";"-";"37";"25";"25";"21";"23";"9";"29";"42"
"Cristianópolis";"Energia Elétrica na Iluminação Pública - Consumidores (número)";"1";"1";"1";"1";" 1 ";"1";"1";"1";"1";"1";"1";"1";"1";"1";"1";"1";"1";"1";"1";"1";"1"
"Cristianópolis";"Energia Elétrica no Setor Comercial - Consumidores (número)";"114";"111";"106";"107";" 138 ";"138";"141";"146";"150";"150";"146";"140";"137";"135";"124";"126";"119";"123";"119";"118";"116"
"Cristianópolis";"Energia Elétrica no Setor Comercial - Consumo (Mwh)";"387";"410";"471";"495";"647";"748";"784";"879";"916";"967";"960";"972";"955";"970";"978";"896";"853";"787";"895";"877";"929"
"Cristianópolis";"Energia Elétrica no Setor Industrial - Consumidores (número)";"16";"12";"12";"11";" 6 ";"7";"6";"5";"7";"7";"7";"7";"7";"7";"7";"7";"7";"7";"7";"7";"6"
"Cristianópolis";"Energia Elétrica no Setor Industrial - Consumo (Mwh)";"174";"191";"182";"178";"234";"451";"513";"507";"393";"274";"68";"63";"100";"50";"89";"84";"70";"113";"63";"59";"59"
"Cristianópolis";"Energia Elétrica Rural - Consumidores (número)";"566";"575";"595";"511";" 519 ";"521";"520";"501";"506";"512";"514";"501";"500";"487";"450";"466";"473";"624";"519";"539";"504"
"Cristianópolis";"Energia Elétrica Rural - Consumo (Mwh)";"2.894";"2.880";"3.334";"2.983";"2.733";"3.044";"3.082";"3.143";"3.167";"3.297";"3.057";"2.905";"2.427";"2.378";"2.351";"2.465";"2.592";"2.654";"2.930";"2.697";"2.669"
"Crixás";"Energia Elétrica - Consumidores - Total (número)";"4.581";"4.800";"4.948";"5.141";" 5.385 ";"5.706";"5.984";"6.212";"6.454";"6.674";"6.775";"6.888";"6.690";"7.576";"7.419";"7.620";"7.811";"8.244";"8.131";"8.375";"8.467"
"Crixás";"Capacidade Instalada de Energia - Total (MW)";"...";"...";"...";"...";"...";"...";"...";"...";"...";"...";"...";"...";"...";"...";"...";"...";"...";"...";"...";"...";"..."
"Crixás";"Energia Elétrica - Consumo - Total (Mwh)";"68.340";"73.225";"74.729";"74.693";"87.934";"96.839";"101.334";"106.034";"19.622";"109.995";"109.801";"107.044";"112.764";"117.498";"126.398";"125.152";"123.069";"142.278";"149.222";"150.066";"145.096"
"Crixás";"Energia Elétrica de Consumo Próprio - Consumidores (número)";"2";"2";"2";"2";" 2 ";"2";"2";"2";"2";"2";"2";"2";"2";"4";"4";"4";"4";"8";"10";"8";"8"
"Crixás";"Energia Elétrica de Consumo Próprio - Consumo (Mwh)";"1";"2";"5";"7";" 6 ";"6";"9";"6";"6";"-";"5";"6";"6";"14";"9";"9";"10";"36";"22";"23";"62"
"Crixás";"Energia Elétrica na Iluminação Pública - Consumidores (número)";"3";"3";"3";"3";" 4 ";"4";"4";"3";"3";"3";"3";"3";"3";"3";"3";"1";"1";"3";"3";"3";"3"
"Crixás";"Energia Elétrica no Setor Comercial - Consumidores (número)";"356";"355";"347";"359";" 473 ";"490";"492";"493";"491";"518";"526";"531";"515";"528";"530";"544";"539";"532";"518";"532";"553"
"Crixás";"Energia Elétrica no Setor Comercial - Consumo (Mwh)";"1.754";"1.865";"2.218";"2.392";"2.799";"3.049";"3.188";"3.349";"3.662";"3.522";"4.015";"3.717";"3.542";"4.977";"4.341";"3.910";"4.110";"4.450";"4.693";"5.197";"5.430"
"Crixás";"Energia Elétrica no Setor Industrial - Consumidores (número)";"53";"49";"40";"40";" 32 ";"29";"29";"29";"27";"21";"19";"18";"17";"17";"15";"13";"16";"14";"12";"13";"12"
"Crixás";"Energia Elétrica no Setor Industrial - Consumo (Mwh)";"58.226";"62.852";"63.511";"62.888";"75.037";"82.581";"86.381";"91.439";"2.070";"91.428";"89.238";"86.145";"92.528";"94.001";"102.794";"102.279";"99.430";"117.249";"120.909";"119.643";"113.720"
"Crixás";"Energia Elétrica Rural - Consumidores (número)";"638";"791";"919";"943";" 1.047 ";"1.149";"1.233";"1.277";"1.374";"1.404";"1.420";"1.451";"1.352";"1.797";"1.763";"1.798";"1.835";"2.143";"2087";"2.047";"2.023"
"Crixás";"Energia Elétrica Rural - Consumo (Mwh)";"1.537";"1.602";"1.734";"1.763";"1.996";"2.366";"2.539";"1.477";"2.066";"2.741";"3.047";"3.424";"3.193";"4.072";"4.511";"4.943";"5.217";"5.180";"5.727";"6.144";"6.166"
"Cromínia";"Energia Elétrica - Consumidores - Total (número)";"1.491";"1.499";"1.546";"1.575";" 1.597 ";"1.639";"1.675";"1.698";"1.736";"1.773";"1.814";"1.829";"1.758";"1.923";"1.942";"1.964";"2.031";"2.105";"2.102";"2.129";"2.148"
"Cromínia";"Capacidade Instalada de Energia - Total (MW)";"...";"...";"...";"...";"...";"...";"...";"...";"...";"...";"...";"...";"...";"...";"...";"...";"...";"...";"...";"...";"..."
"Cromínia";"Energia Elétrica - Consumo - Total (Mwh)";"4.188";"4.191";"4.205";"4.433";"4.781";"4.788";"4.775";"4.965";"5.126";"5.235";"5.499";"5.782";"5.691";"6.168";"6.479";"6.587";"6.767";"6.845";"7.002";"7.494";"7.827"
"Cromínia";"Energia Elétrica de Consumo Próprio - Consumidores (número)";"1";"1";"1";"1";" 1 ";"1";"-";"-";"-";"-";"-";"-";"-";"1";"1";"1";"1";"5";"4";"4";"4"
"Cromínia";"Energia Elétrica de Consumo Próprio - Consumo (Mwh)";"1";"1";"1";"1";" 1 ";"1";"0";"-";"-";"-";"-";"0";"-";"28";"5";"1";"1";"36";"9";"10";"9"
"Cromínia";"Energia Elétrica na Iluminação Pública - Consumidores (número)";"2";"2";"2";"2";" 2 ";"2";"2";"2";"2";"2";"2";"2";"2";"6";"2";"1";"1";"1";"1";"1";"1"
"Cromínia";"Energia Elétrica no Setor Comercial - Consumidores (número)";"102";"99";"108";"114";" 137 ";"144";"152";"157";"157";"162";"165";"173";"170";"176";"169";"159";"163";"162";"162";"173";"172"
"Cromínia";"Energia Elétrica no Setor Comercial - Consumo (Mwh)";"352";"376";"374";"368";"548";"556";"559";"599";"640";"708";"782";"750";"753";"797";"872";"887";"933";"965";"1.016";"1.098";"1.215"
"Cromínia";"Energia Elétrica no Setor Industrial - Consumidores (número)";"18";"16";"16";"16";" 7 ";"7";"7";"7";"7";"6";"6";"7";"7";"7";"7";"6";"6";"6";"6";"5";"5"
"Cromínia";"Energia Elétrica no Setor Industrial - Consumo (Mwh)";"191";"194";"254";"201";"105";"154";"117";"153";"137";"49";"44";"35";"41";"45";"57";"41";"29";"26";"16";"13";"12"
"Cromínia";"Energia Elétrica Rural - Consumidores (número)";"308";"312";"323";"330";" 329 ";"347";"356";"354";"359";"361";"364";"361";"363";"372";"377";"388";"419";"472";"458";"466";"445"
"Cromínia";"Energia Elétrica Rural - Consumo (Mwh)";"1.663";"1.537";"1.416";"1.720";"1.783";"1.620";"1.610";"1.636";"1.711";"1.616";"1.719";"1.972";"2.016";"2.326";"2.459";"2.469";"2.624";"2.582";"2.554";"2.810";"2.856"
"Cumari";"Energia Elétrica - Consumidores - Total (número)";"1.287";"1.319";"1.341";"1.401";" 1.413 ";"1.433";"1.448";"1.456";"1.483";"1.512";"1.554";"1.572";"1.586";"1.670";"1.637";"1.653";"1.680";"1.738";"1.728";"1.790";"1.801"
"Cumari";"Capacidade Instalada de Energia - Total (MW)";"...";"...";"...";"...";"...";"...";"...";"...";"...";"...";"...";"...";"...";"...";"...";"...";"...";"...";"...";"...";"..."
"Cumari";"Energia Elétrica - Consumo - Total (Mwh)";"3.052";"3.179";"3.299";"3.314";"3.519";"3.646";"3.403";"3.676";"3.888";"3.887";"4.079";"4.170";"4.155";"4.383";"4.350";"4.289";"4.435";"4.343";"4.546";"4.741";"4.856"
"Cumari";"Energia Elétrica de Consumo Próprio - Consumidores (número)";"2";"2";"2";"2";" 2 ";"2";"2";"2";"2";"2";"2";"2";"2";"3";"3";"3";"3";"5";"4";"4";"4"
"Cumari";"Energia Elétrica de Consumo Próprio - Consumo (Mwh)";"2";"2";"3";"2";" 3 ";"3";"0";"3";"3";"6";"4";"2";"1";"3";"2";"3";"1";"18";"8";"9";"9"
"Cumari";"Energia Elétrica na Iluminação Pública - Consumidores (número)";"1";"1";"1";"1";" 1 ";"2";"2";"2";"3";"3";"3";"3";"3";"3";"3";"2";"2";"2";"2";"2";"2"
"Cumari";"Energia Elétrica no Setor Comercial - Consumidores (número)";"62";"64";"65";"68";" 103 ";"103";"101";"94";"91";"92";"91";"88";"85";"84";"84";"82";"78";"78";"78";"82";"81"
"Cumari";"Energia Elétrica no Setor Comercial - Consumo (Mwh)";"204";"182";"185";"184";"288";"326";"335";"328";"358";"353";"382";"370";"357";"351";"355";"434";"456";"428";"425";"457";"505"
"Cumari";"Energia Elétrica no Setor Industrial - Consumidores (número)";"8";"7";"7";"7";" 2 ";"2";"4";"3";"3";"2";"-";"-";"0";"-";"0";" - ";"";"0";"0";"0";"-"
"Cumari";"Energia Elétrica no Setor Industrial - Consumo (Mwh)";"55";"61";"71";"110";"93";"98";"54";"41";"14";"12";"3";"0";"-";" - ";" - ";"-";"0";"0";"0";"0";""
"Cumari";"Energia Elétrica Rural - Consumidores (número)";"270";"284";"284";"320";" 322 ";"324";"328";"326";"330";"336";"340";"344";"349";"356";"361";"370";"394";"426";"405";"437";"408"
"Cumari";"Energia Elétrica Rural - Consumo (Mwh)";"788";"787";"780";"732";"812";"955";"725";"868";"971";"904";"878";"922";"928";"1.073";"1.112";"1.183";"1.244";"1.218";"1.213";"1.276";"1.232"
"Damianópolis";"Energia Elétrica - Consumidores - Total (número)";"976";"1.047";"1.151";"1.207";" 1.231 ";"1.257";"1.267";"1.296";"1.359";"1.399";"1.425";"1.487";"1.421";"1.624";"1.650";"1.731";"1.853";"1.957";"1.990";"2.093";"2.146"
"Damianópolis";"Capacidade Instalada de Energia - Total (MW)";"...";"...";"...";"...";"...";"...";"...";"...";"...";"...";"...";"...";"...";"...";"...";"...";"...";"...";"...";"...";"..."
"Damianópolis";"Energia Elétrica - Consumo - Total (Mwh)";"1.290";"1.453";"1.739";"1.768";"1.918";"1.966";"2.006";"2.189";"2.244";"2.601";"2.729";"2.702";"2.679";"2.850";"2.866";"3.052";"3.220";"3.372";"3.749";"4.762";"5.316"
"Damianópolis";"Energia Elétrica de Consumo Próprio - Consumidores (número)";"-";"-";"-";"-";" -   ";"-";"-";"-";"-";"-";"-";"-";"-";"";"0";" - ";"";"0";"0";"-";"-"
"Damianópolis";"Energia Elétrica de Consumo Próprio - Consumo (Mwh)";"-";"-";"-";"-";" -   ";"-";"-";"-";"-";"-";"-";"0";"-";"0";" - ";"-";"0";"0";"0";"0";"-"
"Damianópolis";"Energia Elétrica na Iluminação Pública - Consumidores (número)";"2";"2";"2";"2";" 2 ";"3";"3";"3";"3";"2";"2";"2";"2";"4";"2";"1";"1";"1";"1";"1";"1"
"Damianópolis";"Energia Elétrica no Setor Comercial - Consumidores (número)";"43";"44";"47";"56";" 82 ";"80";"84";"91";"87";"88";"88";"78";"76";"78";"70";"70";"71";"69";"67";"68";"65"
"Damianópolis";"Energia Elétrica no Setor Comercial - Consumo (Mwh)";"120";"94";"182";"159";"184";"218";"216";"249";"243";"287";"283";"307";"299";"318";"295";"296";"298";"293";"288";"751";"1.216"
"Damianópolis";"Energia Elétrica no Setor Industrial - Consumidores (número)";"2";"2";"2";"2";" -   ";"-";"1";"1";"1";"1";"1";"1";"1";"1";"1";"1";"1";"1";"1";"1";"1"
"Damianópolis";"Energia Elétrica no Setor Industrial - Consumo (Mwh)";"9";"10";"10";"11";"3";"-";"1";"2";"-";"-";"1";"1";"3";"2";"2";"2";"2";"2";"2";"3";"2"
"Damianópolis";"Energia Elétrica Rural - Consumidores (número)";"172";"217";"290";"313";" 313 ";"313";"309";"326";"324";"328";"331";"334";"337";"352";"351";"363";"421";"465";"452";"493";"462"
"Damianópolis";"Energia Elétrica Rural - Consumo (Mwh)";"173";"202";"255";"263";"299";"357";"359";"410";"434";"475";"475";"477";"472";"499";"484";"520";"569";"586";"644";"716";"750"
"Damolândia";"Energia Elétrica - Consumidores - Total (número)";"1.253";"1.281";"1.304";"1.328";" 1.360 ";"1.367";"1.406";"1.431";"1.475";"1.509";"1.524";"1.538";"1.552";"1.613";"1.593";"1.633";"1.657";"1.819";"1.788";"1.822";"1.803"
"Damolândia";"Capacidade Instalada de Energia - Total (MW)";"...";"...";"...";"...";"...";"...";"...";"...";"...";"...";"...";"...";"...";"...";"...";"...";"...";"...";"...";"...";"..."
"Damolândia";"Energia Elétrica - Consumo - Total (Mwh)";"3.848";"3.939";"4.399";"4.626";"4.783";"5.357";"5.509";"5.278";"5.539";"5.546";"5.357";"5.416";"5.295";"5.161";"4.794";"5.046";"5.192";"5.154";"5.904";"6.882";"7.252"
"Damolândia";"Energia Elétrica de Consumo Próprio - Consumidores (número)";"1";"1";"1";"-";" 1 ";"-";"-";"-";"-";"-";"-";"-";"-";"1";"1";"1";"1";"3";"3";"3";"3"
"Damolândia";"Energia Elétrica de Consumo Próprio - Consumo (Mwh)";"1";"1";"1";"1";" 1 ";"0";"-";"-";"-";"-";"-";"0";"-";"13";"4";"1";"1";"8";"5";"13";"5"
"Damolândia";"Energia Elétrica na Iluminação Pública - Consumidores (número)";"1";"1";"1";"1";" 1 ";"1";"1";"1";"1";"1";"1";"1";"1";"1";"1";"1";"1";"4";"4";"4";"4"
"Damolândia";"Energia Elétrica no Setor Comercial - Consumidores (número)";"64";"61";"62";"65";" 84 ";"88";"88";"94";"92";"94";"88";"87";"88";"87";"85";"80";"79";"80";"82";"81";"79"
"Damolândia";"Energia Elétrica no Setor Comercial - Consumo (Mwh)";"178";"211";"222";"220";"277";"328";"328";"360";"388";"413";"366";"350";"338";"324";"344";"327";"320";"336";"389";"395";"372"
"Damolândia";"Energia Elétrica no Setor Industrial - Consumidores (número)";"7";"7";"7";"8";" 11 ";"12";"11";"12";"13";"13";"13";"13";"12";"9";"8";"7";"6";"7";"7";"9";"9"
"Damolândia";"Energia Elétrica no Setor Industrial - Consumo (Mwh)";"852";"853";"938";"906";"983";"1.203";"1.248";"1.177";"1.062";"1.075";"1.033";"991";"810";"433";"38";"26";"12";"191";"522";"1.123";"1.358"
"Damolândia";"Energia Elétrica Rural - Consumidores (número)";"420";"434";"438";"439";" 452 ";"445";"435";"425";"430";"426";"427";"426";"429";"443";"427";"444";"456";"596";"511";"529";"492"
"Damolândia";"Energia Elétrica Rural - Consumo (Mwh)";"1.502";"1.449";"1.738";"1.913";"1.967";"2.165";"2.164";"1.862";"2.105";"1.967";"1.753";"1.809";"1.764";"1.912";"1.937";"2.139";"2.189";"2.012";"2.241";"2.308";"2.336"
"Davinópolis";"Energia Elétrica - Consumidores - Total (número)";"921";"945";"972";"1.031";" 1.071 ";"1.102";"1.109";"1.125";"1.164";"1.191";"1.293";"1.313";"1.346";"1.414";"1.423";"1.429";"1.462";"1.524";"1.542";"1.604";"1.605"
"Davinópolis";"Capacidade Instalada de Energia - Total (MW)";"...";"...";"...";"...";"...";"...";"...";"...";"...";"...";"...";"...";"...";"...";"...";"...";"...";"...";"...";"...";"..."
"Davinópolis";"Energia Elétrica - Consumo - Total (Mwh)";"2.452";"2.459";"3.881";"12.508";"12.859";"6.631";"3.194";"3.039";"3.305";"3.146";"3.000";"3.031";"3.493";"3.428";"5.833";"3.438";"3.724";"3.745";"3.981";"4.089";"4.145"
"Davinópolis";"Energia Elétrica de Consumo Próprio - Consumidores (número)";"2";"2";"2";"2";" 2 ";"1";"1";"1";"1";"1";"1";"1";"1";"2";"2";"2";"2";"4";"4";"3";"3"
"Davinópolis";"Energia Elétrica de Consumo Próprio - Consumo (Mwh)";"2";"2";"2";"2";" 4 ";"6";"0";"1";"2";"-";"0";"0";"0";"4";"4";"2";"1";"17";"9";"8";"7"
"Davinópolis";"Energia Elétrica na Iluminação Pública - Consumidores (número)";"1";"1";"1";"1";" 1 ";"1";"1";"1";"1";"1";"1";"1";"1";"1";"1";"1";"1";"1";"1";"1";"1"
"Davinópolis";"Energia Elétrica no Setor Comercial - Consumidores (número)";"25";"28";"32";"34";" 54 ";"58";"57";"57";"56";"59";"58";"54";"56";"52";"50";"49";"54";"49";"50";"51";"49"
"Davinópolis";"Energia Elétrica no Setor Comercial - Consumo (Mwh)";"61";"67";"1.522";"10.226";"10.463";"3.974";"623";"350";"307";"325";"415";"415";"825";"623";"349";"360";"331";"310";"343";"321";"321"
"Davinópolis";"Energia Elétrica no Setor Industrial - Consumidores (número)";"4";"4";"4";"4";" 2 ";"2";"1";"1";"1";"1";"2";"2";"2";"2";"2";"5";"2";"2";"2";"2";"2"
"Davinópolis";"Energia Elétrica no Setor Industrial - Consumo (Mwh)";"719";"699";"562";"528";"549";"723";"703";"637";"658";"373";"163";"153";"150";"121";"2.667";"145";"370";"405";"357";"381";"362"
"Davinópolis";"Energia Elétrica Rural - Consumidores (número)";"329";"338";"342";"348";" 374 ";"381";"391";"395";"399";"402";"423";"425";"429";"444";"461";"466";"486";"528";"520";"525";"520"
"Davinópolis";"Energia Elétrica Rural - Consumo (Mwh)";"615";"662";"709";"645";"697";"716";"723";"769";"841";"824";"834";"872";"901";"1.056";"1.093";"1.198";"1.225";"1.154";"1.271";"1.251";"1.234"
"Diorama";"Energia Elétrica - Consumidores - Total (número)";"823";"905";"986";"1.013";" 1.067 ";"1.070";"1.095";"1.109";"1.156";"1.160";"1.164";"1.144";"1.153";"1.175";"1.178";"1.191";"1.199";"1.282";"1.281";"1.323";"1.365"
"Diorama";"Capacidade Instalada de Energia - Total (MW)";"...";"...";"...";"...";"...";"...";"...";"...";"...";"...";"...";"...";"...";"...";"...";"...";"...";"...";"...";"...";"..."
"Diorama";"Energia Elétrica - Consumo - Total (Mwh)";"1.783";"1.951";"2.135";"2.087";"2.352";"2.550";"2.473";"2.751";"2.730";"2.752";"3.001";"3.081";"3.168";"3.321";"3.446";"3.601";"3.707";"3.829";"4.123";"4.273";"4.365"
"Diorama";"Energia Elétrica de Consumo Próprio - Consumidores (número)";"1";"1";"1";"-";" -   ";"-";"-";"-";"-";"-";"-";"-";"-";"1";"1";"1";"1";"2";"4";"2";"2"
"Diorama";"Energia Elétrica de Consumo Próprio - Consumo (Mwh)";"1";"1";"1";"-";" -   ";"-";"-";"-";"-";"-";"-";"0";"0";"1";"1";"1";"1";"4";"9";"5";"3"
"Diorama";"Energia Elétrica na Iluminação Pública - Consumidores (número)";"1";"1";"1";"1";" 1 ";"1";"1";"1";"1";"1";"1";"1";"1";"1";"1";"1";"1";"1";"1";"1";"1"
"Diorama";"Energia Elétrica no Setor Comercial - Consumidores (número)";"39";"44";"41";"46";" 52 ";"53";"56";"59";"59";"58";"60";"58";"54";"50";"46";"43";"45";"46";"45";"46";"46"
"Diorama";"Energia Elétrica no Setor Comercial - Consumo (Mwh)";"105";"106";"104";"104";"121";"130";"138";"150";"157";"169";"192";"157";"170";"147";"186";"171";"187";"213";"210";"237";"262"
"Diorama";"Energia Elétrica no Setor Industrial - Consumidores (número)";"9";"9";"10";"10";" 11 ";"9";"9";"9";"8";"8";"7";"6";"6";"6";"5";"5";"6";"6";"6";"6";"5"
"Diorama";"Energia Elétrica no Setor Industrial - Consumo (Mwh)";"56";"60";"57";"55";"63";"62";"56";"56";"56";"47";"51";"55";"52";"52";"56";"62";"66";"63";"61";"70";"67"
"Diorama";"Energia Elétrica Rural - Consumidores (número)";"209";"273";"328";"337";" 360 ";"361";"367";"374";"393";"398";"399";"398";"402";"403";"418";"427";"432";"481";"470";"480";"465"
"Diorama";"Energia Elétrica Rural - Consumo (Mwh)";"480";"668";"804";"756";"910";"1.033";"1.032";"1.133";"1.051";"1.106";"1.223";"1.310";"1.343";"1.489";"1.506";"1.611";"1.670";"1.653";"1.739";"1.801";"1.724"
"Divinópolis de Goiás";"Energia Elétrica - Consumidores - Total (número)";"1.793";"1.929";"1.965";"2.020";" 2.070 ";"2.083";"2.103";"2.114";"2.104";"2.002";"2.141";"2.158";"1.970";"2.438";"2.299";"2.353";"2.443";"2.613";"2.578";"2.619";"2.622"
"Divinópolis de Goiás";"Capacidade Instalada de Energia - Total (MW)";"...";"...";"...";"...";"...";"...";"...";"...";"...";"...";"...";"...";"...";"...";"...";"...";"...";"...";"...";"...";"..."
"Divinópolis de Goiás";"Energia Elétrica - Consumo - Total (Mwh)";"5.430";"5.101";"8.235";"7.625";"6.001";"7.071";"8.627";"9.264";"8.068";"6.787";"6.907";"6.319";"7.004";"8.550";"9.100";"10.294";"11.991";"11.542";"10.981";"13.379";"13.072"
"Divinópolis de Goiás";"Energia Elétrica de Consumo Próprio - Consumidores (número)";"1";"1";"1";"1";" 1 ";"-";"-";"-";"-";"-";"-";"-";"-";"";"0";" - ";"";"0";"0";"-";"-"
"Divinópolis de Goiás";"Energia Elétrica de Consumo Próprio - Consumo (Mwh)";"2";"2";"2";"2";" -   ";"0";"-";"-";"-";"-";"-";"0";"-";"0";" - ";"-";"0";"0";"0";"0";"-"
"Divinópolis de Goiás";"Energia Elétrica na Iluminação Pública - Consumidores (número)";"3";"3";"3";"3";" 3 ";"3";"3";"3";"3";"3";"3";"3";"3";"9";"3";"1";"1";"1";"1";"3";"1"
"Divinópolis de Goiás";"Energia Elétrica no Setor Comercial - Consumidores (número)";"102";"105";"105";"107";" 154 ";"154";"148";"141";"147";"144";"145";"140";"115";"131";"119";"117";"117";"119";"116";"111";"107"
"Divinópolis de Goiás";"Energia Elétrica no Setor Comercial - Consumo (Mwh)";"260";"277";"305";"335";"418";"462";"509";"535";"568";"605";"618";"606";"528";"573";"568";"566";"556";"546";"622";"627";"647"
"Divinópolis de Goiás";"Energia Elétrica no Setor Industrial - Consumidores (número)";"19";"19";"17";"14";" 8 ";"8";"7";"5";"6";"8";"8";"7";"7";"6";"8";"5";"5";"5";"5";"4";"4"
"Divinópolis de Goiás";"Energia Elétrica no Setor Industrial - Consumo (Mwh)";"2.886";"2.473";"5.411";"4.755";"3.008";"3.741";"5.237";"5.636";"4.223";"2.805";"2.818";"2.103";"3.144";"4.048";"4.510";"5.610";"7.145";"6.625";"5.557";"6.469";"6.819"
"Divinópolis de Goiás";"Energia Elétrica Rural - Consumidores (número)";"299";"375";"380";"386";" 386 ";"382";"377";"376";"338";"338";"347";"354";"396";"412";"403";"412";"483";"590";"540";"551";"539"
"Divinópolis de Goiás";"Energia Elétrica Rural - Consumo (Mwh)";"377";"458";"531";"495";"501";"545";"562";"692";"733";"727";"727";"763";"799";"938";"982";"1.017";"1.109";"1.103";"1.272";"1.337";"1.406"
"Doverlândia";"Energia Elétrica - Consumidores - Total (número)";"3.229";"3.250";"3.278";"3.329";" 3.386 ";"3.546";"3.582";"3.597";"3.665";"3.724";"3.803";"3.669";"3.692";"3.793";"3.731";"3.778";"3.864";"4.058";"4.036";"4.031";"4.084"
"Doverlândia";"Capacidade Instalada de Energia - Total (MW)";"...";"...";"...";"...";"...";"...";"...";"...";"...";"...";"...";"...";"...";"...";"...";"...";"...";"...";"...";"...";"..."
"Doverlândia";"Energia Elétrica - Consumo - Total (Mwh)";"7.388";"7.190";"7.833";"7.933";"8.229";"8.774";"8.760";"9.218";"9.617";"10.302";"10.727";"11.246";"11.115";"11.745";"10.822";"12.107";"13.692";"13.213";"14.885";"15.855";"15.670"
"Doverlândia";"Energia Elétrica de Consumo Próprio - Consumidores (número)";"2";"2";"2";"2";" 2 ";"2";"2";"2";"2";"2";"2";"2";"2";"2";"2";"2";"1";"2";"4";"2";"2"
"Doverlândia";"Energia Elétrica de Consumo Próprio - Consumo (Mwh)";"4";"4";"3";"4";" 4 ";"4";"0";"4";"-";"-";"2";"1";"1";"1";"2";"1";"1";"18";"8";"7";"7"
"Doverlândia";"Energia Elétrica na Iluminação Pública - Consumidores (número)";"1";"1";"1";"1";" 1 ";"1";"1";"1";"1";"1";"1";"1";"1";"1";"1";"1";"1";"1";"1";"1";"1"
"Doverlândia";"Energia Elétrica no Setor Comercial - Consumidores (número)";"217";"215";"226";"244";" 276 ";"289";"293";"300";"300";"306";"301";"281";"285";"274";"259";"251";"240";"247";"244";"237";"242"
"Doverlândia";"Energia Elétrica no Setor Comercial - Consumo (Mwh)";"697";"782";"910";"806";"982";"1.224";"1.278";"1.393";"1.377";"1.140";"1.262";"1.237";"1.271";"1.212";"1.233";"1.262";"1.394";"1.613";"1.809";"1.794";"1.825"
"Doverlândia";"Energia Elétrica no Setor Industrial - Consumidores (número)";"33";"32";"29";"29";" 27 ";"26";"27";"26";"25";"24";"22";"19";"18";"18";"15";"13";"14";"14";"12";"12";"12"
"Doverlândia";"Energia Elétrica no Setor Industrial - Consumo (Mwh)";"903";"551";"587";"560";"567";"506";"363";"447";"699";"1.122";"1.040";"896";"914";"1.412";"408";"1.022";"905";"1.009";"1.103";"1.176";"1.347"
"Doverlândia";"Energia Elétrica Rural - Consumidores (número)";"950";"955";"956";"958";" 964 ";"1.059";"1.060";"1.065";"1.081";"1.086";"1.089";"1.079";"1.079";"1.085";"1.088";"1.095";"1.142";"1.239";"1197";"1.181";"1.203"
"Doverlândia";"Energia Elétrica Rural - Consumo (Mwh)";"2.266";"2.527";"2.873";"3.025";"3.154";"3.500";"3.457";"3.572";"3.478";"3.819";"3.671";"4.355";"4.021";"4.175";"4.038";"4.395";"4.810";"4.412";"4.788";"5.321";"4.929"
"Edealina";"Energia Elétrica - Consumidores - Total (número)";"1.587";"1.621";"1.668";"1.695";" 1.729 ";"1.755";"1.731";"1.790";"1.856";"1.977";"2.047";"2.092";"2.125";"2.195";"2.185";"2.251";"2.344";"2.386";"2.459";"2.499";"2.508"
"Edealina";"Capacidade Instalada de Energia - Total (MW)";"...";"...";"...";"...";"...";"...";"...";"...";"...";"...";"...";"...";"...";"...";"...";"...";"...";"...";"...";"...";"..."
"Edealina";"Energia Elétrica - Consumo - Total (Mwh)";"5.693";"5.675";"6.694";"6.492";"6.230";"7.207";"7.788";"8.231";"8.395";"10.697";"16.165";"53.355";"60.228";"66.970";"76.652";"89.803";"85.285";"93.264";"86.154";"104.982";"105.210"
"Edealina";"Energia Elétrica de Consumo Próprio - Consumidores (número)";"1";"1";"1";"-";" -   ";"-";"-";"-";"-";"-";"-";"-";"-";"1";"1";"1";"1";"3";"3";"3";"3"
"Edealina";"Energia Elétrica de Consumo Próprio - Consumo (Mwh)";"1";"1";"1";"-";" -   ";"-";"-";"-";"-";"-";"-";"0";"-";"1";"1";"1";"1";"18";"9";"9";"9"
"Edealina";"Energia Elétrica na Iluminação Pública - Consumidores (número)";"1";"1";"1";"1";" 1 ";"1";"1";"1";"1";"1";"1";"1";"1";"1";"1";"1";"1";"1";"1";"1";"1"
"Edealina";"Energia Elétrica no Setor Comercial - Consumidores (número)";"97";"99";"98";"111";" 146 ";"144";"139";"145";"149";"157";"157";"164";"169";"170";"158";"158";"158";"156";"155";"151";"143"
"Edealina";"Energia Elétrica no Setor Comercial - Consumo (Mwh)";"818";"884";"884";"942";"782";"775";"913";"852";"1.015";"1.141";"1.213";"1.168";"1.148";"1.260";"1.349";"1.206";"1.318";"2.210";"2.431";"2.118";"1.911"
"Edealina";"Energia Elétrica no Setor Industrial - Consumidores (número)";"19";"16";"15";"14";" 10 ";"10";"8";"7";"8";"8";"8";"8";"8";"8";"8";"8";"6";"6";"5";"4";"4"
"Edealina";"Energia Elétrica no Setor Industrial - Consumo (Mwh)";"556";"452";"591";"563";"298";"422";"171";"97";"384";"893";"6.775";"43.142";"50.517";"56.486";"66.401";"79.020";"74.504";"81.949";"74.921";"93.441";"92.910"
"Edealina";"Energia Elétrica Rural - Consumidores (número)";"405";"418";"435";"440";" 454 ";"461";"467";"487";"494";"497";"488";"489";"490";"509";"523";"545";"609";"625";"643";"636";"624"
"Edealina";"Energia Elétrica Rural - Consumo (Mwh)";"2.539";"2.522";"3.353";"3.212";"3.267";"3.941";"4.362";"4.679";"4.116";"5.440";"4.969";"5.935";"5.401";"5.972";"5.480";"6.065";"5.935";"5.337";"4.551";"4.772";"5.363"
"Edéia";"Energia Elétrica - Consumidores - Total (número)";"4.016";"4.067";"4.241";"4.391";" 4.507 ";"4.562";"4.681";"4.783";"4.901";"5.062";"5.308";"5.329";"5.407";"5.600";"5.667";"5.789";"5.914";"6.091";"6.197";"6.157";"6.254"
"Edéia";"Capacidade Instalada de Energia - Total (MW)";"...";"...";"...";"...";"...";"...";"...";"...";"...";"...";"...";"...";"...";"...";"...";"...";"...";"...";"...";"...";"..."
"Edéia";"Energia Elétrica - Consumo - Total (Mwh)";"12.824";"12.515";"13.240";"13.951";"14.784";"16.209";"17.232";"18.213";"18.526";"19.347";"18.896";"18.260";"18.577";"19.283";"20.444";"21.399";"21.894";"22.547";"24.112";"26.131";"26.605"
"Edéia";"Energia Elétrica de Consumo Próprio - Consumidores (número)";"1";"1";"1";"1";" 1 ";"1";"1";"1";"1";"-";"-";"-";"-";"3";"3";"3";"3";"8";"8";"8";"8"
"Edéia";"Energia Elétrica de Consumo Próprio - Consumo (Mwh)";"4";"3";"3";"2";" 2 ";"5";"8";"10";"2";"-";"-";"0";"-";"155";"93";"84";"73";"113";"68";"128";"105"
"Edéia";"Energia Elétrica na Iluminação Pública - Consumidores (número)";"1";"1";"1";"1";" 1 ";"1";"1";"1";"1";"1";"1";"1";"1";"1";"1";"1";"1";"1";"1";"1";"1"
"Edéia";"Energia Elétrica no Setor Comercial - Consumidores (número)";"312";"336";"360";"393";" 477 ";"479";"502";"507";"520";"542";"560";"567";"569";"547";"523";"518";"500";"484";"488";"463";"459"
"Edéia";"Energia Elétrica no Setor Comercial - Consumo (Mwh)";"1.935";"1.893";"1.973";"2.358";"2.453";"2.621";"2.679";"2.921";"3.336";"3.659";"3.908";"3.590";"3.597";"3.667";"4.048";"3.702";"3.954";"4.517";"4.126";"4.612";"4.335"
"Edéia";"Energia Elétrica no Setor Industrial - Consumidores (número)";"32";"32";"31";"28";" 17 ";"16";"17";"17";"17";"16";"14";"12";"12";"12";"12";"12";"11";"11";"11";"11";"11"
"Edéia";"Energia Elétrica no Setor Industrial - Consumo (Mwh)";"256";"446";"837";"1.456";"1.381";"1.708";"2.015";"1.759";"1.509";"1.457";"489";"248";"229";"217";"334";"450";"451";"364";"291";"270";"138"
"Edéia";"Energia Elétrica Rural - Consumidores (número)";"612";"614";"642";"655";" 661 ";"661";"634";"625";"620";"627";"636";"631";"633";"650";"659";"677";"724";"774";"781";"776";"781"
"Edéia";"Energia Elétrica Rural - Consumo (Mwh)";"4.234";"3.881";"3.896";"3.296";"3.597";"4.214";"4.278";"4.760";"4.422";"3.829";"3.480";"3.550";"3.744";"4.003";"4.090";"4.774";"4.492";"4.263";"4.875";"5.154";"6.047"
"Estrela do Norte";"Energia Elétrica - Consumidores - Total (número)";"1.308";"1.337";"1.368";"1.390";" 1.400 ";"1.413";"1.400";"1.418";"1.456";"1.566";"1.583";"1.581";"1.588";"1.619";"1.599";"1.635";"1.650";"1.725";"1.728";"1.794";"1.811"
"Estrela do Norte";"Capacidade Instalada de Energia - Total (MW)";"...";"...";"...";"...";"...";"...";"...";"...";"...";"...";"...";"...";"...";"...";"...";"...";"...";"...";"...";"...";"..."
"Estrela do Norte";"Energia Elétrica - Consumo - Total (Mwh)";"3.876";"3.891";"4.116";"4.192";"4.259";"5.131";"5.318";"5.302";"5.274";"5.947";"6.543";"6.486";"6.382";"6.848";"7.113";"7.026";"7.213";"7.317";"7.657";"7.933";"8.541"
"Estrela do Norte";"Energia Elétrica de Consumo Próprio - Consumidores (número)";"2";"2";"1";"1";" 1 ";"1";"1";"1";"1";"1";"-";"-";"-";"1";"1";"1";"1";"4";"2";"2";"2"
"Estrela do Norte";"Energia Elétrica de Consumo Próprio - Consumo (Mwh)";"2";"2";"4";"1";" 1 ";"1";"1";"1";"-";"-";"0";"0";"-";"1";"1";"1";"5";"10";"4";"3";"4"
"Estrela do Norte";"Energia Elétrica na Iluminação Pública - Consumidores (número)";"1";"1";"1";"1";" 1 ";"1";"1";"1";"1";"1";"1";"1";"1";"1";"1";"1";"1";"1";"1";"2";"2"
"Estrela do Norte";"Energia Elétrica no Setor Comercial - Consumidores (número)";"90";"90";"91";"91";" 131 ";"134";"126";"127";"127";"127";"126";"119";"118";"116";"112";"111";"112";"110";"110";"114";"114"
"Estrela do Norte";"Energia Elétrica no Setor Comercial - Consumo (Mwh)";"239";"254";"293";"304";"372";"646";"492";"541";"552";"508";"565";"544";"565";"500";"454";"419";"472";"507";"574";"561";"709"
"Estrela do Norte";"Energia Elétrica no Setor Industrial - Consumidores (número)";"13";"13";"12";"12";" 5 ";"7";"6";"5";"5";"4";"4";"4";"4";"4";"4";"3";"3";"3";"3";"3";"3"
"Estrela do Norte";"Energia Elétrica no Setor Industrial - Consumo (Mwh)";"1.434";"1.395";"1.497";"1.539";"1.522";"1.870";"2.128";"1.913";"1.791";"2.190";"2.299";"2.247";"2.145";"2.637";"2.905";"2.791";"2.684";"2.591";"2.136";"1.999";"2.357"
"Estrela do Norte";"Energia Elétrica Rural - Consumidores (número)";"202";"213";"246";"249";" 248 ";"247";"233";"235";"238";"238";"210";"207";"206";"206";"204";"215";"214";"265";"229";"236";"233"
"Estrela do Norte";"Energia Elétrica Rural - Consumo (Mwh)";"388";"411";"442";"429";"462";"525";"504";"470";"414";"709";"640";"646";"609";"681";"601";"673";"788";"778";"999";"1.093";"1.073"
"Faina";"Energia Elétrica - Consumidores - Total (número)";"2.510";"2.584";"2.580";"2.619";" 2.641 ";"2.693";"2.777";"2.779";"2.824";"2.880";"2.953";"2.970";"2.679";"3.275";"3.252";"3.369";"3.532";"3.829";"3.780";"3.812";"3.972"
"Faina";"Capacidade Instalada de Energia - Total (MW)";"...";"...";"...";"...";"...";"...";"...";"...";"...";"...";"...";"...";"...";"...";"...";"...";"...";"...";"...";"...";"..."
"Faina";"Energia Elétrica - Consumo - Total (Mwh)";"10.247";"9.881";"8.421";"4.869";"5.335";"5.928";"6.079";"6.221";"5.974";"6.676";"7.832";"8.226";"7.875";"9.324";"9.844";"10.211";"10.421";"10.703";"12.186";"12.558";"14.015"
"Faina";"Energia Elétrica de Consumo Próprio - Consumidores (número)";"2";"2";"2";"2";" 2 ";"2";"1";"1";"1";"1";"1";"1";"1";"1";"1";"1";"1";"3";"5";"3";"3"
"Faina";"Energia Elétrica de Consumo Próprio - Consumo (Mwh)";"11";"15";"8";"10";" 6 ";"5";"2";"3";"2";"-";"1";"1";"1";"2";"1";"1";"1";"35";"33";"142";"14"
"Faina";"Energia Elétrica na Iluminação Pública - Consumidores (número)";"5";"5";"5";"5";" 5 ";"5";"5";"5";"5";"5";"5";"5";"5";"5";"5";"1";"1";"1";"1";"1";"1"
"Faina";"Energia Elétrica no Setor Comercial - Consumidores (número)";"174";"177";"168";"167";" 203 ";"209";"219";"222";"230";"231";"222";"213";"183";"215";"205";"195";"193";"195";"199";"198";"198"
"Faina";"Energia Elétrica no Setor Comercial - Consumo (Mwh)";"546";"531";"584";"558";"648";"715";"1.034";"918";"1.018";"1.022";"1.186";"1.182";"1.075";"1.153";"1.239";"1.075";"1.019";"1.463";"2.296";"2.005";"3.263"
"Faina";"Energia Elétrica no Setor Industrial - Consumidores (número)";"21";"20";"18";"17";" 13 ";"12";"12";"11";"10";"10";"10";"10";"8";"10";"9";"8";"9";"8";"8";"7";"6"
"Faina";"Energia Elétrica no Setor Industrial - Consumo (Mwh)";"5.623";"5.386";"3.785";"167";"168";"173";"129";"119";"107";"136";"197";"163";"184";"246";"164";"317";"272";"183";"141";"60";"119"
"Faina";"Energia Elétrica Rural - Consumidores (número)";"814";"849";"856";"864";" 899 ";"905";"952";"940";"951";"968";"1.039";"1.041";"1.014";"1.175";"1.196";"1.287";"1.397";"1.641";"1549";"1.534";"1.574"
"Faina";"Energia Elétrica Rural - Consumo (Mwh)";"1.603";"1.634";"1.695";"1.662";"1.972";"2.415";"2.223";"2.251";"1.750";"2.258";"2.748";"3.048";"2.976";"3.686";"4.025";"4.297";"4.493";"4.150";"4.372";"4.739";"4.715"
"Fazenda Nova";"Energia Elétrica - Consumidores - Total (número)";"2.760";"2.819";"2.896";"2.927";" 3.003 ";"3.025";"3.058";"3.125";"2.694";"3.263";"3.255";"3.347";"2.740";"3.477";"3.397";"3.441";"3.487";"3.668";"3.658";"3.958";"3.928"
"Fazenda Nova";"Capacidade Instalada de Energia - Total (MW)";"...";"...";"...";"...";"...";"...";"...";"...";"...";"...";"...";"...";"...";"...";"...";"...";"...";"...";"...";"...";"..."
"Fazenda Nova";"Energia Elétrica - Consumo - Total (Mwh)";"11.187";"12.554";"10.284";"7.566";"6.966";"7.424";"7.295";"7.783";"7.641";"7.590";"8.775";"8.917";"7.174";"9.031";"9.446";"10.080";"10.343";"10.605";"11.716";"12.530";"12.375"
"Fazenda Nova";"Energia Elétrica de Consumo Próprio - Consumidores (número)";"2";"2";"2";"3";" 2 ";"3";"3";"3";"1";"2";"2";"2";"1";"2";"2";"2";"2";"4";"4";"4";"4"
"Fazenda Nova";"Energia Elétrica de Consumo Próprio - Consumo (Mwh)";"2";"2";"2";"4";" 8 ";"15";"9";"11";"4";"5";"7";"5";"0";"10";"8";"9";"9";"18";"10";"9";"9"
"Fazenda Nova";"Energia Elétrica na Iluminação Pública - Consumidores (número)";"3";"3";"3";"3";" 3 ";"3";"3";"3";"3";"3";"3";"3";"3";"9";"3";"1";"1";"1";"1";"6";"5"
"Fazenda Nova";"Energia Elétrica no Setor Comercial - Consumidores (número)";"201";"202";"207";"206";" 245 ";"246";"253";"263";"146";"278";"273";"260";"227";"245";"233";"231";"228";"225";"220";"217";"200"
"Fazenda Nova";"Energia Elétrica no Setor Comercial - Consumo (Mwh)";"570";"609";"662";"674";"728";"810";"860";"916";"938";"995";"1.118";"1.077";"943";"979";"1.028";"960";"994";"1.019";"1.102";"1.154";"1.121"
"Fazenda Nova";"Energia Elétrica no Setor Industrial - Consumidores (número)";"20";"21";"20";"20";" 27 ";"29";"29";"28";"19";"20";"18";"17";"13";"13";"12";"13";"11";"9";"10";"10";"10"
"Fazenda Nova";"Energia Elétrica no Setor Industrial - Consumo (Mwh)";"5.856";"6.996";"4.429";"1.656";"883";"725";"507";"308";"265";"213";"228";"183";"84";"63";"68";"65";"56";"46";"57";"63";"57"
"Fazenda Nova";"Energia Elétrica Rural - Consumidores (número)";"744";"785";"843";"851";" 916 ";"914";"916";"924";"934";"987";"991";"985";"655";"1.004";"991";"1.003";"1.030";"1.149";"1112";"1.277";"1.243"
"Fazenda Nova";"Energia Elétrica Rural - Consumo (Mwh)";"1.585";"1.702";"1.878";"1.805";"1.931";"2.186";"2.196";"2.469";"2.201";"2.206";"2.688";"2.794";"1.845";"2.961";"3.106";"3.509";"3.642";"3.529";"3.716";"3.783";"3.802"
"Firminópolis";"Energia Elétrica - Consumidores - Total (número)";"3.866";"3.895";"3.911";"3.965";" 4.013 ";"4.074";"4.138";"4.250";"4.348";"4.426";"4.580";"4.649";"4.457";"4.888";"4.921";"5.010";"5.140";"5.377";"5.426";"5.496";"5.676"
"Firminópolis";"Capacidade Instalada de Energia - Total (MW)";"...";"...";"...";"...";"...";"...";"...";"...";"...";"...";"...";"...";"...";"...";"...";"...";"...";"...";"...";"...";"..."
"Firminópolis";"Energia Elétrica - Consumo - Total (Mwh)";"8.260";"8.446";"8.692";"8.824";"9.851";"10.523";"10.791";"11.849";"12.771";"13.268";"14.234";"13.707";"13.686";"15.066";"16.082";"16.521";"15.293";"15.283";"16.488";"18.184";"19.316"
"Firminópolis";"Energia Elétrica de Consumo Próprio - Consumidores (número)";"2";"2";"2";"2";" 2 ";"2";"2";"2";"2";"2";"2";"2";"2";"2";"2";"2";"2";"4";"4";"4";"4"
"Firminópolis";"Energia Elétrica de Consumo Próprio - Consumo (Mwh)";"17";"17";"25";"25";" 30 ";"30";"26";"25";"20";"22";"23";"6";"17";"22";"21";"15";"13";"40";"40";"52";"59"
"Firminópolis";"Energia Elétrica na Iluminação Pública - Consumidores (número)";"3";"3";"3";"3";" 3 ";"3";"3";"3";"3";"4";"4";"4";"4";"4";"4";"1";"1";"1";"1";"1";"1"
"Firminópolis";"Energia Elétrica no Setor Comercial - Consumidores (número)";"244";"245";"241";"279";" 340 ";"341";"345";"353";"355";"373";"392";"387";"367";"379";"347";"350";"346";"350";"346";"335";"323"
"Firminópolis";"Energia Elétrica no Setor Comercial - Consumo (Mwh)";"638";"697";"728";"819";"1.188";"1.308";"1.380";"1.437";"1.473";"1.548";"1.676";"1.598";"1.698";"1.801";"1.856";"1.720";"1.737";"1.982";"2.163";"2.365";"2.257"
"Firminópolis";"Energia Elétrica no Setor Industrial - Consumidores (número)";"35";"32";"30";"26";" 22 ";"21";"22";"22";"21";"21";"21";"22";"17";"18";"18";"19";"18";"18";"18";"18";"18"
"Firminópolis";"Energia Elétrica no Setor Industrial - Consumo (Mwh)";"526";"516";"366";"430";"531";"605";"683";"961";"1.338";"1.538";"1.317";"1.022";"1.198";"1.773";"1.610";"1.062";"278";"224";"243";"242";"193"
"Firminópolis";"Energia Elétrica Rural - Consumidores (número)";"639";"663";"660";"661";" 668 ";"667";"661";"655";"660";"658";"664";"664";"668";"686";"685";"682";"701";"788";"766";"751";"770"
"Firminópolis";"Energia Elétrica Rural - Consumo (Mwh)";"1.894";"2.004";"2.115";"2.140";"2.309";"2.531";"2.488";"2.701";"2.752";"2.643";"2.875";"2.906";"2.836";"2.888";"3.197";"3.326";"3.340";"3.018";"2.940";"3.058";"3.591"
"Flores de Goiás";"Energia Elétrica - Consumidores - Total (número)";"2.197";"2.606";"2.930";"3.051";" 3.142 ";"3.189";"3.177";"3.201";"3.340";"3.342";"3.412";"3.424";"2.518";"3.548";"3.454";"4.251";"4.385";"4.751";"4.604";"4.712";"4.766"
"Flores de Goiás";"Capacidade Instalada de Energia - Total (MW)";"...";"...";"...";"...";"...";"...";"...";"...";"...";"...";"...";"...";"...";"...";"...";"...";"...";"...";"...";"...";"..."
"Flores de Goiás";"Energia Elétrica - Consumo - Total (Mwh)";"7.816";"7.458";"8.707";"8.741";"9.626";"12.326";"10.857";"12.477";"14.075";"14.860";"14.128";"14.645";"13.191";"15.918";"17.759";"17.966";"19.974";"19.911";"22.719";"22.768";"27.765"
"Flores de Goiás";"Energia Elétrica de Consumo Próprio - Consumidores (número)";"1";"1";"1";"-";" -   ";"-";"-";"-";"-";"-";"-";"-";"-";"1";"1";"1";"1";"3";"3";"3";"3"
"Flores de Goiás";"Energia Elétrica de Consumo Próprio - Consumo (Mwh)";"2";"1";"3";"-";" -   ";"-";"-";"-";"-";"-";"-";"0";"-";"27";"42";"39";"31";"56";"40";"48";"63"
"Flores de Goiás";"Energia Elétrica na Iluminação Pública - Consumidores (número)";"2";"2";"2";"2";" 2 ";"3";"3";"3";"3";"3";"3";"3";"3";"3";"3";"1";"1";"1";"1";"1";"1"
"Flores de Goiás";"Energia Elétrica no Setor Comercial - Consumidores (número)";"121";"117";"122";"133";" 217 ";"218";"211";"208";"222";"220";"221";"211";"162";"199";"189";"176";"180";"180";"171";"170";"163"
"Flores de Goiás";"Energia Elétrica no Setor Comercial - Consumo (Mwh)";"447";"412";"486";"518";"681";"732";"674";"763";"895";"866";"837";"802";"709";"1.007";"999";"886";"811";"813";"840";"1.009";"927"
"Flores de Goiás";"Energia Elétrica no Setor Industrial - Consumidores (número)";"13";"11";"10";"10";" 2 ";"2";"2";"2";"2";"2";"2";"2";"2";"2";"1";"1";"1";"0";"0";"0";"-"
"Flores de Goiás";"Energia Elétrica no Setor Industrial - Consumo (Mwh)";"27";"25";"23";"20";"9";"3";"0";"3";"4";"11";"7";"4";"2";"2";"2";"1";"1";"1";"0";"0";""
"Flores de Goiás";"Energia Elétrica Rural - Consumidores (número)";"998";"1.371";"1.667";"1.715";" 1.750 ";"1.747";"1.723";"1.698";"1.745";"1.690";"1.700";"1.686";"1.148";"1.706";"1.660";"2.422";"2.513";"2.878";"2618";"2.324";"2.322"
"Flores de Goiás";"Energia Elétrica Rural - Consumo (Mwh)";"5.259";"4.941";"6.093";"6.050";"6.803";"9.155";"7.898";"8.918";"10.072";"10.625";"9.951";"10.476";"9.469";"10.910";"12.880";"13.247";"15.358";"15.394";"17.431";"16.458";"20.409"
"Formosa";"Energia Elétrica - Consumidores - Total (número)";"29.214";"29.365";"31.133";"32.541";" 32.849 ";"36.084";"37.890";"39.472";"41.187";"42.844";"43.987";"44.593";"42.063";"48.148";"47.612";"49.805";"51.334";"53.388";"54.468";"55.681";"57.143"
"Formosa";"Capacidade Instalada de Energia - Total (MW)";"...";"...";"...";"...";"...";"...";"...";"...";"...";"...";"...";"...";"...";"...";"...";"...";"...";"...";"...";"...";"..."
"Formosa";"Energia Elétrica - Consumo - Total (Mwh)";"78.078";"81.331";"89.426";"97.965";"105.934";"107.879";"117.946";"130.485";"137.377";"141.991";"151.376";"159.036";"160.464";"172.576";"183.138";"189.599";"200.614";"212.714";"232.606";"238.503";"258.200"
"Formosa";"Energia Elétrica de Consumo Próprio - Consumidores (número)";"2";"2";"2";"2";" 2 ";"2";"2";"2";"4";"3";"2";"2";"2";"7";"7";"7";"7";"20";"20";"31";"23"
"Formosa";"Energia Elétrica de Consumo Próprio - Consumo (Mwh)";"52";"55";"57";"54";" 54 ";"58";"54";"43";"44";"44";"48";"49";"42";"275";"283";"180";"160";"368";"262";"242";"265"
"Formosa";"Energia Elétrica na Iluminação Pública - Consumidores (número)";"4";"4";"4";"4";" 4 ";"4";"4";"4";"4";"4";"4";"4";"4";"4";"6";"1";"1";"1";"1";"1";"1"
"Formosa";"Energia Elétrica no Setor Comercial - Consumidores (número)";"2.106";"2.161";"2.630";"2.800";" 3.884 ";"4.033";"4.034";"4.004";"4.033";"4.011";"3.973";"3.836";"3.681";"3.888";"3.664";"3.645";"3.574";"3.621";"3.621";"3.519";"3.516"
"Formosa";"Energia Elétrica no Setor Comercial - Consumo (Mwh)";"12.012";"12.648";"13.949";"15.175";"19.962";"23.744";"27.119";"29.223";"29.385";"30.090";"35.984";"38.843";"39.438";"40.594";"38.567";"38.097";"41.318";"45.039";"48.917";"51.567";"57.003"
"Formosa";"Energia Elétrica no Setor Industrial - Consumidores (número)";"177";"159";"155";"152";" 100 ";"99";"101";"103";"100";"101";"97";"91";"91";"96";"92";"91";"89";"88";"82";"77";"73"
"Formosa";"Energia Elétrica no Setor Industrial - Consumo (Mwh)";"6.305";"7.472";"10.711";"14.373";"15.897";"14.539";"17.679";"21.092";"23.788";"22.286";"25.305";"24.767";"31.097";"27.916";"34.176";"37.878";"38.756";"43.054";"41.518";"37.768";"42.524"
"Formosa";"Energia Elétrica Rural - Consumidores (número)";"2.299";"2.314";"2.453";"2.583";" 1.804 ";"2.734";"2.733";"2.756";"2.923";"2.930";"2.944";"3.026";"1.912";"3.675";"3.703";"4.012";"4.320";"4.711";"4517";"4.769";"4.674"
"Formosa";"Energia Elétrica Rural - Consumo (Mwh)";"9.385";"9.353";"10.918";"10.954";"9.623";"11.895";"12.723";"14.101";"14.136";"14.948";"14.487";"16.904";"10.865";"17.071";"19.294";"19.944";"22.307";"21.117";"24.562";"24.955";"29.362"
"Formoso";"Energia Elétrica - Consumidores - Total (número)";"1.938";"1.910";"2.007";"2.040";" 2.060 ";"2.096";"2.111";"2.140";"2.166";"2.190";"2.220";"2.213";"2.212";"2.390";"2.282";"2.332";"2.568";"2.627";"2.652";"2.688";"2.742"
"Formoso";"Capacidade Instalada de Energia - Total (MW)";"...";"...";"...";"...";"...";"...";"...";"...";"...";"...";"...";"...";"...";"...";"...";"...";"...";"...";"...";"...";"..."
"Formoso";"Energia Elétrica - Consumo - Total (Mwh)";"4.192";"3.792";"4.126";"4.132";"4.353";"4.645";"4.750";"5.191";"5.273";"5.408";"5.587";"5.934";"6.009";"6.244";"6.227";"6.215";"6.533";"6.727";"7.755";"8.002";"8.499"
"Formoso";"Energia Elétrica de Consumo Próprio - Consumidores (número)";"2";"2";"2";"2";" 2 ";"1";"1";"1";"1";"1";"1";"1";"1";"1";"1";"1";"1";"1";"1";"1";"1"
"Formoso";"Energia Elétrica de Consumo Próprio - Consumo (Mwh)";"2";"4";"5";"4";" 5 ";"1";"0";"-";"-";"-";"0";"0";"1";"2";"1";" -   ";"0";"1";"0";"0";"1"
"Formoso";"Energia Elétrica na Iluminação Pública - Consumidores (número)";"3";"3";"3";"3";" 3 ";"4";"4";"4";"4";"4";"4";"4";"4";"12";"4";"1";"1";"1";"1";"1";"1"
"Formoso";"Energia Elétrica no Setor Comercial - Consumidores (número)";"152";"156";"160";"168";" 199 ";"205";"211";"205";"206";"207";"202";"198";"192";"196";"191";"189";"189";"187";"196";"192";"195"
"Formoso";"Energia Elétrica no Setor Comercial - Consumo (Mwh)";"427";"415";"455";"524";"566";"632";"660";"702";"672";"651";"733";"743";"742";"733";"803";"674";"698";"795";"850";"975";"1.122"
"Formoso";"Energia Elétrica no Setor Industrial - Consumidores (número)";"18";"15";"14";"13";" 10 ";"10";"10";"8";"8";"9";"9";"9";"9";"9";"8";"8";"8";"8";"7";"8";"8"
"Formoso";"Energia Elétrica no Setor Industrial - Consumo (Mwh)";"514";"377";"418";"448";"378";"321";"488";"668";"694";"618";"527";"420";"596";"752";"634";"597";"696";"597";"675";"346";"407"
"Formoso";"Energia Elétrica Rural - Consumidores (número)";"402";"365";"444";"446";" 450 ";"459";"463";"464";"471";"470";"465";"466";"465";"495";"483";"494";"635";"632";"619";"611";"611"
"Formoso";"Energia Elétrica Rural - Consumo (Mwh)";"849";"730";"969";"882";"1.000";"1.131";"991";"976";"867";"1.118";"1.041";"1.129";"1.148";"1.279";"1.372";"1.442";"1.492";"1.442";"1.547";"1.557";"1.564"
"Gameleira de Goiás";"Energia Elétrica - Consumidores - Total (número)";"1.047";"1.130";"1.165";"1.212";" 1.255 ";"1.278";"1.482";"1.544";"1.568";"1.623";"1.650";"1.658";"1.490";"1.780";"1.752";"1.797";"1.834";"2.002";"1.955";"2.012";"2.024"
"Gameleira de Goiás";"Capacidade Instalada de Energia - Total (MW)";"...";"...";"...";"...";"...";"...";"...";"...";"...";"...";"...";"...";"...";"...";"...";"...";"...";"...";"...";"...";"..."
"Gameleira de Goiás";"Energia Elétrica - Consumo - Total (Mwh)";"3.099";"3.669";"4.358";"4.797";"5.003";"5.798";"5.852";"6.628";"5.579";"7.000";"6.519";"7.045";"6.576";"7.494";"8.063";"8.490";"9.282";"9.015";"9.266";"10.490";"11.001"
"Gameleira de Goiás";"Energia Elétrica de Consumo Próprio - Consumidores (número)";"-";"-";"-";"-";" -   ";"-";"-";"-";"-";"-";"-";"-";"-";"1";"1";"1";"1";"4";"4";"4";"4"
"Gameleira de Goiás";"Energia Elétrica de Consumo Próprio - Consumo (Mwh)";"-";"-";"-";"-";" -   ";"-";"-";"-";"-";"-";"-";"0";"-";"8";"1";"1";"1";"11";"5";"6";"7"
"Gameleira de Goiás";"Energia Elétrica na Iluminação Pública - Consumidores (número)";"2";"2";"2";"2";" 2 ";"2";"2";"2";"2";"2";"2";"2";"2";"2";"2";"2";"1";"1";"1";"2";"1"
"Gameleira de Goiás";"Energia Elétrica no Setor Comercial - Consumidores (número)";"47";"51";"51";"51";" 80 ";"85";"91";"96";"95";"98";"95";"91";"78";"97";"88";"88";"83";"85";"87";"90";"94"
"Gameleira de Goiás";"Energia Elétrica no Setor Comercial - Consumo (Mwh)";"115";"140";"142";"173";"232";"251";"292";"408";"407";"501";"518";"460";"268";"461";"520";"462";"683";"655";"499";"552";"627"
"Gameleira de Goiás";"Energia Elétrica no Setor Industrial - Consumidores (número)";"2";"2";"3";"3";" 2 ";"2";"2";"2";"2";"2";"1";"2";"2";"4";"4";"2";"2";"2";"1";"1";"1"
"Gameleira de Goiás";"Energia Elétrica no Setor Industrial - Consumo (Mwh)";"3";"38";"171";"349";"401";"158";"176";"182";"173";"4";"2";"25";"474";"323";"351";"367";"410";"442";"242";"1";"1"
"Gameleira de Goiás";"Energia Elétrica Rural - Consumidores (número)";"522";"574";"588";"602";" 612 ";"617";"768";"790";"779";"787";"791";"791";"796";"834";"815";"837";"861";"987";"923";"936";"920"
"Gameleira de Goiás";"Energia Elétrica Rural - Consumo (Mwh)";"2.106";"2.630";"3.170";"3.318";"3.458";"4.339";"4.270";"4.795";"3.695";"5.028";"4.560";"5.017";"4.550";"5.034";"5.464";"5.752";"6.263";"5.927";"6.342";"7.192";"7.746"
"Goianápolis";"Energia Elétrica - Consumidores - Total (número)";"3.705";"3.787";"4.029";"4.130";" 4.247 ";"4.391";"4.297";"4.320";"4.638";"4.904";"5.084";"5.164";"5.254";"5.623";"5.461";"5.635";"5.787";"6.004";"6.067";"6.204";"6.389"
"Goianápolis";"Capacidade Instalada de Energia - Total (MW)";"...";"...";"...";"...";"...";"...";"...";"...";"...";"...";"...";"...";"...";"...";"...";"...";"...";"...";"...";"...";"..."
"Goianápolis";"Energia Elétrica - Consumo - Total (Mwh)";"8.884";"9.034";"9.532";"10.182";"10.572";"11.022";"11.343";"11.734";"13.188";"13.562";"13.855";"13.573";"14.213";"16.139";"16.608";"17.639";"19.786";"21.689";"22.898";"25.499";"28.348"
"Goianápolis";"Energia Elétrica de Consumo Próprio - Consumidores (número)";"2";"2";"2";"2";" 2 ";"2";"2";"2";"2";"2";"2";"3";"2";"2";"2";"2";"2";"2";"2";"2";"3"
"Goianápolis";"Energia Elétrica de Consumo Próprio - Consumo (Mwh)";"3";"2";"5";"3";" 9 ";"4";"0";"4";"-";"-";"2";"2";"2";"5";"5";"4";"9";"7";"7";"7";"6"
"Goianápolis";"Energia Elétrica na Iluminação Pública - Consumidores (número)";"1";"1";"1";"1";" 1 ";"1";"1";"1";"1";"1";"1";"1";"1";"1";"1";"1";"1";"1";"1";"1";"1"
"Goianápolis";"Energia Elétrica no Setor Comercial - Consumidores (número)";"211";"259";"293";"300";" 352 ";"366";"365";"374";"389";"400";"416";"420";"427";"427";"368";"358";"349";"341";"345";"339";"345"
"Goianápolis";"Energia Elétrica no Setor Comercial - Consumo (Mwh)";"662";"642";"833";"987";"1.231";"1.406";"1.531";"1.556";"1.681";"1.918";"2.140";"2.153";"2.337";"2.363";"2.470";"2.309";"2.422";"2.551";"2.749";"3.207";"3.991"
"Goianápolis";"Energia Elétrica no Setor Industrial - Consumidores (número)";"31";"25";"26";"27";" 28 ";"31";"33";"38";"41";"44";"44";"39";"36";"46";"31";"32";"29";"26";"26";"25";"27"
"Goianápolis";"Energia Elétrica no Setor Industrial - Consumo (Mwh)";"839";"741";"661";"602";"527";"724";"892";"1.360";"1.650";"2.040";"1.935";"1.580";"1.538";"3.027";"2.996";"3.444";"4.243";"6.157";"6.033";"6.677";"7.499"
"Goianápolis";"Energia Elétrica Rural - Consumidores (número)";"456";"465";"509";"524";" 548 ";"557";"367";"257";"226";"235";"238";"240";"239";"258";"258";"266";"293";"359";"354";"364";"368"
"Goianápolis";"Energia Elétrica Rural - Consumo (Mwh)";"2.029";"2.137";"2.396";"2.465";"2.523";"2.793";"2.505";"1.838";"2.312";"1.443";"1.409";"1.442";"1.457";"1.536";"1.538";"1.735";"1.814";"1.797";"2.146";"2.267";"2.543"
"Goiandira";"Energia Elétrica - Consumidores - Total (número)";"2.120";"2.171";"2.249";"2.337";" 2.379 ";"2.389";"2.417";"2.457";"2.499";"2.551";"2.625";"2.626";"2.573";"2.819";"2.809";"2.849";"2.874";"2.957";"2.927";"2.935";"2.979"
"Goiandira";"Capacidade Instalada de Energia - Total (MW)";"...";"...";"...";"...";"...";"...";"...";"...";"...";"...";"...";"...";"...";"...";"...";"...";"...";"...";"...";"...";"..."
"Goiandira";"Energia Elétrica - Consumo - Total (Mwh)";"5.334";"5.269";"5.283";"5.638";"5.931";"6.554";"6.311";"6.789";"7.139";"7.740";"7.780";"8.020";"8.114";"8.373";"8.354";"8.576";"9.162";"8.737";"9.473";"9.361";"9.149"
"Goiandira";"Energia Elétrica de Consumo Próprio - Consumidores (número)";"2";"2";"2";"2";" 2 ";"2";"2";"2";"2";"2";"2";"2";"2";"2";"2";"2";"2";"5";"5";"5";"5"
"Goiandira";"Energia Elétrica de Consumo Próprio - Consumo (Mwh)";"3";"4";"6";"3";" 4 ";"5";"5";"7";"3";"3";"7";"6";"7";"44";"10";"1";"1";"23";"19";"8";"9"
"Goiandira";"Energia Elétrica na Iluminação Pública - Consumidores (número)";"2";"2";"2";"2";" 2 ";"2";"2";"2";"2";"2";"2";"2";"2";"2";"2";"1";"2";"1";"1";"1";"1"
"Goiandira";"Energia Elétrica no Setor Comercial - Consumidores (número)";"128";"138";"147";"147";" 184 ";"188";"188";"187";"186";"186";"189";"191";"191";"194";"182";"177";"180";"178";"177";"175";"174"
"Goiandira";"Energia Elétrica no Setor Comercial - Consumo (Mwh)";"576";"481";"559";"616";"712";"806";"839";"890";"891";"963";"962";"932";"987";"971";"1.030";"949";"871";"1.023";"1.111";"1.162";"1.288"
"Goiandira";"Energia Elétrica no Setor Industrial - Consumidores (número)";"22";"23";"21";"20";" 9 ";"8";"7";"8";"8";"8";"10";"8";"8";"7";"4";"2";"2";"2";"2";"3";"6"
"Goiandira";"Energia Elétrica no Setor Industrial - Consumo (Mwh)";"527";"668";"255";"466";"382";"406";"453";"490";"560";"633";"672";"941";"929";"1.014";"689";"581";"694";"568";"450";"591";"551"
"Goiandira";"Energia Elétrica Rural - Consumidores (número)";"363";"384";"402";"442";" 449 ";"427";"428";"432";"436";"443";"465";"472";"468";"478";"497";"495";"516";"580";"539";"552";"562"
"Goiandira";"Energia Elétrica Rural - Consumo (Mwh)";"974";"867";"1.068";"1.031";"1.100";"1.206";"1.146";"1.115";"1.235";"1.350";"1.303";"1.355";"1.532";"1.838";"2.069";"2.324";"2.390";"2.277";"2.729";"2.136";"1.806"
"Goianésia";"Energia Elétrica - Consumidores - Total (número)";"18.052";"18.708";"19.433";"20.393";" 21.232 ";"22.560";"23.482";"24.185";"24.882";"25.611";"26.565";"27.677";"27.276";"30.105";"30.470";"31.592";"32.591";"33.957";"34.632";"36.069";"37.110"
"Goianésia";"Capacidade Instalada de Energia - Total (MW)";"...";"...";"...";"...";"...";"...";"...";"...";"...";"...";"...";"...";"...";"...";"...";"...";"...";"...";"...";"...";"..."
"Goianésia";"Energia Elétrica - Consumo - Total (Mwh)";"105.316";"109.606";"61.513";"65.245";"62.566";"73.935";"76.148";"79.245";"81.651";"89.006";"94.118";"96.182";"96.689";"110.005";"115.478";"115.603";"119.215";"123.691";"137.715";"150.884";"158.531"
"Goianésia";"Energia Elétrica de Consumo Próprio - Consumidores (número)";"2";"2";"3";"2";" 2 ";"2";"2";"2";"2";"2";"3";"2";"2";"4";"4";"4";"4";"11";"11";"11";"11"
"Goianésia";"Energia Elétrica de Consumo Próprio - Consumo (Mwh)";"22";"26";"16";"23";" 25 ";"29";"26";"19";"14";"15";"20";"17";"14";"97";"76";"58";"65";"180";"117";"77";"74"
"Goianésia";"Energia Elétrica na Iluminação Pública - Consumidores (número)";"7";"7";"7";"7";" 7 ";"7";"7";"7";"7";"7";"7";"7";"7";"7";"7";"1";"1";"1";"1";"2";"2"
"Goianésia";"Energia Elétrica no Setor Comercial - Consumidores (número)";"1.313";"1.433";"1.513";"1.610";" 2.317 ";"2.434";"2.528";"2.548";"2.545";"2.534";"2.545";"2.554";"2.480";"2.547";"2.534";"2.528";"2.522";"2.509";"2.466";"2.426";"2.383"
"Goianésia";"Energia Elétrica no Setor Comercial - Consumo (Mwh)";"6.151";"6.870";"7.385";"8.539";"10.863";"13.097";"13.817";"14.589";"15.184";"16.492";"17.156";"16.899";"16.935";"17.570";"20.574";"18.152";"19.040";"20.626";"21.488";"24.878";"25.265"
"Goianésia";"Energia Elétrica no Setor Industrial - Consumidores (número)";"137";"142";"149";"145";" 102 ";"104";"95";"95";"92";"90";"91";"88";"87";"87";"86";"85";"80";"80";"82";"79";"80"
"Goianésia";"Energia Elétrica no Setor Industrial - Consumo (Mwh)";"63.003";"66.888";"15.941";"16.887";"10.609";"13.668";"12.845";"10.432";"9.359";"12.430";"15.530";"14.561";"18.948";"21.900";"18.488";"19.808";"19.551";"20.294";"21.856";"23.954";"24.719"
"Goianésia";"Energia Elétrica Rural - Consumidores (número)";"1.149";"1.214";"1.329";"1.460";" 1.482 ";"1.507";"1.486";"1.499";"1.432";"1.681";"1.606";"1.616";"1.393";"1.642";"1.625";"1.663";"1.716";"1.949";"1884";"1.906";"1.936"
"Goianésia";"Energia Elétrica Rural - Consumo (Mwh)";"7.460";"6.261";"6.815";"6.502";"6.678";"8.342";"8.352";"10.762";"11.329";"11.199";"10.597";"11.259";"6.871";"11.821";"12.865";"12.608";"12.199";"10.784";"11.868";"12.044";"12.377"
"Goiânia";"Energia Elétrica - Consumidores - Total (número)";"468.954";"483.117";"500.246";"515.542";" 534.781 ";"554.374";"575.231";"593.755";"614.976";"639.147";"654.025";"652.507";"662.149";"698.974";"689.745";"699.663";"713.010";"727.638";"738.526";"749.100";"761.964"
"Goiânia";"Capacidade Instalada de Energia - Total (MW)";"...";"...";"...";"...";"...";"...";"...";"...";"...";"...";"...";"...";"...";"...";"...";"...";"...";"...";"...";"...";"..."
"Goiânia";"Energia Elétrica - Consumo - Total (Mwh)";"2.014.577";"2.088.270";"2.200.079";"2.230.249";"2.320.949";"2.525.294";"2.614.381";"2.744.728";"2.825.207";"2.998.725";"3.044.167";"2.980.006";"3.051.461";"3.139.814";"3.229.622";"3.051.036";"3.107.750";"3.255.914";"3.512.899";"3.765.151";"3.865.690"
"Goiânia";"Energia Elétrica de Consumo Próprio - Consumidores (número)";"19";"21";"25";"28";" 26 ";"26";"25";"24";"25";"21";"21";"21";"21";"30";"32";"32";"30";"154";"149";"151";"157"
"Goiânia";"Energia Elétrica de Consumo Próprio - Consumo (Mwh)";"3.897";"4.106";"4.802";"5.072";" 5.241 ";"5.093";"4.814";"4.267";"4.062";"3.779";"3.918";"3.563";"3.399";"5.039";"4.785";"3.983";"3.434";"6.291";"4.986";"5.612";"5.725"
"Goiânia";"Energia Elétrica na Iluminação Pública - Consumidores (número)";"1";"1";"1";"1";" 1 ";"1";"1";"1";"3";"6";"7";"7";"7";"3";"3";"2";"1";"2";"1";"42";"44"
"Goiânia";"Energia Elétrica no Setor Comercial - Consumidores (número)";"52.188";"53.631";"56.047";"57.203";" 64.174 ";"65.317";"66.948";"67.117";"66.046";"66.882";"66.928";"65.502";"66.718";"68.555";"64.869";"62.939";"61.370";"60.371";"58.981";"57.402";"56.116"
"Goiânia";"Energia Elétrica no Setor Comercial - Consumo (Mwh)";"586.716";"626.879";"698.048";"711.880";"755.782";"810.924";"844.757";"890.286";"934.772";"973.168";"986.360";"944.814";"974.455";"975.680";"1.022.558";"866.195";"884.277";"955.303";"1.002.270";"1.057.257";"1.074.280"
"Goiânia";"Energia Elétrica no Setor Industrial - Consumidores (número)";"3.993";"3.778";"3.365";"3.133";" 3.091 ";"3.052";"3.008";"2.945";"2.880";"2.851";"2.765";"2.565";"2.530";"2.496";"2.339";"2.309";"2.268";"2.198";"2.155";"2.131";"2.067"
"Goiânia";"Energia Elétrica no Setor Industrial - Consumo (Mwh)";"274.638";"266.995";"263.749";"255.915";"255.647";"280.141";"274.559";"275.192";"230.416";"292.503";"261.861";"240.374";"246.503";"248.153";"240.998";"216.123";"203.648";"221.153";"215.491";"237.149";"233.153"
"Goiânia";"Energia Elétrica Rural - Consumidores (número)";"752";"771";"766";"794";" 798 ";"799";"712";"642";"645";"657";"632";"624";"619";"646";"666";"687";"753";"844";"852";"857";"896"
"Goiânia";"Energia Elétrica Rural - Consumo (Mwh)";"7.181";"6.584";"7.514";"7.140";"6.636";"7.212";"7.123";"6.637";"6.295";"6.159";"6.180";"5.971";"5.490";"6.091";"6.480";"6.138";"6.322";"5.890";"6.069";"6.523";"6.658"
"Goianira";"Energia Elétrica - Consumidores - Total (número)";"7.969";"8.669";"9.754";"10.856";" 11.940 ";"13.198";"14.418";"16.625";"18.953";"20.555";"22.734";"23.299";"24.275";"27.135";"26.450";"27.747";"28.387";"29.507";"30.476";"31.968";"33.351"
"Goianira";"Capacidade Instalada de Energia - Total (MW)";"...";"...";"...";"...";"...";"...";"...";"...";"...";"...";"...";"...";"...";"...";"...";"...";"...";"...";"...";"...";"..."
"Goianira";"Energia Elétrica - Consumo - Total (Mwh)";"25.957";"25.731";"28.413";"29.198";"30.318";"36.954";"43.852";"47.058";"51.289";"59.183";"59.306";"60.812";"69.514";"78.679";"80.252";"93.142";"89.079";"94.731";"104.937";"119.183";"125.590"
"Goianira";"Energia Elétrica de Consumo Próprio - Consumidores (número)";"1";"1";"1";"1";" 1 ";"1";"1";"1";"1";"1";"1";"1";"1";"2";"2";"3";"2";"4";"5";"4";"3"
"Goianira";"Energia Elétrica de Consumo Próprio - Consumo (Mwh)";"2";"6";"7";"9";" 11 ";"10";"12";"7";"5";"12";"7";"10";"8";"28";"38";"59";"46";"94";"76";"68";"56"
"Goianira";"Energia Elétrica na Iluminação Pública - Consumidores (número)";"1";"1";"1";"1";" 1 ";"1";"1";"1";"1";"1";"1";"1";"1";"1";"1";"1";"1";"1";"1";"4";"1"
"Goianira";"Energia Elétrica no Setor Comercial - Consumidores (número)";"331";"386";"452";"529";" 786 ";"813";"802";"834";"905";"964";"1.030";"1.051";"1.112";"1.128";"1.052";"1.041";"1.011";"1.006";"1.037";"1.062";"1.139"
"Goianira";"Energia Elétrica no Setor Comercial - Consumo (Mwh)";"1.800";"2.239";"2.579";"4.804";"3.734";"5.445";"8.370";"5.535";"6.574";"10.909";"9.444";"9.027";"13.378";"9.130";"8.501";"7.198";"13.954";"20.780";"23.506";"28.548";"29.782"
"Goianira";"Energia Elétrica no Setor Industrial - Consumidores (número)";"65";"61";"65";"66";" 69 ";"68";"66";"67";"67";"69";"67";"64";"65";"67";"63";"65";"61";"62";"61";"61";"60"
"Goianira";"Energia Elétrica no Setor Industrial - Consumo (Mwh)";"8.059";"7.316";"7.955";"5.001";"5.859";"7.856";"8.930";"10.549";"9.285";"9.028";"8.065";"7.724";"10.437";"17.998";"21.178";"23.443";"15.540";"12.108";"12.293";"12.838";"12.831"
"Goianira";"Energia Elétrica Rural - Consumidores (número)";"519";"526";"533";"529";" 522 ";"525";"515";"509";"507";"502";"506";"503";"508";"527";"510";"525";"551";"577";"556";"553";"573"
"Goianira";"Energia Elétrica Rural - Consumo (Mwh)";"3.270";"3.273";"3.271";"2.984";"3.073";"3.138";"3.465";"3.827";"3.741";"3.807";"3.214";"3.204";"3.131";"3.273";"3.551";"3.587";"3.902";"3.345";"3.434";"3.538";"3.652"
"Goiás";"Energia Elétrica - Consumidores - Total (número)";"10.005";"10.139";"9.478";"10.348";" 10.580 ";"10.659";"10.869";"11.040";"11.269";"11.556";"11.747";"11.797";"11.267";"12.611";"12.619";"12.725";"12.813";"13.340";"13.337";"13.554";"13.618"
"Goiás";"Capacidade Instalada de Energia - Total (MW)";"...";"...";"...";"...";"...";"...";"...";"...";"...";"...";"...";"...";"...";"...";"...";"...";"...";"...";"...";"...";"..."
"Goiás";"Energia Elétrica - Consumo - Total (Mwh)";"25.272";"25.087";"28.004";"28.776";"26.997";"28.685";"31.088";"38.453";"36.272";"38.442";"39.098";"41.408";"33.296";"44.890";"47.223";"49.148";"49.412";"52.262";"54.048";"56.902";"59.404"
"Goiás";"Energia Elétrica de Consumo Próprio - Consumidores (número)";"9";"9";"8";"5";" 5 ";"5";"5";"5";"5";"4";"4";"4";"4";"5";"4";"4";"4";"9";"12";"9";"9"
"Goiás";"Energia Elétrica de Consumo Próprio - Consumo (Mwh)";"64";"71";"66";"66";" 58 ";"56";"52";"53";"69";"67";"61";"49";"37";"34";"43";"338";"22";"84";"194";"135";"103"
"Goiás";"Energia Elétrica na Iluminação Pública - Consumidores (número)";"6";"6";"6";"6";" 6 ";"6";"6";"6";"6";"6";"6";"6";"6";"18";"6";"1";"1";"1";"1";"3";"3"
"Goiás";"Energia Elétrica no Setor Comercial - Consumidores (número)";"747";"735";"689";"744";" 921 ";"904";"900";"907";"931";"941";"924";"894";"843";"875";"838";"816";"796";"795";"779";"764";"734"
"Goiás";"Energia Elétrica no Setor Comercial - Consumo (Mwh)";"3.497";"3.523";"3.954";"3.836";"3.978";"4.340";"4.347";"4.599";"5.210";"5.283";"5.807";"5.671";"5.560";"5.588";"5.715";"5.273";"5.288";"7.783";"6.311";"6.702";"6.677"
"Goiás";"Energia Elétrica no Setor Industrial - Consumidores (número)";"54";"48";"43";"46";" 36 ";"35";"37";"34";"33";"28";"24";"23";"18";"23";"21";"21";"19";"20";"20";"20";"19"
"Goiás";"Energia Elétrica no Setor Industrial - Consumo (Mwh)";"4.380";"4.199";"5.607";"6.302";"3.831";"3.833";"3.856";"7.515";"6.815";"5.736";"3.798";"3.926";"542";"4.462";"5.344";"5.266";"5.592";"6.000";"5.964";"5.784";"7.426"
"Goiás";"Energia Elétrica Rural - Consumidores (número)";"1.539";"1.602";"1.058";"1.704";" 1.778 ";"1.806";"1.884";"1.925";"1.948";"1.974";"2.018";"2.049";"1.964";"2.174";"2.300";"2.311";"2.371";"2.654";"2604";"2.740";"2.730"
"Goiás";"Energia Elétrica Rural - Consumo (Mwh)";"3.988";"3.914";"4.303";"4.194";"4.363";"5.042";"7.054";"9.599";"6.838";"9.640";"9.958";"12.353";"8.029";"13.632";"14.659";"16.816";"16.997";"16.080";"16.571";"17.450";"17.555"
"Goiatuba";"Energia Elétrica - Consumidores - Total (número)";"11.780";"11.910";"12.058";"12.334";" 12.493 ";"12.775";"13.052";"13.473";"13.857";"14.306";"14.724";"15.020";"14.786";"16.188";"16.191";"16.662";"16.953";"17.429";"17.621";"17.850";"18.164"
"Goiatuba";"Capacidade Instalada de Energia - Total (MW)";"...";"...";"...";"...";"...";"...";"...";"...";"...";"...";"...";"...";"...";"...";"...";"...";"...";"...";"...";"...";"..."
"Goiatuba";"Energia Elétrica - Consumo - Total (Mwh)";"43.600";"77.333";"45.400";"45.846";"49.283";"52.728";"54.603";"58.033";"60.434";"63.920";"64.242";"64.386";"64.577";"66.419";"68.932";"69.618";"71.870";"75.093";"81.851";"86.244";"88.815"
"Goiatuba";"Energia Elétrica de Consumo Próprio - Consumidores (número)";"3";"3";"2";"2";" 2 ";"2";"1";"1";"1";"1";"1";"1";"1";"4";"6";"6";"6";"14";"14";"14";"14"
"Goiatuba";"Energia Elétrica de Consumo Próprio - Consumo (Mwh)";"10";"12";"14";"13";" 13 ";"11";"12";"12";"12";"8";"8";"6";"6";"80";"59";"41";"43";"92";"40";"40";"85"
"Goiatuba";"Energia Elétrica na Iluminação Pública - Consumidores (número)";"3";"3";"3";"3";" 3 ";"3";"4";"4";"4";"4";"4";"4";"4";"4";"4";"1";"1";"1";"1";"1";"1"
"Goiatuba";"Energia Elétrica no Setor Comercial - Consumidores (número)";"1.076";"1.069";"1.086";"1.088";" 1.373 ";"1.362";"1.361";"1.379";"1.421";"1.443";"1.461";"1.425";"1.381";"1.425";"1.352";"1.344";"1.325";"1.324";"1.306";"1.298";"1.263"
"Goiatuba";"Energia Elétrica no Setor Comercial - Consumo (Mwh)";"8.658";"8.386";"8.293";"8.828";"10.527";"11.429";"12.526";"13.140";"14.386";"14.941";"15.285";"13.792";"12.997";"14.146";"14.349";"13.855";"13.241";"15.540";"16.190";"17.050";"17.642"
"Goiatuba";"Energia Elétrica no Setor Industrial - Consumidores (número)";"88";"82";"79";"73";" 35 ";"36";"34";"31";"30";"27";"26";"27";"25";"26";"25";"24";"24";"24";"23";"23";"22"
"Goiatuba";"Energia Elétrica no Setor Industrial - Consumo (Mwh)";"4.969";"37.932";"5.446";"6.311";"6.762";"7.255";"7.746";"8.474";"8.566";"8.150";"7.863";"7.414";"9.686";"8.573";"9.423";"9.062";"10.482";"11.512";"12.279";"12.511";"10.950"
"Goiatuba";"Energia Elétrica Rural - Consumidores (número)";"788";"791";"809";"842";" 852 ";"841";"836";"877";"877";"887";"926";"929";"819";"935";"950";"984";"979";"1.082";"1000";"1.002";"972"
"Goiatuba";"Energia Elétrica Rural - Consumo (Mwh)";"6.568";"7.471";"7.601";"6.487";"6.969";"7.327";"6.972";"7.471";"7.180";"8.754";"8.984";"10.452";"9.607";"10.105";"11.251";"11.568";"10.886";"9.971";"11.893";"10.659";"12.308"
"Gouvelândia";"Energia Elétrica - Consumidores - Total (número)";"1.714";"1.745";"1.786";"1.841";" 1.888 ";"1.955";"1.990";"2.053";"2.094";"2.193";"2.226";"2.229";"2.232";"2.346";"2.328";"2.379";"2.399";"2.497";"2.505";"2.596";"2.607"
"Gouvelândia";"Capacidade Instalada de Energia - Total (MW)";"...";"...";"...";"...";"...";"...";"...";"...";"...";"...";"...";"...";"...";"...";"...";"...";"...";"...";"...";"...";"..."
"Gouvelândia";"Energia Elétrica - Consumo - Total (Mwh)";"5.095";"5.243";"5.597";"5.665";"5.734";"6.051";"6.212";"6.719";"6.740";"7.508";"7.094";"6.954";"7.382";"7.515";"7.838";"8.211";"8.329";"8.590";"9.420";"10.741";"12.458"
"Gouvelândia";"Energia Elétrica de Consumo Próprio - Consumidores (número)";"1";"2";"2";"2";" 1 ";"1";"1";"1";"1";"1";"1";"1";"1";"1";"1";"1";"1";"2";"4";"2";"2"
"Gouvelândia";"Energia Elétrica de Consumo Próprio - Consumo (Mwh)";"1";"2";"2";"3";" 1 ";"1";"0";"-";"-";"-";"0";"0";"0";"1";"1";"1";"2";"13";"6";"5";"5"
"Gouvelândia";"Energia Elétrica na Iluminação Pública - Consumidores (número)";"1";"1";"1";"1";" 1 ";"1";"1";"1";"1";"1";"1";"1";"1";"1";"1";"1";"1";"1";"1";"1";"1"
"Gouvelândia";"Energia Elétrica no Setor Comercial - Consumidores (número)";"111";"109";"113";"125";" 144 ";"145";"142";"142";"141";"144";"150";"146";"147";"147";"142";"138";"138";"139";"139";"135";"137"
"Gouvelândia";"Energia Elétrica no Setor Comercial - Consumo (Mwh)";"510";"604";"549";"597";"547";"656";"698";"758";"736";"825";"800";"713";"742";"743";"717";"769";"700";"817";"797";"774";"886"
"Gouvelândia";"Energia Elétrica no Setor Industrial - Consumidores (número)";"18";"18";"17";"19";" 17 ";"17";"16";"17";"17";"16";"15";"16";"14";"14";"15";"15";"15";"14";"14";"14";"13"
"Gouvelândia";"Energia Elétrica no Setor Industrial - Consumo (Mwh)";"133";"175";"198";"213";"240";"160";"162";"154";"141";"153";"147";"125";"127";"123";"135";"97";"80";"87";"101";"93";"89"
"Gouvelândia";"Energia Elétrica Rural - Consumidores (número)";"281";"276";"278";"283";" 286 ";"283";"273";"271";"267";"267";"266";"271";"271";"289";"290";"303";"304";"357";"335";"362";"356"
"Gouvelândia";"Energia Elétrica Rural - Consumo (Mwh)";"1.739";"1.643";"1.780";"1.604";"1.497";"1.606";"1.666";"1.870";"1.823";"1.901";"1.477";"1.469";"1.557";"1.706";"1.756";"1.915";"1.888";"2.044";"2.371";"3.123";"4.816"
"Guapó";"Energia Elétrica - Consumidores - Total (número)";"4.469";"4.548";"4.669";"4.791";" 4.887 ";"4.922";"5.155";"5.358";"5.579";"5.751";"6.052";"6.360";"6.055";"7.739";"7.448";"7.766";"8.015";"8.448";"8.718";"9.309";"9.691"
"Guapó";"Capacidade Instalada de Energia - Total (MW)";"...";"...";"...";"...";"...";"...";"...";"...";"...";"...";"...";"...";"...";"...";"...";"...";"...";"...";"...";"...";"..."
"Guapó";"Energia Elétrica - Consumo - Total (Mwh)";"12.810";"13.613";"14.986";"15.664";"16.498";"18.578";"19.655";"20.448";"21.415";"23.802";"23.762";"22.779";"19.861";"25.098";"26.343";"28.263";"29.330";"31.651";"32.956";"35.931";"38.588"
"Guapó";"Energia Elétrica de Consumo Próprio - Consumidores (número)";"1";"1";"1";"1";" 1 ";"1";"1";"1";"1";"1";"1";"1";"1";"3";"3";"3";"3";"9";"9";"9";"9"
"Guapó";"Energia Elétrica de Consumo Próprio - Consumo (Mwh)";"3";"4";"4";"3";" 3 ";"3";"2";"5";"2";"6";"7";"7";"6";"60";"68";"54";"66";"106";"76";"90";"82"
"Guapó";"Energia Elétrica na Iluminação Pública - Consumidores (número)";"2";"2";"2";"2";" 2 ";"2";"2";"2";"2";"2";"2";"2";"2";"2";"2";"1";"1";"1";"1";"1";"1"
"Guapó";"Energia Elétrica no Setor Comercial - Consumidores (número)";"273";"280";"300";"302";" 368 ";"351";"355";"339";"330";"331";"367";"399";"361";"409";"390";"406";"389";"393";"384";"363";"352"
"Guapó";"Energia Elétrica no Setor Comercial - Consumo (Mwh)";"1.679";"1.540";"2.096";"2.398";"2.615";"2.820";"2.782";"2.169";"2.082";"2.164";"2.559";"2.710";"2.530";"3.236";"3.382";"3.484";"3.622";"3.934";"4.069";"4.158";"4.564"
"Guapó";"Energia Elétrica no Setor Industrial - Consumidores (número)";"38";"35";"36";"35";" 39 ";"35";"36";"32";"31";"30";"28";"25";"20";"29";"21";"20";"20";"21";"19";"18";"17"
"Guapó";"Energia Elétrica no Setor Industrial - Consumo (Mwh)";"2.291";"2.799";"3.308";"3.493";"3.684";"4.590";"4.893";"5.469";"5.320";"6.023";"6.021";"5.173";"3.053";"5.461";"5.692";"6.473";"6.629";"6.985";"6.842";"7.170";"7.537"
"Guapó";"Energia Elétrica Rural - Consumidores (número)";"508";"512";"520";"531";" 532 ";"536";"537";"529";"540";"538";"536";"544";"551";"586";"598";"623";"675";"742";"748";"752";"774"
"Guapó";"Energia Elétrica Rural - Consumo (Mwh)";"1.997";"2.110";"2.417";"2.549";"2.633";"2.875";"3.004";"3.129";"3.008";"3.283";"3.140";"3.222";"3.037";"3.465";"3.635";"3.720";"3.909";"3.592";"3.776";"3.965";"4.142"
"Guaraíta";"Energia Elétrica - Consumidores - Total (número)";"908";"961";"982";"1.001";" 1.068 ";"1.099";"1.123";"1.139";"1.138";"1.148";"1.161";"1.169";"1.251";"1.296";"1.276";"1.286";"1.338";"1.408";"1.399";"1.404";"1.466"
"Guaraíta";"Capacidade Instalada de Energia - Total (MW)";"...";"...";"...";"...";"...";"...";"...";"...";"...";"...";"...";"...";"...";"...";"...";"...";"...";"...";"...";"...";"..."
"Guaraíta";"Energia Elétrica - Consumo - Total (Mwh)";"1.573";"1.592";"1.650";"1.565";"1.678";"1.913";"1.840";"2.098";"1.826";"2.286";"2.284";"2.381";"2.518";"2.850";"2.865";"3.087";"3.214";"3.327";"3.746";"3.941";"4.131"
"Guaraíta";"Energia Elétrica de Consumo Próprio - Consumidores (número)";"-";"-";"-";"-";" -   ";"-";"-";"-";"-";"-";"-";"-";"-";"";"0";" - ";"";"0";"0";"-";"-"
"Guaraíta";"Energia Elétrica de Consumo Próprio - Consumo (Mwh)";"-";"-";"-";"-";" -   ";"-";"-";"-";"-";"-";"-";"0";"-";"0";" - ";"-";"0";"0";"0";"0";"-"
"Guaraíta";"Energia Elétrica na Iluminação Pública - Consumidores (número)";"1";"1";"1";"1";" 1 ";"1";"1";"1";"1";"1";"1";"1";"1";"1";"1";"1";"1";"1";"1";"1";"1"
"Guaraíta";"Energia Elétrica no Setor Comercial - Consumidores (número)";"45";"42";"38";"39";" 50 ";"52";"54";"53";"53";"56";"58";"52";"51";"51";"44";"47";"43";"42";"39";"42";"43"
"Guaraíta";"Energia Elétrica no Setor Comercial - Consumo (Mwh)";"93";"83";"82";"85";"101";"127";"141";"137";"133";"150";"166";"164";"170";"175";"172";"179";"161";"160";"167";"170";"185"
"Guaraíta";"Energia Elétrica no Setor Industrial - Consumidores (número)";"4";"5";"5";"5";" 3 ";"3";"3";"3";"3";"4";"4";"4";"4";"4";"4";"4";"4";"4";"3";"3";"3"
"Guaraíta";"Energia Elétrica no Setor Industrial - Consumo (Mwh)";"45";"47";"35";"26";"25";"21";"19";"20";"16";"32";"35";"28";"33";"28";"34";"36";"32";"25";"20";"22";"21"
"Guaraíta";"Energia Elétrica Rural - Consumidores (número)";"321";"380";"399";"398";" 442 ";"453";"459";"457";"452";"452";"457";"456";"458";"466";"470";"469";"512";"585";"571";"554";"593"
"Guaraíta";"Energia Elétrica Rural - Consumo (Mwh)";"605";"686";"713";"592";"701";"877";"727";"934";"639";"1.034";"958";"1.017";"1.066";"1.286";"1.283";"1.481";"1.609";"1.709";"2.019";"2.082";"2.145"
"Guarani de Goiás";"Energia Elétrica - Consumidores - Total (número)";"1.033";"1.168";"1.223";"1.262";" 1.299 ";"1.313";"1.322";"1.342";"1.377";"1.397";"1.431";"1.438";"1.462";"1.631";"1.542";"1.606";"1.792";"1.958";"1.962";"2.001";"2.041"
"Guarani de Goiás";"Capacidade Instalada de Energia - Total (MW)";"...";"...";"...";"...";"...";"...";"...";"...";"...";"...";"...";"...";"...";"...";"...";"...";"...";"...";"...";"...";"..."
"Guarani de Goiás";"Energia Elétrica - Consumo - Total (Mwh)";"1.822";"1.934";"2.689";"3.429";"3.478";"3.618";"4.400";"4.405";"4.481";"4.521";"5.038";"4.056";"5.301";"5.667";"8.139";"8.345";"10.566";"11.791";"13.617";"16.130";"16.412"
"Guarani de Goiás";"Energia Elétrica de Consumo Próprio - Consumidores (número)";"-";"-";"-";"-";" -   ";"-";"-";"-";"-";"-";"-";"-";"-";"";"0";" - ";"";"0";"0";"-";"-"
"Guarani de Goiás";"Energia Elétrica de Consumo Próprio - Consumo (Mwh)";"-";"-";"-";"-";" -   ";"-";"-";"-";"-";"-";"-";"0";"-";"0";" - ";"-";"0";"0";"0";"0";"-"
"Guarani de Goiás";"Energia Elétrica na Iluminação Pública - Consumidores (número)";"1";"1";"1";"1";" 1 ";"1";"1";"1";"1";"1";"1";"1";"1";"3";"1";"1";"1";"1";"1";"2";"1"
"Guarani de Goiás";"Energia Elétrica no Setor Comercial - Consumidores (número)";"51";"49";"49";"54";" 71 ";"68";"66";"65";"71";"70";"73";"71";"73";"73";"68";"68";"68";"66";"66";"62";"60"
"Guarani de Goiás";"Energia Elétrica no Setor Comercial - Consumo (Mwh)";"149";"128";"197";"200";"260";"478";"361";"240";"240";"235";"229";"252";"260";"264";"277";"258";"222";"240";"305";"328";"295"
"Guarani de Goiás";"Energia Elétrica no Setor Industrial - Consumidores (número)";"11";"11";"10";"10";" 4 ";"4";"5";"5";"5";"5";"5";"5";"5";"7";"5";"5";"5";"4";"4";"4";"3"
"Guarani de Goiás";"Energia Elétrica no Setor Industrial - Consumo (Mwh)";"388";"464";"986";"1.755";"1.661";"1.359";"2.109";"2.078";"2.084";"2.022";"2.363";"1.040";"2.234";"2.285";"4.642";"4.954";"6.872";"7.909";"8.908";"10.784";"10.766"
"Guarani de Goiás";"Energia Elétrica Rural - Consumidores (número)";"363";"493";"535";"554";" 579 ";"595";"597";"606";"607";"621";"630";"635";"644";"704";"699";"731";"878";"1.016";"1009";"961";"960"
"Guarani de Goiás";"Energia Elétrica Rural - Consumo (Mwh)";"446";"509";"612";"577";"662";"717";"768";"872";"898";"986";"1.048";"1.174";"1.200";"1.371";"1.460";"1.601";"1.798";"1.843";"2.058";"2.335";"2.614"
"Guarinos";"Energia Elétrica - Consumidores - Total (número)";"807";"822";"860";"942";" 948 ";"962";"972";"997";"1.012";"1.028";"1.046";"1.062";"950";"1.137";"1.198";"1.215";"1.229";"1.318";"1.334";"1.329";"1.341"
"Guarinos";"Capacidade Instalada de Energia - Total (MW)";"...";"...";"...";"...";"...";"...";"...";"...";"...";"...";"...";"...";"...";"...";"...";"...";"...";"...";"...";"...";"..."
"Guarinos";"Energia Elétrica - Consumo - Total (Mwh)";"1.124";"1.180";"1.187";"1.264";"1.379";"1.450";"1.449";"1.491";"1.719";"2.004";"1.987";"3.461";"6.109";"6.753";"4.576";"4.990";"6.099";"6.709";"6.133";"3.472";"3.341"
"Guarinos";"Energia Elétrica de Consumo Próprio - Consumidores (número)";"-";"-";"-";"-";" -   ";"-";"-";"-";"-";"-";"-";"-";"-";"";"0";" - ";"";"0";"0";"-";"-"
"Guarinos";"Energia Elétrica de Consumo Próprio - Consumo (Mwh)";"-";"-";"-";"-";" -   ";"-";"-";"-";"-";"-";"-";"0";"-";"0";" - ";"-";"0";"0";"0";"0";"-"
"Guarinos";"Energia Elétrica na Iluminação Pública - Consumidores (número)";"2";"2";"2";"2";" 2 ";"2";"2";"3";"3";"3";"3";"3";"3";"3";"3";"1";"1";"1";"2";"2";"2"
"Guarinos";"Energia Elétrica no Setor Comercial - Consumidores (número)";"48";"46";"45";"49";" 64 ";"63";"62";"63";"66";"67";"67";"68";"59";"66";"61";"62";"60";"60";"57";"59";"57"
"Guarinos";"Energia Elétrica no Setor Comercial - Consumo (Mwh)";"128";"120";"138";"145";"163";"190";"186";"185";"205";"262";"279";"1.571";"4.367";"4.594";"2.306";"2.585";"3.608";"4.086";"3.302";"499";"289"
"Guarinos";"Energia Elétrica no Setor Industrial - Consumidores (número)";"-";"-";"-";"-";" 1 ";"1";"1";"1";"1";"1";"1";"1";"1";"1";"1";"1";"1";"1";"1";"1";"-"
"Guarinos";"Energia Elétrica no Setor Industrial - Consumo (Mwh)";"0";"0";"0";"0";"1";"1";"0";"1";"-";"-";"1";"1";"1";"1";"1";"1";"1";"1";"1";"1";"1"
"Guarinos";"Energia Elétrica Rural - Consumidores (número)";"207";"222";"268";"341";" 338 ";"339";"335";"342";"342";"343";"343";"346";"332";"356";"358";"360";"369";"456";"466";"446";"457"
"Guarinos";"Energia Elétrica Rural - Consumo (Mwh)";"292";"322";"331";"364";"469";"487";"483";"407";"499";"614";"521";"615";"574";"750";"770";"825";"881";"895";"1.003";"1.027";"1.052"
"Heitoraí";"Energia Elétrica - Consumidores - Total (número)";"1.564";"1.642";"1.685";"1.746";" 1.793 ";"1.822";"1.845";"1.882";"1.883";"1.924";"1.919";"1.905";"1.925";"1.963";"1.931";"1.984";"2.022";"2.167";"2.126";"2.748";"2.823"
"Heitoraí";"Capacidade Instalada de Energia - Total (MW)";"...";"...";"...";"...";"...";"...";"...";"...";"...";"...";"...";"...";"...";"...";"...";"...";"...";"...";"...";"...";"..."
"Heitoraí";"Energia Elétrica - Consumo - Total (Mwh)";"3.129";"3.382";"3.921";"4.338";"4.501";"4.918";"4.998";"4.682";"4.936";"5.374";"5.494";"5.706";"5.905";"6.303";"6.736";"6.928";"7.244";"7.449";"7.606";"8.152";"8.586"
"Heitoraí";"Energia Elétrica de Consumo Próprio - Consumidores (número)";"2";"2";"2";"2";" 2 ";"2";"2";"2";"2";"2";"2";"2";"2";"2";"2";"2";"1";"3";"3";"3";"3"
"Heitoraí";"Energia Elétrica de Consumo Próprio - Consumo (Mwh)";"1";"1";"3";"1";" 1 ";"1";"2";"2";"3";"-";"1";"1";"1";"1";"1";"2";"2";"14";"7";"7";"7"
"Heitoraí";"Energia Elétrica na Iluminação Pública - Consumidores (número)";"1";"1";"1";"1";" 1 ";"1";"1";"1";"1";"1";"1";"1";"1";"1";"1";"1";"1";"1";"1";"1";"1"
"Heitoraí";"Energia Elétrica no Setor Comercial - Consumidores (número)";"120";"122";"124";"133";" 144 ";"143";"145";"148";"146";"149";"151";"147";"149";"142";"141";"138";"134";"134";"134";"130";"134"
"Heitoraí";"Energia Elétrica no Setor Comercial - Consumo (Mwh)";"254";"274";"322";"338";"387";"440";"421";"467";"496";"524";"581";"554";"546";"540";"521";"543";"528";"561";"566";"610";"634"
"Heitoraí";"Energia Elétrica no Setor Industrial - Consumidores (número)";"11";"11";"9";"9";" 6 ";"6";"6";"6";"6";"6";"5";"5";"5";"5";"5";"5";"5";"5";"5";"5";"5"
"Heitoraí";"Energia Elétrica no Setor Industrial - Consumo (Mwh)";"39";"30";"26";"44";"25";"16";"20";"20";"21";"35";"41";"39";"40";"42";"42";"46";"43";"41";"37";"16";"9"
"Heitoraí";"Energia Elétrica Rural - Consumidores (número)";"513";"570";"593";"625";" 633 ";"643";"635";"651";"637";"635";"638";"623";"627";"631";"606";"636";"661";"741";"690";"1.192";"1.219"
"Heitoraí";"Energia Elétrica Rural - Consumo (Mwh)";"1.277";"1.469";"1.885";"2.145";"2.146";"2.389";"2.451";"2.121";"2.158";"2.712";"2.565";"2.767";"2.911";"3.284";"3.633";"3.724";"3.968";"3.969";"3.823";"4.161";"4.395"
"Hidrolândia";"Energia Elétrica - Consumidores - Total (número)";"5.493";"5.755";"6.115";"6.440";" 6.734 ";"7.100";"7.813";"8.218";"8.649";"8.967";"9.303";"9.727";"9.585";"10.919";"10.895";"11.428";"11.882";"12.436";"12.837";"13.410";"14.031"
"Hidrolândia";"Capacidade Instalada de Energia - Total (MW)";"...";"...";"...";"...";"...";"...";"...";"...";"...";"...";"...";"...";"...";"...";"...";"...";"...";"...";"...";"...";"..."
"Hidrolândia";"Energia Elétrica - Consumo - Total (Mwh)";"25.963";"26.126";"32.013";"30.474";"32.012";"38.736";"40.662";"42.891";"41.146";"48.639";"49.706";"51.895";"54.639";"58.074";"64.122";"66.311";"63.797";"72.688";"75.286";"80.758";"88.186"
"Hidrolândia";"Energia Elétrica de Consumo Próprio - Consumidores (número)";"2";"2";"3";"2";" 2 ";"2";"2";"2";"2";"3";"2";"2";"2";"3";"4";"4";"3";"7";"7";"7";"7"
"Hidrolândia";"Energia Elétrica de Consumo Próprio - Consumo (Mwh)";"8";"5";"8";"4";" 6 ";"8";"1";"4";"-";"1";"6";"10";"8";"17";"11";"14";"15";"66";"39";"31";"36"
"Hidrolândia";"Energia Elétrica na Iluminação Pública - Consumidores (número)";"3";"3";"3";"3";" 3 ";"3";"3";"3";"3";"3";"3";"3";"3";"3";"3";"1";"1";"1";"2";"1";"1"
"Hidrolândia";"Energia Elétrica no Setor Comercial - Consumidores (número)";"381";"380";"395";"400";" 411 ";"411";"379";"380";"384";"387";"382";"391";"350";"396";"385";"391";"400";"402";"394";"404";"410"
"Hidrolândia";"Energia Elétrica no Setor Comercial - Consumo (Mwh)";"2.144";"2.124";"2.198";"2.259";"2.586";"2.702";"2.973";"3.023";"3.027";"3.406";"4.135";"3.948";"4.442";"4.878";"6.810";"7.133";"7.525";"9.736";"10.604";"12.684";"14.703"
"Hidrolândia";"Energia Elétrica no Setor Industrial - Consumidores (número)";"39";"40";"39";"39";" 43 ";"44";"47";"46";"45";"44";"42";"42";"43";"43";"35";"32";"33";"31";"28";"28";"30"
"Hidrolândia";"Energia Elétrica no Setor Industrial - Consumo (Mwh)";"9.583";"9.708";"14.429";"12.311";"12.398";"16.685";"17.411";"18.213";"15.408";"19.600";"19.586";"21.007";"23.423";"23.584";"24.702";"23.068";"18.905";"20.628";"20.788";"20.281";"22.679"
"Hidrolândia";"Energia Elétrica Rural - Consumidores (número)";"1.152";"1.165";"1.218";"1.244";" 1.232 ";"1.243";"1.241";"1.260";"1.315";"1.328";"1.337";"1.345";"1.345";"1.405";"1.416";"1.513";"1.569";"1.671";"1666";"1.676";"1.729"
"Hidrolândia";"Energia Elétrica Rural - Consumo (Mwh)";"6.668";"6.210";"6.864";"6.921";"6.950";"7.980";"7.883";"8.095";"8.061";"8.618";"8.617";"8.886";"8.773";"9.501";"10.755";"12.525";"12.417";"11.304";"12.123";"13.042";"13.787"
"Hidrolina";"Energia Elétrica - Consumidores - Total (número)";"1.548";"1.599";"1.617";"1.656";" 1.679 ";"1.685";"1.700";"1.708";"1.729";"1.739";"1.646";"1.748";"1.671";"1.810";"1.795";"1.825";"1.833";"1.903";"1.906";"1.934";"1.942"
"Hidrolina";"Capacidade Instalada de Energia - Total (MW)";"...";"...";"...";"...";"...";"...";"...";"...";"...";"...";"...";"...";"...";"...";"...";"...";"...";"...";"...";"...";"..."
"Hidrolina";"Energia Elétrica - Consumo - Total (Mwh)";"2.865";"2.829";"2.995";"3.106";"3.355";"3.471";"3.449";"3.403";"3.653";"4.070";"4.003";"4.136";"3.953";"4.438";"4.466";"4.625";"4.564";"4.736";"5.238";"5.483";"5.802"
"Hidrolina";"Energia Elétrica de Consumo Próprio - Consumidores (número)";"1";"1";"1";"1";" 1 ";"1";"1";"1";"1";"1";"1";"1";"1";"2";"2";"2";"1";"4";"4";"4";"4"
"Hidrolina";"Energia Elétrica de Consumo Próprio - Consumo (Mwh)";"1";"1";"1";"-";" -   ";"0";"0";"1";"-";"-";"0";"0";"0";"1";"1";"2";"1";"8";"4";"4";"4"
"Hidrolina";"Energia Elétrica na Iluminação Pública - Consumidores (número)";"3";"3";"3";"3";" 3 ";"4";"4";"4";"4";"4";"4";"4";"4";"12";"4";"1";"1";"1";"1";"1";"1"
"Hidrolina";"Energia Elétrica no Setor Comercial - Consumidores (número)";"84";"81";"86";"87";" 120 ";"125";"133";"134";"133";"136";"134";"133";"118";"121";"113";"116";"113";"112";"106";"99";"100"
"Hidrolina";"Energia Elétrica no Setor Comercial - Consumo (Mwh)";"221";"222";"238";"268";"369";"414";"426";"443";"462";"472";"507";"540";"478";"481";"515";"464";"464";"478";"504";"541";"595"
"Hidrolina";"Energia Elétrica no Setor Industrial - Consumidores (número)";"9";"9";"11";"9";" 8 ";"5";"4";"4";"4";"4";"4";"4";"4";"4";"4";"4";"4";"4";"4";"4";"4"
"Hidrolina";"Energia Elétrica no Setor Industrial - Consumo (Mwh)";"63";"52";"57";"56";"51";"45";"40";"48";"48";"40";"32";"28";"22";"20";"22";"19";"23";"20";"21";"19";"15"
"Hidrolina";"Energia Elétrica Rural - Consumidores (número)";"229";"286";"298";"308";" 311 ";"313";"316";"318";"336";"332";"231";"327";"327";"334";"346";"353";"357";"412";"426";"431";"428"
"Hidrolina";"Energia Elétrica Rural - Consumo (Mwh)";"430";"444";"505";"462";"554";"637";"616";"428";"512";"827";"640";"819";"846";"984";"1.033";"1.141";"1.122";"1.174";"1.395";"1.395";"1.440"
"Iaciara";"Energia Elétrica - Consumidores - Total (número)";"3.487";"3.583";"3.686";"3.874";" 3.995 ";"4.063";"4.064";"4.179";"4.247";"4.302";"4.413";"4.364";"4.055";"4.597";"4.452";"4.631";"4.826";"4.939";"4.980";"5.107";"5.234"
"Iaciara";"Capacidade Instalada de Energia - Total (MW)";"...";"...";"...";"...";"...";"...";"...";"...";"...";"...";"...";"...";"...";"...";"...";"...";"...";"...";"...";"...";"..."
"Iaciara";"Energia Elétrica - Consumo - Total (Mwh)";"8.069";"8.282";"9.476";"9.824";"9.053";"10.394";"10.430";"12.160";"13.262";"13.672";"13.917";"15.313";"14.550";"15.747";"16.738";"18.700";"18.879";"19.726";"25.424";"27.730";"30.765"
"Iaciara";"Energia Elétrica de Consumo Próprio - Consumidores (número)";"1";"1";"1";"1";" 1 ";"1";"1";"1";"1";"1";"1";"1";"1";"2";"2";"2";"2";"3";"3";"3";"3"
"Iaciara";"Energia Elétrica de Consumo Próprio - Consumo (Mwh)";"7";"8";"8";"6";" 4 ";"5";"0";"4";"-";"12";"11";"12";"11";"135";"104";"123";"130";"155";"146";"140";"138"
"Iaciara";"Energia Elétrica na Iluminação Pública - Consumidores (número)";"4";"4";"4";"4";" 4 ";"4";"4";"4";"4";"4";"4";"4";"4";"12";"4";"1";"1";"4";"4";"5";"4"
"Iaciara";"Energia Elétrica no Setor Comercial - Consumidores (número)";"235";"240";"243";"264";" 382 ";"390";"395";"392";"391";"396";"400";"388";"364";"386";"353";"360";"357";"349";"342";"346";"352"
"Iaciara";"Energia Elétrica no Setor Comercial - Consumo (Mwh)";"988";"984";"1.060";"1.256";"1.437";"1.614";"1.693";"1.872";"1.889";"2.000";"1.925";"1.906";"1.818";"1.708";"1.677";"1.842";"1.791";"1.903";"2.153";"2.205";"2.454"
"Iaciara";"Energia Elétrica no Setor Industrial - Consumidores (número)";"23";"23";"18";"16";" 13 ";"11";"11";"10";"9";"9";"9";"8";"6";"8";"8";"8";"6";"6";"6";"6";"6"
"Iaciara";"Energia Elétrica no Setor Industrial - Consumo (Mwh)";"180";"486";"979";"742";"399";"568";"334";"673";"651";"503";"442";"438";"178";"304";"791";"878";"398";"22";"22";"30";"26"
"Iaciara";"Energia Elétrica Rural - Consumidores (número)";"413";"436";"454";"497";" 511 ";"518";"511";"534";"550";"559";"570";"576";"581";"586";"579";"594";"715";"806";"772";"777";"785"
"Iaciara";"Energia Elétrica Rural - Consumo (Mwh)";"1.961";"2.043";"2.456";"2.671";"2.222";"2.540";"2.552";"3.258";"4.013";"4.269";"4.408";"5.435";"5.512";"5.702";"6.028";"7.651";"8.012";"8.918";"13.231";"14.669";"16.995"
"Inaciolândia";"Energia Elétrica - Consumidores - Total (número)";"1.887";"1.916";"1.955";"2.004";" 2.032 ";"2.182";"2.246";"2.317";"2.480";"2.563";"2.627";"2.664";"2.688";"2.823";"2.803";"2.854";"2.860";"2.940";"2.962";"2.984";"3.061"
"Inaciolândia";"Capacidade Instalada de Energia - Total (MW)";"...";"...";"...";"...";"...";"...";"...";"...";"...";"...";"...";"...";"...";"...";"...";"...";"...";"...";"...";"...";"..."
"Inaciolândia";"Energia Elétrica - Consumo - Total (Mwh)";"6.316";"6.485";"7.433";"7.127";"7.001";"7.699";"7.831";"8.000";"9.096";"9.247";"8.795";"9.525";"9.245";"9.477";"9.846";"9.908";"11.054";"10.510";"11.075";"11.832";"11.865"
"Inaciolândia";"Energia Elétrica de Consumo Próprio - Consumidores (número)";"1";"1";"1";"1";" 1 ";"1";"1";"1";"1";"1";"1";"1";"1";"2";"2";"2";"2";"3";"5";"3";"3"
"Inaciolândia";"Energia Elétrica de Consumo Próprio - Consumo (Mwh)";"1";"1";"-";"1";" 6 ";"7";"4";"3";"-";"-";"1";"5";"3";"3";"3";"1";"1";"15";"5";"26";"18"
"Inaciolândia";"Energia Elétrica na Iluminação Pública - Consumidores (número)";"1";"1";"1";"1";" 1 ";"1";"1";"1";"1";"1";"1";"1";"1";"1";"1";"1";"1";"1";"1";"1";"1"
"Inaciolândia";"Energia Elétrica no Setor Comercial - Consumidores (número)";"128";"128";"127";"134";" 171 ";"167";"162";"167";"167";"173";"176";"171";"169";"171";"151";"158";"155";"155";"162";"149";"151"
"Inaciolândia";"Energia Elétrica no Setor Comercial - Consumo (Mwh)";"823";"828";"921";"1.020";"1.072";"1.134";"1.210";"1.247";"1.279";"1.267";"1.236";"1.229";"1.251";"1.225";"1.309";"1.255";"1.208";"1.734";"1.627";"1.453";"1.391"
"Inaciolândia";"Energia Elétrica no Setor Industrial - Consumidores (número)";"14";"12";"12";"11";" 8 ";"6";"7";"6";"6";"6";"6";"6";"6";"6";"6";"6";"6";"6";"7";"6";"6"
"Inaciolândia";"Energia Elétrica no Setor Industrial - Consumo (Mwh)";"316";"297";"304";"56";"52";"45";"73";"46";"46";"70";"58";"51";"53";"65";"60";"52";"71";"147";"148";"161";"235"
"Inaciolândia";"Energia Elétrica Rural - Consumidores (número)";"273";"283";"287";"289";" 292 ";"294";"287";"278";"284";"281";"277";"275";"276";"278";"277";"291";"292";"315";"303";"305";"294"
"Inaciolândia";"Energia Elétrica Rural - Consumo (Mwh)";"2.222";"2.423";"2.976";"2.685";"2.191";"2.604";"2.396";"1.984";"2.671";"2.380";"1.858";"2.461";"1.994";"2.061";"2.138";"2.159";"2.430";"2.114";"2.078";"2.094";"2.014"
"Indiara";"Energia Elétrica - Consumidores - Total (número)";"4.217";"4.343";"4.535";"4.812";" 4.941 ";"5.111";"5.321";"5.526";"5.784";"6.081";"6.013";"6.263";"6.085";"6.761";"6.678";"6.968";"7.088";"7.521";"7.659";"7.752";"8.044"
"Indiara";"Capacidade Instalada de Energia - Total (MW)";"...";"...";"...";"...";"...";"...";"...";"...";"...";"...";"...";"...";"...";"...";"...";"...";"...";"...";"...";"...";"..."
"Indiara";"Energia Elétrica - Consumo - Total (Mwh)";"19.394";"19.466";"25.039";"29.205";"28.153";"32.812";"38.924";"41.571";"40.909";"42.062";"40.567";"39.762";"40.839";"45.877";"50.745";"56.597";"62.407";"65.991";"61.343";"62.259";"67.518"
"Indiara";"Energia Elétrica de Consumo Próprio - Consumidores (número)";"2";"2";"2";"2";" 2 ";"2";"2";"2";"2";"2";"2";"2";"2";"2";"3";"3";"3";"5";"5";"5";"4"
"Indiara";"Energia Elétrica de Consumo Próprio - Consumo (Mwh)";"9";"5";"3";"4";" 5 ";"8";"7";"7";"7";"2";"7";"5";"5";"7";"7";"7";"9";"41";"21";"20";"20"
"Indiara";"Energia Elétrica na Iluminação Pública - Consumidores (número)";"2";"2";"2";"2";" 2 ";"2";"2";"2";"2";"2";"2";"2";"2";"2";"2";"1";"1";"1";"1";"1";"1"
"Indiara";"Energia Elétrica no Setor Comercial - Consumidores (número)";"310";"311";"311";"355";" 405 ";"429";"453";"473";"500";"508";"477";"487";"474";"488";"460";"462";"454";"466";"449";"434";"432"
"Indiara";"Energia Elétrica no Setor Comercial - Consumo (Mwh)";"1.934";"1.796";"2.015";"2.152";"2.439";"2.802";"3.210";"3.587";"3.882";"4.326";"4.271";"3.677";"3.560";"3.791";"4.407";"4.858";"4.965";"7.396";"5.832";"6.062";"6.203"
"Indiara";"Energia Elétrica no Setor Industrial - Consumidores (número)";"40";"42";"45";"37";" 28 ";"28";"27";"28";"28";"27";"28";"28";"27";"28";"25";"26";"25";"24";"26";"24";"23"
"Indiara";"Energia Elétrica no Setor Industrial - Consumo (Mwh)";"7.217";"7.787";"11.696";"15.614";"13.842";"17.086";"22.073";"23.104";"21.425";"20.885";"18.037";"17.495";"19.400";"21.851";"24.689";"28.152";"28.758";"30.469";"24.851";"24.218";"27.991"
"Indiara";"Energia Elétrica Rural - Consumidores (número)";"461";"466";"502";"528";" 531 ";"543";"570";"584";"600";"626";"634";"649";"654";"688";"685";"707";"707";"801";"748";"730";"745"
"Indiara";"Energia Elétrica Rural - Consumo (Mwh)";"3.982";"3.400";"4.273";"4.056";"4.156";"4.811";"4.734";"5.062";"5.068";"5.114";"5.556";"6.513";"5.780";"6.928";"7.536";"9.448";"12.384";"11.711";"12.921";"12.669";"13.029"
"Inhumas";"Energia Elétrica - Consumidores - Total (número)";"16.064";"16.475";"16.764";"17.383";" 18.011 ";"18.717";"19.309";"19.816";"19.700";"20.676";"21.316";"21.998";"22.357";"23.568";"23.500";"24.157";"24.576";"24.996";"25.442";"26.020";"26.533"
"Inhumas";"Capacidade Instalada de Energia - Total (MW)";"...";"...";"...";"...";"...";"...";"...";"...";"...";"...";"...";"...";"...";"...";"...";"...";"...";"...";"...";"...";"..."
"Inhumas";"Energia Elétrica - Consumo - Total (Mwh)";"62.450";"59.548";"55.094";"62.642";"66.090";"67.141";"68.092";"73.168";"78.174";"83.355";"84.421";"81.984";"91.086";"89.891";"87.314";"93.130";"94.244";"96.838";"105.503";"113.794";"119.615"
"Inhumas";"Energia Elétrica de Consumo Próprio - Consumidores (número)";"1";"1";"1";"2";" 2 ";"2";"2";"2";"1";"2";"2";"2";"2";"3";"3";"3";"3";"8";"8";"8";"8"
"Inhumas";"Energia Elétrica de Consumo Próprio - Consumo (Mwh)";"21";"17";"19";"26";" 26 ";"23";"24";"20";"12";"16";"20";"20";"18";"322";"217";"214";"218";"297";"258";"239";"232"
"Inhumas";"Energia Elétrica na Iluminação Pública - Consumidores (número)";"1";"1";"1";"1";" 1 ";"1";"1";"1";"1";"1";"1";"1";"1";"1";"1";"1";"1";"1";"1";"1";"1"
"Inhumas";"Energia Elétrica no Setor Comercial - Consumidores (número)";"1.255";"1.264";"1.305";"1.365";" 1.659 ";"1.683";"1.703";"1.723";"1.594";"1.703";"1.757";"1.689";"1.687";"1.712";"1.631";"1.636";"1.616";"1.649";"1.667";"1.661";"1.667"
"Inhumas";"Energia Elétrica no Setor Comercial - Consumo (Mwh)";"6.710";"6.799";"7.522";"8.086";"9.032";"9.872";"10.080";"10.788";"11.249";"12.200";"12.280";"11.578";"11.309";"11.770";"12.743";"11.504";"12.009";"12.349";"13.154";"14.548";"15.539"
"Inhumas";"Energia Elétrica no Setor Industrial - Consumidores (número)";"123";"127";"129";"128";" 128 ";"131";"135";"135";"135";"142";"140";"141";"140";"137";"124";"123";"119";"111";"112";"106";"108"
"Inhumas";"Energia Elétrica no Setor Industrial - Consumo (Mwh)";"21.200";"17.496";"9.776";"15.645";"16.589";"13.418";"13.116";"14.402";"16.552";"17.569";"18.322";"16.448";"24.638";"20.330";"14.501";"18.805";"18.009";"19.057";"20.801";"23.495";"24.884"
"Inhumas";"Energia Elétrica Rural - Consumidores (número)";"1.030";"1.067";"1.071";"1.078";" 1.100 ";"1.098";"1.105";"1.116";"1.165";"1.164";"1.162";"1.166";"1.191";"1.261";"1.269";"1.339";"1.424";"1.457";"1495";"1.479";"1.530"
"Inhumas";"Energia Elétrica Rural - Consumo (Mwh)";"8.540";"8.157";"8.882";"8.859";"9.234";"10.036";"9.624";"10.641";"10.872";"11.233";"11.330";"11.370";"11.567";"12.198";"12.371";"13.705";"13.986";"14.118";"15.098";"15.063";"15.667"
"Ipameri";"Energia Elétrica - Consumidores - Total (número)";"8.856";"9.102";"9.216";"9.612";" 9.672 ";"9.950";"10.370";"10.614";"10.821";"11.125";"11.399";"11.594";"10.073";"12.158";"12.112";"12.408";"12.592";"12.928";"12.920";"13.178";"13.318"
"Ipameri";"Capacidade Instalada de Energia - Total (MW)";"...";"...";"...";"...";"...";"...";"...";"...";"...";"...";"...";"...";"...";"...";"...";"...";"...";"...";"...";"...";"..."
"Ipameri";"Energia Elétrica - Consumo - Total (Mwh)";"36.683";"35.113";"35.506";"35.663";"34.787";"41.765";"47.420";"48.844";"48.963";"54.054";"59.452";"68.417";"64.956";"70.570";"79.169";"81.511";"85.502";"88.701";"94.163";"93.165";"104.160"
"Ipameri";"Energia Elétrica de Consumo Próprio - Consumidores (número)";"1";"1";"1";"1";" 1 ";"1";"-";"1";"1";"1";"1";"1";"1";"3";"3";"3";"3";"11";"10";"10";"10"
"Ipameri";"Energia Elétrica de Consumo Próprio - Consumo (Mwh)";"3";"3";"3";"3";" 4 ";"4";"0";"5";"-";"1";"3";"3";"3";"8";"7";"35";"38";"113";"97";"98";"88"
"Ipameri";"Energia Elétrica na Iluminação Pública - Consumidores (número)";"4";"4";"4";"4";" 4 ";"4";"4";"4";"4";"4";"4";"4";"4";"4";"4";"1";"1";"1";"1";"1";"1"
"Ipameri";"Energia Elétrica no Setor Comercial - Consumidores (número)";"584";"595";"586";"582";" 888 ";"897";"912";"912";"902";"912";"926";"930";"837";"933";"878";"859";"840";"843";"844";"827";"829"
"Ipameri";"Energia Elétrica no Setor Comercial - Consumo (Mwh)";"3.623";"3.696";"3.814";"3.873";"4.335";"4.759";"5.107";"5.402";"5.643";"6.149";"6.329";"6.149";"5.327";"6.405";"6.407";"6.035";"6.236";"9.412";"9.695";"9.861";"9.823"
"Ipameri";"Energia Elétrica no Setor Industrial - Consumidores (número)";"64";"59";"56";"53";" 41 ";"41";"39";"41";"41";"41";"44";"42";"38";"37";"39";"36";"36";"33";"33";"34";"31"
"Ipameri";"Energia Elétrica no Setor Industrial - Consumo (Mwh)";"8.535";"7.186";"5.433";"5.121";"3.676";"6.515";"9.908";"10.270";"10.224";"10.122";"17.625";"23.638";"30.177";"25.747";"29.604";"30.415";"31.643";"32.919";"32.783";"30.083";"39.911"
"Ipameri";"Energia Elétrica Rural - Consumidores (número)";"813";"846";"892";"925";" 963 ";"1.073";"1.235";"1.277";"1.305";"1.347";"1.394";"1.406";"1.113";"1.498";"1.506";"1.622";"1.723";"1.850";"1740";"1.809";"1.798"
"Ipameri";"Energia Elétrica Rural - Consumo (Mwh)";"9.776";"9.158";"10.633";"10.580";"10.201";"13.235";"14.885";"14.840";"13.851";"17.563";"15.970";"18.724";"11.148";"17.467";"21.380";"22.404";"24.379";"22.878";"27.632";"28.111";"29.029"
"Ipiranga de Goiás";"Energia Elétrica - Consumidores - Total (número)";"1.012";"1.066";"1.117";"860";" 1.023 ";"1.169";"1.280";"1.324";"1.344";"1.373";"1.421";"1.469";"1.492";"1.535";"1.573";"1.618";"4.496";"1.670";"1.686";"1.708";"1.713"
"Ipiranga de Goiás";"Capacidade Instalada de Energia - Total (MW)";"...";"...";"...";"...";"...";"...";"...";"...";"...";"...";"...";"...";"...";"...";"...";"...";"...";"...";"...";"...";"..."
"Ipiranga de Goiás";"Energia Elétrica - Consumo - Total (Mwh)";"1.911";"1.939";"1.987";"2.272";"2.355";"2.586";"3.551";"2.730";"2.678";"3.072";"3.071";"3.199";"3.292";"3.599";"3.762";"4.013";"4.666";"4.157";"4.447";"3.161";"4.999"
"Ipiranga de Goiás";"Energia Elétrica de Consumo Próprio - Consumidores (número)";"-";"-";"-";"-";" -   ";"0";"-";"-";"-";"1";"1";"1";"1";"1";"1";"1";"1";"1";"1";"1";"1"
"Ipiranga de Goiás";"Energia Elétrica de Consumo Próprio - Consumo (Mwh)";"-";"-";"-";"-";" -   ";"-";"2";"-";"-";"0";"0";"0";"0";"0";"0";"0";"1";"0";"0";"1";"1"
"Ipiranga de Goiás";"Energia Elétrica na Iluminação Pública - Consumidores (número)";"3";"3";"3";"1";" 3 ";"3";"3";"3";"3";"3";"3";"3";"3";"3";"3";"3";"99";"1";"1";"1";"1"
"Ipiranga de Goiás";"Energia Elétrica no Setor Comercial - Consumidores (número)";"53";"53";"68";"31";" 68 ";"67";"74";"86";"87";"95";"90";"91";"90";"93";"103";"102";"436";"103";"101";"102";"97"
"Ipiranga de Goiás";"Energia Elétrica no Setor Comercial - Consumo (Mwh)";"118";"111";"130";"173";"180";"177";"274";"241";"242";"291";"303";"300";"335";"370";"387";"407";"436";"419";"417";"469";"493"
"Ipiranga de Goiás";"Energia Elétrica no Setor Industrial - Consumidores (número)";"3";"5";"3";"4";" 4 ";"5";"5";"4";"4";"2";"3";"3";"4";"4";"3";"3";"65";"2";"2";"2";"2"
"Ipiranga de Goiás";"Energia Elétrica no Setor Industrial - Consumo (Mwh)";"43";"36";"80";"151";"149";"179";"747";"109";"119";"93";"59";"62";"40";"55";"76";"72";"65";"61";"51";"68";"91"
"Ipiranga de Goiás";"Energia Elétrica Rural - Consumidores (número)";"339";"365";"399";"306";" 262 ";"409";"492";"508";"513";"515";"535";"544";"540";"566";"580";"565";"2.239";"558";"549";"536";"489"
"Ipiranga de Goiás";"Energia Elétrica Rural - Consumo (Mwh)";"855";"895";"815";"906";"902";"1.075";"1.132";"1.159";"1.110";"1.327";"1.329";"1.394";"1.358";"1.610";"1.739";"1.865";"2.409";"1.803";"1.792";"203";"1.664"
"Iporá";"Energia Elétrica - Consumidores - Total (número)";"12.708";"12.817";"12.985";"13.198";" 13.380 ";"13.627";"13.992";"14.382";"14.899";"15.364";"15.772";"16.030";"16.306";"17.288";"17.333";"17.930";"18.428";"19.128";"19.486";"20.005";"20.685"
"Iporá";"Capacidade Instalada de Energia - Total (MW)";"...";"...";"...";"...";"...";"...";"...";"...";"...";"...";"...";"...";"...";"...";"...";"...";"...";"...";"...";"...";"..."
"Iporá";"Energia Elétrica - Consumo - Total (Mwh)";"28.313";"28.005";"27.593";"27.115";"30.436";"33.466";"33.435";"36.154";"38.110";"40.936";"45.634";"45.669";"48.901";"50.139";"53.133";"54.525";"56.834";"60.667";"67.931";"75.578";"76.917"
"Iporá";"Energia Elétrica de Consumo Próprio - Consumidores (número)";"3";"3";"3";"3";" 3 ";"3";"3";"3";"3";"3";"3";"3";"3";"5";"5";"5";"6";"9";"11";"11";"11"
"Iporá";"Energia Elétrica de Consumo Próprio - Consumo (Mwh)";"56";"61";"63";"63";" 73 ";"73";"63";"46";"48";"48";"55";"53";"55";"317";"289";"238";"215";"259";"254";"281";"308"
"Iporá";"Energia Elétrica na Iluminação Pública - Consumidores (número)";"1";"1";"1";"1";" 1 ";"1";"1";"1";"1";"1";"1";"1";"1";"3";"1";"1";"1";"1";"1";"1";"1"
"Iporá";"Energia Elétrica no Setor Comercial - Consumidores (número)";"953";"965";"992";"1.038";" 1.151 ";"1.166";"1.227";"1.255";"1.263";"1.293";"1.336";"1.304";"1.324";"1.265";"1.203";"1.218";"1.214";"1.207";"1.187";"1.166";"1.154"
"Iporá";"Energia Elétrica no Setor Comercial - Consumo (Mwh)";"5.203";"5.438";"5.401";"5.371";"5.606";"6.072";"6.266";"7.136";"7.687";"8.368";"8.754";"8.743";"9.406";"9.161";"9.325";"8.792";"9.269";"10.139";"11.065";"12.041";"12.235"
"Iporá";"Energia Elétrica no Setor Industrial - Consumidores (número)";"101";"93";"90";"86";" 82 ";"79";"78";"79";"80";"79";"74";"71";"71";"75";"71";"72";"68";"69";"68";"67";"67"
"Iporá";"Energia Elétrica no Setor Industrial - Consumo (Mwh)";"1.729";"1.690";"1.618";"1.256";"1.710";"2.138";"1.199";"1.065";"913";"1.956";"2.996";"2.705";"3.548";"2.789";"3.393";"3.533";"3.910";"4.196";"4.881";"6.776";"6.280"
"Iporá";"Energia Elétrica Rural - Consumidores (número)";"1.178";"1.101";"1.098";"1.122";" 1.119 ";"1.126";"1.137";"1.161";"1.273";"1.283";"1.288";"1.305";"1.320";"1.356";"1.368";"1.415";"1.444";"1.634";"1548";"1.602";"1.620"
"Iporá";"Energia Elétrica Rural - Consumo (Mwh)";"3.387";"2.935";"2.907";"2.646";"3.024";"3.489";"3.520";"3.793";"3.888";"3.898";"3.947";"4.081";"4.207";"4.812";"5.065";"5.573";"5.877";"5.699";"6.014";"6.461";"6.448"
"Israelândia";"Energia Elétrica - Consumidores - Total (número)";"1.207";"1.235";"1.253";"1.293";" 1.325 ";"1.348";"1.384";"1.414";"1.441";"1.474";"1.493";"1.458";"1.381";"1.525";"1.484";"1.497";"1.541";"1.628";"1.661";"1.697";"1.689"
"Israelândia";"Capacidade Instalada de Energia - Total (MW)";"...";"...";"...";"...";"...";"...";"...";"...";"...";"...";"...";"...";"...";"...";"...";"...";"...";"...";"...";"...";"..."
"Israelândia";"Energia Elétrica - Consumo - Total (Mwh)";"2.778";"2.745";"2.890";"2.988";"3.339";"3.646";"3.836";"3.989";"4.020";"4.099";"4.394";"4.245";"4.111";"4.233";"4.161";"4.428";"4.700";"4.791";"5.208";"5.556";"5.595"
"Israelândia";"Energia Elétrica de Consumo Próprio - Consumidores (número)";"2";"2";"2";"1";" 1 ";"1";"1";"1";"1";"1";"1";"1";"1";"2";"2";"2";"2";"6";"6";"6";"6"
"Israelândia";"Energia Elétrica de Consumo Próprio - Consumo (Mwh)";"9";"4";"2";"1";" 3 ";"1";"3";"1";"-";"10";"2";"4";"2";"2";"1";"1";"3";"18";"8";"9";"8"
"Israelândia";"Energia Elétrica na Iluminação Pública - Consumidores (número)";"2";"2";"2";"2";" 2 ";"2";"2";"2";"2";"2";"2";"2";"2";"6";"2";"1";"1";"1";"1";"1";"2"
"Israelândia";"Energia Elétrica no Setor Comercial - Consumidores (número)";"55";"57";"60";"65";" 82 ";"80";"82";"84";"81";"84";"85";"77";"73";"74";"66";"68";"68";"73";"80";"79";"77"
"Israelândia";"Energia Elétrica no Setor Comercial - Consumo (Mwh)";"263";"248";"240";"210";"247";"269";"311";"318";"296";"312";"372";"342";"349";"339";"347";"341";"357";"373";"479";"540";"608"
"Israelândia";"Energia Elétrica no Setor Industrial - Consumidores (número)";"2";"2";"2";"3";" 3 ";"3";"3";"3";"3";"3";"3";"3";"3";"3";"2";"2";"2";"2";"2";"2";"2"
"Israelândia";"Energia Elétrica no Setor Industrial - Consumo (Mwh)";"8";"10";"10";"24";"375";"536";"595";"530";"486";"528";"547";"425";"416";"379";"364";"359";"435";"434";"411";"492";"374"
"Israelândia";"Energia Elétrica Rural - Consumidores (número)";"254";"273";"279";"296";" 303 ";"309";"321";"322";"330";"342";"344";"336";"344";"357";"353";"354";"376";"423";"429";"426";"426"
"Israelândia";"Energia Elétrica Rural - Consumo (Mwh)";"695";"706";"758";"756";"787";"903";"915";"972";"986";"966";"1.006";"1.055";"1.049";"1.146";"1.168";"1.315";"1.390";"1.353";"1.418";"1.490";"1.476"
"Itaberaí";"Energia Elétrica - Consumidores - Total (número)";"10.432";"10.803";"11.352";"12.095";" 12.788 ";"13.546";"13.998";"14.549";"15.282";"16.166";"16.839";"17.268";"17.252";"18.711";"18.688";"19.345";"19.759";"20.482";"21.092";"22.049";"22.682"
"Itaberaí";"Capacidade Instalada de Energia - Total (MW)";"...";"...";"...";"...";"...";"...";"...";"...";"...";"...";"...";"...";"...";"...";"...";"...";"...";"...";"...";"...";"..."
"Itaberaí";"Energia Elétrica - Consumo - Total (Mwh)";"50.380";"56.042";"65.562";"74.682";"82.701";"90.779";"95.677";"97.736";"98.910";"107.999";"120.195";"131.297";"142.785";"150.095";"168.739";"174.525";"172.767";"188.356";"200.290";"215.108";"223.066"
"Itaberaí";"Energia Elétrica de Consumo Próprio - Consumidores (número)";"1";"1";"1";"1";" 1 ";"1";"1";"1";"1";"1";"2";"2";"2";"5";"5";"4";"3";"13";"13";"13";"13"
"Itaberaí";"Energia Elétrica de Consumo Próprio - Consumo (Mwh)";"8";"7";"7";"8";" 7 ";"7";"12";"7";"8";"2";"2";"4";"4";"313";"177";"179";"177";"274";"214";"204";"227"
"Itaberaí";"Energia Elétrica na Iluminação Pública - Consumidores (número)";"6";"6";"6";"6";" 6 ";"6";"6";"6";"6";"6";"6";"6";"6";"18";"6";"1";"1";"2";"1";"1";"2"
"Itaberaí";"Energia Elétrica no Setor Comercial - Consumidores (número)";"767";"756";"764";"766";" 973 ";"1.053";"1.110";"1.119";"1.102";"1.115";"1.146";"1.075";"1.044";"1.076";"1.059";"1.075";"1.058";"1.084";"1.048";"1.054";"1.019"
"Itaberaí";"Energia Elétrica no Setor Comercial - Consumo (Mwh)";"3.923";"4.231";"4.722";"5.037";"5.463";"6.102";"6.502";"7.227";"7.080";"7.141";"8.225";"8.213";"8.014";"8.250";"8.863";"8.158";"8.830";"13.735";"12.432";"13.257";"12.494"
"Itaberaí";"Energia Elétrica no Setor Industrial - Consumidores (número)";"69";"68";"66";"66";" 49 ";"50";"45";"46";"44";"44";"43";"42";"40";"47";"41";"43";"36";"35";"36";"35";"33"
"Itaberaí";"Energia Elétrica no Setor Industrial - Consumo (Mwh)";"14.992";"18.400";"21.649";"26.452";"34.117";"35.488";"39.132";"37.799";"36.096";"46.407";"54.034";"62.151";"72.931";"74.023";"86.109";"90.508";"85.356";"96.515";"104.547";"108.585";"108.168"
"Itaberaí";"Energia Elétrica Rural - Consumidores (número)";"1.677";"1.725";"1.755";"1.812";" 1.893 ";"1.996";"1.976";"1.985";"2.055";"2.088";"2.112";"2.135";"2.151";"2.250";"2.227";"2.326";"2.401";"2.541";"2600";"3.058";"3.090"
"Itaberaí";"Energia Elétrica Rural - Consumo (Mwh)";"16.736";"17.622";"22.424";"24.114";"22.518";"26.822";"26.289";"26.867";"29.381";"26.809";"27.355";"29.835";"30.416";"34.137";"37.610";"37.711";"38.853";"34.110";"36.047";"41.146";"43.269"
"Itaguari";"Energia Elétrica - Consumidores - Total (número)";"1.762";"1.806";"1.853";"1.935";" 1.987 ";"2.047";"2.101";"2.160";"2.286";"2.335";"2.487";"2.517";"2.565";"2.688";"2.677";"2.741";"2.814";"2.947";"2.953";"3.031";"3.103"
"Itaguari";"Capacidade Instalada de Energia - Total (MW)";"...";"...";"...";"...";"...";"...";"...";"...";"...";"...";"...";"...";"...";"...";"...";"...";"...";"...";"...";"...";"..."
"Itaguari";"Energia Elétrica - Consumo - Total (Mwh)";"4.259";"4.337";"4.633";"5.287";"4.712";"4.990";"5.581";"6.235";"6.200";"6.754";"7.300";"7.627";"8.359";"9.401";"10.133";"9.849";"10.355";"10.783";"11.239";"11.312";"12.161"
"Itaguari";"Energia Elétrica de Consumo Próprio - Consumidores (número)";"2";"2";"2";"1";" 1 ";"1";"1";"1";"1";"1";"1";"1";"1";"1";"1";"1";"1";"3";"3";"3";"3"
"Itaguari";"Energia Elétrica de Consumo Próprio - Consumo (Mwh)";"1";"2";"2";"1";" 1 ";"1";"0";"1";"-";"-";"0";"1";"1";"1";"1";"2";"2";"13";"6";"7";"6"
"Itaguari";"Energia Elétrica na Iluminação Pública - Consumidores (número)";"1";"1";"1";"1";" 1 ";"1";"1";"1";"1";"1";"1";"1";"1";"1";"1";"1";"1";"1";"1";"2";"1"
"Itaguari";"Energia Elétrica no Setor Comercial - Consumidores (número)";"94";"96";"100";"104";" 123 ";"121";"119";"116";"119";"122";"132";"128";"123";"129";"124";"121";"119";"120";"116";"118";"117"
"Itaguari";"Energia Elétrica no Setor Comercial - Consumo (Mwh)";"316";"294";"322";"345";"439";"483";"522";"593";"547";"586";"731";"648";"652";"704";"746";"756";"775";"1.221";"1.188";"1.129";"850"
"Itaguari";"Energia Elétrica no Setor Industrial - Consumidores (número)";"23";"24";"24";"25";" 20 ";"19";"17";"17";"17";"17";"17";"15";"15";"13";"12";"12";"12";"12";"12";"12";"12"
"Itaguari";"Energia Elétrica no Setor Industrial - Consumo (Mwh)";"165";"138";"142";"135";"180";"188";"180";"193";"163";"164";"163";"142";"150";"151";"215";"123";"103";"319";"256";"297";"278"
"Itaguari";"Energia Elétrica Rural - Consumidores (número)";"398";"408";"406";"435";" 440 ";"439";"437";"436";"440";"442";"444";"441";"445";"461";"448";"469";"484";"549";"549";"553";"532"
"Itaguari";"Energia Elétrica Rural - Consumo (Mwh)";"1.576";"1.694";"1.878";"1.901";"1.714";"1.585";"2.012";"2.349";"2.111";"2.320";"2.318";"2.742";"3.106";"3.948";"4.450";"4.290";"4.588";"4.228";"4.433";"4.048";"4.823"
"Itaguaru";"Energia Elétrica - Consumidores - Total (número)";"2.283";"2.347";"2.390";"2.430";" 2.463 ";"2.504";"2.512";"2.560";"2.593";"2.617";"2.739";"2.683";"2.709";"2.762";"2.701";"2.723";"2.767";"2.872";"2.870";"2.875";"2.915"
"Itaguaru";"Capacidade Instalada de Energia - Total (MW)";"...";"...";"...";"...";"...";"...";"...";"...";"...";"...";"...";"...";"...";"...";"...";"...";"...";"...";"...";"...";"..."
"Itaguaru";"Energia Elétrica - Consumo - Total (Mwh)";"5.233";"5.179";"5.835";"5.933";"5.986";"5.990";"5.797";"5.803";"6.239";"6.240";"6.727";"6.500";"6.564";"6.685";"6.678";"6.858";"7.009";"7.051";"7.621";"8.330";"8.394"
"Itaguaru";"Energia Elétrica de Consumo Próprio - Consumidores (número)";"2";"2";"2";"2";" 2 ";"2";"1";"1";"1";"1";"1";"1";"1";"1";"1";"1";"1";"3";"3";"3";"3"
"Itaguaru";"Energia Elétrica de Consumo Próprio - Consumo (Mwh)";"3";"2";"2";"2";" 2 ";"2";"0";"-";"-";"-";"3";"2";"0";"1";"1";"2";"2";"13";"7";"6";"6"
"Itaguaru";"Energia Elétrica na Iluminação Pública - Consumidores (número)";"1";"1";"1";"1";" 1 ";"1";"1";"1";"1";"1";"1";"1";"1";"1";"1";"1";"1";"1";"1";"1";"1"
"Itaguaru";"Energia Elétrica no Setor Comercial - Consumidores (número)";"166";"172";"174";"179";" 199 ";"201";"198";"197";"194";"190";"186";"174";"173";"164";"158";"157";"156";"153";"153";"149";"157"
"Itaguaru";"Energia Elétrica no Setor Comercial - Consumo (Mwh)";"495";"561";"636";"703";"752";"766";"769";"795";"769";"835";"886";"764";"731";"655";"694";"706";"752";"717";"821";"853";"907"
"Itaguaru";"Energia Elétrica no Setor Industrial - Consumidores (número)";"31";"27";"28";"28";" 23 ";"23";"22";"21";"21";"21";"19";"17";"17";"17";"15";"13";"13";"12";"11";"11";"11"
"Itaguaru";"Energia Elétrica no Setor Industrial - Consumo (Mwh)";"288";"245";"241";"213";"201";"182";"204";"217";"213";"171";"225";"131";"150";"147";"165";"104";"74";"58";"55";"59";"61"
"Itaguaru";"Energia Elétrica Rural - Consumidores (número)";"536";"569";"583";"599";" 605 ";"606";"584";"566";"566";"567";"562";"538";"537";"529";"494";"504";"503";"593";"550";"533";"527"
"Itaguaru";"Energia Elétrica Rural - Consumo (Mwh)";"1.616";"1.510";"1.903";"1.899";"1.835";"1.769";"1.532";"1.265";"1.659";"1.270";"1.357";"1.296";"1.252";"1.351";"1.288";"1.477";"1.461";"1.470";"1.509";"1.860";"1.724"
"Itajá";"Energia Elétrica - Consumidores - Total (número)";"1.856";"1.894";"1.932";"1.970";" 1.990 ";"1.984";"1.979";"1.993";"2.034";"2.060";"2.067";"2.087";"2.053";"2.148";"2.140";"2.183";"2.227";"2.320";"2.285";"2.273";"2.298"
"Itajá";"Capacidade Instalada de Energia - Total (MW)";"...";"...";"...";"...";"...";"...";"...";"...";"...";"...";"...";"...";"...";"...";"...";"...";"...";"...";"...";"...";"..."
"Itajá";"Energia Elétrica - Consumo - Total (Mwh)";"5.753";"5.832";"5.762";"5.208";"5.509";"5.616";"5.732";"6.088";"6.470";"6.986";"6.861";"6.801";"7.129";"7.743";"8.125";"8.307";"8.393";"8.823";"9.037";"9.755";"9.362"
"Itajá";"Energia Elétrica de Consumo Próprio - Consumidores (número)";"1";"1";"1";"1";" 1 ";"1";"1";"1";"1";"1";"1";"1";"1";"3";"3";"3";"3";"6";"8";"6";"6"
"Itajá";"Energia Elétrica de Consumo Próprio - Consumo (Mwh)";"1";"1";"1";"1";" 1 ";"1";"0";"2";"-";"-";"1";"2";"1";"2";"2";"3";"5";"31";"19";"16";"14"
"Itajá";"Energia Elétrica na Iluminação Pública - Consumidores (número)";"2";"2";"2";"2";" 2 ";"2";"2";"2";"2";"2";"2";"2";"2";"2";"2";"1";"1";"1";"1";"1";"1"
"Itajá";"Energia Elétrica no Setor Comercial - Consumidores (número)";"142";"143";"148";"147";" 165 ";"163";"162";"159";"161";"161";"158";"157";"147";"148";"144";"142";"138";"141";"142";"133";"133"
"Itajá";"Energia Elétrica no Setor Comercial - Consumo (Mwh)";"726";"703";"847";"773";"743";"741";"717";"726";"754";"750";"689";"651";"662";"711";"666";"625";"653";"677";"724";"760";"718"
"Itajá";"Energia Elétrica no Setor Industrial - Consumidores (número)";"19";"18";"15";"15";" 15 ";"15";"13";"13";"12";"12";"12";"12";"12";"12";"11";"11";"11";"10";"9";"9";"11"
"Itajá";"Energia Elétrica no Setor Industrial - Consumo (Mwh)";"239";"234";"108";"95";"115";"73";"48";"46";"44";"37";"34";"30";"36";"40";"41";"39";"37";"34";"36";"43";"45"
"Itajá";"Energia Elétrica Rural - Consumidores (número)";"303";"304";"308";"308";" 307 ";"310";"306";"313";"316";"319";"323";"334";"338";"355";"357";"376";"405";"446";"403";"404";"410"
"Itajá";"Energia Elétrica Rural - Consumo (Mwh)";"1.579";"1.629";"1.600";"1.258";"1.478";"1.524";"1.613";"1.741";"1.943";"2.050";"1.987";"1.983";"2.104";"2.401";"2.584";"2.747";"2.871";"2.665";"2.725";"3.021";"2.723"
"Itapaci";"Energia Elétrica - Consumidores - Total (número)";"5.672";"5.893";"6.197";"6.445";" 6.684 ";"6.926";"7.129";"7.458";"7.923";"8.337";"8.510";"8.619";"8.654";"9.301";"9.146";"9.418";"9.665";"9.965";"10.165";"10.255";"10.503"
"Itapaci";"Capacidade Instalada de Energia - Total (MW)";"...";"...";"...";"...";"...";"...";"...";"...";"...";"...";"...";"...";"...";"...";"...";"...";"...";"...";"...";"...";"..."
"Itapaci";"Energia Elétrica - Consumo - Total (Mwh)";"27.531";"29.028";"14.672";"14.489";"14.444";"16.053";"17.794";"18.246";"19.420";"21.220";"22.351";"22.784";"23.308";"24.314";"26.244";"25.541";"27.161";"28.070";"30.556";"32.350";"33.246"
"Itapaci";"Energia Elétrica de Consumo Próprio - Consumidores (número)";"2";"2";"1";"1";" 1 ";"1";"1";"1";"1";"1";"1";"1";"1";"2";"2";"2";"2";"7";"13";"7";"8"
"Itapaci";"Energia Elétrica de Consumo Próprio - Consumo (Mwh)";"9";"6";"7";"9";" 10 ";"10";"10";"8";"11";"11";"12";"11";"7";"13";"15";"12";"10";"63";"28";"28";"30"
"Itapaci";"Energia Elétrica na Iluminação Pública - Consumidores (número)";"5";"5";"5";"5";" 5 ";"5";"5";"5";"5";"5";"5";"5";"5";"5";"5";"1";"1";"1";"1";"1";"1"
"Itapaci";"Energia Elétrica no Setor Comercial - Consumidores (número)";"367";"356";"376";"404";" 594 ";"617";"640";"667";"691";"714";"707";"689";"675";"675";"636";"635";"637";"629";"630";"619";"619"
"Itapaci";"Energia Elétrica no Setor Comercial - Consumo (Mwh)";"1.404";"1.414";"1.596";"1.650";"2.092";"2.382";"2.556";"2.941";"3.318";"3.407";"3.737";"3.370";"3.224";"3.367";"3.966";"3.496";"3.612";"3.632";"3.745";"4.346";"4.768"
"Itapaci";"Energia Elétrica no Setor Industrial - Consumidores (número)";"41";"39";"35";"37";" 28 ";"26";"27";"28";"30";"30";"28";"29";"29";"27";"27";"27";"25";"23";"25";"22";"22"
"Itapaci";"Energia Elétrica no Setor Industrial - Consumo (Mwh)";"14.574";"16.904";"2.069";"1.490";"995";"1.232";"2.206";"1.115";"1.223";"1.541";"1.293";"1.501";"1.638";"1.503";"1.520";"1.180";"1.622";"1.480";"1.346";"1.541";"1.414"
"Itapaci";"Energia Elétrica Rural - Consumidores (número)";"489";"520";"556";"569";" 639 ";"650";"667";"669";"727";"725";"725";"737";"741";"763";"783";"786";"792";"932";"908";"930";"934"
"Itapaci";"Energia Elétrica Rural - Consumo (Mwh)";"3.515";"2.473";"2.509";"2.564";"2.570";"3.036";"3.044";"3.167";"2.565";"3.345";"3.163";"3.209";"3.355";"3.447";"4.031";"3.772";"4.118";"4.486";"4.733";"4.908";"4.414"
"Itapirapuã";"Energia Elétrica - Consumidores - Total (número)";"3.366";"3.443";"3.484";"3.552";" 3.624 ";"3.662";"3.706";"3.738";"3.854";"3.946";"3.966";"3.969";"3.481";"4.172";"4.114";"4.227";"4.298";"4.463";"4.450";"4.587";"4.641"
"Itapirapuã";"Capacidade Instalada de Energia - Total (MW)";"...";"...";"...";"...";"...";"...";"...";"...";"...";"...";"...";"...";"...";"...";"...";"...";"...";"...";"...";"...";"..."
"Itapirapuã";"Energia Elétrica - Consumo - Total (Mwh)";"7.204";"7.766";"7.748";"7.870";"8.375";"9.249";"9.815";"10.446";"10.252";"10.727";"12.701";"13.142";"10.744";"13.460";"13.704";"14.163";"15.194";"15.697";"16.420";"17.017";"17.892"
"Itapirapuã";"Energia Elétrica de Consumo Próprio - Consumidores (número)";"1";"1";"1";"1";" 1 ";"1";"2";"2";"2";"1";"2";"2";"1";"3";"4";"4";"3";"6";"9";"7";"7"
"Itapirapuã";"Energia Elétrica de Consumo Próprio - Consumo (Mwh)";"3";"3";"2";"2";" 2 ";"2";"0";"4";"1";"-";"5";"7";"4";"6";"6";"5";"5";"26";"19";"19";"29"
"Itapirapuã";"Energia Elétrica na Iluminação Pública - Consumidores (número)";"2";"2";"2";"2";" 2 ";"2";"2";"2";"2";"2";"2";"2";"2";"2";"2";"1";"1";"1";"1";"1";"1"
"Itapirapuã";"Energia Elétrica no Setor Comercial - Consumidores (número)";"179";"188";"194";"202";" 281 ";"295";"306";"303";"315";"323";"308";"294";"277";"278";"264";"257";"254";"271";"266";"255";"248"
"Itapirapuã";"Energia Elétrica no Setor Comercial - Consumo (Mwh)";"621";"621";"733";"809";"941";"1.088";"1.156";"1.232";"1.334";"1.238";"1.554";"1.487";"1.437";"1.422";"1.431";"1.355";"1.369";"2.452";"1.732";"1.776";"1.709"
"Itapirapuã";"Energia Elétrica no Setor Industrial - Consumidores (número)";"19";"17";"16";"16";" 14 ";"14";"12";"12";"11";"8";"8";"8";"7";"8";"8";"8";"8";"8";"8";"7";"7"
"Itapirapuã";"Energia Elétrica no Setor Industrial - Consumo (Mwh)";"355";"449";"461";"461";"474";"476";"405";"407";"422";"412";"449";"388";"341";"337";"379";"332";"307";"231";"261";"157";"70"
"Itapirapuã";"Energia Elétrica Rural - Consumidores (número)";"925";"946";"944";"967";" 1.014 ";"1.021";"1.014";"1.015";"1.067";"1.088";"1.115";"1.108";"792";"1.119";"1.078";"1.096";"1.113";"1.191";"1170";"1.201";"1.213"
"Itapirapuã";"Energia Elétrica Rural - Consumo (Mwh)";"2.565";"3.322";"3.112";"3.106";"3.303";"3.791";"4.167";"4.343";"3.681";"4.523";"5.081";"5.897";"3.861";"5.808";"5.712";"6.049";"6.885";"5.995";"6.740";"6.855";"6.990"
"Itapuranga";"Energia Elétrica - Consumidores - Total (número)";"9.765";"10.068";"10.462";"10.761";" 11.058 ";"11.314";"11.630";"11.959";"12.409";"12.597";"12.800";"12.901";"12.462";"13.571";"13.428";"13.710";"13.945";"14.666";"14.723";"14.941";"15.211"
"Itapuranga";"Capacidade Instalada de Energia - Total (MW)";"...";"...";"...";"...";"...";"...";"...";"...";"...";"...";"...";"...";"...";"...";"...";"...";"...";"...";"...";"...";"..."
"Itapuranga";"Energia Elétrica - Consumo - Total (Mwh)";"21.097";"20.971";"22.836";"22.726";"23.572";"25.929";"25.924";"27.685";"28.648";"30.491";"31.908";"31.922";"31.791";"34.960";"37.989";"38.849";"39.866";"41.044";"44.833";"48.063";"50.602"
"Itapuranga";"Energia Elétrica de Consumo Próprio - Consumidores (número)";"2";"2";"1";"1";" 1 ";"1";"1";"1";"1";"1";"1";"1";"1";"3";"3";"3";"3";"8";"8";"8";"8"
"Itapuranga";"Energia Elétrica de Consumo Próprio - Consumo (Mwh)";"7";"17";"17";"15";" 16 ";"17";"16";"15";"12";"12";"8";"5";"5";"40";"43";"41";"45";"120";"71";"82";"119"
"Itapuranga";"Energia Elétrica na Iluminação Pública - Consumidores (número)";"5";"5";"5";"5";" 5 ";"5";"5";"5";"5";"5";"5";"5";"5";"25";"5";"1";"1";"1";"1";"1";"1"
"Itapuranga";"Energia Elétrica no Setor Comercial - Consumidores (número)";"700";"718";"742";"748";" 839 ";"865";"888";"902";"927";"918";"966";"934";"909";"934";"922";"895";"882";"869";"855";"843";"839"
"Itapuranga";"Energia Elétrica no Setor Comercial - Consumo (Mwh)";"2.514";"2.560";"2.836";"2.869";"3.227";"3.592";"3.669";"4.036";"4.243";"4.494";"4.946";"4.923";"4.879";"5.035";"5.667";"5.265";"5.418";"5.356";"5.653";"6.011";"6.189"
"Itapuranga";"Energia Elétrica no Setor Industrial - Consumidores (número)";"48";"43";"41";"40";" 47 ";"48";"47";"48";"47";"47";"46";"43";"41";"38";"37";"34";"34";"34";"33";"32";"32"
"Itapuranga";"Energia Elétrica no Setor Industrial - Consumo (Mwh)";"2.171";"1.959";"2.559";"2.617";"2.579";"2.541";"2.216";"1.927";"2.066";"2.490";"2.153";"1.723";"1.531";"1.402";"1.538";"1.574";"1.237";"1.403";"1.382";"1.679";"1.747"
"Itapuranga";"Energia Elétrica Rural - Consumidores (número)";"1.619";"1.767";"1.937";"1.996";" 2.072 ";"2.095";"2.136";"2.179";"2.170";"2.198";"2.225";"2.239";"2.249";"2.339";"2.321";"2.385";"2.476";"2.868";"2889";"2.885";"2.933"
"Itapuranga";"Energia Elétrica Rural - Consumo (Mwh)";"4.155";"4.219";"4.513";"4.014";"4.105";"5.069";"4.880";"5.329";"5.338";"5.763";"5.932";"6.209";"6.591";"7.862";"8.871";"9.593";"10.128";"9.989";"11.015";"11.679";"11.921"
"Itarumã";"Energia Elétrica - Consumidores - Total (número)";"1.916";"1.930";"1.932";"2.011";" 2.125 ";"2.238";"2.273";"2.368";"2.474";"2.594";"2.551";"2.598";"2.607";"2.729";"2.664";"2.738";"2.792";"2.948";"2.895";"2.960";"3.027"
"Itarumã";"Capacidade Instalada de Energia - Total (MW)";"...";"...";"...";"...";"...";"...";"...";"...";"...";"...";"...";"...";"...";"...";"...";"...";"...";"...";"...";"...";"..."
"Itarumã";"Energia Elétrica - Consumo - Total (Mwh)";"5.705";"5.713";"6.149";"8.606";"8.404";"9.042";"7.706";"8.357";"9.019";"9.338";"8.926";"9.105";"9.555";"9.389";"9.698";"10.179";"10.581";"10.716";"11.925";"12.919";"12.889"
"Itarumã";"Energia Elétrica de Consumo Próprio - Consumidores (número)";"1";"1";"1";"1";" 1 ";"-";"-";"-";"-";"-";"-";"-";"-";"1";"1";"3";"1";"6";"5";"6";"6"
"Itarumã";"Energia Elétrica de Consumo Próprio - Consumo (Mwh)";"1";"1";"2";"1";" 1 ";"0";"-";"-";"-";"-";"-";"0";"-";"1";"1";"1";"2";"27";"14";"15";"22"
"Itarumã";"Energia Elétrica na Iluminação Pública - Consumidores (número)";"2";"1";"1";"1";" 1 ";"2";"2";"2";"2";"2";"2";"2";"2";"4";"2";"1";"1";"1";"1";"1";"1"
"Itarumã";"Energia Elétrica no Setor Comercial - Consumidores (número)";"120";"127";"124";"134";" 175 ";"180";"174";"174";"177";"176";"168";"169";"166";"163";"151";"154";"153";"158";"155";"161";"160"
"Itarumã";"Energia Elétrica no Setor Comercial - Consumo (Mwh)";"544";"556";"625";"636";"828";"934";"1.012";"1.031";"1.292";"1.141";"992";"929";"1.002";"1.040";"1.157";"1.046";"1.137";"1.259";"1.601";"1.732";"1.859"
"Itarumã";"Energia Elétrica no Setor Industrial - Consumidores (número)";"14";"13";"13";"14";" 9 ";"9";"6";"6";"6";"4";"6";"6";"6";"6";"6";"6";"6";"6";"6";"6";"6"
"Itarumã";"Energia Elétrica no Setor Industrial - Consumo (Mwh)";"420";"370";"488";"3.203";"2.037";"2.188";"393";"326";"184";"74";"21";"26";"33";"25";"23";"33";"19";"42";"20";"38";"28"
"Itarumã";"Energia Elétrica Rural - Consumidores (número)";"481";"469";"464";"468";" 473 ";"497";"496";"495";"498";"507";"504";"551";"554";"596";"609";"626";"637";"725";"672";"710";"722"
"Itarumã";"Energia Elétrica Rural - Consumo (Mwh)";"2.341";"2.292";"2.354";"1.986";"2.254";"2.354";"2.532";"2.729";"2.951";"3.288";"3.270";"3.494";"3.609";"3.888";"4.068";"4.450";"4.557";"4.301";"4.639";"5.055";"4.794"
"Itauçu";"Energia Elétrica - Consumidores - Total (número)";"3.132";"3.190";"3.156";"3.199";" 3.241 ";"3.324";"3.380";"3.434";"3.502";"3.515";"3.582";"3.597";"3.377";"3.750";"3.738";"3.816";"3.851";"3.911";"3.990";"4.009";"4.055"
"Itauçu";"Capacidade Instalada de Energia - Total (MW)";"...";"...";"...";"...";"...";"...";"...";"...";"...";"...";"...";"...";"...";"...";"...";"...";"...";"...";"...";"...";"..."
"Itauçu";"Energia Elétrica - Consumo - Total (Mwh)";"9.417";"9.588";"9.730";"9.842";"10.511";"11.259";"11.212";"11.573";"11.493";"11.795";"12.004";"12.189";"13.272";"22.401";"17.796";"17.912";"16.965";"18.310";"19.767";"11.139";"19.110"
"Itauçu";"Energia Elétrica de Consumo Próprio - Consumidores (número)";"1";"1";"1";"1";" 1 ";"1";"1";"-";"-";"-";"-";"-";"-";"1";"1";"1";"1";"4";"4";"4";"4"
"Itauçu";"Energia Elétrica de Consumo Próprio - Consumo (Mwh)";"1";"3";"3";"2";" 2 ";"6";"5";"5";"-";"-";"-";"0";"-";"1";"1";"2";"1";"27";"10";"11";"11"
"Itauçu";"Energia Elétrica na Iluminação Pública - Consumidores (número)";"2";"2";"2";"2";" 2 ";"2";"2";"2";"2";"2";"2";"2";"2";"2";"2";"1";"1";"1";"2";"1";"1"
"Itauçu";"Energia Elétrica no Setor Comercial - Consumidores (número)";"200";"201";"195";"200";" 264 ";"273";"279";"284";"280";"267";"273";"269";"244";"261";"268";"273";"270";"278";"282";"281";"280"
"Itauçu";"Energia Elétrica no Setor Comercial - Consumo (Mwh)";"961";"1.209";"1.366";"1.218";"1.291";"1.533";"1.634";"1.872";"1.827";"2.065";"2.031";"1.992";"1.919";"2.251";"2.299";"2.038";"2.221";"2.365";"2.397";"2.705";"2.991"
"Itauçu";"Energia Elétrica no Setor Industrial - Consumidores (número)";"31";"30";"25";"25";" 22 ";"24";"23";"23";"25";"25";"26";"27";"24";"30";"28";"26";"26";"26";"26";"25";"25"
"Itauçu";"Energia Elétrica no Setor Industrial - Consumo (Mwh)";"2.392";"2.255";"2.136";"2.358";"2.648";"2.892";"2.793";"2.807";"2.626";"2.457";"2.496";"2.292";"2.288";"3.906";"4.104";"3.961";"2.662";"3.893";"4.431";"4.815";"4.539"
"Itauçu";"Energia Elétrica Rural - Consumidores (número)";"522";"543";"523";"524";" 554 ";"550";"540";"536";"548";"539";"545";"545";"548";"558";"540";"568";"585";"602";"618";"619";"629"
"Itauçu";"Energia Elétrica Rural - Consumo (Mwh)";"2.112";"2.080";"2.023";"1.949";"1.871";"2.084";"2.043";"1.933";"2.108";"2.019";"2.081";"1.995";"2.026";"2.149";"2.148";"2.378";"2.542";"2.357";"2.437";"2.645";"2.847"
"Itumbiara";"Energia Elétrica - Consumidores - Total (número)";"31.910";"32.890";"33.722";"34.632";" 35.694 ";"36.667";"37.909";"39.506";"40.629";"42.297";"43.286";"44.389";"44.545";"48.086";"48.189";"49.204";"49.689";"50.865";"51.444";"52.332";"53.082"
"Itumbiara";"Capacidade Instalada de Energia - Total (MW)";"...";"...";"...";"...";"...";"...";"...";"...";"...";"...";"...";"...";"...";"...";"...";"...";"...";"...";"...";"...";"..."
"Itumbiara";"Energia Elétrica - Consumo - Total (Mwh)";"224.666";"216.673";"230.187";"233.974";"235.512";"232.139";"246.557";"275.089";"239.967";"254.466";"246.602";"249.354";"264.005";"289.411";"293.483";"293.134";"294.574";"291.607";"307.241";"326.617";"335.998"
"Itumbiara";"Energia Elétrica de Consumo Próprio - Consumidores (número)";"1";"2";"2";"2";" 2 ";"2";"2";"2";"2";"2";"2";"2";"2";"4";"4";"4";"4";"17";"18";"18";"19"
"Itumbiara";"Energia Elétrica de Consumo Próprio - Consumo (Mwh)";"41";"42";"51";"60";" 65 ";"57";"53";"58";"54";"58";"60";"64";"52";"168";"187";"156";"159";"342";"242";"244";"286"
"Itumbiara";"Energia Elétrica na Iluminação Pública - Consumidores (número)";"3";"3";"3";"3";" 3 ";"3";"3";"3";"3";"18";"18";"18";"18";"18";"18";"16";"16";"16";"17";"16";"16"
"Itumbiara";"Energia Elétrica no Setor Comercial - Consumidores (número)";"2.519";"2.782";"3.032";"3.042";" 4.108 ";"4.152";"4.210";"4.253";"4.318";"4.417";"4.389";"4.359";"4.377";"4.448";"4.279";"4.205";"4.175";"4.154";"4.091";"4.032";"4.125"
"Itumbiara";"Energia Elétrica no Setor Comercial - Consumo (Mwh)";"22.828";"24.598";"27.041";"30.253";"33.649";"36.647";"39.426";"43.088";"45.052";"48.657";"48.151";"46.334";"46.162";"48.674";"52.470";"47.353";"46.940";"49.130";"53.808";"57.964";"60.798"
"Itumbiara";"Energia Elétrica no Setor Industrial - Consumidores (número)";"164";"150";"146";"145";" 90 ";"86";"86";"87";"75";"77";"77";"76";"79";"77";"65";"63";"63";"64";"65";"61";"60"
"Itumbiara";"Energia Elétrica no Setor Industrial - Consumo (Mwh)";"124.863";"113.924";"122.950";"122.178";"119.128";"103.381";"112.044";"128.914";"87.192";"88.195";"79.547";"83.403";"98.296";"113.992";"105.516";"106.514";"104.305";"98.754";"90.629";"90.535";"93.644"
"Itumbiara";"Energia Elétrica Rural - Consumidores (número)";"1.230";"1.216";"1.223";"1.220";" 1.235 ";"1.269";"1.318";"1.351";"1.383";"1.394";"1.393";"1.378";"1.257";"1.448";"1.450";"1.528";"1.587";"1.798";"1753";"1.795";"1.795"
"Itumbiara";"Energia Elétrica Rural - Consumo (Mwh)";"7.793";"7.773";"9.023";"8.695";"8.744";"9.811";"8.717";"8.837";"8.686";"8.674";"8.174";"8.865";"8.216";"9.945";"9.989";"11.108";"12.619";"10.107";"12.205";"14.926";"15.789"
"Ivolândia";"Energia Elétrica - Consumidores - Total (número)";"1.075";"1.143";"1.190";"1.217";" 1.280 ";"1.298";"1.323";"1.333";"1.330";"1.353";"1.389";"1.378";"1.381";"1.529";"1.509";"1.543";"1.566";"1.702";"1.696";"1.793";"1.799"
"Ivolândia";"Capacidade Instalada de Energia - Total (MW)";"...";"...";"...";"...";"...";"...";"...";"...";"...";"...";"...";"...";"...";"...";"...";"...";"...";"...";"...";"...";"..."
"Ivolândia";"Energia Elétrica - Consumo - Total (Mwh)";"2.066";"2.572";"2.804";"2.804";"3.066";"3.331";"3.370";"3.769";"3.716";"3.864";"3.856";"4.051";"4.069";"4.333";"4.399";"4.582";"4.574";"4.780";"5.423";"6.177";"5.894"
"Ivolândia";"Energia Elétrica de Consumo Próprio - Consumidores (número)";"1";"1";"1";"-";" -   ";"-";"-";"-";"-";"-";"-";"-";"-";"";"0";" - ";"";"0";"0";"-";"-"
"Ivolândia";"Energia Elétrica de Consumo Próprio - Consumo (Mwh)";"-";"1";"-";"-";" -   ";"-";"-";"-";"-";"-";"-";"0";"-";"0";" - ";"-";"0";"0";"0";"0";"-"
"Ivolândia";"Energia Elétrica na Iluminação Pública - Consumidores (número)";"2";"2";"2";"2";" 2 ";"2";"2";"2";"2";"2";"2";"2";"2";"6";"2";"1";"1";"1";"1";"2";"1"
"Ivolândia";"Energia Elétrica no Setor Comercial - Consumidores (número)";"48";"48";"49";"47";" 52 ";"53";"54";"55";"53";"51";"56";"59";"56";"60";"62";"60";"58";"56";"57";"56";"56"
"Ivolândia";"Energia Elétrica no Setor Comercial - Consumo (Mwh)";"126";"115";"110";"114";"114";"121";"145";"266";"241";"169";"161";"170";"166";"147";"128";"158";"159";"162";"199";"211";"211"
"Ivolândia";"Energia Elétrica no Setor Industrial - Consumidores (número)";"8";"9";"9";"7";" 4 ";"4";"4";"4";"4";"4";"5";"5";"5";"5";"5";"5";"5";"6";"5";"5";"5"
"Ivolândia";"Energia Elétrica no Setor Industrial - Consumo (Mwh)";"43";"37";"40";"34";"28";"15";"14";"14";"12";"12";"14";"13";"9";"9";"10";"9";"10";"9";"16";"18";"21"
"Ivolândia";"Energia Elétrica Rural - Consumidores (número)";"401";"457";"489";"504";" 553 ";"561";"568";"571";"568";"586";"595";"587";"595";"613";"606";"620";"639";"746";"716";"710";"713"
"Ivolândia";"Energia Elétrica Rural - Consumo (Mwh)";"762";"1.135";"1.295";"1.252";"1.427";"1.666";"1.651";"1.765";"1.743";"1.894";"1.846";"2.057";"2.085";"2.250";"2.236";"2.365";"2.453";"2.433";"2.904";"2.969";"3.011"
"Jandaia";"Energia Elétrica - Consumidores - Total (número)";"2.623";"2.661";"2.685";"2.735";" 2.857 ";"2.892";"2.955";"2.986";"3.069";"3.113";"3.181";"3.149";"2.883";"3.282";"3.224";"3.287";"3.328";"3.455";"3.441";"3.493";"3.541"
"Jandaia";"Capacidade Instalada de Energia - Total (MW)";"...";"...";"...";"...";"...";"...";"...";"...";"...";"...";"...";"...";"...";"...";"...";"...";"...";"...";"...";"...";"..."
"Jandaia";"Energia Elétrica - Consumo - Total (Mwh)";"37.943";"8.133";"9.288";"9.600";"9.748";"10.521";"11.915";"13.511";"12.444";"12.846";"13.063";"13.911";"13.468";"14.934";"16.148";"17.370";"17.688";"20.219";"16.646";"18.803";"17.312"
"Jandaia";"Energia Elétrica de Consumo Próprio - Consumidores (número)";"2";"2";"2";"2";" 2 ";"2";"2";"2";"2";"1";"1";"1";"1";"1";"1";"2";"2";"4";"4";"4";"4"
"Jandaia";"Energia Elétrica de Consumo Próprio - Consumo (Mwh)";"3";"4";"3";"3";" 4 ";"6";"9";"7";"1";"-";"0";"0";"0";"8";"1";"1";"6";"30";"12";"11";"10"
"Jandaia";"Energia Elétrica na Iluminação Pública - Consumidores (número)";"2";"2";"2";"2";" 2 ";"2";"2";"2";"2";"2";"2";"2";"2";"2";"2";"1";"1";"4";"4";"4";"2"
"Jandaia";"Energia Elétrica no Setor Comercial - Consumidores (número)";"140";"139";"144";"145";" 192 ";"195";"203";"200";"204";"202";"209";"196";"177";"190";"177";"175";"177";"178";"178";"170";"170"
"Jandaia";"Energia Elétrica no Setor Comercial - Consumo (Mwh)";"554";"553";"578";"636";"792";"801";"876";"925";"907";"887";"943";"904";"800";"847";"976";"966";"1.013";"1.419";"1.090";"1.104";"1.126"
"Jandaia";"Energia Elétrica no Setor Industrial - Consumidores (número)";"24";"24";"21";"21";" 16 ";"14";"15";"15";"16";"15";"14";"12";"11";"10";"9";"9";"9";"8";"8";"8";"10"
"Jandaia";"Energia Elétrica no Setor Industrial - Consumo (Mwh)";"31.715";"1.772";"2.267";"2.315";"1.923";"1.974";"2.731";"3.630";"2.568";"2.546";"2.048";"3.069";"2.808";"3.424";"3.929";"4.759";"3.776";"5.121";"2.174";"2.612";"1.292"
"Jandaia";"Energia Elétrica Rural - Consumidores (número)";"566";"602";"609";"630";" 688 ";"701";"717";"719";"743";"746";"753";"753";"762";"800";"781";"797";"819";"898";"863";"870";"879"
"Jandaia";"Energia Elétrica Rural - Consumo (Mwh)";"2.139";"2.257";"2.719";"2.798";"2.976";"3.528";"3.875";"4.275";"4.131";"4.364";"4.839";"4.737";"5.122";"5.310";"5.504";"5.900";"7.032";"7.772";"6.917";"8.190";"7.790"
"Jaraguá";"Energia Elétrica - Consumidores - Total (número)";"12.677";"13.311";"13.940";"14.509";" 15.205 ";"15.846";"16.472";"17.226";"18.084";"19.149";"19.482";"19.229";"18.680";"20.226";"19.662";"20.478";"21.099";"21.181";"21.351";"21.634";"22.103"
"Jaraguá";"Capacidade Instalada de Energia - Total (MW)";"...";"...";"...";"...";"...";"...";"...";"...";"...";"...";"...";"...";"...";"...";"...";"...";"...";"...";"...";"...";"..."
"Jaraguá";"Energia Elétrica - Consumo - Total (Mwh)";"34.253";"35.986";"41.060";"40.795";"43.415";"47.924";"49.463";"53.814";"56.902";"60.144";"60.159";"57.367";"55.795";"187.968";"149.814";"63.521";"65.069";"66.145";"72.430";"77.732";"78.503"
"Jaraguá";"Energia Elétrica de Consumo Próprio - Consumidores (número)";"2";"2";"3";"2";" 2 ";"2";"2";"2";"2";"2";"2";"2";"2";"2";"2";"2";"2";"4";"6";"4";"4"
"Jaraguá";"Energia Elétrica de Consumo Próprio - Consumo (Mwh)";"34";"39";"57";"39";" 45 ";"52";"56";"47";"48";"20";"64";"5";"4";"31";"56";"51";"48";"112";"72";"81";"51"
"Jaraguá";"Energia Elétrica na Iluminação Pública - Consumidores (número)";"10";"10";"10";"9";" 10 ";"10";"10";"10";"10";"10";"10";"10";"10";"10";"10";"2";"11";"2";"6";"13";"13"
"Jaraguá";"Energia Elétrica no Setor Comercial - Consumidores (número)";"806";"835";"942";"1.176";" 1.441 ";"1.492";"1.517";"1.497";"1.511";"1.549";"1.590";"1.519";"1.452";"1.554";"1.532";"1.516";"1.517";"1.478";"1.476";"1.447";"1.420"
"Jaraguá";"Energia Elétrica no Setor Comercial - Consumo (Mwh)";"5.806";"5.997";"6.761";"7.893";"8.366";"9.603";"9.831";"10.436";"10.995";"11.562";"11.262";"10.208";"9.577";"10.493";"40.376";"10.021";"10.807";"10.928";"12.916";"13.893";"13.679"
"Jaraguá";"Energia Elétrica no Setor Industrial - Consumidores (número)";"310";"314";"330";"315";" 309 ";"299";"279";"257";"251";"233";"220";"204";"196";"193";"180";"187";"173";"166";"160";"153";"155"
"Jaraguá";"Energia Elétrica no Setor Industrial - Consumo (Mwh)";"3.125";"3.687";"5.976";"3.834";"4.220";"4.836";"4.551";"4.424";"4.602";"4.789";"4.754";"4.578";"4.990";"6.150";"6.103";"5.747";"5.188";"5.633";"5.803";"6.431";"6.106"
"Jaraguá";"Energia Elétrica Rural - Consumidores (número)";"1.667";"1.764";"1.820";"1.797";" 1.881 ";"1.826";"1.963";"2.041";"2.081";"2.094";"2.110";"2.141";"2.165";"2.254";"2.183";"2.346";"2.783";"2.661";"2702";"2.712";"2.730"
"Jaraguá";"Energia Elétrica Rural - Consumo (Mwh)";"4.639";"4.574";"4.925";"4.723";"5.000";"5.434";"5.542";"6.241";"5.833";"6.221";"6.198";"6.246";"6.170";"7.138";"7.493";"7.959";"8.490";"7.830";"8.912";"9.572";"10.028"
"Jataí";"Energia Elétrica - Consumidores - Total (número)";"29.435";"30.373";"31.190";"31.929";" 32.913 ";"33.942";"35.013";"36.392";"38.467";"39.201";"40.389";"42.013";"41.893";"44.484";"44.789";"46.053";"47.369";"48.888";"49.953";"51.112";"52.079"
"Jataí";"Capacidade Instalada de Energia - Total (MW)";"...";"...";"...";"...";"...";"...";"...";"...";"...";"...";"...";"...";"...";"...";"...";"...";"...";"...";"...";"...";"..."
"Jataí";"Energia Elétrica - Consumo - Total (Mwh)";"142.098";"149.285";"153.692";"162.344";"168.658";"175.524";"183.621";"199.003";"211.981";"222.914";"223.031";"213.859";"219.625";"238.830";"245.606";"251.690";"244.803";"267.793";"285.249";"313.828";"327.953"
"Jataí";"Energia Elétrica de Consumo Próprio - Consumidores (número)";"3";"3";"3";"3";" 4 ";"4";"4";"4";"4";"4";"4";"5";"4";"8";"8";"8";"8";"22";"22";"22";"22"
"Jataí";"Energia Elétrica de Consumo Próprio - Consumo (Mwh)";"29";"30";"30";"31";" 37 ";"30";"40";"46";"42";"41";"56";"50";"70";"278";"297";"284";"272";"468";"363";"317";"314"
"Jataí";"Energia Elétrica na Iluminação Pública - Consumidores (número)";"3";"3";"3";"3";" 3 ";"3";"3";"3";"3";"3";"3";"3";"3";"3";"3";"1";"1";"2";"6";"4";"2"
"Jataí";"Energia Elétrica no Setor Comercial - Consumidores (número)";"1.641";"1.777";"2.880";"2.874";" 3.074 ";"3.139";"3.344";"3.428";"3.491";"3.532";"3.623";"3.624";"3.540";"3.518";"3.419";"3.422";"3.354";"3.384";"3.330";"3.279";"3.290"
"Jataí";"Energia Elétrica no Setor Comercial - Consumo (Mwh)";"26.934";"27.346";"30.651";"33.663";"34.378";"35.412";"41.147";"48.992";"51.292";"52.405";"52.622";"53.554";"55.805";"57.638";"62.310";"54.860";"55.943";"69.759";"68.296";"73.932";"74.556"
"Jataí";"Energia Elétrica no Setor Industrial - Consumidores (número)";"141";"133";"153";"149";" 147 ";"150";"148";"141";"137";"134";"133";"122";"118";"117";"112";"110";"111";"112";"110";"108";"104"
"Jataí";"Energia Elétrica no Setor Industrial - Consumo (Mwh)";"39.470";"45.463";"45.226";"49.077";"49.436";"47.585";"48.882";"49.206";"49.070";"51.774";"52.806";"43.193";"41.536";"53.287";"48.216";"52.851";"42.661";"49.281";"48.341";"52.784";"58.587"
"Jataí";"Energia Elétrica Rural - Consumidores (número)";"2.110";"2.138";"2.178";"2.208";" 2.339 ";"2.290";"2.253";"2.329";"2.473";"2.469";"2.579";"2.555";"2.565";"2.649";"2.665";"2.701";"2.736";"2.910";"2839";"2.852";"2.832"
"Jataí";"Energia Elétrica Rural - Consumo (Mwh)";"12.284";"11.570";"12.535";"12.410";"13.090";"16.659";"15.594";"16.779";"22.045";"22.751";"20.419";"19.645";"21.075";"21.591";"22.234";"26.700";"24.722";"22.257";"26.853";"28.543";"30.512"
"Jaupaci";"Energia Elétrica - Consumidores - Total (número)";"1.139";"1.188";"1.223";"1.247";" 1.267 ";"1.290";"1.304";"1.371";"1.415";"1.427";"1.453";"1.413";"1.420";"1.475";"1.454";"1.486";"1.497";"1.584";"1.601";"1.658";"1.688"
"Jaupaci";"Capacidade Instalada de Energia - Total (MW)";"...";"...";"...";"...";"...";"...";"...";"...";"...";"...";"...";"...";"...";"...";"...";"...";"...";"...";"...";"...";"..."
"Jaupaci";"Energia Elétrica - Consumo - Total (Mwh)";"2.192";"2.213";"2.338";"2.418";"2.511";"2.704";"2.771";"3.101";"3.328";"3.352";"3.705";"3.647";"3.745";"3.907";"4.236";"4.238";"4.405";"4.470";"4.896";"5.088";"5.134"
"Jaupaci";"Energia Elétrica de Consumo Próprio - Consumidores (número)";"2";"2";"1";"1";" 1 ";"1";"1";"1";"1";"1";"1";"1";"1";"1";"1";"1";"1";"3";"5";"3";"3"
"Jaupaci";"Energia Elétrica de Consumo Próprio - Consumo (Mwh)";"3";"4";"1";"-";" 1 ";"1";"0";"3";"-";"-";"1";"0";"2";"2";"2";"3";"3";"13";"24";"12";"7"
"Jaupaci";"Energia Elétrica na Iluminação Pública - Consumidores (número)";"1";"1";"1";"1";" 1 ";"1";"1";"1";"1";"1";"1";"1";"1";"1";"1";"1";"1";"1";"1";"1";"1"
"Jaupaci";"Energia Elétrica no Setor Comercial - Consumidores (número)";"66";"68";"74";"76";" 94 ";"99";"94";"97";"100";"98";"95";"88";"86";"89";"80";"75";"70";"78";"79";"76";"77"
"Jaupaci";"Energia Elétrica no Setor Comercial - Consumo (Mwh)";"130";"133";"163";"188";"188";"214";"238";"289";"327";"325";"351";"322";"312";"266";"304";"281";"302";"331";"353";"361";"359"
"Jaupaci";"Energia Elétrica no Setor Industrial - Consumidores (número)";"11";"11";"10";"9";" 9 ";"9";"9";"9";"9";"9";"9";"9";"10";"9";"8";"8";"8";"8";"8";"8";"7"
"Jaupaci";"Energia Elétrica no Setor Industrial - Consumo (Mwh)";"111";"110";"76";"55";"49";"36";"32";"36";"37";"33";"22";"21";"27";"25";"27";"29";"32";"34";"33";"32";"28"
"Jaupaci";"Energia Elétrica Rural - Consumidores (número)";"135";"149";"155";"167";" 167 ";"172";"177";"228";"233";"236";"240";"233";"235";"249";"259";"264";"276";"306";"291";"296";"291"
"Jaupaci";"Energia Elétrica Rural - Consumo (Mwh)";"434";"424";"475";"457";"503";"582";"582";"711";"759";"760";"862";"892";"900";"1.037";"1.227";"1.228";"1.291";"1.197";"1.305";"1.257";"1.266"
"Jesúpolis";"Energia Elétrica - Consumidores - Total (número)";"757";"767";"803";"868";" 890 ";"929";"1.026";"1.056";"1.092";"1.114";"1.126";"1.122";"1.129";"1.167";"1.144";"1.170";"1.186";"1.207";"1.212";"1.210";"1.252"
"Jesúpolis";"Capacidade Instalada de Energia - Total (MW)";"...";"...";"...";"...";"...";"...";"...";"...";"...";"...";"...";"...";"...";"...";"...";"...";"...";"...";"...";"...";"..."
"Jesúpolis";"Energia Elétrica - Consumo - Total (Mwh)";"1.991";"2.121";"2.281";"2.370";"2.629";"2.884";"2.988";"3.561";"3.821";"3.949";"3.596";"3.310";"3.290";"3.754";"4.071";"4.146";"4.089";"3.891";"4.002";"4.039";"4.106"
"Jesúpolis";"Energia Elétrica de Consumo Próprio - Consumidores (número)";"-";"-";"-";"-";" -   ";"-";"-";"2";"-";"-";"-";"-";"-";"1";"1";"1";"1";"3";"3";"3";"3"
"Jesúpolis";"Energia Elétrica de Consumo Próprio - Consumo (Mwh)";"-";"-";"-";"-";" -   ";"-";"-";"10";"-";"-";"-";"0";"-";"3";"4";"4";"3";"10";"5";"7";"7"
"Jesúpolis";"Energia Elétrica na Iluminação Pública - Consumidores (número)";"1";"1";"1";"1";" 1 ";"1";"1";"1";"1";"1";"1";"1";"1";"1";"1";"1";"1";"1";"1";"2";"2"
"Jesúpolis";"Energia Elétrica no Setor Comercial - Consumidores (número)";"33";"33";"40";"40";" 47 ";"52";"52";"52";"55";"56";"55";"55";"57";"56";"54";"54";"54";"53";"56";"53";"53"
"Jesúpolis";"Energia Elétrica no Setor Comercial - Consumo (Mwh)";"80";"87";"91";"117";"137";"201";"227";"203";"162";"207";"191";"168";"173";"167";"146";"134";"152";"159";"172";"194";"186"
"Jesúpolis";"Energia Elétrica no Setor Industrial - Consumidores (número)";"10";"10";"9";"9";" 9 ";"8";"10";"11";"11";"10";"9";"9";"9";"8";"7";"7";"7";"7";"7";"7";"7"
"Jesúpolis";"Energia Elétrica no Setor Industrial - Consumo (Mwh)";"440";"507";"580";"729";"710";"688";"645";"1.054";"1.315";"1.367";"1.035";"571";"492";"848";"1.094";"1.055";"1.061";"880";"823";"809";"857"
"Jesúpolis";"Energia Elétrica Rural - Consumidores (número)";"192";"192";"192";"190";" 190 ";"201";"196";"194";"198";"198";"198";"198";"199";"201";"197";"200";"202";"229";"230";"223";"219"
"Jesúpolis";"Energia Elétrica Rural - Consumo (Mwh)";"467";"470";"492";"472";"552";"623";"572";"587";"561";"513";"526";"619";"644";"688";"733";"821";"755";"711";"774";"840";"876"
"Joviânia";"Energia Elétrica - Consumidores - Total (número)";"2.888";"2.919";"2.972";"3.023";" 3.053 ";"3.089";"3.093";"3.125";"3.140";"3.210";"3.301";"3.371";"3.368";"3.573";"3.542";"3.611";"3.675";"3.751";"3.765";"3.768";"3.813"
"Joviânia";"Capacidade Instalada de Energia - Total (MW)";"...";"...";"...";"...";"...";"...";"...";"...";"...";"...";"...";"...";"...";"...";"...";"...";"...";"...";"...";"...";"..."
"Joviânia";"Energia Elétrica - Consumo - Total (Mwh)";"10.000";"9.955";"11.646";"11.744";"11.377";"13.113";"12.149";"10.989";"12.763";"13.015";"12.518";"15.507";"15.265";"15.366";"16.143";"17.974";"17.967";"18.791";"19.863";"19.723";"20.519"
"Joviânia";"Energia Elétrica de Consumo Próprio - Consumidores (número)";"1";"2";"2";"2";" 1 ";"2";"2";"-";"2";"1";"1";"1";"1";"2";"2";"2";"2";"6";"6";"6";"5"
"Joviânia";"Energia Elétrica de Consumo Próprio - Consumo (Mwh)";"2";"5";"17";"11";" 18 ";"18";"5";"-";"8";"2";"6";"8";"4";"8";"5";"6";"5";"36";"21";"16";"14"
"Joviânia";"Energia Elétrica na Iluminação Pública - Consumidores (número)";"2";"2";"2";"2";" 2 ";"2";"2";"2";"2";"2";"2";"2";"2";"2";"2";"1";"1";"1";"1";"2";"1"
"Joviânia";"Energia Elétrica no Setor Comercial - Consumidores (número)";"263";"265";"277";"282";" 340 ";"336";"340";"345";"338";"344";"356";"366";"363";"369";"346";"343";"338";"342";"339";"331";"324"
"Joviânia";"Energia Elétrica no Setor Comercial - Consumo (Mwh)";"1.208";"1.260";"1.318";"1.553";"1.676";"1.605";"2.027";"2.036";"2.151";"2.276";"2.288";"2.442";"2.621";"2.468";"2.684";"2.569";"2.578";"4.508";"3.432";"3.206";"2.947"
"Joviânia";"Energia Elétrica no Setor Industrial - Consumidores (número)";"27";"24";"23";"23";" 10 ";"10";"10";"9";"9";"8";"10";"10";"10";"10";"9";"9";"8";"8";"8";"8";"8"
"Joviânia";"Energia Elétrica no Setor Industrial - Consumo (Mwh)";"194";"165";"156";"160";"110";"83";"79";"70";"68";"67";"73";"65";"53";"66";"65";"55";"54";"53";"54";"53";"64"
"Joviânia";"Energia Elétrica Rural - Consumidores (número)";"409";"426";"432";"437";" 443 ";"442";"420";"401";"401";"403";"405";"403";"405";"408";"403";"407";"418";"444";"424";"434";"419"
"Joviânia";"Energia Elétrica Rural - Consumo (Mwh)";"4.236";"4.294";"5.756";"5.566";"4.926";"6.441";"5.130";"3.709";"5.212";"4.943";"4.258";"6.925";"6.364";"6.262";"6.515";"8.149";"6.913";"6.496";"8.014";"7.264";"8.091"
"Jussara";"Energia Elétrica - Consumidores - Total (número)";"7.587";"7.733";"7.888";"8.006";" 8.155 ";"8.334";"8.499";"8.687";"8.520";"9.222";"9.342";"9.297";"8.853";"9.860";"9.753";"9.938";"10.098";"10.379";"10.451";"10.597";"10.809"
"Jussara";"Capacidade Instalada de Energia - Total (MW)";"...";"...";"...";"...";"...";"...";"...";"...";"...";"...";"...";"...";"...";"...";"...";"...";"...";"...";"...";"...";"..."
"Jussara";"Energia Elétrica - Consumo - Total (Mwh)";"35.548";"32.903";"30.718";"36.436";"32.969";"35.991";"39.638";"43.774";"45.779";"46.156";"50.312";"54.491";"54.880";"58.527";"68.967";"68.807";"76.193";"86.561";"95.496";"90.524";"101.140"
"Jussara";"Energia Elétrica de Consumo Próprio - Consumidores (número)";"1";"1";"1";"1";" 2 ";"3";"2";"2";"2";"2";"2";"2";"2";"6";"6";"6";"6";"12";"11";"11";"11"
"Jussara";"Energia Elétrica de Consumo Próprio - Consumo (Mwh)";"15";"14";"20";"21";" 19 ";"22";"22";"18";"18";"17";"20";"21";"18";"67";"103";"117";"116";"157";"124";"133";"117"
"Jussara";"Energia Elétrica na Iluminação Pública - Consumidores (número)";"5";"5";"5";"5";" 5 ";"5";"5";"5";"5";"5";"5";"5";"5";"5";"5";"1";"1";"2";"2";"2";"1"
"Jussara";"Energia Elétrica no Setor Comercial - Consumidores (número)";"620";"664";"707";"745";" 884 ";"912";"943";"962";"898";"957";"952";"919";"896";"896";"851";"829";"814";"827";"816";"787";"794"
"Jussara";"Energia Elétrica no Setor Comercial - Consumo (Mwh)";"3.058";"3.110";"3.481";"3.987";"4.455";"5.085";"4.937";"5.391";"5.642";"5.298";"6.184";"5.900";"5.607";"5.571";"6.204";"5.410";"5.495";"9.092";"8.043";"8.215";"7.520"
"Jussara";"Energia Elétrica no Setor Industrial - Consumidores (número)";"63";"58";"64";"60";" 54 ";"52";"50";"49";"47";"50";"47";"47";"45";"48";"42";"42";"41";"40";"39";"39";"39"
"Jussara";"Energia Elétrica no Setor Industrial - Consumo (Mwh)";"1.751";"1.443";"1.332";"1.365";"1.144";"1.001";"1.001";"850";"882";"874";"786";"788";"1.207";"1.611";"1.339";"1.401";"1.271";"1.284";"1.128";"749";"910"
"Jussara";"Energia Elétrica Rural - Consumidores (número)";"986";"994";"1.027";"1.056";" 1.120 ";"1.122";"1.155";"1.169";"1.205";"1.252";"1.280";"1.291";"1.133";"1.321";"1.334";"1.353";"1.447";"1.512";"1494";"1.571";"1.585"
"Jussara";"Energia Elétrica Rural - Consumo (Mwh)";"18.863";"16.155";"13.586";"18.159";"13.804";"15.179";"18.761";"21.442";"22.191";"22.960";"23.976";"29.137";"29.631";"31.738";"39.823";"39.922";"46.629";"52.297";"59.274";"51.724";"61.270"
"Lagoa Santa";"Energia Elétrica - Consumidores - Total (número)";"497";"531";"555";"573";" 586 ";"597";"609";"619";"651";"682";"745";"755";"766";"849";"840";"881";"903";"938";"933";"953";"966"
"Lagoa Santa";"Capacidade Instalada de Energia - Total (MW)";"...";"...";"...";"...";"...";"...";"...";"...";"...";"...";"...";"...";"...";"...";"...";"...";"...";"...";"...";"...";"..."
"Lagoa Santa";"Energia Elétrica - Consumo - Total (Mwh)";"1.676";"1.740";"1.825";"1.743";"1.918";"2.096";"2.307";"2.500";"2.562";"2.828";"2.963";"2.821";"2.864";"3.013";"3.170";"3.115";"3.209";"3.417";"3.709";"4.137";"4.105"
"Lagoa Santa";"Energia Elétrica de Consumo Próprio - Consumidores (número)";"-";"-";"-";"-";" -   ";"-";"-";"-";"-";"-";"-";"-";"-";"";"0";" - ";"";"2";"2";"2";"2"
"Lagoa Santa";"Energia Elétrica de Consumo Próprio - Consumo (Mwh)";"-";"-";"-";"-";" -   ";"-";"-";"-";"-";"-";"-";"0";"-";"0";" - ";"-";"0";"20";"10";"10";"10"
"Lagoa Santa";"Energia Elétrica na Iluminação Pública - Consumidores (número)";"1";"1";"1";"1";" 1 ";"1";"1";"1";"1";"1";"1";"1";"1";"1";"1";"1";"1";"1";"1";"1";"1"
"Lagoa Santa";"Energia Elétrica no Setor Comercial - Consumidores (número)";"49";"50";"52";"52";" 61 ";"63";"66";"67";"70";"70";"71";"72";"71";"72";"72";"72";"77";"75";"74";"72";"72"
"Lagoa Santa";"Energia Elétrica no Setor Comercial - Consumo (Mwh)";"447";"437";"494";"500";"494";"558";"611";"684";"686";"743";"780";"664";"595";"601";"664";"531";"620";"718";"797";"821";"804"
"Lagoa Santa";"Energia Elétrica no Setor Industrial - Consumidores (número)";"1";"1";"1";"1";" 1 ";"1";"1";"1";"1";"1";"1";"1";"1";"1";"1";"1";"1";"1";"1";"1";"2"
"Lagoa Santa";"Energia Elétrica no Setor Industrial - Consumo (Mwh)";"8";"25";"22";"12";"13";"13";"12";"11";"15";"12";"11";"12";"10";"9";"5";"2";"10";"4";"3";"3";"41"
"Lagoa Santa";"Energia Elétrica Rural - Consumidores (número)";"99";"99";"100";"99";" 101 ";"103";"102";"102";"102";"103";"101";"104";"104";"144";"142";"146";"137";"141";"141";"143";"150"
"Lagoa Santa";"Energia Elétrica Rural - Consumo (Mwh)";"488";"520";"509";"373";"505";"546";"589";"606";"597";"627";"599";"623";"704";"799";"784";"839";"813";"775";"744";"888";"794"
"Leopoldo de Bulhões";"Energia Elétrica - Consumidores - Total (número)";"2.537";"2.576";"2.572";"2.671";" 2.707 ";"2.775";"2.802";"2.927";"3.013";"3.115";"3.213";"3.237";"2.838";"3.502";"3.529";"3.757";"3.870";"4.025";"4.082";"4.226";"4.234"
"Leopoldo de Bulhões";"Capacidade Instalada de Energia - Total (MW)";"...";"...";"...";"...";"...";"...";"...";"...";"...";"...";"...";"...";"...";"...";"...";"...";"...";"...";"...";"...";"..."
"Leopoldo de Bulhões";"Energia Elétrica - Consumo - Total (Mwh)";"8.545";"8.296";"8.761";"8.614";"8.744";"10.071";"10.665";"10.777";"11.894";"12.971";"13.018";"13.767";"13.154";"14.659";"15.987";"17.296";"17.212";"16.988";"18.069";"18.550";"20.243"
"Leopoldo de Bulhões";"Energia Elétrica de Consumo Próprio - Consumidores (número)";"1";"1";"1";"-";" -   ";"-";"-";"-";"-";"-";"-";"-";"-";"1";"1";"1";"1";"3";"3";"3";"3"
"Leopoldo de Bulhões";"Energia Elétrica de Consumo Próprio - Consumo (Mwh)";"2";"2";"2";"1";" -   ";"-";"-";"-";"-";"-";"-";"0";"-";"14";"3";"1";"2";"21";"8";"9";"9"
"Leopoldo de Bulhões";"Energia Elétrica na Iluminação Pública - Consumidores (número)";"1";"1";"1";"1";" 1 ";"3";"6";"6";"6";"6";"4";"4";"4";"4";"3";"1";"1";"2";"3";"4";"7"
"Leopoldo de Bulhões";"Energia Elétrica no Setor Comercial - Consumidores (número)";"137";"134";"156";"160";" 182 ";"179";"182";"185";"181";"181";"188";"187";"143";"177";"174";"172";"172";"170";"168";"174";"176"
"Leopoldo de Bulhões";"Energia Elétrica no Setor Comercial - Consumo (Mwh)";"928";"865";"627";"689";"704";"794";"994";"1.146";"1.127";"1.186";"1.139";"1.127";"919";"1.042";"1.142";"889";"962";"1.219";"970";"1.083";"1.222"
"Leopoldo de Bulhões";"Energia Elétrica no Setor Industrial - Consumidores (número)";"13";"13";"12";"14";" 13 ";"13";"13";"14";"14";"12";"12";"11";"11";"12";"14";"13";"10";"10";"10";"11";"10"
"Leopoldo de Bulhões";"Energia Elétrica no Setor Industrial - Consumo (Mwh)";"377";"441";"501";"505";"1.173";"1.395";"1.360";"1.610";"1.673";"1.559";"1.693";"1.956";"1.675";"1.878";"2.110";"2.409";"2.416";"2.320";"2.369";"2.181";"2.434"
"Leopoldo de Bulhões";"Energia Elétrica Rural - Consumidores (número)";"449";"473";"467";"474";" 473 ";"488";"453";"493";"515";"547";"571";"588";"580";"675";"702";"843";"923";"1.019";"1014";"1.055";"1.028"
"Leopoldo de Bulhões";"Energia Elétrica Rural - Consumo (Mwh)";"4.135";"3.928";"4.405";"4.022";"3.403";"4.185";"4.197";"3.786";"4.548";"5.443";"5.390";"5.675";"6.098";"6.229";"7.177";"7.861";"7.825";"6.994";"7.824";"8.366";"9.108"
"Luziânia";"Energia Elétrica - Consumidores - Total (número)";"49.813";"51.210";"52.717";"54.642";" 57.001 ";"60.657";"64.363";"67.694";"70.444";"72.487";"74.834";"74.361";"46.402";"81.052";"78.755";"83.000";"84.563";"87.495";"91.433";"95.355";"98.680"
"Luziânia";"Capacidade Instalada de Energia - Total (MW)";"...";"...";"...";"...";"...";"...";"...";"...";"...";"...";"...";"...";"...";"...";"...";"...";"...";"...";"...";"...";"..."
"Luziânia";"Energia Elétrica - Consumo - Total (Mwh)";"249.881";"245.756";"278.933";"290.366";"276.625";"313.740";"286.892";"276.202";"326.965";"297.627";"280.609";"279.365";"229.585";"295.775";"298.915";"306.449";"309.769";"324.241";"365.003";"407.139";"426.006"
"Luziânia";"Energia Elétrica de Consumo Próprio - Consumidores (número)";"3";"3";"3";"4";" 4 ";"4";"4";"4";"4";"4";"3";"3";"2";"15";"14";"15";"14";"35";"36";"37";"36"
"Luziânia";"Energia Elétrica de Consumo Próprio - Consumo (Mwh)";"70";"98";"94";"101";" 108 ";"103";"89";"75";"67";"65";"92";"83";"35";"329";"375";"401";"266";"537";"382";"403";"410"
"Luziânia";"Energia Elétrica na Iluminação Pública - Consumidores (número)";"4";"4";"4";"4";" 4 ";"4";"4";"4";"4";"4";"4";"4";"4";"4";"4";"1";"1";"1";"1";"1";"1"
"Luziânia";"Energia Elétrica no Setor Comercial - Consumidores (número)";"2.193";"2.263";"2.522";"2.691";" 4.033 ";"4.242";"4.554";"4.849";"5.084";"5.214";"5.276";"4.882";"3.196";"4.892";"4.508";"4.544";"4.450";"4.480";"4.329";"4.230";"4.165"
"Luziânia";"Energia Elétrica no Setor Comercial - Consumo (Mwh)";"17.446";"17.509";"19.294";"21.134";"24.394";"27.657";"29.486";"32.946";"37.041";"38.295";"38.145";"36.600";"27.431";"38.572";"37.747";"37.120";"37.800";"41.827";"43.442";"48.640";"51.401"
"Luziânia";"Energia Elétrica no Setor Industrial - Consumidores (número)";"198";"188";"176";"168";" 123 ";"122";"117";"121";"120";"115";"111";"111";"87";"111";"105";"102";"95";"92";"88";"88";"86"
"Luziânia";"Energia Elétrica no Setor Industrial - Consumo (Mwh)";"91.526";"92.857";"96.301";"100.649";"90.730";"96.395";"92.931";"85.130";"89.658";"83.382";"73.941";"73.461";"80.457";"78.670";"75.315";"74.223";"66.891";"69.747";"75.714";"79.890";"79.465"
"Luziânia";"Energia Elétrica Rural - Consumidores (número)";"2.419";"2.477";"2.595";"2.721";" 2.824 ";"2.854";"2.681";"2.681";"2.687";"2.741";"2.771";"2.807";"2.803";"2.956";"3.027";"3.273";"3.595";"3.917";"3698";"3.730";"3.914"
"Luziânia";"Energia Elétrica Rural - Consumo (Mwh)";"57.641";"49.324";"73.559";"73.968";"61.590";"78.978";"42.916";"31.409";"66.506";"33.780";"29.490";"31.022";"29.654";"29.426";"32.232";"32.527";"35.770";"38.495";"41.577";"43.515";"47.171"
"Mairipotaba";"Energia Elétrica - Consumidores - Total (número)";"1.073";"1.087";"1.128";"1.158";" 1.174 ";"1.194";"1.212";"1.263";"1.334";"1.364";"1.386";"1.420";"1.398";"1.516";"1.434";"1.455";"1.510";"1.592";"1.653";"1.661";"1.705"
"Mairipotaba";"Capacidade Instalada de Energia - Total (MW)";"...";"...";"...";"...";"...";"...";"...";"...";"...";"...";"...";"...";"...";"...";"...";"...";"...";"...";"...";"...";"..."
"Mairipotaba";"Energia Elétrica - Consumo - Total (Mwh)";"3.114";"3.127";"3.384";"3.568";"3.794";"4.059";"3.706";"3.985";"4.029";"4.482";"4.636";"4.612";"4.614";"4.991";"5.119";"5.367";"5.112";"4.977";"5.487";"6.302";"6.192"
"Mairipotaba";"Energia Elétrica de Consumo Próprio - Consumidores (número)";"1";"1";"-";"-";" -   ";"-";"-";"-";"-";"-";"-";"-";"-";"1";"1";"1";"3";"4";"3";"3";"3"
"Mairipotaba";"Energia Elétrica de Consumo Próprio - Consumo (Mwh)";"1";"1";"-";"-";" -   ";"-";"-";"-";"-";"-";"-";"0";"-";"37";"10";"8";"5";"9";"6";"11";"7"
"Mairipotaba";"Energia Elétrica na Iluminação Pública - Consumidores (número)";"1";"1";"1";"1";" 1 ";"2";"2";"2";"2";"2";"2";"2";"2";"4";"2";"1";"1";"1";"1";"1";"1"
"Mairipotaba";"Energia Elétrica no Setor Comercial - Consumidores (número)";"59";"60";"64";"69";" 82 ";"84";"83";"84";"87";"88";"87";"85";"88";"86";"83";"82";"80";"84";"84";"87";"86"
"Mairipotaba";"Energia Elétrica no Setor Comercial - Consumo (Mwh)";"184";"203";"227";"222";"246";"262";"292";"322";"332";"389";"395";"376";"375";"381";"397";"367";"399";"459";"472";"500";"485"
"Mairipotaba";"Energia Elétrica no Setor Industrial - Consumidores (número)";"15";"12";"8";"7";" 5 ";"5";"5";"5";"4";"4";"4";"4";"4";"4";"3";"3";"3";"3";"3";"3";"2"
"Mairipotaba";"Energia Elétrica no Setor Industrial - Consumo (Mwh)";"227";"169";"210";"237";"233";"161";"24";"25";"22";"20";"19";"18";"16";"17";"21";"20";"19";"20";"7";"8";"7"
"Mairipotaba";"Energia Elétrica Rural - Consumidores (número)";"354";"362";"382";"393";" 401 ";"411";"412";"417";"420";"429";"427";"437";"440";"449";"430";"437";"487";"540";"548";"552";"543"
"Mairipotaba";"Energia Elétrica Rural - Consumo (Mwh)";"1.322";"1.329";"1.387";"1.458";"1.607";"1.895";"1.746";"1.923";"1.987";"2.244";"2.351";"2.332";"2.374";"2.546";"2.579";"2.775";"2.578";"2.398";"2.633";"3.130";"2.937"
"Mambaí";"Energia Elétrica - Consumidores - Total (número)";"1.956";"2.093";"2.251";"2.327";" 2.444 ";"2.543";"2.529";"2.605";"2.699";"2.761";"2.877";"2.916";"2.782";"3.183";"3.189";"3.320";"3.398";"3.573";"3.673";"3.691";"3.741"
"Mambaí";"Capacidade Instalada de Energia - Total (MW)";"...";"...";"...";"...";"...";"...";"...";"...";"...";"...";"...";"...";"...";"...";"...";"...";"...";"...";"...";"...";"..."
"Mambaí";"Energia Elétrica - Consumo - Total (Mwh)";"2.812";"3.027";"3.409";"3.391";"3.598";"3.876";"4.258";"4.630";"4.871";"5.232";"5.261";"5.622";"5.413";"5.892";"6.394";"6.856";"7.250";"7.713";"8.591";"9.131";"9.763"
"Mambaí";"Energia Elétrica de Consumo Próprio - Consumidores (número)";"1";"1";"1";"1";" 1 ";"1";"1";"-";"-";"-";"-";"-";"-";"1";"1";"1";"1";"3";"3";"3";"3"
"Mambaí";"Energia Elétrica de Consumo Próprio - Consumo (Mwh)";"1";"1";"2";"2";" 1 ";"1";"0";"1";"-";"-";"-";"0";"-";"1";"2";"2";"2";"25";"9";"9";"17"
"Mambaí";"Energia Elétrica na Iluminação Pública - Consumidores (número)";"5";"5";"5";"5";" 5 ";"9";"10";"10";"10";"6";"6";"6";"6";"6";"6";"1";"1";"1";"1";"1";"1"
"Mambaí";"Energia Elétrica no Setor Comercial - Consumidores (número)";"85";"100";"110";"111";" 191 ";"187";"179";"181";"181";"182";"192";"190";"178";"192";"182";"180";"180";"182";"175";"175";"172"
"Mambaí";"Energia Elétrica no Setor Comercial - Consumo (Mwh)";"283";"297";"384";"351";"540";"560";"549";"576";"599";"687";"702";"728";"727";"736";"806";"793";"880";"981";"1.030";"1.163";"1.324"
"Mambaí";"Energia Elétrica no Setor Industrial - Consumidores (número)";"10";"7";"6";"7";" 5 ";"5";"3";"2";"3";"2";"4";"4";"4";"4";"4";"4";"4";"5";"4";"4";"4"
"Mambaí";"Energia Elétrica no Setor Industrial - Consumo (Mwh)";"10";"9";"6";"50";"39";"43";"65";"26";"27";"32";"38";"50";"55";"33";"29";"36";"43";"40";"72";"76";"88"
"Mambaí";"Energia Elétrica Rural - Consumidores (número)";"323";"412";"461";"475";" 563 ";"589";"573";"603";"589";"605";"631";"651";"602";"705";"706";"733";"757";"839";"855";"818";"785"
"Mambaí";"Energia Elétrica Rural - Consumo (Mwh)";"331";"385";"595";"582";"635";"704";"826";"933";"934";"985";"914";"1.041";"940";"1.122";"1.202";"1.360";"1.406";"1.392";"1.555";"1.549";"1.506"
"Mara Rosa";"Energia Elétrica - Consumidores - Total (número)";"3.747";"3.854";"3.942";"4.019";" 4.154 ";"4.222";"4.262";"4.370";"4.515";"4.646";"4.830";"4.962";"4.672";"5.125";"5.082";"5.308";"5.521";"5.730";"5.890";"6.011";"6.192"
"Mara Rosa";"Capacidade Instalada de Energia - Total (MW)";"...";"...";"...";"...";"...";"...";"...";"...";"...";"...";"...";"...";"...";"...";"...";"...";"...";"...";"...";"...";"..."
"Mara Rosa";"Energia Elétrica - Consumo - Total (Mwh)";"8.506";"8.520";"8.985";"9.376";"9.876";"10.205";"10.451";"11.144";"11.206";"12.407";"13.810";"14.199";"13.764";"14.289";"15.184";"15.508";"16.357";"17.470";"22.381";"95.185";"105.576"
"Mara Rosa";"Energia Elétrica de Consumo Próprio - Consumidores (número)";"2";"2";"2";"2";" 2 ";"2";"2";"2";"-";"-";"-";"-";"-";"1";"1";"1";"1";"4";"4";"4";"4"
"Mara Rosa";"Energia Elétrica de Consumo Próprio - Consumo (Mwh)";"4";"3";"4";"4";" 5 ";"7";"5";"5";"-";"-";"-";"0";"-";"30";"43";"11";"2";"45";"16";"16";"16"
"Mara Rosa";"Energia Elétrica na Iluminação Pública - Consumidores (número)";"4";"4";"4";"4";" 4 ";"4";"4";"5";"5";"5";"5";"5";"5";"5";"5";"1";"1";"1";"1";"1";"1"
"Mara Rosa";"Energia Elétrica no Setor Comercial - Consumidores (número)";"252";"250";"263";"276";" 458 ";"463";"450";"450";"453";"449";"447";"426";"383";"399";"378";"375";"372";"373";"389";"400";"396"
"Mara Rosa";"Energia Elétrica no Setor Comercial - Consumo (Mwh)";"957";"905";"929";"1.028";"1.348";"1.517";"1.613";"1.713";"1.769";"1.951";"2.053";"2.064";"2.039";"2.019";"2.158";"2.163";"2.259";"2.402";"3.239";"3.665";"3.645"
"Mara Rosa";"Energia Elétrica no Setor Industrial - Consumidores (número)";"36";"34";"30";"28";" 17 ";"16";"16";"16";"16";"15";"14";"15";"14";"13";"12";"12";"11";"14";"13";"10";"10"
"Mara Rosa";"Energia Elétrica no Setor Industrial - Consumo (Mwh)";"1.034";"861";"905";"893";"992";"1.034";"1.139";"1.146";"1.111";"1.323";"1.278";"1.287";"973";"1.151";"1.421";"1.449";"1.554";"1.550";"2.194";"73.564";"83.383"
"Mara Rosa";"Energia Elétrica Rural - Consumidores (número)";"621";"685";"751";"773";" 865 ";"886";"882";"891";"921";"922";"956";"946";"946";"957";"1.002";"1.124";"1.209";"1.256";"1245";"1.271";"1.276"
"Mara Rosa";"Energia Elétrica Rural - Consumo (Mwh)";"1.565";"1.772";"1.977";"2.140";"2.242";"2.219";"2.212";"2.264";"1.919";"2.355";"2.888";"3.198";"3.430";"3.627";"3.793";"4.000";"4.154";"3.948";"4.499";"4.664";"4.732"
"Marzagão";"Energia Elétrica - Consumidores - Total (número)";"862";"886";"894";"916";" 931 ";"953";"954";"993";"1.007";"1.033";"1.077";"1.111";"1.131";"1.201";"1.200";"1.257";"1.304";"1.366";"1.365";"1.396";"1.416"
"Marzagão";"Capacidade Instalada de Energia - Total (MW)";"...";"...";"...";"...";"...";"...";"...";"...";"...";"...";"...";"...";"...";"...";"...";"...";"...";"...";"...";"...";"..."
"Marzagão";"Energia Elétrica - Consumo - Total (Mwh)";"1.917";"1.905";"2.028";"2.007";"2.094";"2.193";"2.286";"2.466";"2.633";"2.971";"3.011";"3.031";"3.085";"3.370";"3.325";"3.601";"3.712";"3.669";"3.842";"4.102";"4.397"
"Marzagão";"Energia Elétrica de Consumo Próprio - Consumidores (número)";"1";"1";"1";"1";" -   ";"-";"-";"-";"-";"-";"-";"-";"-";"1";"1";"1";"1";"2";"2";"2";"2"
"Marzagão";"Energia Elétrica de Consumo Próprio - Consumo (Mwh)";"1";"1";"1";"1";" -   ";"-";"-";"-";"-";"-";"-";"0";"0";"11";"-1";"3";"4";"4";"5";"2";"9"
"Marzagão";"Energia Elétrica na Iluminação Pública - Consumidores (número)";"1";"1";"1";"1";" 1 ";"1";"1";"1";"1";"1";"1";"1";"1";"1";"1";"1";"1";"1";"1";"1";"1"
"Marzagão";"Energia Elétrica no Setor Comercial - Consumidores (número)";"56";"51";"50";"55";" 79 ";"82";"81";"83";"85";"89";"87";"86";"86";"81";"78";"82";"83";"83";"82";"81";"75"
"Marzagão";"Energia Elétrica no Setor Comercial - Consumo (Mwh)";"191";"209";"197";"196";"247";"295";"314";"358";"426";"393";"383";"380";"389";"372";"376";"374";"371";"435";"489";"532";"571"
"Marzagão";"Energia Elétrica no Setor Industrial - Consumidores (número)";"17";"19";"16";"16";" 12 ";"11";"11";"11";"11";"10";"10";"10";"9";"9";"7";"7";"8";"8";"8";"9";"8"
"Marzagão";"Energia Elétrica no Setor Industrial - Consumo (Mwh)";"21";"22";"54";"68";"72";"60";"52";"55";"46";"43";"49";"50";"32";"87";"61";"168";"251";"192";"158";"186";"196"
"Marzagão";"Energia Elétrica Rural - Consumidores (número)";"111";"115";"119";"120";" 120 ";"123";"122";"123";"119";"120";"129";"134";"142";"160";"156";"155";"172";"204";"182";"187";"189"
"Marzagão";"Energia Elétrica Rural - Consumo (Mwh)";"349";"357";"384";"374";"366";"377";"417";"459";"439";"633";"599";"567";"571";"680";"685";"744";"705";"532";"545";"568";"547"
"Matrinchã";"Energia Elétrica - Consumidores - Total (número)";"1.840";"1.885";"1.916";"1.961";" 2.032 ";"2.116";"2.153";"2.193";"2.235";"2.283";"2.289";"2.284";"1.939";"2.398";"2.359";"2.431";"2.452";"2.556";"2.554";"2.581";"2.608"
"Matrinchã";"Capacidade Instalada de Energia - Total (MW)";"...";"...";"...";"...";"...";"...";"...";"...";"...";"...";"...";"...";"...";"...";"...";"...";"...";"...";"...";"...";"..."
"Matrinchã";"Energia Elétrica - Consumo - Total (Mwh)";"6.965";"6.194";"5.995";"6.474";"6.476";"6.752";"7.519";"8.642";"8.095";"9.172";"10.019";"11.620";"10.799";"11.397";"12.432";"12.732";"13.387";"13.093";"17.169";"16.502";"16.935"
"Matrinchã";"Energia Elétrica de Consumo Próprio - Consumidores (número)";"1";"1";"1";"1";" 1 ";"1";"-";"-";"-";"-";"-";"-";"-";"1";"1";"1";"1";"2";"3";"3";"3"
"Matrinchã";"Energia Elétrica de Consumo Próprio - Consumo (Mwh)";"3";"3";"3";"3";" 2 ";"1";"0";"-";"-";"-";"-";"0";"-";"20";"33";"33";"19";"36";"17";"35";"40"
"Matrinchã";"Energia Elétrica na Iluminação Pública - Consumidores (número)";"2";"2";"2";"2";" 2 ";"2";"2";"2";"2";"2";"2";"2";"2";"2";"2";"1";"1";"1";"1";"1";"1"
"Matrinchã";"Energia Elétrica no Setor Comercial - Consumidores (número)";"120";"118";"128";"130";" 187 ";"208";"212";"215";"217";"219";"212";"199";"163";"183";"173";"169";"171";"166";"161";"163";"164"
"Matrinchã";"Energia Elétrica no Setor Comercial - Consumo (Mwh)";"448";"444";"470";"492";"612";"722";"767";"812";"871";"695";"910";"917";"763";"934";"850";"832";"976";"1.676";"1.510";"1.267";"1.215"
"Matrinchã";"Energia Elétrica no Setor Industrial - Consumidores (número)";"11";"10";"10";"10";" 9 ";"8";"7";"7";"7";"7";"6";"4";"4";"4";"4";"4";"4";"9";"4";"8";"4"
"Matrinchã";"Energia Elétrica no Setor Industrial - Consumo (Mwh)";"144";"119";"127";"123";"151";"147";"135";"138";"105";"83";"129";"120";"210";"258";"250";"181";"99";"175";"208";"303";"247"
"Matrinchã";"Energia Elétrica Rural - Consumidores (número)";"533";"555";"568";"568";" 589 ";"591";"589";"592";"595";"595";"599";"590";"502";"609";"590";"607";"609";"660";"644";"632";"633"
"Matrinchã";"Energia Elétrica Rural - Consumo (Mwh)";"4.135";"3.428";"3.135";"3.611";"3.342";"3.502";"4.036";"4.791";"4.044";"5.459";"5.417";"7.010";"6.607";"6.278";"7.035";"7.211";"7.653";"6.492";"10.149";"9.318";"9.658"
"Maurilândia";"Energia Elétrica - Consumidores - Total (número)";"3.325";"3.428";"3.582";"3.708";" 3.899 ";"3.949";"3.981";"4.091";"4.162";"4.224";"4.270";"4.251";"4.292";"4.425";"4.266";"4.337";"4.300";"4.435";"4.402";"4.428";"4.412"
"Maurilândia";"Capacidade Instalada de Energia - Total (MW)";"...";"...";"...";"...";"...";"...";"...";"...";"...";"...";"...";"...";"...";"...";"...";"...";"...";"...";"...";"...";"..."
"Maurilândia";"Energia Elétrica - Consumo - Total (Mwh)";"11.677";"13.235";"13.484";"14.130";"14.162";"15.382";"16.418";"18.890";"18.277";"19.742";"19.363";"18.301";"19.030";"17.991";"19.622";"19.721";"18.538";"17.560";"17.331";"19.344";"18.475"
"Maurilândia";"Energia Elétrica de Consumo Próprio - Consumidores (número)";"1";"1";"1";"1";" 1 ";"1";"1";"1";"1";"1";"1";"1";"1";"3";"3";"3";"3";"11";"13";"11";"12"
"Maurilândia";"Energia Elétrica de Consumo Próprio - Consumo (Mwh)";"3";"3";"7";"6";" 6 ";"6";"7";"6";"4";"8";"6";"3";"2";"43";"32";"38";"37";"76";"62";"70";"86"
"Maurilândia";"Energia Elétrica na Iluminação Pública - Consumidores (número)";"1";"1";"1";"1";" 1 ";"1";"1";"1";"1";"1";"1";"1";"1";"1";"1";"1";"1";"1";"1";"1";"1"
"Maurilândia";"Energia Elétrica no Setor Comercial - Consumidores (número)";"194";"215";"239";"264";" 296 ";"298";"305";"313";"318";"314";"302";"290";"292";"288";"265";"265";"260";"271";"257";"265";"263"
"Maurilândia";"Energia Elétrica no Setor Comercial - Consumo (Mwh)";"1.223";"1.388";"1.669";"1.989";"1.963";"1.990";"2.157";"2.473";"2.412";"2.355";"2.183";"1.947";"2.010";"2.084";"2.188";"2.118";"1.968";"3.677";"2.729";"2.464";"2.372"
"Maurilândia";"Energia Elétrica no Setor Industrial - Consumidores (número)";"21";"20";"17";"17";" 17 ";"16";"18";"19";"20";"18";"18";"18";"18";"17";"15";"16";"14";"14";"14";"14";"14"
"Maurilândia";"Energia Elétrica no Setor Industrial - Consumo (Mwh)";"1.259";"2.612";"1.689";"1.564";"1.766";"1.794";"1.425";"1.768";"1.502";"1.240";"1.336";"1.381";"2.257";"1.701";"2.059";"1.984";"1.308";"62";"60";"305";"567"
"Maurilândia";"Energia Elétrica Rural - Consumidores (número)";"127";"131";"135";"138";" 141 ";"141";"145";"145";"154";"155";"158";"160";"168";"183";"183";"188";"187";"225";"197";"192";"189"
"Maurilândia";"Energia Elétrica Rural - Consumo (Mwh)";"3.145";"2.587";"3.340";"3.574";"3.094";"3.722";"4.734";"6.009";"5.482";"6.668";"6.510";"6.144";"5.637";"5.791";"5.845";"5.711";"5.345";"3.977";"3.855";"4.937";"3.785"
"Mimoso de Goiás";"Energia Elétrica - Consumidores - Total (número)";"802";"889";"898";"901";" 994 ";"1.046";"1.058";"1.074";"1.105";"1.117";"1.124";"1.116";"1.120";"1.170";"1.131";"1.165";"1.187";"1.272";"1.276";"1.331";"1.311"
"Mimoso de Goiás";"Capacidade Instalada de Energia - Total (MW)";"...";"...";"...";"...";"...";"...";"...";"...";"...";"...";"...";"...";"...";"...";"...";"...";"...";"...";"...";"...";"..."
"Mimoso de Goiás";"Energia Elétrica - Consumo - Total (Mwh)";"1.681";"1.763";"1.922";"2.005";"2.051";"2.320";"2.372";"2.614";"2.775";"2.883";"2.791";"2.755";"2.703";"2.952";"2.977";"3.059";"3.159";"3.047";"3.293";"3.533";"4.120"
"Mimoso de Goiás";"Energia Elétrica de Consumo Próprio - Consumidores (número)";"-";"-";"-";"-";" -   ";"-";"-";"-";"-";"-";"-";"-";"-";"";"0";" - ";"";"0";"0";"-";"-"
"Mimoso de Goiás";"Energia Elétrica de Consumo Próprio - Consumo (Mwh)";"-";"-";"-";"-";" -   ";"-";"-";"-";"-";"-";"-";"0";"-";"0";" - ";"-";"0";"0";"0";"0";"-"
"Mimoso de Goiás";"Energia Elétrica na Iluminação Pública - Consumidores (número)";"1";"1";"1";"1";" 1 ";"1";"1";"1";"1";"1";"1";"1";"1";"3";"1";"1";"1";"1";"1";"1";"1"
"Mimoso de Goiás";"Energia Elétrica no Setor Comercial - Consumidores (número)";"28";"29";"28";"31";" 57 ";"54";"56";"55";"53";"52";"52";"51";"51";"48";"44";"42";"42";"43";"40";"43";"42"
"Mimoso de Goiás";"Energia Elétrica no Setor Comercial - Consumo (Mwh)";"96";"102";"95";"97";"183";"180";"170";"208";"261";"246";"254";"225";"195";"192";"183";"146";"165";"151";"185";"219";"192"
"Mimoso de Goiás";"Energia Elétrica no Setor Industrial - Consumidores (número)";"1";"1";"1";"2";" 1 ";"1";"1";"1";"1";"1";"1";"1";"1";"1";"1";"1";"1";"2";"2";"2";"2"
"Mimoso de Goiás";"Energia Elétrica no Setor Industrial - Consumo (Mwh)";"2";"1";"1";"2";"1";"1";"0";"1";"-";"-";"1";"1";"1";"1";"1";"1";"1";"2";"15";"29";"36"
"Mimoso de Goiás";"Energia Elétrica Rural - Consumidores (número)";"334";"408";"403";"399";" 445 ";"478";"482";"487";"495";"494";"492";"486";"490";"511";"504";"515";"526";"579";"577";"590";"565"
"Mimoso de Goiás";"Energia Elétrica Rural - Consumo (Mwh)";"853";"866";"965";"990";"1.030";"1.180";"1.210";"1.373";"1.421";"1.438";"1.368";"1.382";"1.358";"1.563";"1.613";"1.688";"1.750";"1.647";"1.711";"1.856";"2.393"
"Minaçu";"Energia Elétrica - Consumidores - Total (número)";"10.686";"10.666";"10.849";"10.969";" 11.120 ";"11.331";"11.613";"11.831";"12.019";"12.228";"12.562";"12.516";"12.120";"12.917";"12.461";"12.859";"13.116";"13.228";"13.447";"13.582";"13.620"
"Minaçu";"Capacidade Instalada de Energia - Total (MW)";"...";"...";"...";"...";"...";"...";"...";"...";"...";"...";"...";"...";"...";"...";"...";"...";"...";"...";"...";"...";"..."
"Minaçu";"Energia Elétrica - Consumo - Total (Mwh)";"88.180";"83.253";"87.824";"94.065";"95.724";"99.262";"101.306";"99.630";"32.638";"109.908";"93.898";"82.135";"67.860";"64.291";"39.219";"57.605";"78.805";"88.600";"95.586";"104.974";"105.510"
"Minaçu";"Energia Elétrica de Consumo Próprio - Consumidores (número)";"1";"1";"1";"1";" 1 ";"1";"1";"1";"1";"1";"1";"1";"1";"2";"2";"2";"3";"7";"6";"6";"6"
"Minaçu";"Energia Elétrica de Consumo Próprio - Consumo (Mwh)";"14";"14";"15";"13";" 15 ";"16";"17";"17";"12";"12";"13";"12";"9";"105";"127";"105";"98";"127";"91";"131";"120"
"Minaçu";"Energia Elétrica na Iluminação Pública - Consumidores (número)";"5";"4";"4";"4";" 4 ";"5";"5";"5";"5";"5";"5";"5";"5";"13";"5";"1";"1";"1";"1";"2";"1"
"Minaçu";"Energia Elétrica no Setor Comercial - Consumidores (número)";"691";"683";"704";"747";" 1.011 ";"988";"974";"982";"987";"991";"1.021";"984";"923";"911";"858";"850";"846";"832";"849";"821";"809"
"Minaçu";"Energia Elétrica no Setor Comercial - Consumo (Mwh)";"3.287";"4.107";"4.351";"4.684";"5.518";"5.966";"5.776";"6.260";"6.534";"6.591";"6.828";"6.672";"5.930";"5.237";"4.842";"4.422";"5.003";"5.021";"5.790";"6.085";"6.355"
"Minaçu";"Energia Elétrica no Setor Industrial - Consumidores (número)";"77";"76";"77";"60";" 34 ";"32";"31";"33";"34";"31";"29";"28";"28";"27";"25";"24";"24";"24";"23";"23";"23"
"Minaçu";"Energia Elétrica no Setor Industrial - Consumo (Mwh)";"65.893";"59.667";"63.545";"69.244";"68.901";"71.434";"73.322";"69.790";"436";"76.954";"58.214";"46.380";"34.431";"31.154";"7.079";"25.549";"44.877";"53.876";"55.700";"60.925";"60.813"
"Minaçu";"Energia Elétrica Rural - Consumidores (número)";"1.170";"1.188";"1.236";"1.282";" 1.324 ";"1.410";"1.493";"1.516";"1.530";"1.546";"1.563";"1.628";"1.619";"1.710";"1.700";"1.817";"1.988";"2.030";"2051";"2.013";"1.967"
"Minaçu";"Energia Elétrica Rural - Consumo (Mwh)";"1.379";"1.481";"1.575";"1.502";"1.670";"1.906";"2.031";"2.004";"2.339";"2.340";"2.592";"2.669";"2.798";"3.068";"3.181";"3.491";"3.838";"3.730";"4.204";"4.417";"4.452"
"Mineiros";"Energia Elétrica - Consumidores - Total (número)";"14.509";"15.085";"15.842";"16.778";" 17.918 ";"18.894";"20.218";"21.341";"22.823";"24.275";"25.476";"26.373";"26.915";"28.655";"28.673";"29.611";"30.485";"31.613";"32.543";"34.167";"34.954"
"Mineiros";"Capacidade Instalada de Energia - Total (MW)";"...";"...";"...";"...";"...";"...";"...";"...";"...";"...";"...";"...";"...";"...";"...";"...";"...";"...";"...";"...";"..."
"Mineiros";"Energia Elétrica - Consumo - Total (Mwh)";"55.884";"58.735";"95.864";"121.811";"125.360";"130.247";"141.953";"174.761";"182.236";"183.339";"184.471";"188.035";"194.715";"167.794";"163.672";"165.329";"193.584";"188.348";"213.127";"237.839";"238.871"
"Mineiros";"Energia Elétrica de Consumo Próprio - Consumidores (número)";"1";"1";"1";"1";" 1 ";"1";"1";"2";"2";"2";"2";"2";"2";"3";"3";"3";"3";"18";"16";"17";"19"
"Mineiros";"Energia Elétrica de Consumo Próprio - Consumo (Mwh)";"9";"15";"17";"15";" 14 ";"17";"15";"26";"35";"36";"39";"26";"45";"113";"105";"105";"96";"258";"169";"170";"173"
"Mineiros";"Energia Elétrica na Iluminação Pública - Consumidores (número)";"1";"1";"1";"1";" 1 ";"1";"1";"1";"1";"1";"1";"1";"1";"1";"1";"1";"2";"3";"2";"1";"1"
"Mineiros";"Energia Elétrica no Setor Comercial - Consumidores (número)";"1.336";"1.391";"1.519";"1.657";" 1.756 ";"1.778";"1.839";"1.919";"1.982";"2.003";"2.042";"1.975";"1.962";"1.908";"1.808";"1.763";"1.742";"1.813";"1.841";"1.855";"1.914"
"Mineiros";"Energia Elétrica no Setor Comercial - Consumo (Mwh)";"10.680";"10.549";"11.692";"13.839";"14.960";"15.811";"17.400";"21.209";"22.812";"23.835";"23.992";"23.973";"24.941";"25.464";"25.650";"22.770";"23.284";"28.628";"27.895";"32.007";"33.134"
"Mineiros";"Energia Elétrica no Setor Industrial - Consumidores (número)";"92";"87";"81";"80";" 79 ";"78";"73";"70";"66";"66";"63";"62";"61";"54";"52";"50";"52";"51";"50";"51";"49"
"Mineiros";"Energia Elétrica no Setor Industrial - Consumo (Mwh)";"14.863";"16.792";"42.923";"60.168";"59.177";"60.244";"64.278";"85.040";"86.448";"83.090";"80.797";"80.058";"77.200";"61.404";"59.318";"58.720";"71.303";"66.203";"78.026";"86.040";"83.726"
"Mineiros";"Energia Elétrica Rural - Consumidores (número)";"997";"984";"1.114";"1.151";" 1.269 ";"1.313";"1.360";"1.379";"1.447";"1.540";"1.614";"1.654";"1.664";"1.722";"1.739";"1.780";"1.903";"2.069";"2027";"2.214";"2.221"
"Mineiros";"Energia Elétrica Rural - Consumo (Mwh)";"4.867";"5.211";"13.585";"18.384";"18.940";"18.144";"20.503";"24.439";"25.919";"24.745";"26.958";"29.297";"32.385";"21.206";"16.114";"17.394";"21.228";"17.920";"21.877";"23.544";"24.098"
"Moiporá";"Energia Elétrica - Consumidores - Total (número)";"783";"823";"834";"838";" 844 ";"850";"857";"866";"871";"871";"882";"881";"690";"909";"919";"932";"985";"1.047";"1.079";"1.080";"1.085"
"Moiporá";"Capacidade Instalada de Energia - Total (MW)";"...";"...";"...";"...";"...";"...";"...";"...";"...";"...";"...";"...";"...";"...";"...";"...";"...";"...";"...";"...";"..."
"Moiporá";"Energia Elétrica - Consumo - Total (Mwh)";"1.800";"1.794";"1.935";"1.822";"1.746";"1.860";"1.827";"1.999";"2.251";"2.271";"2.367";"2.446";"2.040";"2.538";"2.630";"2.737";"2.775";"2.807";"2.970";"3.449";"3.255"
"Moiporá";"Energia Elétrica de Consumo Próprio - Consumidores (número)";"1";"1";"1";"1";" 1 ";"1";"1";"1";"1";"1";"1";"1";"1";"1";"1";"1";"1";"3";"5";"3";"3"
"Moiporá";"Energia Elétrica de Consumo Próprio - Consumo (Mwh)";"2";"1";"-";"-";" 1 ";"1";"0";"-";"1";"-";"0";"1";"1";"3";"1";"1";"1";"13";"6";"98";"5"
"Moiporá";"Energia Elétrica na Iluminação Pública - Consumidores (número)";"3";"3";"3";"3";" 3 ";"3";"3";"3";"3";"3";"3";"3";"3";"3";"3";"1";"1";"1";"1";"2";"1"
"Moiporá";"Energia Elétrica no Setor Comercial - Consumidores (número)";"39";"37";"38";"39";" 61 ";"60";"63";"64";"62";"61";"63";"59";"44";"57";"58";"59";"56";"56";"53";"56";"53"
"Moiporá";"Energia Elétrica no Setor Comercial - Consumo (Mwh)";"98";"88";"100";"99";"121";"138";"152";"170";"182";"177";"233";"221";"181";"195";"209";"200";"220";"245";"267";"270";"288"
"Moiporá";"Energia Elétrica no Setor Industrial - Consumidores (número)";"12";"13";"12";"9";" 6 ";"5";"5";"5";"4";"2";"2";"2";"2";"2";"2";"2";"2";"2";"2";"2";"2"
"Moiporá";"Energia Elétrica no Setor Industrial - Consumo (Mwh)";"257";"234";"277";"232";"24";"11";"11";"11";"12";"12";"9";"12";"12";"14";"14";"16";"16";"18";"19";"18";"11"
"Moiporá";"Energia Elétrica Rural - Consumidores (número)";"193";"209";"216";"217";" 219 ";"220";"221";"223";"225";"224";"230";"227";"229";"231";"236";"239";"262";"306";"310";"296";"301"
"Moiporá";"Energia Elétrica Rural - Consumo (Mwh)";"539";"574";"649";"567";"625";"702";"663";"706";"815";"785";"805";"898";"926";"957";"983";"1.026";"1.015";"971";"1.024";"1.070";"1.054"
"Monte Alegre de Goiás";"Energia Elétrica - Consumidores - Total (número)";"1.745";"2.033";"2.223";"2.268";" 2.377 ";"2.423";"2.440";"2.533";"2.627";"2.645";"2.641";"2.660";"2.357";"2.868";"2.901";"3.106";"3.187";"3.386";"3.355";"3.368";"3.461"
"Monte Alegre de Goiás";"Capacidade Instalada de Energia - Total (MW)";"...";"...";"...";"...";"...";"...";"...";"...";"...";"...";"...";"...";"...";"...";"...";"...";"...";"...";"...";"...";"..."
"Monte Alegre de Goiás";"Energia Elétrica - Consumo - Total (Mwh)";"2.886";"3.102";"3.718";"3.821";"3.969";"4.107";"4.089";"4.579";"4.875";"5.233";"5.393";"5.878";"5.381";"6.337";"6.461";"6.622";"6.982";"6.997";"7.557";"7.804";"8.255"
"Monte Alegre de Goiás";"Energia Elétrica de Consumo Próprio - Consumidores (número)";"1";"2";"1";"1";" 1 ";"1";"1";"1";"1";"1";"1";"1";"1";"2";"2";"2";"2";"3";"3";"2";"2"
"Monte Alegre de Goiás";"Energia Elétrica de Consumo Próprio - Consumo (Mwh)";"1";"1";"10";"-";" 1 ";"1";"0";"1";"-";"-";"2";"1";"1";"2";"1";"1";"1";"2";"13";"16";"9"
"Monte Alegre de Goiás";"Energia Elétrica na Iluminação Pública - Consumidores (número)";"3";"3";"3";"3";" 3 ";"3";"3";"3";"3";"3";"3";"3";"3";"3";"3";"1";"1";"1";"1";"1";"1"
"Monte Alegre de Goiás";"Energia Elétrica no Setor Comercial - Consumidores (número)";"101";"97";"109";"113";" 152 ";"158";"156";"167";"162";"155";"149";"145";"123";"139";"135";"132";"133";"131";"127";"130";"124"
"Monte Alegre de Goiás";"Energia Elétrica no Setor Comercial - Consumo (Mwh)";"311";"320";"361";"399";"491";"513";"510";"578";"631";"625";"588";"617";"549";"580";"617";"527";"554";"548";"586";"626";"637"
"Monte Alegre de Goiás";"Energia Elétrica no Setor Industrial - Consumidores (número)";"10";"9";"9";"9";" 8 ";"8";"9";"9";"9";"11";"10";"9";"6";"9";"9";"9";"9";"7";"7";"7";"7"
"Monte Alegre de Goiás";"Energia Elétrica no Setor Industrial - Consumo (Mwh)";"16";"17";"16";"17";"14";"15";"13";"12";"12";"64";"117";"111";"71";"85";"118";"193";"220";"151";"128";"126";"127"
"Monte Alegre de Goiás";"Energia Elétrica Rural - Consumidores (número)";"322";"564";"704";"709";" 776 ";"774";"769";"820";"887";"885";"874";"883";"886";"947";"1.034";"1.163";"1.212";"1.358";"1297";"1.243";"1.310"
"Monte Alegre de Goiás";"Energia Elétrica Rural - Consumo (Mwh)";"641";"752";"1.242";"1.267";"1.266";"1.436";"1.381";"1.630";"1.689";"1.883";"1.955";"2.331";"2.322";"2.565";"2.675";"2.829";"3.118";"3.045";"3.416";"3.634";"3.877"
"Montes Claros de Goiás";"Energia Elétrica - Consumidores - Total (número)";"3.085";"3.238";"3.408";"3.561";" 3.668 ";"3.809";"3.935";"4.096";"4.313";"4.529";"4.799";"4.793";"4.046";"5.111";"4.992";"5.136";"5.236";"5.573";"5.596";"6.430";"6.789"
"Montes Claros de Goiás";"Capacidade Instalada de Energia - Total (MW)";"...";"...";"...";"...";"...";"...";"...";"...";"...";"...";"...";"...";"...";"...";"...";"...";"...";"...";"...";"...";"..."
"Montes Claros de Goiás";"Energia Elétrica - Consumo - Total (Mwh)";"10.672";"10.059";"10.505";"11.717";"11.256";"13.204";"12.778";"15.196";"16.191";"14.840";"16.063";"16.717";"15.229";"16.827";"17.878";"18.732";"19.526";"20.719";"24.050";"25.184";"25.682"
"Montes Claros de Goiás";"Energia Elétrica de Consumo Próprio - Consumidores (número)";"1";"2";"1";"1";" 1 ";"1";"1";"1";"1";"1";"1";"1";"1";"2";"2";"2";"2";"3";"5";"3";"3"
"Montes Claros de Goiás";"Energia Elétrica de Consumo Próprio - Consumo (Mwh)";"1";"1";"1";"2";" 2 ";"3";"0";"2";"-";"-";"1";"1";"1";"3";"2";"2";"4";"24";"9";"10";"9"
"Montes Claros de Goiás";"Energia Elétrica na Iluminação Pública - Consumidores (número)";"5";"5";"5";"5";" 5 ";"5";"5";"5";"5";"5";"5";"5";"5";"5";"5";"1";"1";"1";"1";"1";"1"
"Montes Claros de Goiás";"Energia Elétrica no Setor Comercial - Consumidores (número)";"260";"266";"280";"293";" 332 ";"336";"340";"342";"363";"372";"394";"363";"289";"360";"327";"324";"323";"325";"317";"302";"301"
"Montes Claros de Goiás";"Energia Elétrica no Setor Comercial - Consumo (Mwh)";"944";"940";"1.046";"1.258";"1.527";"1.630";"1.633";"1.890";"2.594";"2.640";"2.562";"2.276";"1.958";"2.244";"2.439";"2.489";"2.495";"3.417";"4.632";"3.916";"3.960"
"Montes Claros de Goiás";"Energia Elétrica no Setor Industrial - Consumidores (número)";"27";"24";"22";"21";" 18 ";"16";"15";"16";"16";"15";"13";"12";"11";"12";"12";"12";"11";"11";"11";"11";"11"
"Montes Claros de Goiás";"Energia Elétrica no Setor Industrial - Consumo (Mwh)";"147";"172";"220";"209";"78";"64";"62";"170";"165";"238";"216";"252";"237";"232";"295";"296";"433";"353";"362";"400";"440"
"Montes Claros de Goiás";"Energia Elétrica Rural - Consumidores (número)";"740";"796";"866";"894";" 920 ";"920";"927";"949";"996";"1.006";"1.019";"1.016";"1.013";"1.057";"1.041";"1.085";"1.121";"1.267";"1228";"1.828";"1.829"
"Montes Claros de Goiás";"Energia Elétrica Rural - Consumo (Mwh)";"5.572";"4.930";"5.108";"6.050";"5.491";"7.017";"6.370";"7.607";"7.515";"5.537";"5.955";"6.813";"6.974";"6.678";"6.942";"7.154";"7.580";"7.494";"7.983";"8.592";"7.852"
"Montividiu";"Energia Elétrica - Consumidores - Total (número)";"3.286";"3.414";"3.498";"3.595";" 3.721 ";"3.868";"3.933";"4.154";"4.328";"4.280";"4.433";"4.465";"4.530";"4.730";"4.707";"4.847";"4.902";"5.163";"5.331";"5.472";"5.649"
"Montividiu";"Capacidade Instalada de Energia - Total (MW)";"...";"...";"...";"...";"...";"...";"...";"...";"...";"...";"...";"...";"...";"...";"...";"...";"...";"...";"...";"...";"..."
"Montividiu";"Energia Elétrica - Consumo - Total (Mwh)";"24.465";"24.700";"27.739";"28.118";"25.884";"27.736";"30.936";"31.939";"31.924";"30.822";"29.195";"30.497";"35.129";"35.869";"42.001";"46.959";"44.695";"50.340";"50.176";"54.946";"54.905"
"Montividiu";"Energia Elétrica de Consumo Próprio - Consumidores (número)";"1";"1";"1";"1";" 1 ";"1";"1";"1";"1";"1";"1";"1";"1";"2";"2";"2";"2";"11";"11";"11";"11"
"Montividiu";"Energia Elétrica de Consumo Próprio - Consumo (Mwh)";"3";"2";"2";"2";" 3 ";"4";"7";"5";"-";"-";"1";"1";"1";"84";"64";"82";"68";"165";"116";"117";"131"
"Montividiu";"Energia Elétrica na Iluminação Pública - Consumidores (número)";"1";"1";"1";"1";" 1 ";"1";"1";"1";"1";"1";"1";"1";"1";"1";"1";"1";"1";"1";"1";"1";"1"
"Montividiu";"Energia Elétrica no Setor Comercial - Consumidores (número)";"278";"288";"346";"358";" 385 ";"389";"386";"406";"425";"428";"431";"420";"421";"420";"403";"392";"383";"407";"385";"374";"371"
"Montividiu";"Energia Elétrica no Setor Comercial - Consumo (Mwh)";"6.539";"6.143";"5.681";"7.918";"7.561";"7.694";"9.764";"9.934";"10.423";"9.289";"9.255";"9.117";"9.284";"8.468";"8.687";"9.446";"8.205";"11.588";"9.166";"10.415";"11.175"
"Montividiu";"Energia Elétrica no Setor Industrial - Consumidores (número)";"24";"24";"17";"16";" 17 ";"18";"15";"16";"16";"17";"17";"18";"18";"17";"18";"14";"12";"12";"10";"10";"10"
"Montividiu";"Energia Elétrica no Setor Industrial - Consumo (Mwh)";"4.920";"5.232";"6.548";"5.144";"3.918";"4.458";"5.749";"5.983";"4.015";"4.134";"2.794";"2.344";"2.988";"4.853";"6.477";"6.028";"4.911";"5.537";"4.697";"5.082";"5.223"
"Montividiu";"Energia Elétrica Rural - Consumidores (número)";"647";"651";"658";"660";" 664 ";"662";"650";"657";"647";"460";"478";"472";"478";"505";"517";"523";"532";"517";"532";"538";"546"
"Montividiu";"Energia Elétrica Rural - Consumo (Mwh)";"7.749";"8.011";"9.978";"9.273";"8.180";"8.988";"8.538";"8.067";"8.946";"7.983";"7.791";"9.621";"13.086";"12.596";"16.158";"19.628";"20.002";"20.982";"22.405";"24.194";"22.750"
"Montividiu do Norte";"Energia Elétrica - Consumidores - Total (número)";"1.225";"1.263";"1.299";"1.331";" 1.356 ";"1.384";"1.399";"1.419";"1.557";"1.702";"1.691";"1.684";"1.538";"1.804";"1.754";"1.789";"1.825";"2.068";"1.966";"1.959";"2.003"
"Montividiu do Norte";"Capacidade Instalada de Energia - Total (MW)";"...";"...";"...";"...";"...";"...";"...";"...";"...";"...";"...";"...";"...";"...";"...";"...";"...";"...";"...";"...";"..."
"Montividiu do Norte";"Energia Elétrica - Consumo - Total (Mwh)";"2.208";"2.235";"2.469";"2.283";"2.485";"2.628";"2.506";"2.754";"2.648";"3.070";"3.454";"3.803";"3.552";"4.191";"4.258";"4.470";"4.665";"4.717";"5.527";"5.686";"6.123"
"Montividiu do Norte";"Energia Elétrica de Consumo Próprio - Consumidores (número)";"1";"1";"-";"-";" -   ";"-";"-";"-";"-";"-";"-";"-";"-";"";"0";" - ";"";"0";"0";"-";"-"
"Montividiu do Norte";"Energia Elétrica de Consumo Próprio - Consumo (Mwh)";"-";"-";"1";"-";" -   ";"-";"-";"-";"-";"-";"-";"0";"-";"0";" - ";"-";"0";"0";"0";"0";"-"
"Montividiu do Norte";"Energia Elétrica na Iluminação Pública - Consumidores (número)";"3";"3";"3";"3";" 3 ";"3";"3";"4";"4";"4";"4";"4";"4";"6";"4";"1";"1";"1";"1";"1";"1"
"Montividiu do Norte";"Energia Elétrica no Setor Comercial - Consumidores (número)";"76";"76";"83";"93";" 143 ";"154";"154";"154";"153";"154";"145";"145";"120";"142";"138";"136";"132";"135";"132";"128";"125"
"Montividiu do Norte";"Energia Elétrica no Setor Comercial - Consumo (Mwh)";"194";"193";"198";"215";"319";"363";"366";"389";"429";"388";"624";"657";"612";"656";"683";"767";"808";"651";"710";"639";"637"
"Montividiu do Norte";"Energia Elétrica no Setor Industrial - Consumidores (número)";"8";"8";"8";"8";" 4 ";"4";"4";"4";"4";"4";"3";"3";"2";"3";"3";"3";"3";"3";"3";"3";"3"
"Montividiu do Norte";"Energia Elétrica no Setor Industrial - Consumo (Mwh)";"50";"40";"48";"45";"28";"18";"16";"10";"5";"9";"7";"9";"7";"8";"7";"7";"9";"9";"9";"10";"12"
"Montividiu do Norte";"Energia Elétrica Rural - Consumidores (número)";"535";"546";"554";"568";" 570 ";"575";"578";"583";"710";"835";"834";"812";"815";"824";"806";"815";"836";"1.047";"936";"889";"918"
"Montividiu do Norte";"Energia Elétrica Rural - Consumo (Mwh)";"1.033";"1.014";"1.212";"1.036";"1.180";"1.231";"1.095";"1.276";"1.096";"1.679";"1.469";"1.727";"1.713";"1.951";"1.895";"1.909";"1.947";"2.032";"2.434";"2.451";"2.765"
"Morrinhos";"Energia Elétrica - Consumidores - Total (número)";"15.112";"14.421";"15.814";"16.175";" 16.582 ";"17.106";"17.635";"18.131";"18.784";"19.573";"20.378";"20.942";"21.247";"22.811";"22.911";"23.681";"24.275";"25.057";"25.098";"25.524";"26.154"
"Morrinhos";"Capacidade Instalada de Energia - Total (MW)";"...";"...";"...";"...";"...";"...";"...";"...";"...";"...";"...";"...";"...";"...";"...";"...";"...";"...";"...";"...";"..."
"Morrinhos";"Energia Elétrica - Consumo - Total (Mwh)";"67.982";"67.737";"80.498";"78.195";"81.209";"91.230";"90.747";"96.927";"92.244";"103.131";"101.464";"103.965";"104.022";"109.032";"107.903";"116.426";"116.037";"123.448";"130.445";"143.096";"146.109"
"Morrinhos";"Energia Elétrica de Consumo Próprio - Consumidores (número)";"2";"-";"1";"1";" 1 ";"1";"1";"2";"2";"2";"2";"2";"2";"5";"5";"5";"5";"15";"16";"16";"17"
"Morrinhos";"Energia Elétrica de Consumo Próprio - Consumo (Mwh)";"65";"57";"64";"60";" 65 ";"67";"63";"56";"48";"57";"43";"44";"52";"93";"147";"140";"141";"221";"156";"177";"178"
"Morrinhos";"Energia Elétrica na Iluminação Pública - Consumidores (número)";"3";"3";"3";"3";" 3 ";"4";"4";"4";"4";"4";"4";"4";"4";"4";"4";"1";"1";"2";"1";"1";"1"
"Morrinhos";"Energia Elétrica no Setor Comercial - Consumidores (número)";"1.040";"1.031";"1.139";"1.153";" 1.708 ";"1.734";"1.757";"1.800";"1.821";"1.799";"1.844";"1.834";"1.825";"1.836";"1.737";"1.714";"1.686";"1.713";"1.641";"1.602";"1.555"
"Morrinhos";"Energia Elétrica no Setor Comercial - Consumo (Mwh)";"5.947";"5.784";"6.625";"6.835";"8.893";"9.859";"10.730";"11.789";"12.178";"12.937";"13.089";"12.840";"12.306";"12.396";"13.339";"13.004";"13.563";"19.970";"19.448";"17.355";"17.064"
"Morrinhos";"Energia Elétrica no Setor Industrial - Consumidores (número)";"101";"89";"89";"79";" 48 ";"47";"46";"45";"43";"43";"45";"43";"44";"45";"39";"39";"39";"38";"40";"41";"51"
"Morrinhos";"Energia Elétrica no Setor Industrial - Consumo (Mwh)";"11.342";"14.457";"16.061";"18.679";"19.790";"21.577";"21.651";"24.583";"18.638";"24.846";"23.264";"22.619";"23.985";"24.122";"21.143";"23.997";"22.245";"25.851";"26.574";"32.861";"33.673"
"Morrinhos";"Energia Elétrica Rural - Consumidores (número)";"2.092";"2.157";"2.216";"2.232";" 2.277 ";"2.346";"2.352";"2.376";"2.418";"2.439";"2.480";"2.507";"2.525";"2.642";"2.713";"2.760";"2.859";"3.025";"2938";"2.983";"2.948"
"Morrinhos";"Energia Elétrica Rural - Consumo (Mwh)";"26.156";"23.275";"32.120";"26.123";"25.613";"31.183";"28.540";"28.699";"28.072";"29.059";"27.852";"30.386";"27.095";"31.416";"30.553";"34.632";"34.056";"27.975";"31.471";"34.905";"35.130"
"Morro Agudo de Goiás";"Energia Elétrica - Consumidores - Total (número)";"913";"935";"928";"967";" 1.045 ";"1.071";"1.102";"1.131";"1.162";"1.210";"1.240";"1.243";"1.251";"1.300";"1.383";"1.412";"1.452";"1.544";"1.559";"1.604";"1.637"
"Morro Agudo de Goiás";"Capacidade Instalada de Energia - Total (MW)";"...";"...";"...";"...";"...";"...";"...";"...";"...";"...";"...";"...";"...";"...";"...";"...";"...";"...";"...";"...";"..."
"Morro Agudo de Goiás";"Energia Elétrica - Consumo - Total (Mwh)";"1.444";"1.448";"1.552";"1.634";"1.649";"1.857";"1.968";"2.093";"1.819";"2.327";"2.466";"2.554";"2.725";"3.129";"3.383";"3.547";"3.663";"3.733";"4.015";"4.246";"4.457"
"Morro Agudo de Goiás";"Energia Elétrica de Consumo Próprio - Consumidores (número)";"1";"1";"1";"1";" 1 ";"1";"1";"1";"1";"1";"1";"1";"1";"6";"2";"2";"1";"2";"2";"2";"2"
"Morro Agudo de Goiás";"Energia Elétrica de Consumo Próprio - Consumo (Mwh)";"-";"-";"-";"-";" -   ";"0";"0";"-";"-";"-";"0";"1";"1";"1";"1";"1";"2";"14";"5";"5";"5"
"Morro Agudo de Goiás";"Energia Elétrica na Iluminação Pública - Consumidores (número)";"1";"1";"1";"1";" 1 ";"1";"1";"1";"1";"1";"1";"1";"1";"1";"1";"1";"1";"1";"1";"1";"1"
"Morro Agudo de Goiás";"Energia Elétrica no Setor Comercial - Consumidores (número)";"38";"36";"35";"36";" 68 ";"68";"70";"70";"76";"78";"78";"75";"73";"71";"70";"66";"65";"63";"62";"59";"64"
"Morro Agudo de Goiás";"Energia Elétrica no Setor Comercial - Consumo (Mwh)";"96";"95";"90";"100";"149";"172";"170";"186";"169";"233";"243";"279";"300";"265";"284";"230";"241";"242";"270";"280";"299"
"Morro Agudo de Goiás";"Energia Elétrica no Setor Industrial - Consumidores (número)";"18";"16";"15";"15";" 8 ";"8";"8";"8";"6";"6";"6";"7";"7";"8";"7";"6";"6";"6";"6";"6";"5"
"Morro Agudo de Goiás";"Energia Elétrica no Setor Industrial - Consumo (Mwh)";"78";"54";"60";"59";"48";"42";"42";"48";"38";"66";"59";"47";"34";"76";"110";"146";"94";"55";"61";"47";"46"
"Morro Agudo de Goiás";"Energia Elétrica Rural - Consumidores (número)";"244";"262";"259";"268";" 317 ";"318";"322";"323";"326";"327";"330";"326";"326";"335";"326";"330";"355";"424";"417";"451";"453"
"Morro Agudo de Goiás";"Energia Elétrica Rural - Consumo (Mwh)";"440";"433";"484";"521";"524";"606";"613";"628";"455";"611";"677";"680";"750";"1.058";"1.136";"1.245";"1.324";"1.294";"1.362";"1.401";"1.451"
"Mossâmedes";"Energia Elétrica - Consumidores - Total (número)";"1.912";"2.018";"2.035";"2.053";" 2.077 ";"2.130";"2.202";"2.219";"2.253";"2.312";"2.388";"2.422";"2.433";"2.578";"2.553";"2.616";"2.666";"2.823";"2.801";"2.844";"2.921"
"Mossâmedes";"Capacidade Instalada de Energia - Total (MW)";"...";"...";"...";"...";"...";"...";"...";"...";"...";"...";"...";"...";"...";"...";"...";"...";"...";"...";"...";"...";"..."
"Mossâmedes";"Energia Elétrica - Consumo - Total (Mwh)";"4.159";"4.254";"4.596";"4.655";"5.050";"5.587";"5.512";"6.184";"6.311";"6.445";"7.610";"7.953";"7.971";"8.914";"9.376";"10.432";"10.833";"11.829";"12.227";"12.586";"12.799"
"Mossâmedes";"Energia Elétrica de Consumo Próprio - Consumidores (número)";"1";"1";"1";"1";" 1 ";"1";"1";"1";"-";"-";"-";"-";"-";"2";"2";"2";"2";"3";"3";"3";"3"
"Mossâmedes";"Energia Elétrica de Consumo Próprio - Consumo (Mwh)";"1";"3";"2";"2";" 2 ";"3";"0";"1";"-";"-";"-";"0";"0";"1";"1";"2";"4";"20";"8";"17";"9"
"Mossâmedes";"Energia Elétrica na Iluminação Pública - Consumidores (número)";"3";"3";"3";"3";" 3 ";"3";"3";"3";"3";"3";"3";"3";"3";"15";"3";"1";"1";"1";"1";"1";"1"
"Mossâmedes";"Energia Elétrica no Setor Comercial - Consumidores (número)";"120";"124";"121";"120";" 156 ";"158";"159";"153";"157";"157";"159";"162";"157";"159";"148";"144";"145";"142";"141";"142";"136"
"Mossâmedes";"Energia Elétrica no Setor Comercial - Consumo (Mwh)";"288";"351";"366";"379";"462";"563";"566";"595";"584";"600";"653";"622";"658";"601";"612";"578";"609";"1.304";"1.058";"1.110";"652"
"Mossâmedes";"Energia Elétrica no Setor Industrial - Consumidores (número)";"18";"16";"16";"18";" 12 ";"13";"18";"17";"17";"18";"19";"18";"17";"15";"15";"15";"15";"15";"15";"13";"13"
"Mossâmedes";"Energia Elétrica no Setor Industrial - Consumo (Mwh)";"329";"376";"519";"425";"410";"428";"423";"378";"411";"349";"280";"229";"208";"200";"218";"247";"215";"246";"251";"230";"182"
"Mossâmedes";"Energia Elétrica Rural - Consumidores (número)";"441";"529";"532";"534";" 534 ";"558";"594";"601";"605";"612";"631";"640";"646";"671";"667";"688";"724";"819";"791";"797";"795"
"Mossâmedes";"Energia Elétrica Rural - Consumo (Mwh)";"1.417";"1.618";"1.754";"1.724";"1.926";"2.168";"2.094";"2.543";"2.572";"2.577";"3.465";"3.779";"3.688";"4.424";"4.769";"5.753";"6.034";"5.941";"6.368";"6.221";"6.783"
"Mozarlândia";"Energia Elétrica - Consumidores - Total (número)";"4.074";"4.353";"4.633";"4.845";" 4.950 ";"5.129";"5.283";"5.450";"5.665";"5.904";"6.105";"5.983";"6.055";"6.266";"6.171";"6.350";"6.405";"6.624";"6.719";"6.833";"7.000"
"Mozarlândia";"Capacidade Instalada de Energia - Total (MW)";"...";"...";"...";"...";"...";"...";"...";"...";"...";"...";"...";"...";"...";"...";"...";"...";"...";"...";"...";"...";"..."
"Mozarlândia";"Energia Elétrica - Consumo - Total (Mwh)";"30.686";"36.830";"37.560";"37.831";"40.528";"40.235";"43.203";"43.840";"16.610";"47.219";"49.135";"49.638";"56.507";"58.476";"63.969";"68.050";"64.578";"64.014";"78.027";"85.670";"84.962"
"Mozarlândia";"Energia Elétrica de Consumo Próprio - Consumidores (número)";"2";"3";"2";"2";" 2 ";"2";"2";"2";"2";"1";"1";"1";"1";"3";"3";"3";"3";"9";"10";"10";"10"
"Mozarlândia";"Energia Elétrica de Consumo Próprio - Consumo (Mwh)";"6";"6";"5";"4";" 5 ";"10";"4";"7";"8";"5";"7";"3";"8";"7";"78";"45";"41";"71";"58";"58";"60"
"Mozarlândia";"Energia Elétrica na Iluminação Pública - Consumidores (número)";"1";"1";"1";"1";" 1 ";"1";"1";"1";"1";"1";"1";"1";"1";"3";"1";"1";"1";"1";"1";"1";"1"
"Mozarlândia";"Energia Elétrica no Setor Comercial - Consumidores (número)";"341";"354";"396";"423";" 525 ";"542";"557";"534";"537";"543";"539";"489";"481";"465";"442";"428";"420";"419";"411";"397";"394"
"Mozarlândia";"Energia Elétrica no Setor Comercial - Consumo (Mwh)";"2.094";"2.253";"2.158";"2.167";"2.634";"2.908";"3.062";"3.443";"3.472";"3.422";"3.461";"3.313";"3.241";"2.979";"3.701";"3.050";"3.076";"3.263";"3.562";"3.873";"4.149"
"Mozarlândia";"Energia Elétrica no Setor Industrial - Consumidores (número)";"17";"17";"16";"15";" 8 ";"10";"9";"10";"8";"7";"8";"7";"7";"7";"7";"7";"6";"7";"7";"7";"7"
"Mozarlândia";"Energia Elétrica no Setor Industrial - Consumo (Mwh)";"20.675";"26.133";"26.403";"26.416";"28.074";"26.766";"29.368";"28.601";"48";"30.079";"30.376";"30.855";"37.486";"39.272";"42.057";"45.987";"41.965";"40.820";"51.444";"55.843";"53.224"
"Mozarlândia";"Energia Elétrica Rural - Consumidores (número)";"430";"443";"445";"481";" 492 ";"495";"495";"495";"496";"496";"502";"467";"468";"475";"487";"498";"510";"552";"542";"544";"543"
"Mozarlândia";"Energia Elétrica Rural - Consumo (Mwh)";"1.865";"2.000";"2.090";"2.059";"2.026";"2.284";"2.339";"2.294";"2.674";"2.542";"2.730";"2.770";"2.598";"2.724";"3.018";"3.330";"3.180";"2.883";"3.227";"3.746";"3.778"
"Mundo Novo";"Energia Elétrica - Consumidores - Total (número)";"2.454";"2.463";"2.452";"2.453";" 2.475 ";"2.481";"2.501";"2.546";"2.613";"2.646";"2.696";"2.684";"2.702";"2.776";"2.740";"2.807";"2.843";"2.978";"2.931";"2.978";"3.039"
"Mundo Novo";"Capacidade Instalada de Energia - Total (MW)";"...";"...";"...";"...";"...";"...";"...";"...";"...";"...";"...";"...";"...";"...";"...";"...";"...";"...";"...";"...";"..."
"Mundo Novo";"Energia Elétrica - Consumo - Total (Mwh)";"4.549";"4.480";"4.793";"4.829";"5.060";"5.865";"5.916";"6.876";"6.634";"8.339";"8.384";"8.906";"8.772";"9.098";"9.352";"9.143";"9.380";"9.598";"11.055";"12.622";"13.089"
"Mundo Novo";"Energia Elétrica de Consumo Próprio - Consumidores (número)";"3";"3";"2";"2";" 1 ";"1";"1";"1";"1";"1";"1";"1";"1";"1";"1";"1";"1";"2";"2";"2";"2"
"Mundo Novo";"Energia Elétrica de Consumo Próprio - Consumo (Mwh)";"2";"4";"5";"3";" 2 ";"2";"0";"1";"-";"-";"1";"1";"1";"1";"1";"1";"1";"3";"2";"2";"2"
"Mundo Novo";"Energia Elétrica na Iluminação Pública - Consumidores (número)";"1";"1";"1";"1";" 1 ";"1";"1";"1";"1";"1";"1";"1";"1";"3";"1";"1";"1";"1";"1";"1";"1"
"Mundo Novo";"Energia Elétrica no Setor Comercial - Consumidores (número)";"133";"135";"149";"151";" 217 ";"217";"213";"221";"231";"234";"231";"225";"229";"222";"219";"216";"218";"213";"203";"206";"200"
"Mundo Novo";"Energia Elétrica no Setor Comercial - Consumo (Mwh)";"500";"495";"511";"653";"693";"835";"830";"909";"1.000";"1.092";"1.090";"1.015";"1.040";"1.048";"1.076";"1.042";"1.045";"1.082";"1.208";"1.303";"1.347"
"Mundo Novo";"Energia Elétrica no Setor Industrial - Consumidores (número)";"11";"11";"11";"12";" 10 ";"9";"8";"8";"8";"8";"8";"9";"9";"11";"8";"8";"7";"8";"8";"8";"6"
"Mundo Novo";"Energia Elétrica no Setor Industrial - Consumo (Mwh)";"58";"55";"59";"105";"90";"121";"80";"69";"65";"75";"90";"74";"63";"86";"95";"109";"98";"79";"101";"104";"113"
"Mundo Novo";"Energia Elétrica Rural - Consumidores (número)";"763";"764";"782";"784";" 781 ";"777";"787";"787";"823";"824";"827";"830";"831";"840";"836";"845";"845";"943";"864";"850";"886"
"Mundo Novo";"Energia Elétrica Rural - Consumo (Mwh)";"1.567";"1.749";"1.945";"1.736";"1.914";"2.382";"2.407";"3.011";"2.492";"3.959";"3.551";"3.950";"3.722";"3.934";"4.209";"4.128";"4.110";"4.013";"4.562";"4.903";"5.487"
"Mutunópolis";"Energia Elétrica - Consumidores - Total (número)";"1.488";"1.519";"1.553";"1.577";" 1.607 ";"1.625";"1.620";"1.676";"1.769";"1.786";"1.790";"1.807";"1.781";"1.917";"1.875";"1.917";"1.940";"1.992";"2.009";"2.072";"2.069"
"Mutunópolis";"Capacidade Instalada de Energia - Total (MW)";"...";"...";"...";"...";"...";"...";"...";"...";"...";"...";"...";"...";"...";"...";"...";"...";"...";"...";"...";"...";"..."
"Mutunópolis";"Energia Elétrica - Consumo - Total (Mwh)";"2.733";"2.763";"2.843";"2.883";"2.838";"3.313";"3.450";"3.614";"3.708";"4.094";"4.334";"4.423";"4.358";"4.602";"4.701";"4.872";"4.999";"5.205";"5.986";"6.404";"6.840"
"Mutunópolis";"Energia Elétrica de Consumo Próprio - Consumidores (número)";"1";"1";"1";"1";" 1 ";"1";"-";"-";"-";"-";"-";"-";"-";"1";"1";"1";"1";"4";"4";"4";"4"
"Mutunópolis";"Energia Elétrica de Consumo Próprio - Consumo (Mwh)";"1";"1";"1";"1";" 1 ";"1";"0";"-";"-";"-";"-";"0";"-";"0";"1";"1";"2";"17";"7";"7";"7"
"Mutunópolis";"Energia Elétrica na Iluminação Pública - Consumidores (número)";"4";"4";"4";"4";" 4 ";"4";"4";"4";"4";"4";"4";"4";"4";"4";"4";"1";"1";"1";"1";"1";"1"
"Mutunópolis";"Energia Elétrica no Setor Comercial - Consumidores (número)";"95";"96";"91";"92";" 120 ";"128";"118";"119";"122";"121";"119";"117";"108";"107";"103";"106";"107";"107";"106";"103";"104"
"Mutunópolis";"Energia Elétrica no Setor Comercial - Consumo (Mwh)";"214";"227";"240";"235";"294";"370";"428";"444";"453";"465";"579";"491";"453";"413";"370";"382";"369";"413";"448";"468";"473"
"Mutunópolis";"Energia Elétrica no Setor Industrial - Consumidores (número)";"16";"16";"15";"15";" 3 ";"3";"3";"3";"3";"3";"3";"3";"3";"2";"2";"1";"1";"2";"2";"2";"2"
"Mutunópolis";"Energia Elétrica no Setor Industrial - Consumo (Mwh)";"62";"66";"64";"86";"20";"40";"38";"38";"35";"28";"62";"81";"49";"10";"5";"4";"3";"6";"9";"3";"150"
"Mutunópolis";"Energia Elétrica Rural - Consumidores (número)";"355";"367";"394";"402";" 420 ";"422";"422";"457";"485";"476";"478";"463";"475";"522";"510";"520";"526";"553";"553";"577";"571"
"Mutunópolis";"Energia Elétrica Rural - Consumo (Mwh)";"805";"897";"932";"867";"837";"1.037";"987";"1.007";"920";"1.332";"1.164";"1.256";"1.287";"1.471";"1.514";"1.621";"1.713";"1.711";"1.920";"2.033";"2.102"
"Nazário";"Energia Elétrica - Consumidores - Total (número)";"3.103";"3.173";"3.246";"3.293";" 3.340 ";"3.417";"3.474";"3.563";"3.673";"3.793";"3.890";"3.923";"3.329";" 4.140 ";"4.021";"4.078";"4.107";"4.225";"4.263";"4.254";"4.340"
"Nazário";"Capacidade Instalada de Energia - Total (MW)";"...";"...";"...";"...";"...";"...";"...";"...";"...";"...";"...";"...";"...";"...";"...";"...";"...";"...";"...";"...";"..."
"Nazário";"Energia Elétrica - Consumo - Total (Mwh)";"18.002";"19.968";"20.045";"21.869";"23.536";"23.598";"23.285";"23.720";"26.354";"31.948";"32.755";"36.231";"43.748";"38.022";"39.496";"38.827";"38.014";"42.796";"42.884";"43.160";"45.158"
"Nazário";"Energia Elétrica de Consumo Próprio - Consumidores (número)";"2";"2";"2";"2";" 3 ";"3";"3";"3";"3";"2";"2";"2";"1";"2";"2";"2";"2";"3";"3";"3";"3"
"Nazário";"Energia Elétrica de Consumo Próprio - Consumo (Mwh)";"4";"4";"3";"8";" 16 ";"15";"15";"16";"13";"7";"8";"6";"1";"23";"8";"9";"6";"28";"16";"28";"33"
"Nazário";"Energia Elétrica na Iluminação Pública - Consumidores (número)";"2";"2";"2";"2";" 2 ";"2";"2";"2";"2";"2";"2";"2";"2";"2";"2";"1";"1";"1";"1";"1";"1"
"Nazário";"Energia Elétrica no Setor Comercial - Consumidores (número)";"206";"204";"200";"209";" 264 ";"269";"277";"289";"305";"313";"319";"320";"250";"327";"287";"286";"285";"288";"296";"296";"302"
"Nazário";"Energia Elétrica no Setor Comercial - Consumo (Mwh)";"910";"978";"1.000";"997";"1.250";"1.410";"1.430";"1.617";"1.762";"1.725";"1.902";"1.828";"1.377";"1.839";"1.890";"1.749";"1.882";"1.904";"2.009";"2.074";"2.054"
"Nazário";"Energia Elétrica no Setor Industrial - Consumidores (número)";"37";"37";"33";"34";" 32 ";"32";"29";"28";"28";"26";"24";"23";"21";"21";"20";"20";"22";"24";"23";"22";"21"
"Nazário";"Energia Elétrica no Setor Industrial - Consumo (Mwh)";"11.277";"13.037";"12.261";"14.148";"15.565";"14.815";"14.231";"14.022";"16.129";"21.558";"21.846";"25.502";"34.785";"26.527";"27.388";"26.361";"25.212";"29.807";"29.216";"29.153";"30.689"
"Nazário";"Energia Elétrica Rural - Consumidores (número)";"332";"336";"356";"359";" 361 ";"364";"357";"354";"356";"355";"351";"345";"287";"378";"376";"391";"382";"422";"403";"394";"406"
"Nazário";"Energia Elétrica Rural - Consumo (Mwh)";"1.528";"1.530";"2.068";"1.868";"1.617";"1.947";"1.923";"2.030";"2.189";"2.083";"2.080";"1.977";"1.546";"2.427";"2.794";"2.995";"2.774";"2.948";"2.847";"2.630";"2.569"
"Nerópolis";"Energia Elétrica - Consumidores - Total (número)";"7.503";"7.359";"7.531";"7.942";" 8.268 ";"8.628";"8.953";"9.993";"10.375";"10.761";"11.380";"11.586";"11.873";"12.619";"12.581";"12.986";"13.323";"13.659";"13.872";"14.159";"14.429"
"Nerópolis";"Capacidade Instalada de Energia - Total (MW)";"...";"...";"...";"...";"...";"...";"...";"...";"...";"...";"...";"...";"...";"...";"...";"...";"...";"...";"...";"...";"..."
"Nerópolis";"Energia Elétrica - Consumo - Total (Mwh)";"37.308";"38.647";"42.212";"44.091";"47.777";"54.380";"58.731";"62.483";"67.516";"69.757";"70.103";"72.295";"85.444";"79.150";"84.585";"86.999";"87.145";"92.561";"95.377";"102.135";"98.784"
"Nerópolis";"Energia Elétrica de Consumo Próprio - Consumidores (número)";"1";"1";"1";"1";" 1 ";"1";"1";"1";"1";"1";"1";"1";"1";"2";"2";"2";"2";"8";"8";"9";"9"
"Nerópolis";"Energia Elétrica de Consumo Próprio - Consumo (Mwh)";"2";"2";"3";"2";" 4 ";"6";"8";"6";"5";"11";"6";"4";"6";"40";"56";"55";"61";"139";"102";"174";"217"
"Nerópolis";"Energia Elétrica na Iluminação Pública - Consumidores (número)";"1";"1";"1";"1";" 1 ";"1";"1";"1";"1";"1";"1";"1";"1";"1";"1";"1";"1";"1";"1";"1";"1"
"Nerópolis";"Energia Elétrica no Setor Comercial - Consumidores (número)";"679";"646";"670";"705";" 827 ";"851";"863";"884";"886";"908";"932";"858";"858";"855";"810";"796";"794";"766";"751";"744";"735"
"Nerópolis";"Energia Elétrica no Setor Comercial - Consumo (Mwh)";"2.560";"2.788";"3.092";"3.487";"3.814";"4.262";"5.162";"5.441";"5.644";"6.132";"6.360";"6.318";"6.620";"6.416";"6.687";"6.619";"6.535";"6.545";"6.631";"7.345";"7.651"
"Nerópolis";"Energia Elétrica no Setor Industrial - Consumidores (número)";"43";"40";"41";"43";" 43 ";"43";"43";"44";"45";"44";"43";"34";"35";"37";"32";"33";"31";"31";"30";"30";"30"
"Nerópolis";"Energia Elétrica no Setor Industrial - Consumo (Mwh)";"19.452";"20.249";"23.492";"23.970";"25.682";"30.036";"32.328";"33.464";"36.303";"36.782";"35.228";"36.761";"49.970";"43.898";"47.701";"49.140";"49.568";"54.694";"54.702";"57.100";"51.081"
"Nerópolis";"Energia Elétrica Rural - Consumidores (número)";"658";"498";"378";"394";" 395 ";"400";"393";"394";"398";"396";"399";"413";"420";"439";"458";"478";"495";"547";"511";"516";"531"
"Nerópolis";"Energia Elétrica Rural - Consumo (Mwh)";"4.292";"4.047";"3.401";"3.666";"4.446";"4.801";"4.740";"5.227";"5.334";"5.221";"5.351";"5.430";"4.360";"3.319";"3.439";"3.829";"3.956";"3.701";"3.903";"4.170";"3.766"
"Niquelândia";"Energia Elétrica - Consumidores - Total (número)";"12.357";"13.126";"14.088";"15.136";" 15.788 ";"16.164";"16.842";"17.738";"18.412";"18.718";"18.904";"18.796";"16.899";"19.394";"18.581";"19.079";"19.322";"20.301";"20.171";"20.541";"20.739"
"Niquelândia";"Capacidade Instalada de Energia - Total (MW)";"...";"...";"...";"...";"...";"...";"...";"...";"...";"...";"...";"...";"...";"...";"...";"...";"...";"...";"...";"...";"..."
"Niquelândia";"Energia Elétrica - Consumo - Total (Mwh)";"340.069";"352.347";"357.009";"328.179";"353.494";"337.312";"381.073";"402.050";"45.449";"48.867";"50.612";"49.462";"43.517";"49.142";"53.280";"53.812";"55.832";"57.045";"64.493";"68.219";"71.975"
"Niquelândia";"Energia Elétrica de Consumo Próprio - Consumidores (número)";"4";"3";"3";"3";" 3 ";"3";"2";"2";"2";"2";"2";"2";"2";"4";"5";"5";"5";"13";"13";"12";"12"
"Niquelândia";"Energia Elétrica de Consumo Próprio - Consumo (Mwh)";"16";"20";"25";"22";" 22 ";"25";"21";"20";"16";"12";"15";"15";"11";"17";"29";"48";"20";"99";"56";"50";"53"
"Niquelândia";"Energia Elétrica na Iluminação Pública - Consumidores (número)";"10";"10";"10";"10";" 10 ";"11";"11";"11";"11";"12";"12";"12";"12";"12";"12";"2";"2";"2";"2";"2";"2"
"Niquelândia";"Energia Elétrica no Setor Comercial - Consumidores (número)";"893";"883";"877";"900";" 1.315 ";"1.333";"1.342";"1.330";"1.358";"1.324";"1.301";"1.261";"1.152";"1.237";"1.153";"1.170";"1.143";"1.146";"1.116";"1.086";"1.068"
"Niquelândia";"Energia Elétrica no Setor Comercial - Consumo (Mwh)";"3.896";"3.954";"4.753";"5.484";"6.332";"7.120";"7.476";"7.415";"7.598";"7.647";"7.841";"7.128";"6.417";"6.970";"7.335";"6.646";"7.113";"7.857";"7.963";"8.577";"8.992"
"Niquelândia";"Energia Elétrica no Setor Industrial - Consumidores (número)";"74";"70";"66";"63";" 37 ";"36";"33";"37";"32";"28";"26";"25";"22";"22";"22";"20";"20";"21";"20";"17";"16"
"Niquelândia";"Energia Elétrica no Setor Industrial - Consumo (Mwh)";"312.632";"324.345";"325.293";"294.843";"318.939";"298.969";"341.019";"358.410";"2.394";"2.139";"1.351";"929";"1.175";"1.201";"1.306";"1.206";"1.276";"1.149";"1.268";"1.257";"1.132"
"Niquelândia";"Energia Elétrica Rural - Consumidores (número)";"1.856";"2.064";"2.297";"2.444";" 2.566 ";"2.605";"2.772";"2.945";"3.112";"3.317";"3.428";"3.438";"2.702";"3.614";"3.535";"3.597";"3.689";"4.316";"4057";"4.154";"4.041"
"Niquelândia";"Energia Elétrica Rural - Consumo (Mwh)";"4.856";"4.523";"5.512";"4.449";"4.460";"5.878";"7.544";"9.522";"7.373";"10.295";"10.906";"12.452";"10.246";"12.921";"14.469";"15.543";"16.113";"16.962";"20.885";"21.501";"22.759"
"Nova América";"Energia Elétrica - Consumidores - Total (número)";"975";"1.036";"1.083";"1.094";" 1.125 ";"1.127";"1.108";"1.118";"1.147";"1.154";"1.157";"1.163";"1.129";"1.250";"1.200";"1.226";"1.238";"1.314";"1.355";"1.351";"1.375"
"Nova América";"Capacidade Instalada de Energia - Total (MW)";"...";"...";"...";"...";"...";"...";"...";"...";"...";"...";"...";"...";"...";"...";"...";"...";"...";"...";"...";"...";"..."
"Nova América";"Energia Elétrica - Consumo - Total (Mwh)";"1.810";"1.791";"1.926";"1.934";"2.118";"2.424";"2.245";"2.255";"2.424";"2.546";"2.608";"2.652";"2.573";"2.722";"2.692";"2.766";"2.876";"2.924";"3.180";"3.172";"3.313"
"Nova América";"Energia Elétrica de Consumo Próprio - Consumidores (número)";"1";"1";"1";"1";" 1 ";"1";"1";"1";"-";"-";"-";"-";"-";"1";"1";"1";"1";"4";"4";"4";"4"
"Nova América";"Energia Elétrica de Consumo Próprio - Consumo (Mwh)";"-";"-";"-";"-";" -   ";"0";"0";"-";"-";"-";"-";"0";"-";"2";"1";"1";"2";"17";"7";"7";"9"
"Nova América";"Energia Elétrica na Iluminação Pública - Consumidores (número)";"2";"2";"2";"2";" 2 ";"2";"2";"2";"2";"2";"2";"2";"2";"6";"2";"1";"1";"1";"1";"1";"1"
"Nova América";"Energia Elétrica no Setor Comercial - Consumidores (número)";"35";"35";"37";"40";" 66 ";"67";"62";"65";"63";"63";"62";"63";"56";"57";"55";"53";"52";"55";"56";"57";"58"
"Nova América";"Energia Elétrica no Setor Comercial - Consumo (Mwh)";"69";"69";"70";"72";"147";"271";"256";"240";"203";"208";"231";"218";"212";"222";"208";"186";"175";"173";"205";"197";"217"
"Nova América";"Energia Elétrica no Setor Industrial - Consumidores (número)";"10";"10";"10";"10";" 6 ";"6";"6";"6";"7";"6";"6";"5";"5";"5";"4";"4";"4";"4";"4";"4";"4"
"Nova América";"Energia Elétrica no Setor Industrial - Consumo (Mwh)";"64";"49";"54";"47";"33";"30";"12";"21";"23";"21";"21";"11";"10";"10";"10";"12";"13";"12";"12";"13";"13"
"Nova América";"Energia Elétrica Rural - Consumidores (número)";"307";"361";"384";"385";" 414 ";"411";"390";"383";"402";"400";"399";"401";"400";"410";"405";"414";"416";"480";"479";"464";"477"
"Nova América";"Energia Elétrica Rural - Consumo (Mwh)";"627";"641";"727";"695";"767";"889";"861";"833";"976";"1.025";"981";"984";"937";"939";"936";"1.015";"1.062";"1.042";"1.094";"1.058";"1.059"
"Nova Aurora";"Energia Elétrica - Consumidores - Total (número)";"898";"910";"980";"1.012";" 1.045 ";"1.058";"1.065";"1.030";"1.040";"1.054";"1.089";"1.101";"1.111";"1.166";"1.158";"1.165";"1.191";"1.226";"1.258";"1.259";"1.284"
"Nova Aurora";"Capacidade Instalada de Energia - Total (MW)";"...";"...";"...";"...";"...";"...";"...";"...";"...";"...";"...";"...";"...";"...";"...";"...";"...";"...";"...";"...";"..."
"Nova Aurora";"Energia Elétrica - Consumo - Total (Mwh)";"2.019";"2.015";"2.144";"3.117";"3.012";"2.690";"2.549";"2.605";"2.707";"2.732";"2.769";"2.751";"2.736";"2.905";"3.125";"3.146";"3.618";"3.217";"3.442";"3.554";"3.580"
"Nova Aurora";"Energia Elétrica de Consumo Próprio - Consumidores (número)";"2";"2";"2";"2";" 2 ";"1";"1";"1";"1";"1";"1";"1";"1";"2";"2";"2";"2";"4";"4";"3";"3"
"Nova Aurora";"Energia Elétrica de Consumo Próprio - Consumo (Mwh)";"2";"2";"2";"1";" 3 ";"2";"0";"2";"-";"2";"0";"0";"0";"8";"1";"1";"1";"11";"6";"5";"4"
"Nova Aurora";"Energia Elétrica na Iluminação Pública - Consumidores (número)";"1";"1";"1";"1";" 1 ";"1";"1";"1";"1";"1";"1";"1";"1";"1";"1";"1";"1";"1";"1";"1";"1"
"Nova Aurora";"Energia Elétrica no Setor Comercial - Consumidores (número)";"47";"43";"46";"47";" 64 ";"66";"67";"68";"68";"69";"71";"68";"69";"67";"63";"61";"60";"60";"62";"61";"64"
"Nova Aurora";"Energia Elétrica no Setor Comercial - Consumo (Mwh)";"163";"149";"154";"972";"871";"419";"313";"334";"344";"360";"349";"305";"325";"327";"467";"366";"330";"304";"329";"352";"387"
"Nova Aurora";"Energia Elétrica no Setor Industrial - Consumidores (número)";"7";"7";"7";"7";" 1 ";"2";"2";"2";"2";"2";"2";"3";"3";"2";"2";"2";"2";"2";"2";"2";"2"
"Nova Aurora";"Energia Elétrica no Setor Industrial - Consumo (Mwh)";"73";"69";"71";"58";"8";"2";"0";"3";"-";"-";"3";"6";"3";"3";"4";"4";"3";"4";"4";"3";"3"
"Nova Aurora";"Energia Elétrica Rural - Consumidores (número)";"188";"184";"206";"207";" 231 ";"236";"238";"193";"196";"197";"201";"205";"208";"215";"214";"217";"235";"254";"244";"251";"268"
"Nova Aurora";"Energia Elétrica Rural - Consumo (Mwh)";"478";"459";"482";"504";"520";"620";"622";"587";"635";"520";"475";"494";"481";"570";"580";"604";"662";"650";"683";"746";"715"
"Nova Crixás";"Energia Elétrica - Consumidores - Total (número)";"4.391";"4.584";"4.771";"4.874";" 5.091 ";"5.198";"5.289";"5.454";"5.746";"5.935";"6.140";"6.119";"4.844";"6.824";"6.798";"7.067";"7.223";"7.562";"7.721";"8.006";"8.526"
"Nova Crixás";"Capacidade Instalada de Energia - Total (MW)";"...";"...";"...";"...";"...";"...";"...";"...";"...";"...";"...";"...";"...";"...";"...";"...";"...";"...";"...";"...";"..."
"Nova Crixás";"Energia Elétrica - Consumo - Total (Mwh)";"13.249";"13.539";"14.980";"15.616";"15.477";"17.024";"18.682";"20.673";"19.822";"23.438";"25.140";"24.988";"22.656";"26.916";"28.530";"30.300";"30.876";"34.361";"43.830";"45.967";"52.457"
"Nova Crixás";"Energia Elétrica de Consumo Próprio - Consumidores (número)";"3";"3";"3";"3";" 3 ";"2";"2";"2";"-";"-";"-";"-";"-";"2";"2";"2";"2";"9";"9";"9";"9"
"Nova Crixás";"Energia Elétrica de Consumo Próprio - Consumo (Mwh)";"5";"8";"9";"9";" 13 ";"11";"11";"8";"1";"-";"-";"0";"-";"59";"46";"35";"34";"86";"59";"89";"95"
"Nova Crixás";"Energia Elétrica na Iluminação Pública - Consumidores (número)";"3";"3";"3";"3";" 3 ";"3";"3";"3";"3";"3";"3";"3";"3";"3";"3";"1";"1";"1";"1";"1";"1"
"Nova Crixás";"Energia Elétrica no Setor Comercial - Consumidores (número)";"263";"257";"279";"325";" 450 ";"443";"424";"444";"448";"451";"437";"408";"327";"400";"380";"380";"363";"369";"360";"364";"366"
"Nova Crixás";"Energia Elétrica no Setor Comercial - Consumo (Mwh)";"1.196";"1.175";"1.291";"1.450";"1.784";"1.954";"1.954";"2.160";"2.398";"2.415";"2.561";"2.537";"2.110";"2.367";"2.541";"2.455";"2.524";"3.046";"3.674";"4.091";"4.123"
"Nova Crixás";"Energia Elétrica no Setor Industrial - Consumidores (número)";"28";"23";"20";"17";" 12 ";"12";"12";"12";"11";"11";"11";"8";"8";"8";"8";"7";"7";"6";"6";"7";"7"
"Nova Crixás";"Energia Elétrica no Setor Industrial - Consumo (Mwh)";"155";"114";"120";"138";"126";"157";"152";"160";"137";"107";"97";"80";"87";"103";"100";"80";"72";"48";"489";"345";"366"
"Nova Crixás";"Energia Elétrica Rural - Consumidores (número)";"793";"798";"850";"861";" 892 ";"911";"928";"953";"1.046";"1.072";"1.106";"1.124";"1.048";"1.192";"1.201";"1.228";"1.243";"1.304";"1313";"1.311";"1.312"
"Nova Crixás";"Energia Elétrica Rural - Consumo (Mwh)";"6.036";"6.397";"7.407";"7.641";"6.859";"7.567";"9.004";"10.092";"8.368";"11.417";"11.699";"11.457";"11.485";"12.849";"13.678";"14.811";"14.777";"16.775";"22.455";"20.796";"25.490"
"Nova Glória";"Energia Elétrica - Consumidores - Total (número)";"3.318";"3.395";"3.540";"2.697";" 3.524 ";"3.471";"3.780";"3.845";"3.880";"4.032";"4.057";"4.143";"4.199";"4.215";"4.241";"4311";"9.564";"4.376";"4.462";"4.463";"4.542"
"Nova Glória";"Capacidade Instalada de Energia - Total (MW)";"...";"...";"...";"...";"...";"...";"...";"...";"...";"...";"...";"...";"...";"...";"...";"...";"...";"...";"...";"...";"..."
"Nova Glória";"Energia Elétrica - Consumo - Total (Mwh)";"9.618";"6.363";"6.127";"6.223";"6.315";"6.990";"7.881";"10.121";"10.530";"12.226";"12.166";"11.728";"9.339";"9.331";"9.049";"9.965";"11.860";"10.307";"11.178";"2.059";"12.515"
"Nova Glória";"Energia Elétrica de Consumo Próprio - Consumidores (número)";"3";"3";"3";"1";" 3 ";"3";"3";"3";"3";"3";"4";"2";"2";"2";"2";"2";"15";"2";"2";"3";"2"
"Nova Glória";"Energia Elétrica de Consumo Próprio - Consumo (Mwh)";"5";"12";"25";"22";" 21 ";"23";"23";"23";"21";"20";"22";"23";"25";"23";"24";"19";"0";"13";"18";"21";"19"
"Nova Glória";"Energia Elétrica na Iluminação Pública - Consumidores (número)";"9";"9";"9";"4";" 9 ";"10";"9";"9";"9";"9";"9";"9";"9";"9";"9";"9";"453";"1";"1";"1";"1"
"Nova Glória";"Energia Elétrica no Setor Comercial - Consumidores (número)";"260";"258";"279";"152";" 300 ";"299";"294";"313";"316";"341";"333";"348";"363";"371";"384";"395";"1.552";"407";"419";"415";"412"
"Nova Glória";"Energia Elétrica no Setor Comercial - Consumo (Mwh)";"700";"720";"838";"850";"873";"977";"1.014";"1.150";"1.116";"1.347";"1.350";"1.359";"1.361";"1.407";"1.490";"1.550";"1.567";"1.625";"1.808";"10";"2.113"
"Nova Glória";"Energia Elétrica no Setor Industrial - Consumidores (número)";"29";"28";"29";"5";" 28 ";"27";"22";"19";"21";"7";"7";"6";"5";"5";"3";"3";"48";"2";"2";"1";"1"
"Nova Glória";"Energia Elétrica no Setor Industrial - Consumo (Mwh)";"3.612";"701";"131";"120";"107";"138";"134";"119";"94";"87";"75";"70";"76";"54";"61";"7";"48";"49";"60";"60";"57"
"Nova Glória";"Energia Elétrica Rural - Consumidores (número)";"439";"444";"481";"397";" 396 ";"285";"535";"552";"555";"560";"577";"601";"615";"626";"552";"613";"2.297";"592";"585";"565";"524"
"Nova Glória";"Energia Elétrica Rural - Consumo (Mwh)";"1.567";"1.046";"1.136";"1.177";"1.104";"1.368";"1.932";"3.859";"4.635";"5.281";"5.200";"4.383";"2.076";"468";"2.394";"2.637";"2.721";"2.585";"2.531";"575";"2.446"
"Nova Iguaçu de Goiás";"Energia Elétrica - Consumidores - Total (número)";"827";"909";"941";"1.000";" 1.061 ";"1.102";"1.132";"1.148";"1.165";"1.174";"1.224";"1.227";"1.275";"1.348";"1.346";"1.403";"1.470";"1.518";"1.528";"1.529";"1.545"
"Nova Iguaçu de Goiás";"Capacidade Instalada de Energia - Total (MW)";"...";"...";"...";"...";"...";"...";"...";"...";"...";"...";"...";"...";"...";"...";"...";"...";"...";"...";"...";"...";"..."
"Nova Iguaçu de Goiás";"Energia Elétrica - Consumo - Total (Mwh)";"1.769";"2.066";"2.052";"2.069";"2.296";"2.471";"2.449";"2.419";"2.771";"2.910";"3.035";"3.269";"3.334";"3.444";"3.711";"3.903";"4.071";"4.124";"4.612";"5.095";"5.457"
"Nova Iguaçu de Goiás";"Energia Elétrica de Consumo Próprio - Consumidores (número)";"2";"2";"1";"1";" 1 ";"1";"1";"1";"1";"1";"1";"1";"1";"1";"1";"1";"1";"4";"6";"4";"4"
"Nova Iguaçu de Goiás";"Energia Elétrica de Consumo Próprio - Consumo (Mwh)";"3";"3";"18";"19";" 7 ";"3";"0";"1";"-";"-";"1";"2";"2";"1";"1";"1";"1";"23";"9";"9";"11"
"Nova Iguaçu de Goiás";"Energia Elétrica na Iluminação Pública - Consumidores (número)";"1";"1";"1";"1";" 1 ";"1";"1";"1";"1";"1";"1";"1";"1";"3";"1";"1";"1";"1";"1";"1";"1"
"Nova Iguaçu de Goiás";"Energia Elétrica no Setor Comercial - Consumidores (número)";"58";"63";"57";"61";" 72 ";"75";"76";"76";"69";"71";"69";"66";"66";"64";"62";"64";"64";"61";"59";"59";"58"
"Nova Iguaçu de Goiás";"Energia Elétrica no Setor Comercial - Consumo (Mwh)";"124";"157";"150";"162";"204";"233";"231";"262";"282";"271";"299";"310";"292";"265";"272";"303";"368";"337";"325";"370";"434"
"Nova Iguaçu de Goiás";"Energia Elétrica no Setor Industrial - Consumidores (número)";"9";"11";"11";"13";" 12 ";"11";"11";"11";"10";"10";"9";"9";"9";"10";"10";"10";"10";"12";"10";"10";"10"
"Nova Iguaçu de Goiás";"Energia Elétrica no Setor Industrial - Consumo (Mwh)";"193";"213";"197";"192";"227";"256";"214";"145";"214";"177";"134";"113";"124";"134";"159";"192";"175";"197";"177";"179";"167"
"Nova Iguaçu de Goiás";"Energia Elétrica Rural - Consumidores (número)";"174";"208";"218";"223";" 246 ";"251";"252";"251";"257";"253";"280";"287";"289";"300";"297";"334";"371";"404";"403";"383";"381"
"Nova Iguaçu de Goiás";"Energia Elétrica Rural - Consumo (Mwh)";"493";"512";"583";"587";"656";"640";"615";"521";"684";"905";"746";"848";"896";"990";"1.075";"1.140";"1.173";"1.065";"1.155";"1.163";"1.201"
"Nova Roma";"Energia Elétrica - Consumidores - Total (número)";"1.112";"1.196";"1.280";"1.393";" 1.462 ";"1.468";"1.466";"1.461";"1.467";"1.450";"1.462";"1.462";"1.484";"1.592";"1.540";"1.577";"1.636";"1.783";"1.701";"1.738";"1.766"
"Nova Roma";"Capacidade Instalada de Energia - Total (MW)";"...";"...";"...";"...";"...";"...";"...";"...";"...";"...";"...";"...";"...";"...";"...";"...";"...";"...";"...";"...";"..."
"Nova Roma";"Energia Elétrica - Consumo - Total (Mwh)";"1.831";"2.060";"2.163";"2.180";"2.338";"2.585";"2.662";"2.785";"2.858";"3.078";"3.078";"3.443";"4.518";"4.422";"4.918";"4.918";"5.046";"5.034";"5.837";"6.567";"6.592"
"Nova Roma";"Energia Elétrica de Consumo Próprio - Consumidores (número)";"-";"1";"-";"-";" -   ";"-";"-";"-";"-";"-";"-";"-";"-";"";"0";" - ";"";"1";"1";"1";"1"
"Nova Roma";"Energia Elétrica de Consumo Próprio - Consumo (Mwh)";"1";"-";"-";"-";" -   ";"-";"-";"-";"-";"-";"-";"0";"-";"0";" - ";"-";"0";"15";"7";"7";"7"
"Nova Roma";"Energia Elétrica na Iluminação Pública - Consumidores (número)";"5";"5";"5";"5";" 5 ";"6";"6";"6";"6";"6";"6";"6";"6";"18";"6";"1";"1";"1";"1";"1";"4"
"Nova Roma";"Energia Elétrica no Setor Comercial - Consumidores (número)";"66";"66";"72";"71";" 109 ";"114";"115";"109";"108";"108";"108";"110";"112";"110";"109";"109";"111";"121";"105";"103";"95"
"Nova Roma";"Energia Elétrica no Setor Comercial - Consumo (Mwh)";"105";"142";"129";"112";"201";"217";"251";"251";"245";"256";"248";"275";"299";"337";"295";"321";"351";"323";"366";"373";"369"
"Nova Roma";"Energia Elétrica no Setor Industrial - Consumidores (número)";"5";"5";"5";"4";" 3 ";"2";"2";"2";"2";"2";"2";"2";"2";"2";"2";"2";"2";"2";"2";"2";"2"
"Nova Roma";"Energia Elétrica no Setor Industrial - Consumo (Mwh)";"17";"18";"16";"15";"9";"8";"8";"6";"5";"9";"8";"8";"8";"9";"10";"11";"9";"9";"11";"11";"12"
"Nova Roma";"Energia Elétrica Rural - Consumidores (número)";"189";"242";"295";"339";" 453 ";"449";"424";"427";"431";"434";"443";"447";"457";"480";"496";"519";"539";"615";"582";"572";"585"
"Nova Roma";"Energia Elétrica Rural - Consumo (Mwh)";"409";"503";"591";"551";"689";"829";"793";"864";"863";"1.012";"1.079";"1.400";"2.624";"2.086";"2.612";"2.794";"2.827";"2.797";"3.386";"3.924";"3.715"
"Nova Veneza";"Energia Elétrica - Consumidores - Total (número)";"2.491";"2.665";"2.752";"2.865";" 2.964 ";"3.050";"3.156";"3.302";"3.448";"3.592";"3.728";"3.823";"3.903";"4.097";"4.063";"4.296";"4.488";"4.875";"4.866";"5.072";"5.176"
"Nova Veneza";"Capacidade Instalada de Energia - Total (MW)";"...";"...";"...";"...";"...";"...";"...";"...";"...";"...";"...";"...";"...";"...";"...";"...";"...";"...";"...";"...";"..."
"Nova Veneza";"Energia Elétrica - Consumo - Total (Mwh)";"10.427";"11.681";"12.612";"12.439";"13.298";"14.675";"15.116";"15.532";"15.950";"16.662";"18.058";"19.132";"19.712";"15.369";"14.503";"26.629";"28.444";"32.107";"36.949";"42.054";"46.575"
"Nova Veneza";"Energia Elétrica de Consumo Próprio - Consumidores (número)";"3";"2";"2";"2";" 2 ";"2";"2";"2";"2";"2";"2";"2";"2";"2";"2";"2";"2";"4";"4";"4";"4"
"Nova Veneza";"Energia Elétrica de Consumo Próprio - Consumo (Mwh)";"3";"4";"4";"4";" 5 ";"7";"6";"5";"-";"11";"8";"7";"4";"15";"1";"2";"1";"21";"12";"11";"13"
"Nova Veneza";"Energia Elétrica na Iluminação Pública - Consumidores (número)";"1";"1";"1";"1";" 1 ";"1";"1";"1";"1";"1";"1";"1";"1";"1";"1";"1";"1";"3";"3";"4";"3"
"Nova Veneza";"Energia Elétrica no Setor Comercial - Consumidores (número)";"156";"164";"164";"179";" 199 ";"203";"200";"207";"216";"224";"217";"218";"226";"214";"205";"198";"195";"200";"198";"200";"198"
"Nova Veneza";"Energia Elétrica no Setor Comercial - Consumo (Mwh)";"540";"625";"707";"710";"842";"928";"941";"973";"998";"1.094";"1.072";"1.085";"1.096";"1.087";"1.277";"1.314";"1.266";"1.359";"1.313";"1.636";"1.473"
"Nova Veneza";"Energia Elétrica no Setor Industrial - Consumidores (número)";"28";"29";"29";"31";" 29 ";"29";"26";"28";"28";"26";"25";"26";"26";"24";"23";"23";"22";"22";"22";"22";"22"
"Nova Veneza";"Energia Elétrica no Setor Industrial - Consumo (Mwh)";"4.186";"5.094";"5.273";"4.933";"5.224";"5.604";"5.464";"5.503";"5.547";"5.946";"6.865";"7.558";"8.238";"3.509";"2.251";"13.624";"15.029";"17.941";"21.845";"24.553";"28.900"
"Nova Veneza";"Energia Elétrica Rural - Consumidores (número)";"393";"475";"477";"489";" 495 ";"507";"512";"521";"531";"530";"539";"545";"556";"582";"578";"608";"646";"856";"733";"762";"761"
"Nova Veneza";"Energia Elétrica Rural - Consumo (Mwh)";"1.796";"1.875";"2.384";"2.231";"2.366";"2.880";"2.914";"2.841";"2.950";"2.682";"2.725";"2.866";"2.663";"2.869";"2.859";"3.020";"3.155";"3.263";"3.361";"3.636";"3.923"
"Novo Brasil";"Energia Elétrica - Consumidores - Total (número)";"1.674";"1.707";"1.752";"1.807";" 1.825 ";"1.840";"1.855";"1.877";"1.949";"1.984";"1.954";"1.944";"1.758";"2.024";"2.029";"2.115";"2.131";"2.216";"2.189";"2.236";"2.227"
"Novo Brasil";"Capacidade Instalada de Energia - Total (MW)";"...";"...";"...";"...";"...";"...";"...";"...";"...";"...";"...";"...";"...";"...";"...";"...";"...";"...";"...";"...";"..."
"Novo Brasil";"Energia Elétrica - Consumo - Total (Mwh)";"3.344";"3.171";"3.264";"3.356";"3.777";"4.076";"4.261";"4.400";"4.590";"4.524";"5.144";"5.172";"4.733";"5.338";"5.579";"5.837";"6.069";"6.216";"6.704";"6.991";"7.050"
"Novo Brasil";"Energia Elétrica de Consumo Próprio - Consumidores (número)";"2";"2";"2";"2";" 1 ";"1";"1";"1";"1";"1";"1";"1";"1";"1";"1";"1";"1";"5";"5";"5";"5"
"Novo Brasil";"Energia Elétrica de Consumo Próprio - Consumo (Mwh)";"6";"3";"3";"1";" 2 ";"5";"0";"1";"-";"-";"1";"2";"1";"16";"4";"2";"2";"20";"12";"12";"12"
"Novo Brasil";"Energia Elétrica na Iluminação Pública - Consumidores (número)";"2";"2";"2";"2";" 2 ";"2";"2";"2";"2";"2";"2";"2";"2";"6";"2";"1";"1";"1";"1";"1";"1"
"Novo Brasil";"Energia Elétrica no Setor Comercial - Consumidores (número)";"101";"96";"94";"99";" 126 ";"131";"131";"131";"140";"139";"133";"124";"115";"118";"109";"111";"114";"111";"109";"109";"103"
"Novo Brasil";"Energia Elétrica no Setor Comercial - Consumo (Mwh)";"327";"348";"366";"376";"457";"491";"535";"553";"574";"539";"634";"563";"541";"502";"537";"516";"466";"488";"505";"564";"606"
"Novo Brasil";"Energia Elétrica no Setor Industrial - Consumidores (número)";"8";"8";"8";"9";" 14 ";"13";"12";"12";"11";"9";"8";"8";"5";"6";"6";"6";"6";"6";"6";"6";"6"
"Novo Brasil";"Energia Elétrica no Setor Industrial - Consumo (Mwh)";"174";"136";"123";"68";"56";"79";"177";"95";"44";"34";"50";"44";"15";"31";"32";"32";"28";"24";"28";"31";"27"
"Novo Brasil";"Energia Elétrica Rural - Consumidores (número)";"445";"472";"510";"547";" 550 ";"548";"550";"547";"554";"558";"554";"551";"495";"550";"555";"550";"596";"644";"612";"632";"625"
"Novo Brasil";"Energia Elétrica Rural - Consumo (Mwh)";"1.081";"1.042";"1.100";"1.190";"1.359";"1.453";"1.450";"1.471";"1.488";"1.453";"1.515";"1.644";"1.487";"1.734";"1.810";"1.971";"2.093";"2.044";"2.233";"2.256";"2.157"
"Novo Gama";"Energia Elétrica - Consumidores - Total (número)";"24.280";"25.094";"25.375";"26.563";" 27.562 ";"28.857";"29.550";"31.316";"32.798";"33.585";"34.587";"33.155";"8.712";"34.454";"33.039";"34.468";"34.759";"36.197";"37.398";"38.588";"39.290"
"Novo Gama";"Capacidade Instalada de Energia - Total (MW)";"...";"...";"...";"...";"...";"...";"...";"...";"...";"...";"...";"...";"...";"...";"...";"...";"...";"...";"...";"...";"..."
"Novo Gama";"Energia Elétrica - Consumo - Total (Mwh)";"44.023";"46.449";"49.646";"51.011";"54.643";"59.228";"62.494";"68.101";"71.346";"74.967";"73.391";"71.778";"25.851";"74.385";"79.499";"78.761";"81.264";"82.643";"84.638";"90.261";"99.833"
"Novo Gama";"Energia Elétrica de Consumo Próprio - Consumidores (número)";"2";"3";"3";"3";" 3 ";"3";"3";"3";"4";"4";"3";"1";"2";"3";"3";"3";"3";"7";"6";"5";"5"
"Novo Gama";"Energia Elétrica de Consumo Próprio - Consumo (Mwh)";"19";"21";"19";"21";" 28 ";"28";"25";"17";"12";"12";"13";"10";"9";"19";"19";"8";"16";"36";"25";"24";"25"
"Novo Gama";"Energia Elétrica na Iluminação Pública - Consumidores (número)";"3";"3";"3";"3";" 3 ";"4";"4";"4";"4";"3";"3";"3";"3";"3";"3";"1";"1";"1";"1";"1";"1"
"Novo Gama";"Energia Elétrica no Setor Comercial - Consumidores (número)";"693";"1.082";"1.097";"1.109";" 1.330 ";"1.335";"1.273";"1.265";"1.267";"1.271";"1.309";"1.272";"291";"1.271";"1.226";"1.211";"1.231";"1.269";"1.250";"1.220";"1.199"
"Novo Gama";"Energia Elétrica no Setor Comercial - Consumo (Mwh)";"4.794";"6.605";"7.757";"7.078";"7.451";"8.479";"8.261";"8.731";"9.089";"9.574";"9.090";"9.103";"3.648";"9.016";"9.351";"8.818";"9.713";"11.031";"11.705";"12.352";"11.801"
"Novo Gama";"Energia Elétrica no Setor Industrial - Consumidores (número)";"53";"36";"34";"34";" 32 ";"31";"33";"31";"30";"29";"30";"29";"10";"27";"24";"25";"23";"22";"22";"20";"21"
"Novo Gama";"Energia Elétrica no Setor Industrial - Consumo (Mwh)";"610";"551";"523";"566";"601";"651";"1.081";"1.367";"749";"1.255";"1.291";"968";"1.203";"1.704";"1.266";"1.154";"905";"824";"618";"1.229";"1.330"
"Novo Gama";"Energia Elétrica Rural - Consumidores (número)";"394";"437";"264";"275";" 282 ";"292";"295";"305";"308";"314";"332";"327";"187";"340";"350";"375";"404";"420";"411";"414";"415"
"Novo Gama";"Energia Elétrica Rural - Consumo (Mwh)";"1.536";"1.610";"1.329";"1.018";"1.118";"1.221";"1.166";"1.271";"1.366";"1.444";"1.386";"1.550";"881";"1.474";"1.448";"1.534";"1.640";"1.479";"1.408";"1.579";"1.642"
"Novo Planalto";"Energia Elétrica - Consumidores - Total (número)";"1.302";"1.415";"1.437";"1.451";" 1.472 ";"1.491";"1.500";"1.608";"1.490";"1.718";"1.736";"1.755";"1.726";"1.836";"1.824";"1.877";"1.894";"2.002";"1.974";"1.998";"2.036"
"Novo Planalto";"Capacidade Instalada de Energia - Total (MW)";"...";"...";"...";"...";"...";"...";"...";"...";"...";"...";"...";"...";"...";"...";"...";"...";"...";"...";"...";"...";"..."
"Novo Planalto";"Energia Elétrica - Consumo - Total (Mwh)";"2.827";"2.645";"2.733";"2.647";"2.751";"3.118";"3.304";"3.446";"3.669";"4.161";"4.489";"4.708";"4.832";"5.232";"5.754";"6.089";"5.880";"6.534";"7.637";"8.488";"8.717"
"Novo Planalto";"Energia Elétrica de Consumo Próprio - Consumidores (número)";"2";"2";"1";"1";" 1 ";"1";"1";"1";"1";"1";"1";"1";"1";"1";"1";"1";"1";"5";"5";"5";"5"
"Novo Planalto";"Energia Elétrica de Consumo Próprio - Consumo (Mwh)";"2";"6";"5";"1";" 3 ";"0";"5";"21";"10";"9";"8";"26";"19";"12";"1";"1";"2";"17";"25";"32";"31"
"Novo Planalto";"Energia Elétrica na Iluminação Pública - Consumidores (número)";"2";"2";"2";"2";" 2 ";"2";"2";"2";"2";"2";"2";"2";"2";"2";"2";"1";"1";"1";"5";"6";"6"
"Novo Planalto";"Energia Elétrica no Setor Comercial - Consumidores (número)";"98";"101";"100";"103";" 132 ";"136";"132";"133";"126";"125";"122";"118";"115";"125";"129";"130";"128";"127";"126";"127";"127"
"Novo Planalto";"Energia Elétrica no Setor Comercial - Consumo (Mwh)";"274";"283";"303";"319";"364";"404";"464";"478";"536";"589";"694";"658";"706";"811";"897";"892";"914";"924";"963";"1.036";"1.192"
"Novo Planalto";"Energia Elétrica no Setor Industrial - Consumidores (número)";"9";"9";"8";"8";" 8 ";"8";"8";"8";"6";"6";"7";"6";"5";"6";"5";"5";"5";"5";"5";"4";"4"
"Novo Planalto";"Energia Elétrica no Setor Industrial - Consumo (Mwh)";"40";"38";"34";"31";"42";"53";"41";"19";"14";"12";"145";"79";"180";"227";"418";"547";"397";"591";"491";"293";"279"
"Novo Planalto";"Energia Elétrica Rural - Consumidores (número)";"214";"317";"331";"334";" 342 ";"346";"347";"412";"268";"467";"466";"466";"459";"436";"435";"448";"446";"504";"451";"449";"452"
"Novo Planalto";"Energia Elétrica Rural - Consumo (Mwh)";"710";"732";"815";"720";"775";"969";"1.042";"940";"1.033";"1.429";"1.209";"1.430";"1.444";"1.531";"1.591";"1.703";"1.598";"1.794";"2.247";"2.555";"2.690"
"Orizona";"Energia Elétrica - Consumidores - Total (número)";"5.439";"5.574";"5.706";"5.903";" 6.250 ";"6.446";"6.597";"6.689";"6.909";"7.167";"7.317";"7.394";"6.841";"7.874";"7.885";"8.095";"8.307";"8.812";"8.783";"8.874";"8.993"
"Orizona";"Capacidade Instalada de Energia - Total (MW)";"...";"...";"...";"...";"...";"...";"...";"...";"...";"...";"...";"...";"...";"...";"...";"...";"...";"...";"...";"...";"..."
"Orizona";"Energia Elétrica - Consumo - Total (Mwh)";"17.868";"18.070";"20.782";"22.180";"23.927";"26.838";"27.704";"30.945";"32.942";"34.160";"33.288";"34.493";"34.890";"39.475";"41.615";"45.050";"47.166";"48.713";"50.379";"52.103";"53.503"
"Orizona";"Energia Elétrica de Consumo Próprio - Consumidores (número)";"1";"1";"1";"1";" 1 ";"1";"1";"1";"1";"1";"1";"1";"1";"2";"3";"5";"4";"12";"9";"9";"9"
"Orizona";"Energia Elétrica de Consumo Próprio - Consumo (Mwh)";"3";"4";"4";"3";" 3 ";"3";"2";"4";"-";"-";"5";"6";"4";"20";"10";"11";"10";"75";"38";"36";"38"
"Orizona";"Energia Elétrica na Iluminação Pública - Consumidores (número)";"8";"8";"8";"8";" 8 ";"9";"9";"9";"9";"9";"9";"9";"9";"45";"9";"1";"1";"1";"1";"1";"1"
"Orizona";"Energia Elétrica no Setor Comercial - Consumidores (número)";"371";"376";"380";"397";" 521 ";"530";"546";"539";"528";"524";"524";"520";"475";"512";"494";"494";"494";"493";"486";"483";"468"
"Orizona";"Energia Elétrica no Setor Comercial - Consumo (Mwh)";"1.153";"1.167";"1.312";"1.394";"1.839";"1.995";"2.144";"2.280";"2.428";"2.467";"2.475";"2.631";"2.566";"2.776";"2.921";"2.721";"2.687";"3.281";"3.131";"3.437";"3.443"
"Orizona";"Energia Elétrica no Setor Industrial - Consumidores (número)";"52";"45";"42";"40";" 18 ";"18";"19";"17";"17";"17";"16";"16";"14";"15";"13";"15";"13";"13";"13";"13";"16"
"Orizona";"Energia Elétrica no Setor Industrial - Consumo (Mwh)";"2.451";"2.626";"3.649";"4.282";"5.400";"6.225";"6.109";"7.116";"7.714";"7.280";"6.624";"6.731";"7.589";"7.655";"7.726";"8.611";"9.401";"9.521";"9.039";"9.410";"9.306"
"Orizona";"Energia Elétrica Rural - Consumidores (número)";"1.854";"1.928";"1.972";"2.054";" 2.240 ";"2.287";"2.302";"2.270";"2.275";"2.291";"2.322";"2.323";"2.328";"2.419";"2.479";"2.546";"2.649";"2.941";"2800";"2.741";"2.736"
"Orizona";"Energia Elétrica Rural - Consumo (Mwh)";"7.503";"7.636";"8.915";"9.378";"9.423";"11.070";"11.494";"12.996";"13.456";"14.461";"14.031";"14.586";"15.221";"17.775";"19.364";"21.593";"22.485";"22.675";"24.070";"24.261";"25.860"
"Ouro Verde de Goiás";"Energia Elétrica - Consumidores - Total (número)";"1.253";"1.305";"1.441";"1.488";" 1.561 ";"1.598";"1.622";"1.647";"1.693";"1.769";"1.812";"1.820";"1.844";"1.935";"1.881";"1.910";"1.973";"2.093";"2.015";"2.062";"2.094"
"Ouro Verde de Goiás";"Capacidade Instalada de Energia - Total (MW)";"...";"...";"...";"...";"...";"...";"...";"...";"...";"...";"...";"...";"...";"...";"...";"...";"...";"...";"...";"...";"..."
"Ouro Verde de Goiás";"Energia Elétrica - Consumo - Total (Mwh)";"3.497";"3.752";"4.593";"4.721";"4.815";"5.141";"5.173";"5.300";"5.011";"5.979";"5.747";"5.508";"5.641";"6.783";"6.041";"6.393";"6.388";"6.381";"6.772";"7.439";"7.154"
"Ouro Verde de Goiás";"Energia Elétrica de Consumo Próprio - Consumidores (número)";"1";"2";"2";"1";" 1 ";"1";"1";"1";"1";"1";"1";"1";"1";"1";"1";"1";"1";"2";"4";"2";"2"
"Ouro Verde de Goiás";"Energia Elétrica de Consumo Próprio - Consumo (Mwh)";"3";"6";"2";"1";" -   ";"0";"0";"-";"-";"-";"0";"2";"1";"1";"2";"2";"2";"16";"9";"14";"8"
"Ouro Verde de Goiás";"Energia Elétrica na Iluminação Pública - Consumidores (número)";"1";"1";"1";"1";" 1 ";"1";"1";"1";"1";"1";"1";"1";"1";"1";"1";"1";"1";"1";"1";"1";"1"
"Ouro Verde de Goiás";"Energia Elétrica no Setor Comercial - Consumidores (número)";"76";"85";"87";"87";" 110 ";"115";"117";"117";"119";"119";"121";"111";"111";"110";"104";"102";"101";"97";"99";"96";"98"
"Ouro Verde de Goiás";"Energia Elétrica no Setor Comercial - Consumo (Mwh)";"169";"203";"260";"278";"313";"340";"357";"382";"378";"428";"440";"407";"414";"405";"421";"426";"453";"450";"502";"549";"506"
"Ouro Verde de Goiás";"Energia Elétrica no Setor Industrial - Consumidores (número)";"13";"9";"9";"9";" 8 ";"8";"6";"6";"6";"6";"6";"5";"5";"5";"4";"3";"3";"3";"3";"3";"3"
"Ouro Verde de Goiás";"Energia Elétrica no Setor Industrial - Consumo (Mwh)";"852";"937";"1.093";"1.139";"1.124";"1.030";"1.159";"1.155";"990";"1.193";"883";"337";"371";"1.099";"559";"523";"533";"523";"396";"385";"383"
"Ouro Verde de Goiás";"Energia Elétrica Rural - Consumidores (número)";"302";"320";"435";"458";" 514 ";"531";"540";"543";"548";"584";"582";"590";"599";"625";"614";"628";"661";"777";"677";"701";"708"
"Ouro Verde de Goiás";"Energia Elétrica Rural - Consumo (Mwh)";"962";"1.058";"1.611";"1.618";"1.741";"2.054";"1.944";"1.984";"1.765";"2.421";"2.253";"2.454";"2.487";"2.740";"2.586";"2.899";"2.868";"2.801";"3.099";"3.104";"3.121"
"Ouvidor";"Energia Elétrica - Consumidores - Total (número)";"1.977";"2.067";"2.161";"2.264";" 2.407 ";"2.525";"2.587";"2.711";"2.860";"3.013";"3.191";"3.352";"3.457";"3.675";"3.662";"3.784";"3.898";"4.141";"4.182";"4.257";"4.326"
"Ouvidor";"Capacidade Instalada de Energia - Total (MW)";"...";"...";"...";"...";"...";"...";"...";"...";"...";"...";"...";"...";"...";"...";"...";"...";"...";"...";"...";"...";"..."
"Ouvidor";"Energia Elétrica - Consumo - Total (Mwh)";"146.263";"162.689";"163.467";"158.549";"174.220";"210.468";"185.063";"211.480";"7.946";"203.574";"262.248";"264.225";"318.502";"290.867";"283.606";"295.495";"255.971";"283.389";"293.283";"304.090";"293.881"
"Ouvidor";"Energia Elétrica de Consumo Próprio - Consumidores (número)";"1";"1";"1";"1";" 1 ";"1";"1";"1";"1";"1";"1";"1";"1";"1";"1";"1";"1";"3";"5";"3";"3"
"Ouvidor";"Energia Elétrica de Consumo Próprio - Consumo (Mwh)";"2";"2";"2";"2";" 1 ";"1";"-";"1";"-";"-";"1";"1";"1";"8";"7";"2";"1";"23";"8";"8";"8"
"Ouvidor";"Energia Elétrica na Iluminação Pública - Consumidores (número)";"2";"2";"2";"2";" 2 ";"2";"2";"2";"2";"2";"2";"2";"2";"2";"2";"2";"1";"1";"1";"1";"1"
"Ouvidor";"Energia Elétrica no Setor Comercial - Consumidores (número)";"97";"98";"110";"115";" 175 ";"178";"174";"175";"176";"180";"184";"184";"195";"186";"172";"166";"161";"160";"162";"163";"172"
"Ouvidor";"Energia Elétrica no Setor Comercial - Consumo (Mwh)";"341";"365";"411";"410";"548";"606";"646";"683";"734";"762";"796";"751";"751";"780";"910";"778";"928";"800";"804";"813";"989"
"Ouvidor";"Energia Elétrica no Setor Industrial - Consumidores (número)";"15";"15";"15";"13";" 7 ";"11";"12";"15";"12";"11";"15";"14";"15";"15";"13";"13";"13";"14";"14";"14";"14"
"Ouvidor";"Energia Elétrica no Setor Industrial - Consumo (Mwh)";"141.686";"158.059";"158.613";"153.792";"169.031";"204.694";"178.809";"204.972";"1.341";"196.076";"254.406";"256.196";"310.591";"282.661";"274.613";"286.350";"245.566";"274.127";"283.099";"292.950";"282.250"
"Ouvidor";"Energia Elétrica Rural - Consumidores (número)";"382";"390";"401";"405";" 410 ";"424";"425";"434";"437";"453";"469";"465";"471";"491";"512";"543";"563";"605";"608";"628";"612"
"Ouvidor";"Energia Elétrica Rural - Consumo (Mwh)";"884";"901";"947";"767";"802";"924";"996";"973";"1.048";"1.240";"1.135";"1.119";"1.070";"1.160";"1.200";"1.376";"1.540";"1.359";"1.401";"1.515";"1.493"
"Padre Bernardo";"Energia Elétrica - Consumidores - Total (número)";"7.444";"8.263";"8.520";"8.886";" 9.349 ";"10.118";"10.868";"11.654";"12.246";"12.673";"13.176";"13.281";"7.029";"13.938";"13.115";"13.593";"13.824";"14.297";"14.797";"14.968";"15.204"
"Padre Bernardo";"Capacidade Instalada de Energia - Total (MW)";"...";"...";"...";"...";"...";"...";"...";"...";"...";"...";"...";"...";"...";"...";"...";"...";"...";"...";"...";"...";"..."
"Padre Bernardo";"Energia Elétrica - Consumo - Total (Mwh)";"17.370";"18.975";"20.115";"21.838";"22.187";"26.347";"29.189";"32.907";"34.827";"36.959";"36.684";"36.881";"25.533";"42.081";"45.412";"47.964";"50.115";"49.907";"54.681";"64.997";"67.892"
"Padre Bernardo";"Energia Elétrica de Consumo Próprio - Consumidores (número)";"1";"1";"1";"1";" 1 ";"1";"1";"1";"1";"2";"2";"2";"2";"9";"6";"6";"6";"13";"12";"13";"12"
"Padre Bernardo";"Energia Elétrica de Consumo Próprio - Consumo (Mwh)";"2";"3";"3";"3";" 4 ";"4";"2";"2";"-";"-";"2";"1";"1";"29";"42";"53";"68";"173";"98";"96";"95"
"Padre Bernardo";"Energia Elétrica na Iluminação Pública - Consumidores (número)";"4";"4";"4";"4";" 4 ";"4";"4";"4";"4";"4";"4";"4";"4";"12";"4";"1";"1";"1";"1";"1";"1"
"Padre Bernardo";"Energia Elétrica no Setor Comercial - Consumidores (número)";"444";"441";"419";"437";" 763 ";"786";"783";"785";"772";"765";"769";"757";"521";"740";"686";"671";"666";"652";"641";"624";"620"
"Padre Bernardo";"Energia Elétrica no Setor Comercial - Consumo (Mwh)";"2.920";"3.423";"3.219";"3.699";"3.536";"4.000";"3.855";"4.330";"4.408";"4.440";"4.372";"4.184";"2.928";"4.068";"4.473";"4.196";"4.034";"4.338";"4.272";"5.121";"5.121"
"Padre Bernardo";"Energia Elétrica no Setor Industrial - Consumidores (número)";"40";"41";"39";"39";" 11 ";"12";"12";"14";"14";"15";"15";"15";"13";"14";"12";"12";"12";"13";"16";"14";"13"
"Padre Bernardo";"Energia Elétrica no Setor Industrial - Consumo (Mwh)";"562";"609";"689";"690";"626";"1.783";"2.511";"3.256";"3.698";"3.888";"3.984";"3.671";"4.132";"3.967";"4.217";"4.899";"4.815";"4.154";"6.052";"10.330";"10.774"
"Padre Bernardo";"Energia Elétrica Rural - Consumidores (número)";"951";"1.437";"1.432";"1.471";" 1.539 ";"1.662";"1.718";"1.743";"1.781";"1.788";"1.870";"1.812";"1.412";"1.933";"1.878";"1.965";"2.089";"2.518";"2349";"2.346";"2.310"
"Padre Bernardo";"Energia Elétrica Rural - Consumo (Mwh)";"3.902";"4.572";"4.965";"5.492";"6.076";"7.242";"8.019";"8.927";"9.194";"9.559";"9.152";"9.218";"8.400";"12.154";"14.316";"16.248";"17.858";"17.754";"18.767";"20.981";"22.312"
"Palestina de Goiás";"Energia Elétrica - Consumidores - Total (número)";"1.152";"1.114";"1.124";"1.247";" 1.257 ";"1.322";"1.380";"1.405";"1.415";"1.422";"1.455";"1.416";"1.422";"1.452";"1.570";"1.614";"1.656";"1.737";"1.728";"1.751";"1.741"
"Palestina de Goiás";"Capacidade Instalada de Energia - Total (MW)";"...";"...";"...";"...";"...";"...";"...";"...";"...";"...";"...";"...";"...";"...";"...";"...";"...";"...";"...";"...";"..."
"Palestina de Goiás";"Energia Elétrica - Consumo - Total (Mwh)";"2.554";"2.535";"2.579";"2.595";"2.926";"3.120";"3.259";"3.483";"3.601";"3.567";"4.002";"3.828";"3.911";"4.014";"4.290";"4.334";"4.712";"4.801";"5.178";"5.605";"5.409"
"Palestina de Goiás";"Energia Elétrica de Consumo Próprio - Consumidores (número)";"1";"1";"1";"1";" 1 ";"1";"1";"1";"1";"1";"1";"1";"1";"2";"2";"2";"1";"3";"3";"3";"4"
"Palestina de Goiás";"Energia Elétrica de Consumo Próprio - Consumo (Mwh)";"1";"1";"1";"1";" 1 ";"1";"0";"2";"-";"-";"1";"1";"1";"2";"3";"2";"2";"15";"7";"14";"40"
"Palestina de Goiás";"Energia Elétrica na Iluminação Pública - Consumidores (número)";"1";"1";"1";"1";" 1 ";"1";"1";"1";"1";"1";"1";"1";"1";"1";"1";"1";"1";"1";"1";"1";"1"
"Palestina de Goiás";"Energia Elétrica no Setor Comercial - Consumidores (número)";"46";"44";"46";"50";" 59 ";"60";"59";"59";"62";"62";"65";"57";"57";"56";"54";"55";"56";"56";"58";"59";"55"
"Palestina de Goiás";"Energia Elétrica no Setor Comercial - Consumo (Mwh)";"150";"167";"180";"192";"252";"262";"243";"263";"251";"353";"385";"310";"321";"316";"280";"277";"340";"336";"357";"339";"341"
"Palestina de Goiás";"Energia Elétrica no Setor Industrial - Consumidores (número)";"11";"11";"11";"10";" 10 ";"10";"10";"9";"11";"11";"12";"11";"10";"11";"9";"9";"9";"8";"8";"8";"8"
"Palestina de Goiás";"Energia Elétrica no Setor Industrial - Consumo (Mwh)";"121";"92";"70";"72";"63";"47";"32";"16";"52";"135";"169";"144";"197";"175";"205";"16";"16";"15";"19";"21";"35"
"Palestina de Goiás";"Energia Elétrica Rural - Consumidores (número)";"382";"330";"332";"331";" 332 ";"388";"439";"458";"454";"459";"464";"460";"461";"461";"458";"459";"490";"530";"508";"507";"493"
"Palestina de Goiás";"Energia Elétrica Rural - Consumo (Mwh)";"1.047";"991";"1.032";"955";"1.072";"1.182";"1.290";"1.499";"1.528";"1.395";"1.628";"1.527";"1.518";"1.634";"1.675";"1.886";"1.942";"1.895";"2.001";"2.156";"2.072"
"Palmeiras de Goiás";"Energia Elétrica - Consumidores - Total (número)";"7.240";"7.594";"7.897";"8.304";" 8.632 ";"8.998";"9.355";"9.842";"10.448";"10.990";"11.588";"12.581";"12.844";"14.115";"14.065";"14.728";"15.174";"16.076";"16.169";"16.409";"16.988"
"Palmeiras de Goiás";"Capacidade Instalada de Energia - Total (MW)";"...";"...";"...";"...";"...";"...";"...";"...";"...";"...";"...";"...";"...";"...";"...";"...";"...";"...";"...";"...";"..."
"Palmeiras de Goiás";"Energia Elétrica - Consumo - Total (Mwh)";"32.170";"45.056";"54.406";"54.721";"61.232";"36.561";"80.097";"102.664";"75.067";"111.584";"113.298";"116.744";"127.007";"121.460";"128.996";"133.409";"131.256";"138.959";"147.631";"154.563";"171.489"
"Palmeiras de Goiás";"Energia Elétrica de Consumo Próprio - Consumidores (número)";"2";"3";"3";"3";" 3 ";"3";"3";"3";"3";"3";"3";"3";"3";"3";"3";"3";"3";"13";"16";"14";"14"
"Palmeiras de Goiás";"Energia Elétrica de Consumo Próprio - Consumo (Mwh)";"8";"16";"17";"17";" 22 ";"20";"14";"18";"18";"17";"14";"19";"13";"22";"20";"16";"20";"99";"53";"55";"55"
"Palmeiras de Goiás";"Energia Elétrica na Iluminação Pública - Consumidores (número)";"2";"2";"2";"6";" 6 ";"6";"6";"6";"6";"7";"7";"7";"7";"6";"5";"5";"4";"4";"4";"5";"4"
"Palmeiras de Goiás";"Energia Elétrica no Setor Comercial - Consumidores (número)";"490";"487";"508";"551";" 705 ";"746";"847";"924";"1.003";"1.038";"1.085";"1.108";"1.120";"1.112";"1.067";"1.073";"1.075";"1.077";"1.026";"1.002";"991"
"Palmeiras de Goiás";"Energia Elétrica no Setor Comercial - Consumo (Mwh)";"3.171";"3.019";"3.302";"3.434";"3.906";"4.280";"5.016";"5.624";"6.438";"7.667";"7.981";"7.005";"7.166";"7.252";"7.459";"7.442";"7.554";"11.011";"10.787";"11.513";"12.044"
"Palmeiras de Goiás";"Energia Elétrica no Setor Industrial - Consumidores (número)";"60";"57";"56";"56";" 43 ";"42";"40";"40";"36";"38";"36";"37";"36";"41";"37";"35";"33";"32";"34";"31";"30"
"Palmeiras de Goiás";"Energia Elétrica no Setor Industrial - Consumo (Mwh)";"10.471";"22.844";"27.544";"28.917";"34.078";"5.974";"46.575";"65.338";"35.683";"69.138";"68.760";"69.913";"80.239";"72.971";"77.272";"78.211";"74.271";"81.927";"85.344";"84.969";"96.257"
"Palmeiras de Goiás";"Energia Elétrica Rural - Consumidores (número)";"1.140";"1.287";"1.320";"1.402";" 1.411 ";"1.427";"1.433";"1.444";"1.466";"1.497";"1.539";"1.574";"1.601";"1.684";"1.719";"1.725";"1.800";"2.086";"2052";"2.022";"2.092"
"Palmeiras de Goiás";"Energia Elétrica Rural - Consumo (Mwh)";"8.170";"8.180";"10.844";"9.958";"9.640";"11.711";"13.047";"14.674";"14.628";"15.245";"15.210";"17.582";"16.257";"17.491";"18.747";"20.014";"20.766";"16.407";"18.547";"21.850";"24.400"
"Palmelo";"Energia Elétrica - Consumidores - Total (número)";"1.000";"1.016";"1.051";"987";" 1.002 ";"1.015";"1.025";"1.035";"1.070";"1.084";"1.110";"1.132";"1.136";"1.188";"1.174";"1.202";"1.211";"1.266";"1.264";"1.321";"1.331"
"Palmelo";"Capacidade Instalada de Energia - Total (MW)";"...";"...";"...";"...";"...";"...";"...";"...";"...";"...";"...";"...";"...";"...";"...";"...";"...";"...";"...";"...";"..."
"Palmelo";"Energia Elétrica - Consumo - Total (Mwh)";"2.320";"2.334";"2.571";"2.465";"2.452";"2.539";"2.876";"3.052";"2.912";"3.177";"3.025";"3.337";"3.490";"4.109";"3.998";"3.849";"3.564";"3.451";"3.645";"3.901";"4.132"
"Palmelo";"Energia Elétrica de Consumo Próprio - Consumidores (número)";"1";"1";"1";"1";" 1 ";"1";"1";"-";"-";"-";"-";"-";"-";"3";"1";"1";"1";"3";"3";"3";"3"
"Palmelo";"Energia Elétrica de Consumo Próprio - Consumo (Mwh)";"-";"-";"1";"1";" -   ";"0";"0";"-";"-";"-";"-";"0";"-";"2";"2";"2";"3";"21";"10";"9";"8"
"Palmelo";"Energia Elétrica na Iluminação Pública - Consumidores (número)";"1";"1";"1";"1";" 1 ";"1";"1";"1";"1";"1";"1";"1";"1";"1";"1";"1";"1";"1";"1";"1";"1"
"Palmelo";"Energia Elétrica no Setor Comercial - Consumidores (número)";"66";"69";"70";"68";" 84 ";"85";"87";"90";"94";"93";"96";"96";"97";"98";"94";"100";"89";"84";"85";"85";"85"
"Palmelo";"Energia Elétrica no Setor Comercial - Consumo (Mwh)";"242";"304";"318";"308";"370";"390";"396";"430";"470";"515";"523";"478";"516";"532";"491";"432";"463";"433";"446";"491";"539"
"Palmelo";"Energia Elétrica no Setor Industrial - Consumidores (número)";"12";"12";"12";"9";" 5 ";"5";"5";"6";"6";"6";"3";"2";"2";"2";"2";"2";"2";"2";"2";"2";"2"
"Palmelo";"Energia Elétrica no Setor Industrial - Consumo (Mwh)";"200";"132";"339";"178";"87";"85";"136";"45";"25";"20";"12";"6";"6";"6";"4";"4";"4";"3";"3";"3";"5"
"Palmelo";"Energia Elétrica Rural - Consumidores (número)";"131";"131";"135";"81";" 82 ";"83";"85";"82";"84";"83";"85";"84";"85";"90";"84";"86";"88";"110";"93";"101";"96"
"Palmelo";"Energia Elétrica Rural - Consumo (Mwh)";"459";"459";"454";"322";"213";"196";"495";"649";"523";"671";"561";"849";"904";"1.461";"1.358";"1.154";"1.068";"968";"930";"978";"876"
"Palminópolis";"Energia Elétrica - Consumidores - Total (número)";"1.541";"1.563";"1.586";"1.648";" 1.710 ";"1.737";"1.753";"1.766";"1.789";"1.842";"1.878";"1.866";"1.846";"1.936";"1.958";"1.976";"2.029";"2.135";"2.118";"2.180";"2.188"
"Palminópolis";"Capacidade Instalada de Energia - Total (MW)";"...";"...";"...";"...";"...";"...";"...";"...";"...";"...";"...";"...";"...";"...";"...";"...";"...";"...";"...";"...";"..."
"Palminópolis";"Energia Elétrica - Consumo - Total (Mwh)";"5.301";"5.329";"6.180";"6.216";"6.197";"7.209";"6.759";"7.090";"7.954";"7.949";"8.320";"8.949";"8.708";"9.036";"10.170";"10.309";"10.391";"11.539";"11.766";"12.833";"13.901"
"Palminópolis";"Energia Elétrica de Consumo Próprio - Consumidores (número)";"2";"2";"2";"1";" 1 ";"1";"1";"1";"1";"1";"1";"1";"1";"1";"1";"1";"1";"3";"3";"3";"3"
"Palminópolis";"Energia Elétrica de Consumo Próprio - Consumo (Mwh)";"1";"1";"1";"-";" 1 ";"2";"0";"2";"-";"-";"1";"1";"0";"2";"1";"1";"1";"15";"10";"8";"8"
"Palminópolis";"Energia Elétrica na Iluminação Pública - Consumidores (número)";"2";"2";"2";"2";" 2 ";"2";"2";"2";"2";"2";"2";"2";"2";"2";"2";"1";"1";"1";"1";"2";"1"
"Palminópolis";"Energia Elétrica no Setor Comercial - Consumidores (número)";"83";"84";"85";"89";" 113 ";"116";"117";"118";"119";"117";"115";"115";"114";"116";"109";"106";"104";"100";"105";"101";"102"
"Palminópolis";"Energia Elétrica no Setor Comercial - Consumo (Mwh)";"293";"243";"269";"312";"379";"436";"434";"452";"479";"446";"496";"505";"483";"861";"1.534";"1.230";"1.153";"2.046";"1.401";"1.541";"2.073"
"Palminópolis";"Energia Elétrica no Setor Industrial - Consumidores (número)";"17";"15";"13";"10";" 9 ";"10";"10";"10";"10";"10";"10";"9";"9";"9";"5";"4";"4";"4";"4";"4";"4"
"Palminópolis";"Energia Elétrica no Setor Industrial - Consumo (Mwh)";"240";"363";"461";"344";"381";"362";"388";"510";"375";"407";"382";"388";"335";"305";"208";"136";"81";"35";"47";"50";"76"
"Palminópolis";"Energia Elétrica Rural - Consumidores (número)";"412";"412";"413";"414";" 449 ";"446";"450";"450";"457";"457";"469";"471";"475";"482";"487";"488";"518";"580";"544";"548";"543"
"Palminópolis";"Energia Elétrica Rural - Consumo (Mwh)";"2.952";"3.030";"3.636";"3.717";"3.475";"4.288";"3.788";"3.840";"4.700";"4.627";"4.716";"5.388";"5.174";"5.066";"5.436";"5.799";"5.993";"6.176";"6.721";"6.867";"7.559"
"Panamá";"Energia Elétrica - Consumidores - Total (número)";"996";"1.003";"1.022";"1.066";" 1.109 ";"1.108";"1.109";"1.150";"1.178";"1.177";"1.198";"1.206";"1.230";"1.350";"1.335";"1.355";"1.367";"1.474";"1.459";"1.452";"1.525"
"Panamá";"Capacidade Instalada de Energia - Total (MW)";"...";"...";"...";"...";"...";"...";"...";"...";"...";"...";"...";"...";"...";"...";"...";"...";"...";"...";"...";"...";"..."
"Panamá";"Energia Elétrica - Consumo - Total (Mwh)";"3.758";"3.433";"3.328";"3.653";"3.682";"3.703";"4.262";"4.225";"4.108";"4.104";"4.505";"4.476";"4.372";"4.867";"5.468";"5.840";"6.409";"6.113";"5.953";"6.190";"6.631"
"Panamá";"Energia Elétrica de Consumo Próprio - Consumidores (número)";"-";"-";"-";"-";" -   ";"-";"-";"-";"-";"-";"-";"-";"-";"1";"1";"1";"1";"5";"3";"3";"3"
"Panamá";"Energia Elétrica de Consumo Próprio - Consumo (Mwh)";"-";"-";"-";"-";" -   ";"-";"-";"-";"-";"-";"-";"0";"-";"1";"2";"1";"3";"14";"6";"6";"6"
"Panamá";"Energia Elétrica na Iluminação Pública - Consumidores (número)";"1";"1";"1";"1";" 1 ";"1";"1";"1";"1";"1";"1";"1";"1";"3";"1";"1";"1";"1";"1";"1";"1"
"Panamá";"Energia Elétrica no Setor Comercial - Consumidores (número)";"54";"53";"53";"53";" 70 ";"72";"71";"75";"74";"74";"76";"74";"78";"72";"72";"74";"71";"73";"75";"79";"82"
"Panamá";"Energia Elétrica no Setor Comercial - Consumo (Mwh)";"181";"221";"219";"233";"254";"252";"243";"266";"304";"298";"491";"432";"516";"539";"640";"618";"599";"638";"540";"398";"546"
"Panamá";"Energia Elétrica no Setor Industrial - Consumidores (número)";"8";"8";"7";"6";" 4 ";"5";"5";"5";"4";"3";"3";"3";"3";"3";"3";"3";"3";"3";"3";"3";"3"
"Panamá";"Energia Elétrica no Setor Industrial - Consumo (Mwh)";"783";"776";"574";"832";"938";"779";"1.357";"980";"859";"726";"831";"633";"538";"802";"972";"1.511";"1.889";"1.499";"1.190";"1.315";"1.529"
"Panamá";"Energia Elétrica Rural - Consumidores (número)";"181";"186";"201";"204";" 211 ";"204";"207";"207";"207";"204";"206";"212";"218";"228";"264";"271";"269";"351";"317";"306";"305"
"Panamá";"Energia Elétrica Rural - Consumo (Mwh)";"804";"667";"796";"771";"696";"875";"872";"1.053";"975";"962";"821";"993";"827";"958";"1.194";"1.010";"1.154";"1.033";"1.050";"1.332";"1.263"
"Paranaiguara";"Energia Elétrica - Consumidores - Total (número)";"3.269";"3.354";"3.466";"3.563";" 3.683 ";"3.795";"3.795";"3.917";"4.023";"4.050";"4.112";"4.104";"4.137";"4.239";"4.156";"4.273";"4.368";"4.440";"4.400";"4.460";"4.480"
"Paranaiguara";"Capacidade Instalada de Energia - Total (MW)";"...";"...";"...";"...";"...";"...";"...";"...";"...";"...";"...";"...";"...";"...";"...";"...";"...";"...";"...";"...";"..."
"Paranaiguara";"Energia Elétrica - Consumo - Total (Mwh)";"8.993";"9.319";"10.034";"10.580";"11.281";"12.129";"12.099";"12.750";"13.401";"13.653";"13.856";"13.883";"13.746";"13.683";"14.464";"14.234";"14.786";"14.565";"15.104";"17.444";"17.375"
"Paranaiguara";"Energia Elétrica de Consumo Próprio - Consumidores (número)";"1";"1";"1";"1";" 1 ";"1";"1";"1";"1";"1";"1";"1";"1";"2";"2";"2";"2";"7";"7";"6";"6"
"Paranaiguara";"Energia Elétrica de Consumo Próprio - Consumo (Mwh)";"3";"3";"3";"2";" 3 ";"3";"0";"3";"-";"-";"1";"1";"2";"8";"3";"2";"1";"34";"17";"17";"16"
"Paranaiguara";"Energia Elétrica na Iluminação Pública - Consumidores (número)";"1";"1";"1";"1";" 1 ";"1";"1";"1";"1";"1";"1";"1";"1";"1";"1";"1";"1";"1";"1";"1";"-"
"Paranaiguara";"Energia Elétrica no Setor Comercial - Consumidores (número)";"263";"270";"274";"300";" 348 ";"362";"362";"366";"366";"358";"357";"348";"346";"341";"318";"320";"313";"317";"312";"311";"314"
"Paranaiguara";"Energia Elétrica no Setor Comercial - Consumo (Mwh)";"987";"1.028";"1.178";"1.416";"1.649";"1.853";"1.920";"2.042";"2.160";"2.118";"2.010";"2.124";"2.080";"2.063";"2.321";"2.366";"2.324";"2.862";"2.629";"2.717";"2.647"
"Paranaiguara";"Energia Elétrica no Setor Industrial - Consumidores (número)";"13";"12";"11";"11";" 20 ";"18";"17";"16";"17";"17";"16";"16";"16";"16";"12";"14";"14";"13";"13";"12";"12"
"Paranaiguara";"Energia Elétrica no Setor Industrial - Consumo (Mwh)";"1.087";"1.060";"984";"808";"839";"908";"850";"841";"939";"955";"829";"548";"690";"616";"560";"538";"438";"406";"479";"617";"610"
"Paranaiguara";"Energia Elétrica Rural - Consumidores (número)";"253";"254";"267";"280";" 279 ";"283";"240";"237";"258";"254";"258";"263";"287";"293";"298";"306";"322";"342";"332";"329";"330"
"Paranaiguara";"Energia Elétrica Rural - Consumo (Mwh)";"1.546";"1.832";"2.064";"2.048";"2.153";"2.173";"1.933";"1.909";"1.941";"1.635";"2.072";"2.237";"1.951";"2.153";"3.047";"2.560";"2.832";"2.291";"2.238";"2.991";"3.021"
"Paraúna";"Energia Elétrica - Consumidores - Total (número)";"3.903";"3.985";"4.111";"4.216";" 4.371 ";"4.423";"4.494";"4.752";"4.916";"5.070";"5.134";"5.239";"5.209";"5.532";"5.466";"5.594";"5.711";"5.987";"6.061";"6.091";"6.175"
"Paraúna";"Capacidade Instalada de Energia - Total (MW)";"...";"...";"...";"...";"...";"...";"...";"...";"...";"...";"...";"...";"...";"...";"...";"...";"...";"...";"...";"...";"..."
"Paraúna";"Energia Elétrica - Consumo - Total (Mwh)";"20.741";"19.803";"26.096";"28.386";"27.557";"35.158";"33.178";"39.415";"36.748";"38.102";"37.279";"42.134";"42.523";"36.112";"39.573";"42.972";"45.469";"47.546";"48.093";"52.429";"56.471"
"Paraúna";"Energia Elétrica de Consumo Próprio - Consumidores (número)";"3";"2";"2";"2";" 2 ";"2";"2";"3";"2";"2";"2";"2";"3";"4";"4";"4";"4";"9";"8";"8";"8"
"Paraúna";"Energia Elétrica de Consumo Próprio - Consumo (Mwh)";"3";"2";"2";"3";" 3 ";"4";"8";"7";"7";"5";"5";"5";"29";"35";"74";"101";"109";"157";"140";"104";"96"
"Paraúna";"Energia Elétrica na Iluminação Pública - Consumidores (número)";"2";"2";"2";"2";" 2 ";"3";"3";"3";"3";"3";"3";"3";"3";"3";"3";"1";"1";"1";"2";"1";"7"
"Paraúna";"Energia Elétrica no Setor Comercial - Consumidores (número)";"355";"357";"363";"364";" 413 ";"409";"419";"435";"443";"452";"435";"439";"432";"429";"410";"409";"395";"432";"407";"399";"390"
"Paraúna";"Energia Elétrica no Setor Comercial - Consumo (Mwh)";"2.463";"2.324";"2.491";"3.337";"3.871";"4.341";"5.247";"5.180";"3.849";"4.069";"4.558";"4.523";"4.710";"4.540";"4.724";"4.519";"4.700";"11.190";"9.292";"8.643";"8.290"
"Paraúna";"Energia Elétrica no Setor Industrial - Consumidores (número)";"43";"46";"47";"47";" 36 ";"38";"35";"35";"38";"35";"33";"35";"32";"30";"28";"28";"29";"26";"25";"23";"22"
"Paraúna";"Energia Elétrica no Setor Industrial - Consumo (Mwh)";"1.847";"1.018";"1.574";"2.801";"2.418";"1.620";"1.522";"2.072";"2.005";"2.015";"1.947";"2.356";"2.731";"2.876";"2.402";"2.220";"2.325";"2.655";"2.194";"2.211";"2.479"
"Paraúna";"Energia Elétrica Rural - Consumidores (número)";"787";"809";"850";"892";" 950 ";"954";"966";"994";"1.008";"1.025";"1.034";"1.050";"1.061";"1.093";"1.077";"1.086";"1.088";"1.153";"1149";"1.157";"1.182"
"Paraúna";"Energia Elétrica Rural - Consumo (Mwh)";"11.347";"11.228";"16.571";"16.547";"15.488";"23.013";"20.044";"24.984";"22.831";"23.416";"21.539";"26.212";"25.958";"19.233";"22.415";"25.717";"28.020";"22.825";"24.374";"27.763";"31.295"
"Perolândia";"Energia Elétrica - Consumidores - Total (número)";"889";"923";"962";"999";" 1.026 ";"1.052";"1.085";"1.136";"1.158";"1.174";"1.201";"1.243";"1.249";"1.275";"1.293";"1.291";"1.311";"1.344";"1.344";"1.413";"1.428"
"Perolândia";"Capacidade Instalada de Energia - Total (MW)";"...";"...";"...";"...";"...";"...";"...";"...";"...";"...";"...";"...";"...";"...";"...";"...";"...";"...";"...";"...";"..."
"Perolândia";"Energia Elétrica - Consumo - Total (Mwh)";"3.217";"2.944";"3.276";"3.787";"4.013";"4.167";"5.235";"5.333";"5.226";"5.843";"5.386";"5.391";"5.517";"6.092";"6.666";"7.855";"7.438";"7.422";"7.642";"7.798";"7.479"
"Perolândia";"Energia Elétrica de Consumo Próprio - Consumidores (número)";"1";"1";"1";"1";" -   ";"-";"-";"-";"-";"-";"-";"-";"-";"1";"1";"1";"1";"3";"3";"4";"4"
"Perolândia";"Energia Elétrica de Consumo Próprio - Consumo (Mwh)";"2";"1";"1";"-";" 1 ";"-";"-";"-";"-";"-";"-";"0";"-";"1";"1";"1";"2";"11";"5";"13";"19"
"Perolândia";"Energia Elétrica na Iluminação Pública - Consumidores (número)";"1";"1";"1";"1";" 1 ";"1";"1";"1";"1";"1";"1";"1";"1";"1";"1";"1";"1";"1";"1";"2";"1"
"Perolândia";"Energia Elétrica no Setor Comercial - Consumidores (número)";"70";"77";"100";"105";" 104 ";"103";"114";"124";"127";"124";"122";"116";"114";"107";"110";"108";"107";"109";"111";"109";"105"
"Perolândia";"Energia Elétrica no Setor Comercial - Consumo (Mwh)";"533";"429";"531";"680";"656";"664";"740";"793";"764";"894";"815";"805";"797";"882";"1.045";"1.346";"1.336";"1.602";"1.606";"1.581";"1.602"
"Perolândia";"Energia Elétrica no Setor Industrial - Consumidores (número)";"6";"6";"4";"4";" 6 ";"4";"6";"6";"5";"4";"4";"4";"4";"4";"4";"4";"4";"4";"4";"4";"4"
"Perolândia";"Energia Elétrica no Setor Industrial - Consumo (Mwh)";"809";"563";"756";"1.046";"1.051";"991";"1.800";"1.663";"1.295";"1.739";"1.277";"1.040";"1.113";"1.358";"2.049";"2.607";"2.509";"2.145";"1.886";"1.563";"1.123"
"Perolândia";"Energia Elétrica Rural - Consumidores (número)";"211";"213";"225";"228";" 232 ";"243";"245";"248";"254";"255";"262";"264";"264";"266";"269";"275";"276";"283";"269";"266";"269"
"Perolândia";"Energia Elétrica Rural - Consumo (Mwh)";"626";"671";"730";"759";"841";"980";"1.004";"1.057";"1.274";"1.248";"1.261";"1.340";"1.293";"1.302";"1.115";"1.376";"1.374";"1.438";"1.701";"1.727";"1.825"
"Petrolina de Goiás";"Energia Elétrica - Consumidores - Total (número)";"3.386";"3.452";"3.489";"3.537";" 3.667 ";"3.745";"3.764";"3.816";"3.887";"3.953";"4.002";"4.177";"4.214";"4.481";"4.513";"4.648";"4.715";"4.930";"4.945";"5.021";"5.019"
"Petrolina de Goiás";"Capacidade Instalada de Energia - Total (MW)";"...";"...";"...";"...";"...";"...";"...";"...";"...";"...";"...";"...";"...";"...";"...";"...";"...";"...";"...";"...";"..."
"Petrolina de Goiás";"Energia Elétrica - Consumo - Total (Mwh)";"9.684";"9.635";"10.364";"11.057";"11.293";"12.679";"12.658";"13.245";"13.726";"14.565";"14.356";"13.481";"13.619";"14.484";"15.612";"16.024";"16.434";"15.854";"16.585";"17.737";"17.537"
"Petrolina de Goiás";"Energia Elétrica de Consumo Próprio - Consumidores (número)";"2";"2";"2";"2";" 2 ";"2";"2";"2";"2";"2";"2";"1";"1";"2";"1";"1";"1";"5";"5";"3";"2"
"Petrolina de Goiás";"Energia Elétrica de Consumo Próprio - Consumo (Mwh)";"4";"5";"7";"8";" 8 ";"6";"1";"8";"11";"9";"6";"2";"5";"6";"4";"3";"2";"55";"8";"8";"8"
"Petrolina de Goiás";"Energia Elétrica na Iluminação Pública - Consumidores (número)";"2";"2";"2";"2";" 2 ";"2";"2";"2";"2";"2";"2";"2";"2";"2";"2";"1";"1";"1";"1";"2";"2"
"Petrolina de Goiás";"Energia Elétrica no Setor Comercial - Consumidores (número)";"198";"193";"198";"202";" 295 ";"301";"301";"313";"314";"324";"330";"336";"332";"332";"309";"312";"299";"296";"290";"284";"275"
"Petrolina de Goiás";"Energia Elétrica no Setor Comercial - Consumo (Mwh)";"756";"807";"889";"988";"1.181";"1.462";"1.412";"1.564";"1.591";"1.814";"1.846";"1.707";"1.801";"1.771";"1.767";"1.723";"1.751";"2.011";"2.209";"2.328";"2.067"
"Petrolina de Goiás";"Energia Elétrica no Setor Industrial - Consumidores (número)";"41";"37";"36";"36";" 25 ";"26";"26";"25";"24";"23";"20";"20";"20";"20";"21";"21";"20";"20";"18";"18";"18"
"Petrolina de Goiás";"Energia Elétrica no Setor Industrial - Consumo (Mwh)";"2.404";"2.150";"2.337";"2.689";"2.579";"2.689";"2.673";"2.432";"2.566";"2.631";"2.135";"1.482";"1.406";"1.357";"2.054";"2.107";"2.387";"1.631";"1.461";"1.714";"1.342"
"Petrolina de Goiás";"Energia Elétrica Rural - Consumidores (número)";"978";"1.027";"1.028";"1.032";" 1.120 ";"1.141";"1.130";"1.135";"1.165";"1.194";"1.209";"1.228";"1.231";"1.273";"1.285";"1.329";"1.343";"1.542";"1502";"1.547";"1.491"
"Petrolina de Goiás";"Energia Elétrica Rural - Consumo (Mwh)";"2.765";"2.788";"3.110";"3.174";"3.365";"3.917";"3.883";"4.267";"4.519";"4.787";"4.957";"5.030";"4.913";"5.517";"5.739";"6.033";"5.980";"5.902";"6.224";"6.335";"6.425"
"Pilar de Goiás";"Energia Elétrica - Consumidores - Total (número)";"839";"859";"942";"958";" 967 ";"1.095";"1.128";"1.160";"1.191";"1.225";"1.219";"1.230";"1.112";"1.273";"1.246";"1.289";"1.286";"1.441";"1.385";"1.380";"1.367"
"Pilar de Goiás";"Capacidade Instalada de Energia - Total (MW)";"...";"...";"...";"...";"...";"...";"...";"...";"...";"...";"...";"...";"...";"...";"...";"...";"...";"...";"...";"...";"..."
"Pilar de Goiás";"Energia Elétrica - Consumo - Total (Mwh)";"1.500";"1.500";"1.643";"1.587";"1.700";"1.841";"3.561";"7.621";"7.435";"56.217";"57.188";"62.669";"70.600";"65.923";"63.276";"64.669";"52.015";"55.074";"44.024";"18.245";"8.779"
"Pilar de Goiás";"Energia Elétrica de Consumo Próprio - Consumidores (número)";"-";"-";"-";"-";" -   ";"-";"-";"-";"-";"-";"-";"-";"-";"1";"1";"3";"1";"2";"2";"2";"2"
"Pilar de Goiás";"Energia Elétrica de Consumo Próprio - Consumo (Mwh)";"-";"-";"-";"-";" -   ";"-";"-";"-";"-";"-";"-";"0";"-";"1";"2";"1";"1";"2";"1";"1";"1"
"Pilar de Goiás";"Energia Elétrica na Iluminação Pública - Consumidores (número)";"3";"3";"3";"3";" 3 ";"3";"3";"3";"3";"3";"3";"3";"3";"3";"3";"1";"1";"1";"1";"1";"1"
"Pilar de Goiás";"Energia Elétrica no Setor Comercial - Consumidores (número)";"47";"48";"48";"50";" 66 ";"64";"70";"73";"77";"78";"78";"77";"70";"74";"70";"72";"72";"69";"64";"65";"63"
"Pilar de Goiás";"Energia Elétrica no Setor Comercial - Consumo (Mwh)";"81";"78";"83";"96";"148";"175";"196";"209";"254";"269";"270";"285";"220";"203";"314";"252";"252";"243";"199";"206";"222"
"Pilar de Goiás";"Energia Elétrica no Setor Industrial - Consumidores (número)";"5";"4";"4";"3";" 4 ";"4";"6";"6";"4";"4";"5";"5";"5";"5";"4";"4";"4";"4";"4";"4";"4"
"Pilar de Goiás";"Energia Elétrica no Setor Industrial - Consumo (Mwh)";"88";"72";"54";"33";"20";"19";"1.584";"5.756";"4.905";"53.457";"54.531";"59.953";"68.150";"63.179";"60.319";"61.481";"48.857";"51.871";"40.654";"14.846";"5.289"
"Pilar de Goiás";"Energia Elétrica Rural - Consumidores (número)";"308";"329";"400";"407";" 405 ";"521";"535";"541";"547";"560";"555";"560";"526";"565";"556";"572";"575";"723";"660";"652";"659"
"Pilar de Goiás";"Energia Elétrica Rural - Consumo (Mwh)";"541";"573";"649";"566";"616";"667";"769";"479";"938";"1.115";"1.056";"1.093";"992";"1.157";"1.222";"1.408";"1.451";"1.459";"1.587";"1.659";"1.665"
"Piracanjuba";"Energia Elétrica - Consumidores - Total (número)";"8.825";"9.090";"9.466";"9.670";" 9.865 ";"10.103";"10.231";"10.481";"10.738";"11.024";"11.114";"11.243";"10.882";"12.011";"12.227";"12.499";"12.875";"13.511";"13.454";"13.610";"13.868"
"Piracanjuba";"Capacidade Instalada de Energia - Total (MW)";"...";"...";"...";"...";"...";"...";"...";"...";"...";"...";"...";"...";"...";"...";"...";"...";"...";"...";"...";"...";"..."
"Piracanjuba";"Energia Elétrica - Consumo - Total (Mwh)";"29.301";"31.338";"35.418";"35.678";"35.654";"37.034";"36.721";"37.519";"39.126";"41.939";"41.742";"41.659";"40.529";"44.179";"46.735";"49.438";"48.778";"54.417";"53.997";"56.002";"55.742"
"Piracanjuba";"Energia Elétrica de Consumo Próprio - Consumidores (número)";"1";"2";"2";"2";" 2 ";"2";"2";"2";"2";"2";"2";"2";"2";"7";"6";"8";"6";"14";"14";"14";"14"
"Piracanjuba";"Energia Elétrica de Consumo Próprio - Consumo (Mwh)";"5";"19";"15";"21";" 23 ";"19";"15";"15";"12";"13";"19";"17";"12";"49";"86";"86";"88";"149";"159";"134";"132"
"Piracanjuba";"Energia Elétrica na Iluminação Pública - Consumidores (número)";"3";"3";"3";"3";" 3 ";"4";"4";"4";"4";"4";"4";"4";"4";"4";"4";"1";"1";"1";"1";"1";"1"
"Piracanjuba";"Energia Elétrica no Setor Comercial - Consumidores (número)";"632";"654";"677";"694";" 893 ";"893";"886";"893";"889";"894";"888";"873";"846";"857";"834";"802";"798";"801";"789";"767";"754"
"Piracanjuba";"Energia Elétrica no Setor Comercial - Consumo (Mwh)";"4.362";"4.591";"5.157";"5.207";"5.906";"6.177";"6.408";"6.248";"7.084";"7.809";"8.533";"7.987";"7.775";"8.058";"8.538";"7.881";"7.831";"10.478";"10.204";"10.872";"10.159"
"Piracanjuba";"Energia Elétrica no Setor Industrial - Consumidores (número)";"57";"55";"50";"47";" 25 ";"23";"22";"21";"21";"19";"20";"18";"17";"17";"16";"14";"17";"16";"14";"14";"13"
"Piracanjuba";"Energia Elétrica no Setor Industrial - Consumo (Mwh)";"2.161";"3.034";"4.669";"3.924";"2.713";"2.113";"1.212";"1.235";"1.201";"1.260";"1.196";"1.017";"1.232";"1.437";"1.400";"830";"793";"843";"800";"432";"410"
"Piracanjuba";"Energia Elétrica Rural - Consumidores (número)";"1.706";"1.770";"1.825";"1.806";" 1.822 ";"1.841";"1.868";"1.908";"1.944";"1.972";"2.018";"2.082";"2.064";"2.226";"2.392";"2.480";"2.594";"2.983";"2831";"2.793";"2.793"
"Piracanjuba";"Energia Elétrica Rural - Consumo (Mwh)";"10.191";"10.863";"12.351";"12.548";"12.360";"13.683";"13.641";"13.760";"13.647";"14.501";"13.322";"14.241";"13.692";"15.266";"16.506";"19.195";"18.886";"17.683";"18.696";"18.989";"19.634"
"Piranhas";"Energia Elétrica - Consumidores - Total (número)";"4.478";"4.550";"4.605";"4.646";" 4.694 ";"4.838";"5.052";"5.115";"5.264";"5.395";"5.447";"5.463";"5.501";"5.656";"5.581";"5.695";"5.808";"6.118";"6.101";"6.115";"6.174"
"Piranhas";"Capacidade Instalada de Energia - Total (MW)";"...";"...";"...";"...";"...";"...";"...";"...";"...";"...";"...";"...";"...";"...";"...";"...";"...";"...";"...";"...";"..."
"Piranhas";"Energia Elétrica - Consumo - Total (Mwh)";"11.154";"11.571";"11.375";"11.567";"11.399";"13.013";"14.184";"15.906";"17.462";"19.607";"20.842";"20.752";"23.405";"24.375";"25.645";"26.795";"28.084";"29.345";"32.264";"31.813";"33.241"
"Piranhas";"Energia Elétrica de Consumo Próprio - Consumidores (número)";"1";"1";"1";"2";" 2 ";"1";"1";"1";"1";"1";"1";"1";"1";"2";"2";"2";"2";"5";"5";"5";"5"
"Piranhas";"Energia Elétrica de Consumo Próprio - Consumo (Mwh)";"4";"5";"4";"7";" 7 ";"9";"9";"10";"11";"11";"10";"8";"5";"99";"85";"75";"54";"80";"61";"65";"80"
"Piranhas";"Energia Elétrica na Iluminação Pública - Consumidores (número)";"2";"2";"2";"2";" 2 ";"2";"2";"2";"2";"2";"2";"2";"2";"2";"2";"1";"1";"1";"1";"1";"1"
"Piranhas";"Energia Elétrica no Setor Comercial - Consumidores (número)";"300";"319";"332";"341";" 385 ";"381";"385";"392";"403";"409";"416";"412";"415";"409";"389";"389";"377";"376";"370";"361";"356"
"Piranhas";"Energia Elétrica no Setor Comercial - Consumo (Mwh)";"2.170";"1.961";"1.437";"1.544";"1.592";"1.768";"1.848";"2.081";"2.252";"2.324";"2.660";"2.614";"2.814";"2.648";"2.660";"2.926";"3.043";"2.901";"3.252";"3.277";"3.466"
"Piranhas";"Energia Elétrica no Setor Industrial - Consumidores (número)";"29";"31";"30";"32";" 32 ";"30";"31";"29";"30";"33";"32";"33";"33";"31";"27";"29";"26";"24";"26";"21";"24"
"Piranhas";"Energia Elétrica no Setor Industrial - Consumo (Mwh)";"1.155";"1.311";"1.225";"1.479";"1.598";"1.865";"2.567";"3.191";"3.740";"5.612";"4.971";"5.322";"6.952";"7.445";"8.340";"8.908";"9.324";"9.866";"11.215";"9.385";"10.227"
"Piranhas";"Energia Elétrica Rural - Consumidores (número)";"696";"700";"698";"699";" 703 ";"809";"936";"929";"991";"1.000";"1.011";"1.013";"1.015";"1.031";"1.019";"1.019";"1.070";"1.221";"1154";"1.114";"1.094"
"Piranhas";"Energia Elétrica Rural - Consumo (Mwh)";"1.930";"2.057";"2.228";"2.234";"2.285";"2.553";"2.623";"2.874";"3.188";"2.962";"3.324";"3.542";"3.504";"3.829";"3.917";"4.155";"4.465";"4.721";"4.470";"4.947";"4.841"
"Pirenópolis";"Energia Elétrica - Consumidores - Total (número)";"7.881";"8.415";"8.855";"9.242";" 9.596 ";"9.842";"10.225";"10.660";"11.121";"11.461";"11.803";"12.043";"10.620";"13.075";"13.202";"13.554";"14.110";"14.648";"15.029";"15.379";"15.709"
"Pirenópolis";"Capacidade Instalada de Energia - Total (MW)";"...";"...";"...";"...";"...";"...";"...";"...";"...";"...";"...";"...";"...";"...";"...";"...";"...";"...";"...";"...";"..."
"Pirenópolis";"Energia Elétrica - Consumo - Total (Mwh)";"18.914";"18.754";"20.049";"25.098";"27.936";"30.427";"30.845";"30.378";"35.198";"38.746";"36.734";"34.323";"35.281";"46.379";"49.277";"43.085";"46.347";"49.658";"55.000";"60.123";"65.591"
"Pirenópolis";"Energia Elétrica de Consumo Próprio - Consumidores (número)";"4";"3";"2";"2";" 2 ";"2";"2";"2";"2";"2";"1";"1";"1";"3";"3";"3";"3";"5";"15";"17";"17"
"Pirenópolis";"Energia Elétrica de Consumo Próprio - Consumo (Mwh)";"13";"23";"14";"14";" 13 ";"14";"12";"10";"12";"12";"10";"11";"10";"28";"19";"22";"32";"108";"71";"118";"179"
"Pirenópolis";"Energia Elétrica na Iluminação Pública - Consumidores (número)";"10";"10";"10";"10";" 10 ";"10";"10";"10";"10";"10";"10";"10";"10";"10";"10";"1";"1";"1";"1";"1";"1"
"Pirenópolis";"Energia Elétrica no Setor Comercial - Consumidores (número)";"623";"683";"763";"850";" 946 ";"971";"995";"1.036";"1.078";"1.113";"1.154";"1.167";"1.056";"1.186";"1.108";"1.110";"1.090";"1.083";"1.087";"1.084";"1.065"
"Pirenópolis";"Energia Elétrica no Setor Comercial - Consumo (Mwh)";"3.772";"3.751";"4.602";"4.896";"5.759";"6.515";"6.681";"7.212";"7.802";"8.891";"9.831";"9.820";"10.504";"11.259";"12.628";"10.248";"11.880";"13.258";"14.464";"15.118";"17.158"
"Pirenópolis";"Energia Elétrica no Setor Industrial - Consumidores (número)";"87";"88";"73";"70";" 64 ";"63";"63";"76";"80";"85";"89";"84";"76";"84";"76";"76";"75";"73";"73";"71";"71"
"Pirenópolis";"Energia Elétrica no Setor Industrial - Consumo (Mwh)";"1.801";"846";"1.229";"5.349";"6.578";"6.412";"5.966";"3.674";"6.484";"7.755";"4.312";"1.368";"3.294";"8.476";"7.571";"2.226";"1.301";"1.577";"1.065";"1.084";"1.055"
"Pirenópolis";"Energia Elétrica Rural - Consumidores (número)";"1.245";"1.484";"1.605";"1.753";" 1.882 ";"1.892";"1.929";"1.948";"2.036";"2.065";"2.089";"2.116";"2.124";"2.326";"2.503";"2.606";"2.812";"3.235";"3353";"3.458";"3.508"
"Pirenópolis";"Energia Elétrica Rural - Consumo (Mwh)";"2.868";"3.011";"3.074";"3.181";"3.374";"3.979";"4.281";"4.702";"5.091";"5.343";"5.305";"5.419";"5.331";"6.647";"7.669";"8.610";"9.118";"9.327";"11.368";"13.045";"13.988"
"Pires do Rio";"Energia Elétrica - Consumidores - Total (número)";"10.701";"11.029";"11.387";"11.474";" 11.888 ";"12.217";"12.387";"12.730";"13.172";"13.514";"13.733";"13.693";"13.901";"14.512";"14.426";"14.885";"15.233";"15.644";"15.798";"16.088";"16.217"
"Pires do Rio";"Capacidade Instalada de Energia - Total (MW)";"...";"...";"...";"...";"...";"...";"...";"...";"...";"...";"...";"...";"...";"...";"...";"...";"...";"...";"...";"...";"..."
"Pires do Rio";"Energia Elétrica - Consumo - Total (Mwh)";"56.158";"57.499";"59.612";"66.912";"71.484";"77.758";"78.275";"78.670";"91.116";"94.948";"98.997";"104.589";"106.600";"119.135";"133.236";"138.684";"141.543";"158.118";"174.612";"186.393";"198.732"
"Pires do Rio";"Energia Elétrica de Consumo Próprio - Consumidores (número)";"1";"1";"1";"1";" 1 ";"1";"1";"1";"1";"1";"1";"1";"1";"2";"3";"3";"3";"9";"15";"15";"15"
"Pires do Rio";"Energia Elétrica de Consumo Próprio - Consumo (Mwh)";"17";"19";"21";"21";" 23 ";"27";"27";"22";"14";"16";"16";"17";"13";"129";"126";"129";"99";"205";"166";"158";"160"
"Pires do Rio";"Energia Elétrica na Iluminação Pública - Consumidores (número)";"1";"1";"1";"1";" 1 ";"1";"1";"2";"2";"1";"1";"1";"1";"5";"1";"1";"1";"1";"1";"1";"1"
"Pires do Rio";"Energia Elétrica no Setor Comercial - Consumidores (número)";"902";"941";"1.003";"989";" 1.251 ";"1.268";"1.267";"1.276";"1.284";"1.253";"1.221";"1.202";"1.216";"1.223";"1.192";"1.189";"1.186";"1.193";"1.172";"1.181";"1.113"
"Pires do Rio";"Energia Elétrica no Setor Comercial - Consumo (Mwh)";"5.004";"4.951";"5.123";"5.637";"6.349";"6.959";"7.272";"7.966";"7.903";"8.209";"8.345";"8.190";"8.341";"8.931";"9.551";"9.029";"8.639";"9.880";"10.217";"10.940";"11.594"
"Pires do Rio";"Energia Elétrica no Setor Industrial - Consumidores (número)";"83";"83";"81";"78";" 57 ";"56";"55";"50";"47";"48";"48";"45";"45";"45";"40";"38";"38";"37";"39";"35";"35"
"Pires do Rio";"Energia Elétrica no Setor Industrial - Consumo (Mwh)";"25.006";"25.660";"26.080";"30.752";"33.517";"36.937";"38.069";"38.441";"45.404";"51.615";"54.846";"60.100";"60.445";"69.608";"81.702";"85.423";"85.959";"100.417";"112.407";"120.319";"131.095"
"Pires do Rio";"Energia Elétrica Rural - Consumidores (número)";"909";"953";"998";"1.037";" 1.121 ";"1.145";"1.070";"1.069";"1.068";"1.061";"1.054";"1.036";"1.043";"1.072";"1.051";"1.106";"1.143";"1.261";"1175";"1.217";"1.197"
"Pires do Rio";"Energia Elétrica Rural - Consumo (Mwh)";"6.363";"6.835";"7.841";"9.294";"9.771";"11.520";"10.042";"8.209";"12.373";"8.305";"8.270";"8.614";"9.179";"11.613";"11.951";"13.127";"15.219";"15.058";"16.180";"16.685";"16.211"
"Planaltina";"Energia Elétrica - Consumidores - Total (número)";"20.634";"21.305";"22.249";"23.169";" 24.240 ";"26.304";"27.682";"30.053";"32.364";"34.331";"35.885";"37.082";"35.859";"40.508";"38.681";"40.540";"41.225";"41.711";"42.526";"44.140";"45.398"
"Planaltina";"Capacidade Instalada de Energia - Total (MW)";"...";"...";"...";"...";"...";"...";"...";"...";"...";"...";"...";"...";"...";"...";"...";"...";"...";"...";"...";"...";"..."
"Planaltina";"Energia Elétrica - Consumo - Total (Mwh)";"46.692";"47.943";"53.380";"55.985";"59.263";"66.990";"70.216";"76.682";"83.374";"89.712";"91.678";"92.121";"81.516";"98.391";"105.749";"109.031";"111.771";"112.239";"118.261";"128.711";"134.916"
"Planaltina";"Energia Elétrica de Consumo Próprio - Consumidores (número)";"2";"2";"2";"2";" 3 ";"2";"2";"2";"2";"2";"1";"1";"1";"7";"5";"5";"4";"17";"17";"17";"17"
"Planaltina";"Energia Elétrica de Consumo Próprio - Consumo (Mwh)";"16";"10";"8";"7";" 9 ";"9";"32";"12";"5";"3";"7";"9";"6";"126";"167";"159";"164";"265";"241";"154";"196"
"Planaltina";"Energia Elétrica na Iluminação Pública - Consumidores (número)";"3";"3";"3";"3";" 3 ";"3";"3";"3";"3";"3";"3";"3";"3";"3";"6";"1";"1";"1";"1";"1";"1"
"Planaltina";"Energia Elétrica no Setor Comercial - Consumidores (número)";"595";"656";"747";"765";" 1.270 ";"1.278";"1.271";"1.271";"1.277";"1.280";"1.268";"1.278";"1.210";"1.247";"1.137";"1.115";"1.118";"1.121";"1.146";"1.145";"1.115"
"Planaltina";"Energia Elétrica no Setor Comercial - Consumo (Mwh)";"4.418";"4.577";"5.418";"5.816";"6.623";"7.343";"7.247";"7.930";"7.965";"8.305";"8.307";"8.577";"8.222";"9.300";"9.824";"9.338";"9.102";"9.370";"11.424";"12.394";"13.061"
"Planaltina";"Energia Elétrica no Setor Industrial - Consumidores (número)";"46";"45";"41";"42";" 42 ";"44";"41";"43";"43";"42";"36";"40";"35";"39";"34";"38";"31";"31";"32";"32";"32"
"Planaltina";"Energia Elétrica no Setor Industrial - Consumo (Mwh)";"3.643";"4.121";"5.344";"5.586";"6.043";"8.155";"8.194";"9.133";"10.351";"11.963";"11.683";"11.097";"3.241";"11.146";"13.612";"15.114";"15.572";"16.578";"15.724";"16.506";"16.366"
"Planaltina";"Energia Elétrica Rural - Consumidores (número)";"841";"917";"987";"1.081";" 1.140 ";"1.193";"1.246";"1.456";"1.776";"1.938";"2.065";"2.052";"1.322";"2.148";"2.069";"2.163";"2.304";"2.588";"2453";"2.510";"2.473"
"Planaltina";"Energia Elétrica Rural - Consumo (Mwh)";"4.548";"4.359";"5.193";"5.307";"5.157";"6.273";"5.891";"6.126";"7.211";"7.305";"7.268";"7.577";"4.485";"7.792";"8.021";"8.448";"9.162";"9.240";"9.484";"11.804";"13.949"
"Pontalina";"Energia Elétrica - Consumidores - Total (número)";"6.531";"6.582";"6.721";"6.801";" 6.919 ";"7.054";"7.212";"7.389";"7.626";"7.973";"8.133";"8.272";"8.323";"8.909";"8.961";"9.152";"9.319";"9.777";"9.781";"9.911";"10.105"
"Pontalina";"Capacidade Instalada de Energia - Total (MW)";"...";"...";"...";"...";"...";"...";"...";"...";"...";"...";"...";"...";"...";"...";"...";"...";"...";"...";"...";"...";"..."
"Pontalina";"Energia Elétrica - Consumo - Total (Mwh)";"19.586";"18.742";"20.768";"22.609";"22.435";"24.569";"25.348";"27.138";"27.484";"28.909";"30.009";"32.006";"32.106";"33.572";"35.773";"37.265";"37.650";"39.707";"41.778";"43.773";"45.377"
"Pontalina";"Energia Elétrica de Consumo Próprio - Consumidores (número)";"1";"1";"1";"1";" 1 ";"1";"1";"1";"1";"1";"1";"1";"1";"3";"3";"3";"3";"8";"12";"12";"12"
"Pontalina";"Energia Elétrica de Consumo Próprio - Consumo (Mwh)";"6";"5";"5";"4";" 5 ";"5";"4";"6";"1";"5";"7";"6";"4";"42";"31";"42";"51";"110";"92";"104";"127"
"Pontalina";"Energia Elétrica na Iluminação Pública - Consumidores (número)";"2";"2";"2";"2";" 2 ";"2";"2";"2";"2";"2";"2";"2";"2";"2";"2";"1";"1";"1";"1";"1";"1"
"Pontalina";"Energia Elétrica no Setor Comercial - Consumidores (número)";"481";"488";"499";"508";" 665 ";"665";"681";"710";"756";"769";"785";"783";"792";"807";"802";"794";"791";"840";"834";"819";"816"
"Pontalina";"Energia Elétrica no Setor Comercial - Consumo (Mwh)";"2.314";"2.228";"2.410";"2.747";"3.081";"3.426";"3.641";"3.928";"4.261";"4.343";"4.681";"4.650";"4.826";"4.825";"5.399";"5.141";"5.551";"8.590";"6.842";"7.139";"7.110"
"Pontalina";"Energia Elétrica no Setor Industrial - Consumidores (número)";"40";"37";"34";"33";" 23 ";"23";"26";"27";"27";"27";"27";"26";"26";"27";"23";"20";"22";"22";"22";"21";"17"
"Pontalina";"Energia Elétrica no Setor Industrial - Consumo (Mwh)";"870";"911";"1.011";"1.109";"910";"981";"1.184";"1.286";"1.416";"1.361";"1.341";"1.137";"1.217";"1.377";"1.278";"1.203";"1.154";"994";"871";"749";"568"
"Pontalina";"Energia Elétrica Rural - Consumidores (número)";"892";"908";"958";"979";" 1.003 ";"1.014";"1.040";"1.071";"1.081";"1.100";"1.117";"1.155";"1.171";"1.213";"1.253";"1.289";"1.341";"1.497";"1396";"1.413";"1.410"
"Pontalina";"Energia Elétrica Rural - Consumo (Mwh)";"7.030";"6.328";"7.938";"8.873";"8.586";"9.706";"9.793";"10.424";"9.777";"10.030";"10.482";"12.584";"12.183";"12.892";"13.964";"14.981";"13.799";"13.123";"15.942";"16.281";"17.193"
"Porangatu";"Energia Elétrica - Consumidores - Total (número)";"13.747";"14.146";"14.492";"14.815";" 15.231 ";"15.718";"16.334";"16.941";"17.332";"17.757";"18.119";"18.106";"17.906";"19.227";"19.262";"19.828";"20.201";"20.677";"20.858";"21.440";"21.813"
"Porangatu";"Capacidade Instalada de Energia - Total (MW)";"...";"...";"...";"...";"...";"...";"...";"...";"...";"...";"...";"...";"...";"...";"...";"...";"...";"...";"...";"...";"..."
"Porangatu";"Energia Elétrica - Consumo - Total (Mwh)";"35.036";"34.846";"37.198";"38.612";"40.057";"45.816";"49.500";"53.820";"56.243";"59.167";"63.107";"63.443";"64.909";"68.229";"73.033";"79.068";"79.103";"87.379";"102.931";"109.410";"115.540"
"Porangatu";"Energia Elétrica de Consumo Próprio - Consumidores (número)";"1";"1";"1";"1";" 1 ";"1";"1";"1";"1";"1";"1";"1";"1";"4";"4";"4";"4";"14";"16";"14";"14"
"Porangatu";"Energia Elétrica de Consumo Próprio - Consumo (Mwh)";"58";"74";"92";"81";" 83 ";"92";"83";"64";"66";"50";"60";"65";"61";"195";"198";"117";"114";"229";"185";"189";"213"
"Porangatu";"Energia Elétrica na Iluminação Pública - Consumidores (número)";"6";"6";"6";"6";" 6 ";"8";"7";"7";"7";"7";"7";"7";"7";"7";"6";"1";"1";"1";"1";"1";"1"
"Porangatu";"Energia Elétrica no Setor Comercial - Consumidores (número)";"1.071";"1.067";"1.163";"1.288";" 1.599 ";"1.654";"1.659";"1.626";"1.633";"1.604";"1.570";"1.516";"1.456";"1.452";"1.395";"1.366";"1.364";"1.346";"1.378";"1.330";"1.309"
"Porangatu";"Energia Elétrica no Setor Comercial - Consumo (Mwh)";"6.610";"6.834";"7.510";"9.092";"10.525";"11.836";"12.431";"12.866";"13.803";"14.148";"14.902";"14.366";"14.218";"14.116";"14.805";"13.698";"13.747";"14.319";"16.204";"17.077";"17.402"
"Porangatu";"Energia Elétrica no Setor Industrial - Consumidores (número)";"90";"85";"75";"61";" 54 ";"55";"51";"48";"44";"42";"43";"42";"39";"36";"32";"31";"32";"34";"31";"34";"29"
"Porangatu";"Energia Elétrica no Setor Industrial - Consumo (Mwh)";"3.711";"3.280";"3.501";"3.081";"1.845";"2.659";"3.892";"5.380";"4.995";"5.230";"4.909";"4.505";"5.275";"5.189";"5.969";"5.669";"10.596";"16.365";"20.564";"21.960";"23.803"
"Porangatu";"Energia Elétrica Rural - Consumidores (número)";"1.283";"1.409";"1.510";"1.528";" 1.566 ";"1.570";"1.653";"1.934";"1.928";"1.929";"1.911";"1.905";"1.913";"1.982";"2.004";"2.009";"2.098";"2.356";"2207";"2.235";"2.234"
"Porangatu";"Energia Elétrica Rural - Consumo (Mwh)";"3.349";"3.520";"3.838";"3.718";"3.540";"4.309";"4.658";"4.193";"4.218";"5.486";"4.849";"5.371";"5.671";"6.439";"6.801";"7.463";"7.818";"7.566";"8.696";"9.023";"9.255"
"Porteirão";"Energia Elétrica - Consumidores - Total (número)";"982";"1.025";"1.087";"1.164";" 1.205 ";"1.247";"1.269";"1.307";"1.367";"1.402";"1.429";"1.550";"1.565";"1.717";"1.662";"1.724";"1.759";"1.866";"1.879";"1.921";"1.966"
"Porteirão";"Capacidade Instalada de Energia - Total (MW)";"...";"...";"...";"...";"...";"...";"...";"...";"...";"...";"...";"...";"...";"...";"...";"...";"...";"...";"...";"...";"..."
"Porteirão";"Energia Elétrica - Consumo - Total (Mwh)";"3.836";"3.818";"4.590";"4.732";"4.942";"5.116";"5.122";"5.190";"5.522";"6.299";"5.710";"6.489";"6.338";"6.409";"6.523";"7.118";"7.815";"9.535";"9.250";"9.161";"9.032"
"Porteirão";"Energia Elétrica de Consumo Próprio - Consumidores (número)";"-";"-";"-";"-";" -   ";"-";"-";"-";"-";"-";"-";"-";"-";"5";"1";"1";"1";"8";"10";"8";"8"
"Porteirão";"Energia Elétrica de Consumo Próprio - Consumo (Mwh)";"-";"-";"-";"-";" -   ";"-";"-";"-";"-";"-";"-";"0";"-";"1";"1";"1";"2";"19";"25";"23";"24"
"Porteirão";"Energia Elétrica na Iluminação Pública - Consumidores (número)";"1";"1";"1";"1";" 1 ";"1";"1";"1";"1";"1";"1";"1";"1";"3";"1";"1";"1";"1";"1";"1";"1"
"Porteirão";"Energia Elétrica no Setor Comercial - Consumidores (número)";"82";"92";"118";"125";" 154 ";"156";"152";"156";"157";"152";"146";"145";"143";"142";"129";"128";"123";"130";"132";"128";"124"
"Porteirão";"Energia Elétrica no Setor Comercial - Consumo (Mwh)";"537";"518";"557";"786";"762";"1.007";"921";"936";"975";"1.079";"887";"805";"743";"693";"758";"726";"740";"2.067";"1.925";"1.880";"1.736"
"Porteirão";"Energia Elétrica no Setor Industrial - Consumidores (número)";"8";"10";"7";"7";" 7 ";"7";"9";"9";"9";"10";"9";"9";"9";"6";"5";"5";"3";"4";"4";"2";"2"
"Porteirão";"Energia Elétrica no Setor Industrial - Consumo (Mwh)";"436";"444";"987";"524";"690";"675";"629";"515";"421";"479";"321";"347";"219";"90";"52";"46";"185";"29";"153";"270";"281"
"Porteirão";"Energia Elétrica Rural - Consumidores (número)";"100";"98";"98";"99";" 95 ";"95";"93";"89";"86";"88";"88";"87";"89";"92";"86";"88";"90";"108";"100";"98";"92"
"Porteirão";"Energia Elétrica Rural - Consumo (Mwh)";"938";"794";"852";"955";"1.018";"898";"1.005";"905";"1.022";"939";"744";"1.409";"1.374";"1.343";"1.288";"1.773";"2.110";"1.233";"1.402";"1.185";"1.467"
"Portelândia";"Energia Elétrica - Consumidores - Total (número)";"1.411";"1.428";"1.454";"1.504";" 1.533 ";"1.541";"1.549";"1.593";"1.644";"1.692";"1.761";"1.779";"1.754";"1.852";"1.828";"1.831";"1.856";"1.940";"1.911";"1.929";"1.977"
"Portelândia";"Capacidade Instalada de Energia - Total (MW)";"...";"...";"...";"...";"...";"...";"...";"...";"...";"...";"...";"...";"...";"...";"...";"...";"...";"...";"...";"...";"..."
"Portelândia";"Energia Elétrica - Consumo - Total (Mwh)";"5.678";"5.140";"5.830";"6.556";"7.158";"6.870";"7.125";"7.933";"8.729";"9.559";"9.410";"10.158";"10.383";"11.246";"11.863";"11.540";"11.993";"12.272";"12.154";"11.715";"11.824"
"Portelândia";"Energia Elétrica de Consumo Próprio - Consumidores (número)";"2";"2";"2";"2";" 2 ";"2";"2";"2";"2";"2";"2";"2";"2";"2";"2";"2";"2";"4";"4";"4";"4"
"Portelândia";"Energia Elétrica de Consumo Próprio - Consumo (Mwh)";"3";"2";"3";"4";" 4 ";"3";"1";"3";"2";"1";"8";"5";"9";"8";"8";"8";"5";"27";"10";"10";"11"
"Portelândia";"Energia Elétrica na Iluminação Pública - Consumidores (número)";"1";"1";"1";"1";" 1 ";"1";"1";"1";"1";"1";"1";"1";"1";"5";"1";"1";"1";"1";"1";"1";"1"
"Portelândia";"Energia Elétrica no Setor Comercial - Consumidores (número)";"88";"91";"103";"110";" 122 ";"121";"122";"127";"134";"134";"135";"130";"124";"125";"118";"122";"118";"139";"125";"125";"138"
"Portelândia";"Energia Elétrica no Setor Comercial - Consumo (Mwh)";"1.466";"1.297";"1.387";"1.587";"1.716";"1.352";"1.779";"2.160";"2.122";"1.989";"2.087";"2.365";"2.488";"2.533";"2.532";"2.418";"2.513";"3.236";"3.200";"2.906";"2.813"
"Portelândia";"Energia Elétrica no Setor Industrial - Consumidores (número)";"9";"9";"8";"8";" 7 ";"7";"6";"6";"6";"6";"6";"7";"7";"9";"7";"7";"7";"7";"7";"7";"7"
"Portelândia";"Energia Elétrica no Setor Industrial - Consumo (Mwh)";"469";"169";"398";"523";"688";"622";"603";"731";"744";"855";"818";"1.205";"1.151";"1.782";"2.241";"2.211";"2.451";"2.839";"2.424";"1.814";"1.880"
"Portelândia";"Energia Elétrica Rural - Consumidores (número)";"306";"306";"304";"323";" 326 ";"322";"321";"319";"325";"342";"341";"338";"337";"343";"328";"322";"326";"361";"337";"318";"325"
"Portelândia";"Energia Elétrica Rural - Consumo (Mwh)";"1.748";"1.680";"2.000";"2.292";"2.372";"2.453";"2.245";"2.410";"3.112";"3.845";"3.617";"3.714";"3.746";"3.964";"3.968";"3.672";"3.704";"2.606";"2.702";"3.030";"3.172"
"Posse";"Energia Elétrica - Consumidores - Total (número)";"8.117";"8.533";"8.820";"9.254";" 9.725 ";"10.135";"10.478";"11.032";"11.530";"11.936";"12.293";"12.652";"12.360";"13.586";"13.545";"14.082";"14.587";"15.166";"15.672";"15.894";"16.295"
"Posse";"Capacidade Instalada de Energia - Total (MW)";"...";"...";"...";"...";"...";"...";"...";"...";"...";"...";"...";"...";"...";"...";"...";"...";"...";"...";"...";"...";"..."
"Posse";"Energia Elétrica - Consumo - Total (Mwh)";"21.113";"20.054";"21.170";"22.303";"23.872";"25.557";"25.875";"30.417";"33.280";"34.274";"35.829";"37.374";"37.498";"39.532";"42.644";"43.033";"45.768";"47.604";"53.534";"55.926";"58.337"
"Posse";"Energia Elétrica de Consumo Próprio - Consumidores (número)";"3";"3";"3";"3";" 3 ";"3";"3";"3";"3";"3";"3";"3";"3";"4";"4";"4";"4";"14";"14";"16";"14"
"Posse";"Energia Elétrica de Consumo Próprio - Consumo (Mwh)";"20";"4";"4";"4";" 8 ";"6";"7";"10";"12";"11";"12";"6";"4";"15";"16";"15";"15";"74";"46";"43";"48"
"Posse";"Energia Elétrica na Iluminação Pública - Consumidores (número)";"5";"5";"5";"5";" 5 ";"8";"8";"8";"8";"8";"8";"8";"8";"8";"9";"1";"1";"1";"1";"3";"3"
"Posse";"Energia Elétrica no Setor Comercial - Consumidores (número)";"550";"594";"613";"663";" 1.124 ";"1.112";"1.084";"1.132";"1.183";"1.185";"1.218";"1.222";"1.199";"1.244";"1.179";"1.201";"1.173";"1.156";"1.159";"1.110";"1.124"
"Posse";"Energia Elétrica no Setor Comercial - Consumo (Mwh)";"3.023";"2.862";"3.001";"3.180";"4.279";"5.006";"5.289";"5.764";"6.232";"6.556";"6.888";"6.875";"6.982";"7.422";"8.693";"7.000";"7.130";"7.091";"7.692";"8.266";"8.952"
"Posse";"Energia Elétrica no Setor Industrial - Consumidores (número)";"63";"59";"63";"62";" 48 ";"45";"39";"36";"35";"34";"32";"31";"28";"28";"27";"28";"27";"28";"28";"27";"28"
"Posse";"Energia Elétrica no Setor Industrial - Consumo (Mwh)";"4.996";"3.703";"4.007";"4.468";"4.570";"2.550";"3.438";"5.492";"6.430";"5.781";"5.939";"5.919";"7.407";"6.226";"6.664";"7.787";"8.804";"9.260";"10.461";"9.847";"10.061"
"Posse";"Energia Elétrica Rural - Consumidores (número)";"841";"885";"964";"1.044";" 1.239 ";"1.545";"1.538";"1.563";"1.571";"1.582";"1.605";"1.618";"1.552";"1.734";"1.727";"1.808";"2.050";"2.308";"2200";"2.053";"2.039"
"Posse";"Energia Elétrica Rural - Consumo (Mwh)";"1.076";"1.034";"1.202";"1.214";"1.369";"3.367";"1.924";"2.308";"2.377";"2.440";"2.557";"2.725";"2.613";"3.172";"3.604";"3.958";"4.237";"4.367";"4.671";"4.812";"4.774"
"Professor Jamil";"Energia Elétrica - Consumidores - Total (número)";"1.033";"1.068";"1.133";"1.167";" 1.170 ";"1.202";"1.223";"1.250";"1.278";"1.327";"1.419";"1.453";"1.481";"1.616";"1.592";"1.644";"1.679";"1.787";"1.803";"1.829";"1.880"
"Professor Jamil";"Capacidade Instalada de Energia - Total (MW)";"...";"...";"...";"...";"...";"...";"...";"...";"...";"...";"...";"...";"...";"...";"...";"...";"...";"...";"...";"...";"..."
"Professor Jamil";"Energia Elétrica - Consumo - Total (Mwh)";"2.518";"3.543";"3.563";"3.726";"3.183";"3.448";"3.540";"3.963";"4.735";"4.920";"5.054";"5.238";"5.418";"5.711";"6.086";"6.467";"6.484";"6.919";"7.173";"7.752";"8.219"
"Professor Jamil";"Energia Elétrica de Consumo Próprio - Consumidores (número)";"-";"-";"-";"1";" 1 ";"1";"1";"1";"-";"-";"-";"-";"-";"1";"1";"3";"1";"3";"5";"5";"5"
"Professor Jamil";"Energia Elétrica de Consumo Próprio - Consumo (Mwh)";"-";"-";"-";"-";" -   ";"1";"0";"1";"-";"-";"-";"0";"-";"19";"-2";"1";"3";"15";"10";"123";"17"
"Professor Jamil";"Energia Elétrica na Iluminação Pública - Consumidores (número)";"1";"1";"1";"1";" 1 ";"1";"1";"1";"1";"1";"1";"1";"1";"3";"1";"1";"1";"1";"1";"1";"1"
"Professor Jamil";"Energia Elétrica no Setor Comercial - Consumidores (número)";"69";"74";"82";"81";" 92 ";"97";"99";"103";"103";"103";"108";"103";"107";"115";"107";"105";"102";"108";"111";"104";"102"
"Professor Jamil";"Energia Elétrica no Setor Comercial - Consumo (Mwh)";"233";"333";"387";"366";"414";"608";"464";"492";"492";"515";"619";"725";"745";"791";"791";"817";"880";"860";"926";"928";"919"
"Professor Jamil";"Energia Elétrica no Setor Industrial - Consumidores (número)";"10";"11";"10";"10";" 10 ";"9";"9";"11";"11";"10";"9";"9";"9";"8";"7";"8";"7";"7";"7";"7";"7"
"Professor Jamil";"Energia Elétrica no Setor Industrial - Consumo (Mwh)";"224";"900";"762";"928";"252";"200";"271";"479";"1.233";"1.115";"829";"761";"874";"835";"950";"1.019";"998";"1.310";"1.274";"1.459";"1.687"
"Professor Jamil";"Energia Elétrica Rural - Consumidores (número)";"170";"180";"217";"232";" 237 ";"243";"250";"251";"257";"276";"286";"301";"305";"328";"345";"362";"395";"449";"430";"444";"454"
"Professor Jamil";"Energia Elétrica Rural - Consumo (Mwh)";"533";"703";"697";"722";"774";"894";"966";"1.040";"1.040";"1.169";"1.277";"1.333";"1.356";"1.546";"1.690";"1.856";"1.743";"1.812";"1.921";"1.938";"2.035"
"Quirinópolis";"Energia Elétrica - Consumidores - Total (número)";"13.827";"14.169";"14.601";"15.111";" 15.632 ";"16.205";"16.706";"17.498";"18.198";"18.789";"19.798";"20.027";"20.197";"20.965";"20.876";"21.520";"21.885";"22.786";"22.830";"23.339";"23.998"
"Quirinópolis";"Capacidade Instalada de Energia - Total (MW)";"...";"...";"...";"...";"...";"...";"...";"...";"...";"...";"...";"...";"...";"...";"...";"...";"...";"...";"...";"...";"..."
"Quirinópolis";"Energia Elétrica - Consumo - Total (Mwh)";"43.739";"45.579";"49.394";"56.242";"53.905";"57.779";"58.810";"64.670";"68.688";"75.653";"79.586";"75.757";"76.771";"81.066";"84.177";"86.728";"89.586";"93.872";"101.799";"115.892";"115.508"
"Quirinópolis";"Energia Elétrica de Consumo Próprio - Consumidores (número)";"2";"3";"3";"3";" 2 ";"2";"2";"2";"2";"2";"2";"2";"2";"4";"4";"4";"4";"9";"14";"14";"14"
"Quirinópolis";"Energia Elétrica de Consumo Próprio - Consumo (Mwh)";"24";"24";"34";"29";" 31 ";"34";"33";"29";"29";"30";"34";"34";"32";"139";"86";"95";"89";"185";"153";"152";"106"
"Quirinópolis";"Energia Elétrica na Iluminação Pública - Consumidores (número)";"1";"1";"1";"1";" 1 ";"1";"1";"1";"1";"1";"1";"1";"1";"3";"1";"1";"1";"1";"1";"1";"1"
"Quirinópolis";"Energia Elétrica no Setor Comercial - Consumidores (número)";"825";"844";"892";"971";" 1.199 ";"1.215";"1.213";"1.242";"1.290";"1.375";"1.404";"1.361";"1.336";"1.340";"1.318";"1.305";"1.269";"1.276";"1.242";"1.240";"1.226"
"Quirinópolis";"Energia Elétrica no Setor Comercial - Consumo (Mwh)";"7.813";"7.838";"8.486";"9.628";"10.384";"11.249";"12.739";"13.841";"15.517";"17.760";"18.689";"16.658";"15.361";"15.205";"16.128";"14.713";"15.356";"16.374";"17.633";"20.094";"19.907"
"Quirinópolis";"Energia Elétrica no Setor Industrial - Consumidores (número)";"96";"92";"90";"94";" 94 ";"99";"91";"83";"78";"72";"75";"73";"73";"64";"65";"61";"61";"60";"59";"56";"62"
"Quirinópolis";"Energia Elétrica no Setor Industrial - Consumo (Mwh)";"3.044";"4.668";"6.295";"10.048";"4.748";"2.926";"1.525";"1.293";"1.534";"2.143";"5.468";"1.892";"2.412";"5.988";"5.533";"5.592";"6.134";"7.930";"5.818";"6.459";"5.844"
"Quirinópolis";"Energia Elétrica Rural - Consumidores (número)";"1.653";"1.685";"1.747";"1.828";" 1.809 ";"1.810";"1.839";"1.845";"1.813";"1.808";"1.807";"1.813";"1.858";"1.929";"1.920";"1.971";"2.027";"2.247";"2110";"2.128";"2.162"
"Quirinópolis";"Energia Elétrica Rural - Consumo (Mwh)";"8.908";"8.731";"9.121";"8.885";"9.550";"10.369";"9.654";"10.631";"10.076";"10.882";"9.555";"11.552";"11.700";"11.155";"11.811";"13.296";"13.305";"12.458";"14.315";"16.738";"15.282"
"Rialma";"Energia Elétrica - Consumidores - Total (número)";"3.680";"3.752";"3.845";"4.335";" 4.035 ";"4.129";"4.225";"4.367";"4.535";"4.634";"4.784";"4.950";"5.081";"5.244";"5.389";"5.556";"27.716";"5.775";"5.883";"6.020";"6.193"
"Rialma";"Capacidade Instalada de Energia - Total (MW)";"...";"...";"...";"...";"...";"...";"...";"...";"...";"...";"...";"...";"...";"...";"...";"...";"...";"...";"...";"...";"..."
"Rialma";"Energia Elétrica - Consumo - Total (Mwh)";"11.481";"11.683";"12.756";"13.454";"13.905";"13.603";"12.940";"13.805";"13.497";"14.507";"16.722";"16.659";"17.913";"21.380";"22.953";"20.110";"26.960";"28.569";"28.573";"33.098";"34.609"
"Rialma";"Energia Elétrica de Consumo Próprio - Consumidores (número)";"-";"-";"-";"-";" -   ";"0";"1";"1";"1";"1";"1";"0";"-";"0";"0";"0";"";"0";"0";"-";"-"
"Rialma";"Energia Elétrica de Consumo Próprio - Consumo (Mwh)";"-";"-";"-";"-";" -   ";"-";"2";"1";"2";"2";"2";"0";"0";"0";" -   ";" -   ";"0";"0";"0";"0";"0"
"Rialma";"Energia Elétrica na Iluminação Pública - Consumidores (número)";"3";"3";"3";"4";" 3 ";"3";"3";"3";"3";"3";"3";"3";"3";"5";"3";"3";"690";"1";"1";"1";"1"
"Rialma";"Energia Elétrica no Setor Comercial - Consumidores (número)";"278";"296";"338";"331";" 357 ";"372";"384";"410";"423";"450";"455";"464";"463";"484";"502";"528";"3.409";"550";"575";"601";"605"
"Rialma";"Energia Elétrica no Setor Comercial - Consumo (Mwh)";"1.399";"1.412";"1.662";"1.831";"2.037";"2.097";"2.049";"2.418";"2.415";"2.648";"2.793";"2.654";"2.977";"3.080";"3.442";"3.495";"3.409";"3.728";"3.997";"4.289";"4.486"
"Rialma";"Energia Elétrica no Setor Industrial - Consumidores (número)";"37";"40";"42";"112";" 40 ";"45";"41";"31";"32";"18";"20";"20";"21";"21";"20";"20";"9.632";"18";"18";"20";"18"
"Rialma";"Energia Elétrica no Setor Industrial - Consumo (Mwh)";"3.321";"3.434";"4.004";"4.530";"4.398";"3.563";"2.650";"2.575";"2.043";"1.597";"3.143";"2.624";"2.924";"6.041";"6.178";"2.823";"8.877";"9.615";"9.366";"10.371";"10.092"
"Rialma";"Energia Elétrica Rural - Consumidores (número)";"297";"299";"302";"336";" 320 ";"318";"322";"327";"325";"319";"328";"342";"350";"359";"344";"363";"4.213";"362";"350";"342";"303"
"Rialma";"Energia Elétrica Rural - Consumo (Mwh)";"1.061";"939";"1.086";"994";"1.040";"1.096";"1.335";"1.314";"1.257";"1.501";"1.842";"2.273";"2.386";"2.698";"3.457";"3.551";"4.213";"4.333";"3.066";"5.254";"5.937"
"Rianápolis";"Energia Elétrica - Consumidores - Total (número)";"1.557";"1.583";"1.605";"1.691";" 1.601 ";"1.642";"1.815";"1.869";"1.904";"1.982";"2.023";"2.023";"2.044";"2.046";"2058";"2.102";"6.675";"2.149";"2.152";"2.164";"2.176"
"Rianápolis";"Capacidade Instalada de Energia - Total (MW)";"...";"...";"...";"...";"...";"...";"...";"...";"...";"...";"...";"...";"...";"...";"...";"...";"...";"...";"...";"...";"..."
"Rianápolis";"Energia Elétrica - Consumo - Total (Mwh)";"5.485";"6.101";"6.907";"6.685";"7.539";"10.318";"10.795";"11.330";"11.694";"13.428";"10.829";"10.322";"10.585";"9.414";"8.561";"7.035";"6.674";"6.726";"7.790";"8.053";"8.522"
"Rianápolis";"Energia Elétrica de Consumo Próprio - Consumidores (número)";"3";"3";"3";"-";" 3 ";"3";"3";"3";"3";"3";"3";"1";"1";"1";"1";"1";"3";"1";"1";"1";"1"
"Rianápolis";"Energia Elétrica de Consumo Próprio - Consumo (Mwh)";"4";"5";"5";"3";" 4 ";"4";"3";"4";"4";"5";"6";"4";"3";"3";"3";"3";"3";"3";"3";"4";"3"
"Rianápolis";"Energia Elétrica na Iluminação Pública - Consumidores (número)";"2";"2";"2";"2";" 2 ";"3";"2";"2";"2";"2";"2";"2";"2";"2";"2";"2";"328";"1";"1";"1";"1"
"Rianápolis";"Energia Elétrica no Setor Comercial - Consumidores (número)";"124";"131";"139";"153";" 153 ";"156";"169";"180";"185";"189";"189";"195";"191";"202";"208";"217";"1.115";"223";"218";"215";"208"
"Rianápolis";"Energia Elétrica no Setor Comercial - Consumo (Mwh)";"630";"669";"744";"847";"943";"1.054";"1.091";"980";"1.035";"1.201";"1.218";"1.121";"1.169";"1.124";"1.196";"1.134";"1.115";"1.314";"1.706";"2.253";"2.724"
"Rianápolis";"Energia Elétrica no Setor Industrial - Consumidores (número)";"14";"13";"12";"68";" 12 ";"12";"13";"8";"10";"7";"7";"8";"8";"8";"7";"7";"1.108";"6";"7";"5";"4"
"Rianápolis";"Energia Elétrica no Setor Industrial - Consumo (Mwh)";"2.061";"2.626";"3.250";"2.742";"3.440";"5.832";"5.691";"6.528";"6.825";"8.119";"5.467";"4.924";"5.126";"3.882";"3.304";"1.616";"1.108";"1.019";"886";"497";"123"
"Rianápolis";"Energia Elétrica Rural - Consumidores (número)";"133";"143";"151";"226";" 70 ";"57";"178";"181";"177";"182";"200";"207";"214";"218";"218";"230";"1.131";"219";"219";"217";"186"
"Rianápolis";"Energia Elétrica Rural - Consumo (Mwh)";"467";"424";"490";"670";"695";"729";"862";"900";"811";"782";"792";"938";"830";"973";"813";"954";"1.131";"890";"1.223";"1.030";"1.036"
"Rio Quente";"Energia Elétrica - Consumidores - Total (número)";"1.787";"1.986";"2.338";"2.428";" 2.526 ";"2.618";"2.869";"3.002";"3.085";"3.128";"3.182";"3.235";"3.240";"3.390";"3.344";"3.349";"3.366";"3.502";"3.515";"3.582";"3.621"
"Rio Quente";"Capacidade Instalada de Energia - Total (MW)";"...";"...";"...";"...";"...";"...";"...";"...";"...";"...";"...";"...";"...";"...";"...";"...";"...";"...";"...";"...";"..."
"Rio Quente";"Energia Elétrica - Consumo - Total (Mwh)";"13.280";"13.529";"15.166";"15.599";"17.793";"19.074";"19.579";"20.824";"23.996";"24.831";"24.253";"24.929";"28.249";"26.790";"29.267";"22.784";"24.211";"27.822";"30.845";"33.197";"34.458"
"Rio Quente";"Energia Elétrica de Consumo Próprio - Consumidores (número)";"2";"2";"2";"2";" 2 ";"2";"1";"1";"1";"-";"-";"-";"-";"1";"1";"1";"1";"3";"5";"5";"5"
"Rio Quente";"Energia Elétrica de Consumo Próprio - Consumo (Mwh)";"3";"4";"4";"5";" 8 ";"6";"2";"1";"-";"2";"-";"0";"-";"41";"75";"61";"47";"58";"62";"47";"48"
"Rio Quente";"Energia Elétrica na Iluminação Pública - Consumidores (número)";"1";"1";"1";"1";" 1 ";"1";"1";"1";"1";"1";"1";"1";"1";"1";"1";"1";"1";"1";"1";"1";"1"
"Rio Quente";"Energia Elétrica no Setor Comercial - Consumidores (número)";"136";"141";"150";"150";" 208 ";"230";"246";"257";"270";"278";"276";"278";"280";"276";"265";"258";"246";"247";"234";"225";"210"
"Rio Quente";"Energia Elétrica no Setor Comercial - Consumo (Mwh)";"9.751";"9.570";"10.823";"11.064";"12.882";"13.821";"13.891";"14.705";"17.339";"17.661";"16.753";"17.295";"20.432";"18.990";"20.681";"14.681";"16.234";"19.755";"22.137";"23.696";"24.722"
"Rio Quente";"Energia Elétrica no Setor Industrial - Consumidores (número)";"13";"10";"10";"9";" 4 ";"3";"3";"3";"3";"3";"3";"3";"3";"3";"3";"3";"2";"2";"2";"2";"2"
"Rio Quente";"Energia Elétrica no Setor Industrial - Consumo (Mwh)";"68";"57";"46";"50";"37";"51";"70";"77";"78";"79";"79";"73";"73";"71";"67";"69";"69";"77";"107";"112";"119"
"Rio Quente";"Energia Elétrica Rural - Consumidores (número)";"206";"218";"228";"225";" 223 ";"231";"233";"236";"244";"248";"255";"260";"261";"270";"274";"277";"289";"323";"303";"311";"315"
"Rio Quente";"Energia Elétrica Rural - Consumo (Mwh)";"666";"665";"656";"612";"640";"741";"721";"771";"858";"1.005";"958";"921";"998";"1.123";"1.127";"1.085";"1.013";"871";"945";"959";"897"
"Rio Verde";"Energia Elétrica - Consumidores - Total (número)";"49.026";"51.595";"52.705";"57.702";" 60.431 ";"63.138";"65.440";"68.294";"70.789";"74.299";"77.185";"78.413";"77.814";"84.683";"85.349";"88.770";"91.116";"94.621";"96.184";"98.541";"101.614"
"Rio Verde";"Capacidade Instalada de Energia - Total (MW)";"...";"...";"...";"...";"...";"...";"...";"...";"...";"...";"...";"...";"...";"...";"...";"...";"...";"...";"...";"...";"..."
"Rio Verde";"Energia Elétrica - Consumo - Total (Mwh)";"387.142";"428.355";"505.810";"564.695";"563.538";"613.746";"637.116";"676.770";"684.864";"732.460";"748.570";"729.927";"792.556";"798.426";"823.161";"837.108";"818.568";"903.159";"944.841";"1.021.830";"1.055.305"
"Rio Verde";"Energia Elétrica de Consumo Próprio - Consumidores (número)";"3";"3";"3";"2";" 3 ";"3";"3";"3";"3";"3";"3";"3";"3";"12";"12";"12";"12";"48";"51";"51";"52"
"Rio Verde";"Energia Elétrica de Consumo Próprio - Consumo (Mwh)";"79";"88";"79";"88";" 107 ";"109";"109";"104";"84";"87";"79";"85";"83";"524";"498";"435";"413";"888";"568";"673";"642"
"Rio Verde";"Energia Elétrica na Iluminação Pública - Consumidores (número)";"5";"5";"5";"5";" 5 ";"5";"5";"5";"5";"5";"5";"5";"5";"6";"5";"1";"1";"1";"1";"1";"1"
"Rio Verde";"Energia Elétrica no Setor Comercial - Consumidores (número)";"3.278";"3.651";"3.963";"4.229";" 4.882 ";"5.020";"5.089";"5.097";"5.080";"5.206";"5.210";"4.944";"4.836";"4.929";"4.774";"4.768";"4.721";"4.872";"4.801";"4.874";"4.878"
"Rio Verde";"Energia Elétrica no Setor Comercial - Consumo (Mwh)";"40.368";"40.004";"44.293";"51.695";"57.620";"64.885";"70.669";"75.313";"80.151";"85.371";"92.243";"91.233";"93.930";"95.083";"98.791";"90.705";"94.404";"112.399";"124.559";"149.128";"151.939"
"Rio Verde";"Energia Elétrica no Setor Industrial - Consumidores (número)";"293";"275";"266";"242";" 252 ";"691";"1.000";"1.366";"1.437";"1.337";"1.183";"1.108";"1.079";"1.067";"1.015";"994";"963";"973";"946";"938";"924"
"Rio Verde";"Energia Elétrica no Setor Industrial - Consumo (Mwh)";"209.976";"241.614";"294.385";"336.793";"319.089";"347.992";"358.661";"374.757";"361.499";"389.784";"389.467";"367.040";"419.360";"402.714";"412.222";"410.375";"374.722";"426.246";"423.725";"424.400";"449.330"
"Rio Verde";"Energia Elétrica Rural - Consumidores (número)";"3.134";"3.283";"3.436";"3.550";" 3.671 ";"3.762";"3.806";"3.851";"3.821";"4.098";"4.179";"4.266";"3.392";"4.417";"4.474";"4.581";"4.687";"5.104";"4932";"4.980";"5.097"
"Rio Verde";"Energia Elétrica Rural - Consumo (Mwh)";"36.135";"40.602";"50.988";"52.885";"53.973";"59.997";"60.445";"66.446";"72.670";"70.650";"74.169";"77.676";"79.413";"87.339";"88.493";"98.662";"101.901";"89.419";"95.264";"105.107";"105.813"
"Rubiataba";"Energia Elétrica - Consumidores - Total (número)";"6.930";"7.182";"7.490";"7.698";" 7.835 ";"8.047";"8.165";"8.375";"8.602";"8.848";"9.001";"9.081";"8.880";"9.501";"9.546";"9.679";"9.836";"10.147";"10.149";"10.110";"10.298"
"Rubiataba";"Capacidade Instalada de Energia - Total (MW)";"...";"...";"...";"...";"...";"...";"...";"...";"...";"...";"...";"...";"...";"...";"...";"...";"...";"...";"...";"...";"..."
"Rubiataba";"Energia Elétrica - Consumo - Total (Mwh)";"22.020";"29.230";"15.729";"16.365";"17.158";"18.458";"18.725";"20.204";"21.976";"22.202";"23.696";"24.109";"24.260";"25.565";"26.373";"26.237";"26.540";"28.308";"30.664";"32.588";"33.641"
"Rubiataba";"Energia Elétrica de Consumo Próprio - Consumidores (número)";"2";"1";"1";"1";" 1 ";"1";"1";"1";"1";"1";"1";"1";"1";"2";"2";"2";"2";"5";"5";"5";"5"
"Rubiataba";"Energia Elétrica de Consumo Próprio - Consumo (Mwh)";"4";"4";"5";"6";" 6 ";"8";"12";"8";"9";"341";"9";"9";"6";"14";"54";"52";"47";"85";"62";"68";"79"
"Rubiataba";"Energia Elétrica na Iluminação Pública - Consumidores (número)";"5";"5";"5";"5";" 5 ";"5";"5";"5";"5";"5";"5";"5";"5";"5";"5";"1";"1";"1";"1";"5";"4"
"Rubiataba";"Energia Elétrica no Setor Comercial - Consumidores (número)";"496";"502";"520";"536";" 707 ";"684";"688";"694";"690";"711";"736";"722";"688";"705";"674";"677";"682";"685";"695";"672";"689"
"Rubiataba";"Energia Elétrica no Setor Comercial - Consumo (Mwh)";"1.751";"1.858";"2.147";"2.453";"2.879";"3.125";"3.094";"3.352";"3.535";"3.541";"3.929";"3.883";"3.828";"3.769";"4.100";"3.780";"3.880";"4.039";"4.429";"4.626";"4.704"
"Rubiataba";"Energia Elétrica no Setor Industrial - Consumidores (número)";"93";"89";"79";"79";" 61 ";"63";"60";"58";"59";"58";"62";"57";"55";"52";"49";"48";"56";"50";"51";"50";"51"
"Rubiataba";"Energia Elétrica no Setor Industrial - Consumo (Mwh)";"8.988";"15.864";"1.718";"1.720";"1.501";"1.530";"1.360";"1.755";"2.097";"1.810";"1.838";"1.829";"1.835";"2.193";"1.849";"1.486";"1.122";"1.792";"1.784";"2.586";"2.276"
"Rubiataba";"Energia Elétrica Rural - Consumidores (número)";"832";"890";"972";"975";" 970 ";"972";"960";"970";"1.013";"1.024";"1.018";"1.024";"1.033";"1.064";"1.086";"1.088";"1.093";"1.288";"1243";"1.241";"1.283"
"Rubiataba";"Energia Elétrica Rural - Consumo (Mwh)";"1.814";"1.946";"2.115";"2.069";"2.315";"2.643";"2.491";"2.631";"3.138";"3.127";"3.186";"3.288";"3.381";"3.671";"3.732";"4.035";"4.262";"4.011";"4.462";"4.514";"4.505"
"Sanclerlândia";"Energia Elétrica - Consumidores - Total (número)";"3.058";"3.135";"3.215";"3.318";" 3.390 ";"3.484";"3.563";"3.635";"3.738";"3.830";"3.861";"3.925";"3.740";"4.154";"4.203";"4.315";"4.445";"4.617";"4.639";"4.720";"4.844"
"Sanclerlândia";"Capacidade Instalada de Energia - Total (MW)";"...";"...";"...";"...";"...";"...";"...";"...";"...";"...";"...";"...";"...";"...";"...";"...";"...";"...";"...";"...";"..."
"Sanclerlândia";"Energia Elétrica - Consumo - Total (Mwh)";"8.388";"9.246";"9.866";"10.075";"10.422";"10.580";"10.792";"10.129";"9.636";"9.949";"10.929";"11.017";"10.857";"12.090";"12.961";"13.241";"14.101";"14.692";"15.584";"17.077";"17.389"
"Sanclerlândia";"Energia Elétrica de Consumo Próprio - Consumidores (número)";"2";"2";"2";"2";" 2 ";"2";"2";"2";"2";"2";"2";"2";"2";"2";"2";"2";"2";"2";"4";"4";"4"
"Sanclerlândia";"Energia Elétrica de Consumo Próprio - Consumo (Mwh)";"4";"3";"8";"8";" 8 ";"9";"12";"8";"5";"1";"7";"6";"3";"6";"4";"4";"4";"3";"6";"12";"7"
"Sanclerlândia";"Energia Elétrica na Iluminação Pública - Consumidores (número)";"3";"3";"3";"3";" 3 ";"3";"3";"3";"3";"3";"3";"3";"3";"7";"3";"1";"1";"1";"1";"2";"1"
"Sanclerlândia";"Energia Elétrica no Setor Comercial - Consumidores (número)";"229";"242";"246";"255";" 290 ";"308";"308";"310";"322";"329";"328";"316";"308";"311";"299";"293";"293";"292";"291";"284";"294"
"Sanclerlândia";"Energia Elétrica no Setor Comercial - Consumo (Mwh)";"859";"930";"1.179";"1.264";"1.398";"1.496";"1.530";"1.648";"1.741";"1.888";"2.116";"1.987";"1.920";"2.000";"2.099";"2.016";"1.967";"1.967";"2.097";"2.229";"2.380"
"Sanclerlândia";"Energia Elétrica no Setor Industrial - Consumidores (número)";"28";"34";"37";"39";" 40 ";"39";"43";"43";"44";"42";"39";"40";"37";"40";"36";"37";"37";"36";"38";"37";"38"
"Sanclerlândia";"Energia Elétrica no Setor Industrial - Consumo (Mwh)";"2.232";"2.783";"3.136";"3.087";"3.005";"2.646";"2.786";"1.479";"642";"528";"617";"724";"802";"829";"1.077";"1.178";"1.328";"1.919";"1.724";"1.692";"1.818"
"Sanclerlândia";"Energia Elétrica Rural - Consumidores (número)";"399";"414";"434";"463";" 467 ";"472";"486";"494";"499";"503";"507";"523";"529";"544";"555";"567";"602";"667";"652";"660";"662"
"Sanclerlândia";"Energia Elétrica Rural - Consumo (Mwh)";"1.220";"1.182";"1.274";"1.268";"1.373";"1.539";"1.496";"1.614";"1.592";"1.644";"1.798";"1.799";"1.786";"2.211";"2.303";"2.283";"2.358";"2.376";"2.493";"2.601";"2.537"
"Santa Bárbara de Goiás";"Energia Elétrica - Consumidores - Total (número)";"2.002";"2.038";"2.070";"2.119";" 2.181 ";"2.239";"2.311";"2.392";"2.479";"2.568";"2.643";"2.663";"2.703";"2.782";"2.772";"2.881";"2.985";"3.125";"3.174";"3.210";"3.322"
"Santa Bárbara de Goiás";"Capacidade Instalada de Energia - Total (MW)";"...";"...";"...";"...";"...";"...";"...";"...";"...";"...";"...";"...";"...";"...";"...";"...";"...";"...";"...";"...";"..."
"Santa Bárbara de Goiás";"Energia Elétrica - Consumo - Total (Mwh)";"6.772";"6.927";"7.185";"7.133";"7.807";"8.258";"8.713";"9.269";"10.420";"11.063";"10.408";"9.126";"9.095";"9.232";"9.676";"10.535";"11.266";"11.110";"11.903";"12.609";"13.404"
"Santa Bárbara de Goiás";"Energia Elétrica de Consumo Próprio - Consumidores (número)";"2";"2";"2";"2";" 2 ";"2";"2";"2";"2";"2";"2";"2";"2";"2";"2";"2";"2";"3";"4";"4";"4"
"Santa Bárbara de Goiás";"Energia Elétrica de Consumo Próprio - Consumo (Mwh)";"1";"1";"1";"1";" 1 ";"1";"0";"1";"-";"-";"1";"1";"1";"10";"7";"2";"3";"12";"7";"15";"10"
"Santa Bárbara de Goiás";"Energia Elétrica na Iluminação Pública - Consumidores (número)";"1";"1";"1";"1";" 1 ";"1";"1";"1";"1";"1";"1";"1";"1";"1";"1";"1";"1";"1";"2";"1";"1"
"Santa Bárbara de Goiás";"Energia Elétrica no Setor Comercial - Consumidores (número)";"125";"132";"135";"134";" 161 ";"163";"164";"170";"175";"174";"171";"168";"168";"163";"156";"161";"159";"160";"159";"159";"155"
"Santa Bárbara de Goiás";"Energia Elétrica no Setor Comercial - Consumo (Mwh)";"440";"503";"522";"548";"624";"774";"802";"871";"941";"982";"996";"851";"878";"874";"889";"911";"944";"1.049";"1.119";"1.211";"1.234"
"Santa Bárbara de Goiás";"Energia Elétrica no Setor Industrial - Consumidores (número)";"39";"40";"36";"37";" 29 ";"28";"29";"30";"30";"30";"29";"27";"26";"25";"25";"28";"31";"28";"29";"27";"29"
"Santa Bárbara de Goiás";"Energia Elétrica no Setor Industrial - Consumo (Mwh)";"2.844";"2.859";"2.896";"2.830";"3.035";"3.302";"3.424";"3.464";"4.105";"4.321";"3.637";"2.634";"2.487";"2.495";"2.663";"3.054";"3.195";"3.178";"2.813";"3.077";"3.287"
"Santa Bárbara de Goiás";"Energia Elétrica Rural - Consumidores (número)";"195";"195";"205";"208";" 206 ";"207";"209";"214";"223";"220";"225";"229";"230";"236";"247";"269";"271";"332";"296";"284";"311"
"Santa Bárbara de Goiás";"Energia Elétrica Rural - Consumo (Mwh)";"855";"870";"965";"972";"1.054";"1.083";"1.120";"1.153";"1.297";"1.438";"1.396";"1.302";"1.269";"1.356";"1.527";"1.721";"1.810";"1.556";"1.621";"1.701";"1.810"
"Santa Cruz de Goiás";"Energia Elétrica - Consumidores - Total (número)";"1.071";"1.095";"1.172";"1.398";" 1.426 ";"1.438";"1.459";"1.476";"1.490";"1.540";"1.573";"1.538";"1.383";"1.625";"1.618";"1.683";"1.727";"1.922";"1.870";"1.891";"1.952"
"Santa Cruz de Goiás";"Capacidade Instalada de Energia - Total (MW)";"...";"...";"...";"...";"...";"...";"...";"...";"...";"...";"...";"...";"...";"...";"...";"...";"...";"...";"...";"...";"..."
"Santa Cruz de Goiás";"Energia Elétrica - Consumo - Total (Mwh)";"4.301";"4.273";"4.346";"5.107";"5.503";"6.174";"6.077";"7.055";"7.331";"7.185";"7.684";"8.058";"64.543";"8.977";"9.685";"10.277";"10.516";"10.336";"10.636";"10.901";"10.803"
"Santa Cruz de Goiás";"Energia Elétrica de Consumo Próprio - Consumidores (número)";"1";"1";"1";"1";" 1 ";"1";"1";"1";"1";"1";"1";"1";"1";"1";"1";"1";"1";"1";"1";"1";"1"
"Santa Cruz de Goiás";"Energia Elétrica de Consumo Próprio - Consumo (Mwh)";"-";"-";"-";"-";" -   ";"0";"0";"-";"-";"-";"0";"0";"0";"0";" -   ";" -   ";"1";"1";"1";"1";"1"
"Santa Cruz de Goiás";"Energia Elétrica na Iluminação Pública - Consumidores (número)";"2";"2";"2";"2";" 2 ";"2";"2";"2";"2";"2";"2";"2";"2";"6";"2";"1";"1";"1";"1";"1";"1"
"Santa Cruz de Goiás";"Energia Elétrica no Setor Comercial - Consumidores (número)";"50";"47";"47";"50";" 62 ";"65";"67";"67";"68";"67";"65";"57";"43";"58";"55";"57";"56";"59";"57";"57";"49"
"Santa Cruz de Goiás";"Energia Elétrica no Setor Comercial - Consumo (Mwh)";"158";"182";"180";"217";"303";"329";"319";"330";"350";"348";"329";"331";"306";"375";"394";"543";"752";"884";"786";"793";"765"
"Santa Cruz de Goiás";"Energia Elétrica no Setor Industrial - Consumidores (número)";"5";"4";"4";"3";" 2 ";"2";"2";"2";"1";"1";"1";"1";"0";"1";"1";"1";"1";"1";"1";"1";"1"
"Santa Cruz de Goiás";"Energia Elétrica no Setor Industrial - Consumo (Mwh)";"195";"117";"66";"42";"11";"16";"12";"8";"9";"8";"10";"7";"-";"6";"4";"1";"2";"32";"2";"2";"2"
"Santa Cruz de Goiás";"Energia Elétrica Rural - Consumidores (número)";"479";"505";"568";"794";" 798 ";"805";"824";"836";"834";"857";"882";"864";"870";"903";"910";"950";"979";"1.133";"1069";"1.073";"1.103"
"Santa Cruz de Goiás";"Energia Elétrica Rural - Consumo (Mwh)";"2.615";"2.731";"2.870";"3.615";"3.963";"4.598";"4.521";"5.329";"5.548";"5.371";"6.015";"6.259";"63.074";"7.091";"7.931";"8.336";"8.341";"7.889";"8.038";"8.269";"8.157"
"Santa Fé de Goiás";"Energia Elétrica - Consumidores - Total (número)";"1.736";"1.819";"1.860";"1.911";" 1.942 ";"1.970";"1.985";"2.009";"2.054";"2.215";"2.272";"2.249";"2.273";"2.331";"2.290";"2.314";"2.334";"2.438";"2.451";"2.458";"2.455"
"Santa Fé de Goiás";"Capacidade Instalada de Energia - Total (MW)";"...";"...";"...";"...";"...";"...";"...";"...";"...";"...";"...";"...";"...";"...";"...";"...";"...";"...";"...";"...";"..."
"Santa Fé de Goiás";"Energia Elétrica - Consumo - Total (Mwh)";"12.684";"14.156";"16.304";"12.284";"15.805";"18.678";"18.525";"21.481";"14.012";"22.128";"23.055";"27.468";"27.712";"26.843";"23.241";"27.049";"25.582";"28.263";"29.190";"30.706";"34.415"
"Santa Fé de Goiás";"Energia Elétrica de Consumo Próprio - Consumidores (número)";"2";"2";"2";"2";" 1 ";"1";"1";"1";"1";"1";"1";"1";"1";"1";"1";"1";"1";"4";"4";"4";"4"
"Santa Fé de Goiás";"Energia Elétrica de Consumo Próprio - Consumo (Mwh)";"2";"1";"3";"4";" 3 ";"1";"0";"1";"-";"8";"1";"1";"4";"2";"5";"3";"1";"35";"241";"76";"20"
"Santa Fé de Goiás";"Energia Elétrica na Iluminação Pública - Consumidores (número)";"1";"1";"1";"1";" 1 ";"1";"1";"1";"1";"1";"1";"1";"1";"1";"1";"1";"1";"1";"1";"1";"1"
"Santa Fé de Goiás";"Energia Elétrica no Setor Comercial - Consumidores (número)";"127";"133";"136";"144";" 203 ";"210";"213";"215";"216";"218";"211";"201";"198";"193";"182";"184";"181";"184";"182";"181";"177"
"Santa Fé de Goiás";"Energia Elétrica no Setor Comercial - Consumo (Mwh)";"469";"548";"828";"638";"693";"727";"698";"768";"814";"871";"947";"797";"818";"832";"864";"797";"831";"1.395";"1.223";"1.239";"1.266"
"Santa Fé de Goiás";"Energia Elétrica no Setor Industrial - Consumidores (número)";"11";"11";"9";"8";" 10 ";"10";"10";"9";"7";"7";"9";"6";"6";"6";"5";"6";"5";"5";"5";"5";"5"
"Santa Fé de Goiás";"Energia Elétrica no Setor Industrial - Consumo (Mwh)";"5.210";"6.563";"7.213";"4.434";"7.576";"9.239";"8.341";"10.534";"4.065";"11.098";"11.555";"13.146";"13.830";"13.604";"6.845";"10.426";"8.109";"9.242";"8.800";"10.933";"11.790"
"Santa Fé de Goiás";"Energia Elétrica Rural - Consumidores (número)";"333";"362";"367";"373";" 378 ";"382";"377";"379";"387";"420";"422";"416";"421";"423";"415";"420";"442";"498";"483";"495";"471"
"Santa Fé de Goiás";"Energia Elétrica Rural - Consumo (Mwh)";"4.761";"4.663";"5.782";"4.807";"5.029";"6.110";"6.845";"7.303";"5.966";"6.789";"6.462";"9.401";"8.721";"8.029";"10.818";"11.060";"11.790";"12.497";"13.029";"12.149";"14.676"
"Santa Helena de Goiás";"Energia Elétrica - Consumidores - Total (número)";"12.169";"12.324";"12.905";"13.204";" 13.434 ";"13.732";"13.984";"14.408";"14.737";"15.077";"15.507";"15.668";"15.893";"16.696";"16.592";"17.009";"17.190";"17.697";"18.018";"18.404";"18.955"
"Santa Helena de Goiás";"Capacidade Instalada de Energia - Total (MW)";"...";"...";"...";"...";"...";"...";"...";"...";"...";"...";"...";"...";"...";"...";"...";"...";"...";"...";"...";"...";"..."
"Santa Helena de Goiás";"Energia Elétrica - Consumo - Total (Mwh)";"87.338";"87.383";"66.239";"70.342";"63.539";"67.214";"76.389";"83.850";"88.817";"93.859";"92.090";"91.050";"88.963";"80.849";"83.327";"86.464";"85.667";"90.126";"98.712";"99.724";"103.599"
"Santa Helena de Goiás";"Energia Elétrica de Consumo Próprio - Consumidores (número)";"2";"2";"2";"1";" 2 ";"1";"1";"1";"1";"1";"1";"1";"1";"3";"3";"4";"3";"13";"13";"13";"14"
"Santa Helena de Goiás";"Energia Elétrica de Consumo Próprio - Consumo (Mwh)";"5";"5";"6";"7";" 8 ";"15";"12";"12";"12";"12";"12";"11";"9";"297";"166";"204";"198";"301";"229";"187";"224"
"Santa Helena de Goiás";"Energia Elétrica na Iluminação Pública - Consumidores (número)";"1";"1";"1";"1";" 1 ";"1";"1";"1";"1";"1";"1";"1";"1";"1";"1";"1";"1";"1";"1";"1";"1"
"Santa Helena de Goiás";"Energia Elétrica no Setor Comercial - Consumidores (número)";"1.005";"1.017";"1.075";"1.209";" 1.263 ";"1.262";"1.233";"1.268";"1.279";"1.264";"1.271";"1.250";"1.265";"1.287";"1.270";"1.274";"1.248";"1.267";"1.247";"1.261";"1.289"
"Santa Helena de Goiás";"Energia Elétrica no Setor Comercial - Consumo (Mwh)";"7.085";"6.687";"7.053";"8.786";"9.895";"9.894";"10.650";"11.000";"10.546";"11.219";"11.636";"12.037";"12.627";"12.080";"12.668";"12.330";"12.410";"13.888";"15.483";"15.238";"16.472"
"Santa Helena de Goiás";"Energia Elétrica no Setor Industrial - Consumidores (número)";"97";"91";"85";"63";" 62 ";"65";"66";"69";"72";"69";"67";"69";"65";"62";"55";"56";"54";"53";"55";"52";"55"
"Santa Helena de Goiás";"Energia Elétrica no Setor Industrial - Consumo (Mwh)";"48.239";"48.652";"25.068";"27.409";"18.868";"19.391";"26.103";"28.667";"32.993";"34.247";"31.071";"29.544";"25.686";"17.291";"15.747";"14.570";"14.839";"16.837";"17.232";"13.677";"16.302"
"Santa Helena de Goiás";"Energia Elétrica Rural - Consumidores (número)";"714";"724";"757";"758";" 763 ";"771";"758";"761";"763";"761";"760";"761";"754";"778";"782";"807";"811";"901";"944";"963";"996"
"Santa Helena de Goiás";"Energia Elétrica Rural - Consumo (Mwh)";"7.647";"7.280";"8.519";"8.196";"7.220";"8.494";"8.395";"10.378";"9.857";"9.927";"10.535";"11.023";"10.504";"10.115";"11.495";"12.470";"12.394";"11.751";"13.068";"12.472";"10.934"
"Santa Isabel";"Energia Elétrica - Consumidores - Total (número)";"1.199";"1.263";"1.346";"1.379";" 1.190 ";"1.154";"1.485";"1.524";"1.544";"1.597";"1.658";"1.670";"1.704";"1.750";"1.764";"1.855";"5.450";"2.018";"2.016";"2.039";"2.055"
"Santa Isabel";"Capacidade Instalada de Energia - Total (MW)";"...";"...";"...";"...";"...";"...";"...";"...";"...";"...";"...";"...";"...";"...";"...";"...";"...";"...";"...";"...";"..."
"Santa Isabel";"Energia Elétrica - Consumo - Total (Mwh)";"2.613";"3.011";"3.427";"3.604";"3.330";"3.678";"4.668";"5.015";"5.286";"4.340";"4.340";"4.340";"4.678";"5.096";"5.376";"5.568";"5.505";"5.678";"6.365";"3.772";"6.679"
"Santa Isabel";"Energia Elétrica de Consumo Próprio - Consumidores (número)";"-";"-";"-";"-";" -   ";"0";"-";"-";"-";"0";"0";"0";"-";"0";"0";"0";"";"0";"0";"0";"-"
"Santa Isabel";"Energia Elétrica de Consumo Próprio - Consumo (Mwh)";"-";"-";"-";"-";" -   ";"-";"0";"-";"-";"-";"-";"0";"0";"0";" - ";" -   ";"0";"0";"0";"0";"0"
"Santa Isabel";"Energia Elétrica na Iluminação Pública - Consumidores (número)";"2";"2";"2";"1";" 2 ";"2";"2";"2";"2";"2";"2";"2";"2";"2";"2";"2";"214";"1";"1";"1";"1"
"Santa Isabel";"Energia Elétrica no Setor Comercial - Consumidores (número)";"46";"46";"50";"30";" 62 ";"63";"67";"73";"71";"82";"84";"85";"92";"90";"97";"101";"376";"111";"112";"111";"113"
"Santa Isabel";"Energia Elétrica no Setor Comercial - Consumo (Mwh)";"109";"127";"158";"157";"187";"225";"218";"252";"422";"253";"298";"287";"303";"328";"348";"353";"376";"589";"651";"794";"655"
"Santa Isabel";"Energia Elétrica no Setor Industrial - Consumidores (número)";"16";"14";"14";"2";" 9 ";"9";"8";"8";"8";"2";"0";"0";"0";"1";"0";"0";"";"0";"0";"0";"-"
"Santa Isabel";"Energia Elétrica no Setor Industrial - Consumo (Mwh)";"141";"121";"90";"96";"78";"65";"31";"32";"92";"52";"73";"0";"0";"0";"0";" -   ";"0";"0";"0";"0";""
"Santa Isabel";"Energia Elétrica Rural - Consumidores (número)";"292";"346";"399";"619";" 188 ";"138";"448";"457";"465";"468";"489";"489";"507";"523";"268";"534";"2.841";"549";"540";"531";"492"
"Santa Isabel";"Energia Elétrica Rural - Consumo (Mwh)";"963";"1.366";"1.743";"1.832";"1.520";"1.758";"2.820";"2.904";"2.166";"1.968";"1.858";"1.975";"2.236";"2.681";"2.906";"3.017";"2.895";"2.695";"3.038";"66";"2.893"
"Santa Rita do Araguaia";"Energia Elétrica - Consumidores - Total (número)";"2.120";"2.194";"2.246";"2.362";" 2.588 ";"2.752";"2.893";"3.024";"3.031";"3.168";"3.271";"3.183";"3.148";"3.292";"3.235";"3.347";"3.328";"3.364";"3.419";"3.399";"3.479"
"Santa Rita do Araguaia";"Capacidade Instalada de Energia - Total (MW)";"...";"...";"...";"...";"...";"...";"...";"...";"...";"...";"...";"...";"...";"...";"...";"...";"...";"...";"...";"...";"..."
"Santa Rita do Araguaia";"Energia Elétrica - Consumo - Total (Mwh)";"4.628";"4.695";"4.949";"5.276";"6.012";"6.583";"7.286";"8.008";"8.330";"8.779";"8.974";"9.171";"9.019";"9.306";"9.293";"9.296";"8.855";"8.874";"9.590";"10.533";"10.400"
"Santa Rita do Araguaia";"Energia Elétrica de Consumo Próprio - Consumidores (número)";"1";"1";"1";"1";" 1 ";"1";"1";"1";"1";"1";"-";"-";"-";"1";"1";"1";"1";"3";"5";"4";"4"
"Santa Rita do Araguaia";"Energia Elétrica de Consumo Próprio - Consumo (Mwh)";"2";"2";"2";"1";" 1 ";"1";"0";"2";"-";"-";"2";"0";"-";"1";"1";"1";"1";"21";"8";"9";"9"
"Santa Rita do Araguaia";"Energia Elétrica na Iluminação Pública - Consumidores (número)";"1";"1";"1";"1";" 1 ";"1";"1";"1";"1";"1";"1";"1";"1";"3";"1";"2";"1";"2";"2";"1";"1"
"Santa Rita do Araguaia";"Energia Elétrica no Setor Comercial - Consumidores (número)";"122";"127";"145";"149";" 178 ";"184";"192";"204";"211";"209";"207";"196";"192";"188";"176";"169";"155";"152";"151";"149";"150"
"Santa Rita do Araguaia";"Energia Elétrica no Setor Comercial - Consumo (Mwh)";"699";"734";"807";"891";"943";"1.019";"1.442";"1.586";"1.602";"1.664";"1.643";"1.522";"1.326";"1.223";"1.225";"1.124";"1.052";"1.046";"1.059";"1.145";"976"
"Santa Rita do Araguaia";"Energia Elétrica no Setor Industrial - Consumidores (número)";"7";"7";"8";"8";" 12 ";"12";"15";"15";"15";"15";"15";"13";"12";"12";"12";"9";"8";"6";"6";"6";"6"
"Santa Rita do Araguaia";"Energia Elétrica no Setor Industrial - Consumo (Mwh)";"40";"37";"50";"48";"75";"98";"139";"136";"136";"121";"131";"134";"131";"133";"125";"105";"60";"53";"50";"53";"49"
"Santa Rita do Araguaia";"Energia Elétrica Rural - Consumidores (número)";"229";"234";"241";"245";" 246 ";"252";"255";"259";"176";"284";"283";"289";"289";"291";"304";"344";"381";"403";"394";"377";"377"
"Santa Rita do Araguaia";"Energia Elétrica Rural - Consumo (Mwh)";"755";"740";"800";"793";"863";"993";"949";"1.033";"953";"1.062";"1.079";"1.082";"1.048";"1.146";"1.051";"1.202";"1.209";"1.157";"1.403";"1.565";"1.665"
"Santa Rita do Novo Destino";"Energia Elétrica - Consumidores - Total (número)";"710";"897";"1.033";"1.061";" 1.096 ";"1.107";"1.102";"1.137";"1.162";"1.171";"1.183";"1.171";"554";"1.230";"1.243";"1.256";"1.277";"1.372";"1.368";"1.430";"1.425"
"Santa Rita do Novo Destino";"Capacidade Instalada de Energia - Total (MW)";"...";"...";"...";"...";"...";"...";"...";"...";"...";"...";"...";"...";"...";"...";"...";"...";"...";"...";"...";"...";"..."
"Santa Rita do Novo Destino";"Energia Elétrica - Consumo - Total (Mwh)";"1.419";"1.873";"2.125";"2.287";"2.441";"2.592";"2.776";"3.549";"2.843";"3.547";"3.660";"4.401";"2.708";"4.512";"4.779";"5.569";"5.934";"5.992";"6.678";"7.159";"7.536"
"Santa Rita do Novo Destino";"Energia Elétrica de Consumo Próprio - Consumidores (número)";"-";"-";"-";"-";" -   ";"-";"-";"-";"-";"-";"-";"-";"-";"";"0";" - ";"";"0";"0";"-";"-"
"Santa Rita do Novo Destino";"Energia Elétrica de Consumo Próprio - Consumo (Mwh)";"-";"-";"-";"-";" -   ";"-";"-";"-";"-";"-";"-";"0";"-";"0";" - ";"-";"0";"0";"0";"0";"-"
"Santa Rita do Novo Destino";"Energia Elétrica na Iluminação Pública - Consumidores (número)";"3";"3";"3";"3";" 3 ";"3";"3";"3";"3";"3";"3";"3";"3";"3";"3";"1";"1";"1";"1";"1";"1"
"Santa Rita do Novo Destino";"Energia Elétrica no Setor Comercial - Consumidores (número)";"50";"52";"62";"63";" 96 ";"90";"91";"97";"96";"95";"95";"95";"50";"90";"93";"92";"91";"91";"94";"90";"88"
"Santa Rita do Novo Destino";"Energia Elétrica no Setor Comercial - Consumo (Mwh)";"166";"189";"219";"247";"299";"381";"430";"401";"330";"299";"277";"268";"182";"282";"262";"293";"272";"1.288";"439";"729";"900"
"Santa Rita do Novo Destino";"Energia Elétrica no Setor Industrial - Consumidores (número)";"9";"7";"6";"4";" 2 ";"2";"2";"2";"1";"1";"1";"1";"0";"1";"1";"1";"1";"1";"1";"1";"1"
"Santa Rita do Novo Destino";"Energia Elétrica no Setor Industrial - Consumo (Mwh)";"39";"38";"18";"9";"4";"6";"0";"3";"-";"-";"4";"3";"-";"3";"3";"3";"3";"4";"4";"4";"5"
"Santa Rita do Novo Destino";"Energia Elétrica Rural - Consumidores (número)";"117";"274";"379";"398";" 410 ";"411";"405";"417";"435";"441";"442";"446";"84";"488";"497";"509";"512";"590";"580";"617";"611"
"Santa Rita do Novo Destino";"Energia Elétrica Rural - Consumo (Mwh)";"202";"570";"672";"771";"831";"951";"1.020";"1.815";"1.159";"1.875";"2.008";"2.711";"1.587";"2.695";"2.929";"3.657";"4.027";"3.051";"4.363";"4.422";"4.573"
"Santa Rosa de Goiás";"Energia Elétrica - Consumidores - Total (número)";"1.316";"1.329";"1.366";"1.375";" 1.397 ";"1.409";"1.405";"1.421";"1.445";"1.470";"1.535";"1.554";"1.543";"1.617";"1.616";"1.648";"1.674";"1.757";"1.734";"1.741";"1.787"
"Santa Rosa de Goiás";"Capacidade Instalada de Energia - Total (MW)";"...";"...";"...";"...";"...";"...";"...";"...";"...";"...";"...";"...";"...";"...";"...";"...";"...";"...";"...";"...";"..."
"Santa Rosa de Goiás";"Energia Elétrica - Consumo - Total (Mwh)";"3.732";"3.500";"3.806";"3.759";"3.753";"4.406";"4.484";"4.608";"4.800";"5.303";"5.758";"5.721";"5.760";"6.693";"6.662";"6.611";"7.037";"6.838";"6.240";"7.225";"6.957"
"Santa Rosa de Goiás";"Energia Elétrica de Consumo Próprio - Consumidores (número)";"1";"1";"1";"1";" 1 ";"1";"1";"1";"1";"-";"-";"-";"-";"2";"1";"1";"1";"3";"3";"3";"3"
"Santa Rosa de Goiás";"Energia Elétrica de Consumo Próprio - Consumo (Mwh)";"1";"1";"2";"2";" 1 ";"0";"0";"1";"-";"-";"-";"0";"-";"2";"2";"1";"2";"20";"9";"9";"9"
"Santa Rosa de Goiás";"Energia Elétrica na Iluminação Pública - Consumidores (número)";"1";"1";"1";"1";" 1 ";"1";"1";"1";"1";"1";"1";"1";"1";"1";"1";"1";"1";"1";"1";"1";"1"
"Santa Rosa de Goiás";"Energia Elétrica no Setor Comercial - Consumidores (número)";"65";"63";"64";"71";" 83 ";"82";"78";"80";"84";"89";"90";"93";"92";"92";"90";"89";"93";"102";"95";"95";"94"
"Santa Rosa de Goiás";"Energia Elétrica no Setor Comercial - Consumo (Mwh)";"134";"175";"195";"214";"266";"305";"323";"329";"338";"409";"413";"382";"381";"391";"494";"413";"390";"945";"784";"799";"319"
"Santa Rosa de Goiás";"Energia Elétrica no Setor Industrial - Consumidores (número)";"20";"19";"18";"16";" 10 ";"12";"12";"12";"12";"11";"11";"9";"9";"9";"8";"6";"7";"6";"7";"6";"6"
"Santa Rosa de Goiás";"Energia Elétrica no Setor Industrial - Consumo (Mwh)";"164";"139";"122";"134";"87";"70";"63";"81";"304";"388";"370";"205";"247";"880";"496";"493";"458";"522";"-222";"510";"512"
"Santa Rosa de Goiás";"Energia Elétrica Rural - Consumidores (número)";"365";"371";"407";"404";" 408 ";"408";"404";"401";"404";"418";"421";"425";"426";"428";"424";"428";"437";"495";"457";"464";"456"
"Santa Rosa de Goiás";"Energia Elétrica Rural - Consumo (Mwh)";"1.811";"1.778";"2.057";"1.937";"1.843";"2.401";"2.430";"2.407";"2.229";"2.414";"2.791";"2.794";"2.777";"2.923";"3.101";"3.056";"3.487";"2.634";"2.702";"2.817";"2.844"
"Santa Tereza de Goiás";"Energia Elétrica - Consumidores - Total (número)";"1.628";"1.647";"1.672";"1.704";" 1.720 ";"1.732";"1.754";"1.781";"1.744";"1.782";"1.773";"1.720";"1.686";"1.795";"1.743";"1.781";"1.809";"1.889";"1.822";"1.868";"1.908"
"Santa Tereza de Goiás";"Capacidade Instalada de Energia - Total (MW)";"...";"...";"...";"...";"...";"...";"...";"...";"...";"...";"...";"...";"...";"...";"...";"...";"...";"...";"...";"...";"..."
"Santa Tereza de Goiás";"Energia Elétrica - Consumo - Total (Mwh)";"2.931";"2.884";"3.061";"3.054";"3.576";"3.965";"3.666";"3.640";"3.662";"3.647";"4.122";"4.147";"4.118";"4.448";"4.310";"4.303";"4.292";"4.642";"5.295";"5.706";"6.132"
"Santa Tereza de Goiás";"Energia Elétrica de Consumo Próprio - Consumidores (número)";"3";"2";"1";"1";" 1 ";"1";"1";"1";"1";"1";"1";"1";"1";"1";"1";"1";"1";"3";"3";"3";"3"
"Santa Tereza de Goiás";"Energia Elétrica de Consumo Próprio - Consumo (Mwh)";"3";"2";"2";"-";" 1 ";"1";"0";"-";"1";"-";"1";"0";"2";"4";"3";"2";"1";"11";"6";"6";"7"
"Santa Tereza de Goiás";"Energia Elétrica na Iluminação Pública - Consumidores (número)";"2";"2";"2";"2";" 2 ";"2";"2";"2";"2";"2";"2";"2";"2";"2";"2";"1";"1";"1";"1";"1";"1"
"Santa Tereza de Goiás";"Energia Elétrica no Setor Comercial - Consumidores (número)";"125";"122";"129";"128";" 182 ";"181";"178";"179";"171";"170";"166";"149";"137";"139";"135";"133";"131";"126";"125";"127";"124"
"Santa Tereza de Goiás";"Energia Elétrica no Setor Comercial - Consumo (Mwh)";"442";"416";"458";"485";"970";"1.322";"842";"724";"729";"689";"750";"694";"656";"808";"631";"830";"731";"928";"1.073";"1.241";"1.296"
"Santa Tereza de Goiás";"Energia Elétrica no Setor Industrial - Consumidores (número)";"11";"11";"12";"10";" 2 ";"2";"2";"2";"1";"1";"1";"1";"1";"1";"1";"1";"1";"2";"2";"2";"2"
"Santa Tereza de Goiás";"Energia Elétrica no Setor Industrial - Consumo (Mwh)";"68";"63";"66";"69";"9";"2";"0";"-";"-";"-";"0";"0";"0";" -   ";" -   ";" -   ";"0";"2";"2";"2";"2"
"Santa Tereza de Goiás";"Energia Elétrica Rural - Consumidores (número)";"147";"166";"177";"180";" 183 ";"184";"187";"193";"158";"196";"199";"199";"202";"207";"209";"209";"229";"295";"241";"244";"258"
"Santa Tereza de Goiás";"Energia Elétrica Rural - Consumo (Mwh)";"446";"422";"460";"423";"474";"354";"510";"483";"433";"479";"676";"685";"707";"766";"784";"871";"885";"873";"990";"1.056";"1.087"
"Santa Terezinha de Goiás";"Energia Elétrica - Consumidores - Total (número)";"3.771";"3.774";"3.888";"3.988";" 4.060 ";"4.168";"4.189";"4.276";"4.340";"4.447";"4.506";"4.522";"4.201";"4.802";"4.726";"4.897";"5.018";"5.212";"5.231";"5.344";"5.452"
"Santa Terezinha de Goiás";"Capacidade Instalada de Energia - Total (MW)";"...";"...";"...";"...";"...";"...";"...";"...";"...";"...";"...";"...";"...";"...";"...";"...";"...";"...";"...";"...";"..."
"Santa Terezinha de Goiás";"Energia Elétrica - Consumo - Total (Mwh)";"6.944";"7.042";"7.638";"7.530";"8.104";"9.296";"9.276";"9.203";"9.751";"10.552";"11.378";"11.495";"10.583";"11.539";"11.974";"11.935";"12.799";"13.310";"15.547";"17.978";"20.582"
"Santa Terezinha de Goiás";"Energia Elétrica de Consumo Próprio - Consumidores (número)";"1";"1";"2";"2";" 2 ";"2";"2";"2";"2";"2";"2";"2";"2";"3";"3";"3";"3";"7";"7";"7";"7"
"Santa Terezinha de Goiás";"Energia Elétrica de Consumo Próprio - Consumo (Mwh)";"7";"9";"13";"13";" 17 ";"23";"22";"15";"12";"12";"19";"11";"10";"46";"59";"50";"33";"72";"56";"67";"70"
"Santa Terezinha de Goiás";"Energia Elétrica na Iluminação Pública - Consumidores (número)";"6";"6";"6";"6";" 6 ";"6";"6";"6";"6";"6";"6";"6";"6";"6";"6";"1";"1";"1";"1";"2";"2"
"Santa Terezinha de Goiás";"Energia Elétrica no Setor Comercial - Consumidores (número)";"335";"308";"312";"325";" 448 ";"455";"438";"438";"436";"442";"446";"427";"391";"424";"405";"415";"410";"404";"427";"423";"422"
"Santa Terezinha de Goiás";"Energia Elétrica no Setor Comercial - Consumo (Mwh)";"1.113";"1.137";"1.206";"1.230";"1.534";"1.811";"1.907";"1.996";"2.108";"2.191";"2.255";"2.109";"1.953";"2.024";"2.160";"1.985";"2.096";"2.079";"2.471";"2.981";"3.322"
"Santa Terezinha de Goiás";"Energia Elétrica no Setor Industrial - Consumidores (número)";"27";"26";"24";"25";" 18 ";"16";"15";"17";"15";"14";"13";"12";"11";"14";"13";"13";"13";"13";"12";"11";"12"
"Santa Terezinha de Goiás";"Energia Elétrica no Setor Industrial - Consumo (Mwh)";"180";"161";"251";"291";"416";"792";"675";"602";"512";"563";"418";"341";"329";"380";"403";"389";"452";"436";"356";"352";"2.254"
"Santa Terezinha de Goiás";"Energia Elétrica Rural - Consumidores (número)";"382";"388";"502";"556";" 604 ";"660";"657";"658";"669";"705";"716";"727";"681";"773";"765";"846";"894";"1.020";"942";"945";"943"
"Santa Terezinha de Goiás";"Energia Elétrica Rural - Consumo (Mwh)";"906";"937";"1.161";"1.083";"1.139";"1.552";"1.472";"1.016";"1.062";"1.504";"1.578";"1.764";"1.659";"1.937";"2.151";"2.228";"2.408";"2.502";"2.759";"2.754";"2.697"
"Santo Antônio da Barra";"Energia Elétrica - Consumidores - Total (número)";"1.491";"1.532";"1.572";"1.608";" 1.630 ";"1.651";"1.652";"1.682";"1.729";"1.801";"1.809";"1.767";"1.709";"1.927";"1.896";"1.947";"1.949";"2.014";"2.014";"2.014";"2.055"
"Santo Antônio da Barra";"Capacidade Instalada de Energia - Total (MW)";"...";"...";"...";"...";"...";"...";"...";"...";"...";"...";"...";"...";"...";"...";"...";"...";"...";"...";"...";"...";"..."
"Santo Antônio da Barra";"Energia Elétrica - Consumo - Total (Mwh)";"10.065";"8.691";"9.481";"9.597";"10.237";"9.779";"8.126";"8.573";"8.758";"8.686";"8.699";"8.116";"8.069";"8.579";"8.761";"8.835";"9.323";"9.332";"9.727";"10.219";"10.392"
"Santo Antônio da Barra";"Energia Elétrica de Consumo Próprio - Consumidores (número)";"2";"2";"2";"2";" 2 ";"2";"1";"1";"1";"1";"1";"1";"1";"2";"2";"2";"2";"5";"5";"6";"6"
"Santo Antônio da Barra";"Energia Elétrica de Consumo Próprio - Consumo (Mwh)";"15";"14";"12";"10";" 12 ";"6";"10";"5";"2";"5";"8";"6";"7";"10";"7";"5";"7";"30";"17";"17";"16"
"Santo Antônio da Barra";"Energia Elétrica na Iluminação Pública - Consumidores (número)";"2";"2";"2";"2";" 2 ";"2";"2";"2";"2";"2";"2";"2";"2";"2";"2";"1";"1";"1";"2";"1";"1"
"Santo Antônio da Barra";"Energia Elétrica no Setor Comercial - Consumidores (número)";"50";"50";"55";"58";" 84 ";"87";"87";"89";"91";"98";"97";"95";"91";"97";"94";"97";"91";"88";"88";"89";"91"
"Santo Antônio da Barra";"Energia Elétrica no Setor Comercial - Consumo (Mwh)";"394";"432";"420";"458";"519";"697";"615";"757";"856";"701";"809";"778";"779";"844";"997";"777";"892";"1.376";"1.025";"993";"936"
"Santo Antônio da Barra";"Energia Elétrica no Setor Industrial - Consumidores (número)";"6";"6";"5";"5";" 6 ";"6";"7";"8";"8";"7";"6";"6";"6";"6";"6";"6";"5";"5";"4";"4";"4"
"Santo Antônio da Barra";"Energia Elétrica no Setor Industrial - Consumo (Mwh)";"694";"341";"214";"440";"872";"1.128";"1.142";"889";"919";"792";"558";"614";"516";"500";"485";"571";"696";"870";"854";"863";"1.006"
"Santo Antônio da Barra";"Energia Elétrica Rural - Consumidores (número)";"287";"302";"311";"315";" 313 ";"315";"318";"312";"317";"292";"294";"259";"263";"278";"266";"277";"285";"293";"302";"290";"301"
"Santo Antônio da Barra";"Energia Elétrica Rural - Consumo (Mwh)";"6.891";"5.852";"6.739";"6.473";"6.478";"5.517";"3.866";"4.220";"4.250";"4.122";"4.145";"3.423";"3.462";"3.697";"3.772";"3.803";"3.928";"3.218";"3.616";"3.871";"3.849"
"Santo Antônio de Goiás";"Energia Elétrica - Consumidores - Total (número)";"1.254";"1.335";"1.461";"1.574";" 1.698 ";"1.945";"2.168";"2.341";"2.535";"2.618";"2.714";"2.776";"2.830";"2.981";"3.036";"3.256";"3.480";"3.723";"3.824";"4.021";"4.139"
"Santo Antônio de Goiás";"Capacidade Instalada de Energia - Total (MW)";"...";"...";"...";"...";"...";"...";"...";"...";"...";"...";"...";"...";"...";"...";"...";"...";"...";"...";"...";"...";"..."
"Santo Antônio de Goiás";"Energia Elétrica - Consumo - Total (Mwh)";"5.207";"5.499";"6.119";"6.055";"6.168";"7.108";"8.197";"8.556";"9.676";"9.946";"10.633";"10.550";"10.565";"10.396";"11.299";"11.338";"12.251";"12.536";"14.173";"14.650";"15.194"
"Santo Antônio de Goiás";"Energia Elétrica de Consumo Próprio - Consumidores (número)";"1";"1";"1";"1";" 1 ";"1";"1";"1";"1";"1";"1";"1";"1";"1";"1";"1";"1";"5";"3";"3";"3"
"Santo Antônio de Goiás";"Energia Elétrica de Consumo Próprio - Consumo (Mwh)";"-";"2";"1";"1";" 1 ";"1";"2";"1";"-";"-";"2";"1";"1";"3";"8";"16";"6";"15";"7";"28";"10"
"Santo Antônio de Goiás";"Energia Elétrica na Iluminação Pública - Consumidores (número)";"1";"1";"1";"1";" 1 ";"1";"1";"1";"1";"1";"1";"1";"1";"1";"1";"1";"1";"1";"1";"1";"1"
"Santo Antônio de Goiás";"Energia Elétrica no Setor Comercial - Consumidores (número)";"90";"88";"91";"100";" 108 ";"115";"127";"140";"149";"144";"138";"144";"147";"148";"142";"143";"134";"142";"143";"141";"141"
"Santo Antônio de Goiás";"Energia Elétrica no Setor Comercial - Consumo (Mwh)";"195";"241";"258";"284";"332";"384";"692";"512";"532";"560";"615";"601";"605";"597";"698";"614";"649";"1.751";"878";"955";"923"
"Santo Antônio de Goiás";"Energia Elétrica no Setor Industrial - Consumidores (número)";"13";"12";"15";"14";" 14 ";"13";"13";"12";"13";"13";"14";"14";"14";"14";"13";"13";"12";"12";"12";"12";"12"
"Santo Antônio de Goiás";"Energia Elétrica no Setor Industrial - Consumo (Mwh)";"101";"64";"56";"59";"73";"73";"73";"72";"72";"71";"59";"51";"204";"198";"328";"364";"289";"301";"303";"322";"307"
"Santo Antônio de Goiás";"Energia Elétrica Rural - Consumidores (número)";"117";"163";"170";"168";" 173 ";"177";"181";"183";"185";"186";"183";"188";"192";"198";"204";"228";"238";"293";"260";"275";"268"
"Santo Antônio de Goiás";"Energia Elétrica Rural - Consumo (Mwh)";"1.840";"1.996";"2.404";"2.103";"1.814";"2.333";"2.547";"2.584";"2.863";"2.568";"2.976";"3.447";"3.794";"3.388";"3.873";"3.569";"3.620";"2.648";"3.842";"3.601";"3.504"
"Santo Antônio do Descoberto";"Energia Elétrica - Consumidores - Total (número)";"14.766";"15.133";"15.646";"16.135";" 16.556 ";"17.908";"18.932";"19.980";"21.171";"22.148";"22.916";"22.503";"20.969";"24.816";"23.238";"24.161";"24.662";"25.109";"26.262";"26.424";"27.125"
"Santo Antônio do Descoberto";"Capacidade Instalada de Energia - Total (MW)";"...";"...";"...";"...";"...";"...";"...";"...";"...";"...";"...";"...";"...";"...";"...";"...";"...";"...";"...";"...";"..."
"Santo Antônio do Descoberto";"Energia Elétrica - Consumo - Total (Mwh)";"27.620";"29.553";"32.393";"34.853";"35.559";"39.616";"42.310";"45.804";"47.463";"50.261";"49.608";"48.579";"43.552";"53.430";"57.811";"60.109";"61.179";"61.061";"64.288";"70.913";"75.075"
"Santo Antônio do Descoberto";"Energia Elétrica de Consumo Próprio - Consumidores (número)";"1";"1";"1";"1";" 1 ";"2";"1";"1";"1";"1";"1";"1";"1";"8";"4";"4";"4";"11";"11";"11";"11"
"Santo Antônio do Descoberto";"Energia Elétrica de Consumo Próprio - Consumo (Mwh)";"5";"4";"3";"4";" 4 ";"5";"14";"12";"12";"12";"10";"9";"9";"16";"16";"17";"19";"100";"56";"59";"51"
"Santo Antônio do Descoberto";"Energia Elétrica na Iluminação Pública - Consumidores (número)";"1";"1";"1";"1";" 1 ";"2";"2";"2";"2";"3";"3";"3";"3";"3";"3";"1";"1";"1";"1";"1";"1"
"Santo Antônio do Descoberto";"Energia Elétrica no Setor Comercial - Consumidores (número)";"437";"440";"457";"495";" 1.241 ";"1.219";"1.211";"1.190";"1.193";"1.171";"1.145";"1.092";"1.056";"1.102";"1.004";"1.004";"987";"956";"938";"913";"888"
"Santo Antônio do Descoberto";"Energia Elétrica no Setor Comercial - Consumo (Mwh)";"2.540";"2.932";"2.936";"3.544";"5.412";"6.419";"6.579";"6.739";"6.734";"7.022";"6.676";"6.197";"5.879";"6.987";"7.489";"7.046";"7.682";"7.396";"7.403";"7.891";"8.477"
"Santo Antônio do Descoberto";"Energia Elétrica no Setor Industrial - Consumidores (número)";"30";"30";"27";"26";" 11 ";"11";"11";"11";"10";"11";"12";"12";"11";"12";"11";"11";"11";"27";"11";"10";"11"
"Santo Antônio do Descoberto";"Energia Elétrica no Setor Industrial - Consumo (Mwh)";"583";"868";"1.105";"690";"448";"949";"1.110";"1.047";"1.173";"718";"521";"458";"507";"823";"1.147";"1.072";"1.255";"1.589";"1.798";"2.376";"2.632"
"Santo Antônio do Descoberto";"Energia Elétrica Rural - Consumidores (número)";"687";"745";"1.020";"1.043";" 1.099 ";"1.142";"1.166";"1.191";"1.223";"1.269";"1.291";"1.287";"11";"1.390";"1.396";"1.471";"1.523";"1.637";"1631";"1.606";"1.660"
"Santo Antônio do Descoberto";"Energia Elétrica Rural - Consumo (Mwh)";"2.058";"2.269";"2.878";"3.529";"3.796";"4.299";"4.363";"4.617";"4.148";"4.513";"4.100";"4.607";"171";"5.219";"5.806";"6.868";"6.995";"6.940";"7.134";"8.264";"8.557"
"São Domingos";"Energia Elétrica - Consumidores - Total (número)";"2.499";"2.633";"2.749";"2.908";" 3.049 ";"3.151";"3.459";"3.527";"3.556";"3.583";"3.646";"3.701";"3.292";"4.150";"4.135";"4.325";"4.478";"4.692";"4.684";"4.694";"4.726"
"São Domingos";"Capacidade Instalada de Energia - Total (MW)";"...";"...";"...";"...";"...";"...";"...";"...";"...";"...";"...";"...";"...";"...";"...";"...";"...";"...";"...";"...";"..."
"São Domingos";"Energia Elétrica - Consumo - Total (Mwh)";"4.839";"4.776";"5.317";"5.800";"5.515";"5.906";"7.183";"7.593";"7.334";"8.201";"7.796";"8.189";"7.350";"8.618";"9.021";"9.096";"9.530";"9.769";"10.917";"11.496";"12.460"
"São Domingos";"Energia Elétrica de Consumo Próprio - Consumidores (número)";"1";"1";"1";"1";" 1 ";"1";"1";"1";"1";"1";"1";"-";"-";"";"0";" - ";"";"3";"3";"3";"3"
"São Domingos";"Energia Elétrica de Consumo Próprio - Consumo (Mwh)";"4";"3";"3";"2";" 3 ";"4";"5";"6";"-";"-";"1";"0";"-";"0";" - ";"-";"0";"29";"11";"11";"11"
"São Domingos";"Energia Elétrica na Iluminação Pública - Consumidores (número)";"4";"4";"4";"4";" 4 ";"4";"4";"4";"4";"4";"4";"4";"4";"12";"4";"1";"1";"1";"1";"1";"1"
"São Domingos";"Energia Elétrica no Setor Comercial - Consumidores (número)";"178";"182";"196";"195";" 290 ";"288";"283";"283";"279";"279";"276";"275";"222";"262";"249";"249";"242";"248";"249";"237";"230"
"São Domingos";"Energia Elétrica no Setor Comercial - Consumo (Mwh)";"566";"604";"808";"1.355";"1.043";"1.012";"1.030";"1.144";"1.133";"1.150";"1.190";"1.193";"1.014";"1.111";"1.094";"1.057";"1.022";"1.240";"1.226";"1.276";"1.250"
"São Domingos";"Energia Elétrica no Setor Industrial - Consumidores (número)";"16";"13";"12";"11";" 11 ";"10";"10";"11";"9";"8";"10";"10";"8";"9";"9";"8";"7";"7";"7";"7";"7"
"São Domingos";"Energia Elétrica no Setor Industrial - Consumo (Mwh)";"32";"29";"34";"35";"28";"23";"700";"474";"25";"27";"21";"17";"14";"17";"16";"14";"16";"16";"15";"18";"15"
"São Domingos";"Energia Elétrica Rural - Consumidores (número)";"355";"415";"411";"487";" 521 ";"525";"767";"780";"828";"831";"879";"887";"973";"1.192";"1.187";"1.297";"1.435";"1.595";"1532";"1.482";"1.455"
"São Domingos";"Energia Elétrica Rural - Consumo (Mwh)";"1.209";"1.130";"1.133";"1.053";"1.157";"1.230";"1.531";"1.728";"1.781";"2.442";"2.150";"2.258";"2.209";"2.595";"2.931";"2.943";"3.361";"3.164";"3.609";"3.726";"4.420"
"São Francisco de Goiás";"Energia Elétrica - Consumidores - Total (número)";"2.185";"2.244";"2.282";"2.314";" 2.348 ";"2.423";"2.459";"2.517";"2.591";"2.662";"2.744";"2.795";"2.825";"2.952";"2.918";"3.013";"3.097";"3.206";"3.212";"3.230";"3.319"
"São Francisco de Goiás";"Capacidade Instalada de Energia - Total (MW)";"...";"...";"...";"...";"...";"...";"...";"...";"...";"...";"...";"...";"...";"...";"...";"...";"...";"...";"...";"...";"..."
"São Francisco de Goiás";"Energia Elétrica - Consumo - Total (Mwh)";"5.005";"5.266";"5.542";"5.763";"5.965";"6.435";"6.764";"7.390";"8.224";"8.522";"8.450";"8.260";"9.964";"10.884";"11.281";"12.297";"12.883";"12.917";"13.228";"14.239";"14.298"
"São Francisco de Goiás";"Energia Elétrica de Consumo Próprio - Consumidores (número)";"2";"2";"2";"2";" 1 ";"1";"1";"1";"1";"1";"1";"1";"1";"2";"2";"2";"2";"7";"6";"6";"6"
"São Francisco de Goiás";"Energia Elétrica de Consumo Próprio - Consumo (Mwh)";"6";"1";"4";"17";" 12 ";"1";"7";"13";"11";"13";"0";"0";"5";"13";"7";"8";"9";"33";"12";"12";"13"
"São Francisco de Goiás";"Energia Elétrica na Iluminação Pública - Consumidores (número)";"1";"1";"1";"1";" 1 ";"1";"1";"1";"1";"1";"1";"1";"1";"1";"1";"1";"1";"1";"1";"1";"1"
"São Francisco de Goiás";"Energia Elétrica no Setor Comercial - Consumidores (número)";"141";"138";"159";"157";" 209 ";"213";"212";"210";"212";"216";"213";"216";"215";"207";"193";"196";"195";"197";"197";"175";"179"
"São Francisco de Goiás";"Energia Elétrica no Setor Comercial - Consumo (Mwh)";"701";"742";"806";"881";"982";"1.094";"1.265";"1.292";"1.330";"1.357";"1.283";"1.198";"1.186";"1.094";"1.046";"1.045";"1.101";"1.120";"1.151";"1.211";"1.362"
"São Francisco de Goiás";"Energia Elétrica no Setor Industrial - Consumidores (número)";"21";"20";"21";"22";" 23 ";"23";"26";"28";"28";"28";"28";"25";"23";"22";"20";"21";"21";"20";"20";"18";"18"
"São Francisco de Goiás";"Energia Elétrica no Setor Industrial - Consumo (Mwh)";"231";"280";"296";"391";"346";"351";"308";"581";"1.015";"930";"815";"753";"648";"969";"765";"779";"772";"626";"526";"595";"647"
"São Francisco de Goiás";"Energia Elétrica Rural - Consumidores (número)";"572";"601";"616";"612";" 608 ";"622";"633";"634";"644";"643";"634";"635";"636";"651";"626";"649";"679";"766";"730";"765";"719"
"São Francisco de Goiás";"Energia Elétrica Rural - Consumo (Mwh)";"1.637";"1.694";"1.764";"1.737";"1.775";"1.888";"1.864";"2.038";"2.123";"2.201";"2.186";"2.084";"3.834";"4.333";"4.790";"6.260";"6.781";"6.867";"6.917";"7.022";"6.923"
"São João d'Aliança";"Energia Elétrica - Consumidores - Total (número)";"2.393";"2.498";"2.686";"2.901";" 3.080 ";"3.169";"3.321";"3.469";"3.562";"3.660";"3.775";"3.904";"3.897";"4.275";"4.328";"4.443";"4.584";"4.972";"4.981";"5.110";"5.220"
"São João d'Aliança";"Capacidade Instalada de Energia - Total (MW)";"...";"...";"...";"...";"...";"...";"...";"...";"...";"...";"...";"...";"...";"...";"...";"...";"...";"...";"...";"...";"..."
"São João d'Aliança";"Energia Elétrica - Consumo - Total (Mwh)";"6.147";"6.723";"7.515";"8.187";"9.799";"12.289";"13.181";"13.275";"14.559";"15.388";"14.703";"15.975";"18.861";"18.992";"18.601";"19.130";"21.375";"22.172";"23.509";"26.997";"31.524"
"São João d'Aliança";"Energia Elétrica de Consumo Próprio - Consumidores (número)";"1";"1";"1";"1";" 1 ";"1";"1";"1";"-";"-";"-";"-";"-";"1";"1";"1";"1";"7";"7";"7";"7"
"São João d'Aliança";"Energia Elétrica de Consumo Próprio - Consumo (Mwh)";"1";"1";"1";"1";" 1 ";"1";"0";"1";"-";"-";"-";"0";"-";"24";"64";"77";"83";"138";"92";"65";"78"
"São João d'Aliança";"Energia Elétrica na Iluminação Pública - Consumidores (número)";"2";"2";"2";"2";" 2 ";"3";"3";"3";"3";"3";"3";"3";"3";"3";"3";"1";"1";"1";"1";"1";"1"
"São João d'Aliança";"Energia Elétrica no Setor Comercial - Consumidores (número)";"168";"204";"215";"241";" 296 ";"313";"337";"347";"351";"363";"361";"361";"352";"360";"350";"340";"352";"341";"329";"323";"319"
"São João d'Aliança";"Energia Elétrica no Setor Comercial - Consumo (Mwh)";"804";"849";"1.064";"1.201";"1.459";"1.492";"1.603";"1.729";"1.783";"1.794";"1.730";"1.734";"1.689";"1.808";"2.043";"1.768";"1.867";"2.085";"2.292";"2.076";"1.854"
"São João d'Aliança";"Energia Elétrica no Setor Industrial - Consumidores (número)";"14";"13";"11";"10";" 12 ";"10";"9";"9";"9";"8";"7";"6";"6";"4";"4";"3";"3";"3";"3";"3";"3"
"São João d'Aliança";"Energia Elétrica no Setor Industrial - Consumo (Mwh)";"124";"90";"115";"95";"139";"309";"421";"153";"152";"131";"68";"92";"107";"374";"25";"16";"18";"20";"25";"25";"20"
"São João d'Aliança";"Energia Elétrica Rural - Consumidores (número)";"709";"748";"834";"947";" 1.022 ";"1.035";"1.044";"1.047";"1.052";"1.024";"1.018";"1.030";"972";"1.058";"1.062";"1.082";"1.118";"1.363";"1257";"1.259";"1.250"
"São João d'Aliança";"Energia Elétrica Rural - Consumo (Mwh)";"2.421";"2.858";"3.563";"4.010";"5.272";"7.167";"7.433";"7.484";"8.454";"9.029";"8.241";"9.509";"12.011";"11.212";"10.564";"11.083";"12.753";"12.886";"13.167";"16.543";"20.820"
"São João da Paraúna";"Energia Elétrica - Consumidores - Total (número)";"731";"730";"743";"768";" 784 ";"799";"817";"821";"836";"902";"913";"925";"940";"978";"957";"994";"1.010";"1.068";"1.099";"1.101";"1.113"
"São João da Paraúna";"Capacidade Instalada de Energia - Total (MW)";"...";"...";"...";"...";"...";"...";"...";"...";"...";"...";"...";"...";"...";"...";"...";"...";"...";"...";"...";"...";"..."
"São João da Paraúna";"Energia Elétrica - Consumo - Total (Mwh)";"2.736";"2.862";"3.357";"3.244";"3.346";"3.993";"4.293";"4.190";"4.351";"4.224";"4.114";"4.705";"4.457";"4.593";"4.676";"5.151";"5.321";"5.218";"5.617";"6.845";"7.077"
"São João da Paraúna";"Energia Elétrica de Consumo Próprio - Consumidores (número)";"-";"-";"-";"-";" -   ";"-";"1";"1";"1";"1";"1";"1";"1";"1";"1";"1";"1";"2";"2";"2";"2"
"São João da Paraúna";"Energia Elétrica de Consumo Próprio - Consumo (Mwh)";"-";"-";"-";"-";" -   ";"-";"0";"2";"9";"2";"1";"1";"0";"2";"1";"1";"1";"2";"1";"2";"2"
"São João da Paraúna";"Energia Elétrica na Iluminação Pública - Consumidores (número)";"1";"1";"1";"1";" 1 ";"1";"1";"1";"1";"1";"1";"1";"1";"1";"1";"1";"1";"1";"1";"2";"1"
"São João da Paraúna";"Energia Elétrica no Setor Comercial - Consumidores (número)";"30";"29";"29";"34";" 45 ";"49";"53";"54";"55";"56";"55";"56";"57";"55";"53";"53";"52";"54";"54";"53";"53"
"São João da Paraúna";"Energia Elétrica no Setor Comercial - Consumo (Mwh)";"110";"99";"95";"99";"120";"144";"147";"161";"185";"175";"193";"293";"267";"331";"391";"497";"588";"1.006";"580";"637";"577"
"São João da Paraúna";"Energia Elétrica no Setor Industrial - Consumidores (número)";"9";"10";"8";"7";" 7 ";"5";"5";"5";"4";"4";"3";"3";"3";"2";"2";"2";"2";"2";"2";"2";"2"
"São João da Paraúna";"Energia Elétrica no Setor Industrial - Consumo (Mwh)";"104";"81";"66";"60";"72";"61";"68";"63";"73";"99";"119";"89";"65";"4";"4";"4";"4";"4";"4";"4";"5"
"São João da Paraúna";"Energia Elétrica Rural - Consumidores (número)";"169";"170";"180";"183";" 184 ";"189";"192";"194";"199";"202";"198";"206";"207";"217";"213";"219";"221";"252";"239";"230";"232"
"São João da Paraúna";"Energia Elétrica Rural - Consumo (Mwh)";"1.580";"1.682";"2.141";"1.908";"1.944";"2.648";"2.911";"2.754";"2.917";"2.664";"2.359";"2.929";"2.705";"2.761";"2.745";"3.035";"2.819";"2.318";"2.953";"3.803";"4.008"
"São Luis de Montes Belos";"Energia Elétrica - Consumidores - Total (número)";"10.943";"11.348";"11.799";"12.115";" 12.554 ";"13.038";"13.529";"13.689";"14.283";"14.720";"15.342";"15.392";"15.038";"16.377";"16.509";"17.163";"17.565";"18.223";"18.437";"18.772";"19.161"
"São Luis de Montes Belos";"Capacidade Instalada de Energia - Total (MW)";"...";"...";"...";"...";"...";"...";"...";"...";"...";"...";"...";"...";"...";"...";"...";"...";"...";"...";"...";"...";"..."
"São Luis de Montes Belos";"Energia Elétrica - Consumo - Total (Mwh)";"40.286";"43.995";"46.983";"48.510";"52.859";"56.160";"53.050";"57.998";"54.091";"56.968";"59.909";"55.924";"56.660";"61.070";"63.686";"66.322";"68.892";"72.932";"77.632";"85.227";"85.777"
"São Luis de Montes Belos";"Energia Elétrica de Consumo Próprio - Consumidores (número)";"2";"2";"2";"2";" 2 ";"2";"2";"2";"2";"2";"2";"2";"2";"3";"3";"3";"3";"9";"9";"9";"9"
"São Luis de Montes Belos";"Energia Elétrica de Consumo Próprio - Consumo (Mwh)";"13";"13";"13";"12";" 12 ";"23";"22";"17";"18";"13";"17";"13";"10";"56";"47";"66";"71";"142";"92";"94";"91"
"São Luis de Montes Belos";"Energia Elétrica na Iluminação Pública - Consumidores (número)";"8";"8";"8";"8";" 8 ";"8";"8";"8";"8";"8";"8";"8";"8";"24";"8";"1";"2";"1";"1";"2";"1"
"São Luis de Montes Belos";"Energia Elétrica no Setor Comercial - Consumidores (número)";"890";"935";"986";"998";" 1.201 ";"1.229";"1.248";"1.231";"1.287";"1.330";"1.345";"1.317";"1.295";"1354";"1.260";"1.289";"1.213";"1.185";"1.163";"1.128";"1.122"
"São Luis de Montes Belos";"Energia Elétrica no Setor Comercial - Consumo (Mwh)";"5.586";"5.583";"6.186";"6.703";"7.696";"8.214";"8.356";"9.150";"9.265";"9.611";"10.575";"9.766";"9.873";"9.917";"10.218";"9.382";"9.425";"9.751";"10.138";"10.849";"11.051"
"São Luis de Montes Belos";"Energia Elétrica no Setor Industrial - Consumidores (número)";"113";"105";"98";"97";" 97 ";"93";"89";"86";"88";"88";"83";"81";"73";"77";"74";"77";"70";"70";"70";"65";"66"
"São Luis de Montes Belos";"Energia Elétrica no Setor Industrial - Consumo (Mwh)";"14.944";"18.284";"19.006";"18.994";"21.772";"23.102";"19.402";"21.277";"15.928";"16.978";"15.317";"12.423";"12.897";"14.627";"15.219";"15.707";"15.282";"17.451";"16.090";"16.560";"15.588"
"São Luis de Montes Belos";"Energia Elétrica Rural - Consumidores (número)";"814";"868";"907";"907";" 922 ";"952";"983";"990";"1.015";"1.032";"1.057";"1.090";"1.100";"1139";"1.171";"1.213";"1.268";"1.448";"1419";"1.446";"1.496"
"São Luis de Montes Belos";"Energia Elétrica Rural - Consumo (Mwh)";"2.523";"2.548";"2.889";"2.925";"3.039";"3.043";"2.955";"3.203";"3.349";"3.587";"4.338";"4.570";"4.338";"4.913";"4.705";"5.254";"5.665";"5.689";"6.054";"6.274";"6.548"
"São Luiz do Norte";"Energia Elétrica - Consumidores - Total (número)";"1.483";"1.530";"1.694";"1.797";" 1.922 ";"1.979";"2.037";"2.111";"2.147";"2.192";"2.111";"2.229";"2.174";"2.384";"2.300";"2.365";"2.402";"2.501";"2.618";"2.695";"2.767"
"São Luiz do Norte";"Capacidade Instalada de Energia - Total (MW)";"...";"...";"...";"...";"...";"...";"...";"...";"...";"...";"...";"...";"...";"...";"...";"...";"...";"...";"...";"...";"..."
"São Luiz do Norte";"Energia Elétrica - Consumo - Total (Mwh)";"4.042";"4.228";"4.275";"4.410";"4.182";"4.917";"5.035";"7.433";"7.244";"8.367";"9.409";"10.555";"10.458";"9.266";"11.840";"9.854";"11.166";"13.753";"14.516";"14.393";"15.803"
"São Luiz do Norte";"Energia Elétrica de Consumo Próprio - Consumidores (número)";"1";"1";"-";"-";" -   ";"-";"-";"-";"-";"-";"-";"-";"-";"1";"1";"1";"1";"3";"3";"3";"3"
"São Luiz do Norte";"Energia Elétrica de Consumo Próprio - Consumo (Mwh)";"1";"3";"2";"-";" -   ";"-";"-";"-";"-";"-";"-";"0";"-";"1";"2";" -   ";"0";"9";"4";"4";"5"
"São Luiz do Norte";"Energia Elétrica na Iluminação Pública - Consumidores (número)";"2";"2";"2";"2";" 2 ";"2";"2";"2";"2";"2";"2";"2";"2";"2";"2";"1";"1";"1";"1";"2";"2"
"São Luiz do Norte";"Energia Elétrica no Setor Comercial - Consumidores (número)";"100";"97";"97";"109";" 166 ";"166";"167";"173";"178";"182";"168";"168";"145";"154";"148";"146";"146";"146";"139";"136";"137"
"São Luiz do Norte";"Energia Elétrica no Setor Comercial - Consumo (Mwh)";"357";"375";"446";"432";"564";"676";"703";"762";"799";"871";"937";"903";"916";"832";"966";"914";"981";"3.482";"941";"1.177";"1.234"
"São Luiz do Norte";"Energia Elétrica no Setor Industrial - Consumidores (número)";"16";"12";"13";"12";" 6 ";"5";"4";"4";"3";"2";"2";"2";"2";"2";"2";"3";"3";"3";"5";"5";"5"
"São Luiz do Norte";"Energia Elétrica no Setor Industrial - Consumo (Mwh)";"296";"304";"320";"230";"89";"8";"10";"3";"-";"-";"2";"2";"2";"2";"2";"57";"64";"66";"74";"98";"91"
"São Luiz do Norte";"Energia Elétrica Rural - Consumidores (número)";"169";"173";"226";"225";" 291 ";"293";"291";"303";"304";"308";"194";"306";"310";"347";"319";"325";"330";"398";"358";"344";"344"
"São Luiz do Norte";"Energia Elétrica Rural - Consumo (Mwh)";"1.622";"1.766";"1.560";"1.675";"1.375";"1.955";"1.889";"4.080";"3.707";"4.551";"5.276";"6.416";"6.362";"5.219";"7.565";"5.363";"6.368";"6.358";"9.048";"8.089";"8.972"
"São Miguel do Araguaia";"Energia Elétrica - Consumidores - Total (número)";"8.226";"8.598";"8.706";"8.782";" 8.984 ";"9.208";"9.493";"9.744";"10.078";"10.318";"10.537";"10.486";"9.825";"11.233";"11.035";"11.311";"11.480";"11.787";"11.860";"12.089";"12.229"
"São Miguel do Araguaia";"Capacidade Instalada de Energia - Total (MW)";"...";"...";"...";"...";"...";"...";"...";"...";"...";"...";"...";"...";"...";"...";"...";"...";"...";"...";"...";"...";"..."
"São Miguel do Araguaia";"Energia Elétrica - Consumo - Total (Mwh)";"22.302";"20.896";"22.256";"22.912";"24.024";"26.913";"26.854";"29.678";"31.291";"33.301";"36.958";"37.540";"34.376";"37.311";"40.393";"40.251";"41.651";"47.582";"51.186";"59.321";"60.979"
"São Miguel do Araguaia";"Energia Elétrica de Consumo Próprio - Consumidores (número)";"1";"1";"1";"1";" 1 ";"1";"1";"1";"1";"1";"1";"1";"1";"2";"2";"2";"2";"6";"6";"6";"6"
"São Miguel do Araguaia";"Energia Elétrica de Consumo Próprio - Consumo (Mwh)";"5";"7";"13";"11";" 15 ";"15";"13";"13";"13";"13";"16";"14";"9";"77";"102";"97";"79";"150";"113";"127";"123"
"São Miguel do Araguaia";"Energia Elétrica na Iluminação Pública - Consumidores (número)";"4";"4";"4";"4";" 4 ";"5";"5";"5";"5";"5";"5";"5";"5";"5";"4";"1";"1";"2";"1";"3";"2"
"São Miguel do Araguaia";"Energia Elétrica no Setor Comercial - Consumidores (número)";"635";"650";"744";"832";" 920 ";"934";"944";"977";"982";"995";"1.038";"969";"882";"943";"920";"928";"949";"926";"901";"891";"874"
"São Miguel do Araguaia";"Energia Elétrica no Setor Comercial - Consumo (Mwh)";"3.549";"3.295";"3.634";"5.204";"4.853";"5.286";"5.367";"5.822";"6.271";"6.214";"7.021";"7.186";"6.087";"6.488";"7.073";"6.319";"6.476";"6.797";"7.654";"8.962";"9.063"
"São Miguel do Araguaia";"Energia Elétrica no Setor Industrial - Consumidores (número)";"46";"48";"43";"36";" 29 ";"29";"29";"24";"26";"23";"23";"22";"20";"22";"21";"21";"22";"18";"17";"15";"14"
"São Miguel do Araguaia";"Energia Elétrica no Setor Industrial - Consumo (Mwh)";"677";"645";"684";"695";"640";"730";"688";"679";"684";"716";"552";"493";"460";"639";"578";"450";"624";"488";"435";"374";"318"
"São Miguel do Araguaia";"Energia Elétrica Rural - Consumidores (número)";"840";"1.023";"1.071";"1.079";" 1.182 ";"1.203";"1.216";"1.217";"1.327";"1.334";"1.339";"1.337";"1.353";"1.533";"1.544";"1.556";"1.568";"1.647";"1617";"1.657";"1.674"
"São Miguel do Araguaia";"Energia Elétrica Rural - Consumo (Mwh)";"3.242";"3.279";"3.568";"3.499";"4.471";"5.661";"4.862";"5.607";"5.244";"6.648";"7.406";"7.385";"7.174";"8.202";"9.557";"10.081";"10.330";"10.471";"11.582";"14.002";"14.828"
"São Miguel do Passa Quatro";"Energia Elétrica - Consumidores - Total (número)";"1.342";"1.388";"1.459";"1.487";" 1.512 ";"1.545";"1.589";"1.678";"1.716";"1.779";"1.922";"1.919";"1.933";"2.054";"2.044";"2.159";"2.201";"2.290";"2.297";"2.379";"2.474"
"São Miguel do Passa Quatro";"Capacidade Instalada de Energia - Total (MW)";"...";"...";"...";"...";"...";"...";"...";"...";"...";"...";"...";"...";"...";"...";"...";"...";"...";"...";"...";"...";"..."
"São Miguel do Passa Quatro";"Energia Elétrica - Consumo - Total (Mwh)";"4.507";"4.250";"5.090";"4.866";"5.179";"6.038";"5.914";"6.439";"7.262";"7.185";"7.836";"7.684";"7.584";"10.145";"8.389";"9.072";"9.287";"9.953";"10.502";"10.236";"11.367"
"São Miguel do Passa Quatro";"Energia Elétrica de Consumo Próprio - Consumidores (número)";"1";"1";"1";"1";" 1 ";"1";"1";"1";"1";"1";"1";"1";"1";"9";"3";"3";"3";"5";"5";"4";"4"
"São Miguel do Passa Quatro";"Energia Elétrica de Consumo Próprio - Consumo (Mwh)";"1";"1";"1";"1";" 1 ";"1";"0";"1";"-";"-";"1";"1";"1";"4";"2";"2";"2";"26";"12";"11";"10"
"São Miguel do Passa Quatro";"Energia Elétrica na Iluminação Pública - Consumidores (número)";"1";"1";"1";"1";" 1 ";"1";"1";"1";"1";"1";"1";"1";"1";"3";"1";"1";"1";"1";"1";"1";"1"
"São Miguel do Passa Quatro";"Energia Elétrica no Setor Comercial - Consumidores (número)";"91";"92";"99";"104";" 137 ";"135";"139";"143";"142";"143";"142";"136";"135";"139";"135";"134";"132";"137";"137";"136";"138"
"São Miguel do Passa Quatro";"Energia Elétrica no Setor Comercial - Consumo (Mwh)";"212";"265";"279";"297";"435";"486";"503";"483";"421";"469";"444";"641";"434";"505";"424";"616";"637";"980";"839";"680";"697"
"São Miguel do Passa Quatro";"Energia Elétrica no Setor Industrial - Consumidores (número)";"16";"14";"11";"10";" 5 ";"7";"8";"10";"11";"10";"10";"9";"8";"9";"8";"8";"8";"8";"7";"8";"8"
"São Miguel do Passa Quatro";"Energia Elétrica no Setor Industrial - Consumo (Mwh)";"313";"228";"222";"234";"497";"564";"657";"966";"1.138";"859";"1.011";"814";"888";"1.501";"1.123";"966";"918";"985";"968";"888";"725"
"São Miguel do Passa Quatro";"Energia Elétrica Rural - Consumidores (número)";"525";"547";"580";"589";" 594 ";"596";"604";"630";"642";"659";"674";"681";"685";"721";"733";"787";"805";"870";"838";"842";"882"
"São Miguel do Passa Quatro";"Energia Elétrica Rural - Consumo (Mwh)";"2.651";"2.374";"3.195";"2.914";"2.750";"3.420";"3.188";"3.183";"3.839";"3.895";"4.317";"3.971";"3.935";"5.653";"4.393";"5.017";"5.114";"4.905";"5.577";"5.336";"6.499"
"São Patrício";"Energia Elétrica - Consumidores - Total (número)";"554";"604";"659";"536";" 704 ";"734";"766";"782";"803";"819";"830";"882";"882";"906";"949";"994";"2.655";"1.061";"1075";"1.101";"1.127"
"São Patrício";"Capacidade Instalada de Energia - Total (MW)";"...";"...";"...";"...";"...";"...";"...";"...";"...";"...";"...";"...";"...";"...";"...";"...";"...";"...";"...";"...";"..."
"São Patrício";"Energia Elétrica - Consumo - Total (Mwh)";"1.235";"1.305";"1.415";"1.507";"1.588";"1.684";"1.785";"1.848";"2.059";"2.124";"2.168";"2.281";"2.251";"2.150";"2.273";"2.495";"2.687";"2.844";"3.010";"980";"3.474"
"São Patrício";"Energia Elétrica de Consumo Próprio - Consumidores (número)";"-";"-";"-";"-";" -   ";"0";"-";"-";"-";"0";"0";"0";"-";"0";"0";"0";"";"0";"0";"0";"-"
"São Patrício";"Energia Elétrica de Consumo Próprio - Consumo (Mwh)";"-";"-";"-";"-";" -   ";"-";"0";"-";"-";"-";"-";"0";"0";"0";" -   ";" -   ";"0";"0";"0";"0";"0"
"São Patrício";"Energia Elétrica na Iluminação Pública - Consumidores (número)";"1";"1";"1";"1";" 1 ";"1";"1";"1";"1";"1";"1";"1";"1";"1";"1";"1";"65";"1";"1";"1";"1"
"São Patrício";"Energia Elétrica no Setor Comercial - Consumidores (número)";"21";"22";"25";"19";" 31 ";"33";"35";"40";"42";"43";"45";"46";"45";"43";"53";"57";"365";"63";"62";"66";"64"
"São Patrício";"Energia Elétrica no Setor Comercial - Consumo (Mwh)";"79";"85";"92";"108";"97";"120";"143";"160";"200";"205";"213";"229";"257";"289";"350";"383";"365";"408";"473";"567";"634"
"São Patrício";"Energia Elétrica no Setor Industrial - Consumidores (número)";"4";"5";"6";"2";" 4 ";"4";"5";"3";"3";"2";"2";"1";"0";" -   ";"0";"0";"";"0";"0";"0";"-"
"São Patrício";"Energia Elétrica no Setor Industrial - Consumo (Mwh)";"66";"62";"59";"66";"80";"73";"74";"58";"59";"58";"69";"90";"55";"0";"0";" -   ";"0";"0";"0";"0";""
"São Patrício";"Energia Elétrica Rural - Consumidores (número)";"169";"200";"219";"154";" 235 ";"246";"258";"262";"266";"264";"265";"275";"268";"283";"150";"291";"1.095";"291";"284";"261";"258"
"São Patrício";"Energia Elétrica Rural - Consumo (Mwh)";"402";"397";"452";"454";"474";"528";"565";"552";"643";"640";"676";"698";"766";"827";"842";"994";"1.128";"1.151";"1.105";"61";"1.007"
"São Simão";"Energia Elétrica - Consumidores - Total (número)";"5.651";"5.724";"5.884";"6.153";" 6.449 ";"6.842";"7.092";"7.374";"7.704";"8.087";"8.227";"8.097";"7.368";"8.675";"8.129";"8.356";"8.413";"8.573";"8.558";"8.809";"8.845"
"São Simão";"Capacidade Instalada de Energia - Total (MW)";"...";"...";"...";"...";"...";"...";"...";"...";"...";"...";"...";"...";"...";"...";"...";"...";"...";"...";"...";"...";"..."
"São Simão";"Energia Elétrica - Consumo - Total (Mwh)";"18.501";"21.046";"30.301";"31.069";"34.058";"39.104";"46.444";"49.207";"51.810";"49.118";"49.945";"47.870";"46.389";"46.120";"47.862";"48.430";"52.033";"51.820";"52.582";"59.612";"58.250"
"São Simão";"Energia Elétrica de Consumo Próprio - Consumidores (número)";"3";"3";"4";"3";" 3 ";"3";"3";"3";"3";"3";"3";"3";"3";"3";"3";"3";"3";"9";"9";"9";"9"
"São Simão";"Energia Elétrica de Consumo Próprio - Consumo (Mwh)";"10";"10";"10";"110";" 10 ";"12";"17";"13";"21";"18";"14";"23";"12";"15";"14";"11";"15";"51";"43";"35";"72"
"São Simão";"Energia Elétrica na Iluminação Pública - Consumidores (número)";"3";"3";"3";"3";" 3 ";"3";"3";"3";"3";"3";"3";"3";"3";"13";"3";"2";"1";"1";"1";"2";"1"
"São Simão";"Energia Elétrica no Setor Comercial - Consumidores (número)";"554";"527";"555";"597";" 669 ";"704";"731";"739";"743";"735";"729";"711";"640";"684";"625";"620";"633";"654";"674";"693";"676"
"São Simão";"Energia Elétrica no Setor Comercial - Consumo (Mwh)";"2.752";"2.974";"3.600";"4.183";"5.009";"5.687";"6.742";"6.723";"7.416";"6.943";"6.175";"5.780";"5.799";"6.473";"6.387";"6.107";"8.796";"8.166";"9.728";"10.863";"11.287"
"São Simão";"Energia Elétrica no Setor Industrial - Consumidores (número)";"36";"39";"40";"43";" 44 ";"46";"47";"53";"56";"52";"48";"44";"37";"42";"37";"41";"39";"40";"39";"40";"37"
"São Simão";"Energia Elétrica no Setor Industrial - Consumo (Mwh)";"2.538";"4.954";"13.166";"12.909";"13.792";"16.721";"22.507";"23.542";"24.022";"20.799";"21.762";"20.081";"20.938";"17.756";"18.128";"16.222";"17.055";"17.589";"15.084";"17.183";"17.064"
"São Simão";"Energia Elétrica Rural - Consumidores (número)";"308";"334";"343";"339";" 344 ";"356";"363";"348";"352";"342";"342";"295";"88";"300";"276";"279";"282";"303";"290";"291";"283"
"São Simão";"Energia Elétrica Rural - Consumo (Mwh)";"2.112";"2.041";"2.221";"1.923";"1.938";"2.189";"2.076";"2.028";"2.218";"2.154";"2.000";"1.904";"580";"1.944";"2.009";"2.213";"2.330";"2.522";"2.673";"3.211";"2.685"
"Senador Canedo";"Energia Elétrica - Consumidores - Total (número)";"19.845";"20.933";"22.302";"24.352";" 26.147 ";"28.430";"30.811";"33.913";"37.456";"40.616";"43.216";"45.028";"46.168";"51.355";"51.675";"55.417";"58.123";"60.712";"63.490";"66.545";"69.383"
"Senador Canedo";"Capacidade Instalada de Energia - Total (MW)";"...";"...";"...";"...";"...";"...";"...";"...";"...";"...";"...";"...";"...";"...";"...";"...";"...";"...";"...";"...";"..."
"Senador Canedo";"Energia Elétrica - Consumo - Total (Mwh)";"60.876";"70.091";"99.329";"110.986";"108.769";"118.107";"126.179";"144.722";"182.306";"214.993";"224.165";"237.859";"266.460";"266.819";"281.905";"296.331";"293.347";"323.017";"354.881";"376.948";"406.618"
"Senador Canedo";"Energia Elétrica de Consumo Próprio - Consumidores (número)";"1";"1";"1";"1";" 1 ";"1";"1";"1";"1";"2";"1";"1";"1";"2";"2";"2";"2";"9";"10";"10";"10"
"Senador Canedo";"Energia Elétrica de Consumo Próprio - Consumo (Mwh)";"13";"6";"7";"8";" 8 ";"8";"12";"7";"8";"8";"8";"9";"9";"117";"101";"140";"146";"329";"198";"191";"226"
"Senador Canedo";"Energia Elétrica na Iluminação Pública - Consumidores (número)";"1";"1";"1";"1";" 1 ";"1";"2";"2";"2";"2";"2";"2";"2";"1";"1";"1";"1";"15";"13";"12";"12"
"Senador Canedo";"Energia Elétrica no Setor Comercial - Consumidores (número)";"1.005";"1.139";"1.398";"1.498";" 1.730 ";"1.801";"1.870";"1.958";"2.032";"2.083";"2.078";"1.958";"1.932";"1.915";"1.772";"1.775";"1.767";"1.729";"1.702";"1.709";"1.720"
"Senador Canedo";"Energia Elétrica no Setor Comercial - Consumo (Mwh)";"4.634";"5.721";"6.638";"7.509";"8.872";"10.181";"10.786";"12.892";"14.757";"15.978";"16.733";"17.193";"17.480";"17.881";"17.888";"17.844";"18.812";"20.493";"21.616";"23.505";"27.193"
"Senador Canedo";"Energia Elétrica no Setor Industrial - Consumidores (número)";"52";"54";"53";"56";" 58 ";"66";"68";"71";"89";"90";"97";"93";"93";"95";"92";"97";"100";"100";"101";"101";"101"
"Senador Canedo";"Energia Elétrica no Setor Industrial - Consumo (Mwh)";"23.345";"28.045";"51.920";"58.725";"51.344";"51.461";"53.964";"62.779";"92.201";"114.474";"116.059";"124.261";"147.660";"136.402";"146.588";"147.411";"140.988";"161.226";"171.580";"170.412";"178.491"
"Senador Canedo";"Energia Elétrica Rural - Consumidores (número)";"347";"353";"343";"341";" 311 ";"310";"313";"292";"318";"324";"359";"350";"359";"386";"397";"437";"487";"493";"480";"492";"518"
"Senador Canedo";"Energia Elétrica Rural - Consumo (Mwh)";"1.547";"1.521";"1.597";"1.445";"1.470";"1.542";"1.648";"1.601";"1.582";"1.642";"1.718";"1.745";"1.632";"2.010";"2.033";"2.446";"2.451";"2.142";"2.596";"2.641";"2.926"
"Serranópolis";"Energia Elétrica - Consumidores - Total (número)";"2.327";"2.437";"2.552";"2.676";" 2.768 ";"2.852";"2.950";"3.010";"3.100";"3.199";"3.354";"3.428";"3.436";"3.599";"3.668";"3.754";"3.882";"4.005";"4.113";"4.139";"4.131"
"Serranópolis";"Capacidade Instalada de Energia - Total (MW)";"...";"...";"...";"...";"...";"...";"...";"...";"...";"...";"...";"...";"...";"...";"...";"...";"...";"...";"...";"...";"..."
"Serranópolis";"Energia Elétrica - Consumo - Total (Mwh)";"7.191";"7.174";"7.957";"7.816";"8.536";"10.042";"10.323";"10.323";"10.902";"11.154";"11.083";"11.512";"13.447";"12.160";"12.080";"13.642";"13.390";"14.326";"15.206";"15.787";"15.749"
"Serranópolis";"Energia Elétrica de Consumo Próprio - Consumidores (número)";"1";"1";"1";"1";" 1 ";"1";"1";"2";"1";"-";"-";"-";"-";"1";"1";"1";"1";"3";"3";"4";"3"
"Serranópolis";"Energia Elétrica de Consumo Próprio - Consumo (Mwh)";"2";"1";"1";"1";" 2 ";"2";"0";"1";"-";"-";"-";"0";"-";"49";"20";"19";"14";"39";"12";"12";"12"
"Serranópolis";"Energia Elétrica na Iluminação Pública - Consumidores (número)";"1";"1";"1";"1";" 1 ";"1";"1";"1";"1";"1";"1";"1";"1";"1";"1";"1";"1";"1";"1";"1";"1"
"Serranópolis";"Energia Elétrica no Setor Comercial - Consumidores (número)";"199";"216";"227";"251";" 256 ";"272";"270";"265";"275";"271";"274";"269";"259";"253";"249";"249";"232";"235";"241";"230";"225"
"Serranópolis";"Energia Elétrica no Setor Comercial - Consumo (Mwh)";"1.282";"1.086";"1.201";"1.362";"1.468";"1.497";"1.624";"1.712";"1.953";"1.956";"2.130";"2.211";"2.306";"2.202";"2.177";"1.933";"1.801";"2.001";"2.057";"2.109";"2.229"
"Serranópolis";"Energia Elétrica no Setor Industrial - Consumidores (número)";"8";"8";"8";"10";" 11 ";"10";"10";"10";"10";"10";"8";"9";"10";"9";"11";"9";"9";"9";"9";"9";"9"
"Serranópolis";"Energia Elétrica no Setor Industrial - Consumo (Mwh)";"44";"484";"825";"583";"634";"1.539";"1.244";"762";"928";"777";"575";"816";"2.242";"768";"675";"575";"846";"1.185";"1.142";"466";"271"
"Serranópolis";"Energia Elétrica Rural - Consumidores (número)";"499";"538";"577";"624";" 642 ";"657";"694";"699";"711";"726";"730";"732";"738";"761";"787";"802";"852";"917";"943";"958";"913"
"Serranópolis";"Energia Elétrica Rural - Consumo (Mwh)";"2.498";"2.325";"2.406";"2.393";"2.543";"2.819";"3.041";"3.119";"3.097";"3.228";"3.197";"3.123";"3.123";"3.446";"3.262";"4.042";"4.014";"4.155";"4.423";"4.885";"5.049"
"Silvânia";"Energia Elétrica - Consumidores - Total (número)";"6.014";"6.312";"6.450";"6.577";" 6.745 ";"7.040";"7.682";"8.060";"8.440";"8.776";"8.916";"8.982";"9.048";"9.608";"9.617";"10.007";"10.297";"10.881";"11.063";"11.275";"11.497"
"Silvânia";"Capacidade Instalada de Energia - Total (MW)";"...";"...";"...";"...";"...";"...";"...";"...";"...";"...";"...";"...";"...";"...";"...";"...";"...";"...";"...";"...";"..."
"Silvânia";"Energia Elétrica - Consumo - Total (Mwh)";"21.505";"21.920";"24.991";"25.675";"25.548";"29.803";"33.161";"35.470";"33.078";"38.100";"38.634";"41.863";"42.444";"43.716";"45.892";"49.214";"49.737";"49.805";"52.851";"56.749";"61.684"
"Silvânia";"Energia Elétrica de Consumo Próprio - Consumidores (número)";"1";"1";"1";"1";" 1 ";"1";"1";"1";"1";"1";"1";"1";"1";"3";"3";"3";"3";"12";"12";"13";"12"
"Silvânia";"Energia Elétrica de Consumo Próprio - Consumo (Mwh)";"4";"4";"3";"3";" 4 ";"4";"0";"4";"-";"-";"5";"5";"4";"49";"8";"8";"4";"76";"35";"56";"37"
"Silvânia";"Energia Elétrica na Iluminação Pública - Consumidores (número)";"3";"3";"3";"3";" 3 ";"3";"3";"3";"3";"3";"3";"3";"3";"3";"3";"1";"1";"1";"1";"1";"1"
"Silvânia";"Energia Elétrica no Setor Comercial - Consumidores (número)";"377";"390";"405";"502";" 551 ";"570";"589";"608";"617";"614";"628";"620";"617";"676";"651";"649";"649";"650";"649";"637";"637"
"Silvânia";"Energia Elétrica no Setor Comercial - Consumo (Mwh)";"2.257";"2.251";"2.272";"2.810";"2.855";"3.138";"3.539";"3.635";"3.661";"3.910";"4.296";"4.398";"4.471";"4.663";"5.097";"4.927";"5.331";"9.139";"8.366";"8.549";"9.206"
"Silvânia";"Energia Elétrica no Setor Industrial - Consumidores (número)";"44";"44";"41";"36";" 35 ";"33";"35";"35";"37";"37";"39";"39";"41";"42";"39";"36";"36";"33";"33";"60";"34"
"Silvânia";"Energia Elétrica no Setor Industrial - Consumo (Mwh)";"2.949";"3.109";"3.575";"3.572";"4.021";"4.373";"4.621";"4.543";"4.251";"3.971";"3.746";"3.368";"3.643";"3.760";"4.010";"3.761";"3.442";"3.216";"3.170";"3.933";"4.284"
"Silvânia";"Energia Elétrica Rural - Consumidores (número)";"1.464";"1.575";"1.594";"1.612";" 1.647 ";"1.791";"2.192";"2.348";"2.351";"2.385";"2.414";"2.426";"2.444";"2.522";"2.549";"2.692";"2.780";"3.130";"3028";"3.013";"3.066"
"Silvânia";"Energia Elétrica Rural - Consumo (Mwh)";"8.153";"8.084";"10.352";"10.307";"8.990";"12.195";"14.295";"15.802";"12.882";"16.930";"17.287";"20.660";"20.602";"21.247";"22.603";"24.631";"25.109";"21.012";"23.030";"24.477";"26.999"
"Simolândia";"Energia Elétrica - Consumidores - Total (número)";"2.068";"2.103";"2.153";"2.211";" 2.260 ";"2.304";"2.310";"2.402";"2.428";"2.453";"2.470";"2.470";"2.503";"2.661";"2.570";"2.631";"2.719";"2.817";"2.779";"2.809";"2.799"
"Simolândia";"Capacidade Instalada de Energia - Total (MW)";"...";"...";"...";"...";"...";"...";"...";"...";"...";"...";"...";"...";"...";"...";"...";"...";"...";"...";"...";"...";"..."
"Simolândia";"Energia Elétrica - Consumo - Total (Mwh)";"3.782";"3.735";"4.573";"4.720";"4.658";"5.079";"5.305";"5.277";"5.376";"6.012";"6.522";"8.105";"7.252";"7.713";"10.647";"11.469";"12.133";"11.952";"12.445";"12.764";"14.164"
"Simolândia";"Energia Elétrica de Consumo Próprio - Consumidores (número)";"-";"-";"-";"-";" -   ";"-";"-";"-";"-";"-";"-";"-";"-";"";"0";" - ";"";"0";"0";"-";"-"
"Simolândia";"Energia Elétrica de Consumo Próprio - Consumo (Mwh)";"-";"-";"-";"-";" -   ";"-";"-";"-";"-";"-";"-";"0";"-";"0";" - ";"-";"0";"0";"0";"0";"-"
"Simolândia";"Energia Elétrica na Iluminação Pública - Consumidores (número)";"2";"2";"2";"2";" 2 ";"7";"7";"7";"2";"2";"2";"2";"2";"2";"2";"1";"1";"1";"1";"1";"1"
"Simolândia";"Energia Elétrica no Setor Comercial - Consumidores (número)";"107";"112";"124";"131";" 194 ";"188";"191";"186";"185";"188";"194";"189";"195";"201";"194";"201";"202";"198";"203";"192";"185"
"Simolândia";"Energia Elétrica no Setor Comercial - Consumo (Mwh)";"601";"623";"697";"723";"879";"911";"939";"1.013";"1.076";"1.240";"1.364";"1.299";"1.267";"1.454";"1.675";"1.644";"1.607";"1.485";"1.557";"1.609";"1.666"
"Simolândia";"Energia Elétrica no Setor Industrial - Consumidores (número)";"9";"10";"9";"9";" 3 ";"3";"3";"4";"4";"4";"4";"4";"4";"4";"3";"4";"4";"4";"4";"4";"4"
"Simolândia";"Energia Elétrica no Setor Industrial - Consumo (Mwh)";"78";"80";"135";"119";"81";"76";"59";"95";"101";"128";"134";"98";"82";"96";"102";"130";"146";"121";"104";"145";"175"
"Simolândia";"Energia Elétrica Rural - Consumidores (número)";"268";"286";"313";"354";" 369 ";"365";"349";"367";"380";"399";"420";"423";"429";"486";"490";"502";"553";"643";"601";"579";"572"
"Simolândia";"Energia Elétrica Rural - Consumo (Mwh)";"369";"372";"1.004";"1.045";"903";"988";"780";"723";"709";"1.012";"1.375";"2.932";"2.110";"2.202";"5.030";"5.684";"6.135";"5.947";"5.802";"6.045";"7.074"
"Sítio d'Abadia";"Energia Elétrica - Consumidores - Total (número)";"784";"850";"919";"966";" 976 ";"1.001";"983";"1.002";"1.020";"1.038";"1.050";"1.063";"851";"1.162";"1.147";"1.183";"1.212";"1.276";"1.299";"1.315";"1.345"
"Sítio d'Abadia";"Capacidade Instalada de Energia - Total (MW)";"...";"...";"...";"...";"...";"...";"...";"...";"...";"...";"...";"...";"...";"...";"...";"...";"...";"...";"...";"...";"..."
"Sítio d'Abadia";"Energia Elétrica - Consumo - Total (Mwh)";"1.461";"1.321";"1.784";"1.634";"1.901";"1.690";"2.504";"3.967";"4.481";"4.188";"4.378";"5.399";"5.105";"5.061";"5.748";"5.658";"5.846";"6.069";"8.507";"10.258";"10.650"
"Sítio d'Abadia";"Energia Elétrica de Consumo Próprio - Consumidores (número)";"-";"-";"-";"-";" -   ";"-";"-";"-";"-";"-";"-";"-";"-";"1";"1";"1";"1";"6";"4";"6";"4"
"Sítio d'Abadia";"Energia Elétrica de Consumo Próprio - Consumo (Mwh)";"-";"-";"-";"-";" -   ";"-";"-";"-";"-";"-";"-";"0";"-";"1";"1";"1";"1";"9";"7";"7";"10"
"Sítio d'Abadia";"Energia Elétrica na Iluminação Pública - Consumidores (número)";"5";"5";"5";"5";" 5 ";"6";"6";"6";"6";"5";"5";"5";"5";"15";"5";"1";"1";"1";"1";"1";"1"
"Sítio d'Abadia";"Energia Elétrica no Setor Comercial - Consumidores (número)";"25";"27";"28";"28";" 51 ";"52";"51";"54";"54";"55";"55";"54";"44";"55";"53";"52";"55";"55";"59";"54";"50"
"Sítio d'Abadia";"Energia Elétrica no Setor Comercial - Consumo (Mwh)";"70";"105";"65";"49";"114";"140";"129";"149";"156";"157";"145";"154";"137";"170";"189";"187";"195";"165";"195";"245";"202"
"Sítio d'Abadia";"Energia Elétrica no Setor Industrial - Consumidores (número)";"3";"3";"4";"3";" 3 ";"3";"3";"3";"3";"3";"3";"3";"3";"2";"2";"2";"2";"2";"2";"2";"2"
"Sítio d'Abadia";"Energia Elétrica no Setor Industrial - Consumo (Mwh)";"9";"8";"399";"219";"38";"9";"76";"6";"5";"12";"7";"12";"6";"7";"10";"7";"8";"7";"8";"8";"8"
"Sítio d'Abadia";"Energia Elétrica Rural - Consumidores (número)";"311";"337";"380";"442";" 452 ";"468";"447";"452";"456";"465";"469";"472";"392";"490";"492";"508";"515";"566";"566";"544";"552"
"Sítio d'Abadia";"Energia Elétrica Rural - Consumo (Mwh)";"633";"408";"428";"485";"913";"665";"1.351";"2.766";"3.300";"2.935";"3.162";"4.120";"4.101";"3.615";"4.199";"4.097";"4.253";"4.465";"6.718";"8.258";"8.444"
"Taquaral de Goiás";"Energia Elétrica - Consumidores - Total (número)";"1.381";"1.398";"1.413";"1.463";" 1.517 ";"1.581";"1.647";"1.690";"1.838";"1.883";"1.945";"1.949";"1.985";"2.065";"2.070";"2.145";"2.209";"2.348";"2.337";"2.417";"2.452"
"Taquaral de Goiás";"Capacidade Instalada de Energia - Total (MW)";"...";"...";"...";"...";"...";"...";"...";"...";"...";"...";"...";"...";"...";"...";"...";"...";"...";"...";"...";"...";"..."
"Taquaral de Goiás";"Energia Elétrica - Consumo - Total (Mwh)";"2.501";"2.654";"3.063";"3.258";"3.460";"3.713";"4.087";"4.279";"4.390";"4.658";"5.413";"5.544";"5.670";"5.823";"6.166";"6.363";"6.518";"6.293";"6.831";"7.333";"7.599"
"Taquaral de Goiás";"Energia Elétrica de Consumo Próprio - Consumidores (número)";"1";"1";"1";"-";" -   ";"-";"-";"-";"-";"-";"-";"-";"-";"1";"1";"1";"1";"3";"3";"3";"3"
"Taquaral de Goiás";"Energia Elétrica de Consumo Próprio - Consumo (Mwh)";"1";"1";"1";"-";" -   ";"-";"-";"-";"-";"-";"-";"0";"-";"0";"3";"2";"2";"12";"6";"7";"6"
"Taquaral de Goiás";"Energia Elétrica na Iluminação Pública - Consumidores (número)";"1";"1";"1";"1";" 1 ";"1";"1";"1";"1";"1";"1";"1";"1";"1";"1";"1";"1";"1";"1";"1";"1"
"Taquaral de Goiás";"Energia Elétrica no Setor Comercial - Consumidores (número)";"71";"72";"66";"69";" 74 ";"72";"73";"74";"78";"77";"89";"88";"91";"87";"83";"82";"82";"79";"82";"83";"80"
"Taquaral de Goiás";"Energia Elétrica no Setor Comercial - Consumo (Mwh)";"182";"199";"240";"242";"296";"314";"315";"341";"325";"355";"409";"379";"396";"362";"374";"394";"423";"477";"495";"586";"589"
"Taquaral de Goiás";"Energia Elétrica no Setor Industrial - Consumidores (número)";"21";"23";"23";"22";" 18 ";"18";"16";"16";"16";"17";"14";"14";"14";"12";"12";"12";"12";"12";"12";"13";"13"
"Taquaral de Goiás";"Energia Elétrica no Setor Industrial - Consumo (Mwh)";"55";"55";"59";"56";"47";"54";"60";"68";"61";"90";"185";"155";"204";"206";"221";"176";"197";"151";"160";"199";"94"
"Taquaral de Goiás";"Energia Elétrica Rural - Consumidores (número)";"319";"315";"294";"299";" 304 ";"322";"331";"330";"333";"335";"346";"359";"366";"387";"388";"401";"429";"529";"504";"516";"523"
"Taquaral de Goiás";"Energia Elétrica Rural - Consumo (Mwh)";"718";"757";"911";"1.029";"1.124";"1.088";"1.115";"1.207";"1.084";"1.085";"1.418";"1.638";"1.603";"1.683";"1.685";"1.837";"1.901";"1.711";"1.931";"2.159";"2.255"
"Teresina de Goiás";"Energia Elétrica - Consumidores - Total (número)";"743";"836";"883";"959";" 1.050 ";"1.070";"1.075";"1.093";"1.126";"1.126";"1.139";"1.131";"1.140";"1.190";"1.171";"1.228";"1.304";"1.323";"1.329";"1.351";"1.396"
"Teresina de Goiás";"Capacidade Instalada de Energia - Total (MW)";"...";"...";"...";"...";"...";"...";"...";"...";"...";"...";"...";"...";"...";"...";"...";"...";"...";"...";"...";"...";"..."
"Teresina de Goiás";"Energia Elétrica - Consumo - Total (Mwh)";"1.411";"1.523";"1.628";"1.635";"1.769";"1.893";"1.887";"2.091";"2.202";"2.232";"2.204";"2.240";"2.298";"2.464";"2.495";"2.619";"2.753";"2.833";"2.967";"3.327";"3.548"
"Teresina de Goiás";"Energia Elétrica de Consumo Próprio - Consumidores (número)";"-";"1";"-";"-";" -   ";"-";"-";"-";"-";"-";"-";"-";"-";"";"0";" - ";"";"1";"1";"1";"1"
"Teresina de Goiás";"Energia Elétrica de Consumo Próprio - Consumo (Mwh)";"-";"-";"-";"-";" -   ";"-";"-";"-";"-";"-";"-";"0";"-";"0";" - ";"-";"0";"4";"1";"1";"1"
"Teresina de Goiás";"Energia Elétrica na Iluminação Pública - Consumidores (número)";"1";"1";"1";"1";" 1 ";"1";"1";"1";"1";"1";"1";"1";"1";"1";"1";"1";"1";"1";"1";"1";"1"
"Teresina de Goiás";"Energia Elétrica no Setor Comercial - Consumidores (número)";"64";"63";"63";"68";" 82 ";"83";"87";"87";"88";"95";"96";"94";"95";"94";"88";"88";"90";"87";"84";"85";"81"
"Teresina de Goiás";"Energia Elétrica no Setor Comercial - Consumo (Mwh)";"240";"246";"253";"268";"281";"273";"271";"339";"373";"376";"350";"364";"384";"377";"379";"397";"409";"363";"396";"414";"418"
"Teresina de Goiás";"Energia Elétrica no Setor Industrial - Consumidores (número)";"4";"4";"3";"3";" 2 ";"2";"2";"2";"2";"2";"1";"1";"1";"1";"1";"1";"1";"1";"1";"1";"1"
"Teresina de Goiás";"Energia Elétrica no Setor Industrial - Consumo (Mwh)";"9";"10";"10";"11";"7";"6";"8";"7";"11";"9";"4";"5";"6";"6";"7";"7";"8";"8";"24";"154";"178"
"Teresina de Goiás";"Energia Elétrica Rural - Consumidores (número)";"101";"157";"189";"243";" 314 ";"317";"310";"311";"315";"312";"305";"303";"308";"311";"315";"324";"376";"390";"377";"360";"378"
"Teresina de Goiás";"Energia Elétrica Rural - Consumo (Mwh)";"87";"167";"202";"222";"291";"401";"400";"438";"505";"463";"472";"472";"480";"542";"556";"590";"649";"697";"761";"825";"827"
"Terezópolis de Goiás";"Energia Elétrica - Consumidores - Total (número)";"1.890";"1.960";"2.069";"2.180";" 2.317 ";"2.437";"2.542";"2.695";"2.791";"3.019";"3.144";"3.136";"3.169";"3.382";"3.252";"3.351";"3.422";"3.556";"3.561";"3.620";"3.765"
"Terezópolis de Goiás";"Capacidade Instalada de Energia - Total (MW)";"...";"...";"...";"...";"...";"...";"...";"...";"...";"...";"...";"...";"...";"...";"...";"...";"...";"...";"...";"...";"..."
"Terezópolis de Goiás";"Energia Elétrica - Consumo - Total (Mwh)";"4.461";"4.855";"5.522";"5.748";"6.049";"6.571";"7.279";"8.112";"8.553";"9.370";"9.082";"9.718";"10.040";"11.625";"10.864";"12.114";"11.646";"12.330";"13.018";"14.177";"13.440"
"Terezópolis de Goiás";"Energia Elétrica de Consumo Próprio - Consumidores (número)";"1";"1";"1";"-";" -   ";"-";"-";"-";"-";"-";"-";"-";"-";"1";"1";"1";"3";"3";"3";"3";"3"
"Terezópolis de Goiás";"Energia Elétrica de Consumo Próprio - Consumo (Mwh)";"1";"1";"1";"-";" -   ";"-";"-";"-";"-";"-";"-";"0";"-";"55";"13";"5";"3";"29";"10";"15";"13"
"Terezópolis de Goiás";"Energia Elétrica na Iluminação Pública - Consumidores (número)";"1";"1";"1";"1";" 1 ";"1";"1";"1";"1";"1";"1";"1";"1";"1";"1";"2";"1";"1";"1";"1";"1"
"Terezópolis de Goiás";"Energia Elétrica no Setor Comercial - Consumidores (número)";"205";"213";"239";"242";" 252 ";"258";"264";"292";"299";"299";"307";"303";"305";"296";"264";"257";"259";"250";"247";"232";"248"
"Terezópolis de Goiás";"Energia Elétrica no Setor Comercial - Consumo (Mwh)";"865";"1.032";"1.190";"1.264";"1.281";"1.372";"1.494";"1.667";"1.689";"1.819";"1.778";"1.744";"1.742";"1.665";"2.149";"1.769";"1.675";"1.839";"1.867";"2.143";"1.860"
"Terezópolis de Goiás";"Energia Elétrica no Setor Industrial - Consumidores (número)";"26";"24";"12";"15";" 17 ";"20";"25";"25";"26";"24";"24";"23";"23";"33";"18";"17";"17";"19";"20";"17";"17"
"Terezópolis de Goiás";"Energia Elétrica no Setor Industrial - Consumo (Mwh)";"430";"419";"497";"541";"552";"641";"1.057";"1.382";"1.409";"1.589";"1.203";"955";"1.078";"2.854";"1.299";"1.562";"1.752";"2.350";"2.722";"2.930";"1.711"
"Terezópolis de Goiás";"Energia Elétrica Rural - Consumidores (número)";"118";"120";"119";"124";" 133 ";"138";"146";"147";"128";"156";"159";"175";"181";"203";"221";"232";"257";"323";"296";"311";"313"
"Terezópolis de Goiás";"Energia Elétrica Rural - Consumo (Mwh)";"764";"888";"1.011";"850";"904";"1.010";"955";"922";"963";"1.075";"996";"1.186";"1.071";"1.152";"1.451";"1.615";"1.522";"1.320";"1.477";"1.670";"1.987"
"Três Ranchos";"Energia Elétrica - Consumidores - Total (número)";"1.453";"1.530";"1.624";"1.709";" 1.781 ";"1.854";"1.882";"1.962";"2.052";"2.153";"2.254";"2.254";"2.298";"2.511";"2.392";"2.484";"2.536";"2.688";"2.772";"2.834";"2.945"
"Três Ranchos";"Capacidade Instalada de Energia - Total (MW)";"...";"...";"...";"...";"...";"...";"...";"...";"...";"...";"...";"...";"...";"...";"...";"...";"...";"...";"...";"...";"..."
"Três Ranchos";"Energia Elétrica - Consumo - Total (Mwh)";"4.640";"4.933";"5.095";"5.103";"5.291";"5.418";"5.570";"5.938";"6.275";"6.707";"6.383";"6.178";"6.127";"6.188";"6.817";"7.084";"7.324";"7.143";"7.803";"8.143";"8.974"
"Três Ranchos";"Energia Elétrica de Consumo Próprio - Consumidores (número)";"1";"1";"1";"1";" 1 ";"1";"-";"-";"-";"-";"-";"-";"-";"1";"1";"1";"1";"5";"3";"3";"3"
"Três Ranchos";"Energia Elétrica de Consumo Próprio - Consumo (Mwh)";"1";"1";"1";"1";" 1 ";"2";"0";"-";"-";"-";"-";"0";"-";"6";" -   ";"2";"1";"16";"9";"8";"9"
"Três Ranchos";"Energia Elétrica na Iluminação Pública - Consumidores (número)";"1";"1";"1";"1";" 1 ";"1";"1";"1";"1";"1";"1";"1";"1";"3";"1";"1";"1";"1";"1";"1";"1"
"Três Ranchos";"Energia Elétrica no Setor Comercial - Consumidores (número)";"87";"88";"89";"91";" 114 ";"119";"116";"114";"116";"114";"115";"113";"114";"115";"108";"106";"100";"102";"101";"100";"97"
"Três Ranchos";"Energia Elétrica no Setor Comercial - Consumo (Mwh)";"682";"618";"682";"652";"765";"819";"873";"888";"885";"968";"795";"789";"713";"643";"804";"720";"746";"718";"738";"804";"796"
"Três Ranchos";"Energia Elétrica no Setor Industrial - Consumidores (número)";"7";"7";"7";"5";" 2 ";"3";"3";"3";"3";"3";"3";"2";"2";"2";"2";"2";"2";"2";"2";"2";"2"
"Três Ranchos";"Energia Elétrica no Setor Industrial - Consumo (Mwh)";"106";"111";"191";"194";"166";"141";"334";"321";"315";"252";"193";"6";"6";"6";"7";"7";"6";"5";"9";"8";"8"
"Três Ranchos";"Energia Elétrica Rural - Consumidores (número)";"238";"242";"249";"263";" 266 ";"274";"280";"282";"283";"285";"292";"301";"305";"350";"345";"374";"398";"449";"487";"507";"531"
"Três Ranchos";"Energia Elétrica Rural - Consumo (Mwh)";"525";"518";"542";"505";"526";"568";"605";"608";"712";"736";"734";"744";"740";"849";"890";"1.003";"1.189";"1.092";"1.149";"1.142";"1.862"
"Trindade";"Energia Elétrica - Consumidores - Total (número)";"29.141";"29.374";"30.406";"35.505";" 36.342 ";"37.993";"39.600";"41.129";"44.228";"45.328";"48.447";"49.850";"51.215";"56.693";"56.275";"58.306";"60.069";"62.426";"64.000";"66.595";"69.819"
"Trindade";"Capacidade Instalada de Energia - Total (MW)";"...";"...";"...";"...";"...";"...";"...";"...";"...";"...";"...";"...";"...";"...";"...";"...";"...";"...";"...";"...";"..."
"Trindade";"Energia Elétrica - Consumo - Total (Mwh)";"98.899";"103.805";"110.124";"118.337";"123.718";"149.906";"147.021";"146.753";"158.837";"168.307";"169.043";"171.187";"182.539";"186.297";"197.606";"203.692";"228.645";"222.614";"241.933";"270.061";"286.980"
"Trindade";"Energia Elétrica de Consumo Próprio - Consumidores (número)";"1";"1";"1";"1";" 1 ";"1";"1";"1";"1";"1";"1";"1";"1";"2";"2";"2";"2";"12";"12";"12";"12"
"Trindade";"Energia Elétrica de Consumo Próprio - Consumo (Mwh)";"14";"12";"12";"11";" 12 ";"10";"12";"12";"12";"13";"15";"16";"15";"89";"86";"156";"118";"291";"170";"185";"206"
"Trindade";"Energia Elétrica na Iluminação Pública - Consumidores (número)";"3";"3";"3";"3";" 3 ";"3";"3";"3";"3";"3";"3";"3";"3";"3";"3";"1";"2";"1";"1";"3";"5"
"Trindade";"Energia Elétrica no Setor Comercial - Consumidores (número)";"1.278";"1.355";"1.546";"1.927";" 2.641 ";"2.772";"2.891";"2.971";"3.023";"2.853";"2.769";"2.673";"2.704";"2.652";"2.519";"2.472";"2.439";"2.467";"2.408";"2.399";"2.394"
"Trindade";"Energia Elétrica no Setor Comercial - Consumo (Mwh)";"6.596";"7.678";"8.900";"11.238";"12.369";"14.739";"15.619";"17.226";"18.798";"19.612";"20.516";"20.356";"21.563";"23.125";"25.355";"22.297";"22.924";"25.551";"26.877";"29.108";"30.535"
"Trindade";"Energia Elétrica no Setor Industrial - Consumidores (número)";"169";"160";"154";"154";" 152 ";"151";"157";"150";"150";"143";"140";"133";"129";"121";"120";"123";"119";"109";"108";"106";"105"
"Trindade";"Energia Elétrica no Setor Industrial - Consumo (Mwh)";"33.936";"35.591";"38.031";"38.512";"39.311";"48.650";"49.561";"47.271";"49.257";"50.572";"48.189";"47.958";"55.334";"51.663";"53.722";"55.323";"55.415";"56.287";"56.692";"65.827";"71.502"
"Trindade";"Energia Elétrica Rural - Consumidores (número)";"688";"692";"696";"710";" 707 ";"710";"712";"717";"688";"742";"757";"772";"759";"873";"926";"980";"1.055";"1.214";"1149";"1.207";"1.220"
"Trindade";"Energia Elétrica Rural - Consumo (Mwh)";"5.154";"5.019";"5.428";"4.729";"4.879";"5.774";"5.485";"5.658";"5.533";"5.729";"5.459";"6.158";"5.781";"5.943";"6.408";"6.909";"7.231";"6.598";"7.484";"7.800";"8.143"
"Trombas";"Energia Elétrica - Consumidores - Total (número)";"1.249";"1.375";"1.392";"1.451";" 1.525 ";"1.537";"1.549";"1.534";"1.544";"1.572";"1.583";"1.563";"1.587";"1.635";"1.605";"1.631";"1.664";"1.763";"1.736";"1.769";"1.769"
"Trombas";"Capacidade Instalada de Energia - Total (MW)";"...";"...";"...";"...";"...";"...";"...";"...";"...";"...";"...";"...";"...";"...";"...";"...";"...";"...";"...";"...";"..."
"Trombas";"Energia Elétrica - Consumo - Total (Mwh)";"2.173";"2.375";"2.488";"2.549";"2.723";"2.884";"3.007";"3.047";"3.101";"3.512";"3.555";"3.733";"3.820";"4.152";"3.900";"3.939";"4.052";"4.091";"4.679";"4.916";"5.136"
"Trombas";"Energia Elétrica de Consumo Próprio - Consumidores (número)";"-";"1";"-";"-";" -   ";"-";"-";"-";"-";"-";"-";"-";"-";"";"0";" - ";"";"0";"0";"-";"-"
"Trombas";"Energia Elétrica de Consumo Próprio - Consumo (Mwh)";"-";"-";"-";"-";" -   ";"-";"-";"-";"-";"-";"-";"0";"-";"0";" - ";"-";"0";"0";"0";"0";"-"
"Trombas";"Energia Elétrica na Iluminação Pública - Consumidores (número)";"1";"1";"1";"1";" 1 ";"1";"1";"1";"1";"1";"1";"1";"1";"1";"1";"1";"1";"1";"1";"1";"1"
"Trombas";"Energia Elétrica no Setor Comercial - Consumidores (número)";"68";"63";"59";"68";" 124 ";"127";"125";"119";"118";"113";"114";"108";"109";"108";"104";"106";"103";"103";"103";"103";"95"
"Trombas";"Energia Elétrica no Setor Comercial - Consumo (Mwh)";"170";"159";"161";"167";"229";"254";"257";"274";"315";"348";"386";"376";"365";"472";"249";"352";"324";"350";"385";"400";"425"
"Trombas";"Energia Elétrica no Setor Industrial - Consumidores (número)";"12";"11";"11";"10";" 5 ";"5";"5";"4";"2";"2";"3";"3";"3";"3";"2";"1";"1";"1";"1";"1";"1"
"Trombas";"Energia Elétrica no Setor Industrial - Consumo (Mwh)";"352";"348";"356";"340";"377";"423";"352";"328";"300";"319";"315";"254";"224";"235";"191";"3";"2";"3";"2";"3";"2"
"Trombas";"Energia Elétrica Rural - Consumidores (número)";"311";"434";"450";"486";" 539 ";"541";"541";"533";"529";"562";"563";"553";"555";"565";"557";"553";"565";"641";"618";"621";"608"
"Trombas";"Energia Elétrica Rural - Consumo (Mwh)";"459";"585";"643";"610";"676";"709";"876";"833";"768";"1.111";"925";"1.043";"1.091";"1.212";"1.214";"1.323";"1.363";"1.295";"1.462";"1.540";"1.576"
"Turvânia";"Energia Elétrica - Consumidores - Total (número)";"2.086";"2.110";"2.127";"2.153";" 2.186 ";"2.192";"2.237";"2.238";"2.266";"2.306";"2.294";"2.294";"2.289";"2.381";"2.354";"2.403";"2.429";"2.539";"2.534";"2.595";"2.642"
"Turvânia";"Capacidade Instalada de Energia - Total (MW)";"...";"...";"...";"...";"...";"...";"...";"...";"...";"...";"...";"...";"...";"...";"...";"...";"...";"...";"...";"...";"..."
"Turvânia";"Energia Elétrica - Consumo - Total (Mwh)";"8.209";"4.998";"7.792";"8.004";"8.153";"9.418";"9.257";"9.018";"9.150";"8.629";"8.231";"8.319";"8.385";"8.940";"8.602";"9.502";"9.351";"10.104";"10.945";"10.605";"11.723"
"Turvânia";"Energia Elétrica de Consumo Próprio - Consumidores (número)";"1";"1";"1";"-";" -   ";"-";"-";"-";"-";"-";"-";"-";"-";"1";"1";"1";"1";"3";"3";"3";"3"
"Turvânia";"Energia Elétrica de Consumo Próprio - Consumo (Mwh)";"1";"1";"1";"-";" -   ";"-";"-";"-";"-";"-";"-";"0";"0";"3";"2";"1";"1";"13";"6";"13";"7"
"Turvânia";"Energia Elétrica na Iluminação Pública - Consumidores (número)";"1";"1";"1";"1";" 1 ";"1";"1";"1";"1";"2";"2";"2";"2";"4";"2";"2";"1";"1";"1";"1";"1"
"Turvânia";"Energia Elétrica no Setor Comercial - Consumidores (número)";"118";"119";"127";"128";" 177 ";"176";"178";"172";"175";"181";"180";"184";"181";"178";"166";"161";"161";"178";"171";"169";"168"
"Turvânia";"Energia Elétrica no Setor Comercial - Consumo (Mwh)";"339";"366";"402";"412";"549";"606";"632";"632";"669";"675";"681";"693";"705";"699";"708";"667";"741";"2.238";"2.390";"1.340";"1.593"
"Turvânia";"Energia Elétrica no Setor Industrial - Consumidores (número)";"22";"21";"21";"22";" 20 ";"19";"19";"18";"19";"18";"16";"15";"15";"15";"15";"15";"15";"15";"15";"14";"14"
"Turvânia";"Energia Elétrica no Setor Industrial - Consumo (Mwh)";"164";"228";"372";"530";"537";"996";"1.115";"775";"766";"769";"384";"253";"203";"128";"94";"108";"106";"186";"265";"330";"309"
"Turvânia";"Energia Elétrica Rural - Consumidores (número)";"437";"449";"442";"450";" 471 ";"461";"478";"475";"476";"485";"470";"464";"468";"489";"488";"478";"487";"528";"497";"495";"496"
"Turvânia";"Energia Elétrica Rural - Consumo (Mwh)";"5.081";"1.761";"4.308";"4.169";"4.042";"4.644";"4.268";"4.285";"4.396";"3.861";"3.605";"3.821";"3.878";"4.329";"3.898";"4.047";"4.268";"3.207";"3.534";"3.715";"4.378"
"Turvelândia";"Energia Elétrica - Consumidores - Total (número)";"1.105";"1.155";"1.257";"1.330";" 1.354 ";"1.378";"1.393";"1.540";"1.616";"1.691";"1.773";"1.844";"1.875";"1.993";"2.018";"2.073";"2.108";"2.281";"2.254";"2.295";"2.335"
"Turvelândia";"Capacidade Instalada de Energia - Total (MW)";"...";"...";"...";"...";"...";"...";"...";"...";"...";"...";"...";"...";"...";"...";"...";"...";"...";"...";"...";"...";"..."
"Turvelândia";"Energia Elétrica - Consumo - Total (Mwh)";"78.519";"55.370";"5.900";"6.261";"5.790";"7.238";"7.198";"8.158";"7.880";"8.463";"7.830";"9.800";"11.573";"12.816";"12.530";"13.503";"14.332";"19.369";"21.059";"23.179";"22.435"
"Turvelândia";"Energia Elétrica de Consumo Próprio - Consumidores (número)";"1";"-";"-";"-";" -   ";"-";"-";"-";"-";"-";"-";"-";"-";"1";"1";"1";"1";"3";"5";"3";"3"
"Turvelândia";"Energia Elétrica de Consumo Próprio - Consumo (Mwh)";"-";"-";"-";"-";" -   ";"-";"-";"-";"-";"-";"-";"0";"-";"17";"3";"2";"3";"18";"7";"8";"6"
"Turvelândia";"Energia Elétrica na Iluminação Pública - Consumidores (número)";"1";"1";"1";"1";" 1 ";"1";"1";"1";"1";"1";"1";"1";"1";"1";"1";"1";"1";"1";"1";"1";"1"
"Turvelândia";"Energia Elétrica no Setor Comercial - Consumidores (número)";"66";"67";"78";"87";" 107 ";"107";"107";"109";"113";"110";"111";"115";"119";"120";"117";"117";"115";"115";"117";"120";"117"
"Turvelândia";"Energia Elétrica no Setor Comercial - Consumo (Mwh)";"419";"438";"448";"468";"430";"628";"761";"489";"485";"493";"533";"506";"563";"642";"729";"708";"619";"1.939";"899";"918";"982"
"Turvelândia";"Energia Elétrica no Setor Industrial - Consumidores (número)";"11";"11";"10";"11";" 11 ";"11";"10";"10";"9";"8";"8";"7";"6";"5";"5";"5";"6";"6";"6";"6";"6"
"Turvelândia";"Energia Elétrica no Setor Industrial - Consumo (Mwh)";"73.403";"50.637";"63";"60";"45";"43";"69";"63";"27";"45";"25";"18";"20";"10";"12";"24";"941";"3.042";"2.649";"3.259";"4.033"
"Turvelândia";"Energia Elétrica Rural - Consumidores (número)";"193";"219";"222";"248";" 248 ";"250";"243";"246";"256";"261";"266";"271";"274";"286";"296";"307";"338";"476";"449";"468";"466"
"Turvelândia";"Energia Elétrica Rural - Consumo (Mwh)";"3.012";"2.497";"3.395";"3.615";"3.037";"4.215";"3.944";"4.763";"4.348";"4.445";"3.705";"5.621";"7.126";"8.125";"7.461";"8.266";"8.195";"9.952";"12.608";"13.451";"11.845"
"Uirapuru";"Energia Elétrica - Consumidores - Total (número)";"1.020";"1.065";"1.113";"1.135";" 1.152 ";"1.181";"1.167";"1.189";"1.214";"1.194";"1.213";"1.219";"981";"1.339";"1.329";"1.403";"1.433";"1.510";"1.504";"1.554";"1.633"
"Uirapuru";"Capacidade Instalada de Energia - Total (MW)";"...";"...";"...";"...";"...";"...";"...";"...";"...";"...";"...";"...";"...";"...";"...";"...";"...";"...";"...";"...";"..."
"Uirapuru";"Energia Elétrica - Consumo - Total (Mwh)";"1.801";"1.896";"2.089";"2.137";"2.242";"2.613";"2.356";"2.011";"2.663";"2.853";"2.828";"2.967";"2.304";"3.143";"3.354";"3.521";"3.633";"3.809";"4.458";"4.587";"4.833"
"Uirapuru";"Energia Elétrica de Consumo Próprio - Consumidores (número)";"-";"-";"-";"-";" -   ";"-";"-";"-";"-";"-";"-";"-";"-";"";"0";" - ";"";"1";"1";"1";"1"
"Uirapuru";"Energia Elétrica de Consumo Próprio - Consumo (Mwh)";"-";"-";"-";"-";" -   ";"-";"-";"-";"-";"-";"-";"0";"-";"0";" - ";"-";"0";"2";"6";"6";"6"
"Uirapuru";"Energia Elétrica na Iluminação Pública - Consumidores (número)";"2";"2";"2";"2";" 2 ";"2";"2";"2";"2";"2";"2";"2";"2";"3";"3";"2";"2";"2";"2";"1";"1"
"Uirapuru";"Energia Elétrica no Setor Comercial - Consumidores (número)";"56";"53";"55";"57";" 95 ";"93";"88";"89";"88";"87";"91";"92";"73";"93";"88";"95";"97";"96";"91";"91";"89"
"Uirapuru";"Energia Elétrica no Setor Comercial - Consumo (Mwh)";"136";"132";"141";"170";"268";"305";"290";"258";"298";"303";"298";"308";"230";"326";"357";"359";"385";"412";"483";"497";"524"
"Uirapuru";"Energia Elétrica no Setor Industrial - Consumidores (número)";"10";"9";"8";"8";" 7 ";"8";"8";"8";"8";"8";"8";"7";"6";"7";"7";"6";"5";"5";"5";"5";"6"
"Uirapuru";"Energia Elétrica no Setor Industrial - Consumo (Mwh)";"41";"50";"64";"59";"55";"61";"65";"49";"64";"58";"53";"58";"68";"50";"38";"33";"24";"16";"20";"19";"22"
"Uirapuru";"Energia Elétrica Rural - Consumidores (número)";"273";"318";"361";"363";" 366 ";"383";"382";"383";"385";"378";"372";"372";"277";"443";"439";"484";"490";"535";"517";"506";"548"
"Uirapuru";"Energia Elétrica Rural - Consumo (Mwh)";"565";"652";"752";"725";"724";"896";"814";"523";"820";"1.007";"858";"924";"567";"1.013";"1.093";"1.240";"1.289";"1.301";"1.516";"1.507";"1.574"
"Uruaçu";"Energia Elétrica - Consumidores - Total (número)";"11.842";"12.175";"12.429";"12.921";" 13.379 ";"14.155";"14.830";"15.600";"16.217";"16.816";"17.074";"17.582";"17.672";"18.811";"18.649";"19.195";"19.597";"20.373";"20.774";"21.274";"21.913"
"Uruaçu";"Capacidade Instalada de Energia - Total (MW)";"...";"...";"...";"...";"...";"...";"...";"...";"...";"...";"...";"...";"...";"...";"...";"...";"...";"...";"...";"...";"..."
"Uruaçu";"Energia Elétrica - Consumo - Total (Mwh)";"33.187";"34.261";"35.846";"37.091";"40.785";"42.787";"42.158";"43.997";"48.321";"51.007";"55.140";"54.358";"54.289";"57.824";"60.072";"61.892";"67.433";"72.365";"83.579";"91.391";"94.625"
"Uruaçu";"Energia Elétrica de Consumo Próprio - Consumidores (número)";"3";"2";"2";"2";" 2 ";"2";"2";"2";"2";"2";"2";"2";"2";"2";"2";"2";"2";"9";"9";"10";"10"
"Uruaçu";"Energia Elétrica de Consumo Próprio - Consumo (Mwh)";"105";"80";"35";"31";" 42 ";"31";"28";"24";"25";"23";"33";"36";"32";"55";"195";"133";"111";"233";"181";"198";"205"
"Uruaçu";"Energia Elétrica na Iluminação Pública - Consumidores (número)";"6";"6";"6";"6";" 6 ";"6";"6";"6";"6";"6";"6";"6";"6";"6";"6";"1";"1";"1";"1";"1";"1"
"Uruaçu";"Energia Elétrica no Setor Comercial - Consumidores (número)";"928";"961";"974";"1.012";" 1.324 ";"1.409";"1.431";"1.447";"1.475";"1.519";"1.504";"1.443";"1.420";"1.406";"1.329";"1.331";"1.294";"1.301";"1.299";"1.273";"1.263"
"Uruaçu";"Energia Elétrica no Setor Comercial - Consumo (Mwh)";"5.255";"5.492";"5.954";"6.341";"7.876";"9.310";"10.047";"11.019";"11.966";"12.480";"13.132";"12.527";"12.126";"12.367";"12.386";"11.540";"12.508";"13.299";"14.837";"16.510";"16.699"
"Uruaçu";"Energia Elétrica no Setor Industrial - Consumidores (número)";"89";"91";"96";"95";" 70 ";"69";"73";"75";"71";"72";"76";"73";"72";"71";"68";"69";"66";"68";"66";"65";"65"
"Uruaçu";"Energia Elétrica no Setor Industrial - Consumo (Mwh)";"6.473";"6.952";"7.658";"8.007";"8.690";"6.844";"3.952";"2.375";"3.174";"3.481";"3.999";"3.575";"3.848";"4.784";"4.411";"5.292";"5.790";"5.546";"5.761";"5.627";"4.469"
"Uruaçu";"Energia Elétrica Rural - Consumidores (número)";"676";"779";"831";"845";" 882 ";"920";"944";"970";"977";"1.000";"1.027";"1.052";"1.068";"1.128";"1.143";"1.233";"1.283";"1.493";"1470";"1.445";"1.449"
"Uruaçu";"Energia Elétrica Rural - Consumo (Mwh)";"1.825";"1.985";"2.014";"2.118";"2.199";"2.475";"2.435";"2.319";"2.755";"3.426";"3.346";"3.777";"3.618";"4.102";"4.196";"4.638";"4.961";"4.870";"5.699";"6.344";"7.113"
"Uruana";"Energia Elétrica - Consumidores - Total (número)";"5.008";"5.118";"5.249";"5.215";" 5.225 ";"5.118";"5.653";"5.787";"5.941";"6.015";"6.141";"6.242";"6.314";"6.386";"6.496";"6574";"19.148";"6.768";"6.845";"6.953";"7.061"
"Uruana";"Capacidade Instalada de Energia - Total (MW)";"...";"...";"...";"...";"...";"...";"...";"...";"...";"...";"...";"...";"...";"...";"...";"...";"...";"...";"...";"...";"..."
"Uruana";"Energia Elétrica - Consumo - Total (Mwh)";"10.630";"10.761";"11.337";"11.523";"11.866";"12.594";"15.479";"14.440";"14.171";"15.696";"15.978";"16.671";"17.265";"17.708";"18.782";"19.319";"19.579";"20.181";"21.409";"6.297";"24.237"
"Uruana";"Energia Elétrica de Consumo Próprio - Consumidores (número)";"1";"1";"1";"1";" 3 ";"3";"3";"3";"3";"3";"3";"3";"3";"3";"3";"3";"18";"3";"3";"3";"3"
"Uruana";"Energia Elétrica de Consumo Próprio - Consumo (Mwh)";"6";"7";"8";"6";" 11 ";"10";"22";"10";"10";"10";"14";"17";"16";"15";"17";"18";"0";"18";"19";"17";"19"
"Uruana";"Energia Elétrica na Iluminação Pública - Consumidores (número)";"8";"8";"8";"4";" 7 ";"8";"8";"8";"8";"8";"8";"8";"8";"8";"8";"8";"616";"1";"1";"1";"1"
"Uruana";"Energia Elétrica no Setor Comercial - Consumidores (número)";"391";"397";"427";"294";" 426 ";"439";"448";"467";"461";"505";"504";"525";"525";"510";"511";"529";"3.502";"540";"543";"559";"559"
"Uruana";"Energia Elétrica no Setor Comercial - Consumo (Mwh)";"1.445";"1.497";"1.636";"1.626";"1.701";"1.909";"2.573";"2.132";"2.174";"2.370";"2.441";"2.463";"2.624";"3.149";"3.480";"3.611";"3.502";"3.339";"3.066";"3.381";"3.620"
"Uruana";"Energia Elétrica no Setor Industrial - Consumidores (número)";"73";"70";"64";"12";" 63 ";"64";"64";"57";"55";"18";"15";"14";"13";"10";"10";"8";"53";"7";"7";"7";"6"
"Uruana";"Energia Elétrica no Setor Industrial - Consumo (Mwh)";"677";"582";"551";"471";"469";"517";"686";"486";"399";"376";"301";"281";"275";"117";"105";"73";"53";"87";"98";"101";"69"
"Uruana";"Energia Elétrica Rural - Consumidores (número)";"593";"620";"663";"808";" 535 ";"328";"736";"779";"789";"815";"845";"867";"890";"895";"632";"914";"4.608";"886";"860";"837";"713"
"Uruana";"Energia Elétrica Rural - Consumo (Mwh)";"2.027";"2.066";"2.241";"2.389";"2.370";"2.375";"2.566";"3.230";"2.643";"3.249";"3.313";"3.739";"4.060";"4.206";"4.585";"4.783";"5.058";"5.208";"5.195";"432";"5.134"
"Urutaí";"Energia Elétrica - Consumidores - Total (número)";"1.299";"1.315";"1.336";"1.366";" 1.406 ";"1.436";"1.527";"1.602";"1.642";"1.711";"1.776";"1.822";"1.858";"1.969";"1.983";"1.975";"2.031";"2.194";"2.195";"2.201";"2.224"
"Urutaí";"Capacidade Instalada de Energia - Total (MW)";"...";"...";"...";"...";"...";"...";"...";"...";"...";"...";"...";"...";"...";"...";"...";"...";"...";"...";"...";"...";"..."
"Urutaí";"Energia Elétrica - Consumo - Total (Mwh)";"3.890";"3.920";"3.893";"4.023";"4.300";"4.933";"6.947";"9.142";"7.688";"10.330";"10.720";"11.438";"11.711";"13.443";"15.036";"14.218";"15.101";"16.087";"16.235";"16.341";"14.730"
"Urutaí";"Energia Elétrica de Consumo Próprio - Consumidores (número)";"1";"1";"1";"1";" -   ";"-";"-";"-";"-";"-";"-";"-";"-";"1";"1";"1";"1";"3";"3";"3";"3"
"Urutaí";"Energia Elétrica de Consumo Próprio - Consumo (Mwh)";"-";"-";"-";"-";" -   ";"-";"-";"-";"-";"-";"-";"0";"-";"1";"2";"2";"1";"22";"14";"11";"7"
"Urutaí";"Energia Elétrica na Iluminação Pública - Consumidores (número)";"1";"1";"1";"1";" 1 ";"1";"1";"1";"1";"1";"1";"1";"1";"1";"1";"1";"1";"1";"1";"1";"1"
"Urutaí";"Energia Elétrica no Setor Comercial - Consumidores (número)";"54";"53";"54";"58";" 85 ";"85";"86";"88";"85";"83";"82";"79";"77";"77";"79";"82";"76";"78";"77";"77";"76"
"Urutaí";"Energia Elétrica no Setor Comercial - Consumo (Mwh)";"182";"176";"195";"224";"278";"278";"301";"309";"316";"319";"305";"276";"235";"270";"289";"294";"585";"666";"564";"405";"430"
"Urutaí";"Energia Elétrica no Setor Industrial - Consumidores (número)";"13";"12";"12";"10";" 7 ";"6";"6";"6";"6";"6";"6";"6";"6";"6";"5";"5";"5";"5";"7";"6";"6"
"Urutaí";"Energia Elétrica no Setor Industrial - Consumo (Mwh)";"90";"70";"53";"54";"49";"49";"56";"42";"50";"50";"47";"37";"36";"45";"53";"49";"42";"38";"38";"36";"39"
"Urutaí";"Energia Elétrica Rural - Consumidores (número)";"299";"303";"308";"312";" 325 ";"326";"385";"408";"423";"436";"458";"474";"485";"517";"526";"539";"569";"642";"631";"628";"648"
"Urutaí";"Energia Elétrica Rural - Consumo (Mwh)";"1.189";"1.207";"1.166";"1.294";"1.427";"1.798";"3.346";"5.340";"3.691";"6.391";"6.835";"7.471";"7.739";"9.188";"10.748";"10.345";"11.155";"11.678";"11.578";"11.700";"9.941"
"Valparaíso de Goiás";"Energia Elétrica - Consumidores - Total (número)";"35.484";"36.056";"38.143";"40.745";" 42.830 ";"46.882";"51.813";"56.045";"61.171";"65.813";"70.966";"70.664";"63.572";"78.475";"78.006";"82.703";"85.290";"87.993";"91.329";"94.263";"96.692"
"Valparaíso de Goiás";"Capacidade Instalada de Energia - Total (MW)";"...";"...";"...";"...";"...";"...";"...";"...";"...";"...";"...";"...";"...";"...";"...";"...";"...";"...";"...";"...";"..."
"Valparaíso de Goiás";"Energia Elétrica - Consumo - Total (Mwh)";"73.456";"73.382";"76.973";"82.963";"94.448";"110.053";"122.657";"131.985";"138.534";"147.831";"154.790";"157.709";"148.978";"175.066";"185.753";"200.595";"200.695";"208.388";"244.065";"272.442";"286.162"
"Valparaíso de Goiás";"Energia Elétrica de Consumo Próprio - Consumidores (número)";"1";"2";"2";"2";" 2 ";"2";"2";"2";"2";"1";"1";"1";"1";"3";"4";"6";"4";"21";"19";"20";"18"
"Valparaíso de Goiás";"Energia Elétrica de Consumo Próprio - Consumo (Mwh)";"6";"8";"9";"13";" 14 ";"17";"16";"12";"12";"10";"10";"10";"7";"90";"244";"245";"229";"423";"247";"248";"236"
"Valparaíso de Goiás";"Energia Elétrica na Iluminação Pública - Consumidores (número)";"2";"2";"2";"2";" 2 ";"2";"2";"2";"2";"2";"2";"2";"2";"2";"2";"1";"1";"1";"1";"1";"1"
"Valparaíso de Goiás";"Energia Elétrica no Setor Comercial - Consumidores (número)";"1.336";"1.504";"2.930";"2.984";" 3.071 ";"3.004";"2.942";"2.852";"2.837";"2.861";"2.848";"2.688";"2.204";"2.975";"3.036";"3.243";"3.326";"3.364";"3.280";"3.131";"3.197"
"Valparaíso de Goiás";"Energia Elétrica no Setor Comercial - Consumo (Mwh)";"11.102";"11.580";"15.858";"17.440";"22.676";"28.784";"31.115";"32.063";"32.322";"33.483";"34.487";"34.569";"40.032";"38.217";"41.871";"38.405";"40.738";"42.258";"45.378";"49.204";"51.720"
"Valparaíso de Goiás";"Energia Elétrica no Setor Industrial - Consumidores (número)";"155";"135";"66";"64";" 56 ";"49";"51";"52";"52";"50";"49";"43";"34";"43";"38";"37";"34";"36";"34";"32";"32"
"Valparaíso de Goiás";"Energia Elétrica no Setor Industrial - Consumo (Mwh)";"1.140";"995";"640";"555";"483";"486";"530";"909";"1.017";"825";"712";"517";"545";"1.265";"1.444";"1.087";"837";"785";"763";"776";"958"
"Valparaíso de Goiás";"Energia Elétrica Rural - Consumidores (número)";"17";"18";"6";"8";" 8 ";"8";"11";"10";"13";"14";"15";"17";"15";"18";"19";"25";"31";"31";"30";"31";"38"
"Valparaíso de Goiás";"Energia Elétrica Rural - Consumo (Mwh)";"119";"120";"68";"53";"51";"51";"43";"45";"54";"64";"62";"73";"71";"92";"108";"110";"253";"399";"450";"484";"532"
"Varjão";"Energia Elétrica - Consumidores - Total (número)";"1.546";"1.564";"1.579";"1.606";" 1.634 ";"1.641";"1.683";"1.713";"1.830";"1.901";"1.960";"1.957";"1.870";"2.051";"2.039";"2.101";"2.121";"2.214";"2.234";"2.273";"2.424"
"Varjão";"Capacidade Instalada de Energia - Total (MW)";"...";"...";"...";"...";"...";"...";"...";"...";"...";"...";"...";"...";"...";"...";"...";"...";"...";"...";"...";"...";"..."
"Varjão";"Energia Elétrica - Consumo - Total (Mwh)";"3.783";"3.588";"4.065";"4.187";"4.866";"5.151";"5.294";"5.632";"5.804";"6.129";"6.144";"5.961";"5.808";"6.569";"7.116";"6.935";"7.388";"7.370";"7.676";"8.600";"8.803"
"Varjão";"Energia Elétrica de Consumo Próprio - Consumidores (número)";"1";"1";"1";"-";" -   ";"-";"-";"1";"1";"1";"1";"1";"1";"1";"1";"1";"1";"3";"3";"3";"3"
"Varjão";"Energia Elétrica de Consumo Próprio - Consumo (Mwh)";"-";"-";"-";"-";" -   ";"-";"-";"1";"-";"-";"0";"0";"0";"1";"1";"2";"1";"21";"9";"12";"9"
"Varjão";"Energia Elétrica na Iluminação Pública - Consumidores (número)";"3";"3";"3";"3";" 3 ";"3";"3";"3";"3";"3";"3";"3";"3";"3";"3";"1";"1";"1";"1";"1";"1"
"Varjão";"Energia Elétrica no Setor Comercial - Consumidores (número)";"101";"105";"95";"98";" 130 ";"128";"132";"128";"129";"131";"134";"132";"127";"130";"124";"125";"124";"125";"129";"129";"130"
"Varjão";"Energia Elétrica no Setor Comercial - Consumo (Mwh)";"249";"239";"252";"295";"373";"406";"417";"458";"468";"486";"515";"559";"540";"528";"816";"528";"518";"509";"588";"707";"739"
"Varjão";"Energia Elétrica no Setor Industrial - Consumidores (número)";"13";"10";"8";"8";" 6 ";"6";"6";"6";"6";"6";"6";"6";"6";"7";"6";"8";"7";"7";"6";"6";"5"
"Varjão";"Energia Elétrica no Setor Industrial - Consumo (Mwh)";"72";"45";"46";"92";"301";"283";"381";"465";"405";"441";"418";"241";"356";"418";"443";"227";"328";"299";"176";"282";"270"
"Varjão";"Energia Elétrica Rural - Consumidores (número)";"459";"470";"492";"493";" 492 ";"491";"499";"505";"579";"584";"585";"587";"584";"607";"612";"636";"651";"716";"712";"711";"734"
"Varjão";"Energia Elétrica Rural - Consumo (Mwh)";"1.866";"1.701";"2.074";"1.980";"2.271";"2.635";"2.627";"2.677";"2.778";"2.803";"2.698";"2.640";"2.490";"2.973";"3.179";"3.442";"3.750";"3.719";"3.852";"4.244";"4.129"
"Vianópolis";"Energia Elétrica - Consumidores - Total (número)";"4.775";"5.012";"5.109";"5.346";" 5.505 ";"5.683";"5.692";"5.676";"5.839";"6.026";"6.138";"6.110";"5.783";"6.532";"6.487";"6.763";"6.971";"7.278";"7.467";"7.553";"7.738"
"Vianópolis";"Capacidade Instalada de Energia - Total (MW)";"...";"...";"...";"...";"...";"...";"...";"...";"...";"...";"...";"...";"...";"...";"...";"...";"...";"...";"...";"...";"..."
"Vianópolis";"Energia Elétrica - Consumo - Total (Mwh)";"21.611";"21.486";"24.147";"24.159";"24.698";"27.696";"27.132";"26.471";"27.814";"28.032";"25.753";"25.242";"25.169";"29.669";"32.102";"33.188";"36.900";"36.636";"40.772";"41.677";"43.197"
"Vianópolis";"Energia Elétrica de Consumo Próprio - Consumidores (número)";"1";"1";"1";"1";" 1 ";"1";"1";"1";"-";"-";"-";"-";"-";"2";"2";"2";"3";"7";"7";"7";"7"
"Vianópolis";"Energia Elétrica de Consumo Próprio - Consumo (Mwh)";"3";"3";"4";"4";" 4 ";"5";"0";"2";"-";"-";"-";"0";"-";"52";"53";"61";"67";"95";"77";"79";"81"
"Vianópolis";"Energia Elétrica na Iluminação Pública - Consumidores (número)";"4";"4";"4";"4";" 4 ";"4";"4";"4";"4";"4";"4";"4";"4";"4";"4";"5";"2";"1";"1";"1";"1"
"Vianópolis";"Energia Elétrica no Setor Comercial - Consumidores (número)";"410";"427";"427";"430";" 481 ";"500";"500";"475";"475";"474";"491";"469";"436";"477";"440";"434";"437";"452";"457";"456";"471"
"Vianópolis";"Energia Elétrica no Setor Comercial - Consumo (Mwh)";"2.361";"2.400";"2.358";"2.461";"2.614";"2.736";"2.938";"3.042";"3.493";"3.557";"3.668";"3.604";"3.826";"4.150";"4.279";"4.263";"4.834";"8.620";"7.620";"7.242";"7.158"
"Vianópolis";"Energia Elétrica no Setor Industrial - Consumidores (número)";"68";"69";"66";"65";" 62 ";"57";"59";"57";"57";"58";"57";"56";"51";"57";"53";"51";"56";"48";"50";"49";"49"
"Vianópolis";"Energia Elétrica no Setor Industrial - Consumo (Mwh)";"4.510";"5.039";"5.514";"4.852";"5.023";"6.215";"5.987";"5.944";"5.195";"4.296";"3.684";"2.739";"3.054";"3.898";"4.209";"4.077";"4.446";"4.143";"5.389";"5.664";"5.701"
"Vianópolis";"Energia Elétrica Rural - Consumidores (número)";"1.136";"1.221";"1.229";"1.297";" 1.312 ";"1.322";"1.176";"1.106";"1.107";"1.125";"1.131";"1.134";"1.135";"1.182";"1.188";"1.222";"1.234";"1.371";"1326";"1.325";"1.328"
"Vianópolis";"Energia Elétrica Rural - Consumo (Mwh)";"8.043";"7.219";"9.117";"9.404";"8.849";"9.860";"9.740";"8.574";"9.495";"9.524";"8.013";"8.409";"8.295";"10.577";"11.728";"12.194";"13.891";"9.794";"12.556";"12.750";"13.628"
"Vicentinópolis";"Energia Elétrica - Consumidores - Total (número)";"2.331";"2.343";"2.442";"2.524";" 2.614 ";"2.710";"2.991";"3.097";"3.165";"3.282";"3.390";"3.439";"3.387";"3.650";"3.659";"3.780";"3.904";"3.962";"4.062";"4.082";"4.159"
"Vicentinópolis";"Capacidade Instalada de Energia - Total (MW)";"...";"...";"...";"...";"...";"...";"...";"...";"...";"...";"...";"...";"...";"...";"...";"...";"...";"...";"...";"...";"..."
"Vicentinópolis";"Energia Elétrica - Consumo - Total (Mwh)";"11.826";"12.765";"13.757";"15.190";"15.441";"17.404";"17.734";"17.398";"19.149";"18.591";"18.458";"18.764";"16.870";"17.583";"17.367";"18.820";"18.644";"19.202";"20.863";"21.159";"22.444"
"Vicentinópolis";"Energia Elétrica de Consumo Próprio - Consumidores (número)";"1";"1";"1";"1";" 1 ";"1";"1";"1";"1";"1";"-";"-";"-";"1";"1";"1";"1";"4";"4";"4";"4"
"Vicentinópolis";"Energia Elétrica de Consumo Próprio - Consumo (Mwh)";"3";"5";"5";"3";" 4 ";"5";"1";"-";"-";"-";"0";"0";"-";"20";"49";"48";"34";"71";"48";"86";"94"
"Vicentinópolis";"Energia Elétrica na Iluminação Pública - Consumidores (número)";"2";"2";"2";"2";" 2 ";"2";"2";"2";"2";"2";"2";"2";"2";"6";"2";"1";"1";"1";"1";"1";"1"
"Vicentinópolis";"Energia Elétrica no Setor Comercial - Consumidores (número)";"201";"199";"214";"224";" 296 ";"308";"305";"323";"312";"335";"347";"340";"340";"354";"341";"342";"338";"338";"334";"327";"314"
"Vicentinópolis";"Energia Elétrica no Setor Comercial - Consumo (Mwh)";"1.676";"1.771";"1.625";"1.898";"2.159";"2.303";"2.744";"2.464";"2.698";"3.060";"3.341";"2.846";"2.956";"2.947";"3.060";"3.000";"2.980";"4.291";"4.212";"3.751";"3.432"
"Vicentinópolis";"Energia Elétrica no Setor Industrial - Consumidores (número)";"15";"15";"16";"17";" 7 ";"6";"7";"8";"8";"8";"7";"7";"7";"7";"6";"6";"6";"5";"6";"6";"6"
"Vicentinópolis";"Energia Elétrica no Setor Industrial - Consumo (Mwh)";"132";"147";"175";"160";"529";"398";"280";"490";"640";"731";"549";"511";"493";"686";"437";"291";"536";"671";"514";"641";"689"
"Vicentinópolis";"Energia Elétrica Rural - Consumidores (número)";"320";"325";"324";"330";" 322 ";"320";"308";"307";"312";"316";"318";"320";"321";"335";"316";"322";"323";"320";"321";"322";"327"
"Vicentinópolis";"Energia Elétrica Rural - Consumo (Mwh)";"6.153";"6.829";"7.662";"8.865";"8.046";"9.459";"9.550";"8.419";"9.538";"7.944";"7.486";"8.158";"5.936";"5.984";"5.683";"7.138";"6.655";"5.381";"6.390";"5.903";"5.777"
"Vila Boa";"Energia Elétrica - Consumidores - Total (número)";"1.197";"1.252";"1.349";"1.408";" 1.203 ";"1.525";"1.577";"1.612";"1.615";"1.603";"1.614";"1.612";"1.610";"1.819";"1.788";"1.817";"1.838";"2.046";"1.957";"2.068";"2.049"
"Vila Boa";"Capacidade Instalada de Energia - Total (MW)";"...";"...";"...";"...";"...";"...";"...";"...";"...";"...";"...";"...";"...";"...";"...";"...";"...";"...";"...";"...";"..."
"Vila Boa";"Energia Elétrica - Consumo - Total (Mwh)";"3.551";"3.291";"5.207";"6.777";"3.881";"4.606";"5.755";"8.257";"6.001";"4.186";"4.795";"4.347";"4.707";"5.663";"7.039";"6.281";"6.756";"6.872";"7.426";"7.808";"6.607"
"Vila Boa";"Energia Elétrica de Consumo Próprio - Consumidores (número)";"-";"-";"-";"-";" -   ";"-";"-";"-";"-";"-";"-";"-";"-";"1";"1";"1";"1";"2";"2";"2";"2"
"Vila Boa";"Energia Elétrica de Consumo Próprio - Consumo (Mwh)";"-";"-";"-";"-";" -   ";"-";"-";"-";"-";"-";"-";"0";"-";"1";"1";"1";"1";"3";"2";"2";"4"
"Vila Boa";"Energia Elétrica na Iluminação Pública - Consumidores (número)";"1";"1";"1";"1";" 1 ";"1";"1";"1";"1";"1";"1";"1";"1";"1";"1";"1";"1";"1";"1";"2";"2"
"Vila Boa";"Energia Elétrica no Setor Comercial - Consumidores (número)";"73";"71";"90";"104";" 190 ";"192";"196";"203";"201";"193";"191";"192";"186";"182";"171";"166";"161";"162";"165";"158";"159"
"Vila Boa";"Energia Elétrica no Setor Comercial - Consumo (Mwh)";"318";"320";"371";"392";"544";"617";"743";"825";"878";"867";"834";"765";"746";"793";"911";"854";"867";"947";"1.006";"1.004";"1.076"
"Vila Boa";"Energia Elétrica no Setor Industrial - Consumidores (número)";"9";"9";"9";"10";" 2 ";"4";"4";"3";"3";"1";"2";"2";"2";"3";"2";"2";"2";"2";"2";"2";"2"
"Vila Boa";"Energia Elétrica no Setor Industrial - Consumo (Mwh)";"203";"115";"123";"3.943";"1.160";"1.394";"2.164";"4.555";"2.192";"300";"980";"486";"767";"1.324";"2.318";"1.633";"1.982";"1.981";"1.950";"2.442";"1.196"
"Vila Boa";"Energia Elétrica Rural - Consumidores (número)";"257";"262";"272";"270";" 2 ";"274";"277";"277";"255";"252";"253";"238";"237";"387";"382";"385";"393";"581";"457";"524";"474"
"Vila Boa";"Energia Elétrica Rural - Consumo (Mwh)";"1.494";"1.359";"3.124";"614";"382";"564";"632";"604";"622";"636";"571";"577";"560";"812";"961";"983";"1.034";"1.003";"1.156";"1.193";"1.199"
"Vila Propício";"Energia Elétrica - Consumidores - Total (número)";"1.115";"1.217";"1.312";"1.483";" 1.626 ";"1.672";"1.687";"1.759";"1.827";"1.910";"1.864";"1.922";"1.084";"2.221";"2.229";"2.253";"2.370";"2.799";"2.802";"2.912";"2.947"
"Vila Propício";"Capacidade Instalada de Energia - Total (MW)";"...";"...";"...";"...";"...";"...";"...";"...";"...";"...";"...";"...";"...";"...";"...";"...";"...";"...";"...";"...";"..."
"Vila Propício";"Energia Elétrica - Consumo - Total (Mwh)";"2.824";"3.183";"3.113";"3.588";"3.703";"4.319";"4.966";"6.322";"6.728";"7.509";"7.513";"7.915";"7.033";"10.480";"16.579";"19.148";"22.506";"23.907";"23.254";"26.381";"25.960"
"Vila Propício";"Energia Elétrica de Consumo Próprio - Consumidores (número)";"-";"-";"-";"-";" -   ";"-";"-";"-";"-";"-";"-";"-";"-";"3";"1";"1";"1";"4";"4";"4";"4"
"Vila Propício";"Energia Elétrica de Consumo Próprio - Consumo (Mwh)";"-";"-";"-";"-";" -   ";"-";"-";"-";"-";"-";"-";"0";"-";"2";"2";"2";"1";"26";"10";"24";"20"
"Vila Propício";"Energia Elétrica na Iluminação Pública - Consumidores (número)";"2";"2";"2";"2";" 2 ";"2";"2";"2";"2";"2";"2";"2";"2";"2";"2";"1";"1";"1";"1";"2";"2"
"Vila Propício";"Energia Elétrica no Setor Comercial - Consumidores (número)";"59";"64";"70";"73";" 129 ";"131";"132";"131";"128";"134";"127";"122";"64";"115";"110";"107";"110";"114";"111";"114";"110"
"Vila Propício";"Energia Elétrica no Setor Comercial - Consumo (Mwh)";"259";"222";"275";"328";"432";"539";"544";"579";"618";"619";"603";"648";"320";"664";"677";"713";"773";"904";"743";"926";"1.006"
"Vila Propício";"Energia Elétrica no Setor Industrial - Consumidores (número)";"16";"18";"17";"15";" 14 ";"14";"14";"14";"14";"14";"13";"14";"10";"14";"13";"12";"11";"11";"17";"11";"11"
"Vila Propício";"Energia Elétrica no Setor Industrial - Consumo (Mwh)";"519";"890";"600";"787";"628";"749";"971";"1.347";"2.243";"2.444";"2.658";"2.360";"3.530";"3.998";"8.963";"11.003";"14.212";"14.648";"13.911";"16.172";"16.623"
"Vila Propício";"Energia Elétrica Rural - Consumidores (número)";"338";"403";"479";"601";" 707 ";"721";"712";"729";"751";"757";"670";"680";"261";"845";"865";"885";"939";"1.142";"1066";"1.026";"1.024"
"Vila Propício";"Energia Elétrica Rural - Consumo (Mwh)";"810";"838";"1.037";"1.145";"1.269";"1.525";"1.891";"2.674";"2.018";"2.499";"2.178";"2.647";"1.752";"3.223";"4.278";"4.715";"4.621";"5.296";"5.082";"5.463";"4.120"
