"Localidade";"Variável";"2005";"2006";"2007";"2008";"2009";"2010";"2011";"2012";"2013";"2014";"2015";"2016";"2017";"2018";"2019";"2020";"2021";"2022";"2023";"2024";"2025"
"ESTADO DE GOIÁS";"Produção de Calcário para Rações (t)";"";"32.114";"44.520";"47.846";"45.429";"51.015";"326.727";"227.403";"356.719";"145.396";"391.154";"41.181";"";"";"";"";"";"";"";"";""
"ESTADO DE GOIÁS";"Produção de Cascalho ()";"";"25.890";"16.306";"107.876";"13.777";"67.373";"114.223";"206.157";"165.318";"241.944";"422.972";"115.074";"";"";"";"";"";"";"";"";""
"ESTADO DE GOIÁS";"Produção de Caulim (t)";"";"7.975";"-";"-";"-";"-";"";"";"9.620";"9.620";"5.700";"894";"";"";"";"";"";"";"";"";""
"ESTADO DE GOIÁS";"Produção de Caulim para Cerâmica Branca (t)";"";"-";"8.206";"7.727";"10.851";"14.746";"9.485";"8.137";"15.836";"11.015";"";"";"";"";"";"";"";"";"";"";""
"ESTADO DE GOIÁS";"Produção de Cobalto (t)";"";"949";"2.725";"3.026";"2.498";"3.074";"6.786";"3.122";"3.239";"3.865";"6.125";"853";"";"";"";"";"";"";"";"";""
"ESTADO DE GOIÁS";"Produção de Cobre (t)";"";"4.490";"60.936";"67.665";"252.849";"73.424";"80.824";"75.055";"62.802";"65.574";"63.985";"53.000";"";"";"";"";"";"";"";"";""
"ESTADO DE GOIÁS";"Produção de Diamante (ct)";"";"213";"203";"372";"241";"387";"121";"";"46";"46";"11";"166";"";"";"";"";"";"";"";"";""
"ESTADO DE GOIÁS";"Produção de Esmeralda (kg)";"";"6.726";"8.276";"10.230";"6.571";"218";"";"";"";"";"";"0";"";"";"";"";"";"";"";"";""
"ESTADO DE GOIÁS";"Produção de Ferro para Cimento (t)";"";"31.292";"18.751";"-";"-";"-";"";"";"21.000";"21.000";"30.018";"16.000";"";"";"";"";"";"";"";"";""
"ESTADO DE GOIÁS";"Produção de Filito (t)";"";"3.600";"1.543";"-";"-";"-";"6.000";"4.000";"4.000";"30.587";"500";"1.557";"";"";"";"";"";"";"";"";""
"ESTADO DE GOIÁS";"Produção de Fosfato (t)";"";"2.312.562";"2.118.140";"1.309.737";"2.278.179";"2.574.152";"2.061.134";"2.049.546";"3.484.689";"2.425.709";"2.316.566";"2.277.807";"";"";"";"";"";"";"";"";""
"ESTADO DE GOIÁS";"Produção de Manganês (t)";"";"-";"2.900";"1.200";"129.733";"16.130";"18.519";"1.162";"657";"1.990";"";"";"";"";"";"";"";"";"";"";""
"ESTADO DE GOIÁS";"Produção de Nióbio (t)";"";"7.317";"4.702";"4.618";"4.610";"6.226";"10.968";"13.037";"12.464";"12.773";"12.740";"15.022";"";"";"";"";"";"";"";"";""
"ESTADO DE GOIÁS";"Produção de Níquel (t)";"";"31.717";"33.397";"45.013";"38.190";"40.451";"48.766";"65.178";"67.760";"75.956";"48.800";"50.615";"";"";"";"";"";"";"";"";""
"Abadia de Goiás";"Produção de Calcário para Rações (t)";"";"";"";"";"";"-";"";"";"";"";"";"";"";"";"";"";"";"";"";"";""
"Abadia de Goiás";"Produção de Cascalho ()";"";"";"";"";"824";"2.500";"";"2.500";"";"";"";"";"";"";"";"";"";"";"";"";""
"Abadia de Goiás";"Produção de Caulim (t)";"";"";"";"";"";"-";"";"";"";"";"";"";"";"";"";"";"";"";"";"";""
"Abadia de Goiás";"Produção de Caulim para Cerâmica Branca (t)";"";"";"";"";"";"-";"";"";"";"";"";"";"";"";"";"";"";"";"";"";""
"Abadia de Goiás";"Produção de Cobalto (t)";"";"";"";"";"";"-";"";"";"";"";"";"";"";"";"";"";"";"";"";"";""
"Abadia de Goiás";"Produção de Cobre (t)";"";"";"";"";"";"-";"";"";"";"";"";"";"";"";"";"";"";"";"";"";""
"Abadia de Goiás";"Produção de Diamante (ct)";"";"";"";"";"";"-";"";"";"";"";"";"";"";"";"";"";"";"";"";"";""
"Abadia de Goiás";"Produção de Esmeralda (kg)";"";"-";"-";"-";"-";"-";"";"";"";"";"";"";"";"";"";"";"";"";"";"";""
"Abadia de Goiás";"Produção de Ferro para Cimento (t)";"";"";"";"";"";"-";"";"";"";"";"";"";"";"";"";"";"";"";"";"";""
"Abadia de Goiás";"Produção de Filito (t)";"";"";"";"";"";"-";"";"";"";"";"";"";"";"";"";"";"";"";"";"";""
"Abadia de Goiás";"Produção de Fosfato (t)";"";"";"";"";"";"-";"";"";"";"";"";"";"";"";"";"";"";"";"";"";""
"Abadia de Goiás";"Produção de Manganês (t)";"";"";"";"";"";"-";"";"";"";"";"";"";"";"";"";"";"";"";"";"";""
"Abadia de Goiás";"Produção de Nióbio (t)";"";"";"";"";"";"-";"";"";"";"";"";"";"";"";"";"";"";"";"";"";""
"Abadia de Goiás";"Produção de Níquel (t)";"";"";"";"";"";"-";"";"";"";"";"";"";"";"";"";"";"";"";"";"";""
"Abadiânia";"Produção de Calcário para Rações (t)";"";"";"";"";"";"-";"";"";"";"";"";"";"";"";"";"";"";"";"";"";""
"Abadiânia";"Produção de Cascalho ()";"";"";"";"";"";"-";"";"";"";"";"209.680";"572";"";"";"";"";"";"";"";"";""
"Abadiânia";"Produção de Caulim (t)";"";"";"";"";"";"-";"";"";"";"";"";"";"";"";"";"";"";"";"";"";""
"Abadiânia";"Produção de Caulim para Cerâmica Branca (t)";"";"";"";"";"";"-";"";"";"";"";"";"";"";"";"";"";"";"";"";"";""
"Abadiânia";"Produção de Cobalto (t)";"";"";"";"";"";"-";"";"";"";"";"";"";"";"";"";"";"";"";"";"";""
"Abadiânia";"Produção de Cobre (t)";"";"";"";"";"";"-";"";"";"";"";"";"";"";"";"";"";"";"";"";"";""
"Abadiânia";"Produção de Diamante (ct)";"";"";"";"";"";"-";"";"";"";"";"";"";"";"";"";"";"";"";"";"";""
"Abadiânia";"Produção de Esmeralda (kg)";"";"-";"-";"-";"-";"-";"";"";"";"";"";"";"";"";"";"";"";"";"";"";""
"Abadiânia";"Produção de Ferro para Cimento (t)";"";"";"";"";"";"-";"";"";"";"";"";"";"";"";"";"";"";"";"";"";""
"Abadiânia";"Produção de Filito (t)";"";"";"";"";"";"-";"";"";"";"";"";"";"";"";"";"";"";"";"";"";""
"Abadiânia";"Produção de Fosfato (t)";"";"";"";"";"";"-";"";"";"";"";"";"";"";"";"";"";"";"";"";"";""
"Abadiânia";"Produção de Manganês (t)";"";"";"";"";"";"-";"";"";"";"";"";"";"";"";"";"";"";"";"";"";""
"Abadiânia";"Produção de Nióbio (t)";"";"";"";"";"";"-";"";"";"";"";"";"";"";"";"";"";"";"";"";"";""
"Abadiânia";"Produção de Níquel (t)";"";"";"";"";"";"-";"";"";"";"";"";"";"";"";"";"";"";"";"";"";""
"Acreúna";"Produção de Calcário para Rações (t)";"";"";"";"";"";"-";"";"";"";"";"";"";"";"";"";"";"";"";"";"";""
"Acreúna";"Produção de Cascalho ()";"";"";"";"";"";"-";"";"";"10.676";"17.081";"";"";"";"";"";"";"";"";"";"";""
"Acreúna";"Produção de Caulim (t)";"";"";"";"";"";"-";"";"";"";"";"";"";"";"";"";"";"";"";"";"";""
"Acreúna";"Produção de Caulim para Cerâmica Branca (t)";"";"";"";"";"";"-";"";"";"";"";"";"";"";"";"";"";"";"";"";"";""
"Acreúna";"Produção de Cobalto (t)";"";"";"";"";"";"-";"";"";"";"";"";"";"";"";"";"";"";"";"";"";""
"Acreúna";"Produção de Cobre (t)";"";"";"";"";"";"-";"";"";"";"";"";"";"";"";"";"";"";"";"";"";""
"Acreúna";"Produção de Diamante (ct)";"";"";"";"";"";"-";"";"";"";"";"";"";"";"";"";"";"";"";"";"";""
"Acreúna";"Produção de Esmeralda (kg)";"";"-";"-";"-";"-";"-";"";"";"";"";"";"";"";"";"";"";"";"";"";"";""
"Acreúna";"Produção de Ferro para Cimento (t)";"";"";"";"";"";"-";"";"";"";"";"";"";"";"";"";"";"";"";"";"";""
"Acreúna";"Produção de Filito (t)";"";"";"";"";"";"-";"";"";"";"";"";"";"";"";"";"";"";"";"";"";""
"Acreúna";"Produção de Fosfato (t)";"";"";"";"";"";"-";"";"";"";"";"";"";"";"";"";"";"";"";"";"";""
"Acreúna";"Produção de Manganês (t)";"";"";"";"";"";"-";"";"";"";"";"";"";"";"";"";"";"";"";"";"";""
"Acreúna";"Produção de Nióbio (t)";"";"";"";"";"";"-";"";"";"";"";"";"";"";"";"";"";"";"";"";"";""
"Acreúna";"Produção de Níquel (t)";"";"";"";"";"";"-";"";"";"";"";"";"";"";"";"";"";"";"";"";"";""
"Adelândia";"Produção de Calcário para Rações (t)";"";"";"";"";"";"-";"";"";"";"";"";"";"";"";"";"";"";"";"";"";""
"Adelândia";"Produção de Cascalho ()";"";"";"";"";"";"-";"";"";"";"";"";"";"";"";"";"";"";"";"";"";""
"Adelândia";"Produção de Caulim (t)";"";"";"";"";"";"-";"";"";"";"";"";"";"";"";"";"";"";"";"";"";""
"Adelândia";"Produção de Caulim para Cerâmica Branca (t)";"";"";"";"";"";"-";"";"";"";"";"";"";"";"";"";"";"";"";"";"";""
"Adelândia";"Produção de Cobalto (t)";"";"";"";"";"";"-";"";"";"";"";"";"";"";"";"";"";"";"";"";"";""
"Adelândia";"Produção de Cobre (t)";"";"";"";"";"";"-";"";"";"";"";"";"";"";"";"";"";"";"";"";"";""
"Adelândia";"Produção de Diamante (ct)";"";"";"";"";"";"-";"";"";"";"";"";"";"";"";"";"";"";"";"";"";""
"Adelândia";"Produção de Esmeralda (kg)";"";"-";"-";"-";"-";"-";"";"";"";"";"";"";"";"";"";"";"";"";"";"";""
"Adelândia";"Produção de Ferro para Cimento (t)";"";"";"";"";"";"-";"";"";"";"";"";"";"";"";"";"";"";"";"";"";""
"Adelândia";"Produção de Filito (t)";"";"";"";"";"";"-";"";"";"";"";"";"";"";"";"";"";"";"";"";"";""
"Adelândia";"Produção de Fosfato (t)";"";"";"";"";"";"-";"";"";"";"";"";"";"";"";"";"";"";"";"";"";""
"Adelândia";"Produção de Manganês (t)";"";"";"";"";"";"-";"";"";"";"";"";"";"";"";"";"";"";"";"";"";""
"Adelândia";"Produção de Nióbio (t)";"";"";"";"";"";"-";"";"";"";"";"";"";"";"";"";"";"";"";"";"";""
"Adelândia";"Produção de Níquel (t)";"";"";"";"";"";"-";"";"";"";"";"";"";"";"";"";"";"";"";"";"";""
"Água Fria de Goiás";"Produção de Calcário para Rações (t)";"";"";"";"";"";"-";"";"";"";"";"";"";"";"";"";"";"";"";"";"";""
"Água Fria de Goiás";"Produção de Cascalho ()";"";"";"";"";"";"-";"1.393";"";"";"";"";"";"";"";"";"";"";"";"";"";""
"Água Fria de Goiás";"Produção de Caulim (t)";"";"";"";"";"";"-";"";"";"";"";"";"";"";"";"";"";"";"";"";"";""
"Água Fria de Goiás";"Produção de Caulim para Cerâmica Branca (t)";"";"";"";"";"";"-";"";"";"";"";"";"";"";"";"";"";"";"";"";"";""
"Água Fria de Goiás";"Produção de Cobalto (t)";"";"";"";"";"";"-";"";"";"";"";"";"";"";"";"";"";"";"";"";"";""
"Água Fria de Goiás";"Produção de Cobre (t)";"";"";"";"";"";"-";"";"";"";"";"";"";"";"";"";"";"";"";"";"";""
"Água Fria de Goiás";"Produção de Diamante (ct)";"";"";"";"";"";"-";"";"";"";"";"";"";"";"";"";"";"";"";"";"";""
"Água Fria de Goiás";"Produção de Esmeralda (kg)";"";"-";"-";"-";"-";"-";"";"";"";"";"";"";"";"";"";"";"";"";"";"";""
"Água Fria de Goiás";"Produção de Ferro para Cimento (t)";"";"";"";"";"";"-";"";"";"";"";"";"";"";"";"";"";"";"";"";"";""
"Água Fria de Goiás";"Produção de Filito (t)";"";"";"";"";"";"-";"";"";"";"";"";"";"";"";"";"";"";"";"";"";""
"Água Fria de Goiás";"Produção de Fosfato (t)";"";"";"";"";"";"-";"";"";"";"";"";"";"";"";"";"";"";"";"";"";""
"Água Fria de Goiás";"Produção de Manganês (t)";"";"";"";"";"";"-";"";"";"";"";"";"";"";"";"";"";"";"";"";"";""
"Água Fria de Goiás";"Produção de Nióbio (t)";"";"";"";"";"";"-";"";"";"";"";"";"";"";"";"";"";"";"";"";"";""
"Água Fria de Goiás";"Produção de Níquel (t)";"";"";"";"";"";"-";"";"";"";"";"";"";"";"";"";"";"";"";"";"";""
"Água Limpa";"Produção de Calcário para Rações (t)";"";"";"";"";"";"-";"";"";"";"";"";"";"";"";"";"";"";"";"";"";""
"Água Limpa";"Produção de Cascalho ()";"";"";"";"";"";"-";"15.000";"";"";"";"";"";"";"";"";"";"";"";"";"";""
"Água Limpa";"Produção de Caulim (t)";"";"";"";"";"";"-";"";"";"";"";"";"";"";"";"";"";"";"";"";"";""
"Água Limpa";"Produção de Caulim para Cerâmica Branca (t)";"";"";"";"";"";"-";"";"";"";"";"";"";"";"";"";"";"";"";"";"";""
"Água Limpa";"Produção de Cobalto (t)";"";"";"";"";"";"-";"";"";"";"";"";"";"";"";"";"";"";"";"";"";""
"Água Limpa";"Produção de Cobre (t)";"";"";"";"";"";"-";"";"";"";"";"";"";"";"";"";"";"";"";"";"";""
"Água Limpa";"Produção de Diamante (ct)";"";"";"";"";"";"-";"";"";"";"";"";"";"";"";"";"";"";"";"";"";""
"Água Limpa";"Produção de Esmeralda (kg)";"";"-";"-";"-";"-";"-";"";"";"";"";"";"";"";"";"";"";"";"";"";"";""
"Água Limpa";"Produção de Ferro para Cimento (t)";"";"";"";"";"";"-";"";"";"";"";"";"";"";"";"";"";"";"";"";"";""
"Água Limpa";"Produção de Filito (t)";"";"";"";"";"";"-";"";"";"";"";"";"";"";"";"";"";"";"";"";"";""
"Água Limpa";"Produção de Fosfato (t)";"";"";"";"";"";"-";"";"";"";"";"";"";"";"";"";"";"";"";"";"";""
"Água Limpa";"Produção de Manganês (t)";"";"";"";"";"";"-";"";"";"";"";"";"";"";"";"";"";"";"";"";"";""
"Água Limpa";"Produção de Nióbio (t)";"";"";"";"";"";"-";"";"";"";"";"";"";"";"";"";"";"";"";"";"";""
"Água Limpa";"Produção de Níquel (t)";"";"";"";"";"";"-";"";"";"";"";"";"";"";"";"";"";"";"";"";"";""
"Águas Lindas de Goiás";"Produção de Calcário para Rações (t)";"";"";"";"";"";"-";"";"";"";"";"";"";"";"";"";"";"";"";"";"";""
"Águas Lindas de Goiás";"Produção de Cascalho ()";"";"3.283";"3.985";" 354 ";" - ";"-";"";"";"";"";"";"";"";"";"";"";"";"";"";"";""
"Águas Lindas de Goiás";"Produção de Caulim (t)";"";"";"";"";"";"-";"";"";"";"";"";"";"";"";"";"";"";"";"";"";""
"Águas Lindas de Goiás";"Produção de Caulim para Cerâmica Branca (t)";"";"";"";"";"";"-";"";"";"";"";"";"";"";"";"";"";"";"";"";"";""
"Águas Lindas de Goiás";"Produção de Cobalto (t)";"";"";"";"";"";"-";"";"";"";"";"";"";"";"";"";"";"";"";"";"";""
"Águas Lindas de Goiás";"Produção de Cobre (t)";"";"";"";"";"";"-";"";"";"";"";"";"";"";"";"";"";"";"";"";"";""
"Águas Lindas de Goiás";"Produção de Diamante (ct)";"";"";"";"";"";"-";"";"";"";"";"";"";"";"";"";"";"";"";"";"";""
"Águas Lindas de Goiás";"Produção de Esmeralda (kg)";"";"-";"-";"-";"-";"-";"";"";"";"";"";"";"";"";"";"";"";"";"";"";""
"Águas Lindas de Goiás";"Produção de Ferro para Cimento (t)";"";"";"";"";"";"-";"";"";"";"";"";"";"";"";"";"";"";"";"";"";""
"Águas Lindas de Goiás";"Produção de Filito (t)";"";"";"";"";"";"-";"";"";"";"";"";"";"";"";"";"";"";"";"";"";""
"Águas Lindas de Goiás";"Produção de Fosfato (t)";"";"";"";"";"";"-";"";"";"";"";"";"";"";"";"";"";"";"";"";"";""
"Águas Lindas de Goiás";"Produção de Manganês (t)";"";"";"";"";"";"-";"";"";"";"";"";"";"";"";"";"";"";"";"";"";""
"Águas Lindas de Goiás";"Produção de Nióbio (t)";"";"";"";"";"";"-";"";"";"";"";"";"";"";"";"";"";"";"";"";"";""
"Águas Lindas de Goiás";"Produção de Níquel (t)";"";"";"";"";"";"-";"";"";"";"";"";"";"";"";"";"";"";"";"";"";""
"Alexânia";"Produção de Calcário para Rações (t)";"";"";"";"";"";"-";"";"";"";"";"";"";"";"";"";"";"";"";"";"";""
"Alexânia";"Produção de Cascalho ()";"";"";"";"";"";"-";"";"";"375";"375";"";"";"";"";"";"";"";"";"";"";""
"Alexânia";"Produção de Caulim (t)";"";"";"";"";"";"-";"";"";"";"";"";"";"";"";"";"";"";"";"";"";""
"Alexânia";"Produção de Caulim para Cerâmica Branca (t)";"";"";"";"";"";"-";"";"";"";"";"";"";"";"";"";"";"";"";"";"";""
"Alexânia";"Produção de Cobalto (t)";"";"";"";"";"";"-";"";"";"";"";"";"";"";"";"";"";"";"";"";"";""
"Alexânia";"Produção de Cobre (t)";"";"";"";"";"";"-";"";"";"";"";"";"";"";"";"";"";"";"";"";"";""
"Alexânia";"Produção de Diamante (ct)";"";"";"";"";"";"-";"";"";"";"";"";"";"";"";"";"";"";"";"";"";""
"Alexânia";"Produção de Esmeralda (kg)";"";"-";"-";"-";"-";"-";"";"";"";"";"";"";"";"";"";"";"";"";"";"";""
"Alexânia";"Produção de Ferro para Cimento (t)";"";"";"";"";"";"-";"";"";"";"";"";"";"";"";"";"";"";"";"";"";""
"Alexânia";"Produção de Filito (t)";"";"";"";"";"";"-";"";"";"";"";"";"";"";"";"";"";"";"";"";"";""
"Alexânia";"Produção de Fosfato (t)";"";"";"";"";"";"-";"";"";"";"";"";"";"";"";"";"";"";"";"";"";""
"Alexânia";"Produção de Manganês (t)";"";"";"";"";"";"-";"";"";"";"";"";"";"";"";"";"";"";"";"";"";""
"Alexânia";"Produção de Nióbio (t)";"";"";"";"";"";"-";"";"";"";"";"";"";"";"";"";"";"";"";"";"";""
"Alexânia";"Produção de Níquel (t)";"";"";"";"";"";"-";"";"";"";"";"";"";"";"";"";"";"";"";"";"";""
"Aloândia";"Produção de Calcário para Rações (t)";"";"";"";"";"";"-";"";"";"";"";"";"";"";"";"";"";"";"";"";"";""
"Aloândia";"Produção de Cascalho ()";"";"";"";"";"";"-";"";"";"";"";"";"";"";"";"";"";"";"";"";"";""
"Aloândia";"Produção de Caulim (t)";"";"";"";"";"";"-";"";"";"";"";"";"";"";"";"";"";"";"";"";"";""
"Aloândia";"Produção de Caulim para Cerâmica Branca (t)";"";"";"";"";"";"-";"";"";"";"";"";"";"";"";"";"";"";"";"";"";""
"Aloândia";"Produção de Cobalto (t)";"";"";"";"";"";"-";"";"";"";"";"";"";"";"";"";"";"";"";"";"";""
"Aloândia";"Produção de Cobre (t)";"";"";"";"";"";"-";"";"";"";"";"";"";"";"";"";"";"";"";"";"";""
"Aloândia";"Produção de Diamante (ct)";"";"";"";"";"";"-";"";"";"";"";"";"";"";"";"";"";"";"";"";"";""
"Aloândia";"Produção de Esmeralda (kg)";"";"-";"-";"-";"-";"-";"";"";"";"";"";"";"";"";"";"";"";"";"";"";""
"Aloândia";"Produção de Ferro para Cimento (t)";"";"";"";"";"";"-";"";"";"";"";"";"";"";"";"";"";"";"";"";"";""
"Aloândia";"Produção de Filito (t)";"";"";"";"";"";"-";"";"";"";"";"";"";"";"";"";"";"";"";"";"";""
"Aloândia";"Produção de Fosfato (t)";"";"";"";"";"";"-";"";"";"";"";"";"";"";"";"";"";"";"";"";"";""
"Aloândia";"Produção de Manganês (t)";"";"";"";"";"";"-";"";"";"";"";"";"";"";"";"";"";"";"";"";"";""
"Aloândia";"Produção de Nióbio (t)";"";"";"";"";"";"-";"";"";"";"";"";"";"";"";"";"";"";"";"";"";""
"Aloândia";"Produção de Níquel (t)";"";"";"";"";"";"-";"";"";"";"";"";"";"";"";"";"";"";"";"";"";""
"Alto Horizonte";"Produção de Calcário para Rações (t)";"";"";"";"";"";"-";"";"";"";"";"";"";"";"";"";"";"";"";"";"";""
"Alto Horizonte";"Produção de Cascalho ()";"";"";"";"";"";"-";"";"";"";"";"";"";"";"";"";"";"";"";"";"";""
"Alto Horizonte";"Produção de Caulim (t)";"";"";"";"";"";"-";"";"";"";"";"";"";"";"";"";"";"";"";"";"";""
"Alto Horizonte";"Produção de Caulim para Cerâmica Branca (t)";"";"";"";"";"";"-";"";"";"";"";"";"";"";"";"";"";"";"";"";"";""
"Alto Horizonte";"Produção de Cobalto (t)";"";"";"";"";"";"-";"";"";"";"";"";"";"";"";"";"";"";"";"";"";""
"Alto Horizonte";"Produção de Cobre (t)";"";"-";"56.039";" 63.208 ";"248.940";"67.758";"69.684";"68.299";"59.076";"60.546";"60.631";"53.000";"";"";"";"";"";"";"";"";""
"Alto Horizonte";"Produção de Diamante (ct)";"";"";"";"";"";"-";"";"";"";"";"";"";"";"";"";"";"";"";"";"";""
"Alto Horizonte";"Produção de Esmeralda (kg)";"";"-";"-";"-";"-";"-";"";"";"";"";"";"";"";"";"";"";"";"";"";"";""
"Alto Horizonte";"Produção de Ferro para Cimento (t)";"";"";"";"";"";"-";"";"";"";"";"";"";"";"";"";"";"";"";"";"";""
"Alto Horizonte";"Produção de Filito (t)";"";"";"";"";"";"-";"";"";"";"";"";"";"";"";"";"";"";"";"";"";""
"Alto Horizonte";"Produção de Fosfato (t)";"";"";"";"";"";"-";"";"";"";"";"";"";"";"";"";"";"";"";"";"";""
"Alto Horizonte";"Produção de Manganês (t)";"";"";"";"";"";"-";"";"";"";"";"";"";"";"";"";"";"";"";"";"";""
"Alto Horizonte";"Produção de Nióbio (t)";"";"";"";"";"";"-";"";"";"";"";"";"";"";"";"";"";"";"";"";"";""
"Alto Horizonte";"Produção de Níquel (t)";"";"";"";"";"";"-";"";"";"";"";"";"";"";"";"";"";"";"";"";"";""
"Alto Paraíso de Goiás";"Produção de Calcário para Rações (t)";"";"";"";"";"";"-";"";"";"";"";"";"";"";"";"";"";"";"";"";"";""
"Alto Paraíso de Goiás";"Produção de Cascalho ()";"";"5.500";"6.950";"-";"";"-";"";"";"";"";"";"";"";"";"";"";"";"";"";"";""
"Alto Paraíso de Goiás";"Produção de Caulim (t)";"";"";"";"";"";"-";"";"";"";"";"";"";"";"";"";"";"";"";"";"";""
"Alto Paraíso de Goiás";"Produção de Caulim para Cerâmica Branca (t)";"";"";"";"";"";"-";"";"";"";"";"";"";"";"";"";"";"";"";"";"";""
"Alto Paraíso de Goiás";"Produção de Cobalto (t)";"";"";"";"";"";"-";"";"";"";"";"";"";"";"";"";"";"";"";"";"";""
"Alto Paraíso de Goiás";"Produção de Cobre (t)";"";"";"";"";"";"-";"";"";"";"";"";"";"";"";"";"";"";"";"";"";""
"Alto Paraíso de Goiás";"Produção de Diamante (ct)";"";"";"";"";"";"-";"";"";"";"";"";"";"";"";"";"";"";"";"";"";""
"Alto Paraíso de Goiás";"Produção de Esmeralda (kg)";"";"-";"-";"-";"-";"-";"";"";"";"";"";"";"";"";"";"";"";"";"";"";""
"Alto Paraíso de Goiás";"Produção de Ferro para Cimento (t)";"";"";"";"";"";"-";"";"";"";"";"";"";"";"";"";"";"";"";"";"";""
"Alto Paraíso de Goiás";"Produção de Filito (t)";"";"";"";"";"";"-";"";"";"";"";"";"";"";"";"";"";"";"";"";"";""
"Alto Paraíso de Goiás";"Produção de Fosfato (t)";"";"";"";"";"";"-";"";"";"";"";"";"";"";"";"";"";"";"";"";"";""
"Alto Paraíso de Goiás";"Produção de Manganês (t)";"";"";"";"";"";"-";"";"";"";"";"";"";"";"";"";"";"";"";"";"";""
"Alto Paraíso de Goiás";"Produção de Nióbio (t)";"";"";"";"";"";"-";"";"";"";"";"";"";"";"";"";"";"";"";"";"";""
"Alto Paraíso de Goiás";"Produção de Níquel (t)";"";"";"";"";"";"-";"";"";"";"";"";"";"";"";"";"";"";"";"";"";""
"Alvorada do Norte";"Produção de Calcário para Rações (t)";"";"";"";"";"";"-";"";"";"";"";"";"";"";"";"";"";"";"";"";"";""
"Alvorada do Norte";"Produção de Cascalho ()";"";"";"";"";"";"-";"";"";"";"";"";"";"";"";"";"";"";"";"";"";""
"Alvorada do Norte";"Produção de Caulim (t)";"";"";"";"";"";"-";"";"";"";"";"";"";"";"";"";"";"";"";"";"";""
"Alvorada do Norte";"Produção de Caulim para Cerâmica Branca (t)";"";"";"";"";"";"-";"";"";"";"";"";"";"";"";"";"";"";"";"";"";""
"Alvorada do Norte";"Produção de Cobalto (t)";"";"";"";"";"";"-";"";"";"";"";"";"";"";"";"";"";"";"";"";"";""
"Alvorada do Norte";"Produção de Cobre (t)";"";"";"";"";"";"-";"";"";"";"";"";"";"";"";"";"";"";"";"";"";""
"Alvorada do Norte";"Produção de Diamante (ct)";"";"";"";"";"";"-";"";"";"";"";"";"";"";"";"";"";"";"";"";"";""
"Alvorada do Norte";"Produção de Esmeralda (kg)";"";"-";"-";"-";"-";"-";"";"";"";"";"";"";"";"";"";"";"";"";"";"";""
"Alvorada do Norte";"Produção de Ferro para Cimento (t)";"";"";"";"";"";"-";"";"";"";"";"";"";"";"";"";"";"";"";"";"";""
"Alvorada do Norte";"Produção de Filito (t)";"";"";"";"";"";"-";"";"";"";"";"";"";"";"";"";"";"";"";"";"";""
"Alvorada do Norte";"Produção de Fosfato (t)";"";"";"";"";"";"-";"";"";"";"";"";"";"";"";"";"";"";"";"";"";""
"Alvorada do Norte";"Produção de Manganês (t)";"";"";"";"";"";"-";"";"";"";"";"";"";"";"";"";"";"";"";"";"";""
"Alvorada do Norte";"Produção de Nióbio (t)";"";"";"";"";"";"-";"";"";"";"";"";"";"";"";"";"";"";"";"";"";""
"Alvorada do Norte";"Produção de Níquel (t)";"";"";"";"";"";"-";"";"";"";"";"";"";"";"";"";"";"";"";"";"";""
"Amaralina";"Produção de Calcário para Rações (t)";"";"";"";"";"";"-";"";"";"";"";"";"";"";"";"";"";"";"";"";"";""
"Amaralina";"Produção de Cascalho ()";"";"";"";"";"";"-";"";"";"";"";"";"";"";"";"";"";"";"";"";"";""
"Amaralina";"Produção de Caulim (t)";"";"";"";"";"";"-";"";"";"";"";"";"";"";"";"";"";"";"";"";"";""
"Amaralina";"Produção de Caulim para Cerâmica Branca (t)";"";"";"";"";"";"-";"";"";"";"";"";"";"";"";"";"";"";"";"";"";""
"Amaralina";"Produção de Cobalto (t)";"";"";"";"";"";"-";"";"";"";"";"";"";"";"";"";"";"";"";"";"";""
"Amaralina";"Produção de Cobre (t)";"";"";"";"";"";"-";"";"";"";"";"";"";"";"";"";"";"";"";"";"";""
"Amaralina";"Produção de Diamante (ct)";"";"";"";"";"";"-";"";"";"";"";"";"";"";"";"";"";"";"";"";"";""
"Amaralina";"Produção de Esmeralda (kg)";"";"-";"-";"-";"-";"-";"";"";"";"";"";"";"";"";"";"";"";"";"";"";""
"Amaralina";"Produção de Ferro para Cimento (t)";"";"";"";"";"";"-";"";"";"";"";"";"";"";"";"";"";"";"";"";"";""
"Amaralina";"Produção de Filito (t)";"";"";"";"";"";"-";"";"";"";"";"";"";"";"";"";"";"";"";"";"";""
"Amaralina";"Produção de Fosfato (t)";"";"";"";"";"";"-";"";"";"";"";"";"";"";"";"";"";"";"";"";"";""
"Amaralina";"Produção de Manganês (t)";"";"";"";"";"";"-";"";"";"";"";"";"";"";"";"";"";"";"";"";"";""
"Amaralina";"Produção de Nióbio (t)";"";"";"";"";"";"-";"";"";"";"";"";"";"";"";"";"";"";"";"";"";""
"Amaralina";"Produção de Níquel (t)";"";"";"";"";"";"-";"";"";"";"";"";"";"";"";"";"";"";"";"";"";""
"Americano do Brasil";"Produção de Calcário para Rações (t)";"";"";"";"";"";"-";"";"";"";"";"";"";"";"";"";"";"";"";"";"";""
"Americano do Brasil";"Produção de Cascalho ()";"";"";"";"";"";"-";"";"";"";"";"";"";"";"";"";"";"";"";"";"";""
"Americano do Brasil";"Produção de Caulim (t)";"";"";"";"";"";"-";"";"";"";"";"";"";"";"";"";"";"";"";"";"";""
"Americano do Brasil";"Produção de Caulim para Cerâmica Branca (t)";"";"";"";"";"";"-";"";"";"";"";"";"";"";"";"";"";"";"";"";"";""
"Americano do Brasil";"Produção de Cobalto (t)";"";"";"";"";"2.290";"192";"3.547";"85";"";"";"";"";"";"";"";"";"";"";"";"";""
"Americano do Brasil";"Produção de Cobre (t)";"";"";"";"";"514";"1.905";"6.852";"2.090";"3.726";"";"";"";"";"";"";"";"";"";"";"";""
"Americano do Brasil";"Produção de Diamante (ct)";"";"";"";"";"";"-";"";"";"";"";"";"";"";"";"";"";"";"";"";"";""
"Americano do Brasil";"Produção de Esmeralda (kg)";"";"-";"-";"-";"-";"-";"";"";"";"";"";"";"";"";"";"";"";"";"";"";""
"Americano do Brasil";"Produção de Ferro para Cimento (t)";"";"";"";"";"";"-";"";"";"";"";"";"";"";"";"";"";"";"";"";"";""
"Americano do Brasil";"Produção de Filito (t)";"";"";"";"";"";"-";"";"";"";"";"";"";"";"";"";"";"";"";"";"";""
"Americano do Brasil";"Produção de Fosfato (t)";"";"";"";"";"";"-";"";"";"";"";"";"";"";"";"";"";"";"";"";"";""
"Americano do Brasil";"Produção de Manganês (t)";"";"";"";"";"";"-";"";"";"";"";"";"";"";"";"";"";"";"";"";"";""
"Americano do Brasil";"Produção de Nióbio (t)";"";"";"";"";"";"-";"";"";"";"";"";"";"";"";"";"";"";"";"";"";""
"Americano do Brasil";"Produção de Níquel (t)";"";"273";"2.683";" 2.852 ";"2.298";"1.825";"1.981";"1.577";"841";"";"";"";"";"";"";"";"";"";"";"";""
"Amorinópolis";"Produção de Calcário para Rações (t)";"";"";"";"";"";"-";"";"";"";"";"";"";"";"";"";"";"";"";"";"";""
"Amorinópolis";"Produção de Cascalho ()";"";"";"";"";"";"-";"";"";"";"";"";"";"";"";"";"";"";"";"";"";""
"Amorinópolis";"Produção de Caulim (t)";"";"";"";"";"";"-";"";"";"";"";"";"";"";"";"";"";"";"";"";"";""
"Amorinópolis";"Produção de Caulim para Cerâmica Branca (t)";"";"";"";"";"";"-";"";"";"";"";"";"";"";"";"";"";"";"";"";"";""
"Amorinópolis";"Produção de Cobalto (t)";"";"";"";"";"";"-";"";"";"";"";"";"";"";"";"";"";"";"";"";"";""
"Amorinópolis";"Produção de Cobre (t)";"";"";"";"";"";"-";"";"";"";"";"";"";"";"";"";"";"";"";"";"";""
"Amorinópolis";"Produção de Diamante (ct)";"";"";"";"";"";"-";"";"";"";"";"";"";"";"";"";"";"";"";"";"";""
"Amorinópolis";"Produção de Esmeralda (kg)";"";"-";"-";"-";"-";"-";"";"";"";"";"";"";"";"";"";"";"";"";"";"";""
"Amorinópolis";"Produção de Ferro para Cimento (t)";"";"";"";"";"";"-";"";"";"";"";"";"";"";"";"";"";"";"";"";"";""
"Amorinópolis";"Produção de Filito (t)";"";"";"";"";"";"-";"";"";"";"";"";"";"";"";"";"";"";"";"";"";""
"Amorinópolis";"Produção de Fosfato (t)";"";"";"";"";"";"-";"";"";"";"";"";"";"";"";"";"";"";"";"";"";""
"Amorinópolis";"Produção de Manganês (t)";"";"";"";"";"";"-";"";"";"";"";"";"";"";"";"";"";"";"";"";"";""
"Amorinópolis";"Produção de Nióbio (t)";"";"";"";"";"";"-";"";"";"";"";"";"";"";"";"";"";"";"";"";"";""
"Amorinópolis";"Produção de Níquel (t)";"";"";"";"";"";"-";"";"";"";"";"";"";"";"";"";"";"";"";"";"";""
"Anápolis";"Produção de Calcário para Rações (t)";"";"";"";"";"";"-";"";"";"";"";"";"";"";"";"";"";"";"";"";"";""
"Anápolis";"Produção de Cascalho ()";"";"";"";"";"";"-";"";"2.100";"";"";"";"";"";"";"";"";"";"";"";"";""
"Anápolis";"Produção de Caulim (t)";"";"";"";"";"";"-";"";"";"";"";"";"";"";"";"";"";"";"";"";"";""
"Anápolis";"Produção de Caulim para Cerâmica Branca (t)";"";"";"";"";"";"-";"";"";"";"";"";"";"";"";"";"";"";"";"";"";""
"Anápolis";"Produção de Cobalto (t)";"";"";"";"";"";"-";"";"";"";"";"";"";"";"";"";"";"";"";"";"";""
"Anápolis";"Produção de Cobre (t)";"";"";"";"";"";"-";"";"";"";"";"";"";"";"";"";"";"";"";"";"";""
"Anápolis";"Produção de Diamante (ct)";"";"";"";"";"";"-";"";"";"";"";"";"";"";"";"";"";"";"";"";"";""
"Anápolis";"Produção de Esmeralda (kg)";"";"-";"-";"-";"-";"-";"";"";"";"";"";"";"";"";"";"";"";"";"";"";""
"Anápolis";"Produção de Ferro para Cimento (t)";"";"";"";"";"";"-";"";"";"";"";"";"";"";"";"";"";"";"";"";"";""
"Anápolis";"Produção de Filito (t)";"";"";"";"";"";"-";"";"";"";"";"";"";"";"";"";"";"";"";"";"";""
"Anápolis";"Produção de Fosfato (t)";"";"";"";"";"";"-";"";"";"";"";"";"";"";"";"";"";"";"";"";"";""
"Anápolis";"Produção de Manganês (t)";"";"";"";"";"";"-";"";"";"";"";"";"";"";"";"";"";"";"";"";"";""
"Anápolis";"Produção de Nióbio (t)";"";"";"";"";"";"-";"";"";"";"";"";"";"";"";"";"";"";"";"";"";""
"Anápolis";"Produção de Níquel (t)";"";"";"";"";"";"-";"";"";"";"";"";"";"";"";"";"";"";"";"";"";""
"Anhanguera";"Produção de Calcário para Rações (t)";"";"";"";"";"";"-";"";"";"";"";"";"";"";"";"";"";"";"";"";"";""
"Anhanguera";"Produção de Cascalho ()";"";"";"";"";"";"-";"";"";"";"";"";"";"";"";"";"";"";"";"";"";""
"Anhanguera";"Produção de Caulim (t)";"";"";"";"";"";"-";"";"";"";"";"";"";"";"";"";"";"";"";"";"";""
"Anhanguera";"Produção de Caulim para Cerâmica Branca (t)";"";"";"";"";"";"-";"";"";"";"";"";"";"";"";"";"";"";"";"";"";""
"Anhanguera";"Produção de Cobalto (t)";"";"";"";"";"";"-";"";"";"";"";"";"";"";"";"";"";"";"";"";"";""
"Anhanguera";"Produção de Cobre (t)";"";"";"";"";"";"-";"";"";"";"";"";"";"";"";"";"";"";"";"";"";""
"Anhanguera";"Produção de Diamante (ct)";"";"";"";"";"";"-";"";"";"";"";"";"";"";"";"";"";"";"";"";"";""
"Anhanguera";"Produção de Esmeralda (kg)";"";"-";"-";"-";"-";"-";"";"";"";"";"";"";"";"";"";"";"";"";"";"";""
"Anhanguera";"Produção de Ferro para Cimento (t)";"";"";"";"";"";"-";"";"";"";"";"";"";"";"";"";"";"";"";"";"";""
"Anhanguera";"Produção de Filito (t)";"";"";"";"";"";"-";"";"";"";"";"";"";"";"";"";"";"";"";"";"";""
"Anhanguera";"Produção de Fosfato (t)";"";"";"";"";"";"-";"";"";"";"";"";"";"";"";"";"";"";"";"";"";""
"Anhanguera";"Produção de Manganês (t)";"";"";"";"";"";"-";"";"";"";"";"";"";"";"";"";"";"";"";"";"";""
"Anhanguera";"Produção de Nióbio (t)";"";"";"";"";"";"-";"";"";"";"";"";"";"";"";"";"";"";"";"";"";""
"Anhanguera";"Produção de Níquel (t)";"";"";"";"";"";"-";"";"";"";"";"";"";"";"";"";"";"";"";"";"";""
"Anicuns";"Produção de Calcário para Rações (t)";"";"";"";"";"";"-";"";"";"";"";"";"";"";"";"";"";"";"";"";"";""
"Anicuns";"Produção de Cascalho ()";"";"";"";"";"";"-";"";"";"";"";"";"";"";"";"";"";"";"";"";"";""
"Anicuns";"Produção de Caulim (t)";"";"";"";"";"";"-";"";"";"";"";"";"";"";"";"";"";"";"";"";"";""
"Anicuns";"Produção de Caulim para Cerâmica Branca (t)";"";"";"";"";"";"-";"";"";"";"";"";"";"";"";"";"";"";"";"";"";""
"Anicuns";"Produção de Cobalto (t)";"";"";"";"";"";"-";"";"";"";"";"";"";"";"";"";"";"";"";"";"";""
"Anicuns";"Produção de Cobre (t)";"";"";"";"";"";"-";"";"";"";"";"";"";"";"";"";"";"";"";"";"";""
"Anicuns";"Produção de Diamante (ct)";"";"";"";"";"";"-";"";"";"";"";"";"";"";"";"";"";"";"";"";"";""
"Anicuns";"Produção de Esmeralda (kg)";"";"-";"-";"-";"-";"-";"";"";"";"";"";"";"";"";"";"";"";"";"";"";""
"Anicuns";"Produção de Ferro para Cimento (t)";"";"";"";"";"";"-";"";"";"";"";"";"";"";"";"";"";"";"";"";"";""
"Anicuns";"Produção de Filito (t)";"";"";"";"";"";"-";"";"";"";"";"";"";"";"";"";"";"";"";"";"";""
"Anicuns";"Produção de Fosfato (t)";"";"";"";"";"";"-";"";"";"";"";"";"";"";"";"";"";"";"";"";"";""
"Anicuns";"Produção de Manganês (t)";"";"";"";"";"";"-";"";"";"";"";"";"";"";"";"";"";"";"";"";"";""
"Anicuns";"Produção de Nióbio (t)";"";"";"";"";"";"-";"";"";"";"";"";"";"";"";"";"";"";"";"";"";""
"Anicuns";"Produção de Níquel (t)";"";"";"";"";"";"-";"";"";"";"";"";"";"";"";"";"";"";"";"";"";""
"Aparecida de Goiânia";"Produção de Calcário para Rações (t)";"";"";"";"";"";"-";"";"";"";"";"";"";"";"";"";"";"";"";"";"";""
"Aparecida de Goiânia";"Produção de Cascalho ()";"";"";"";"";"";"-";"";"";"";"";"";"";"";"";"";"";"";"";"";"";""
"Aparecida de Goiânia";"Produção de Caulim (t)";"";"";"";"";"";"-";"";"";"";"";"";"";"";"";"";"";"";"";"";"";""
"Aparecida de Goiânia";"Produção de Caulim para Cerâmica Branca (t)";"";"";"";"";"";"-";"";"";"";"";"";"";"";"";"";"";"";"";"";"";""
"Aparecida de Goiânia";"Produção de Cobalto (t)";"";"";"";"";"";"-";"";"";"";"";"";"";"";"";"";"";"";"";"";"";""
"Aparecida de Goiânia";"Produção de Cobre (t)";"";"";"";"";"";"-";"";"";"";"";"";"";"";"";"";"";"";"";"";"";""
"Aparecida de Goiânia";"Produção de Diamante (ct)";"";"";"";"";"";"-";"";"";"";"";"";"";"";"";"";"";"";"";"";"";""
"Aparecida de Goiânia";"Produção de Esmeralda (kg)";"";"-";"-";"-";"-";"-";"";"";"";"";"";"";"";"";"";"";"";"";"";"";""
"Aparecida de Goiânia";"Produção de Ferro para Cimento (t)";"";"";"";"";"";"-";"";"";"";"";"";"";"";"";"";"";"";"";"";"";""
"Aparecida de Goiânia";"Produção de Filito (t)";"";"";"";"";"";"-";"";"";"";"";"";"";"";"";"";"";"";"";"";"";""
"Aparecida de Goiânia";"Produção de Fosfato (t)";"";"";"";"";"";"-";"";"";"";"";"";"";"";"";"";"";"";"";"";"";""
"Aparecida de Goiânia";"Produção de Manganês (t)";"";"";"";"";"";"-";"";"";"";"";"";"";"";"";"";"";"";"";"";"";""
"Aparecida de Goiânia";"Produção de Nióbio (t)";"";"";"";"";"";"-";"";"";"";"";"";"";"";"";"";"";"";"";"";"";""
"Aparecida de Goiânia";"Produção de Níquel (t)";"";"";"";"";"";"-";"";"";"";"";"";"";"";"";"";"";"";"";"";"";""
"Aparecida do Rio Doce";"Produção de Calcário para Rações (t)";"";"";"";"";"";"-";"";"";"";"";"";"";"";"";"";"";"";"";"";"";""
"Aparecida do Rio Doce";"Produção de Cascalho ()";"";"";"";"";"";"-";"";"";"";"";"";"";"";"";"";"";"";"";"";"";""
"Aparecida do Rio Doce";"Produção de Caulim (t)";"";"";"";"";"";"-";"";"";"";"";"";"";"";"";"";"";"";"";"";"";""
"Aparecida do Rio Doce";"Produção de Caulim para Cerâmica Branca (t)";"";"";"";"";"";"-";"";"";"";"";"";"";"";"";"";"";"";"";"";"";""
"Aparecida do Rio Doce";"Produção de Cobalto (t)";"";"";"";"";"";"-";"";"";"";"";"";"";"";"";"";"";"";"";"";"";""
"Aparecida do Rio Doce";"Produção de Cobre (t)";"";"";"";"";"";"-";"";"";"";"";"";"";"";"";"";"";"";"";"";"";""
"Aparecida do Rio Doce";"Produção de Diamante (ct)";"";"";"";"";"";"-";"";"";"";"";"";"";"";"";"";"";"";"";"";"";""
"Aparecida do Rio Doce";"Produção de Esmeralda (kg)";"";"-";"-";"-";"-";"-";"";"";"";"";"";"";"";"";"";"";"";"";"";"";""
"Aparecida do Rio Doce";"Produção de Ferro para Cimento (t)";"";"";"";"";"";"-";"";"";"";"";"";"";"";"";"";"";"";"";"";"";""
"Aparecida do Rio Doce";"Produção de Filito (t)";"";"";"";"";"";"-";"";"";"";"";"";"";"";"";"";"";"";"";"";"";""
"Aparecida do Rio Doce";"Produção de Fosfato (t)";"";"";"";"";"";"-";"";"";"";"";"";"";"";"";"";"";"";"";"";"";""
"Aparecida do Rio Doce";"Produção de Manganês (t)";"";"";"";"";"";"-";"";"";"";"";"";"";"";"";"";"";"";"";"";"";""
"Aparecida do Rio Doce";"Produção de Nióbio (t)";"";"";"";"";"";"-";"";"";"";"";"";"";"";"";"";"";"";"";"";"";""
"Aparecida do Rio Doce";"Produção de Níquel (t)";"";"";"";"";"";"-";"";"";"";"";"";"";"";"";"";"";"";"";"";"";""
"Aporé";"Produção de Calcário para Rações (t)";"";"";"";"";"";"-";"";"";"";"";"";"";"";"";"";"";"";"";"";"";""
"Aporé";"Produção de Cascalho ()";"";"";"";"";"";"-";"";"";"";"";"";"";"";"";"";"";"";"";"";"";""
"Aporé";"Produção de Caulim (t)";"";"";"";"";"";"-";"";"";"";"";"";"";"";"";"";"";"";"";"";"";""
"Aporé";"Produção de Caulim para Cerâmica Branca (t)";"";"";"";"";"";"-";"";"";"";"";"";"";"";"";"";"";"";"";"";"";""
"Aporé";"Produção de Cobalto (t)";"";"";"";"";"";"-";"";"";"";"";"";"";"";"";"";"";"";"";"";"";""
"Aporé";"Produção de Cobre (t)";"";"";"";"";"";"-";"";"";"";"";"";"";"";"";"";"";"";"";"";"";""
"Aporé";"Produção de Diamante (ct)";"";"";"";"";"";"-";"";"";"";"";"";"";"";"";"";"";"";"";"";"";""
"Aporé";"Produção de Esmeralda (kg)";"";"-";"-";"-";"-";"-";"";"";"";"";"";"";"";"";"";"";"";"";"";"";""
"Aporé";"Produção de Ferro para Cimento (t)";"";"";"";"";"";"-";"";"";"";"";"";"";"";"";"";"";"";"";"";"";""
"Aporé";"Produção de Filito (t)";"";"";"";"";"";"-";"";"";"";"";"";"";"";"";"";"";"";"";"";"";""
"Aporé";"Produção de Fosfato (t)";"";"";"";"";"";"-";"";"";"";"";"";"";"";"";"";"";"";"";"";"";""
"Aporé";"Produção de Manganês (t)";"";"";"";"";"";"-";"";"";"";"";"";"";"";"";"";"";"";"";"";"";""
"Aporé";"Produção de Nióbio (t)";"";"";"";"";"";"-";"";"";"";"";"";"";"";"";"";"";"";"";"";"";""
"Aporé";"Produção de Níquel (t)";"";"";"";"";"";"-";"";"";"";"";"";"";"";"";"";"";"";"";"";"";""
"Araçu";"Produção de Calcário para Rações (t)";"";"";"";"";"";"-";"";"";"";"";"";"";"";"";"";"";"";"";"";"";""
"Araçu";"Produção de Cascalho ()";"";"";"";"";"";"-";"";"";"";"";"";"";"";"";"";"";"";"";"";"";""
"Araçu";"Produção de Caulim (t)";"";"";"";"";"";"-";"";"";"";"";"";"";"";"";"";"";"";"";"";"";""
"Araçu";"Produção de Caulim para Cerâmica Branca (t)";"";"";"";"";"";"-";"";"";"";"";"";"";"";"";"";"";"";"";"";"";""
"Araçu";"Produção de Cobalto (t)";"";"";"";"";"";"-";"";"";"";"";"";"";"";"";"";"";"";"";"";"";""
"Araçu";"Produção de Cobre (t)";"";"";"";"";"";"-";"";"";"";"";"";"";"";"";"";"";"";"";"";"";""
"Araçu";"Produção de Diamante (ct)";"";"";"";"";"";"-";"";"";"";"";"";"";"";"";"";"";"";"";"";"";""
"Araçu";"Produção de Esmeralda (kg)";"";"-";"-";"-";"-";"-";"";"";"";"";"";"";"";"";"";"";"";"";"";"";""
"Araçu";"Produção de Ferro para Cimento (t)";"";"";"";"";"";"-";"";"";"";"";"";"";"";"";"";"";"";"";"";"";""
"Araçu";"Produção de Filito (t)";"";"";"";"";"";"-";"";"";"";"";"";"";"";"";"";"";"";"";"";"";""
"Araçu";"Produção de Fosfato (t)";"";"";"";"";"";"-";"";"";"";"";"";"";"";"";"";"";"";"";"";"";""
"Araçu";"Produção de Manganês (t)";"";"";"";"";"";"-";"";"";"";"";"";"";"";"";"";"";"";"";"";"";""
"Araçu";"Produção de Nióbio (t)";"";"";"";"";"";"-";"";"";"";"";"";"";"";"";"";"";"";"";"";"";""
"Araçu";"Produção de Níquel (t)";"";"";"";"";"";"-";"";"";"";"";"";"";"";"";"";"";"";"";"";"";""
"Aragarças";"Produção de Calcário para Rações (t)";"";"";"";"";"";"-";"";"";"";"";"";"";"";"";"";"";"";"";"";"";""
"Aragarças";"Produção de Cascalho ()";"";"";"";"";"";"-";"";"";"";"";"";"2.460";"";"";"";"";"";"";"";"";""
"Aragarças";"Produção de Caulim (t)";"";"";"";"";"";"-";"";"";"";"";"";"";"";"";"";"";"";"";"";"";""
"Aragarças";"Produção de Caulim para Cerâmica Branca (t)";"";"";"";"";"";"-";"";"";"";"";"";"";"";"";"";"";"";"";"";"";""
"Aragarças";"Produção de Cobalto (t)";"";"";"";"";"";"-";"";"";"";"";"";"";"";"";"";"";"";"";"";"";""
"Aragarças";"Produção de Cobre (t)";"";"";"";"";"";"-";"";"";"";"";"";"";"";"";"";"";"";"";"";"";""
"Aragarças";"Produção de Diamante (ct)";"";"99";"-";"-";"";"-";"";"";"";"";"";"";"";"";"";"";"";"";"";"";""
"Aragarças";"Produção de Esmeralda (kg)";"";"-";"-";"-";"-";"-";"";"";"";"";"";"";"";"";"";"";"";"";"";"";""
"Aragarças";"Produção de Ferro para Cimento (t)";"";"";"";"";"";"-";"";"";"";"";"";"";"";"";"";"";"";"";"";"";""
"Aragarças";"Produção de Filito (t)";"";"";"";"";"";"-";"";"";"";"";"";"";"";"";"";"";"";"";"";"";""
"Aragarças";"Produção de Fosfato (t)";"";"";"";"";"";"-";"";"";"";"";"";"";"";"";"";"";"";"";"";"";""
"Aragarças";"Produção de Manganês (t)";"";"";"";"";"";"-";"";"";"";"";"";"";"";"";"";"";"";"";"";"";""
"Aragarças";"Produção de Nióbio (t)";"";"";"";"";"";"-";"";"";"";"";"";"";"";"";"";"";"";"";"";"";""
"Aragarças";"Produção de Níquel (t)";"";"";"";"";"";"-";"";"";"";"";"";"";"";"";"";"";"";"";"";"";""
"Aragoiânia";"Produção de Calcário para Rações (t)";"";"";"";"";"";"-";"";"";"";"";"";"";"";"";"";"";"";"";"";"";""
"Aragoiânia";"Produção de Cascalho ()";"";"";"";"";"";"-";"";"";"576";"2.828";"1.250";"2.500";"";"";"";"";"";"";"";"";""
"Aragoiânia";"Produção de Caulim (t)";"";"";"";"";"";"-";"";"";"";"";"";"";"";"";"";"";"";"";"";"";""
"Aragoiânia";"Produção de Caulim para Cerâmica Branca (t)";"";"";"";"";"";"-";"";"";"";"";"";"";"";"";"";"";"";"";"";"";""
"Aragoiânia";"Produção de Cobalto (t)";"";"";"";"";"";"-";"";"";"";"";"";"";"";"";"";"";"";"";"";"";""
"Aragoiânia";"Produção de Cobre (t)";"";"";"";"";"";"-";"";"";"";"";"";"";"";"";"";"";"";"";"";"";""
"Aragoiânia";"Produção de Diamante (ct)";"";"";"";"";"";"-";"";"";"";"";"";"";"";"";"";"";"";"";"";"";""
"Aragoiânia";"Produção de Esmeralda (kg)";"";"-";"-";"-";"-";"-";"";"";"";"";"";"";"";"";"";"";"";"";"";"";""
"Aragoiânia";"Produção de Ferro para Cimento (t)";"";"";"";"";"";"-";"";"";"";"";"";"";"";"";"";"";"";"";"";"";""
"Aragoiânia";"Produção de Filito (t)";"";"";"";"";"";"-";"";"";"";"";"";"";"";"";"";"";"";"";"";"";""
"Aragoiânia";"Produção de Fosfato (t)";"";"";"";"";"";"-";"";"";"";"";"";"";"";"";"";"";"";"";"";"";""
"Aragoiânia";"Produção de Manganês (t)";"";"";"";"";"";"-";"";"";"";"";"";"";"";"";"";"";"";"";"";"";""
"Aragoiânia";"Produção de Nióbio (t)";"";"";"";"";"";"-";"";"";"";"";"";"";"";"";"";"";"";"";"";"";""
"Aragoiânia";"Produção de Níquel (t)";"";"";"";"";"";"-";"";"";"";"";"";"";"";"";"";"";"";"";"";"";""
"Araguapaz";"Produção de Calcário para Rações (t)";"";"";"";"";"";"-";"";"";"";"";"";"";"";"";"";"";"";"";"";"";""
"Araguapaz";"Produção de Cascalho ()";"";"";"";"";"";"-";"";"";"";"";"";"";"";"";"";"";"";"";"";"";""
"Araguapaz";"Produção de Caulim (t)";"";"";"";"";"";"-";"";"";"";"";"";"";"";"";"";"";"";"";"";"";""
"Araguapaz";"Produção de Caulim para Cerâmica Branca (t)";"";"";"";"";"";"-";"";"";"";"";"";"";"";"";"";"";"";"";"";"";""
"Araguapaz";"Produção de Cobalto (t)";"";"";"";"";"";"-";"";"";"";"";"";"";"";"";"";"";"";"";"";"";""
"Araguapaz";"Produção de Cobre (t)";"";"";"";"";"";"-";"";"";"";"";"";"";"";"";"";"";"";"";"";"";""
"Araguapaz";"Produção de Diamante (ct)";"";"";"";"";"";"-";"";"";"";"";"";"";"";"";"";"";"";"";"";"";""
"Araguapaz";"Produção de Esmeralda (kg)";"";"-";"-";"-";"-";"-";"";"";"";"";"";"";"";"";"";"";"";"";"";"";""
"Araguapaz";"Produção de Ferro para Cimento (t)";"";"";"";"";"";"-";"";"";"";"";"";"";"";"";"";"";"";"";"";"";""
"Araguapaz";"Produção de Filito (t)";"";"";"";"";"";"-";"";"";"";"";"";"";"";"";"";"";"";"";"";"";""
"Araguapaz";"Produção de Fosfato (t)";"";"";"";"";"";"-";"";"";"";"";"";"";"";"";"";"";"";"";"";"";""
"Araguapaz";"Produção de Manganês (t)";"";"";"";"";"";"-";"";"";"";"";"";"";"";"";"";"";"";"";"";"";""
"Araguapaz";"Produção de Nióbio (t)";"";"";"";"";"";"-";"";"";"";"";"";"";"";"";"";"";"";"";"";"";""
"Araguapaz";"Produção de Níquel (t)";"";"";"";"";"";"-";"";"";"";"";"";"";"";"";"";"";"";"";"";"";""
"Arenópolis";"Produção de Calcário para Rações (t)";"";"";"";"";"";"-";"";"";"";"";"";"";"";"";"";"";"";"";"";"";""
"Arenópolis";"Produção de Cascalho ()";"";"";"";"";"";"-";"";"";"";"";"";"";"";"";"";"";"";"";"";"";""
"Arenópolis";"Produção de Caulim (t)";"";"";"";"";"";"-";"";"";"";"";"";"";"";"";"";"";"";"";"";"";""
"Arenópolis";"Produção de Caulim para Cerâmica Branca (t)";"";"";"";"";"";"-";"";"";"";"";"";"";"";"";"";"";"";"";"";"";""
"Arenópolis";"Produção de Cobalto (t)";"";"";"";"";"";"-";"";"";"";"";"";"";"";"";"";"";"";"";"";"";""
"Arenópolis";"Produção de Cobre (t)";"";"";"";"";"";"-";"";"";"";"";"";"";"";"";"";"";"";"";"";"";""
"Arenópolis";"Produção de Diamante (ct)";"";"";"";"";"";"-";"";"";"";"";"";"";"";"";"";"";"";"";"";"";""
"Arenópolis";"Produção de Esmeralda (kg)";"";"-";"-";"-";"-";"-";"";"";"";"";"";"";"";"";"";"";"";"";"";"";""
"Arenópolis";"Produção de Ferro para Cimento (t)";"";"";"";"";"";"-";"";"";"";"";"";"";"";"";"";"";"";"";"";"";""
"Arenópolis";"Produção de Filito (t)";"";"";"";"";"";"-";"";"";"";"";"";"";"";"";"";"";"";"";"";"";""
"Arenópolis";"Produção de Fosfato (t)";"";"";"";"";"";"-";"";"";"";"";"";"";"";"";"";"";"";"";"";"";""
"Arenópolis";"Produção de Manganês (t)";"";"";"";"";"";"-";"";"";"";"";"";"";"";"";"";"";"";"";"";"";""
"Arenópolis";"Produção de Nióbio (t)";"";"";"";"";"";"-";"";"";"";"";"";"";"";"";"";"";"";"";"";"";""
"Arenópolis";"Produção de Níquel (t)";"";"";"";"";"";"-";"";"";"";"";"";"";"";"";"";"";"";"";"";"";""
"Aruanã";"Produção de Calcário para Rações (t)";"";"";"";"";"";"-";"";"";"";"";"";"";"";"";"";"";"";"";"";"";""
"Aruanã";"Produção de Cascalho ()";"";"";"";"";"";"-";"7.295";"224";"";"";"";"";"";"";"";"";"";"";"";"";""
"Aruanã";"Produção de Caulim (t)";"";"";"";"";"";"-";"";"";"";"";"";"";"";"";"";"";"";"";"";"";""
"Aruanã";"Produção de Caulim para Cerâmica Branca (t)";"";"";"";"";"";"-";"";"";"";"";"";"";"";"";"";"";"";"";"";"";""
"Aruanã";"Produção de Cobalto (t)";"";"";"";"";"";"-";"";"";"";"";"";"";"";"";"";"";"";"";"";"";""
"Aruanã";"Produção de Cobre (t)";"";"";"";"";"";"-";"";"";"";"";"";"";"";"";"";"";"";"";"";"";""
"Aruanã";"Produção de Diamante (ct)";"";"";"";"";"";"-";"";"";"";"";"";"";"";"";"";"";"";"";"";"";""
"Aruanã";"Produção de Esmeralda (kg)";"";"-";"-";"-";"-";"-";"";"";"";"";"";"";"";"";"";"";"";"";"";"";""
"Aruanã";"Produção de Ferro para Cimento (t)";"";"";"";"";"";"-";"";"";"";"";"";"";"";"";"";"";"";"";"";"";""
"Aruanã";"Produção de Filito (t)";"";"";"";"";"";"-";"";"";"";"";"";"";"";"";"";"";"";"";"";"";""
"Aruanã";"Produção de Fosfato (t)";"";"";"";"";"";"-";"";"";"";"";"";"";"";"";"";"";"";"";"";"";""
"Aruanã";"Produção de Manganês (t)";"";"";"";"";"";"-";"";"";"";"";"";"";"";"";"";"";"";"";"";"";""
"Aruanã";"Produção de Nióbio (t)";"";"";"";"";"";"-";"";"";"";"";"";"";"";"";"";"";"";"";"";"";""
"Aruanã";"Produção de Níquel (t)";"";"";"";"";"";"-";"";"";"";"";"";"";"";"";"";"";"";"";"";"";""
"Aurilândia";"Produção de Calcário para Rações (t)";"";"";"";"";"";"-";"";"";"";"";"";"";"";"";"";"";"";"";"";"";""
"Aurilândia";"Produção de Cascalho ()";"";"";"";"";"";"-";"";"";"";"";"";"";"";"";"";"";"";"";"";"";""
"Aurilândia";"Produção de Caulim (t)";"";"";"";"";"";"-";"";"";"";"";"";"";"";"";"";"";"";"";"";"";""
"Aurilândia";"Produção de Caulim para Cerâmica Branca (t)";"";"";"";"";"";"-";"";"";"";"";"";"";"";"";"";"";"";"";"";"";""
"Aurilândia";"Produção de Cobalto (t)";"";"";"";"";"";"-";"";"";"";"";"";"";"";"";"";"";"";"";"";"";""
"Aurilândia";"Produção de Cobre (t)";"";"";"";"";"";"-";"";"";"";"";"";"";"";"";"";"";"";"";"";"";""
"Aurilândia";"Produção de Diamante (ct)";"";"";"";"";"";"-";"";"";"";"";"";"";"";"";"";"";"";"";"";"";""
"Aurilândia";"Produção de Esmeralda (kg)";"";"-";"-";"-";"-";"-";"";"";"";"";"";"";"";"";"";"";"";"";"";"";""
"Aurilândia";"Produção de Ferro para Cimento (t)";"";"";"";"";"";"-";"";"";"";"";"";"";"";"";"";"";"";"";"";"";""
"Aurilândia";"Produção de Filito (t)";"";"";"";"";"";"-";"";"";"";"";"";"";"";"";"";"";"";"";"";"";""
"Aurilândia";"Produção de Fosfato (t)";"";"";"";"";"";"-";"";"";"";"";"";"";"";"";"";"";"";"";"";"";""
"Aurilândia";"Produção de Manganês (t)";"";"";"";"";"";"-";"";"";"";"";"";"";"";"";"";"";"";"";"";"";""
"Aurilândia";"Produção de Nióbio (t)";"";"";"";"";"";"-";"";"";"";"";"";"";"";"";"";"";"";"";"";"";""
"Aurilândia";"Produção de Níquel (t)";"";"";"";"";"";"-";"";"";"";"";"";"";"";"";"";"";"";"";"";"";""
"Avelinópolis";"Produção de Calcário para Rações (t)";"";"";"";"";"";"-";"";"";"";"";"";"";"";"";"";"";"";"";"";"";""
"Avelinópolis";"Produção de Cascalho ()";"";"";"";"";"";"-";"";"";"";"";"";"";"";"";"";"";"";"";"";"";""
"Avelinópolis";"Produção de Caulim (t)";"";"";"";"";"";"-";"";"";"";"";"";"";"";"";"";"";"";"";"";"";""
"Avelinópolis";"Produção de Caulim para Cerâmica Branca (t)";"";"";"";"";"";"-";"";"";"";"";"";"";"";"";"";"";"";"";"";"";""
"Avelinópolis";"Produção de Cobalto (t)";"";"";"";"";"";"-";"";"";"";"";"";"";"";"";"";"";"";"";"";"";""
"Avelinópolis";"Produção de Cobre (t)";"";"";"";"";"";"-";"";"";"";"";"";"";"";"";"";"";"";"";"";"";""
"Avelinópolis";"Produção de Diamante (ct)";"";"";"";"";"";"-";"";"";"";"";"";"";"";"";"";"";"";"";"";"";""
"Avelinópolis";"Produção de Esmeralda (kg)";"";"-";"-";"-";"-";"-";"";"";"";"";"";"";"";"";"";"";"";"";"";"";""
"Avelinópolis";"Produção de Ferro para Cimento (t)";"";"";"";"";"";"-";"";"";"";"";"";"";"";"";"";"";"";"";"";"";""
"Avelinópolis";"Produção de Filito (t)";"";"";"";"";"";"-";"";"";"";"";"";"";"";"";"";"";"";"";"";"";""
"Avelinópolis";"Produção de Fosfato (t)";"";"";"";"";"";"-";"";"";"";"";"";"";"";"";"";"";"";"";"";"";""
"Avelinópolis";"Produção de Manganês (t)";"";"";"";"";"";"-";"";"";"";"";"";"";"";"";"";"";"";"";"";"";""
"Avelinópolis";"Produção de Nióbio (t)";"";"";"";"";"";"-";"";"";"";"";"";"";"";"";"";"";"";"";"";"";""
"Avelinópolis";"Produção de Níquel (t)";"";"";"";"";"";"-";"";"";"";"";"";"";"";"";"";"";"";"";"";"";""
"Baliza";"Produção de Calcário para Rações (t)";"";"";"";"";"";"-";"";"";"";"";"";"";"";"";"";"";"";"";"";"";""
"Baliza";"Produção de Cascalho ()";"";"";"";"";"";"-";"";"";"";"";"";"";"";"";"";"";"";"";"";"";""
"Baliza";"Produção de Caulim (t)";"";"";"";"";"";"-";"";"";"";"";"";"";"";"";"";"";"";"";"";"";""
"Baliza";"Produção de Caulim para Cerâmica Branca (t)";"";"";"";"";"";"-";"";"";"";"";"";"";"";"";"";"";"";"";"";"";""
"Baliza";"Produção de Cobalto (t)";"";"";"";"";"";"-";"";"";"";"";"";"";"";"";"";"";"";"";"";"";""
"Baliza";"Produção de Cobre (t)";"";"";"";"";"";"-";"";"";"";"";"";"";"";"";"";"";"";"";"";"";""
"Baliza";"Produção de Diamante (ct)";"";"114";"-";" 337 ";"241";"387";"";"";"";"";"";"";"";"";"";"";"";"";"";"";""
"Baliza";"Produção de Esmeralda (kg)";"";"-";"-";"-";"-";"-";"";"";"";"";"";"";"";"";"";"";"";"";"";"";""
"Baliza";"Produção de Ferro para Cimento (t)";"";"";"";"";"";"-";"";"";"";"";"";"";"";"";"";"";"";"";"";"";""
"Baliza";"Produção de Filito (t)";"";"";"";"";"";"-";"";"";"";"";"";"";"";"";"";"";"";"";"";"";""
"Baliza";"Produção de Fosfato (t)";"";"";"";"";"";"-";"";"";"";"";"";"";"";"";"";"";"";"";"";"";""
"Baliza";"Produção de Manganês (t)";"";"";"";"";"";"-";"";"";"";"";"";"";"";"";"";"";"";"";"";"";""
"Baliza";"Produção de Nióbio (t)";"";"";"";"";"";"-";"";"";"";"";"";"";"";"";"";"";"";"";"";"";""
"Baliza";"Produção de Níquel (t)";"";"";"";"";"";"-";"";"";"";"";"";"";"";"";"";"";"";"";"";"";""
"Barro Alto";"Produção de Calcário para Rações (t)";"";"";"";"";"";"-";"";"";"";"";"";"";"";"";"";"";"";"";"";"";""
"Barro Alto";"Produção de Cascalho ()";"";"";"";"";"";"-";"";"";"";"";"";"";"";"";"";"";"";"";"";"";""
"Barro Alto";"Produção de Caulim (t)";"";"";"";"";"";"-";"";"";"";"";"";"";"";"";"";"";"";"";"";"";""
"Barro Alto";"Produção de Caulim para Cerâmica Branca (t)";"";"";"";"";"";"-";"";"";"";"";"";"";"";"";"";"";"";"";"";"";""
"Barro Alto";"Produção de Cobalto (t)";"";"";"";"";"";"-";"";"";"";"";"";"";"";"";"";"";"";"";"";"";""
"Barro Alto";"Produção de Cobre (t)";"";"";"";"";"";"-";"";"";"";"";"";"";"";"";"";"";"";"";"";"";""
"Barro Alto";"Produção de Diamante (ct)";"";"";"";"";"";"-";"";"";"";"";"";"";"";"";"";"";"";"";"";"";""
"Barro Alto";"Produção de Esmeralda (kg)";"";"-";"-";"-";"-";"-";"";"";"";"";"";"";"";"";"";"";"";"";"";"";""
"Barro Alto";"Produção de Ferro para Cimento (t)";"";"";"";"";"";"-";"";"";"";"";"";"";"";"";"";"";"";"";"";"";""
"Barro Alto";"Produção de Filito (t)";"";"";"";"";"";"-";"";"";"";"";"";"";"";"";"";"";"";"";"";"";""
"Barro Alto";"Produção de Fosfato (t)";"";"";"";"";"";"-";"";"";"";"";"";"";"";"";"";"";"";"";"";"";""
"Barro Alto";"Produção de Manganês (t)";"";"";"";"";"";"-";"";"";"";"";"";"";"";"";"";"";"";"";"";"";""
"Barro Alto";"Produção de Nióbio (t)";"";"";"";"";"";"-";"";"";"";"";"";"";"";"";"";"";"";"";"";"";""
"Barro Alto";"Produção de Níquel (t)";"";"9.814";"9.918";" 9.076 ";"9.475";"8.465";"15.663";"31.227";"25.070";"28.300";"9.005";"35.500";"";"";"";"";"";"";"";"";""
"Bela Vista de Goiás";"Produção de Calcário para Rações (t)";"";"";"";"";"";"-";"";"";"";"";"";"";"";"";"";"";"";"";"";"";""
"Bela Vista de Goiás";"Produção de Cascalho ()";"";"";"";"";"";"-";"";"";"";"";"";"";"";"";"";"";"";"";"";"";""
"Bela Vista de Goiás";"Produção de Caulim (t)";"";"";"";"";"";"-";"";"";"";"";"";"";"";"";"";"";"";"";"";"";""
"Bela Vista de Goiás";"Produção de Caulim para Cerâmica Branca (t)";"";"";"";"";"";"-";"";"";"";"";"";"";"";"";"";"";"";"";"";"";""
"Bela Vista de Goiás";"Produção de Cobalto (t)";"";"";"";"";"";"-";"";"";"";"";"";"";"";"";"";"";"";"";"";"";""
"Bela Vista de Goiás";"Produção de Cobre (t)";"";"";"";"";"";"-";"";"";"";"";"";"";"";"";"";"";"";"";"";"";""
"Bela Vista de Goiás";"Produção de Diamante (ct)";"";"";"";"";"";"-";"";"";"";"";"";"";"";"";"";"";"";"";"";"";""
"Bela Vista de Goiás";"Produção de Esmeralda (kg)";"";"-";"-";"-";"-";"-";"";"";"";"";"";"";"";"";"";"";"";"";"";"";""
"Bela Vista de Goiás";"Produção de Ferro para Cimento (t)";"";"";"";"";"";"-";"";"";"";"";"";"";"";"";"";"";"";"";"";"";""
"Bela Vista de Goiás";"Produção de Filito (t)";"";"";"";"";"";"-";"";"";"";"";"";"";"";"";"";"";"";"";"";"";""
"Bela Vista de Goiás";"Produção de Fosfato (t)";"";"";"";"";"";"-";"";"";"";"";"";"";"";"";"";"";"";"";"";"";""
"Bela Vista de Goiás";"Produção de Manganês (t)";"";"";"";"";"";"-";"";"";"";"";"";"";"";"";"";"";"";"";"";"";""
"Bela Vista de Goiás";"Produção de Nióbio (t)";"";"";"";"";"";"-";"";"";"";"";"";"";"";"";"";"";"";"";"";"";""
"Bela Vista de Goiás";"Produção de Níquel (t)";"";"";"";"";"";"-";"";"";"";"";"";"";"";"";"";"";"";"";"";"";""
"Bom Jardim de Goiás";"Produção de Calcário para Rações (t)";"";"";"";"";"";"-";"";"";"";"";"";"";"";"";"";"";"";"";"";"";""
"Bom Jardim de Goiás";"Produção de Cascalho ()";"";"";"";"";"";"-";"";"";"";"";"";"";"";"";"";"";"";"";"";"";""
"Bom Jardim de Goiás";"Produção de Caulim (t)";"";"";"";"";"";"-";"";"";"";"";"";"";"";"";"";"";"";"";"";"";""
"Bom Jardim de Goiás";"Produção de Caulim para Cerâmica Branca (t)";"";"";"";"";"";"-";"";"";"";"";"";"";"";"";"";"";"";"";"";"";""
"Bom Jardim de Goiás";"Produção de Cobalto (t)";"";"";"";"";"";"-";"";"";"";"";"";"";"";"";"";"";"";"";"";"";""
"Bom Jardim de Goiás";"Produção de Cobre (t)";"";"";"";"";"";"-";"";"";"";"";"";"";"";"";"";"";"";"";"";"";""
"Bom Jardim de Goiás";"Produção de Diamante (ct)";"";"";"";"";"";"-";"";"";"";"";"";"";"";"";"";"";"";"";"";"";""
"Bom Jardim de Goiás";"Produção de Esmeralda (kg)";"";"-";"-";"-";"-";"-";"";"";"";"";"";"";"";"";"";"";"";"";"";"";""
"Bom Jardim de Goiás";"Produção de Ferro para Cimento (t)";"";"";"";"";"";"-";"";"";"";"";"";"";"";"";"";"";"";"";"";"";""
"Bom Jardim de Goiás";"Produção de Filito (t)";"";"";"";"";"";"-";"";"";"";"";"";"";"";"";"";"";"";"";"";"";""
"Bom Jardim de Goiás";"Produção de Fosfato (t)";"";"";"";"";"";"-";"";"";"";"";"";"";"";"";"";"";"";"";"";"";""
"Bom Jardim de Goiás";"Produção de Manganês (t)";"";"";"";"";"";"-";"";"";"";"";"";"";"";"";"";"";"";"";"";"";""
"Bom Jardim de Goiás";"Produção de Nióbio (t)";"";"";"";"";"";"-";"";"";"";"";"";"";"";"";"";"";"";"";"";"";""
"Bom Jardim de Goiás";"Produção de Níquel (t)";"";"";"";"";"";"-";"";"";"";"";"";"";"";"";"";"";"";"";"";"";""
"Bom Jesus de Goiás";"Produção de Calcário para Rações (t)";"";"";"";"";"";"-";"";"";"";"";"";"";"";"";"";"";"";"";"";"";""
"Bom Jesus de Goiás";"Produção de Cascalho ()";"";"";"";"";"";"-";"";"";"";"";"";"";"";"";"";"";"";"";"";"";""
"Bom Jesus de Goiás";"Produção de Caulim (t)";"";"";"";"";"";"-";"";"";"";"";"";"";"";"";"";"";"";"";"";"";""
"Bom Jesus de Goiás";"Produção de Caulim para Cerâmica Branca (t)";"";"";"";"";"";"-";"";"";"";"";"";"";"";"";"";"";"";"";"";"";""
"Bom Jesus de Goiás";"Produção de Cobalto (t)";"";"";"";"";"";"-";"";"";"";"";"";"";"";"";"";"";"";"";"";"";""
"Bom Jesus de Goiás";"Produção de Cobre (t)";"";"";"";"";"";"-";"";"";"";"";"";"";"";"";"";"";"";"";"";"";""
"Bom Jesus de Goiás";"Produção de Diamante (ct)";"";"";"";"";"";"-";"";"";"";"";"";"";"";"";"";"";"";"";"";"";""
"Bom Jesus de Goiás";"Produção de Esmeralda (kg)";"";"-";"-";"-";"-";"-";"";"";"";"";"";"";"";"";"";"";"";"";"";"";""
"Bom Jesus de Goiás";"Produção de Ferro para Cimento (t)";"";"";"";"";"";"-";"";"";"";"";"";"";"";"";"";"";"";"";"";"";""
"Bom Jesus de Goiás";"Produção de Filito (t)";"";"";"";"";"";"-";"";"";"";"";"";"";"";"";"";"";"";"";"";"";""
"Bom Jesus de Goiás";"Produção de Fosfato (t)";"";"";"";"";"";"-";"";"";"";"";"";"";"";"";"";"";"";"";"";"";""
"Bom Jesus de Goiás";"Produção de Manganês (t)";"";"";"";"";"";"-";"";"";"";"";"";"";"";"";"";"";"";"";"";"";""
"Bom Jesus de Goiás";"Produção de Nióbio (t)";"";"";"";"";"";"-";"";"";"";"";"";"";"";"";"";"";"";"";"";"";""
"Bom Jesus de Goiás";"Produção de Níquel (t)";"";"";"";"";"";"-";"";"";"";"";"";"";"";"";"";"";"";"";"";"";""
"Bonfinópolis";"Produção de Calcário para Rações (t)";"";"";"";"";"";"-";"";"";"";"";"";"";"";"";"";"";"";"";"";"";""
"Bonfinópolis";"Produção de Cascalho ()";"";"";"";"";"";"-";"";"";"";"";"";"";"";"";"";"";"";"";"";"";""
"Bonfinópolis";"Produção de Caulim (t)";"";"";"";"";"";"-";"";"";"";"";"";"";"";"";"";"";"";"";"";"";""
"Bonfinópolis";"Produção de Caulim para Cerâmica Branca (t)";"";"";"";"";"";"-";"";"";"";"";"";"";"";"";"";"";"";"";"";"";""
"Bonfinópolis";"Produção de Cobalto (t)";"";"";"";"";"";"-";"";"";"";"";"";"";"";"";"";"";"";"";"";"";""
"Bonfinópolis";"Produção de Cobre (t)";"";"";"";"";"";"-";"";"";"";"";"";"";"";"";"";"";"";"";"";"";""
"Bonfinópolis";"Produção de Diamante (ct)";"";"";"";"";"";"-";"";"";"";"";"";"";"";"";"";"";"";"";"";"";""
"Bonfinópolis";"Produção de Esmeralda (kg)";"";"-";"-";"-";"-";"-";"";"";"";"";"";"";"";"";"";"";"";"";"";"";""
"Bonfinópolis";"Produção de Ferro para Cimento (t)";"";"";"";"";"";"-";"";"";"";"";"";"";"";"";"";"";"";"";"";"";""
"Bonfinópolis";"Produção de Filito (t)";"";"";"";"";"";"-";"";"";"";"";"";"";"";"";"";"";"";"";"";"";""
"Bonfinópolis";"Produção de Fosfato (t)";"";"";"";"";"";"-";"";"";"";"";"";"";"";"";"";"";"";"";"";"";""
"Bonfinópolis";"Produção de Manganês (t)";"";"";"";"";"";"-";"";"";"";"";"";"";"";"";"";"";"";"";"";"";""
"Bonfinópolis";"Produção de Nióbio (t)";"";"";"";"";"";"-";"";"";"";"";"";"";"";"";"";"";"";"";"";"";""
"Bonfinópolis";"Produção de Níquel (t)";"";"";"";"";"";"-";"";"";"";"";"";"";"";"";"";"";"";"";"";"";""
"Bonópolis";"Produção de Calcário para Rações (t)";"";"";"";"";"";"-";"";"";"";"";"";"";"";"";"";"";"";"";"";"";""
"Bonópolis";"Produção de Cascalho ()";"";"";"";"";"";"-";"";"";"";"";"";"";"";"";"";"";"";"";"";"";""
"Bonópolis";"Produção de Caulim (t)";"";"";"";"";"";"-";"";"";"";"";"";"";"";"";"";"";"";"";"";"";""
"Bonópolis";"Produção de Caulim para Cerâmica Branca (t)";"";"";"";"";"";"-";"";"";"";"";"";"";"";"";"";"";"";"";"";"";""
"Bonópolis";"Produção de Cobalto (t)";"";"";"";"";"";"-";"";"";"";"";"";"";"";"";"";"";"";"";"";"";""
"Bonópolis";"Produção de Cobre (t)";"";"";"";"";"";"-";"";"";"";"";"";"";"";"";"";"";"";"";"";"";""
"Bonópolis";"Produção de Diamante (ct)";"";"";"";"";"";"-";"";"";"";"";"";"";"";"";"";"";"";"";"";"";""
"Bonópolis";"Produção de Esmeralda (kg)";"";"-";"-";"-";"-";"-";"";"";"";"";"";"";"";"";"";"";"";"";"";"";""
"Bonópolis";"Produção de Ferro para Cimento (t)";"";"";"";"";"";"-";"";"";"";"";"";"";"";"";"";"";"";"";"";"";""
"Bonópolis";"Produção de Filito (t)";"";"";"";"";"";"-";"";"";"";"";"";"";"";"";"";"";"";"";"";"";""
"Bonópolis";"Produção de Fosfato (t)";"";"";"";"";"";"-";"";"";"";"";"";"";"";"";"";"";"";"";"";"";""
"Bonópolis";"Produção de Manganês (t)";"";"";"";"";"";"-";"";"";"";"";"";"";"";"";"";"";"";"";"";"";""
"Bonópolis";"Produção de Nióbio (t)";"";"";"";"";"";"-";"";"";"";"";"";"";"";"";"";"";"";"";"";"";""
"Bonópolis";"Produção de Níquel (t)";"";"";"";"";"";"-";"";"";"";"";"";"";"";"";"";"";"";"";"";"";""
"Brazabrantes";"Produção de Calcário para Rações (t)";"";"";"";"";"";"-";"";"";"";"";"";"";"";"";"";"";"";"";"";"";""
"Brazabrantes";"Produção de Cascalho ()";"";"";"";"";"";"-";"";"";"";"";"";"";"";"";"";"";"";"";"";"";""
"Brazabrantes";"Produção de Caulim (t)";"";"";"";"";"";"-";"";"";"";"";"";"";"";"";"";"";"";"";"";"";""
"Brazabrantes";"Produção de Caulim para Cerâmica Branca (t)";"";"";"";"";"";"-";"";"";"";"";"";"";"";"";"";"";"";"";"";"";""
"Brazabrantes";"Produção de Cobalto (t)";"";"";"";"";"";"-";"";"";"";"";"";"";"";"";"";"";"";"";"";"";""
"Brazabrantes";"Produção de Cobre (t)";"";"";"";"";"";"-";"";"";"";"";"";"";"";"";"";"";"";"";"";"";""
"Brazabrantes";"Produção de Diamante (ct)";"";"";"";"";"";"-";"";"";"";"";"";"";"";"";"";"";"";"";"";"";""
"Brazabrantes";"Produção de Esmeralda (kg)";"";"-";"-";"-";"-";"-";"";"";"";"";"";"";"";"";"";"";"";"";"";"";""
"Brazabrantes";"Produção de Ferro para Cimento (t)";"";"";"";"";"";"-";"";"";"";"";"";"";"";"";"";"";"";"";"";"";""
"Brazabrantes";"Produção de Filito (t)";"";"";"";"";"";"-";"";"";"";"";"";"";"";"";"";"";"";"";"";"";""
"Brazabrantes";"Produção de Fosfato (t)";"";"";"";"";"";"-";"";"";"";"";"";"";"";"";"";"";"";"";"";"";""
"Brazabrantes";"Produção de Manganês (t)";"";"";"";"";"";"-";"";"";"";"";"";"";"";"";"";"";"";"";"";"";""
"Brazabrantes";"Produção de Nióbio (t)";"";"";"";"";"";"-";"";"";"";"";"";"";"";"";"";"";"";"";"";"";""
"Brazabrantes";"Produção de Níquel (t)";"";"";"";"";"";"-";"";"";"";"";"";"";"";"";"";"";"";"";"";"";""
"Britânia";"Produção de Calcário para Rações (t)";"";"";"";"";"";"-";"";"";"";"";"";"";"";"";"";"";"";"";"";"";""
"Britânia";"Produção de Cascalho ()";"";"";"";"";"";"-";"";"";"";"";"";"";"";"";"";"";"";"";"";"";""
"Britânia";"Produção de Caulim (t)";"";"";"";"";"";"-";"";"";"";"";"";"";"";"";"";"";"";"";"";"";""
"Britânia";"Produção de Caulim para Cerâmica Branca (t)";"";"";"";"";"";"-";"";"";"";"";"";"";"";"";"";"";"";"";"";"";""
"Britânia";"Produção de Cobalto (t)";"";"";"";"";"";"-";"";"";"";"";"";"";"";"";"";"";"";"";"";"";""
"Britânia";"Produção de Cobre (t)";"";"";"";"";"";"-";"";"";"";"";"";"";"";"";"";"";"";"";"";"";""
"Britânia";"Produção de Diamante (ct)";"";"";"";"";"";"-";"";"";"";"";"";"";"";"";"";"";"";"";"";"";""
"Britânia";"Produção de Esmeralda (kg)";"";"-";"-";"-";"-";"-";"";"";"";"";"";"";"";"";"";"";"";"";"";"";""
"Britânia";"Produção de Ferro para Cimento (t)";"";"";"";"";"";"-";"";"";"";"";"";"";"";"";"";"";"";"";"";"";""
"Britânia";"Produção de Filito (t)";"";"";"";"";"";"-";"";"";"";"";"";"";"";"";"";"";"";"";"";"";""
"Britânia";"Produção de Fosfato (t)";"";"";"";"";"";"-";"";"";"";"";"";"";"";"";"";"";"";"";"";"";""
"Britânia";"Produção de Manganês (t)";"";"";"";"";"";"-";"";"";"";"";"";"";"";"";"";"";"";"";"";"";""
"Britânia";"Produção de Nióbio (t)";"";"";"";"";"";"-";"";"";"";"";"";"";"";"";"";"";"";"";"";"";""
"Britânia";"Produção de Níquel (t)";"";"";"";"";"";"-";"";"";"";"";"";"";"";"";"";"";"";"";"";"";""
"Buriti Alegre";"Produção de Calcário para Rações (t)";"";"";"";"";"";"-";"";"";"";"";"";"";"";"";"";"";"";"";"";"";""
"Buriti Alegre";"Produção de Cascalho ()";"";"";"";"";"";"-";"27";"";"";"";"";"";"";"";"";"";"";"";"";"";""
"Buriti Alegre";"Produção de Caulim (t)";"";"";"";"";"";"-";"";"";"";"";"";"";"";"";"";"";"";"";"";"";""
"Buriti Alegre";"Produção de Caulim para Cerâmica Branca (t)";"";"";"";"";"";"-";"";"";"";"";"";"";"";"";"";"";"";"";"";"";""
"Buriti Alegre";"Produção de Cobalto (t)";"";"";"";"";"";"-";"";"";"";"";"";"";"";"";"";"";"";"";"";"";""
"Buriti Alegre";"Produção de Cobre (t)";"";"";"";"";"";"-";"";"";"";"";"";"";"";"";"";"";"";"";"";"";""
"Buriti Alegre";"Produção de Diamante (ct)";"";"";"";"";"";"-";"";"";"";"";"";"";"";"";"";"";"";"";"";"";""
"Buriti Alegre";"Produção de Esmeralda (kg)";"";"-";"-";"-";"-";"-";"";"";"";"";"";"";"";"";"";"";"";"";"";"";""
"Buriti Alegre";"Produção de Ferro para Cimento (t)";"";"";"";"";"";"-";"";"";"";"";"";"";"";"";"";"";"";"";"";"";""
"Buriti Alegre";"Produção de Filito (t)";"";"";"";"";"";"-";"";"";"";"";"";"";"";"";"";"";"";"";"";"";""
"Buriti Alegre";"Produção de Fosfato (t)";"";"";"";"";"";"-";"";"";"";"";"";"";"";"";"";"";"";"";"";"";""
"Buriti Alegre";"Produção de Manganês (t)";"";"";"";"";"";"-";"";"";"";"";"";"";"";"";"";"";"";"";"";"";""
"Buriti Alegre";"Produção de Nióbio (t)";"";"";"";"";"";"-";"";"";"";"";"";"";"";"";"";"";"";"";"";"";""
"Buriti Alegre";"Produção de Níquel (t)";"";"";"";"";"";"-";"";"";"";"";"";"";"";"";"";"";"";"";"";"";""
"Buriti de Goiás";"Produção de Calcário para Rações (t)";"";"";"";"";"";"-";"";"";"";"";"";"";"";"";"";"";"";"";"";"";""
"Buriti de Goiás";"Produção de Cascalho ()";"";"";"";"";"";"-";"";"";"";"";"";"";"";"";"";"";"";"";"";"";""
"Buriti de Goiás";"Produção de Caulim (t)";"";"";"";"";"";"-";"";"";"";"";"";"";"";"";"";"";"";"";"";"";""
"Buriti de Goiás";"Produção de Caulim para Cerâmica Branca (t)";"";"";"";"";"";"-";"";"";"";"";"";"";"";"";"";"";"";"";"";"";""
"Buriti de Goiás";"Produção de Cobalto (t)";"";"";"";"";"";"-";"";"";"";"";"";"";"";"";"";"";"";"";"";"";""
"Buriti de Goiás";"Produção de Cobre (t)";"";"";"";"";"";"-";"";"";"";"";"";"";"";"";"";"";"";"";"";"";""
"Buriti de Goiás";"Produção de Diamante (ct)";"";"";"";"";"";"-";"";"";"";"";"";"";"";"";"";"";"";"";"";"";""
"Buriti de Goiás";"Produção de Esmeralda (kg)";"";"-";"-";"-";"-";"-";"";"";"";"";"";"";"";"";"";"";"";"";"";"";""
"Buriti de Goiás";"Produção de Ferro para Cimento (t)";"";"";"";"";"";"-";"";"";"";"";"";"";"";"";"";"";"";"";"";"";""
"Buriti de Goiás";"Produção de Filito (t)";"";"";"";"";"";"-";"";"";"";"";"";"";"";"";"";"";"";"";"";"";""
"Buriti de Goiás";"Produção de Fosfato (t)";"";"";"";"";"";"-";"";"";"";"";"";"";"";"";"";"";"";"";"";"";""
"Buriti de Goiás";"Produção de Manganês (t)";"";"";"";"";"";"-";"";"";"";"";"";"";"";"";"";"";"";"";"";"";""
"Buriti de Goiás";"Produção de Nióbio (t)";"";"";"";"";"";"-";"";"";"";"";"";"";"";"";"";"";"";"";"";"";""
"Buriti de Goiás";"Produção de Níquel (t)";"";"";"";"";"";"-";"";"";"";"";"";"";"";"";"";"";"";"";"";"";""
"Buritinópolis";"Produção de Calcário para Rações (t)";"";"";"";"";"";"-";"";"";"";"";"";"";"";"";"";"";"";"";"";"";""
"Buritinópolis";"Produção de Cascalho ()";"";"";"";"";"";"-";"";"";"";"";"";"";"";"";"";"";"";"";"";"";""
"Buritinópolis";"Produção de Caulim (t)";"";"";"";"";"";"-";"";"";"";"";"";"";"";"";"";"";"";"";"";"";""
"Buritinópolis";"Produção de Caulim para Cerâmica Branca (t)";"";"";"";"";"";"-";"";"";"";"";"";"";"";"";"";"";"";"";"";"";""
"Buritinópolis";"Produção de Cobalto (t)";"";"";"";"";"";"-";"";"";"";"";"";"";"";"";"";"";"";"";"";"";""
"Buritinópolis";"Produção de Cobre (t)";"";"";"";"";"";"-";"";"";"";"";"";"";"";"";"";"";"";"";"";"";""
"Buritinópolis";"Produção de Diamante (ct)";"";"";"";"";"";"-";"";"";"";"";"";"";"";"";"";"";"";"";"";"";""
"Buritinópolis";"Produção de Esmeralda (kg)";"";"-";"-";"-";"-";"-";"";"";"";"";"";"";"";"";"";"";"";"";"";"";""
"Buritinópolis";"Produção de Ferro para Cimento (t)";"";"";"";"";"";"-";"";"";"";"";"";"";"";"";"";"";"";"";"";"";""
"Buritinópolis";"Produção de Filito (t)";"";"";"";"";"";"-";"";"";"";"";"";"";"";"";"";"";"";"";"";"";""
"Buritinópolis";"Produção de Fosfato (t)";"";"";"";"";"";"-";"";"";"";"";"";"";"";"";"";"";"";"";"";"";""
"Buritinópolis";"Produção de Manganês (t)";"";"";"";"";"";"-";"";"";"";"";"";"";"";"";"";"";"";"";"";"";""
"Buritinópolis";"Produção de Nióbio (t)";"";"";"";"";"";"-";"";"";"";"";"";"";"";"";"";"";"";"";"";"";""
"Buritinópolis";"Produção de Níquel (t)";"";"";"";"";"";"-";"";"";"";"";"";"";"";"";"";"";"";"";"";"";""
"Cabeceiras";"Produção de Calcário para Rações (t)";"";"";"";"";"";"-";"";"";"";"";"";"";"";"";"";"";"";"";"";"";""
"Cabeceiras";"Produção de Cascalho ()";"";"";"";"";"";"-";"";"";"";"";"";"";"";"";"";"";"";"";"";"";""
"Cabeceiras";"Produção de Caulim (t)";"";"";"";"";"";"-";"";"";"";"";"";"";"";"";"";"";"";"";"";"";""
"Cabeceiras";"Produção de Caulim para Cerâmica Branca (t)";"";"";"";"";"";"-";"";"";"";"";"";"";"";"";"";"";"";"";"";"";""
"Cabeceiras";"Produção de Cobalto (t)";"";"";"";"";"";"-";"";"";"";"";"";"";"";"";"";"";"";"";"";"";""
"Cabeceiras";"Produção de Cobre (t)";"";"";"";"";"";"-";"";"";"";"";"";"";"";"";"";"";"";"";"";"";""
"Cabeceiras";"Produção de Diamante (ct)";"";"";"";"";"";"-";"";"";"";"";"";"";"";"";"";"";"";"";"";"";""
"Cabeceiras";"Produção de Esmeralda (kg)";"";"-";"-";"-";"-";"-";"";"";"";"";"";"";"";"";"";"";"";"";"";"";""
"Cabeceiras";"Produção de Ferro para Cimento (t)";"";"";"";"";"";"-";"";"";"";"";"";"";"";"";"";"";"";"";"";"";""
"Cabeceiras";"Produção de Filito (t)";"";"";"";"";"";"-";"";"";"";"";"";"";"";"";"";"";"";"";"";"";""
"Cabeceiras";"Produção de Fosfato (t)";"";"";"";"";"";"-";"";"";"";"";"";"";"";"";"";"";"";"";"";"";""
"Cabeceiras";"Produção de Manganês (t)";"";"";"";"";"";"-";"";"";"";"";"";"";"";"";"";"";"";"";"";"";""
"Cabeceiras";"Produção de Nióbio (t)";"";"";"";"";"";"-";"";"";"";"";"";"";"";"";"";"";"";"";"";"";""
"Cabeceiras";"Produção de Níquel (t)";"";"";"";"";"";"-";"";"";"";"";"";"";"";"";"";"";"";"";"";"";""
"Cachoeira Alta";"Produção de Calcário para Rações (t)";"";"";"";"";"";"-";"";"";"";"";"";"";"";"";"";"";"";"";"";"";""
"Cachoeira Alta";"Produção de Cascalho ()";"";"";"";"";"";"-";"";"";"";"";"";"";"";"";"";"";"";"";"";"";""
"Cachoeira Alta";"Produção de Caulim (t)";"";"";"";"";"";"-";"";"";"";"";"";"";"";"";"";"";"";"";"";"";""
"Cachoeira Alta";"Produção de Caulim para Cerâmica Branca (t)";"";"";"";"";"";"-";"";"";"";"";"";"";"";"";"";"";"";"";"";"";""
"Cachoeira Alta";"Produção de Cobalto (t)";"";"";"";"";"";"-";"";"";"";"";"";"";"";"";"";"";"";"";"";"";""
"Cachoeira Alta";"Produção de Cobre (t)";"";"";"";"";"";"-";"";"";"";"";"";"";"";"";"";"";"";"";"";"";""
"Cachoeira Alta";"Produção de Diamante (ct)";"";"";"";"";"";"-";"";"";"";"";"";"";"";"";"";"";"";"";"";"";""
"Cachoeira Alta";"Produção de Esmeralda (kg)";"";"-";"-";"-";"-";"-";"";"";"";"";"";"";"";"";"";"";"";"";"";"";""
"Cachoeira Alta";"Produção de Ferro para Cimento (t)";"";"";"";"";"";"-";"";"";"";"";"";"";"";"";"";"";"";"";"";"";""
"Cachoeira Alta";"Produção de Filito (t)";"";"";"";"";"";"-";"";"";"";"";"";"";"";"";"";"";"";"";"";"";""
"Cachoeira Alta";"Produção de Fosfato (t)";"";"";"";"";"";"-";"";"";"";"";"";"";"";"";"";"";"";"";"";"";""
"Cachoeira Alta";"Produção de Manganês (t)";"";"";"";"";"";"-";"";"";"";"";"";"";"";"";"";"";"";"";"";"";""
"Cachoeira Alta";"Produção de Nióbio (t)";"";"";"";"";"";"-";"";"";"";"";"";"";"";"";"";"";"";"";"";"";""
"Cachoeira Alta";"Produção de Níquel (t)";"";"";"";"";"";"-";"";"";"";"";"";"";"";"";"";"";"";"";"";"";""
"Cachoeira de Goiás";"Produção de Calcário para Rações (t)";"";"";"";"";"";"-";"";"";"";"";"";"";"";"";"";"";"";"";"";"";""
"Cachoeira de Goiás";"Produção de Cascalho ()";"";"";"";"";"";"-";"";"";"";"";"";"";"";"";"";"";"";"";"";"";""
"Cachoeira de Goiás";"Produção de Caulim (t)";"";"";"";"";"";"-";"";"";"";"";"";"";"";"";"";"";"";"";"";"";""
"Cachoeira de Goiás";"Produção de Caulim para Cerâmica Branca (t)";"";"";"";"";"";"-";"";"";"";"";"";"";"";"";"";"";"";"";"";"";""
"Cachoeira de Goiás";"Produção de Cobalto (t)";"";"";"";"";"";"-";"";"";"";"";"";"";"";"";"";"";"";"";"";"";""
"Cachoeira de Goiás";"Produção de Cobre (t)";"";"";"";"";"";"-";"";"";"";"";"";"";"";"";"";"";"";"";"";"";""
"Cachoeira de Goiás";"Produção de Diamante (ct)";"";"";"";"";"";"-";"";"";"";"";"";"";"";"";"";"";"";"";"";"";""
"Cachoeira de Goiás";"Produção de Esmeralda (kg)";"";"-";"-";"-";"-";"-";"";"";"";"";"";"";"";"";"";"";"";"";"";"";""
"Cachoeira de Goiás";"Produção de Ferro para Cimento (t)";"";"";"";"";"";"-";"";"";"";"";"";"";"";"";"";"";"";"";"";"";""
"Cachoeira de Goiás";"Produção de Filito (t)";"";"";"";"";"";"-";"";"";"";"";"";"";"";"";"";"";"";"";"";"";""
"Cachoeira de Goiás";"Produção de Fosfato (t)";"";"";"";"";"";"-";"";"";"";"";"";"";"";"";"";"";"";"";"";"";""
"Cachoeira de Goiás";"Produção de Manganês (t)";"";"";"";"";"";"-";"";"";"";"";"";"";"";"";"";"";"";"";"";"";""
"Cachoeira de Goiás";"Produção de Nióbio (t)";"";"";"";"";"";"-";"";"";"";"";"";"";"";"";"";"";"";"";"";"";""
"Cachoeira de Goiás";"Produção de Níquel (t)";"";"";"";"";"";"-";"";"";"";"";"";"";"";"";"";"";"";"";"";"";""
"Cachoeira Dourada";"Produção de Calcário para Rações (t)";"";"";"";"";"";"-";"";"";"";"";"";"";"";"";"";"";"";"";"";"";""
"Cachoeira Dourada";"Produção de Cascalho ()";"";"125";"-";"-";"";"-";"";"";"";"";"";"";"";"";"";"";"";"";"";"";""
"Cachoeira Dourada";"Produção de Caulim (t)";"";"";"";"";"";"-";"";"";"";"";"";"";"";"";"";"";"";"";"";"";""
"Cachoeira Dourada";"Produção de Caulim para Cerâmica Branca (t)";"";"";"";"";"";"-";"";"";"";"";"";"";"";"";"";"";"";"";"";"";""
"Cachoeira Dourada";"Produção de Cobalto (t)";"";"";"";"";"";"-";"";"";"";"";"";"";"";"";"";"";"";"";"";"";""
"Cachoeira Dourada";"Produção de Cobre (t)";"";"";"";"";"";"-";"";"";"";"";"";"";"";"";"";"";"";"";"";"";""
"Cachoeira Dourada";"Produção de Diamante (ct)";"";"";"";"";"";"-";"";"";"";"";"";"";"";"";"";"";"";"";"";"";""
"Cachoeira Dourada";"Produção de Esmeralda (kg)";"";"-";"-";"-";"-";"-";"";"";"";"";"";"";"";"";"";"";"";"";"";"";""
"Cachoeira Dourada";"Produção de Ferro para Cimento (t)";"";"";"";"";"";"-";"";"";"";"";"";"";"";"";"";"";"";"";"";"";""
"Cachoeira Dourada";"Produção de Filito (t)";"";"";"";"";"";"-";"";"";"";"";"";"";"";"";"";"";"";"";"";"";""
"Cachoeira Dourada";"Produção de Fosfato (t)";"";"";"";"";"";"-";"";"";"";"";"";"";"";"";"";"";"";"";"";"";""
"Cachoeira Dourada";"Produção de Manganês (t)";"";"";"";"";"";"-";"";"";"";"";"";"";"";"";"";"";"";"";"";"";""
"Cachoeira Dourada";"Produção de Nióbio (t)";"";"";"";"";"";"-";"";"";"";"";"";"";"";"";"";"";"";"";"";"";""
"Cachoeira Dourada";"Produção de Níquel (t)";"";"";"";"";"";"-";"";"";"";"";"";"";"";"";"";"";"";"";"";"";""
"Caçu";"Produção de Calcário para Rações (t)";"";"";"";"";"";"-";"";"";"";"";"";"";"";"";"";"";"";"";"";"";""
"Caçu";"Produção de Cascalho ()";"";"";"";"";"";"-";"";"";"";"";"";"";"";"";"";"";"";"";"";"";""
"Caçu";"Produção de Caulim (t)";"";"";"";"";"";"-";"";"";"";"";"";"";"";"";"";"";"";"";"";"";""
"Caçu";"Produção de Caulim para Cerâmica Branca (t)";"";"";"";"";"";"-";"";"";"";"";"";"";"";"";"";"";"";"";"";"";""
"Caçu";"Produção de Cobalto (t)";"";"";"";"";"";"-";"";"";"";"";"";"";"";"";"";"";"";"";"";"";""
"Caçu";"Produção de Cobre (t)";"";"";"";"";"";"-";"";"";"";"";"";"";"";"";"";"";"";"";"";"";""
"Caçu";"Produção de Diamante (ct)";"";"";"";"";"";"-";"";"";"";"";"";"";"";"";"";"";"";"";"";"";""
"Caçu";"Produção de Esmeralda (kg)";"";"-";"-";"-";"-";"-";"";"";"";"";"";"";"";"";"";"";"";"";"";"";""
"Caçu";"Produção de Ferro para Cimento (t)";"";"";"";"";"";"-";"";"";"";"";"";"";"";"";"";"";"";"";"";"";""
"Caçu";"Produção de Filito (t)";"";"";"";"";"";"-";"";"";"";"";"";"";"";"";"";"";"";"";"";"";""
"Caçu";"Produção de Fosfato (t)";"";"";"";"";"";"-";"";"";"";"";"";"";"";"";"";"";"";"";"";"";""
"Caçu";"Produção de Manganês (t)";"";"";"";"";"";"-";"";"";"";"";"";"";"";"";"";"";"";"";"";"";""
"Caçu";"Produção de Nióbio (t)";"";"";"";"";"";"-";"";"";"";"";"";"";"";"";"";"";"";"";"";"";""
"Caçu";"Produção de Níquel (t)";"";"";"";"";"";"-";"";"";"";"";"";"";"";"";"";"";"";"";"";"";""
"Caiapônia";"Produção de Calcário para Rações (t)";"";"";"";"";"";"-";"";"";"";"";"";"";"";"";"";"";"";"";"";"";""
"Caiapônia";"Produção de Cascalho ()";"";"";"";"";"";"-";"";"";"";"";"";"";"";"";"";"";"";"";"";"";""
"Caiapônia";"Produção de Caulim (t)";"";"";"";"";"";"-";"";"";"";"";"";"";"";"";"";"";"";"";"";"";""
"Caiapônia";"Produção de Caulim para Cerâmica Branca (t)";"";"";"";"";"";"-";"";"";"";"";"";"";"";"";"";"";"";"";"";"";""
"Caiapônia";"Produção de Cobalto (t)";"";"";"";"";"";"-";"";"";"";"";"";"";"";"";"";"";"";"";"";"";""
"Caiapônia";"Produção de Cobre (t)";"";"";"";"";"";"-";"";"";"";"";"";"";"";"";"";"";"";"";"";"";""
"Caiapônia";"Produção de Diamante (ct)";"";"";"";"";"";"-";"";"";"";"";"";"";"";"";"";"";"";"";"";"";""
"Caiapônia";"Produção de Esmeralda (kg)";"";"-";"-";"-";"-";"-";"";"";"";"";"";"";"";"";"";"";"";"";"";"";""
"Caiapônia";"Produção de Ferro para Cimento (t)";"";"";"";"";"";"-";"";"";"";"";"";"";"";"";"";"";"";"";"";"";""
"Caiapônia";"Produção de Filito (t)";"";"";"";"";"";"-";"";"";"";"";"";"";"";"";"";"";"";"";"";"";""
"Caiapônia";"Produção de Fosfato (t)";"";"";"";"";"";"-";"";"";"";"";"";"";"";"";"";"";"";"";"";"";""
"Caiapônia";"Produção de Manganês (t)";"";"";"";"";"";"-";"";"";"";"";"";"";"";"";"";"";"";"";"";"";""
"Caiapônia";"Produção de Nióbio (t)";"";"";"";"";"";"-";"";"";"";"";"";"";"";"";"";"";"";"";"";"";""
"Caiapônia";"Produção de Níquel (t)";"";"";"";"";"";"-";"";"";"";"";"";"";"";"";"";"";"";"";"";"";""
"Caldas Novas";"Produção de Calcário para Rações (t)";"";"";"";"";"";"-";"";"";"";"";"";"";"";"";"";"";"";"";"";"";""
"Caldas Novas";"Produção de Cascalho ()";"";"";"";"";"";"5.996";"";"";"8.691";"12.950";"";"";"";"";"";"";"";"";"";"";""
"Caldas Novas";"Produção de Caulim (t)";"";"";"";"";"";"-";"";"";"";"";"";"";"";"";"";"";"";"";"";"";""
"Caldas Novas";"Produção de Caulim para Cerâmica Branca (t)";"";"";"";"";"";"-";"";"";"";"";"";"";"";"";"";"";"";"";"";"";""
"Caldas Novas";"Produção de Cobalto (t)";"";"";"";"";"";"-";"";"";"";"";"";"";"";"";"";"";"";"";"";"";""
"Caldas Novas";"Produção de Cobre (t)";"";"";"";"";"";"-";"";"";"";"";"";"";"";"";"";"";"";"";"";"";""
"Caldas Novas";"Produção de Diamante (ct)";"";"";"";"";"";"-";"";"";"";"";"";"";"";"";"";"";"";"";"";"";""
"Caldas Novas";"Produção de Esmeralda (kg)";"";"-";"-";"-";"-";"-";"";"";"";"";"";"";"";"";"";"";"";"";"";"";""
"Caldas Novas";"Produção de Ferro para Cimento (t)";"";"";"";"";"";"-";"";"";"";"";"";"";"";"";"";"";"";"";"";"";""
"Caldas Novas";"Produção de Filito (t)";"";"";"";"";"";"-";"";"";"";"";"";"";"";"";"";"";"";"";"";"";""
"Caldas Novas";"Produção de Fosfato (t)";"";"";"";"";"";"-";"";"";"";"";"";"";"";"";"";"";"";"";"";"";""
"Caldas Novas";"Produção de Manganês (t)";"";"";"";"";"";"-";"";"";"";"";"";"";"";"";"";"";"";"";"";"";""
"Caldas Novas";"Produção de Nióbio (t)";"";"";"";"";"";"-";"";"";"";"";"";"";"";"";"";"";"";"";"";"";""
"Caldas Novas";"Produção de Níquel (t)";"";"";"";"";"";"-";"";"";"";"";"";"";"";"";"";"";"";"";"";"";""
"Caldazinha";"Produção de Calcário para Rações (t)";"";"";"";"";"";"-";"";"";"";"";"";"";"";"";"";"";"";"";"";"";""
"Caldazinha";"Produção de Cascalho ()";"";"";"";"";"";"-";"";"";"";"";"";"";"";"";"";"";"";"";"";"";""
"Caldazinha";"Produção de Caulim (t)";"";"";"";"";"";"-";"";"";"";"";"";"";"";"";"";"";"";"";"";"";""
"Caldazinha";"Produção de Caulim para Cerâmica Branca (t)";"";"";"";"";"";"-";"";"";"";"";"";"";"";"";"";"";"";"";"";"";""
"Caldazinha";"Produção de Cobalto (t)";"";"";"";"";"";"-";"";"";"";"";"";"";"";"";"";"";"";"";"";"";""
"Caldazinha";"Produção de Cobre (t)";"";"";"";"";"";"-";"";"";"";"";"";"";"";"";"";"";"";"";"";"";""
"Caldazinha";"Produção de Diamante (ct)";"";"";"";"";"";"-";"";"";"";"";"";"";"";"";"";"";"";"";"";"";""
"Caldazinha";"Produção de Esmeralda (kg)";"";"-";"-";"-";"-";"-";"";"";"";"";"";"";"";"";"";"";"";"";"";"";""
"Caldazinha";"Produção de Ferro para Cimento (t)";"";"";"";"";"";"-";"";"";"";"";"";"";"";"";"";"";"";"";"";"";""
"Caldazinha";"Produção de Filito (t)";"";"";"";"";"";"-";"";"";"";"";"";"";"";"";"";"";"";"";"";"";""
"Caldazinha";"Produção de Fosfato (t)";"";"";"";"";"";"-";"";"";"";"";"";"";"";"";"";"";"";"";"";"";""
"Caldazinha";"Produção de Manganês (t)";"";"";"";"";"";"-";"";"";"";"";"";"";"";"";"";"";"";"";"";"";""
"Caldazinha";"Produção de Nióbio (t)";"";"";"";"";"";"-";"";"";"";"";"";"";"";"";"";"";"";"";"";"";""
"Caldazinha";"Produção de Níquel (t)";"";"";"";"";"";"-";"";"";"";"";"";"";"";"";"";"";"";"";"";"";""
"Campestre de Goiás";"Produção de Calcário para Rações (t)";"";"";"";"";"";"-";"";"";"";"";"";"";"";"";"";"";"";"";"";"";""
"Campestre de Goiás";"Produção de Cascalho ()";"";"";"";"";"";"-";"";"";"";"";"";"";"";"";"";"";"";"";"";"";""
"Campestre de Goiás";"Produção de Caulim (t)";"";"";"";"";"";"-";"";"";"";"";"";"";"";"";"";"";"";"";"";"";""
"Campestre de Goiás";"Produção de Caulim para Cerâmica Branca (t)";"";"";"";"";"";"-";"";"";"";"";"";"";"";"";"";"";"";"";"";"";""
"Campestre de Goiás";"Produção de Cobalto (t)";"";"";"";"";"";"-";"";"";"";"";"";"";"";"";"";"";"";"";"";"";""
"Campestre de Goiás";"Produção de Cobre (t)";"";"";"";"";"";"-";"";"";"";"";"";"";"";"";"";"";"";"";"";"";""
"Campestre de Goiás";"Produção de Diamante (ct)";"";"";"";"";"";"-";"";"";"";"";"";"";"";"";"";"";"";"";"";"";""
"Campestre de Goiás";"Produção de Esmeralda (kg)";"";"-";"-";"-";"-";"-";"";"";"";"";"";"";"";"";"";"";"";"";"";"";""
"Campestre de Goiás";"Produção de Ferro para Cimento (t)";"";"";"";"";"";"-";"";"";"";"";"";"";"";"";"";"";"";"";"";"";""
"Campestre de Goiás";"Produção de Filito (t)";"";"";"";"";"";"-";"";"";"";"";"";"";"";"";"";"";"";"";"";"";""
"Campestre de Goiás";"Produção de Fosfato (t)";"";"";"";"";"";"-";"";"";"";"";"";"";"";"";"";"";"";"";"";"";""
"Campestre de Goiás";"Produção de Manganês (t)";"";"";"";"";"";"-";"";"";"";"";"";"";"";"";"";"";"";"";"";"";""
"Campestre de Goiás";"Produção de Nióbio (t)";"";"";"";"";"";"-";"";"";"";"";"";"";"";"";"";"";"";"";"";"";""
"Campestre de Goiás";"Produção de Níquel (t)";"";"";"";"";"";"-";"";"";"";"";"";"";"";"";"";"";"";"";"";"";""
"Campinaçu";"Produção de Calcário para Rações (t)";"";"";"";"";"";"-";"";"";"";"";"";"";"";"";"";"";"";"";"";"";""
"Campinaçu";"Produção de Cascalho ()";"";"";"";"";"";"-";"";"";"";"";"";"";"";"";"";"";"";"";"";"";""
"Campinaçu";"Produção de Caulim (t)";"";"";"";"";"";"-";"";"";"";"";"";"";"";"";"";"";"";"";"";"";""
"Campinaçu";"Produção de Caulim para Cerâmica Branca (t)";"";"";"";"";"";"-";"";"";"";"";"";"";"";"";"";"";"";"";"";"";""
"Campinaçu";"Produção de Cobalto (t)";"";"";"";"";"";"-";"";"";"";"";"";"";"";"";"";"";"";"";"";"";""
"Campinaçu";"Produção de Cobre (t)";"";"";"";"";"";"-";"";"";"";"";"";"";"";"";"";"";"";"";"";"";""
"Campinaçu";"Produção de Diamante (ct)";"";"";"";"";"";"-";"";"";"";"";"";"";"";"";"";"";"";"";"";"";""
"Campinaçu";"Produção de Esmeralda (kg)";"";"-";"-";"-";"-";"-";"";"";"";"";"";"";"";"";"";"";"";"";"";"";""
"Campinaçu";"Produção de Ferro para Cimento (t)";"";"";"";"";"";"-";"";"";"";"";"";"";"";"";"";"";"";"";"";"";""
"Campinaçu";"Produção de Filito (t)";"";"";"";"";"";"-";"";"";"";"";"";"";"";"";"";"";"";"";"";"";""
"Campinaçu";"Produção de Fosfato (t)";"";"";"";"";"";"-";"";"";"";"";"";"";"";"";"";"";"";"";"";"";""
"Campinaçu";"Produção de Manganês (t)";"";"";"";"";"";"-";"";"";"";"";"";"";"";"";"";"";"";"";"";"";""
"Campinaçu";"Produção de Nióbio (t)";"";"";"";"";"";"-";"";"";"";"";"";"";"";"";"";"";"";"";"";"";""
"Campinaçu";"Produção de Níquel (t)";"";"";"";"";"";"-";"";"";"";"";"";"";"";"";"";"";"";"";"";"";""
"Campinorte";"Produção de Calcário para Rações (t)";"";"";"";"";"";"-";"";"";"";"";"";"";"";"";"";"";"";"";"";"";""
"Campinorte";"Produção de Cascalho ()";"";"";"";"";"";"-";"";"";"";"";"";"";"";"";"";"";"";"";"";"";""
"Campinorte";"Produção de Caulim (t)";"";"";"";"";"";"-";"";"";"";"";"";"";"";"";"";"";"";"";"";"";""
"Campinorte";"Produção de Caulim para Cerâmica Branca (t)";"";"";"";"";"";"-";"";"";"";"";"";"";"";"";"";"";"";"";"";"";""
"Campinorte";"Produção de Cobalto (t)";"";"";"";"";"";"-";"";"";"";"";"";"";"";"";"";"";"";"";"";"";""
"Campinorte";"Produção de Cobre (t)";"";"";"";"";"";"-";"";"";"";"";"";"";"";"";"";"";"";"";"";"";""
"Campinorte";"Produção de Diamante (ct)";"";"";"";"";"";"-";"";"";"";"";"";"";"";"";"";"";"";"";"";"";""
"Campinorte";"Produção de Esmeralda (kg)";"";"-";"-";"-";"-";"-";"";"";"";"";"";"";"";"";"";"";"";"";"";"";""
"Campinorte";"Produção de Ferro para Cimento (t)";"";"";"";"";"";"-";"";"";"";"";"";"";"";"";"";"";"";"";"";"";""
"Campinorte";"Produção de Filito (t)";"";"";"";"";"";"-";"";"";"";"";"";"";"";"";"";"";"";"";"";"";""
"Campinorte";"Produção de Fosfato (t)";"";"";"";"";"";"-";"";"";"";"";"";"";"";"";"";"";"";"";"";"";""
"Campinorte";"Produção de Manganês (t)";"";"";"";"";"";"-";"";"";"";"";"";"";"";"";"";"";"";"";"";"";""
"Campinorte";"Produção de Nióbio (t)";"";"";"";"";"";"-";"";"";"";"";"";"";"";"";"";"";"";"";"";"";""
"Campinorte";"Produção de Níquel (t)";"";"";"";"";"";"-";"";"";"";"";"";"";"";"";"";"";"";"";"";"";""
"Campo Alegre de Goiás";"Produção de Calcário para Rações (t)";"";"";"";"";"";"-";"";"";"";"";"";"";"";"";"";"";"";"";"";"";""
"Campo Alegre de Goiás";"Produção de Cascalho ()";"";"";"";"";"";"-";"";"";"";"";"";"";"";"";"";"";"";"";"";"";""
"Campo Alegre de Goiás";"Produção de Caulim (t)";"";"";"";"";"";"-";"";"";"";"";"";"";"";"";"";"";"";"";"";"";""
"Campo Alegre de Goiás";"Produção de Caulim para Cerâmica Branca (t)";"";"";"";"";"";"-";"";"";"";"";"";"";"";"";"";"";"";"";"";"";""
"Campo Alegre de Goiás";"Produção de Cobalto (t)";"";"";"";"";"";"-";"";"";"";"";"";"";"";"";"";"";"";"";"";"";""
"Campo Alegre de Goiás";"Produção de Cobre (t)";"";"";"";"";"";"-";"";"";"";"";"";"";"";"";"";"";"";"";"";"";""
"Campo Alegre de Goiás";"Produção de Diamante (ct)";"";"-";"3";"-";"";"-";"";"";"";"";"";"";"";"";"";"";"";"";"";"";""
"Campo Alegre de Goiás";"Produção de Esmeralda (kg)";"";"-";"-";"-";"-";"-";"";"";"";"";"";"";"";"";"";"";"";"";"";"";""
"Campo Alegre de Goiás";"Produção de Ferro para Cimento (t)";"";"";"";"";"";"-";"";"";"";"";"";"";"";"";"";"";"";"";"";"";""
"Campo Alegre de Goiás";"Produção de Filito (t)";"";"";"";"";"";"-";"";"";"";"";"";"";"";"";"";"";"";"";"";"";""
"Campo Alegre de Goiás";"Produção de Fosfato (t)";"";"";"";"";"";"-";"";"";"";"";"";"";"";"";"";"";"";"";"";"";""
"Campo Alegre de Goiás";"Produção de Manganês (t)";"";"";"";"";"";"-";"";"";"";"";"";"";"";"";"";"";"";"";"";"";""
"Campo Alegre de Goiás";"Produção de Nióbio (t)";"";"";"";"";"";"-";"";"";"";"";"";"";"";"";"";"";"";"";"";"";""
"Campo Alegre de Goiás";"Produção de Níquel (t)";"";"";"";"";"";"-";"";"";"";"";"";"";"";"";"";"";"";"";"";"";""
"Campo Limpo de Goiás";"Produção de Calcário para Rações (t)";"";"";"";"";"";"-";"";"";"";"";"";"";"";"";"";"";"";"";"";"";""
"Campo Limpo de Goiás";"Produção de Cascalho ()";"";"";"";"";"";"-";"";"";"";"";"";"";"";"";"";"";"";"";"";"";""
"Campo Limpo de Goiás";"Produção de Caulim (t)";"";"";"";"";"";"-";"";"";"";"";"";"";"";"";"";"";"";"";"";"";""
"Campo Limpo de Goiás";"Produção de Caulim para Cerâmica Branca (t)";"";"";"";"";"";"-";"";"";"";"";"";"";"";"";"";"";"";"";"";"";""
"Campo Limpo de Goiás";"Produção de Cobalto (t)";"";"";"";"";"";"-";"";"";"";"";"";"";"";"";"";"";"";"";"";"";""
"Campo Limpo de Goiás";"Produção de Cobre (t)";"";"";"";"";"";"-";"";"";"";"";"";"";"";"";"";"";"";"";"";"";""
"Campo Limpo de Goiás";"Produção de Diamante (ct)";"";"";"";"";"";"-";"";"";"";"";"";"";"";"";"";"";"";"";"";"";""
"Campo Limpo de Goiás";"Produção de Esmeralda (kg)";"";"-";"-";"-";"-";"-";"";"";"";"";"";"";"";"";"";"";"";"";"";"";""
"Campo Limpo de Goiás";"Produção de Ferro para Cimento (t)";"";"";"";"";"";"-";"";"";"";"";"";"";"";"";"";"";"";"";"";"";""
"Campo Limpo de Goiás";"Produção de Filito (t)";"";"";"";"";"";"-";"";"";"";"";"";"";"";"";"";"";"";"";"";"";""
"Campo Limpo de Goiás";"Produção de Fosfato (t)";"";"";"";"";"";"-";"";"";"";"";"";"";"";"";"";"";"";"";"";"";""
"Campo Limpo de Goiás";"Produção de Manganês (t)";"";"";"";"";"";"-";"";"";"";"";"";"";"";"";"";"";"";"";"";"";""
"Campo Limpo de Goiás";"Produção de Nióbio (t)";"";"";"";"";"";"-";"";"";"";"";"";"";"";"";"";"";"";"";"";"";""
"Campo Limpo de Goiás";"Produção de Níquel (t)";"";"";"";"";"";"-";"";"";"";"";"";"";"";"";"";"";"";"";"";"";""
"Campos Belos";"Produção de Calcário para Rações (t)";"";"";"";"";"";"-";"";"";"";"";"";"";"";"";"";"";"";"";"";"";""
"Campos Belos";"Produção de Cascalho ()";"";"";"";"";"";"-";"";"";"";"";"";"";"";"";"";"";"";"";"";"";""
"Campos Belos";"Produção de Caulim (t)";"";"";"";"";"";"-";"";"";"";"";"";"";"";"";"";"";"";"";"";"";""
"Campos Belos";"Produção de Caulim para Cerâmica Branca (t)";"";"";"";"";"";"-";"";"";"";"";"";"";"";"";"";"";"";"";"";"";""
"Campos Belos";"Produção de Cobalto (t)";"";"";"";"";"";"-";"";"";"";"";"";"";"";"";"";"";"";"";"";"";""
"Campos Belos";"Produção de Cobre (t)";"";"";"";"";"";"-";"";"";"";"";"";"";"";"";"";"";"";"";"";"";""
"Campos Belos";"Produção de Diamante (ct)";"";"";"";"";"";"-";"";"";"";"";"";"";"";"";"";"";"";"";"";"";""
"Campos Belos";"Produção de Esmeralda (kg)";"";"-";"-";"-";"-";"-";"";"";"";"";"";"";"";"";"";"";"";"";"";"";""
"Campos Belos";"Produção de Ferro para Cimento (t)";"";"";"";"";"";"-";"";"";"";"";"";"";"";"";"";"";"";"";"";"";""
"Campos Belos";"Produção de Filito (t)";"";"";"";"";"";"-";"";"";"";"";"";"";"";"";"";"";"";"";"";"";""
"Campos Belos";"Produção de Fosfato (t)";"";"";"";"";"";"-";"";"";"";"";"";"";"";"";"";"";"";"";"";"";""
"Campos Belos";"Produção de Manganês (t)";"";"";"";"";"";"-";"";"";"";"";"";"";"";"";"";"";"";"";"";"";""
"Campos Belos";"Produção de Nióbio (t)";"";"";"";"";"";"-";"";"";"";"";"";"";"";"";"";"";"";"";"";"";""
"Campos Belos";"Produção de Níquel (t)";"";"";"";"";"";"-";"";"";"";"";"";"";"";"";"";"";"";"";"";"";""
"Campos Verdes";"Produção de Calcário para Rações (t)";"";"";"";"";"";"-";"";"";"";"";"";"";"";"";"";"";"";"";"";"";""
"Campos Verdes";"Produção de Cascalho ()";"";"";"";"";"";"-";"";"";"";"";"";"";"";"";"";"";"";"";"";"";""
"Campos Verdes";"Produção de Caulim (t)";"";"";"";"";"";"-";"";"";"";"";"";"";"";"";"";"";"";"";"";"";""
"Campos Verdes";"Produção de Caulim para Cerâmica Branca (t)";"";"";"";"";"";"-";"";"";"";"";"";"";"";"";"";"";"";"";"";"";""
"Campos Verdes";"Produção de Cobalto (t)";"";"";"";"";"";"-";"";"";"";"";"";"";"";"";"";"";"";"";"";"";""
"Campos Verdes";"Produção de Cobre (t)";"";"";"";"";"";"-";"";"";"";"";"";"";"";"";"";"";"";"";"";"";""
"Campos Verdes";"Produção de Diamante (ct)";"";"";"";"";"";"-";"";"";"";"";"";"";"";"";"";"";"";"";"";"";""
"Campos Verdes";"Produção de Esmeralda (kg)";"";"6.726";"8.275";"10.229";"6.571";"218";"";"";"";"";"";"0";"";"";"";"";"";"";"";"";""
"Campos Verdes";"Produção de Ferro para Cimento (t)";"";"";"";"";"";"-";"";"";"";"";"";"";"";"";"";"";"";"";"";"";""
"Campos Verdes";"Produção de Filito (t)";"";"";"";"";"";"-";"";"";"";"";"";"";"";"";"";"";"";"";"";"";""
"Campos Verdes";"Produção de Fosfato (t)";"";"";"";"";"";"-";"";"";"";"";"";"";"";"";"";"";"";"";"";"";""
"Campos Verdes";"Produção de Manganês (t)";"";"";"";"";"";"-";"";"";"";"";"";"";"";"";"";"";"";"";"";"";""
"Campos Verdes";"Produção de Nióbio (t)";"";"";"";"";"";"-";"";"";"";"";"";"";"";"";"";"";"";"";"";"";""
"Campos Verdes";"Produção de Níquel (t)";"";"";"";"";"";"-";"";"";"";"";"";"";"";"";"";"";"";"";"";"";""
"Carmo do Rio Verde";"Produção de Calcário para Rações (t)";"";"";"";"";"";"-";"";"";"";"";"";"";"";"";"";"";"";"";"";"";""
"Carmo do Rio Verde";"Produção de Cascalho ()";"";"";"";"";"";"-";"1.693";"";"";"";"";"";"";"";"";"";"";"";"";"";""
"Carmo do Rio Verde";"Produção de Caulim (t)";"";"";"";"";"";"-";"";"";"";"";"";"";"";"";"";"";"";"";"";"";""
"Carmo do Rio Verde";"Produção de Caulim para Cerâmica Branca (t)";"";"";"";"";"";"-";"";"";"";"";"";"";"";"";"";"";"";"";"";"";""
"Carmo do Rio Verde";"Produção de Cobalto (t)";"";"";"";"";"";"-";"";"";"";"";"";"";"";"";"";"";"";"";"";"";""
"Carmo do Rio Verde";"Produção de Cobre (t)";"";"";"";"";"";"-";"";"";"";"";"";"";"";"";"";"";"";"";"";"";""
"Carmo do Rio Verde";"Produção de Diamante (ct)";"";"";"";"";"";"-";"";"";"";"";"";"";"";"";"";"";"";"";"";"";""
"Carmo do Rio Verde";"Produção de Esmeralda (kg)";"";"-";"-";"-";"-";"-";"";"";"";"";"";"";"";"";"";"";"";"";"";"";""
"Carmo do Rio Verde";"Produção de Ferro para Cimento (t)";"";"";"";"";"";"-";"";"";"";"";"";"";"";"";"";"";"";"";"";"";""
"Carmo do Rio Verde";"Produção de Filito (t)";"";"";"";"";"";"-";"";"";"";"";"";"";"";"";"";"";"";"";"";"";""
"Carmo do Rio Verde";"Produção de Fosfato (t)";"";"";"";"";"";"-";"";"";"";"";"";"";"";"";"";"";"";"";"";"";""
"Carmo do Rio Verde";"Produção de Manganês (t)";"";"";"";"";"";"-";"";"";"";"";"";"";"";"";"";"";"";"";"";"";""
"Carmo do Rio Verde";"Produção de Nióbio (t)";"";"";"";"";"";"-";"";"";"";"";"";"";"";"";"";"";"";"";"";"";""
"Carmo do Rio Verde";"Produção de Níquel (t)";"";"";"";"";"";"-";"";"";"";"";"";"";"";"";"";"";"";"";"";"";""
"Castelândia";"Produção de Calcário para Rações (t)";"";"";"";"";"";"-";"";"";"";"";"";"";"";"";"";"";"";"";"";"";""
"Castelândia";"Produção de Cascalho ()";"";"";"";"";"";"-";"";"";"";"";"";"";"";"";"";"";"";"";"";"";""
"Castelândia";"Produção de Caulim (t)";"";"";"";"";"";"-";"";"";"";"";"";"";"";"";"";"";"";"";"";"";""
"Castelândia";"Produção de Caulim para Cerâmica Branca (t)";"";"";"";"";"";"-";"";"";"";"";"";"";"";"";"";"";"";"";"";"";""
"Castelândia";"Produção de Cobalto (t)";"";"";"";"";"";"-";"";"";"";"";"";"";"";"";"";"";"";"";"";"";""
"Castelândia";"Produção de Cobre (t)";"";"";"";"";"";"-";"";"";"";"";"";"";"";"";"";"";"";"";"";"";""
"Castelândia";"Produção de Diamante (ct)";"";"";"";"";"";"-";"";"";"";"";"";"";"";"";"";"";"";"";"";"";""
"Castelândia";"Produção de Esmeralda (kg)";"";"-";"-";"-";"-";"-";"";"";"";"";"";"";"";"";"";"";"";"";"";"";""
"Castelândia";"Produção de Ferro para Cimento (t)";"";"";"";"";"";"-";"";"";"";"";"";"";"";"";"";"";"";"";"";"";""
"Castelândia";"Produção de Filito (t)";"";"";"";"";"";"-";"";"";"";"";"";"";"";"";"";"";"";"";"";"";""
"Castelândia";"Produção de Fosfato (t)";"";"";"";"";"";"-";"";"";"";"";"";"";"";"";"";"";"";"";"";"";""
"Castelândia";"Produção de Manganês (t)";"";"";"";"";"";"-";"";"";"";"";"";"";"";"";"";"";"";"";"";"";""
"Castelândia";"Produção de Nióbio (t)";"";"";"";"";"";"-";"";"";"";"";"";"";"";"";"";"";"";"";"";"";""
"Castelândia";"Produção de Níquel (t)";"";"";"";"";"";"-";"";"";"";"";"";"";"";"";"";"";"";"";"";"";""
"Catalão";"Produção de Calcário para Rações (t)";"";"";"";"";"";"-";"";"";"";"";"";"";"";"";"";"";"";"";"";"";""
"Catalão";"Produção de Cascalho ()";"";"-";"30";" 1.452 ";"301";"8.283";"";"10.942";"24.109";"4.800";"3.225";"8.125";"";"";"";"";"";"";"";"";""
"Catalão";"Produção de Caulim (t)";"";"";"";"";"";"-";"";"";"";"";"";"";"";"";"";"";"";"";"";"";""
"Catalão";"Produção de Caulim para Cerâmica Branca (t)";"";"";"";"";"";"-";"";"";"";"";"";"";"";"";"";"";"";"";"";"";""
"Catalão";"Produção de Cobalto (t)";"";"";"";"";"";"-";"";"";"";"";"";"";"";"";"";"";"";"";"";"";""
"Catalão";"Produção de Cobre (t)";"";"";"";"";"";"-";"";"";"";"";"";"";"";"";"";"";"";"";"";"";""
"Catalão";"Produção de Diamante (ct)";"";"";"";"";"";"-";"121";"";"";"";"";"";"";"";"";"";"";"";"";"";""
"Catalão";"Produção de Esmeralda (kg)";"";"-";"-";"-";"-";"-";"";"";"";"";"";"";"";"";"";"";"";"";"";"";""
"Catalão";"Produção de Ferro para Cimento (t)";"";"";"";"";"";"-";"";"";"";"";"";"";"";"";"";"";"";"";"";"";""
"Catalão";"Produção de Filito (t)";"";"";"";"";"";"-";"";"";"";"";"";"";"";"";"";"";"";"";"";"";""
"Catalão";"Produção de Fosfato (t)";"";"1.142.382";"940.056";" 831.557 ";"1.150.296";"1.290.970";"739.771";"728.813";"2.114.619";"1.052.438";"1.000.115";"872.292";"";"";"";"";"";"";"";"";""
"Catalão";"Produção de Manganês (t)";"";"";"";"";"";"-";"";"";"";"";"";"";"";"";"";"";"";"";"";"";""
"Catalão";"Produção de Nióbio (t)";"";"7.317";"4.702";" 4.618 ";"4.610";"6.226";"4.118";"7.587";"7.361";"9.882";"";"";"";"";"";"";"";"";"";"";""
"Catalão";"Produção de Níquel (t)";"";"";"";"";"";"-";"";"";"";"";"";"";"";"";"";"";"";"";"";"";""
"Caturaí";"Produção de Calcário para Rações (t)";"";"";"";"";"";"-";"";"";"";"";"";"";"";"";"";"";"";"";"";"";""
"Caturaí";"Produção de Cascalho ()";"";"";"";"";"";"-";"";"";"";"";"";"";"";"";"";"";"";"";"";"";""
"Caturaí";"Produção de Caulim (t)";"";"";"";"";"";"-";"";"";"";"";"";"";"";"";"";"";"";"";"";"";""
"Caturaí";"Produção de Caulim para Cerâmica Branca (t)";"";"";"";"";"";"-";"";"";"";"";"";"";"";"";"";"";"";"";"";"";""
"Caturaí";"Produção de Cobalto (t)";"";"";"";"";"";"-";"";"";"";"";"";"";"";"";"";"";"";"";"";"";""
"Caturaí";"Produção de Cobre (t)";"";"";"";"";"";"-";"";"";"";"";"";"";"";"";"";"";"";"";"";"";""
"Caturaí";"Produção de Diamante (ct)";"";"";"";"";"";"-";"";"";"";"";"";"";"";"";"";"";"";"";"";"";""
"Caturaí";"Produção de Esmeralda (kg)";"";"-";"-";"-";"-";"-";"";"";"";"";"";"";"";"";"";"";"";"";"";"";""
"Caturaí";"Produção de Ferro para Cimento (t)";"";"";"";"";"";"-";"";"";"";"";"";"";"";"";"";"";"";"";"";"";""
"Caturaí";"Produção de Filito (t)";"";"";"";"";"";"-";"";"";"";"";"";"";"";"";"";"";"";"";"";"";""
"Caturaí";"Produção de Fosfato (t)";"";"";"";"";"";"-";"";"";"";"";"";"";"";"";"";"";"";"";"";"";""
"Caturaí";"Produção de Manganês (t)";"";"";"";"";"";"-";"";"";"";"";"";"";"";"";"";"";"";"";"";"";""
"Caturaí";"Produção de Nióbio (t)";"";"";"";"";"";"-";"";"";"";"";"";"";"";"";"";"";"";"";"";"";""
"Caturaí";"Produção de Níquel (t)";"";"";"";"";"";"-";"";"";"";"";"";"";"";"";"";"";"";"";"";"";""
"Cavalcante";"Produção de Calcário para Rações (t)";"";"";"";"";"";"-";"";"";"";"";"";"";"";"";"";"";"";"";"";"";""
"Cavalcante";"Produção de Cascalho ()";"";"";"";"";"";"-";"";"";"";"";"";"";"";"";"";"";"";"";"";"";""
"Cavalcante";"Produção de Caulim (t)";"";"";"";"";"";"-";"";"";"";"";"";"";"";"";"";"";"";"";"";"";""
"Cavalcante";"Produção de Caulim para Cerâmica Branca (t)";"";"";"";"";"";"-";"";"";"";"";"";"";"";"";"";"";"";"";"";"";""
"Cavalcante";"Produção de Cobalto (t)";"";"";"";"";"";"-";"";"";"";"";"";"";"";"";"";"";"";"";"";"";""
"Cavalcante";"Produção de Cobre (t)";"";"";"";"";"";"-";"";"";"";"";"";"";"";"";"";"";"";"";"";"";""
"Cavalcante";"Produção de Diamante (ct)";"";"";"";"";"";"-";"";"";"";"";"";"";"";"";"";"";"";"";"";"";""
"Cavalcante";"Produção de Esmeralda (kg)";"";"-";"-";"-";"-";"-";"";"";"";"";"";"";"";"";"";"";"";"";"";"";""
"Cavalcante";"Produção de Ferro para Cimento (t)";"";"";"";"";"";"-";"";"";"";"";"";"";"";"";"";"";"";"";"";"";""
"Cavalcante";"Produção de Filito (t)";"";"";"";"";"";"-";"";"";"";"";"";"";"";"";"";"";"";"";"";"";""
"Cavalcante";"Produção de Fosfato (t)";"";"";"";"";"";"-";"";"";"";"";"";"";"";"";"";"";"";"";"";"";""
"Cavalcante";"Produção de Manganês (t)";"";"-";"-";" 1.200 ";"129.663";"11.238";"";"";"";"";"";"";"";"";"";"";"";"";"";"";""
"Cavalcante";"Produção de Nióbio (t)";"";"";"";"";"";"-";"";"";"";"";"";"";"";"";"";"";"";"";"";"";""
"Cavalcante";"Produção de Níquel (t)";"";"";"";"";"";"-";"";"";"";"";"";"";"";"";"";"";"";"";"";"";""
"Ceres";"Produção de Calcário para Rações (t)";"";"";"";"";"";"-";"";"";"";"";"";"";"";"";"";"";"";"";"";"";""
"Ceres";"Produção de Cascalho ()";"";"";"";"";"";"-";"";"";"";"";"";"";"";"";"";"";"";"";"";"";""
"Ceres";"Produção de Caulim (t)";"";"";"";"";"";"-";"";"";"";"";"";"";"";"";"";"";"";"";"";"";""
"Ceres";"Produção de Caulim para Cerâmica Branca (t)";"";"";"";"";"";"-";"";"";"";"";"";"";"";"";"";"";"";"";"";"";""
"Ceres";"Produção de Cobalto (t)";"";"";"";"";"";"-";"";"";"";"";"";"";"";"";"";"";"";"";"";"";""
"Ceres";"Produção de Cobre (t)";"";"";"";"";"";"-";"";"";"";"";"";"";"";"";"";"";"";"";"";"";""
"Ceres";"Produção de Diamante (ct)";"";"";"";"";"";"-";"";"";"";"";"";"";"";"";"";"";"";"";"";"";""
"Ceres";"Produção de Esmeralda (kg)";"";"-";"-";"-";"-";"-";"";"";"";"";"";"";"";"";"";"";"";"";"";"";""
"Ceres";"Produção de Ferro para Cimento (t)";"";"";"";"";"";"-";"";"";"";"";"";"";"";"";"";"";"";"";"";"";""
"Ceres";"Produção de Filito (t)";"";"";"";"";"";"-";"";"";"";"";"";"";"";"";"";"";"";"";"";"";""
"Ceres";"Produção de Fosfato (t)";"";"";"";"";"";"-";"";"";"";"";"";"";"";"";"";"";"";"";"";"";""
"Ceres";"Produção de Manganês (t)";"";"";"";"";"";"-";"";"";"";"";"";"";"";"";"";"";"";"";"";"";""
"Ceres";"Produção de Nióbio (t)";"";"";"";"";"";"-";"";"";"";"";"";"";"";"";"";"";"";"";"";"";""
"Ceres";"Produção de Níquel (t)";"";"";"";"";"";"-";"";"";"";"";"";"";"";"";"";"";"";"";"";"";""
"Cezarina";"Produção de Calcário para Rações (t)";"";"";"";"";"";"-";"";"";"";"";"";"";"";"";"";"";"";"";"";"";""
"Cezarina";"Produção de Cascalho ()";"";"";"";"";"";"-";"";"";"";"";"";"";"";"";"";"";"";"";"";"";""
"Cezarina";"Produção de Caulim (t)";"";"";"";"";"";"-";"";"";"";"";"";"";"";"";"";"";"";"";"";"";""
"Cezarina";"Produção de Caulim para Cerâmica Branca (t)";"";"";"";"";"";"-";"";"";"";"";"";"";"";"";"";"";"";"";"";"";""
"Cezarina";"Produção de Cobalto (t)";"";"";"";"";"";"-";"";"";"";"";"";"";"";"";"";"";"";"";"";"";""
"Cezarina";"Produção de Cobre (t)";"";"";"";"";"";"-";"";"";"";"";"";"";"";"";"";"";"";"";"";"";""
"Cezarina";"Produção de Diamante (ct)";"";"";"";"";"";"-";"";"";"";"";"";"";"";"";"";"";"";"";"";"";""
"Cezarina";"Produção de Esmeralda (kg)";"";"-";"-";"-";"-";"-";"";"";"";"";"";"";"";"";"";"";"";"";"";"";""
"Cezarina";"Produção de Ferro para Cimento (t)";"";"";"";"";"";"-";"";"";"";"";"";"";"";"";"";"";"";"";"";"";""
"Cezarina";"Produção de Filito (t)";"";"";"";"";"";"-";"";"";"";"";"";"";"";"";"";"";"";"";"";"";""
"Cezarina";"Produção de Fosfato (t)";"";"";"";"";"";"-";"";"";"";"";"";"";"";"";"";"";"";"";"";"";""
"Cezarina";"Produção de Manganês (t)";"";"";"";"";"";"-";"";"";"";"";"";"";"";"";"";"";"";"";"";"";""
"Cezarina";"Produção de Nióbio (t)";"";"";"";"";"";"-";"";"";"";"";"";"";"";"";"";"";"";"";"";"";""
"Cezarina";"Produção de Níquel (t)";"";"";"";"";"";"-";"";"";"";"";"";"";"";"";"";"";"";"";"";"";""
"Chapadão do Céu";"Produção de Calcário para Rações (t)";"";"";"";"";"";"-";"";"";"";"";"";"";"";"";"";"";"";"";"";"";""
"Chapadão do Céu";"Produção de Cascalho ()";"";"";"";"";"";"-";"3.200";"";"";"";"";"";"";"";"";"";"";"";"";"";""
"Chapadão do Céu";"Produção de Caulim (t)";"";"";"";"";"";"-";"";"";"";"";"";"";"";"";"";"";"";"";"";"";""
"Chapadão do Céu";"Produção de Caulim para Cerâmica Branca (t)";"";"";"";"";"";"-";"";"";"";"";"";"";"";"";"";"";"";"";"";"";""
"Chapadão do Céu";"Produção de Cobalto (t)";"";"";"";"";"";"-";"";"";"";"";"";"";"";"";"";"";"";"";"";"";""
"Chapadão do Céu";"Produção de Cobre (t)";"";"";"";"";"";"-";"";"";"";"";"";"";"";"";"";"";"";"";"";"";""
"Chapadão do Céu";"Produção de Diamante (ct)";"";"";"";"";"";"-";"";"";"";"";"";"";"";"";"";"";"";"";"";"";""
"Chapadão do Céu";"Produção de Esmeralda (kg)";"";"-";"-";"-";"-";"-";"";"";"";"";"";"";"";"";"";"";"";"";"";"";""
"Chapadão do Céu";"Produção de Ferro para Cimento (t)";"";"";"";"";"";"-";"";"";"";"";"";"";"";"";"";"";"";"";"";"";""
"Chapadão do Céu";"Produção de Filito (t)";"";"";"";"";"";"-";"";"";"";"";"";"";"";"";"";"";"";"";"";"";""
"Chapadão do Céu";"Produção de Fosfato (t)";"";"";"";"";"";"-";"";"";"";"";"";"";"";"";"";"";"";"";"";"";""
"Chapadão do Céu";"Produção de Manganês (t)";"";"";"";"";"";"-";"";"";"";"";"";"";"";"";"";"";"";"";"";"";""
"Chapadão do Céu";"Produção de Nióbio (t)";"";"";"";"";"";"-";"";"";"";"";"";"";"";"";"";"";"";"";"";"";""
"Chapadão do Céu";"Produção de Níquel (t)";"";"";"";"";"";"-";"";"";"";"";"";"";"";"";"";"";"";"";"";"";""
"Cidade Ocidental";"Produção de Calcário para Rações (t)";"";"";"";"";"";"-";"";"";"";"";"";"";"";"";"";"";"";"";"";"";""
"Cidade Ocidental";"Produção de Cascalho ()";"";"";"";"";"";"-";"1.950";"";"8.000";"8.000";"667";"";"";"";"";"";"";"";"";"";""
"Cidade Ocidental";"Produção de Caulim (t)";"";"";"";"";"";"-";"";"";"";"";"";"";"";"";"";"";"";"";"";"";""
"Cidade Ocidental";"Produção de Caulim para Cerâmica Branca (t)";"";"";"";"";"";"-";"";"";"";"";"";"";"";"";"";"";"";"";"";"";""
"Cidade Ocidental";"Produção de Cobalto (t)";"";"";"";"";"";"-";"";"";"";"";"";"";"";"";"";"";"";"";"";"";""
"Cidade Ocidental";"Produção de Cobre (t)";"";"";"";"";"";"-";"";"";"";"";"";"";"";"";"";"";"";"";"";"";""
"Cidade Ocidental";"Produção de Diamante (ct)";"";"";"";"";"";"-";"";"";"";"";"";"";"";"";"";"";"";"";"";"";""
"Cidade Ocidental";"Produção de Esmeralda (kg)";"";"-";"-";"-";"-";"-";"";"";"";"";"";"";"";"";"";"";"";"";"";"";""
"Cidade Ocidental";"Produção de Ferro para Cimento (t)";"";"";"";"";"";"-";"";"";"";"";"";"";"";"";"";"";"";"";"";"";""
"Cidade Ocidental";"Produção de Filito (t)";"";"";"";"";"";"-";"";"";"";"";"";"";"";"";"";"";"";"";"";"";""
"Cidade Ocidental";"Produção de Fosfato (t)";"";"";"";"";"";"-";"";"";"";"";"";"";"";"";"";"";"";"";"";"";""
"Cidade Ocidental";"Produção de Manganês (t)";"";"";"";"";"";"-";"";"";"";"";"";"";"";"";"";"";"";"";"";"";""
"Cidade Ocidental";"Produção de Nióbio (t)";"";"";"";"";"";"-";"";"";"";"";"";"";"";"";"";"";"";"";"";"";""
"Cidade Ocidental";"Produção de Níquel (t)";"";"";"";"";"";"-";"";"";"";"";"";"";"";"";"";"";"";"";"";"";""
"Cocalzinho de Goiás";"Produção de Calcário para Rações (t)";"";"";"";"";"";"-";"";"";"";"";"";"";"";"";"";"";"";"";"";"";""
"Cocalzinho de Goiás";"Produção de Cascalho ()";"";"";"";"";"";"-";"225";"";"";"";"";"";"";"";"";"";"";"";"";"";""
"Cocalzinho de Goiás";"Produção de Caulim (t)";"";"";"";"";"";"-";"";"";"";"";"";"";"";"";"";"";"";"";"";"";""
"Cocalzinho de Goiás";"Produção de Caulim para Cerâmica Branca (t)";"";"";"";"";"";"-";"";"";"";"";"";"";"";"";"";"";"";"";"";"";""
"Cocalzinho de Goiás";"Produção de Cobalto (t)";"";"";"";"";"";"-";"";"";"";"";"";"";"";"";"";"";"";"";"";"";""
"Cocalzinho de Goiás";"Produção de Cobre (t)";"";"";"";"";"";"-";"";"";"";"";"";"";"";"";"";"";"";"";"";"";""
"Cocalzinho de Goiás";"Produção de Diamante (ct)";"";"";"";"";"";"-";"";"";"";"";"";"";"";"";"";"";"";"";"";"";""
"Cocalzinho de Goiás";"Produção de Esmeralda (kg)";"";"-";"-";"-";"-";"-";"";"";"";"";"";"";"";"";"";"";"";"";"";"";""
"Cocalzinho de Goiás";"Produção de Ferro para Cimento (t)";"";"";"";"";"";"-";"";"";"";"";"";"";"";"";"";"";"";"";"";"";""
"Cocalzinho de Goiás";"Produção de Filito (t)";"";"600";"543";"-";"";"-";"";"";"";"";"";"";"";"";"";"";"";"";"";"";""
"Cocalzinho de Goiás";"Produção de Fosfato (t)";"";"";"";"";"";"-";"";"";"";"";"";"";"";"";"";"";"";"";"";"";""
"Cocalzinho de Goiás";"Produção de Manganês (t)";"";"";"";"";"";"-";"";"";"";"";"";"";"";"";"";"";"";"";"";"";""
"Cocalzinho de Goiás";"Produção de Nióbio (t)";"";"";"";"";"";"-";"";"";"";"";"";"";"";"";"";"";"";"";"";"";""
"Cocalzinho de Goiás";"Produção de Níquel (t)";"";"";"";"";"";"-";"";"";"";"";"";"";"";"";"";"";"";"";"";"";""
"Colinas do Sul";"Produção de Calcário para Rações (t)";"";"";"";"";"";"-";"";"";"";"";"";"";"";"";"";"";"";"";"";"";""
"Colinas do Sul";"Produção de Cascalho ()";"";"";"";"";"";"-";"";"";"";"";"";"";"";"";"";"";"";"";"";"";""
"Colinas do Sul";"Produção de Caulim (t)";"";"";"";"";"";"-";"";"";"";"";"";"";"";"";"";"";"";"";"";"";""
"Colinas do Sul";"Produção de Caulim para Cerâmica Branca (t)";"";"";"";"";"";"-";"";"";"";"";"";"";"";"";"";"";"";"";"";"";""
"Colinas do Sul";"Produção de Cobalto (t)";"";"";"";"";"";"-";"";"";"";"";"";"";"";"";"";"";"";"";"";"";""
"Colinas do Sul";"Produção de Cobre (t)";"";"";"";"";"";"-";"";"";"";"";"";"";"";"";"";"";"";"";"";"";""
"Colinas do Sul";"Produção de Diamante (ct)";"";"";"";"";"";"-";"";"";"";"";"";"";"";"";"";"";"";"";"";"";""
"Colinas do Sul";"Produção de Esmeralda (kg)";"";"-";"-";"-";"-";"-";"";"";"";"";"";"";"";"";"";"";"";"";"";"";""
"Colinas do Sul";"Produção de Ferro para Cimento (t)";"";"";"";"";"";"-";"";"";"";"";"";"";"";"";"";"";"";"";"";"";""
"Colinas do Sul";"Produção de Filito (t)";"";"";"";"";"";"-";"";"";"";"";"";"";"";"";"";"";"";"";"";"";""
"Colinas do Sul";"Produção de Fosfato (t)";"";"";"";"";"";"-";"";"";"";"";"";"";"";"";"";"";"";"";"";"";""
"Colinas do Sul";"Produção de Manganês (t)";"";"-";"2.900";"-";"";"42";"";"";"";"";"";"";"";"";"";"";"";"";"";"";""
"Colinas do Sul";"Produção de Nióbio (t)";"";"";"";"";"";"-";"";"";"";"";"";"";"";"";"";"";"";"";"";"";""
"Colinas do Sul";"Produção de Níquel (t)";"";"";"";"";"";"-";"";"";"";"";"";"";"";"";"";"";"";"";"";"";""
"Córrego do Ouro";"Produção de Calcário para Rações (t)";"";"";"";"";"";"-";"";"";"";"";"";"";"";"";"";"";"";"";"";"";""
"Córrego do Ouro";"Produção de Cascalho ()";"";"";"";"";"";"-";"";"";"";"";"";"";"";"";"";"";"";"";"";"";""
"Córrego do Ouro";"Produção de Caulim (t)";"";"";"";"";"";"-";"";"";"";"";"";"";"";"";"";"";"";"";"";"";""
"Córrego do Ouro";"Produção de Caulim para Cerâmica Branca (t)";"";"";"";"";"";"-";"";"";"";"";"";"";"";"";"";"";"";"";"";"";""
"Córrego do Ouro";"Produção de Cobalto (t)";"";"";"";"";"";"-";"";"";"";"";"";"";"";"";"";"";"";"";"";"";""
"Córrego do Ouro";"Produção de Cobre (t)";"";"";"";"";"";"-";"";"";"";"";"";"";"";"";"";"";"";"";"";"";""
"Córrego do Ouro";"Produção de Diamante (ct)";"";"";"";"";"";"-";"";"";"";"";"";"";"";"";"";"";"";"";"";"";""
"Córrego do Ouro";"Produção de Esmeralda (kg)";"";"-";"-";"-";"-";"-";"";"";"";"";"";"";"";"";"";"";"";"";"";"";""
"Córrego do Ouro";"Produção de Ferro para Cimento (t)";"";"";"";"";"";"-";"";"";"";"";"";"";"";"";"";"";"";"";"";"";""
"Córrego do Ouro";"Produção de Filito (t)";"";"";"";"";"";"-";"";"";"";"";"";"";"";"";"";"";"";"";"";"";""
"Córrego do Ouro";"Produção de Fosfato (t)";"";"";"";"";"";"-";"";"";"";"";"";"";"";"";"";"";"";"";"";"";""
"Córrego do Ouro";"Produção de Manganês (t)";"";"";"";"";"";"-";"";"";"";"";"";"";"";"";"";"";"";"";"";"";""
"Córrego do Ouro";"Produção de Nióbio (t)";"";"";"";"";"";"-";"";"";"";"";"";"";"";"";"";"";"";"";"";"";""
"Córrego do Ouro";"Produção de Níquel (t)";"";"";"";"";"";"-";"";"";"";"";"";"";"";"";"";"";"";"";"";"";""
"Corumbá de Goiás";"Produção de Calcário para Rações (t)";"";"";"";"";"";"-";"";"";"";"";"";"";"";"";"";"";"";"";"";"";""
"Corumbá de Goiás";"Produção de Cascalho ()";"";"";"";"";"";"-";"";"";"";"";"";"";"";"";"";"";"";"";"";"";""
"Corumbá de Goiás";"Produção de Caulim (t)";"";"";"";"";"";"-";"";"";"";"";"";"";"";"";"";"";"";"";"";"";""
"Corumbá de Goiás";"Produção de Caulim para Cerâmica Branca (t)";"";"";"";"";"";"-";"";"";"";"";"";"";"";"";"";"";"";"";"";"";""
"Corumbá de Goiás";"Produção de Cobalto (t)";"";"";"";"";"";"-";"";"";"";"";"";"";"";"";"";"";"";"";"";"";""
"Corumbá de Goiás";"Produção de Cobre (t)";"";"";"";"";"";"-";"";"";"";"";"";"";"";"";"";"";"";"";"";"";""
"Corumbá de Goiás";"Produção de Diamante (ct)";"";"";"";"";"";"-";"";"";"";"";"";"";"";"";"";"";"";"";"";"";""
"Corumbá de Goiás";"Produção de Esmeralda (kg)";"";"-";"-";"-";"-";"-";"";"";"";"";"";"";"";"";"";"";"";"";"";"";""
"Corumbá de Goiás";"Produção de Ferro para Cimento (t)";"";"";"";"";"";"-";"";"";"";"";"";"";"";"";"";"";"";"";"";"";""
"Corumbá de Goiás";"Produção de Filito (t)";"";"";"";"";"";"-";"";"";"";"";"";"";"";"";"";"";"";"";"";"";""
"Corumbá de Goiás";"Produção de Fosfato (t)";"";"";"";"";"";"-";"";"";"";"";"";"";"";"";"";"";"";"";"";"";""
"Corumbá de Goiás";"Produção de Manganês (t)";"";"";"";"";"";"-";"";"";"";"";"";"";"";"";"";"";"";"";"";"";""
"Corumbá de Goiás";"Produção de Nióbio (t)";"";"";"";"";"";"-";"";"";"";"";"";"";"";"";"";"";"";"";"";"";""
"Corumbá de Goiás";"Produção de Níquel (t)";"";"";"";"";"";"-";"";"";"";"";"";"";"";"";"";"";"";"";"";"";""
"Corumbaíba";"Produção de Calcário para Rações (t)";"";"";"";"";"";"-";"";"";"";"";"";"";"";"";"";"";"";"";"";"";""
"Corumbaíba";"Produção de Cascalho ()";"";"";"";"";"";"-";"";"";"";"";"53";"";"";"";"";"";"";"";"";"";""
"Corumbaíba";"Produção de Caulim (t)";"";"";"";"";"";"-";"";"";"";"";"";"";"";"";"";"";"";"";"";"";""
"Corumbaíba";"Produção de Caulim para Cerâmica Branca (t)";"";"";"";"";"";"-";"";"";"";"";"";"";"";"";"";"";"";"";"";"";""
"Corumbaíba";"Produção de Cobalto (t)";"";"";"";"";"";"-";"";"";"";"";"";"";"";"";"";"";"";"";"";"";""
"Corumbaíba";"Produção de Cobre (t)";"";"";"";"";"";"-";"";"";"";"";"";"";"";"";"";"";"";"";"";"";""
"Corumbaíba";"Produção de Diamante (ct)";"";"";"";"";"";"-";"";"";"";"";"";"";"";"";"";"";"";"";"";"";""
"Corumbaíba";"Produção de Esmeralda (kg)";"";"-";"-";"-";"-";"-";"";"";"";"";"";"";"";"";"";"";"";"";"";"";""
"Corumbaíba";"Produção de Ferro para Cimento (t)";"";"";"";"";"";"-";"";"";"";"";"";"";"";"";"";"";"";"";"";"";""
"Corumbaíba";"Produção de Filito (t)";"";"";"";"";"";"-";"";"";"";"";"";"";"";"";"";"";"";"";"";"";""
"Corumbaíba";"Produção de Fosfato (t)";"";"";"";"";"";"-";"";"";"";"";"";"";"";"";"";"";"";"";"";"";""
"Corumbaíba";"Produção de Manganês (t)";"";"";"";"";"";"-";"";"";"";"";"";"";"";"";"";"";"";"";"";"";""
"Corumbaíba";"Produção de Nióbio (t)";"";"";"";"";"";"-";"";"";"";"";"";"";"";"";"";"";"";"";"";"";""
"Corumbaíba";"Produção de Níquel (t)";"";"";"";"";"";"-";"";"";"";"";"";"";"";"";"";"";"";"";"";"";""
"Cristalina";"Produção de Calcário para Rações (t)";"";"";"";"";"";"-";"";"";"";"";"";"";"";"";"";"";"";"";"";"";""
"Cristalina";"Produção de Cascalho ()";"";"";"";"";"";"-";"";"";"";"";"";"";"";"";"";"";"";"";"";"";""
"Cristalina";"Produção de Caulim (t)";"";"";"";"";"";"-";"";"";"";"";"";"";"";"";"";"";"";"";"";"";""
"Cristalina";"Produção de Caulim para Cerâmica Branca (t)";"";"";"";"";"";"-";"";"";"";"";"";"";"";"";"";"";"";"";"";"";""
"Cristalina";"Produção de Cobalto (t)";"";"";"";"";"";"-";"";"";"";"";"";"";"";"";"";"";"";"";"";"";""
"Cristalina";"Produção de Cobre (t)";"";"";"";"";"";"-";"";"";"";"";"";"";"";"";"";"";"";"";"";"";""
"Cristalina";"Produção de Diamante (ct)";"";"";"";"";"";"-";"";"";"";"";"";"";"";"";"";"";"";"";"";"";""
"Cristalina";"Produção de Esmeralda (kg)";"";"-";"-";"-";"-";"-";"";"";"";"";"";"";"";"";"";"";"";"";"";"";""
"Cristalina";"Produção de Ferro para Cimento (t)";"";"";"";"";"";"-";"";"";"";"";"";"";"";"";"";"";"";"";"";"";""
"Cristalina";"Produção de Filito (t)";"";"";"";"";"";"-";"";"";"";"";"";"";"";"";"";"";"";"";"";"";""
"Cristalina";"Produção de Fosfato (t)";"";"";"";"";"";"-";"";"";"";"";"";"";"";"";"";"";"";"";"";"";""
"Cristalina";"Produção de Manganês (t)";"";"";"";"";"";"-";"";"";"";"";"";"";"";"";"";"";"";"";"";"";""
"Cristalina";"Produção de Nióbio (t)";"";"";"";"";"";"-";"";"";"";"";"";"";"";"";"";"";"";"";"";"";""
"Cristalina";"Produção de Níquel (t)";"";"";"";"";"";"-";"";"";"";"";"";"";"";"";"";"";"";"";"";"";""
"Cristianópolis";"Produção de Calcário para Rações (t)";"";"";"";"";"";"-";"";"";"";"";"";"";"";"";"";"";"";"";"";"";""
"Cristianópolis";"Produção de Cascalho ()";"";"";"";"";"";"-";"";"";"";"";"";"";"";"";"";"";"";"";"";"";""
"Cristianópolis";"Produção de Caulim (t)";"";"";"";"";"";"-";"";"";"";"";"";"";"";"";"";"";"";"";"";"";""
"Cristianópolis";"Produção de Caulim para Cerâmica Branca (t)";"";"";"";"";"";"-";"";"";"";"";"";"";"";"";"";"";"";"";"";"";""
"Cristianópolis";"Produção de Cobalto (t)";"";"";"";"";"";"-";"";"";"";"";"";"";"";"";"";"";"";"";"";"";""
"Cristianópolis";"Produção de Cobre (t)";"";"";"";"";"";"-";"";"";"";"";"";"";"";"";"";"";"";"";"";"";""
"Cristianópolis";"Produção de Diamante (ct)";"";"";"";"";"";"-";"";"";"";"";"";"";"";"";"";"";"";"";"";"";""
"Cristianópolis";"Produção de Esmeralda (kg)";"";"-";"-";"-";"-";"-";"";"";"";"";"";"";"";"";"";"";"";"";"";"";""
"Cristianópolis";"Produção de Ferro para Cimento (t)";"";"";"";"";"";"-";"";"";"";"";"";"";"";"";"";"";"";"";"";"";""
"Cristianópolis";"Produção de Filito (t)";"";"";"";"";"";"-";"";"";"";"";"";"";"";"";"";"";"";"";"";"";""
"Cristianópolis";"Produção de Fosfato (t)";"";"";"";"";"";"-";"";"";"";"";"";"";"";"";"";"";"";"";"";"";""
"Cristianópolis";"Produção de Manganês (t)";"";"";"";"";"";"-";"";"";"";"";"";"";"";"";"";"";"";"";"";"";""
"Cristianópolis";"Produção de Nióbio (t)";"";"";"";"";"";"-";"";"";"";"";"";"";"";"";"";"";"";"";"";"";""
"Cristianópolis";"Produção de Níquel (t)";"";"";"";"";"";"-";"";"";"";"";"";"";"";"";"";"";"";"";"";"";""
"Crixás";"Produção de Calcário para Rações (t)";"";"";"";"";"";"-";"";"";"";"";"";"";"";"";"";"";"";"";"";"";""
"Crixás";"Produção de Cascalho ()";"";"";"";"";"";"-";"";"";"";"";"";"";"";"";"";"";"";"";"";"";""
"Crixás";"Produção de Caulim (t)";"";"";"";"";"";"-";"";"";"";"";"";"";"";"";"";"";"";"";"";"";""
"Crixás";"Produção de Caulim para Cerâmica Branca (t)";"";"";"";"";"";"-";"";"";"";"";"";"";"";"";"";"";"";"";"";"";""
"Crixás";"Produção de Cobalto (t)";"";"";"";"";"";"-";"";"";"";"";"";"";"";"";"";"";"";"";"";"";""
"Crixás";"Produção de Cobre (t)";"";"";"";"";"";"-";"";"";"";"";"";"";"";"";"";"";"";"";"";"";""
"Crixás";"Produção de Diamante (ct)";"";"";"";"";"";"-";"";"";"";"";"";"";"";"";"";"";"";"";"";"";""
"Crixás";"Produção de Esmeralda (kg)";"";"-";"-";"-";"-";"-";"";"";"";"";"";"";"";"";"";"";"";"";"";"";""
"Crixás";"Produção de Ferro para Cimento (t)";"";"";"";"";"";"-";"";"";"";"";"";"";"";"";"";"";"";"";"";"";""
"Crixás";"Produção de Filito (t)";"";"";"";"";"";"-";"";"";"";"";"";"";"";"";"";"";"";"";"";"";""
"Crixás";"Produção de Fosfato (t)";"";"";"";"";"";"-";"";"";"";"";"";"";"";"";"";"";"";"";"";"";""
"Crixás";"Produção de Manganês (t)";"";"";"";"";"";"-";"";"";"";"";"";"";"";"";"";"";"";"";"";"";""
"Crixás";"Produção de Nióbio (t)";"";"";"";"";"";"-";"";"";"";"";"";"";"";"";"";"";"";"";"";"";""
"Crixás";"Produção de Níquel (t)";"";"";"";"";"";"-";"";"";"";"";"";"";"";"";"";"";"";"";"";"";""
"Cromínia";"Produção de Calcário para Rações (t)";"";"";"";"";"";"-";"";"";"";"";"";"";"";"";"";"";"";"";"";"";""
"Cromínia";"Produção de Cascalho ()";"";"";"";"";"";"-";"";"";"";"";"";"";"";"";"";"";"";"";"";"";""
"Cromínia";"Produção de Caulim (t)";"";"";"";"";"";"-";"";"";"";"";"";"";"";"";"";"";"";"";"";"";""
"Cromínia";"Produção de Caulim para Cerâmica Branca (t)";"";"";"";"";"";"-";"";"";"";"";"";"";"";"";"";"";"";"";"";"";""
"Cromínia";"Produção de Cobalto (t)";"";"";"";"";"";"-";"";"";"";"";"";"";"";"";"";"";"";"";"";"";""
"Cromínia";"Produção de Cobre (t)";"";"";"";"";"";"-";"";"";"";"";"";"";"";"";"";"";"";"";"";"";""
"Cromínia";"Produção de Diamante (ct)";"";"";"";"";"";"-";"";"";"";"";"";"";"";"";"";"";"";"";"";"";""
"Cromínia";"Produção de Esmeralda (kg)";"";"-";"-";"-";"-";"-";"";"";"";"";"";"";"";"";"";"";"";"";"";"";""
"Cromínia";"Produção de Ferro para Cimento (t)";"";"";"";"";"";"-";"";"";"";"";"";"";"";"";"";"";"";"";"";"";""
"Cromínia";"Produção de Filito (t)";"";"";"";"";"";"-";"";"";"";"";"";"";"";"";"";"";"";"";"";"";""
"Cromínia";"Produção de Fosfato (t)";"";"";"";"";"";"-";"";"";"";"";"";"";"";"";"";"";"";"";"";"";""
"Cromínia";"Produção de Manganês (t)";"";"";"";"";"";"-";"";"";"";"";"";"";"";"";"";"";"";"";"";"";""
"Cromínia";"Produção de Nióbio (t)";"";"";"";"";"";"-";"";"";"";"";"";"";"";"";"";"";"";"";"";"";""
"Cromínia";"Produção de Níquel (t)";"";"";"";"";"";"-";"";"";"";"";"";"";"";"";"";"";"";"";"";"";""
"Cumari";"Produção de Calcário para Rações (t)";"";"";"";"";"";"-";"";"";"";"";"";"";"";"";"";"";"";"";"";"";""
"Cumari";"Produção de Cascalho ()";"";"220";"-";"-";"47";"-";"";"";"930";"45.375";"45.375";"";"";"";"";"";"";"";"";"";""
"Cumari";"Produção de Caulim (t)";"";"";"";"";"";"-";"";"";"";"";"";"";"";"";"";"";"";"";"";"";""
"Cumari";"Produção de Caulim para Cerâmica Branca (t)";"";"";"";"";"";"-";"";"";"";"";"";"";"";"";"";"";"";"";"";"";""
"Cumari";"Produção de Cobalto (t)";"";"";"";"";"";"-";"";"";"";"";"";"";"";"";"";"";"";"";"";"";""
"Cumari";"Produção de Cobre (t)";"";"";"";"";"";"-";"";"";"";"";"";"";"";"";"";"";"";"";"";"";""
"Cumari";"Produção de Diamante (ct)";"";"";"";"";"";"-";"";"";"";"";"";"";"";"";"";"";"";"";"";"";""
"Cumari";"Produção de Esmeralda (kg)";"";"-";"-";"-";"-";"-";"";"";"";"";"";"";"";"";"";"";"";"";"";"";""
"Cumari";"Produção de Ferro para Cimento (t)";"";"";"";"";"";"-";"";"";"";"";"";"";"";"";"";"";"";"";"";"";""
"Cumari";"Produção de Filito (t)";"";"";"";"";"";"-";"";"";"";"";"";"";"";"";"";"";"";"";"";"";""
"Cumari";"Produção de Fosfato (t)";"";"";"";"";"";"-";"";"";"";"";"";"";"";"";"";"";"";"";"";"";""
"Cumari";"Produção de Manganês (t)";"";"";"";"";"";"-";"";"";"";"";"";"";"";"";"";"";"";"";"";"";""
"Cumari";"Produção de Nióbio (t)";"";"";"";"";"";"-";"";"";"";"";"";"";"";"";"";"";"";"";"";"";""
"Cumari";"Produção de Níquel (t)";"";"";"";"";"";"-";"";"";"";"";"";"";"";"";"";"";"";"";"";"";""
"Damianópolis";"Produção de Calcário para Rações (t)";"";"";"";"";"";"-";"";"";"";"";"";"";"";"";"";"";"";"";"";"";""
"Damianópolis";"Produção de Cascalho ()";"";"";"";"";"";"-";"";"";"";"";"";"";"";"";"";"";"";"";"";"";""
"Damianópolis";"Produção de Caulim (t)";"";"";"";"";"";"-";"";"";"";"";"";"";"";"";"";"";"";"";"";"";""
"Damianópolis";"Produção de Caulim para Cerâmica Branca (t)";"";"";"";"";"";"-";"";"";"";"";"";"";"";"";"";"";"";"";"";"";""
"Damianópolis";"Produção de Cobalto (t)";"";"";"";"";"";"-";"";"";"";"";"";"";"";"";"";"";"";"";"";"";""
"Damianópolis";"Produção de Cobre (t)";"";"";"";"";"";"-";"";"";"";"";"";"";"";"";"";"";"";"";"";"";""
"Damianópolis";"Produção de Diamante (ct)";"";"";"";"";"";"-";"";"";"";"";"";"";"";"";"";"";"";"";"";"";""
"Damianópolis";"Produção de Esmeralda (kg)";"";"-";"-";"-";"-";"-";"";"";"";"";"";"";"";"";"";"";"";"";"";"";""
"Damianópolis";"Produção de Ferro para Cimento (t)";"";"";"";"";"";"-";"";"";"";"";"";"";"";"";"";"";"";"";"";"";""
"Damianópolis";"Produção de Filito (t)";"";"";"";"";"";"-";"";"";"";"";"";"";"";"";"";"";"";"";"";"";""
"Damianópolis";"Produção de Fosfato (t)";"";"";"";"";"";"-";"";"";"";"";"";"";"";"";"";"";"";"";"";"";""
"Damianópolis";"Produção de Manganês (t)";"";"";"";"";"";"-";"";"";"";"";"";"";"";"";"";"";"";"";"";"";""
"Damianópolis";"Produção de Nióbio (t)";"";"";"";"";"";"-";"";"";"";"";"";"";"";"";"";"";"";"";"";"";""
"Damianópolis";"Produção de Níquel (t)";"";"";"";"";"";"-";"";"";"";"";"";"";"";"";"";"";"";"";"";"";""
"Damolândia";"Produção de Calcário para Rações (t)";"";"";"";"";"";"-";"";"";"";"";"";"";"";"";"";"";"";"";"";"";""
"Damolândia";"Produção de Cascalho ()";"";"";"";"";"";"-";"";"";"";"";"";"";"";"";"";"";"";"";"";"";""
"Damolândia";"Produção de Caulim (t)";"";"";"";"";"";"-";"";"";"";"";"";"";"";"";"";"";"";"";"";"";""
"Damolândia";"Produção de Caulim para Cerâmica Branca (t)";"";"";"";"";"";"-";"";"";"";"";"";"";"";"";"";"";"";"";"";"";""
"Damolândia";"Produção de Cobalto (t)";"";"";"";"";"";"-";"";"";"";"";"";"";"";"";"";"";"";"";"";"";""
"Damolândia";"Produção de Cobre (t)";"";"";"";"";"";"-";"";"";"";"";"";"";"";"";"";"";"";"";"";"";""
"Damolândia";"Produção de Diamante (ct)";"";"";"";"";"";"-";"";"";"";"";"";"";"";"";"";"";"";"";"";"";""
"Damolândia";"Produção de Esmeralda (kg)";"";"-";"-";"-";"-";"-";"";"";"";"";"";"";"";"";"";"";"";"";"";"";""
"Damolândia";"Produção de Ferro para Cimento (t)";"";"";"";"";"";"-";"";"";"";"";"";"";"";"";"";"";"";"";"";"";""
"Damolândia";"Produção de Filito (t)";"";"";"";"";"";"-";"";"";"";"";"";"";"";"";"";"";"";"";"";"";""
"Damolândia";"Produção de Fosfato (t)";"";"";"";"";"";"-";"";"";"";"";"";"";"";"";"";"";"";"";"";"";""
"Damolândia";"Produção de Manganês (t)";"";"";"";"";"";"-";"";"";"";"";"";"";"";"";"";"";"";"";"";"";""
"Damolândia";"Produção de Nióbio (t)";"";"";"";"";"";"-";"";"";"";"";"";"";"";"";"";"";"";"";"";"";""
"Damolândia";"Produção de Níquel (t)";"";"";"";"";"";"-";"";"";"";"";"";"";"";"";"";"";"";"";"";"";""
"Davinópolis";"Produção de Calcário para Rações (t)";"";"";"";"";"";"-";"";"";"";"";"";"";"";"";"";"";"";"";"";"";""
"Davinópolis";"Produção de Cascalho ()";"";"-";"2.000";"-";"";"-";"";"";"";"";"";"";"";"";"";"";"";"";"";"";""
"Davinópolis";"Produção de Caulim (t)";"";"";"";"";"";"-";"";"";"";"";"";"";"";"";"";"";"";"";"";"";""
"Davinópolis";"Produção de Caulim para Cerâmica Branca (t)";"";"";"";"";"";"-";"";"";"";"";"";"";"";"";"";"";"";"";"";"";""
"Davinópolis";"Produção de Cobalto (t)";"";"";"";"";"";"-";"";"";"";"";"";"";"";"";"";"";"";"";"";"";""
"Davinópolis";"Produção de Cobre (t)";"";"";"";"";"";"-";"";"";"";"";"";"";"";"";"";"";"";"";"";"";""
"Davinópolis";"Produção de Diamante (ct)";"";"-";"200";"-";"";"-";"";"";"";"";"";"";"";"";"";"";"";"";"";"";""
"Davinópolis";"Produção de Esmeralda (kg)";"";"-";"-";"-";"-";"-";"";"";"";"";"";"";"";"";"";"";"";"";"";"";""
"Davinópolis";"Produção de Ferro para Cimento (t)";"";"";"";"";"";"-";"";"";"";"";"";"";"";"";"";"";"";"";"";"";""
"Davinópolis";"Produção de Filito (t)";"";"";"";"";"";"-";"";"";"";"";"";"";"";"";"";"";"";"";"";"";""
"Davinópolis";"Produção de Fosfato (t)";"";"";"";"";"";"-";"";"";"";"";"";"";"";"";"";"";"";"";"";"";""
"Davinópolis";"Produção de Manganês (t)";"";"";"";"";"";"-";"";"";"";"";"";"";"";"";"";"";"";"";"";"";""
"Davinópolis";"Produção de Nióbio (t)";"";"";"";"";"";"-";"";"";"";"";"";"";"";"";"";"";"";"";"";"";""
"Davinópolis";"Produção de Níquel (t)";"";"";"";"";"";"-";"";"";"";"";"";"";"";"";"";"";"";"";"";"";""
"Diorama";"Produção de Calcário para Rações (t)";"";"";"";"";"";"-";"";"";"";"";"";"";"";"";"";"";"";"";"";"";""
"Diorama";"Produção de Cascalho ()";"";"";"";"";"";"-";"";"";"";"";"";"";"";"";"";"";"";"";"";"";""
"Diorama";"Produção de Caulim (t)";"";"";"";"";"";"-";"";"";"";"";"";"";"";"";"";"";"";"";"";"";""
"Diorama";"Produção de Caulim para Cerâmica Branca (t)";"";"";"";"";"";"-";"";"";"";"";"";"";"";"";"";"";"";"";"";"";""
"Diorama";"Produção de Cobalto (t)";"";"";"";"";"";"-";"";"";"";"";"";"";"";"";"";"";"";"";"";"";""
"Diorama";"Produção de Cobre (t)";"";"";"";"";"";"-";"";"";"";"";"";"";"";"";"";"";"";"";"";"";""
"Diorama";"Produção de Diamante (ct)";"";"";"";"";"";"-";"";"";"";"";"";"";"";"";"";"";"";"";"";"";""
"Diorama";"Produção de Esmeralda (kg)";"";"-";"-";"-";"-";"-";"";"";"";"";"";"";"";"";"";"";"";"";"";"";""
"Diorama";"Produção de Ferro para Cimento (t)";"";"";"";"";"";"-";"";"";"";"";"";"";"";"";"";"";"";"";"";"";""
"Diorama";"Produção de Filito (t)";"";"";"";"";"";"-";"";"";"";"";"";"";"";"";"";"";"";"";"";"";""
"Diorama";"Produção de Fosfato (t)";"";"";"";"";"";"-";"";"";"";"";"";"";"";"";"";"";"";"";"";"";""
"Diorama";"Produção de Manganês (t)";"";"";"";"";"";"-";"";"";"";"";"";"";"";"";"";"";"";"";"";"";""
"Diorama";"Produção de Nióbio (t)";"";"";"";"";"";"-";"";"";"";"";"";"";"";"";"";"";"";"";"";"";""
"Diorama";"Produção de Níquel (t)";"";"";"";"";"";"-";"";"";"";"";"";"";"";"";"";"";"";"";"";"";""
"Divinópolis de Goiás";"Produção de Calcário para Rações (t)";"";"";"";"";"";"-";"";"";"";"";"";"";"";"";"";"";"";"";"";"";""
"Divinópolis de Goiás";"Produção de Cascalho ()";"";"";"";"";"";"-";"";"";"";"";"";"";"";"";"";"";"";"";"";"";""
"Divinópolis de Goiás";"Produção de Caulim (t)";"";"";"";"";"";"-";"";"";"";"";"";"";"";"";"";"";"";"";"";"";""
"Divinópolis de Goiás";"Produção de Caulim para Cerâmica Branca (t)";"";"";"";"";"";"-";"";"";"";"";"";"";"";"";"";"";"";"";"";"";""
"Divinópolis de Goiás";"Produção de Cobalto (t)";"";"";"";"";"";"-";"";"";"";"";"";"";"";"";"";"";"";"";"";"";""
"Divinópolis de Goiás";"Produção de Cobre (t)";"";"";"";"";"";"-";"";"";"";"";"";"";"";"";"";"";"";"";"";"";""
"Divinópolis de Goiás";"Produção de Diamante (ct)";"";"";"";"";"";"-";"";"";"";"";"";"";"";"";"";"";"";"";"";"";""
"Divinópolis de Goiás";"Produção de Esmeralda (kg)";"";"-";"-";"-";"-";"-";"";"";"";"";"";"";"";"";"";"";"";"";"";"";""
"Divinópolis de Goiás";"Produção de Ferro para Cimento (t)";"";"";"";"";"";"-";"";"";"";"";"";"";"";"";"";"";"";"";"";"";""
"Divinópolis de Goiás";"Produção de Filito (t)";"";"";"";"";"";"-";"";"";"";"";"";"";"";"";"";"";"";"";"";"";""
"Divinópolis de Goiás";"Produção de Fosfato (t)";"";"";"";"";"";"-";"";"";"";"";"";"";"";"";"";"";"";"";"";"";""
"Divinópolis de Goiás";"Produção de Manganês (t)";"";"";"";"";"";"-";"";"";"";"";"";"";"";"";"";"";"";"";"";"";""
"Divinópolis de Goiás";"Produção de Nióbio (t)";"";"";"";"";"";"-";"";"";"";"";"";"";"";"";"";"";"";"";"";"";""
"Divinópolis de Goiás";"Produção de Níquel (t)";"";"";"";"";"";"-";"";"";"";"";"";"";"";"";"";"";"";"";"";"";""
"Doverlândia";"Produção de Calcário para Rações (t)";"";"";"";"";"";"-";"";"";"";"";"";"";"";"";"";"";"";"";"";"";""
"Doverlândia";"Produção de Cascalho ()";"";"";"";"";"";"-";"";"";"";"";"";"";"";"";"";"";"";"";"";"";""
"Doverlândia";"Produção de Caulim (t)";"";"";"";"";"";"-";"";"";"";"";"";"";"";"";"";"";"";"";"";"";""
"Doverlândia";"Produção de Caulim para Cerâmica Branca (t)";"";"";"";"";"";"-";"";"";"";"";"";"";"";"";"";"";"";"";"";"";""
"Doverlândia";"Produção de Cobalto (t)";"";"";"";"";"";"-";"";"";"";"";"";"";"";"";"";"";"";"";"";"";""
"Doverlândia";"Produção de Cobre (t)";"";"";"";"";"";"-";"";"";"";"";"";"";"";"";"";"";"";"";"";"";""
"Doverlândia";"Produção de Diamante (ct)";"";"-";"-";" 35 ";" - ";"-";"";"";"";"";"";"";"";"";"";"";"";"";"";"";""
"Doverlândia";"Produção de Esmeralda (kg)";"";"-";"-";"-";"-";"-";"";"";"";"";"";"";"";"";"";"";"";"";"";"";""
"Doverlândia";"Produção de Ferro para Cimento (t)";"";"";"";"";"";"-";"";"";"";"";"";"";"";"";"";"";"";"";"";"";""
"Doverlândia";"Produção de Filito (t)";"";"";"";"";"";"-";"";"";"";"";"";"";"";"";"";"";"";"";"";"";""
"Doverlândia";"Produção de Fosfato (t)";"";"";"";"";"";"-";"";"";"";"";"";"";"";"";"";"";"";"";"";"";""
"Doverlândia";"Produção de Manganês (t)";"";"";"";"";"";"-";"";"";"";"";"";"";"";"";"";"";"";"";"";"";""
"Doverlândia";"Produção de Nióbio (t)";"";"";"";"";"";"-";"";"";"";"";"";"";"";"";"";"";"";"";"";"";""
"Doverlândia";"Produção de Níquel (t)";"";"";"";"";"";"-";"";"";"";"";"";"";"";"";"";"";"";"";"";"";""
"Edealina";"Produção de Calcário para Rações (t)";"";"";"";"";"";"-";"";"";"";"";"";"";"";"";"";"";"";"";"";"";""
"Edealina";"Produção de Cascalho ()";"";"";"";"";"";"-";"";"";"";"";"";"";"";"";"";"";"";"";"";"";""
"Edealina";"Produção de Caulim (t)";"";"";"";"";"";"-";"";"";"";"";"";"";"";"";"";"";"";"";"";"";""
"Edealina";"Produção de Caulim para Cerâmica Branca (t)";"";"";"";"";"";"-";"";"";"";"";"";"";"";"";"";"";"";"";"";"";""
"Edealina";"Produção de Cobalto (t)";"";"";"";"";"";"-";"";"";"";"";"";"";"";"";"";"";"";"";"";"";""
"Edealina";"Produção de Cobre (t)";"";"";"";"";"";"-";"";"";"";"";"";"";"";"";"";"";"";"";"";"";""
"Edealina";"Produção de Diamante (ct)";"";"";"";"";"";"-";"";"";"";"";"";"";"";"";"";"";"";"";"";"";""
"Edealina";"Produção de Esmeralda (kg)";"";"-";"-";"-";"-";"-";"";"";"";"";"";"";"";"";"";"";"";"";"";"";""
"Edealina";"Produção de Ferro para Cimento (t)";"";"";"";"";"";"-";"";"";"";"";"";"";"";"";"";"";"";"";"";"";""
"Edealina";"Produção de Filito (t)";"";"";"";"";"";"-";"";"";"";"";"";"";"";"";"";"";"";"";"";"";""
"Edealina";"Produção de Fosfato (t)";"";"";"";"";"";"-";"";"";"";"";"";"";"";"";"";"";"";"";"";"";""
"Edealina";"Produção de Manganês (t)";"";"";"";"";"";"-";"";"";"";"";"";"";"";"";"";"";"";"";"";"";""
"Edealina";"Produção de Nióbio (t)";"";"";"";"";"";"-";"";"";"";"";"";"";"";"";"";"";"";"";"";"";""
"Edealina";"Produção de Níquel (t)";"";"";"";"";"";"-";"";"";"";"";"";"";"";"";"";"";"";"";"";"";""
"Edéia";"Produção de Calcário para Rações (t)";"";"";"";"";"";"-";"";"";"";"";"";"";"";"";"";"";"";"";"";"";""
"Edéia";"Produção de Cascalho ()";"";"";"";"";"";"-";"";"";"";"";"";"";"";"";"";"";"";"";"";"";""
"Edéia";"Produção de Caulim (t)";"";"";"";"";"";"-";"";"";"";"";"";"";"";"";"";"";"";"";"";"";""
"Edéia";"Produção de Caulim para Cerâmica Branca (t)";"";"";"";"";"";"-";"";"";"";"";"";"";"";"";"";"";"";"";"";"";""
"Edéia";"Produção de Cobalto (t)";"";"";"";"";"";"-";"";"";"";"";"";"";"";"";"";"";"";"";"";"";""
"Edéia";"Produção de Cobre (t)";"";"";"";"";"";"-";"";"";"";"";"";"";"";"";"";"";"";"";"";"";""
"Edéia";"Produção de Diamante (ct)";"";"";"";"";"";"-";"";"";"";"";"";"";"";"";"";"";"";"";"";"";""
"Edéia";"Produção de Esmeralda (kg)";"";"-";"-";"-";"-";"-";"";"";"";"";"";"";"";"";"";"";"";"";"";"";""
"Edéia";"Produção de Ferro para Cimento (t)";"";"";"";"";"";"-";"";"";"";"";"";"";"";"";"";"";"";"";"";"";""
"Edéia";"Produção de Filito (t)";"";"";"";"";"";"-";"";"";"";"";"";"";"";"";"";"";"";"";"";"";""
"Edéia";"Produção de Fosfato (t)";"";"";"";"";"";"-";"";"";"";"";"";"";"";"";"";"";"";"";"";"";""
"Edéia";"Produção de Manganês (t)";"";"";"";"";"";"-";"";"";"";"";"";"";"";"";"";"";"";"";"";"";""
"Edéia";"Produção de Nióbio (t)";"";"";"";"";"";"-";"";"";"";"";"";"";"";"";"";"";"";"";"";"";""
"Edéia";"Produção de Níquel (t)";"";"";"";"";"";"-";"";"";"";"";"";"";"";"";"";"";"";"";"";"";""
"Estrela do Norte";"Produção de Calcário para Rações (t)";"";"";"";"";"";"-";"";"";"";"";"";"";"";"";"";"";"";"";"";"";""
"Estrela do Norte";"Produção de Cascalho ()";"";"";"";"";"";"-";"";"";"";"";"";"";"";"";"";"";"";"";"";"";""
"Estrela do Norte";"Produção de Caulim (t)";"";"";"";"";"";"-";"";"";"";"";"";"";"";"";"";"";"";"";"";"";""
"Estrela do Norte";"Produção de Caulim para Cerâmica Branca (t)";"";"";"";"";"";"-";"";"";"";"";"";"";"";"";"";"";"";"";"";"";""
"Estrela do Norte";"Produção de Cobalto (t)";"";"";"";"";"";"-";"";"";"";"";"";"";"";"";"";"";"";"";"";"";""
"Estrela do Norte";"Produção de Cobre (t)";"";"";"";"";"";"-";"";"";"";"";"";"";"";"";"";"";"";"";"";"";""
"Estrela do Norte";"Produção de Diamante (ct)";"";"";"";"";"";"-";"";"";"";"";"";"";"";"";"";"";"";"";"";"";""
"Estrela do Norte";"Produção de Esmeralda (kg)";"";"-";"-";"-";"-";"-";"";"";"";"";"";"";"";"";"";"";"";"";"";"";""
"Estrela do Norte";"Produção de Ferro para Cimento (t)";"";"";"";"";"";"-";"";"";"";"";"";"";"";"";"";"";"";"";"";"";""
"Estrela do Norte";"Produção de Filito (t)";"";"";"";"";"";"-";"";"";"";"";"";"";"";"";"";"";"";"";"";"";""
"Estrela do Norte";"Produção de Fosfato (t)";"";"";"";"";"";"-";"";"";"";"";"";"";"";"";"";"";"";"";"";"";""
"Estrela do Norte";"Produção de Manganês (t)";"";"";"";"";"";"-";"";"";"";"";"";"";"";"";"";"";"";"";"";"";""
"Estrela do Norte";"Produção de Nióbio (t)";"";"";"";"";"";"-";"";"";"";"";"";"";"";"";"";"";"";"";"";"";""
"Estrela do Norte";"Produção de Níquel (t)";"";"";"";"";"";"-";"";"";"";"";"";"";"";"";"";"";"";"";"";"";""
"Faina";"Produção de Calcário para Rações (t)";"";"";"";"";"";"-";"";"";"";"";"";"";"";"";"";"";"";"";"";"";""
"Faina";"Produção de Cascalho ()";"";"14.000";"-";"-";"";"-";"";"";"";"";"";"";"";"";"";"";"";"";"";"";""
"Faina";"Produção de Caulim (t)";"";"";"";"";"";"-";"";"";"";"";"";"";"";"";"";"";"";"";"";"";""
"Faina";"Produção de Caulim para Cerâmica Branca (t)";"";"";"";"";"";"-";"";"";"";"";"";"";"";"";"";"";"";"";"";"";""
"Faina";"Produção de Cobalto (t)";"";"";"";"";"";"-";"";"";"";"";"";"";"";"";"";"";"";"";"";"";""
"Faina";"Produção de Cobre (t)";"";"";"";"";"";"-";"";"";"";"";"";"";"";"";"";"";"";"";"";"";""
"Faina";"Produção de Diamante (ct)";"";"";"";"";"";"-";"";"";"";"";"";"";"";"";"";"";"";"";"";"";""
"Faina";"Produção de Esmeralda (kg)";"";"-";"-";"-";"-";"-";"";"";"";"";"";"";"";"";"";"";"";"";"";"";""
"Faina";"Produção de Ferro para Cimento (t)";"";"";"";"";"";"-";"";"";"";"";"";"";"";"";"";"";"";"";"";"";""
"Faina";"Produção de Filito (t)";"";"";"";"";"";"-";"";"";"";"";"";"";"";"";"";"";"";"";"";"";""
"Faina";"Produção de Fosfato (t)";"";"";"";"";"";"-";"";"";"";"";"";"";"";"";"";"";"";"";"";"";""
"Faina";"Produção de Manganês (t)";"";"";"";"";"";"-";"";"";"";"";"";"";"";"";"";"";"";"";"";"";""
"Faina";"Produção de Nióbio (t)";"";"";"";"";"";"-";"";"";"";"";"";"";"";"";"";"";"";"";"";"";""
"Faina";"Produção de Níquel (t)";"";"";"";"";"";"-";"";"";"";"";"";"";"";"";"";"";"";"";"";"";""
"Fazenda Nova";"Produção de Calcário para Rações (t)";"";"";"";"";"";"-";"";"";"";"";"";"";"";"";"";"";"";"";"";"";""
"Fazenda Nova";"Produção de Cascalho ()";"";"";"";"";"";"-";"";"";"33";"33";"";"";"";"";"";"";"";"";"";"";""
"Fazenda Nova";"Produção de Caulim (t)";"";"";"";"";"";"-";"";"";"";"";"";"";"";"";"";"";"";"";"";"";""
"Fazenda Nova";"Produção de Caulim para Cerâmica Branca (t)";"";"";"";"";"";"-";"";"";"";"";"";"";"";"";"";"";"";"";"";"";""
"Fazenda Nova";"Produção de Cobalto (t)";"";"";"";"";"";"-";"";"";"";"";"";"";"";"";"";"";"";"";"";"";""
"Fazenda Nova";"Produção de Cobre (t)";"";"";"";"";"";"-";"";"";"";"";"";"";"";"";"";"";"";"";"";"";""
"Fazenda Nova";"Produção de Diamante (ct)";"";"";"";"";"";"-";"";"";"33";"33";"";"";"";"";"";"";"";"";"";"";""
"Fazenda Nova";"Produção de Esmeralda (kg)";"";"-";"-";"-";"-";"-";"";"";"";"";"";"";"";"";"";"";"";"";"";"";""
"Fazenda Nova";"Produção de Ferro para Cimento (t)";"";"";"";"";"";"-";"";"";"";"";"";"";"";"";"";"";"";"";"";"";""
"Fazenda Nova";"Produção de Filito (t)";"";"";"";"";"";"-";"";"";"";"";"";"";"";"";"";"";"";"";"";"";""
"Fazenda Nova";"Produção de Fosfato (t)";"";"";"";"";"";"-";"";"";"";"";"";"";"";"";"";"";"";"";"";"";""
"Fazenda Nova";"Produção de Manganês (t)";"";"";"";"";"";"-";"";"";"";"";"";"";"";"";"";"";"";"";"";"";""
"Fazenda Nova";"Produção de Nióbio (t)";"";"";"";"";"";"-";"";"";"";"";"";"";"";"";"";"";"";"";"";"";""
"Fazenda Nova";"Produção de Níquel (t)";"";"";"";"";"";"-";"";"";"";"";"";"";"";"";"";"";"";"";"";"";""
"Firminópolis";"Produção de Calcário para Rações (t)";"";"";"";"";"";"-";"";"";"";"";"";"";"";"";"";"";"";"";"";"";""
"Firminópolis";"Produção de Cascalho ()";"";"";"";"";"";"-";"";"";"";"";"";"";"";"";"";"";"";"";"";"";""
"Firminópolis";"Produção de Caulim (t)";"";"";"";"";"";"-";"";"";"";"";"";"";"";"";"";"";"";"";"";"";""
"Firminópolis";"Produção de Caulim para Cerâmica Branca (t)";"";"";"";"";"";"-";"";"";"";"";"";"";"";"";"";"";"";"";"";"";""
"Firminópolis";"Produção de Cobalto (t)";"";"";"";"";"";"-";"";"";"";"";"";"";"";"";"";"";"";"";"";"";""
"Firminópolis";"Produção de Cobre (t)";"";"";"";"";"";"-";"";"";"";"";"";"";"";"";"";"";"";"";"";"";""
"Firminópolis";"Produção de Diamante (ct)";"";"";"";"";"";"-";"";"";"";"";"";"";"";"";"";"";"";"";"";"";""
"Firminópolis";"Produção de Esmeralda (kg)";"";"-";"-";"-";"-";"-";"";"";"";"";"";"";"";"";"";"";"";"";"";"";""
"Firminópolis";"Produção de Ferro para Cimento (t)";"";"";"";"";"";"-";"";"";"";"";"";"";"";"";"";"";"";"";"";"";""
"Firminópolis";"Produção de Filito (t)";"";"";"";"";"";"-";"";"";"";"";"";"";"";"";"";"";"";"";"";"";""
"Firminópolis";"Produção de Fosfato (t)";"";"";"";"";"";"-";"";"";"";"";"";"";"";"";"";"";"";"";"";"";""
"Firminópolis";"Produção de Manganês (t)";"";"";"";"";"";"-";"";"";"";"";"";"";"";"";"";"";"";"";"";"";""
"Firminópolis";"Produção de Nióbio (t)";"";"";"";"";"";"-";"";"";"";"";"";"";"";"";"";"";"";"";"";"";""
"Firminópolis";"Produção de Níquel (t)";"";"";"";"";"";"-";"";"";"";"";"";"";"";"";"";"";"";"";"";"";""
"Flores de Goiás";"Produção de Calcário para Rações (t)";"";"";"";"";"";"-";"";"";"";"";"";"";"";"";"";"";"";"";"";"";""
"Flores de Goiás";"Produção de Cascalho ()";"";"";"";"";"";"-";"";"";"";"";"";"";"";"";"";"";"";"";"";"";""
"Flores de Goiás";"Produção de Caulim (t)";"";"";"";"";"";"-";"";"";"";"";"";"";"";"";"";"";"";"";"";"";""
"Flores de Goiás";"Produção de Caulim para Cerâmica Branca (t)";"";"";"";"";"";"-";"";"";"";"";"";"";"";"";"";"";"";"";"";"";""
"Flores de Goiás";"Produção de Cobalto (t)";"";"";"";"";"";"-";"";"";"";"";"";"";"";"";"";"";"";"";"";"";""
"Flores de Goiás";"Produção de Cobre (t)";"";"";"";"";"";"-";"";"";"";"";"";"";"";"";"";"";"";"";"";"";""
"Flores de Goiás";"Produção de Diamante (ct)";"";"";"";"";"";"-";"";"";"";"";"";"";"";"";"";"";"";"";"";"";""
"Flores de Goiás";"Produção de Esmeralda (kg)";"";"-";"-";"-";"-";"-";"";"";"";"";"";"";"";"";"";"";"";"";"";"";""
"Flores de Goiás";"Produção de Ferro para Cimento (t)";"";"";"";"";"";"-";"";"";"";"";"";"";"";"";"";"";"";"";"";"";""
"Flores de Goiás";"Produção de Filito (t)";"";"";"";"";"";"-";"";"";"";"";"";"";"";"";"";"";"";"";"";"";""
"Flores de Goiás";"Produção de Fosfato (t)";"";"";"";"";"";"-";"";"";"";"";"";"";"";"";"";"";"";"";"";"";""
"Flores de Goiás";"Produção de Manganês (t)";"";"";"";"";"";"-";"";"";"";"";"";"";"";"";"";"";"";"";"";"";""
"Flores de Goiás";"Produção de Nióbio (t)";"";"";"";"";"";"-";"";"";"";"";"";"";"";"";"";"";"";"";"";"";""
"Flores de Goiás";"Produção de Níquel (t)";"";"";"";"";"";"-";"";"";"";"";"";"";"";"";"";"";"";"";"";"";""
"Formosa";"Produção de Calcário para Rações (t)";"";"";"";"";"";"-";"";"";"";"";"";"";"";"";"";"";"";"";"";"";""
"Formosa";"Produção de Cascalho ()";"";"";"";"";"";"-";"9.225";"";"";"";"1.800";"750";"";"";"";"";"";"";"";"";""
"Formosa";"Produção de Caulim (t)";"";"";"";"";"";"-";"";"";"";"";"";"";"";"";"";"";"";"";"";"";""
"Formosa";"Produção de Caulim para Cerâmica Branca (t)";"";"";"";"";"";"-";"";"";"";"";"";"";"";"";"";"";"";"";"";"";""
"Formosa";"Produção de Cobalto (t)";"";"";"";"";"";"-";"";"";"";"";"";"";"";"";"";"";"";"";"";"";""
"Formosa";"Produção de Cobre (t)";"";"";"";"";"";"-";"";"";"";"";"";"";"";"";"";"";"";"";"";"";""
"Formosa";"Produção de Diamante (ct)";"";"";"";"";"";"-";"";"";"";"";"";"";"";"";"";"";"";"";"";"";""
"Formosa";"Produção de Esmeralda (kg)";"";"-";"-";"-";"-";"-";"";"";"";"";"";"";"";"";"";"";"";"";"";"";""
"Formosa";"Produção de Ferro para Cimento (t)";"";"";"";"";"";"-";"";"";"";"";"";"";"";"";"";"";"";"";"";"";""
"Formosa";"Produção de Filito (t)";"";"";"";"";"";"-";"";"";"";"";"";"";"";"";"";"";"";"";"";"";""
"Formosa";"Produção de Fosfato (t)";"";"";"";"";"";"-";"";"";"";"";"";"";"";"";"";"";"";"";"";"";""
"Formosa";"Produção de Manganês (t)";"";"";"";"";"";"-";"";"";"";"";"";"";"";"";"";"";"";"";"";"";""
"Formosa";"Produção de Nióbio (t)";"";"";"";"";"";"-";"";"";"";"";"";"";"";"";"";"";"";"";"";"";""
"Formosa";"Produção de Níquel (t)";"";"";"";"";"";"-";"";"";"";"";"";"";"";"";"";"";"";"";"";"";""
"Formoso";"Produção de Calcário para Rações (t)";"";"";"";"";"";"-";"";"";"";"";"";"";"";"";"";"";"";"";"";"";""
"Formoso";"Produção de Cascalho ()";"";"";"";"";"";"-";"";"";"";"";"";"";"";"";"";"";"";"";"";"";""
"Formoso";"Produção de Caulim (t)";"";"7.975";"-";"-";"";"-";"";"";"";"";"";"";"";"";"";"";"";"";"";"";""
"Formoso";"Produção de Caulim para Cerâmica Branca (t)";"";"-";"8.206";" 7.727 ";"6.851";"8.464";"7.234";"6.121";"5.516";"1.395";"";"";"";"";"";"";"";"";"";"";""
"Formoso";"Produção de Cobalto (t)";"";"";"";"";"";"-";"";"";"";"";"";"";"";"";"";"";"";"";"";"";""
"Formoso";"Produção de Cobre (t)";"";"";"";"";"";"-";"";"";"";"";"";"";"";"";"";"";"";"";"";"";""
"Formoso";"Produção de Diamante (ct)";"";"";"";"";"";"-";"";"";"";"";"";"";"";"";"";"";"";"";"";"";""
"Formoso";"Produção de Esmeralda (kg)";"";"-";"-";"-";"-";"-";"";"";"";"";"";"";"";"";"";"";"";"";"";"";""
"Formoso";"Produção de Ferro para Cimento (t)";"";"";"";"";"";"-";"";"";"";"";"";"";"";"";"";"";"";"";"";"";""
"Formoso";"Produção de Filito (t)";"";"";"";"";"";"-";"";"";"";"";"";"";"";"";"";"";"";"";"";"";""
"Formoso";"Produção de Fosfato (t)";"";"";"";"";"";"-";"";"";"";"";"";"";"";"";"";"";"";"";"";"";""
"Formoso";"Produção de Manganês (t)";"";"";"";"";"";"-";"";"";"";"";"";"";"";"";"";"";"";"";"";"";""
"Formoso";"Produção de Nióbio (t)";"";"";"";"";"";"-";"";"";"";"";"";"";"";"";"";"";"";"";"";"";""
"Formoso";"Produção de Níquel (t)";"";"";"";"";"";"-";"";"";"";"";"";"";"";"";"";"";"";"";"";"";""
"Gameleira de Goiás";"Produção de Calcário para Rações (t)";"";"";"";"";"";"-";"";"";"";"";"";"";"";"";"";"";"";"";"";"";""
"Gameleira de Goiás";"Produção de Cascalho ()";"";"";"";"";"";"-";"375";"";"";"";"";"";"";"";"";"";"";"";"";"";""
"Gameleira de Goiás";"Produção de Caulim (t)";"";"";"";"";"";"-";"";"";"";"";"";"";"";"";"";"";"";"";"";"";""
"Gameleira de Goiás";"Produção de Caulim para Cerâmica Branca (t)";"";"";"";"";"";"-";"";"";"";"";"";"";"";"";"";"";"";"";"";"";""
"Gameleira de Goiás";"Produção de Cobalto (t)";"";"";"";"";"";"-";"";"";"";"";"";"";"";"";"";"";"";"";"";"";""
"Gameleira de Goiás";"Produção de Cobre (t)";"";"";"";"";"";"-";"";"";"";"";"";"";"";"";"";"";"";"";"";"";""
"Gameleira de Goiás";"Produção de Diamante (ct)";"";"";"";"";"";"-";"";"";"";"";"";"";"";"";"";"";"";"";"";"";""
"Gameleira de Goiás";"Produção de Esmeralda (kg)";"";"-";"-";"-";"-";"-";"";"";"";"";"";"";"";"";"";"";"";"";"";"";""
"Gameleira de Goiás";"Produção de Ferro para Cimento (t)";"";"";"";"";"";"-";"";"";"";"";"";"";"";"";"";"";"";"";"";"";""
"Gameleira de Goiás";"Produção de Filito (t)";"";"";"";"";"";"-";"";"";"";"";"";"";"";"";"";"";"";"";"";"";""
"Gameleira de Goiás";"Produção de Fosfato (t)";"";"";"";"";"";"-";"";"";"";"";"";"";"";"";"";"";"";"";"";"";""
"Gameleira de Goiás";"Produção de Manganês (t)";"";"";"";"";"";"-";"";"";"";"";"";"";"";"";"";"";"";"";"";"";""
"Gameleira de Goiás";"Produção de Nióbio (t)";"";"";"";"";"";"-";"";"";"";"";"";"";"";"";"";"";"";"";"";"";""
"Gameleira de Goiás";"Produção de Níquel (t)";"";"";"";"";"";"-";"";"";"";"";"";"";"";"";"";"";"";"";"";"";""
"Goianápolis";"Produção de Calcário para Rações (t)";"";"";"";"";"";"-";"";"";"";"";"";"";"";"";"";"";"";"";"";"";""
"Goianápolis";"Produção de Cascalho ()";"";"";"";"";"";"-";"";"";"";"";"";"";"";"";"";"";"";"";"";"";""
"Goianápolis";"Produção de Caulim (t)";"";"";"";"";"";"-";"";"";"";"";"";"";"";"";"";"";"";"";"";"";""
"Goianápolis";"Produção de Caulim para Cerâmica Branca (t)";"";"";"";"";"";"-";"";"";"";"";"";"";"";"";"";"";"";"";"";"";""
"Goianápolis";"Produção de Cobalto (t)";"";"";"";"";"";"-";"";"";"";"";"";"";"";"";"";"";"";"";"";"";""
"Goianápolis";"Produção de Cobre (t)";"";"";"";"";"";"-";"";"";"";"";"";"";"";"";"";"";"";"";"";"";""
"Goianápolis";"Produção de Diamante (ct)";"";"";"";"";"";"-";"";"";"";"";"";"";"";"";"";"";"";"";"";"";""
"Goianápolis";"Produção de Esmeralda (kg)";"";"-";"-";"-";"-";"-";"";"";"";"";"";"";"";"";"";"";"";"";"";"";""
"Goianápolis";"Produção de Ferro para Cimento (t)";"";"";"";"";"";"-";"";"";"";"";"";"";"";"";"";"";"";"";"";"";""
"Goianápolis";"Produção de Filito (t)";"";"";"";"";"";"-";"";"";"";"";"";"";"";"";"";"";"";"";"";"";""
"Goianápolis";"Produção de Fosfato (t)";"";"";"";"";"";"-";"";"";"";"";"";"";"";"";"";"";"";"";"";"";""
"Goianápolis";"Produção de Manganês (t)";"";"";"";"";"";"-";"";"";"";"";"";"";"";"";"";"";"";"";"";"";""
"Goianápolis";"Produção de Nióbio (t)";"";"";"";"";"";"-";"";"";"";"";"";"";"";"";"";"";"";"";"";"";""
"Goianápolis";"Produção de Níquel (t)";"";"";"";"";"";"-";"";"";"";"";"";"";"";"";"";"";"";"";"";"";""
"Goiandira";"Produção de Calcário para Rações (t)";"";"";"";"";"";"-";"";"";"";"";"";"";"";"";"";"";"";"";"";"";""
"Goiandira";"Produção de Cascalho ()";"";"-";"-";" 152 ";"135";"-";"";"";"";"";"";"";"";"";"";"";"";"";"";"";""
"Goiandira";"Produção de Caulim (t)";"";"";"";"";"";"-";"";"";"";"";"";"";"";"";"";"";"";"";"";"";""
"Goiandira";"Produção de Caulim para Cerâmica Branca (t)";"";"";"";"";"";"-";"";"";"";"";"";"";"";"";"";"";"";"";"";"";""
"Goiandira";"Produção de Cobalto (t)";"";"";"";"";"";"-";"";"";"";"";"";"";"";"";"";"";"";"";"";"";""
"Goiandira";"Produção de Cobre (t)";"";"";"";"";"";"-";"";"";"";"";"";"";"";"";"";"";"";"";"";"";""
"Goiandira";"Produção de Diamante (ct)";"";"";"";"";"";"-";"";"";"";"";"";"";"";"";"";"";"";"";"";"";""
"Goiandira";"Produção de Esmeralda (kg)";"";"-";"-";"-";"-";"-";"";"";"";"";"";"";"";"";"";"";"";"";"";"";""
"Goiandira";"Produção de Ferro para Cimento (t)";"";"";"";"";"";"-";"";"";"";"";"";"";"";"";"";"";"";"";"";"";""
"Goiandira";"Produção de Filito (t)";"";"";"";"";"";"-";"";"";"";"";"";"";"";"";"";"";"";"";"";"";""
"Goiandira";"Produção de Fosfato (t)";"";"";"";"";"";"-";"";"";"";"";"";"";"";"";"";"";"";"";"";"";""
"Goiandira";"Produção de Manganês (t)";"";"";"";"";"";"-";"";"";"";"";"";"";"";"";"";"";"";"";"";"";""
"Goiandira";"Produção de Nióbio (t)";"";"";"";"";"";"-";"";"";"";"";"";"";"";"";"";"";"";"";"";"";""
"Goiandira";"Produção de Níquel (t)";"";"";"";"";"";"-";"";"";"";"";"";"";"";"";"";"";"";"";"";"";""
"Goianésia";"Produção de Calcário para Rações (t)";"";"";"";"";"";"-";"";"";"";"";"";"";"";"";"";"";"";"";"";"";""
"Goianésia";"Produção de Cascalho ()";"";"";"";"";"";"-";"";"";"";"";"";"";"";"";"";"";"";"";"";"";""
"Goianésia";"Produção de Caulim (t)";"";"";"";"";"";"-";"";"";"";"";"";"";"";"";"";"";"";"";"";"";""
"Goianésia";"Produção de Caulim para Cerâmica Branca (t)";"";"";"";"";"";"-";"";"";"";"";"";"";"";"";"";"";"";"";"";"";""
"Goianésia";"Produção de Cobalto (t)";"";"";"";"";"";"-";"";"";"";"";"";"";"";"";"";"";"";"";"";"";""
"Goianésia";"Produção de Cobre (t)";"";"";"";"";"";"-";"";"";"";"";"";"";"";"";"";"";"";"";"";"";""
"Goianésia";"Produção de Diamante (ct)";"";"";"";"";"";"-";"";"";"";"";"";"";"";"";"";"";"";"";"";"";""
"Goianésia";"Produção de Esmeralda (kg)";"";"-";"-";"-";"-";"-";"";"";"";"";"";"";"";"";"";"";"";"";"";"";""
"Goianésia";"Produção de Ferro para Cimento (t)";"";"";"";"";"";"-";"";"";"";"";"";"";"";"";"";"";"";"";"";"";""
"Goianésia";"Produção de Filito (t)";"";"";"";"";"";"-";"";"";"";"";"";"";"";"";"";"";"";"";"";"";""
"Goianésia";"Produção de Fosfato (t)";"";"";"";"";"";"-";"";"";"";"";"";"";"";"";"";"";"";"";"";"";""
"Goianésia";"Produção de Manganês (t)";"";"";"";"";"";"-";"";"";"";"";"";"";"";"";"";"";"";"";"";"";""
"Goianésia";"Produção de Nióbio (t)";"";"";"";"";"";"-";"";"";"";"";"";"";"";"";"";"";"";"";"";"";""
"Goianésia";"Produção de Níquel (t)";"";"";"";"";"";"-";"";"";"";"";"";"";"";"";"";"";"";"";"";"";""
"Goiânia";"Produção de Calcário para Rações (t)";"";"";"";"";"";"-";"";"";"";"";"";"";"";"";"";"";"";"";"";"";""
"Goiânia";"Produção de Cascalho ()";"";"-";"-";" 1.176 ";"331";"-";"";"";"1.176";"13.630";"2.790";"";"";"";"";"";"";"";"";"";""
"Goiânia";"Produção de Caulim (t)";"";"";"";"";"";"-";"";"";"";"";"";"";"";"";"";"";"";"";"";"";""
"Goiânia";"Produção de Caulim para Cerâmica Branca (t)";"";"";"";"";"";"-";"";"";"";"";"";"";"";"";"";"";"";"";"";"";""
"Goiânia";"Produção de Cobalto (t)";"";"";"";"";"";"-";"";"";"";"";"";"";"";"";"";"";"";"";"";"";""
"Goiânia";"Produção de Cobre (t)";"";"";"";"";"";"-";"";"";"";"";"";"";"";"";"";"";"";"";"";"";""
"Goiânia";"Produção de Diamante (ct)";"";"";"";"";"";"-";"";"";"";"";"";"";"";"";"";"";"";"";"";"";""
"Goiânia";"Produção de Esmeralda (kg)";"";"-";"-";"-";"-";"-";"";"";"";"";"";"";"";"";"";"";"";"";"";"";""
"Goiânia";"Produção de Ferro para Cimento (t)";"";"";"";"";"";"-";"";"";"";"";"";"";"";"";"";"";"";"";"";"";""
"Goiânia";"Produção de Filito (t)";"";"";"";"";"";"-";"";"";"";"";"";"";"";"";"";"";"";"";"";"";""
"Goiânia";"Produção de Fosfato (t)";"";"";"";"";"";"-";"";"";"";"";"";"";"";"";"";"";"";"";"";"";""
"Goiânia";"Produção de Manganês (t)";"";"";"";"";"";"-";"";"";"";"";"";"";"";"";"";"";"";"";"";"";""
"Goiânia";"Produção de Nióbio (t)";"";"";"";"";"";"-";"";"";"";"";"";"";"";"";"";"";"";"";"";"";""
"Goiânia";"Produção de Níquel (t)";"";"";"";"";"";"-";"";"";"";"";"";"";"";"";"";"";"";"";"";"";""
"Goianira";"Produção de Calcário para Rações (t)";"";"";"";"";"";"-";"";"";"";"";"";"";"";"";"";"";"";"";"";"";""
"Goianira";"Produção de Cascalho ()";"";"";"";"";"";"-";"";"";"";"";"";"";"";"";"";"";"";"";"";"";""
"Goianira";"Produção de Caulim (t)";"";"";"";"";"";"-";"";"";"";"";"";"";"";"";"";"";"";"";"";"";""
"Goianira";"Produção de Caulim para Cerâmica Branca (t)";"";"";"";"";"";"-";"";"";"";"";"";"";"";"";"";"";"";"";"";"";""
"Goianira";"Produção de Cobalto (t)";"";"";"";"";"";"-";"";"";"";"";"";"";"";"";"";"";"";"";"";"";""
"Goianira";"Produção de Cobre (t)";"";"";"";"";"";"-";"";"";"";"";"";"";"";"";"";"";"";"";"";"";""
"Goianira";"Produção de Diamante (ct)";"";"";"";"";"";"-";"";"";"";"";"";"";"";"";"";"";"";"";"";"";""
"Goianira";"Produção de Esmeralda (kg)";"";"-";"-";"-";"-";"-";"";"";"";"";"";"";"";"";"";"";"";"";"";"";""
"Goianira";"Produção de Ferro para Cimento (t)";"";"";"";"";"";"-";"";"";"";"";"";"";"";"";"";"";"";"";"";"";""
"Goianira";"Produção de Filito (t)";"";"";"";"";"";"-";"";"";"";"";"";"";"";"";"";"";"";"";"";"";""
"Goianira";"Produção de Fosfato (t)";"";"";"";"";"";"-";"";"";"";"";"";"";"";"";"";"";"";"";"";"";""
"Goianira";"Produção de Manganês (t)";"";"";"";"";"";"-";"";"";"";"";"";"";"";"";"";"";"";"";"";"";""
"Goianira";"Produção de Nióbio (t)";"";"";"";"";"";"-";"";"";"";"";"";"";"";"";"";"";"";"";"";"";""
"Goianira";"Produção de Níquel (t)";"";"";"";"";"";"-";"";"";"";"";"";"";"";"";"";"";"";"";"";"";""
"Goiás";"Produção de Calcário para Rações (t)";"";"";"";"";"";"-";"";"";"";"";"";"";"";"";"";"";"";"";"";"";""
"Goiás";"Produção de Cascalho ()";"";"";"";"";"";"-";"46.928";"";"";"";"291";"34";"";"";"";"";"";"";"";"";""
"Goiás";"Produção de Caulim (t)";"";"";"";"";"";"-";"";"";"";"";"";"";"";"";"";"";"";"";"";"";""
"Goiás";"Produção de Caulim para Cerâmica Branca (t)";"";"";"";"";"";"-";"";"";"";"";"";"";"";"";"";"";"";"";"";"";""
"Goiás";"Produção de Cobalto (t)";"";"";"";"";"";"-";"";"";"";"";"";"";"";"";"";"";"";"";"";"";""
"Goiás";"Produção de Cobre (t)";"";"";"";"";"";"-";"";"";"";"";"";"";"";"";"";"";"";"";"";"";""
"Goiás";"Produção de Diamante (ct)";"";"";"";"";"";"-";"";"";"";"";"";"";"";"";"";"";"";"";"";"";""
"Goiás";"Produção de Esmeralda (kg)";"";"-";"-";"-";"-";"-";"";"";"";"";"";"";"";"";"";"";"";"";"";"";""
"Goiás";"Produção de Ferro para Cimento (t)";"";"";"";"";"";"-";"";"";"";"";"";"";"";"";"";"";"";"";"";"";""
"Goiás";"Produção de Filito (t)";"";"";"";"";"";"-";"";"";"";"";"";"";"";"";"";"";"";"";"";"";""
"Goiás";"Produção de Fosfato (t)";"";"";"";"";"";"-";"";"";"";"";"";"";"";"";"";"";"";"";"";"";""
"Goiás";"Produção de Manganês (t)";"";"";"";"";"";"-";"";"";"";"";"";"";"";"";"";"";"";"";"";"";""
"Goiás";"Produção de Nióbio (t)";"";"";"";"";"";"-";"";"";"";"";"";"";"";"";"";"";"";"";"";"";""
"Goiás";"Produção de Níquel (t)";"";"";"";"";"";"-";"";"";"";"";"";"";"";"";"";"";"";"";"";"";""
"Goiatuba";"Produção de Calcário para Rações (t)";"";"";"";"";"";"-";"";"";"";"";"";"";"";"";"";"";"";"";"";"";""
"Goiatuba";"Produção de Cascalho ()";"";"-";"700";"-";"";"-";"";"";"";"";"";"";"";"";"";"";"";"";"";"";""
"Goiatuba";"Produção de Caulim (t)";"";"";"";"";"";"-";"";"";"";"";"";"";"";"";"";"";"";"";"";"";""
"Goiatuba";"Produção de Caulim para Cerâmica Branca (t)";"";"";"";"";"";"-";"";"";"";"";"";"";"";"";"";"";"";"";"";"";""
"Goiatuba";"Produção de Cobalto (t)";"";"";"";"";"";"-";"";"";"";"";"";"";"";"";"";"";"";"";"";"";""
"Goiatuba";"Produção de Cobre (t)";"";"";"";"";"";"-";"";"";"";"";"";"";"";"";"";"";"";"";"";"";""
"Goiatuba";"Produção de Diamante (ct)";"";"";"";"";"";"-";"";"";"";"";"";"";"";"";"";"";"";"";"";"";""
"Goiatuba";"Produção de Esmeralda (kg)";"";"-";"-";"-";"-";"-";"";"";"";"";"";"";"";"";"";"";"";"";"";"";""
"Goiatuba";"Produção de Ferro para Cimento (t)";"";"";"";"";"";"-";"";"";"";"";"";"";"";"";"";"";"";"";"";"";""
"Goiatuba";"Produção de Filito (t)";"";"";"";"";"";"-";"";"";"";"";"";"";"";"";"";"";"";"";"";"";""
"Goiatuba";"Produção de Fosfato (t)";"";"";"";"";"";"-";"";"";"";"";"";"";"";"";"";"";"";"";"";"";""
"Goiatuba";"Produção de Manganês (t)";"";"";"";"";"";"-";"";"";"";"";"";"";"";"";"";"";"";"";"";"";""
"Goiatuba";"Produção de Nióbio (t)";"";"";"";"";"";"-";"";"";"";"";"";"";"";"";"";"";"";"";"";"";""
"Goiatuba";"Produção de Níquel (t)";"";"";"";"";"";"-";"";"";"";"";"";"";"";"";"";"";"";"";"";"";""
"Gouvelândia";"Produção de Calcário para Rações (t)";"";"";"";"";"";"-";"";"";"";"";"";"";"";"";"";"";"";"";"";"";""
"Gouvelândia";"Produção de Cascalho ()";"";"";"";"";"";"-";"";"";"";"";"";"";"";"";"";"";"";"";"";"";""
"Gouvelândia";"Produção de Caulim (t)";"";"";"";"";"";"-";"";"";"";"";"";"";"";"";"";"";"";"";"";"";""
"Gouvelândia";"Produção de Caulim para Cerâmica Branca (t)";"";"";"";"";"";"-";"";"";"";"";"";"";"";"";"";"";"";"";"";"";""
"Gouvelândia";"Produção de Cobalto (t)";"";"";"";"";"";"-";"";"";"";"";"";"";"";"";"";"";"";"";"";"";""
"Gouvelândia";"Produção de Cobre (t)";"";"";"";"";"";"-";"";"";"";"";"";"";"";"";"";"";"";"";"";"";""
"Gouvelândia";"Produção de Diamante (ct)";"";"";"";"";"";"-";"";"";"";"";"";"";"";"";"";"";"";"";"";"";""
"Gouvelândia";"Produção de Esmeralda (kg)";"";"-";"-";"-";"-";"-";"";"";"";"";"";"";"";"";"";"";"";"";"";"";""
"Gouvelândia";"Produção de Ferro para Cimento (t)";"";"";"";"";"";"-";"";"";"";"";"";"";"";"";"";"";"";"";"";"";""
"Gouvelândia";"Produção de Filito (t)";"";"";"";"";"";"-";"";"";"";"";"";"";"";"";"";"";"";"";"";"";""
"Gouvelândia";"Produção de Fosfato (t)";"";"";"";"";"";"-";"";"";"";"";"";"";"";"";"";"";"";"";"";"";""
"Gouvelândia";"Produção de Manganês (t)";"";"";"";"";"";"-";"";"";"";"";"";"";"";"";"";"";"";"";"";"";""
"Gouvelândia";"Produção de Nióbio (t)";"";"";"";"";"";"-";"";"";"";"";"";"";"";"";"";"";"";"";"";"";""
"Gouvelândia";"Produção de Níquel (t)";"";"";"";"";"";"-";"";"";"";"";"";"";"";"";"";"";"";"";"";"";""
"Guapó";"Produção de Calcário para Rações (t)";"";"";"";"";"";"-";"";"";"";"";"";"";"";"";"";"";"";"";"";"";""
"Guapó";"Produção de Cascalho ()";"";"";"";"";"";"-";"";"";"";"";"";"";"";"";"";"";"";"";"";"";""
"Guapó";"Produção de Caulim (t)";"";"";"";"";"";"-";"";"";"";"";"";"";"";"";"";"";"";"";"";"";""
"Guapó";"Produção de Caulim para Cerâmica Branca (t)";"";"";"";"";"";"-";"";"";"";"";"";"";"";"";"";"";"";"";"";"";""
"Guapó";"Produção de Cobalto (t)";"";"";"";"";"";"-";"";"";"";"";"";"";"";"";"";"";"";"";"";"";""
"Guapó";"Produção de Cobre (t)";"";"";"";"";"";"-";"";"";"";"";"";"";"";"";"";"";"";"";"";"";""
"Guapó";"Produção de Diamante (ct)";"";"";"";"";"";"-";"";"";"";"";"";"";"";"";"";"";"";"";"";"";""
"Guapó";"Produção de Esmeralda (kg)";"";"-";"-";"-";"-";"-";"";"";"";"";"";"";"";"";"";"";"";"";"";"";""
"Guapó";"Produção de Ferro para Cimento (t)";"";"";"";"";"";"-";"";"";"";"";"";"";"";"";"";"";"";"";"";"";""
"Guapó";"Produção de Filito (t)";"";"";"";"";"";"-";"";"";"";"";"";"";"";"";"";"";"";"";"";"";""
"Guapó";"Produção de Fosfato (t)";"";"";"";"";"";"-";"";"";"";"";"";"";"";"";"";"";"";"";"";"";""
"Guapó";"Produção de Manganês (t)";"";"";"";"";"";"-";"";"";"";"";"";"";"";"";"";"";"";"";"";"";""
"Guapó";"Produção de Nióbio (t)";"";"";"";"";"";"-";"";"";"";"";"";"";"";"";"";"";"";"";"";"";""
"Guapó";"Produção de Níquel (t)";"";"";"";"";"";"-";"";"";"";"";"";"";"";"";"";"";"";"";"";"";""
"Guaraíta";"Produção de Calcário para Rações (t)";"";"";"";"";"";"-";"";"";"";"";"";"";"";"";"";"";"";"";"";"";""
"Guaraíta";"Produção de Cascalho ()";"";"";"";"";"";"-";"";"";"";"";"";"";"";"";"";"";"";"";"";"";""
"Guaraíta";"Produção de Caulim (t)";"";"";"";"";"";"-";"";"";"";"";"";"";"";"";"";"";"";"";"";"";""
"Guaraíta";"Produção de Caulim para Cerâmica Branca (t)";"";"";"";"";"";"-";"";"";"";"";"";"";"";"";"";"";"";"";"";"";""
"Guaraíta";"Produção de Cobalto (t)";"";"";"";"";"";"-";"";"";"";"";"";"";"";"";"";"";"";"";"";"";""
"Guaraíta";"Produção de Cobre (t)";"";"";"";"";"";"-";"";"";"";"";"";"";"";"";"";"";"";"";"";"";""
"Guaraíta";"Produção de Diamante (ct)";"";"";"";"";"";"-";"";"";"";"";"";"";"";"";"";"";"";"";"";"";""
"Guaraíta";"Produção de Esmeralda (kg)";"";"-";"-";"-";"-";"-";"";"";"";"";"";"";"";"";"";"";"";"";"";"";""
"Guaraíta";"Produção de Ferro para Cimento (t)";"";"";"";"";"";"-";"";"";"";"";"";"";"";"";"";"";"";"";"";"";""
"Guaraíta";"Produção de Filito (t)";"";"";"";"";"";"-";"";"";"";"";"";"";"";"";"";"";"";"";"";"";""
"Guaraíta";"Produção de Fosfato (t)";"";"";"";"";"";"-";"";"";"";"";"";"";"";"";"";"";"";"";"";"";""
"Guaraíta";"Produção de Manganês (t)";"";"";"";"";"";"-";"";"";"";"";"";"";"";"";"";"";"";"";"";"";""
"Guaraíta";"Produção de Nióbio (t)";"";"";"";"";"";"-";"";"";"";"";"";"";"";"";"";"";"";"";"";"";""
"Guaraíta";"Produção de Níquel (t)";"";"";"";"";"";"-";"";"";"";"";"";"";"";"";"";"";"";"";"";"";""
"Guarani de Goiás";"Produção de Calcário para Rações (t)";"";"";"";"";"";"-";"";"";"";"";"";"";"";"";"";"";"";"";"";"";""
"Guarani de Goiás";"Produção de Cascalho ()";"";"";"";"";"";"-";"";"22.250";"23.341";"";"";"";"";"";"";"";"";"";"";"";""
"Guarani de Goiás";"Produção de Caulim (t)";"";"";"";"";"";"-";"";"";"";"";"";"";"";"";"";"";"";"";"";"";""
"Guarani de Goiás";"Produção de Caulim para Cerâmica Branca (t)";"";"";"";"";"";"-";"";"";"";"";"";"";"";"";"";"";"";"";"";"";""
"Guarani de Goiás";"Produção de Cobalto (t)";"";"";"";"";"";"-";"";"";"";"";"";"";"";"";"";"";"";"";"";"";""
"Guarani de Goiás";"Produção de Cobre (t)";"";"";"";"";"";"-";"";"";"";"";"";"";"";"";"";"";"";"";"";"";""
"Guarani de Goiás";"Produção de Diamante (ct)";"";"";"";"";"";"-";"";"";"";"";"";"";"";"";"";"";"";"";"";"";""
"Guarani de Goiás";"Produção de Esmeralda (kg)";"";"-";"-";"-";"-";"-";"";"";"";"";"";"";"";"";"";"";"";"";"";"";""
"Guarani de Goiás";"Produção de Ferro para Cimento (t)";"";"";"";"";"";"-";"";"";"";"";"";"";"";"";"";"";"";"";"";"";""
"Guarani de Goiás";"Produção de Filito (t)";"";"";"";"";"";"-";"";"";"";"";"";"";"";"";"";"";"";"";"";"";""
"Guarani de Goiás";"Produção de Fosfato (t)";"";"";"";"";"";"-";"";"";"";"";"";"";"";"";"";"";"";"";"";"";""
"Guarani de Goiás";"Produção de Manganês (t)";"";"";"";"";"";"-";"";"";"";"";"";"";"";"";"";"";"";"";"";"";""
"Guarani de Goiás";"Produção de Nióbio (t)";"";"";"";"";"";"-";"";"";"";"";"";"";"";"";"";"";"";"";"";"";""
"Guarani de Goiás";"Produção de Níquel (t)";"";"";"";"";"";"-";"";"";"";"";"";"";"";"";"";"";"";"";"";"";""
"Guarinos";"Produção de Calcário para Rações (t)";"";"";"";"";"";"-";"";"";"";"";"";"";"";"";"";"";"";"";"";"";""
"Guarinos";"Produção de Cascalho ()";"";"";"";"";"";"-";"";"";"";"";"";"";"";"";"";"";"";"";"";"";""
"Guarinos";"Produção de Caulim (t)";"";"";"";"";"";"-";"";"";"";"";"";"";"";"";"";"";"";"";"";"";""
"Guarinos";"Produção de Caulim para Cerâmica Branca (t)";"";"";"";"";"";"-";"";"";"";"";"";"";"";"";"";"";"";"";"";"";""
"Guarinos";"Produção de Cobalto (t)";"";"";"";"";"";"-";"";"";"";"";"";"";"";"";"";"";"";"";"";"";""
"Guarinos";"Produção de Cobre (t)";"";"";"";"";"";"-";"";"";"";"";"";"";"";"";"";"";"";"";"";"";""
"Guarinos";"Produção de Diamante (ct)";"";"";"";"";"";"-";"";"";"";"";"";"";"";"";"";"";"";"";"";"";""
"Guarinos";"Produção de Esmeralda (kg)";"";"-";"-";"-";"-";"-";"";"";"";"";"";"";"";"";"";"";"";"";"";"";""
"Guarinos";"Produção de Ferro para Cimento (t)";"";"";"";"";"";"-";"";"";"";"";"";"";"";"";"";"";"";"";"";"";""
"Guarinos";"Produção de Filito (t)";"";"";"";"";"";"-";"";"";"";"";"";"";"";"";"";"";"";"";"";"";""
"Guarinos";"Produção de Fosfato (t)";"";"";"";"";"";"-";"";"";"";"";"";"";"";"";"";"";"";"";"";"";""
"Guarinos";"Produção de Manganês (t)";"";"";"";"";"";"-";"";"";"";"";"";"";"";"";"";"";"";"";"";"";""
"Guarinos";"Produção de Nióbio (t)";"";"";"";"";"";"-";"";"";"";"";"";"";"";"";"";"";"";"";"";"";""
"Guarinos";"Produção de Níquel (t)";"";"";"";"";"";"-";"";"";"";"";"";"";"";"";"";"";"";"";"";"";""
"Heitoraí";"Produção de Calcário para Rações (t)";"";"";"";"";"";"-";"";"";"";"";"";"";"";"";"";"";"";"";"";"";""
"Heitoraí";"Produção de Cascalho ()";"";"";"";"";"";"-";"";"";"";"";"";"";"";"";"";"";"";"";"";"";""
"Heitoraí";"Produção de Caulim (t)";"";"";"";"";"";"-";"";"";"";"";"";"";"";"";"";"";"";"";"";"";""
"Heitoraí";"Produção de Caulim para Cerâmica Branca (t)";"";"";"";"";"";"-";"";"";"";"";"";"";"";"";"";"";"";"";"";"";""
"Heitoraí";"Produção de Cobalto (t)";"";"";"";"";"";"-";"";"";"";"";"";"";"";"";"";"";"";"";"";"";""
"Heitoraí";"Produção de Cobre (t)";"";"";"";"";"";"-";"";"";"";"";"";"";"";"";"";"";"";"";"";"";""
"Heitoraí";"Produção de Diamante (ct)";"";"";"";"";"";"-";"";"";"";"";"";"";"";"";"";"";"";"";"";"";""
"Heitoraí";"Produção de Esmeralda (kg)";"";"-";"-";"-";"-";"-";"";"";"";"";"";"";"";"";"";"";"";"";"";"";""
"Heitoraí";"Produção de Ferro para Cimento (t)";"";"";"";"";"";"-";"";"";"";"";"";"";"";"";"";"";"";"";"";"";""
"Heitoraí";"Produção de Filito (t)";"";"";"";"";"";"-";"";"";"";"";"";"";"";"";"";"";"";"";"";"";""
"Heitoraí";"Produção de Fosfato (t)";"";"";"";"";"";"-";"";"";"";"";"";"";"";"";"";"";"";"";"";"";""
"Heitoraí";"Produção de Manganês (t)";"";"";"";"";"";"-";"";"";"";"";"";"";"";"";"";"";"";"";"";"";""
"Heitoraí";"Produção de Nióbio (t)";"";"";"";"";"";"-";"";"";"";"";"";"";"";"";"";"";"";"";"";"";""
"Heitoraí";"Produção de Níquel (t)";"";"";"";"";"";"-";"";"";"";"";"";"";"";"";"";"";"";"";"";"";""
"Hidrolândia";"Produção de Calcário para Rações (t)";"";"";"";"";"";"-";"";"";"";"";"";"";"";"";"";"";"";"";"";"";""
"Hidrolândia";"Produção de Cascalho ()";"";"";"";"";"";"-";"1.009";"";"";"";"";"";"";"";"";"";"";"";"";"";""
"Hidrolândia";"Produção de Caulim (t)";"";"";"";"";"";"-";"";"";"";"";"";"";"";"";"";"";"";"";"";"";""
"Hidrolândia";"Produção de Caulim para Cerâmica Branca (t)";"";"";"";"";"";"-";"";"";"";"";"";"";"";"";"";"";"";"";"";"";""
"Hidrolândia";"Produção de Cobalto (t)";"";"";"";"";"";"-";"";"";"";"";"";"";"";"";"";"";"";"";"";"";""
"Hidrolândia";"Produção de Cobre (t)";"";"";"";"";"";"-";"";"";"";"";"";"";"";"";"";"";"";"";"";"";""
"Hidrolândia";"Produção de Diamante (ct)";"";"";"";"";"";"-";"";"";"";"";"";"";"";"";"";"";"";"";"";"";""
"Hidrolândia";"Produção de Esmeralda (kg)";"";"-";"-";"-";"-";"-";"";"";"";"";"";"";"";"";"";"";"";"";"";"";""
"Hidrolândia";"Produção de Ferro para Cimento (t)";"";"";"";"";"";"-";"";"";"";"";"";"";"";"";"";"";"";"";"";"";""
"Hidrolândia";"Produção de Filito (t)";"";"";"";"";"";"-";"";"";"";"";"";"";"";"";"";"";"";"";"";"";""
"Hidrolândia";"Produção de Fosfato (t)";"";"";"";"";"";"-";"";"";"";"";"";"";"";"";"";"";"";"";"";"";""
"Hidrolândia";"Produção de Manganês (t)";"";"";"";"";"";"-";"";"";"";"";"";"";"";"";"";"";"";"";"";"";""
"Hidrolândia";"Produção de Nióbio (t)";"";"";"";"";"";"-";"";"";"";"";"";"";"";"";"";"";"";"";"";"";""
"Hidrolândia";"Produção de Níquel (t)";"";"";"";"";"";"-";"";"";"";"";"";"";"";"";"";"";"";"";"";"";""
"Hidrolina";"Produção de Calcário para Rações (t)";"";"";"";"";"";"-";"";"";"";"";"";"";"";"";"";"";"";"";"";"";""
"Hidrolina";"Produção de Cascalho ()";"";"";"";"";"";"-";"";"";"";"";"";"";"";"";"";"";"";"";"";"";""
"Hidrolina";"Produção de Caulim (t)";"";"";"";"";"";"-";"";"";"";"";"";"";"";"";"";"";"";"";"";"";""
"Hidrolina";"Produção de Caulim para Cerâmica Branca (t)";"";"";"";"";"";"-";"";"";"";"";"";"";"";"";"";"";"";"";"";"";""
"Hidrolina";"Produção de Cobalto (t)";"";"";"";"";"";"-";"";"";"";"";"";"";"";"";"";"";"";"";"";"";""
"Hidrolina";"Produção de Cobre (t)";"";"";"";"";"";"-";"";"";"";"";"";"";"";"";"";"";"";"";"";"";""
"Hidrolina";"Produção de Diamante (ct)";"";"";"";"";"";"-";"";"";"";"";"";"";"";"";"";"";"";"";"";"";""
"Hidrolina";"Produção de Esmeralda (kg)";"";"-";"-";"-";"-";"-";"";"";"";"";"";"";"";"";"";"";"";"";"";"";""
"Hidrolina";"Produção de Ferro para Cimento (t)";"";"";"";"";"";"-";"";"";"";"";"";"";"";"";"";"";"";"";"";"";""
"Hidrolina";"Produção de Filito (t)";"";"";"";"";"";"-";"";"";"";"";"";"";"";"";"";"";"";"";"";"";""
"Hidrolina";"Produção de Fosfato (t)";"";"";"";"";"";"-";"";"";"";"";"";"";"";"";"";"";"";"";"";"";""
"Hidrolina";"Produção de Manganês (t)";"";"";"";"";"";"-";"";"";"";"";"";"";"";"";"";"";"";"";"";"";""
"Hidrolina";"Produção de Nióbio (t)";"";"";"";"";"";"-";"";"";"";"";"";"";"";"";"";"";"";"";"";"";""
"Hidrolina";"Produção de Níquel (t)";"";"";"";"";"";"-";"";"";"";"";"";"";"";"";"";"";"";"";"";"";""
"Iaciara";"Produção de Calcário para Rações (t)";"";"";"";"";"";"-";"";"";"";"";"";"";"";"";"";"";"";"";"";"";""
"Iaciara";"Produção de Cascalho ()";"";"";"";"";"";"-";"";"";"";"";"";"";"";"";"";"";"";"";"";"";""
"Iaciara";"Produção de Caulim (t)";"";"";"";"";"";"-";"";"";"";"";"";"";"";"";"";"";"";"";"";"";""
"Iaciara";"Produção de Caulim para Cerâmica Branca (t)";"";"";"";"";"";"-";"";"";"";"";"";"";"";"";"";"";"";"";"";"";""
"Iaciara";"Produção de Cobalto (t)";"";"";"";"";"";"-";"";"";"";"";"";"";"";"";"";"";"";"";"";"";""
"Iaciara";"Produção de Cobre (t)";"";"";"";"";"";"-";"";"";"";"";"";"";"";"";"";"";"";"";"";"";""
"Iaciara";"Produção de Diamante (ct)";"";"";"";"";"";"-";"";"";"";"";"";"";"";"";"";"";"";"";"";"";""
"Iaciara";"Produção de Esmeralda (kg)";"";"-";"-";"-";"-";"-";"";"";"";"";"";"";"";"";"";"";"";"";"";"";""
"Iaciara";"Produção de Ferro para Cimento (t)";"";"";"";"";"";"-";"";"";"";"";"";"";"";"";"";"";"";"";"";"";""
"Iaciara";"Produção de Filito (t)";"";"";"";"";"";"-";"";"";"";"";"";"";"";"";"";"";"";"";"";"";""
"Iaciara";"Produção de Fosfato (t)";"";"";"";"";"";"-";"";"";"";"";"";"";"";"";"";"";"";"";"";"";""
"Iaciara";"Produção de Manganês (t)";"";"";"";"";"";"-";"";"";"";"";"";"";"";"";"";"";"";"";"";"";""
"Iaciara";"Produção de Nióbio (t)";"";"";"";"";"";"-";"";"";"";"";"";"";"";"";"";"";"";"";"";"";""
"Iaciara";"Produção de Níquel (t)";"";"";"";"";"";"-";"";"";"";"";"";"";"";"";"";"";"";"";"";"";""
"Inaciolândia";"Produção de Calcário para Rações (t)";"";"";"";"";"";"-";"";"";"";"";"";"";"";"";"";"";"";"";"";"";""
"Inaciolândia";"Produção de Cascalho ()";"";"";"";"";"";"-";"";"";"";"";"";"";"";"";"";"";"";"";"";"";""
"Inaciolândia";"Produção de Caulim (t)";"";"";"";"";"";"-";"";"";"";"";"";"";"";"";"";"";"";"";"";"";""
"Inaciolândia";"Produção de Caulim para Cerâmica Branca (t)";"";"";"";"";"";"-";"";"";"";"";"";"";"";"";"";"";"";"";"";"";""
"Inaciolândia";"Produção de Cobalto (t)";"";"";"";"";"";"-";"";"";"";"";"";"";"";"";"";"";"";"";"";"";""
"Inaciolândia";"Produção de Cobre (t)";"";"";"";"";"";"-";"";"";"";"";"";"";"";"";"";"";"";"";"";"";""
"Inaciolândia";"Produção de Diamante (ct)";"";"";"";"";"";"-";"";"";"";"";"";"";"";"";"";"";"";"";"";"";""
"Inaciolândia";"Produção de Esmeralda (kg)";"";"-";"-";"-";"-";"-";"";"";"";"";"";"";"";"";"";"";"";"";"";"";""
"Inaciolândia";"Produção de Ferro para Cimento (t)";"";"";"";"";"";"-";"";"";"";"";"";"";"";"";"";"";"";"";"";"";""
"Inaciolândia";"Produção de Filito (t)";"";"";"";"";"";"-";"";"";"";"";"";"";"";"";"";"";"";"";"";"";""
"Inaciolândia";"Produção de Fosfato (t)";"";"";"";"";"";"-";"";"";"";"";"";"";"";"";"";"";"";"";"";"";""
"Inaciolândia";"Produção de Manganês (t)";"";"";"";"";"";"-";"";"";"";"";"";"";"";"";"";"";"";"";"";"";""
"Inaciolândia";"Produção de Nióbio (t)";"";"";"";"";"";"-";"";"";"";"";"";"";"";"";"";"";"";"";"";"";""
"Inaciolândia";"Produção de Níquel (t)";"";"";"";"";"";"-";"";"";"";"";"";"";"";"";"";"";"";"";"";"";""
"Indiara";"Produção de Calcário para Rações (t)";"";"";"";"";"2.500";"-";"164.900";"164.838";"212.787";"";"341.000";"";"";"";"";"";"";"";"";"";""
"Indiara";"Produção de Cascalho ()";"";"";"";"";"";"-";"";"14.234";"20.278";"";"";"";"";"";"";"";"";"";"";"";""
"Indiara";"Produção de Caulim (t)";"";"";"";"";"";"-";"";"";"";"";"";"";"";"";"";"";"";"";"";"";""
"Indiara";"Produção de Caulim para Cerâmica Branca (t)";"";"";"";"";"";"-";"";"";"";"";"";"";"";"";"";"";"";"";"";"";""
"Indiara";"Produção de Cobalto (t)";"";"";"";"";"";"-";"";"";"";"";"";"";"";"";"";"";"";"";"";"";""
"Indiara";"Produção de Cobre (t)";"";"";"";"";"";"-";"";"";"";"";"";"";"";"";"";"";"";"";"";"";""
"Indiara";"Produção de Diamante (ct)";"";"";"";"";"";"-";"";"";"";"";"";"";"";"";"";"";"";"";"";"";""
"Indiara";"Produção de Esmeralda (kg)";"";"-";"-";"-";"-";"-";"";"";"";"";"";"";"";"";"";"";"";"";"";"";""
"Indiara";"Produção de Ferro para Cimento (t)";"";"";"";"";"";"-";"";"";"";"";"";"";"";"";"";"";"";"";"";"";""
"Indiara";"Produção de Filito (t)";"";"";"";"";"";"-";"";"";"";"";"";"";"";"";"";"";"";"";"";"";""
"Indiara";"Produção de Fosfato (t)";"";"";"";"";"";"-";"";"";"";"";"";"";"";"";"";"";"";"";"";"";""
"Indiara";"Produção de Manganês (t)";"";"";"";"";"";"-";"";"";"";"";"";"";"";"";"";"";"";"";"";"";""
"Indiara";"Produção de Nióbio (t)";"";"";"";"";"";"-";"";"";"";"";"";"";"";"";"";"";"";"";"";"";""
"Indiara";"Produção de Níquel (t)";"";"";"";"";"";"-";"";"";"";"";"";"";"";"";"";"";"";"";"";"";""
"Inhumas";"Produção de Calcário para Rações (t)";"";"";"";"";"";"-";"";"";"";"";"";"";"";"";"";"";"";"";"";"";""
"Inhumas";"Produção de Cascalho ()";"";"";"";"";"";"-";"";"";"";"";"";"";"";"";"";"";"";"";"";"";""
"Inhumas";"Produção de Caulim (t)";"";"";"";"";"";"-";"";"";"";"";"";"";"";"";"";"";"";"";"";"";""
"Inhumas";"Produção de Caulim para Cerâmica Branca (t)";"";"";"";"";"";"-";"";"";"";"";"";"";"";"";"";"";"";"";"";"";""
"Inhumas";"Produção de Cobalto (t)";"";"";"";"";"";"-";"";"";"";"";"";"";"";"";"";"";"";"";"";"";""
"Inhumas";"Produção de Cobre (t)";"";"";"";"";"";"-";"";"";"";"";"";"";"";"";"";"";"";"";"";"";""
"Inhumas";"Produção de Diamante (ct)";"";"";"";"";"";"-";"";"";"";"";"";"";"";"";"";"";"";"";"";"";""
"Inhumas";"Produção de Esmeralda (kg)";"";"-";"-";"-";"-";"-";"";"";"";"";"";"";"";"";"";"";"";"";"";"";""
"Inhumas";"Produção de Ferro para Cimento (t)";"";"";"";"";"";"-";"";"";"";"";"";"";"";"";"";"";"";"";"";"";""
"Inhumas";"Produção de Filito (t)";"";"";"";"";"";"-";"";"";"";"";"";"";"";"";"";"";"";"";"";"";""
"Inhumas";"Produção de Fosfato (t)";"";"";"";"";"";"-";"";"";"";"";"";"";"";"";"";"";"";"";"";"";""
"Inhumas";"Produção de Manganês (t)";"";"";"";"";"";"-";"";"";"";"";"";"";"";"";"";"";"";"";"";"";""
"Inhumas";"Produção de Nióbio (t)";"";"";"";"";"";"-";"";"";"";"";"";"";"";"";"";"";"";"";"";"";""
"Inhumas";"Produção de Níquel (t)";"";"";"";"";"";"-";"";"";"";"";"";"";"";"";"";"";"";"";"";"";""
"Ipameri";"Produção de Calcário para Rações (t)";"";"";"";"";"";"-";"";"";"";"";"";"";"";"";"";"";"";"";"";"";""
"Ipameri";"Produção de Cascalho ()";"";"150";"-";"-";"";"-";"";"";"";"";"";"";"";"";"";"";"";"";"";"";""
"Ipameri";"Produção de Caulim (t)";"";"";"";"";"";"-";"";"";"";"";"";"";"";"";"";"";"";"";"";"";""
"Ipameri";"Produção de Caulim para Cerâmica Branca (t)";"";"";"";"";"";"-";"";"";"";"";"";"";"";"";"";"";"";"";"";"";""
"Ipameri";"Produção de Cobalto (t)";"";"";"";"";"";"-";"";"";"";"";"";"";"";"";"";"";"";"";"";"";""
"Ipameri";"Produção de Cobre (t)";"";"";"";"";"";"-";"";"";"";"";"";"";"";"";"";"";"";"";"";"";""
"Ipameri";"Produção de Diamante (ct)";"";"";"";"";"";"-";"";"";"13";"13";"11";"";"";"";"";"";"";"";"";"";""
"Ipameri";"Produção de Esmeralda (kg)";"";"-";"-";"-";"-";"-";"";"";"";"";"";"";"";"";"";"";"";"";"";"";""
"Ipameri";"Produção de Ferro para Cimento (t)";"";"";"";"";"";"-";"";"";"";"";"";"";"";"";"";"";"";"";"";"";""
"Ipameri";"Produção de Filito (t)";"";"";"";"";"";"-";"";"";"";"";"";"";"";"";"";"";"";"";"";"";""
"Ipameri";"Produção de Fosfato (t)";"";"";"";"";"";"-";"";"";"";"";"";"";"";"";"";"";"";"";"";"";""
"Ipameri";"Produção de Manganês (t)";"";"";"";"";"";"-";"";"";"";"";"";"";"";"";"";"";"";"";"";"";""
"Ipameri";"Produção de Nióbio (t)";"";"";"";"";"";"-";"";"";"";"";"";"";"";"";"";"";"";"";"";"";""
"Ipameri";"Produção de Níquel (t)";"";"";"";"";"";"-";"";"";"";"";"";"";"";"";"";"";"";"";"";"";""
"Ipiranga de Goiás";"Produção de Calcário para Rações (t)";"";"";"";"";"";"-";"";"";"";"";"";"";"";"";"";"";"";"";"";"";""
"Ipiranga de Goiás";"Produção de Cascalho ()";"";"";"";"";"";"-";"";"";"";"";"";"";"";"";"";"";"";"";"";"";""
"Ipiranga de Goiás";"Produção de Caulim (t)";"";"";"";"";"";"-";"";"";"";"";"";"";"";"";"";"";"";"";"";"";""
"Ipiranga de Goiás";"Produção de Caulim para Cerâmica Branca (t)";"";"";"";"";"";"-";"";"";"";"";"";"";"";"";"";"";"";"";"";"";""
"Ipiranga de Goiás";"Produção de Cobalto (t)";"";"";"";"";"";"-";"";"";"";"";"";"";"";"";"";"";"";"";"";"";""
"Ipiranga de Goiás";"Produção de Cobre (t)";"";"";"";"";"";"-";"";"";"";"";"";"";"";"";"";"";"";"";"";"";""
"Ipiranga de Goiás";"Produção de Diamante (ct)";"";"";"";"";"";"-";"";"";"";"";"";"";"";"";"";"";"";"";"";"";""
"Ipiranga de Goiás";"Produção de Esmeralda (kg)";"";"-";"-";"-";"-";"-";"";"";"";"";"";"";"";"";"";"";"";"";"";"";""
"Ipiranga de Goiás";"Produção de Ferro para Cimento (t)";"";"";"";"";"";"-";"";"";"";"";"";"";"";"";"";"";"";"";"";"";""
"Ipiranga de Goiás";"Produção de Filito (t)";"";"";"";"";"";"-";"";"";"";"";"";"";"";"";"";"";"";"";"";"";""
"Ipiranga de Goiás";"Produção de Fosfato (t)";"";"";"";"";"";"-";"";"";"";"";"";"";"";"";"";"";"";"";"";"";""
"Ipiranga de Goiás";"Produção de Manganês (t)";"";"";"";"";"";"-";"";"";"";"";"";"";"";"";"";"";"";"";"";"";""
"Ipiranga de Goiás";"Produção de Nióbio (t)";"";"";"";"";"";"-";"";"";"";"";"";"";"";"";"";"";"";"";"";"";""
"Ipiranga de Goiás";"Produção de Níquel (t)";"";"";"";"";"";"-";"";"";"";"";"";"";"";"";"";"";"";"";"";"";""
"Iporá";"Produção de Calcário para Rações (t)";"";"";"";"";"";"-";"";"";"";"";"";"";"";"";"";"";"";"";"";"";""
"Iporá";"Produção de Cascalho ()";"";"";"";"";"";"646";"";"650";"396";"143";"";"";"";"";"";"";"";"";"";"";""
"Iporá";"Produção de Caulim (t)";"";"";"";"";"";"-";"";"";"";"";"";"";"";"";"";"";"";"";"";"";""
"Iporá";"Produção de Caulim para Cerâmica Branca (t)";"";"";"";"";"";"-";"";"";"";"";"";"";"";"";"";"";"";"";"";"";""
"Iporá";"Produção de Cobalto (t)";"";"";"";"";"";"-";"";"";"";"";"";"";"";"";"";"";"";"";"";"";""
"Iporá";"Produção de Cobre (t)";"";"";"";"";"";"-";"";"";"";"";"";"";"";"";"";"";"";"";"";"";""
"Iporá";"Produção de Diamante (ct)";"";"";"";"";"";"-";"";"";"";"";"";"";"";"";"";"";"";"";"";"";""
"Iporá";"Produção de Esmeralda (kg)";"";"-";"-";"-";"-";"-";"";"";"";"";"";"";"";"";"";"";"";"";"";"";""
"Iporá";"Produção de Ferro para Cimento (t)";"";"";"";"";"";"-";"";"";"";"";"";"";"";"";"";"";"";"";"";"";""
"Iporá";"Produção de Filito (t)";"";"";"";"";"";"-";"";"";"";"";"";"";"";"";"";"";"";"";"";"";""
"Iporá";"Produção de Fosfato (t)";"";"";"";"";"";"-";"";"";"";"";"";"";"";"";"";"";"";"";"";"";""
"Iporá";"Produção de Manganês (t)";"";"";"";"";"";"-";"";"";"";"";"";"";"";"";"";"";"";"";"";"";""
"Iporá";"Produção de Nióbio (t)";"";"";"";"";"";"-";"";"";"";"";"";"";"";"";"";"";"";"";"";"";""
"Iporá";"Produção de Níquel (t)";"";"";"";"";"";"-";"";"";"";"";"";"";"";"";"";"";"";"";"";"";""
"Israelândia";"Produção de Calcário para Rações (t)";"";"";"";"";"";"-";"";"";"";"";"";"";"";"";"";"";"";"";"";"";""
"Israelândia";"Produção de Cascalho ()";"";"";"";"";"";"-";"";"";"";"";"";"";"";"";"";"";"";"";"";"";""
"Israelândia";"Produção de Caulim (t)";"";"";"";"";"";"-";"";"";"";"";"";"";"";"";"";"";"";"";"";"";""
"Israelândia";"Produção de Caulim para Cerâmica Branca (t)";"";"";"";"";"";"-";"";"";"";"";"";"";"";"";"";"";"";"";"";"";""
"Israelândia";"Produção de Cobalto (t)";"";"";"";"";"";"-";"";"";"";"";"";"";"";"";"";"";"";"";"";"";""
"Israelândia";"Produção de Cobre (t)";"";"";"";"";"";"-";"";"";"";"";"";"";"";"";"";"";"";"";"";"";""
"Israelândia";"Produção de Diamante (ct)";"";"";"";"";"";"-";"";"";"";"";"";"";"";"";"";"";"";"";"";"";""
"Israelândia";"Produção de Esmeralda (kg)";"";"-";"-";"-";"-";"-";"";"";"";"";"";"";"";"";"";"";"";"";"";"";""
"Israelândia";"Produção de Ferro para Cimento (t)";"";"";"";"";"";"-";"";"";"";"";"";"";"";"";"";"";"";"";"";"";""
"Israelândia";"Produção de Filito (t)";"";"";"";"";"";"-";"";"";"";"";"";"";"";"";"";"";"";"";"";"";""
"Israelândia";"Produção de Fosfato (t)";"";"";"";"";"";"-";"";"";"";"";"";"";"";"";"";"";"";"";"";"";""
"Israelândia";"Produção de Manganês (t)";"";"";"";"";"";"-";"";"";"";"";"";"";"";"";"";"";"";"";"";"";""
"Israelândia";"Produção de Nióbio (t)";"";"";"";"";"";"-";"";"";"";"";"";"";"";"";"";"";"";"";"";"";""
"Israelândia";"Produção de Níquel (t)";"";"";"";"";"";"-";"";"";"";"";"";"";"";"";"";"";"";"";"";"";""
"Itaberaí";"Produção de Calcário para Rações (t)";"";"";"";"";"";"-";"";"";"";"";"";"";"";"";"";"";"";"";"";"";""
"Itaberaí";"Produção de Cascalho ()";"";"";"";"";"";"-";"";"";"";"";"";"";"";"";"";"";"";"";"";"";""
"Itaberaí";"Produção de Caulim (t)";"";"";"";"";"";"-";"";"";"";"";"";"";"";"";"";"";"";"";"";"";""
"Itaberaí";"Produção de Caulim para Cerâmica Branca (t)";"";"";"";"";"";"-";"";"";"";"";"";"";"";"";"";"";"";"";"";"";""
"Itaberaí";"Produção de Cobalto (t)";"";"";"";"";"";"-";"";"";"";"";"";"";"";"";"";"";"";"";"";"";""
"Itaberaí";"Produção de Cobre (t)";"";"";"";"";"";"-";"";"";"";"";"";"";"";"";"";"";"";"";"";"";""
"Itaberaí";"Produção de Diamante (ct)";"";"";"";"";"";"-";"";"";"";"";"";"";"";"";"";"";"";"";"";"";""
"Itaberaí";"Produção de Esmeralda (kg)";"";"-";"1";"1";"-";"-";"";"";"";"";"";"";"";"";"";"";"";"";"";"";""
"Itaberaí";"Produção de Ferro para Cimento (t)";"";"";"";"";"";"-";"";"";"";"";"";"";"";"";"";"";"";"";"";"";""
"Itaberaí";"Produção de Filito (t)";"";"";"";"";"";"-";"";"";"";"";"";"";"";"";"";"";"";"";"";"";""
"Itaberaí";"Produção de Fosfato (t)";"";"";"";"";"";"-";"";"";"";"";"";"";"";"";"";"";"";"";"";"";""
"Itaberaí";"Produção de Manganês (t)";"";"";"";"";"";"-";"";"";"";"";"";"";"";"";"";"";"";"";"";"";""
"Itaberaí";"Produção de Nióbio (t)";"";"";"";"";"";"-";"";"";"";"";"";"";"";"";"";"";"";"";"";"";""
"Itaberaí";"Produção de Níquel (t)";"";"";"";"";"";"-";"";"";"";"";"";"";"";"";"";"";"";"";"";"";""
"Itaguari";"Produção de Calcário para Rações (t)";"";"";"";"";"";"-";"";"";"";"";"";"";"";"";"";"";"";"";"";"";""
"Itaguari";"Produção de Cascalho ()";"";"";"";"";"";"-";"";"";"";"";"";"";"";"";"";"";"";"";"";"";""
"Itaguari";"Produção de Caulim (t)";"";"";"";"";"";"-";"";"";"";"";"";"";"";"";"";"";"";"";"";"";""
"Itaguari";"Produção de Caulim para Cerâmica Branca (t)";"";"";"";"";"";"-";"";"";"";"";"";"";"";"";"";"";"";"";"";"";""
"Itaguari";"Produção de Cobalto (t)";"";"";"";"";"";"-";"";"";"";"";"";"";"";"";"";"";"";"";"";"";""
"Itaguari";"Produção de Cobre (t)";"";"";"";"";"";"-";"";"";"";"";"";"";"";"";"";"";"";"";"";"";""
"Itaguari";"Produção de Diamante (ct)";"";"";"";"";"";"-";"";"";"";"";"";"";"";"";"";"";"";"";"";"";""
"Itaguari";"Produção de Esmeralda (kg)";"";"-";"-";"-";"-";"-";"";"";"";"";"";"";"";"";"";"";"";"";"";"";""
"Itaguari";"Produção de Ferro para Cimento (t)";"";"";"";"";"";"-";"";"";"";"";"";"";"";"";"";"";"";"";"";"";""
"Itaguari";"Produção de Filito (t)";"";"";"";"";"";"-";"";"";"";"";"";"";"";"";"";"";"";"";"";"";""
"Itaguari";"Produção de Fosfato (t)";"";"";"";"";"";"-";"";"";"";"";"";"";"";"";"";"";"";"";"";"";""
"Itaguari";"Produção de Manganês (t)";"";"";"";"";"";"-";"";"";"";"";"";"";"";"";"";"";"";"";"";"";""
"Itaguari";"Produção de Nióbio (t)";"";"";"";"";"";"-";"";"";"";"";"";"";"";"";"";"";"";"";"";"";""
"Itaguari";"Produção de Níquel (t)";"";"";"";"";"";"-";"";"";"";"";"";"";"";"";"";"";"";"";"";"";""
"Itaguaru";"Produção de Calcário para Rações (t)";"";"";"";"";"";"-";"";"";"";"";"";"";"";"";"";"";"";"";"";"";""
"Itaguaru";"Produção de Cascalho ()";"";"";"";"";"";"-";"";"";"";"";"";"";"";"";"";"";"";"";"";"";""
"Itaguaru";"Produção de Caulim (t)";"";"";"";"";"";"-";"";"";"";"";"";"";"";"";"";"";"";"";"";"";""
"Itaguaru";"Produção de Caulim para Cerâmica Branca (t)";"";"";"";"";"";"-";"";"";"";"";"";"";"";"";"";"";"";"";"";"";""
"Itaguaru";"Produção de Cobalto (t)";"";"";"";"";"";"-";"";"";"";"";"";"";"";"";"";"";"";"";"";"";""
"Itaguaru";"Produção de Cobre (t)";"";"";"";"";"";"-";"";"";"";"";"";"";"";"";"";"";"";"";"";"";""
"Itaguaru";"Produção de Diamante (ct)";"";"";"";"";"";"-";"";"";"";"";"";"";"";"";"";"";"";"";"";"";""
"Itaguaru";"Produção de Esmeralda (kg)";"";"-";"-";"-";"-";"-";"";"";"";"";"";"";"";"";"";"";"";"";"";"";""
"Itaguaru";"Produção de Ferro para Cimento (t)";"";"";"";"";"";"-";"";"";"";"";"";"";"";"";"";"";"";"";"";"";""
"Itaguaru";"Produção de Filito (t)";"";"";"";"";"";"-";"";"";"";"";"";"";"";"";"";"";"";"";"";"";""
"Itaguaru";"Produção de Fosfato (t)";"";"";"";"";"";"-";"";"";"";"";"";"";"";"";"";"";"";"";"";"";""
"Itaguaru";"Produção de Manganês (t)";"";"";"";"";"";"-";"";"";"";"";"";"";"";"";"";"";"";"";"";"";""
"Itaguaru";"Produção de Nióbio (t)";"";"";"";"";"";"-";"";"";"";"";"";"";"";"";"";"";"";"";"";"";""
"Itaguaru";"Produção de Níquel (t)";"";"";"";"";"";"-";"";"";"";"";"";"";"";"";"";"";"";"";"";"";""
"Itajá";"Produção de Calcário para Rações (t)";"";"";"";"";"";"-";"";"";"";"";"";"";"";"";"";"";"";"";"";"";""
"Itajá";"Produção de Cascalho ()";"";"";"";"";"";"-";"";"";"";"";"";"";"";"";"";"";"";"";"";"";""
"Itajá";"Produção de Caulim (t)";"";"";"";"";"";"-";"";"";"";"";"";"";"";"";"";"";"";"";"";"";""
"Itajá";"Produção de Caulim para Cerâmica Branca (t)";"";"";"";"";"";"-";"";"";"";"";"";"";"";"";"";"";"";"";"";"";""
"Itajá";"Produção de Cobalto (t)";"";"";"";"";"";"-";"";"";"";"";"";"";"";"";"";"";"";"";"";"";""
"Itajá";"Produção de Cobre (t)";"";"";"";"";"";"-";"";"";"";"";"";"";"";"";"";"";"";"";"";"";""
"Itajá";"Produção de Diamante (ct)";"";"";"";"";"";"-";"";"";"";"";"";"";"";"";"";"";"";"";"";"";""
"Itajá";"Produção de Esmeralda (kg)";"";"-";"-";"-";"-";"-";"";"";"";"";"";"";"";"";"";"";"";"";"";"";""
"Itajá";"Produção de Ferro para Cimento (t)";"";"";"";"";"";"-";"";"";"";"";"";"";"";"";"";"";"";"";"";"";""
"Itajá";"Produção de Filito (t)";"";"";"";"";"";"-";"";"";"";"";"";"";"";"";"";"";"";"";"";"";""
"Itajá";"Produção de Fosfato (t)";"";"";"";"";"";"-";"";"";"";"";"";"";"";"";"";"";"";"";"";"";""
"Itajá";"Produção de Manganês (t)";"";"";"";"";"";"-";"";"";"";"";"";"";"";"";"";"";"";"";"";"";""
"Itajá";"Produção de Nióbio (t)";"";"";"";"";"";"-";"";"";"";"";"";"";"";"";"";"";"";"";"";"";""
"Itajá";"Produção de Níquel (t)";"";"";"";"";"";"-";"";"";"";"";"";"";"";"";"";"";"";"";"";"";""
"Itapaci";"Produção de Calcário para Rações (t)";"";"";"";"";"";"-";"";"";"";"";"";"";"";"";"";"";"";"";"";"";""
"Itapaci";"Produção de Cascalho ()";"";"";"";"";"";"-";"";"";"";"";"";"";"";"";"";"";"";"";"";"";""
"Itapaci";"Produção de Caulim (t)";"";"";"";"";"";"-";"";"";"";"";"";"";"";"";"";"";"";"";"";"";""
"Itapaci";"Produção de Caulim para Cerâmica Branca (t)";"";"";"";"";"";"-";"";"";"";"";"";"";"";"";"";"";"";"";"";"";""
"Itapaci";"Produção de Cobalto (t)";"";"";"";"";"";"-";"";"";"";"";"";"";"";"";"";"";"";"";"";"";""
"Itapaci";"Produção de Cobre (t)";"";"";"";"";"";"-";"";"";"";"";"";"";"";"";"";"";"";"";"";"";""
"Itapaci";"Produção de Diamante (ct)";"";"";"";"";"";"-";"";"";"";"";"";"";"";"";"";"";"";"";"";"";""
"Itapaci";"Produção de Esmeralda (kg)";"";"-";"-";"-";"-";"-";"";"";"";"";"";"";"";"";"";"";"";"";"";"";""
"Itapaci";"Produção de Ferro para Cimento (t)";"";"";"";"";"";"-";"";"";"";"";"";"";"";"";"";"";"";"";"";"";""
"Itapaci";"Produção de Filito (t)";"";"";"";"";"";"-";"";"";"";"";"";"";"";"";"";"";"";"";"";"";""
"Itapaci";"Produção de Fosfato (t)";"";"";"";"";"";"-";"";"";"";"";"";"";"";"";"";"";"";"";"";"";""
"Itapaci";"Produção de Manganês (t)";"";"";"";"";"";"-";"";"";"";"";"";"";"";"";"";"";"";"";"";"";""
"Itapaci";"Produção de Nióbio (t)";"";"";"";"";"";"-";"";"";"";"";"";"";"";"";"";"";"";"";"";"";""
"Itapaci";"Produção de Níquel (t)";"";"";"";"";"";"-";"";"";"";"";"";"";"";"";"";"";"";"";"";"";""
"Itapirapuã";"Produção de Calcário para Rações (t)";"";"";"";"";"";"-";"";"";"";"";"";"";"";"";"";"";"";"";"";"";""
"Itapirapuã";"Produção de Cascalho ()";"";"";"";"";"";"-";"";"";"";"";"";"";"";"";"";"";"";"";"";"";""
"Itapirapuã";"Produção de Caulim (t)";"";"";"";"";"";"-";"";"";"";"";"";"";"";"";"";"";"";"";"";"";""
"Itapirapuã";"Produção de Caulim para Cerâmica Branca (t)";"";"";"";"";"";"-";"";"";"";"";"";"";"";"";"";"";"";"";"";"";""
"Itapirapuã";"Produção de Cobalto (t)";"";"";"";"";"";"-";"";"";"";"";"";"";"";"";"";"";"";"";"";"";""
"Itapirapuã";"Produção de Cobre (t)";"";"";"";"";"";"-";"";"";"";"";"";"";"";"";"";"";"";"";"";"";""
"Itapirapuã";"Produção de Diamante (ct)";"";"";"";"";"";"-";"";"";"";"";"";"";"";"";"";"";"";"";"";"";""
"Itapirapuã";"Produção de Esmeralda (kg)";"";"-";"-";"-";"-";"-";"";"";"";"";"";"";"";"";"";"";"";"";"";"";""
"Itapirapuã";"Produção de Ferro para Cimento (t)";"";"";"";"";"";"-";"";"";"";"";"";"";"";"";"";"";"";"";"";"";""
"Itapirapuã";"Produção de Filito (t)";"";"";"";"";"";"-";"";"";"";"";"";"";"";"";"";"";"";"";"";"";""
"Itapirapuã";"Produção de Fosfato (t)";"";"";"";"";"";"-";"";"";"";"";"";"";"";"";"";"";"";"";"";"";""
"Itapirapuã";"Produção de Manganês (t)";"";"";"";"";"";"-";"";"";"";"";"";"";"";"";"";"";"";"";"";"";""
"Itapirapuã";"Produção de Nióbio (t)";"";"";"";"";"";"-";"";"";"";"";"";"";"";"";"";"";"";"";"";"";""
"Itapirapuã";"Produção de Níquel (t)";"";"";"";"";"";"-";"";"";"";"";"";"";"";"";"";"";"";"";"";"";""
"Itapuranga";"Produção de Calcário para Rações (t)";"";"";"";"";"";"-";"";"";"";"";"";"";"";"";"";"";"";"";"";"";""
"Itapuranga";"Produção de Cascalho ()";"";"";"";"";"";"933";"";"";"";"";"";"";"";"";"";"";"";"";"";"";""
"Itapuranga";"Produção de Caulim (t)";"";"";"";"";"";"-";"";"";"";"";"";"";"";"";"";"";"";"";"";"";""
"Itapuranga";"Produção de Caulim para Cerâmica Branca (t)";"";"";"";"";"";"-";"";"";"";"";"";"";"";"";"";"";"";"";"";"";""
"Itapuranga";"Produção de Cobalto (t)";"";"";"";"";"";"-";"";"";"";"";"";"";"";"";"";"";"";"";"";"";""
"Itapuranga";"Produção de Cobre (t)";"";"";"";"";"";"-";"";"";"";"";"";"";"";"";"";"";"";"";"";"";""
"Itapuranga";"Produção de Diamante (ct)";"";"";"";"";"";"-";"";"";"";"";"";"";"";"";"";"";"";"";"";"";""
"Itapuranga";"Produção de Esmeralda (kg)";"";"-";"-";"-";"-";"-";"";"";"";"";"";"";"";"";"";"";"";"";"";"";""
"Itapuranga";"Produção de Ferro para Cimento (t)";"";"";"";"";"";"-";"";"";"";"";"";"";"";"";"";"";"";"";"";"";""
"Itapuranga";"Produção de Filito (t)";"";"";"";"";"";"-";"";"";"";"";"";"";"";"";"";"";"";"";"";"";""
"Itapuranga";"Produção de Fosfato (t)";"";"";"";"";"";"-";"";"";"";"";"";"";"";"";"";"";"";"";"";"";""
"Itapuranga";"Produção de Manganês (t)";"";"";"";"";"";"-";"";"";"";"";"";"";"";"";"";"";"";"";"";"";""
"Itapuranga";"Produção de Nióbio (t)";"";"";"";"";"";"-";"";"";"";"";"";"";"";"";"";"";"";"";"";"";""
"Itapuranga";"Produção de Níquel (t)";"";"";"";"";"";"-";"";"";"";"";"";"";"";"";"";"";"";"";"";"";""
"Itarumã";"Produção de Calcário para Rações (t)";"";"";"";"";"";"-";"";"";"";"";"";"";"";"";"";"";"";"";"";"";""
"Itarumã";"Produção de Cascalho ()";"";"";"";"";"";"-";"";"";"";"";"";"";"";"";"";"";"";"";"";"";""
"Itarumã";"Produção de Caulim (t)";"";"";"";"";"";"-";"";"";"";"";"";"";"";"";"";"";"";"";"";"";""
"Itarumã";"Produção de Caulim para Cerâmica Branca (t)";"";"";"";"";"";"-";"";"";"";"";"";"";"";"";"";"";"";"";"";"";""
"Itarumã";"Produção de Cobalto (t)";"";"";"";"";"";"-";"";"";"";"";"";"";"";"";"";"";"";"";"";"";""
"Itarumã";"Produção de Cobre (t)";"";"";"";"";"";"-";"";"";"";"";"";"";"";"";"";"";"";"";"";"";""
"Itarumã";"Produção de Diamante (ct)";"";"";"";"";"";"-";"";"";"";"";"";"";"";"";"";"";"";"";"";"";""
"Itarumã";"Produção de Esmeralda (kg)";"";"-";"-";"-";"-";"-";"";"";"";"";"";"";"";"";"";"";"";"";"";"";""
"Itarumã";"Produção de Ferro para Cimento (t)";"";"";"";"";"";"-";"";"";"";"";"";"";"";"";"";"";"";"";"";"";""
"Itarumã";"Produção de Filito (t)";"";"";"";"";"";"-";"";"";"";"";"";"";"";"";"";"";"";"";"";"";""
"Itarumã";"Produção de Fosfato (t)";"";"";"";"";"";"-";"";"";"";"";"";"";"";"";"";"";"";"";"";"";""
"Itarumã";"Produção de Manganês (t)";"";"";"";"";"";"-";"";"";"";"";"";"";"";"";"";"";"";"";"";"";""
"Itarumã";"Produção de Nióbio (t)";"";"";"";"";"";"-";"";"";"";"";"";"";"";"";"";"";"";"";"";"";""
"Itarumã";"Produção de Níquel (t)";"";"";"";"";"";"-";"";"";"";"";"";"";"";"";"";"";"";"";"";"";""
"Itauçu";"Produção de Calcário para Rações (t)";"";"";"";"";"";"-";"";"";"";"";"";"";"";"";"";"";"";"";"";"";""
"Itauçu";"Produção de Cascalho ()";"";"";"";"";"";"-";"";"";"";"";"";"";"";"";"";"";"";"";"";"";""
"Itauçu";"Produção de Caulim (t)";"";"";"";"";"";"-";"";"";"";"";"";"";"";"";"";"";"";"";"";"";""
"Itauçu";"Produção de Caulim para Cerâmica Branca (t)";"";"";"";"";"";"-";"";"";"";"";"";"";"";"";"";"";"";"";"";"";""
"Itauçu";"Produção de Cobalto (t)";"";"";"";"";"";"-";"";"";"";"";"";"";"";"";"";"";"";"";"";"";""
"Itauçu";"Produção de Cobre (t)";"";"";"";"";"";"-";"";"";"";"";"";"";"";"";"";"";"";"";"";"";""
"Itauçu";"Produção de Diamante (ct)";"";"";"";"";"";"-";"";"";"";"";"";"";"";"";"";"";"";"";"";"";""
"Itauçu";"Produção de Esmeralda (kg)";"";"-";"-";"-";"-";"-";"";"";"";"";"";"";"";"";"";"";"";"";"";"";""
"Itauçu";"Produção de Ferro para Cimento (t)";"";"";"";"";"";"-";"";"";"";"";"";"";"";"";"";"";"";"";"";"";""
"Itauçu";"Produção de Filito (t)";"";"";"";"";"";"-";"";"";"";"";"";"";"";"";"";"";"";"";"";"";""
"Itauçu";"Produção de Fosfato (t)";"";"";"";"";"";"-";"";"";"";"";"";"";"";"";"";"";"";"";"";"";""
"Itauçu";"Produção de Manganês (t)";"";"";"";"";"";"-";"";"";"";"";"";"";"";"";"";"";"";"";"";"";""
"Itauçu";"Produção de Nióbio (t)";"";"";"";"";"";"-";"";"";"";"";"";"";"";"";"";"";"";"";"";"";""
"Itauçu";"Produção de Níquel (t)";"";"";"";"";"";"-";"";"";"";"";"";"";"";"";"";"";"";"";"";"";""
"Itumbiara";"Produção de Calcário para Rações (t)";"";"";"";"";"";"-";"";"";"";"";"";"";"";"";"";"";"";"";"";"";""
"Itumbiara";"Produção de Cascalho ()";"";"";"";"";"";"-";"";"";"";"";"";"";"";"";"";"";"";"";"";"";""
"Itumbiara";"Produção de Caulim (t)";"";"";"";"";"";"-";"";"";"";"";"";"";"";"";"";"";"";"";"";"";""
"Itumbiara";"Produção de Caulim para Cerâmica Branca (t)";"";"";"";"";"";"-";"";"";"";"";"";"";"";"";"";"";"";"";"";"";""
"Itumbiara";"Produção de Cobalto (t)";"";"";"";"";"";"-";"";"";"";"";"";"";"";"";"";"";"";"";"";"";""
"Itumbiara";"Produção de Cobre (t)";"";"";"";"";"";"-";"";"";"";"";"";"";"";"";"";"";"";"";"";"";""
"Itumbiara";"Produção de Diamante (ct)";"";"";"";"";"";"-";"";"";"";"";"";"";"";"";"";"";"";"";"";"";""
"Itumbiara";"Produção de Esmeralda (kg)";"";"-";"-";"-";"-";"-";"";"";"";"";"";"";"";"";"";"";"";"";"";"";""
"Itumbiara";"Produção de Ferro para Cimento (t)";"";"";"";"";"";"-";"";"";"";"";"";"";"";"";"";"";"";"";"";"";""
"Itumbiara";"Produção de Filito (t)";"";"";"";"";"";"-";"";"";"";"";"";"";"";"";"";"";"";"";"";"";""
"Itumbiara";"Produção de Fosfato (t)";"";"";"";"";"";"-";"";"";"";"";"";"";"";"";"";"";"";"";"";"";""
"Itumbiara";"Produção de Manganês (t)";"";"";"";"";"";"-";"";"";"";"";"";"";"";"";"";"";"";"";"";"";""
"Itumbiara";"Produção de Nióbio (t)";"";"";"";"";"";"-";"";"";"";"";"";"";"";"";"";"";"";"";"";"";""
"Itumbiara";"Produção de Níquel (t)";"";"";"";"";"";"-";"";"";"";"";"";"";"";"";"";"";"";"";"";"";""
"Ivolândia";"Produção de Calcário para Rações (t)";"";"";"";"";"";"-";"";"";"";"";"";"";"";"";"";"";"";"";"";"";""
"Ivolândia";"Produção de Cascalho ()";"";"";"";"";"";"-";"";"";"";"";"";"";"";"";"";"";"";"";"";"";""
"Ivolândia";"Produção de Caulim (t)";"";"";"";"";"";"-";"";"";"";"";"";"";"";"";"";"";"";"";"";"";""
"Ivolândia";"Produção de Caulim para Cerâmica Branca (t)";"";"";"";"";"";"-";"";"";"";"";"";"";"";"";"";"";"";"";"";"";""
"Ivolândia";"Produção de Cobalto (t)";"";"";"";"";"";"-";"";"";"";"";"";"";"";"";"";"";"";"";"";"";""
"Ivolândia";"Produção de Cobre (t)";"";"";"";"";"";"-";"";"";"";"";"";"";"";"";"";"";"";"";"";"";""
"Ivolândia";"Produção de Diamante (ct)";"";"";"";"";"";"-";"";"";"";"";"";"";"";"";"";"";"";"";"";"";""
"Ivolândia";"Produção de Esmeralda (kg)";"";"-";"-";"-";"-";"-";"";"";"";"";"";"";"";"";"";"";"";"";"";"";""
"Ivolândia";"Produção de Ferro para Cimento (t)";"";"";"";"";"";"-";"";"";"";"";"";"";"";"";"";"";"";"";"";"";""
"Ivolândia";"Produção de Filito (t)";"";"";"";"";"";"-";"";"";"";"";"";"";"";"";"";"";"";"";"";"";""
"Ivolândia";"Produção de Fosfato (t)";"";"";"";"";"";"-";"";"";"";"";"";"";"";"";"";"";"";"";"";"";""
"Ivolândia";"Produção de Manganês (t)";"";"";"";"";"";"-";"";"";"";"";"";"";"";"";"";"";"";"";"";"";""
"Ivolândia";"Produção de Nióbio (t)";"";"";"";"";"";"-";"";"";"";"";"";"";"";"";"";"";"";"";"";"";""
"Ivolândia";"Produção de Níquel (t)";"";"";"";"";"";"-";"";"";"";"";"";"";"";"";"";"";"";"";"";"";""
"Jandaia";"Produção de Calcário para Rações (t)";"";"";"";"";"";"-";"";"";"";"";"";"";"";"";"";"";"";"";"";"";""
"Jandaia";"Produção de Cascalho ()";"";"";"";"";"";"-";"";"";"";"";"";"";"";"";"";"";"";"";"";"";""
"Jandaia";"Produção de Caulim (t)";"";"";"";"";"";"-";"";"";"";"";"";"";"";"";"";"";"";"";"";"";""
"Jandaia";"Produção de Caulim para Cerâmica Branca (t)";"";"";"";"";"";"-";"";"";"";"";"";"";"";"";"";"";"";"";"";"";""
"Jandaia";"Produção de Cobalto (t)";"";"";"";"";"";"-";"";"";"";"";"";"";"";"";"";"";"";"";"";"";""
"Jandaia";"Produção de Cobre (t)";"";"";"";"";"";"-";"";"";"";"";"";"";"";"";"";"";"";"";"";"";""
"Jandaia";"Produção de Diamante (ct)";"";"";"";"";"";"-";"";"";"";"";"";"";"";"";"";"";"";"";"";"";""
"Jandaia";"Produção de Esmeralda (kg)";"";"-";"-";"-";"-";"-";"";"";"";"";"";"";"";"";"";"";"";"";"";"";""
"Jandaia";"Produção de Ferro para Cimento (t)";"";"";"";"";"";"-";"";"";"";"";"";"";"";"";"";"";"";"";"";"";""
"Jandaia";"Produção de Filito (t)";"";"";"";"";"";"-";"";"";"";"";"";"";"";"";"";"";"";"";"";"";""
"Jandaia";"Produção de Fosfato (t)";"";"";"";"";"";"-";"";"";"";"";"";"";"";"";"";"";"";"";"";"";""
"Jandaia";"Produção de Manganês (t)";"";"";"";"";"";"-";"";"";"";"";"";"";"";"";"";"";"";"";"";"";""
"Jandaia";"Produção de Nióbio (t)";"";"";"";"";"";"-";"";"";"";"";"";"";"";"";"";"";"";"";"";"";""
"Jandaia";"Produção de Níquel (t)";"";"";"";"";"";"-";"";"";"";"";"";"";"";"";"";"";"";"";"";"";""
"Jaraguá";"Produção de Calcário para Rações (t)";"";"";"";"";"";"-";"";"";"";"";"";"";"";"";"";"";"";"";"";"";""
"Jaraguá";"Produção de Cascalho ()";"";"71";"-";" 2.090 ";"6.139";"-";"";"";"";"";"";"";"";"";"";"";"";"";"";"";""
"Jaraguá";"Produção de Caulim (t)";"";"";"";"";"";"-";"";"";"";"";"";"";"";"";"";"";"";"";"";"";""
"Jaraguá";"Produção de Caulim para Cerâmica Branca (t)";"";"";"";"";"";"-";"";"";"";"";"";"";"";"";"";"";"";"";"";"";""
"Jaraguá";"Produção de Cobalto (t)";"";"";"";"";"";"-";"";"";"";"";"";"";"";"";"";"";"";"";"";"";""
"Jaraguá";"Produção de Cobre (t)";"";"";"";"";"";"-";"";"";"";"";"";"";"";"";"";"";"";"";"";"";""
"Jaraguá";"Produção de Diamante (ct)";"";"";"";"";"";"-";"";"";"";"";"";"";"";"";"";"";"";"";"";"";""
"Jaraguá";"Produção de Esmeralda (kg)";"";"-";"-";"-";"-";"-";"";"";"";"";"";"";"";"";"";"";"";"";"";"";""
"Jaraguá";"Produção de Ferro para Cimento (t)";"";"";"";"";"";"-";"";"";"";"";"";"";"";"";"";"";"";"";"";"";""
"Jaraguá";"Produção de Filito (t)";"";"";"";"";"";"-";"";"";"";"";"";"";"";"";"";"";"";"";"";"";""
"Jaraguá";"Produção de Fosfato (t)";"";"";"";"";"";"-";"";"";"";"";"";"";"";"";"";"";"";"";"";"";""
"Jaraguá";"Produção de Manganês (t)";"";"";"";"";"";"-";"";"";"";"";"";"";"";"";"";"";"";"";"";"";""
"Jaraguá";"Produção de Nióbio (t)";"";"";"";"";"";"-";"";"";"";"";"";"";"";"";"";"";"";"";"";"";""
"Jaraguá";"Produção de Níquel (t)";"";"";"";"";"";"-";"";"";"";"";"";"";"";"";"";"";"";"";"";"";""
"Jataí";"Produção de Calcário para Rações (t)";"";"";"";"";"";"-";"";"";"";"";"";"";"";"";"";"";"";"";"";"";""
"Jataí";"Produção de Cascalho ()";"";"";"";"";"";"-";"1.350";"28.748";"3.367";"";"";"";"";"";"";"";"";"";"";"";""
"Jataí";"Produção de Caulim (t)";"";"";"";"";"";"-";"";"";"";"";"";"";"";"";"";"";"";"";"";"";""
"Jataí";"Produção de Caulim para Cerâmica Branca (t)";"";"";"";"";"";"-";"";"";"";"";"";"";"";"";"";"";"";"";"";"";""
"Jataí";"Produção de Cobalto (t)";"";"";"";"";"";"-";"";"";"";"";"";"";"";"";"";"";"";"";"";"";""
"Jataí";"Produção de Cobre (t)";"";"";"";"";"";"-";"";"";"";"";"";"";"";"";"";"";"";"";"";"";""
"Jataí";"Produção de Diamante (ct)";"";"";"";"";"";"-";"";"";"";"";"";"";"";"";"";"";"";"";"";"";""
"Jataí";"Produção de Esmeralda (kg)";"";"-";"-";"-";"-";"-";"";"";"";"";"";"";"";"";"";"";"";"";"";"";""
"Jataí";"Produção de Ferro para Cimento (t)";"";"";"";"";"";"-";"";"";"";"";"";"";"";"";"";"";"";"";"";"";""
"Jataí";"Produção de Filito (t)";"";"";"";"";"";"-";"";"";"";"";"";"";"";"";"";"";"";"";"";"";""
"Jataí";"Produção de Fosfato (t)";"";"";"";"";"";"-";"";"";"";"";"";"";"";"";"";"";"";"";"";"";""
"Jataí";"Produção de Manganês (t)";"";"";"";"";"";"-";"";"";"";"";"";"";"";"";"";"";"";"";"";"";""
"Jataí";"Produção de Nióbio (t)";"";"";"";"";"";"-";"";"";"";"";"";"";"";"";"";"";"";"";"";"";""
"Jataí";"Produção de Níquel (t)";"";"";"";"";"";"-";"";"";"";"";"";"";"";"";"";"";"";"";"";"";""
"Jaupaci";"Produção de Calcário para Rações (t)";"";"";"";"";"";"-";"";"";"";"";"";"";"";"";"";"";"";"";"";"";""
"Jaupaci";"Produção de Cascalho ()";"";"";"";"";"";"-";"";"";"";"";"";"";"";"";"";"";"";"";"";"";""
"Jaupaci";"Produção de Caulim (t)";"";"";"";"";"";"-";"";"";"";"";"";"";"";"";"";"";"";"";"";"";""
"Jaupaci";"Produção de Caulim para Cerâmica Branca (t)";"";"";"";"";"";"-";"";"";"";"";"";"";"";"";"";"";"";"";"";"";""
"Jaupaci";"Produção de Cobalto (t)";"";"";"";"";"";"-";"";"";"";"";"";"";"";"";"";"";"";"";"";"";""
"Jaupaci";"Produção de Cobre (t)";"";"";"";"";"";"-";"";"";"";"";"";"";"";"";"";"";"";"";"";"";""
"Jaupaci";"Produção de Diamante (ct)";"";"";"";"";"";"-";"";"";"";"";"";"";"";"";"";"";"";"";"";"";""
"Jaupaci";"Produção de Esmeralda (kg)";"";"-";"-";"-";"-";"-";"";"";"";"";"";"";"";"";"";"";"";"";"";"";""
"Jaupaci";"Produção de Ferro para Cimento (t)";"";"";"";"";"";"-";"";"";"";"";"";"";"";"";"";"";"";"";"";"";""
"Jaupaci";"Produção de Filito (t)";"";"";"";"";"";"-";"";"";"";"";"";"";"";"";"";"";"";"";"";"";""
"Jaupaci";"Produção de Fosfato (t)";"";"";"";"";"";"-";"";"";"";"";"";"";"";"";"";"";"";"";"";"";""
"Jaupaci";"Produção de Manganês (t)";"";"";"";"";"";"-";"";"";"";"";"";"";"";"";"";"";"";"";"";"";""
"Jaupaci";"Produção de Nióbio (t)";"";"";"";"";"";"-";"";"";"";"";"";"";"";"";"";"";"";"";"";"";""
"Jaupaci";"Produção de Níquel (t)";"";"";"";"";"";"-";"";"";"";"";"";"";"";"";"";"";"";"";"";"";""
"Jesúpolis";"Produção de Calcário para Rações (t)";"";"";"";"";"";"-";"";"";"";"";"";"";"";"";"";"";"";"";"";"";""
"Jesúpolis";"Produção de Cascalho ()";"";"";"";"";"";"-";"";"";"";"";"";"";"";"";"";"";"";"";"";"";""
"Jesúpolis";"Produção de Caulim (t)";"";"";"";"";"";"-";"";"";"";"";"";"";"";"";"";"";"";"";"";"";""
"Jesúpolis";"Produção de Caulim para Cerâmica Branca (t)";"";"";"";"";"";"-";"";"";"";"";"";"";"";"";"";"";"";"";"";"";""
"Jesúpolis";"Produção de Cobalto (t)";"";"";"";"";"";"-";"";"";"";"";"";"";"";"";"";"";"";"";"";"";""
"Jesúpolis";"Produção de Cobre (t)";"";"";"";"";"";"-";"";"";"";"";"";"";"";"";"";"";"";"";"";"";""
"Jesúpolis";"Produção de Diamante (ct)";"";"";"";"";"";"-";"";"";"";"";"";"";"";"";"";"";"";"";"";"";""
"Jesúpolis";"Produção de Esmeralda (kg)";"";"-";"-";"-";"-";"-";"";"";"";"";"";"";"";"";"";"";"";"";"";"";""
"Jesúpolis";"Produção de Ferro para Cimento (t)";"";"";"";"";"";"-";"";"";"";"";"";"";"";"";"";"";"";"";"";"";""
"Jesúpolis";"Produção de Filito (t)";"";"";"";"";"";"-";"";"";"";"";"";"";"";"";"";"";"";"";"";"";""
"Jesúpolis";"Produção de Fosfato (t)";"";"";"";"";"";"-";"";"";"";"";"";"";"";"";"";"";"";"";"";"";""
"Jesúpolis";"Produção de Manganês (t)";"";"";"";"";"";"-";"";"";"";"";"";"";"";"";"";"";"";"";"";"";""
"Jesúpolis";"Produção de Nióbio (t)";"";"";"";"";"";"-";"";"";"";"";"";"";"";"";"";"";"";"";"";"";""
"Jesúpolis";"Produção de Níquel (t)";"";"";"";"";"";"-";"";"";"";"";"";"";"";"";"";"";"";"";"";"";""
"Joviânia";"Produção de Calcário para Rações (t)";"";"";"";"";"";"-";"";"";"";"";"";"";"";"";"";"";"";"";"";"";""
"Joviânia";"Produção de Cascalho ()";"";"";"";"";"";"-";"";"";"";"";"";"";"";"";"";"";"";"";"";"";""
"Joviânia";"Produção de Caulim (t)";"";"";"";"";"";"-";"";"";"";"";"";"";"";"";"";"";"";"";"";"";""
"Joviânia";"Produção de Caulim para Cerâmica Branca (t)";"";"";"";"";"";"-";"";"";"";"";"";"";"";"";"";"";"";"";"";"";""
"Joviânia";"Produção de Cobalto (t)";"";"";"";"";"";"-";"";"";"";"";"";"";"";"";"";"";"";"";"";"";""
"Joviânia";"Produção de Cobre (t)";"";"";"";"";"";"-";"";"";"";"";"";"";"";"";"";"";"";"";"";"";""
"Joviânia";"Produção de Diamante (ct)";"";"";"";"";"";"-";"";"";"";"";"";"";"";"";"";"";"";"";"";"";""
"Joviânia";"Produção de Esmeralda (kg)";"";"-";"-";"-";"-";"-";"";"";"";"";"";"";"";"";"";"";"";"";"";"";""
"Joviânia";"Produção de Ferro para Cimento (t)";"";"";"";"";"";"-";"";"";"";"";"";"";"";"";"";"";"";"";"";"";""
"Joviânia";"Produção de Filito (t)";"";"";"";"";"";"-";"";"";"";"";"";"";"";"";"";"";"";"";"";"";""
"Joviânia";"Produção de Fosfato (t)";"";"";"";"";"";"-";"";"";"";"";"";"";"";"";"";"";"";"";"";"";""
"Joviânia";"Produção de Manganês (t)";"";"";"";"";"";"-";"";"";"";"";"";"";"";"";"";"";"";"";"";"";""
"Joviânia";"Produção de Nióbio (t)";"";"";"";"";"";"-";"";"";"";"";"";"";"";"";"";"";"";"";"";"";""
"Joviânia";"Produção de Níquel (t)";"";"";"";"";"";"-";"";"";"";"";"";"";"";"";"";"";"";"";"";"";""
"Jussara";"Produção de Calcário para Rações (t)";"";"";"";"";"";"-";"";"";"";"";"";"";"";"";"";"";"";"";"";"";""
"Jussara";"Produção de Cascalho ()";"";"";"";"";"";"-";"1.992";"";"";"";"";"";"";"";"";"";"";"";"";"";""
"Jussara";"Produção de Caulim (t)";"";"";"";"";"";"-";"";"";"";"";"";"";"";"";"";"";"";"";"";"";""
"Jussara";"Produção de Caulim para Cerâmica Branca (t)";"";"";"";"";"";"-";"";"";"";"";"";"";"";"";"";"";"";"";"";"";""
"Jussara";"Produção de Cobalto (t)";"";"";"";"";"";"-";"";"";"";"";"";"";"";"";"";"";"";"";"";"";""
"Jussara";"Produção de Cobre (t)";"";"";"";"";"";"-";"";"";"";"";"";"";"";"";"";"";"";"";"";"";""
"Jussara";"Produção de Diamante (ct)";"";"";"";"";"";"-";"";"";"";"";"";"";"";"";"";"";"";"";"";"";""
"Jussara";"Produção de Esmeralda (kg)";"";"-";"-";"-";"-";"-";"";"";"";"";"";"";"";"";"";"";"";"";"";"";""
"Jussara";"Produção de Ferro para Cimento (t)";"";"";"";"";"";"-";"";"";"";"";"";"";"";"";"";"";"";"";"";"";""
"Jussara";"Produção de Filito (t)";"";"";"";"";"";"-";"";"";"";"";"";"";"";"";"";"";"";"";"";"";""
"Jussara";"Produção de Fosfato (t)";"";"";"";"";"";"-";"";"";"";"";"";"";"";"";"";"";"";"";"";"";""
"Jussara";"Produção de Manganês (t)";"";"";"";"";"";"-";"";"";"";"";"";"";"";"";"";"";"";"";"";"";""
"Jussara";"Produção de Nióbio (t)";"";"";"";"";"";"-";"";"";"";"";"";"";"";"";"";"";"";"";"";"";""
"Jussara";"Produção de Níquel (t)";"";"";"";"";"";"-";"";"";"";"";"";"";"";"";"";"";"";"";"";"";""
"Lagoa Santa";"Produção de Calcário para Rações (t)";"";"";"";"";"";"-";"";"";"";"";"";"";"";"";"";"";"";"";"";"";""
"Lagoa Santa";"Produção de Cascalho ()";"";"";"";"";"";"-";"";"";"";"";"";"";"";"";"";"";"";"";"";"";""
"Lagoa Santa";"Produção de Caulim (t)";"";"";"";"";"";"-";"";"";"";"";"";"";"";"";"";"";"";"";"";"";""
"Lagoa Santa";"Produção de Caulim para Cerâmica Branca (t)";"";"";"";"";"";"-";"";"";"";"";"";"";"";"";"";"";"";"";"";"";""
"Lagoa Santa";"Produção de Cobalto (t)";"";"";"";"";"";"-";"";"";"";"";"";"";"";"";"";"";"";"";"";"";""
"Lagoa Santa";"Produção de Cobre (t)";"";"";"";"";"";"-";"";"";"";"";"";"";"";"";"";"";"";"";"";"";""
"Lagoa Santa";"Produção de Diamante (ct)";"";"";"";"";"";"-";"";"";"";"";"";"";"";"";"";"";"";"";"";"";""
"Lagoa Santa";"Produção de Esmeralda (kg)";"";"-";"-";"-";"-";"-";"";"";"";"";"";"";"";"";"";"";"";"";"";"";""
"Lagoa Santa";"Produção de Ferro para Cimento (t)";"";"";"";"";"";"-";"";"";"";"";"";"";"";"";"";"";"";"";"";"";""
"Lagoa Santa";"Produção de Filito (t)";"";"";"";"";"";"-";"";"";"";"";"";"";"";"";"";"";"";"";"";"";""
"Lagoa Santa";"Produção de Fosfato (t)";"";"";"";"";"";"-";"";"";"";"";"";"";"";"";"";"";"";"";"";"";""
"Lagoa Santa";"Produção de Manganês (t)";"";"";"";"";"";"-";"";"";"";"";"";"";"";"";"";"";"";"";"";"";""
"Lagoa Santa";"Produção de Nióbio (t)";"";"";"";"";"";"-";"";"";"";"";"";"";"";"";"";"";"";"";"";"";""
"Lagoa Santa";"Produção de Níquel (t)";"";"";"";"";"";"-";"";"";"";"";"";"";"";"";"";"";"";"";"";"";""
"Leopoldo de Bulhões";"Produção de Calcário para Rações (t)";"";"";"";"";"";"-";"";"";"";"";"";"";"";"";"";"";"";"";"";"";""
"Leopoldo de Bulhões";"Produção de Cascalho ()";"";"";"";"";"";"-";"";"";"";"";"12.600";"";"";"";"";"";"";"";"";"";""
"Leopoldo de Bulhões";"Produção de Caulim (t)";"";"";"";"";"";"-";"";"";"";"";"";"";"";"";"";"";"";"";"";"";""
"Leopoldo de Bulhões";"Produção de Caulim para Cerâmica Branca (t)";"";"";"";"";"";"-";"";"";"";"";"";"";"";"";"";"";"";"";"";"";""
"Leopoldo de Bulhões";"Produção de Cobalto (t)";"";"";"";"";"";"-";"";"";"";"";"";"";"";"";"";"";"";"";"";"";""
"Leopoldo de Bulhões";"Produção de Cobre (t)";"";"";"";"";"";"-";"";"";"";"";"";"";"";"";"";"";"";"";"";"";""
"Leopoldo de Bulhões";"Produção de Diamante (ct)";"";"";"";"";"";"-";"";"";"";"";"";"";"";"";"";"";"";"";"";"";""
"Leopoldo de Bulhões";"Produção de Esmeralda (kg)";"";"-";"-";"-";"-";"-";"";"";"";"";"";"";"";"";"";"";"";"";"";"";""
"Leopoldo de Bulhões";"Produção de Ferro para Cimento (t)";"";"";"";"";"";"-";"";"";"";"";"";"";"";"";"";"";"";"";"";"";""
"Leopoldo de Bulhões";"Produção de Filito (t)";"";"";"";"";"";"-";"";"";"";"";"";"";"";"";"";"";"";"";"";"";""
"Leopoldo de Bulhões";"Produção de Fosfato (t)";"";"";"";"";"";"-";"";"";"";"";"";"";"";"";"";"";"";"";"";"";""
"Leopoldo de Bulhões";"Produção de Manganês (t)";"";"";"";"";"";"-";"";"";"";"";"";"";"";"";"";"";"";"";"";"";""
"Leopoldo de Bulhões";"Produção de Nióbio (t)";"";"";"";"";"";"-";"";"";"";"";"";"";"";"";"";"";"";"";"";"";""
"Leopoldo de Bulhões";"Produção de Níquel (t)";"";"";"";"";"";"-";"";"";"";"";"";"";"";"";"";"";"";"";"";"";""
"Luziânia";"Produção de Calcário para Rações (t)";"";"";"";"";"";"-";"";"";"";"";"";"";"";"";"";"";"";"";"";"";""
"Luziânia";"Produção de Cascalho ()";"";"1.600";"1.650";"-";"";"25.559";"5.291";"9.468";"16.102";"43.973";"79.941";"27.208";"";"";"";"";"";"";"";"";""
"Luziânia";"Produção de Caulim (t)";"";"";"";"";"";"-";"";"";"";"";"";"";"";"";"";"";"";"";"";"";""
"Luziânia";"Produção de Caulim para Cerâmica Branca (t)";"";"";"";"";"";"-";"";"";"";"";"";"";"";"";"";"";"";"";"";"";""
"Luziânia";"Produção de Cobalto (t)";"";"";"";"";"";"-";"";"";"";"";"";"";"";"";"";"";"";"";"";"";""
"Luziânia";"Produção de Cobre (t)";"";"";"";"";"";"-";"";"";"";"";"";"";"";"";"";"";"";"";"";"";""
"Luziânia";"Produção de Diamante (ct)";"";"";"";"";"";"-";"";"";"";"";"";"";"";"";"";"";"";"";"";"";""
"Luziânia";"Produção de Esmeralda (kg)";"";"-";"-";"-";"-";"-";"";"";"";"";"";"";"";"";"";"";"";"";"";"";""
"Luziânia";"Produção de Ferro para Cimento (t)";"";"";"";"";"";"-";"";"";"";"";"";"";"";"";"";"";"";"";"";"";""
"Luziânia";"Produção de Filito (t)";"";"";"";"";"";"-";"";"";"";"";"";"";"";"";"";"";"";"";"";"";""
"Luziânia";"Produção de Fosfato (t)";"";"";"";"";"";"-";"";"";"";"";"";"";"";"";"";"";"";"";"";"";""
"Luziânia";"Produção de Manganês (t)";"";"";"";"";"";"1.638";"9.562";"1.162";"657";"1.990";"";"";"";"";"";"";"";"";"";"";""
"Luziânia";"Produção de Nióbio (t)";"";"";"";"";"";"-";"";"";"";"";"";"";"";"";"";"";"";"";"";"";""
"Luziânia";"Produção de Níquel (t)";"";"";"";"";"";"-";"";"";"";"";"";"";"";"";"";"";"";"";"";"";""
"Mairipotaba";"Produção de Calcário para Rações (t)";"";"";"";"";"";"-";"";"";"";"";"";"";"";"";"";"";"";"";"";"";""
"Mairipotaba";"Produção de Cascalho ()";"";"";"";"";"";"-";"";"";"";"";"";"";"";"";"";"";"";"";"";"";""
"Mairipotaba";"Produção de Caulim (t)";"";"";"";"";"";"-";"";"";"";"";"";"";"";"";"";"";"";"";"";"";""
"Mairipotaba";"Produção de Caulim para Cerâmica Branca (t)";"";"";"";"";"";"-";"";"";"";"";"";"";"";"";"";"";"";"";"";"";""
"Mairipotaba";"Produção de Cobalto (t)";"";"";"";"";"";"-";"";"";"";"";"";"";"";"";"";"";"";"";"";"";""
"Mairipotaba";"Produção de Cobre (t)";"";"";"";"";"";"-";"";"";"";"";"";"";"";"";"";"";"";"";"";"";""
"Mairipotaba";"Produção de Diamante (ct)";"";"";"";"";"";"-";"";"";"";"";"";"";"";"";"";"";"";"";"";"";""
"Mairipotaba";"Produção de Esmeralda (kg)";"";"-";"-";"-";"-";"-";"";"";"";"";"";"";"";"";"";"";"";"";"";"";""
"Mairipotaba";"Produção de Ferro para Cimento (t)";"";"";"";"";"";"-";"";"";"";"";"";"";"";"";"";"";"";"";"";"";""
"Mairipotaba";"Produção de Filito (t)";"";"";"";"";"";"-";"";"";"";"";"";"";"";"";"";"";"";"";"";"";""
"Mairipotaba";"Produção de Fosfato (t)";"";"";"";"";"";"-";"";"";"";"";"";"";"";"";"";"";"";"";"";"";""
"Mairipotaba";"Produção de Manganês (t)";"";"";"";"";"";"-";"";"";"";"";"";"";"";"";"";"";"";"";"";"";""
"Mairipotaba";"Produção de Nióbio (t)";"";"";"";"";"";"-";"";"";"";"";"";"";"";"";"";"";"";"";"";"";""
"Mairipotaba";"Produção de Níquel (t)";"";"";"";"";"";"-";"";"";"";"";"";"";"";"";"";"";"";"";"";"";""
"Mambaí";"Produção de Calcário para Rações (t)";"";"";"";"";"";"-";"";"";"";"";"";"";"";"";"";"";"";"";"";"";""
"Mambaí";"Produção de Cascalho ()";"";"";"";"";"";"-";"";"";"";"";"";"";"";"";"";"";"";"";"";"";""
"Mambaí";"Produção de Caulim (t)";"";"";"";"";"";"-";"";"";"";"";"";"";"";"";"";"";"";"";"";"";""
"Mambaí";"Produção de Caulim para Cerâmica Branca (t)";"";"";"";"";"";"-";"";"";"";"";"";"";"";"";"";"";"";"";"";"";""
"Mambaí";"Produção de Cobalto (t)";"";"";"";"";"";"-";"";"";"";"";"";"";"";"";"";"";"";"";"";"";""
"Mambaí";"Produção de Cobre (t)";"";"";"";"";"";"-";"";"";"";"";"";"";"";"";"";"";"";"";"";"";""
"Mambaí";"Produção de Diamante (ct)";"";"";"";"";"";"-";"";"";"";"";"";"";"";"";"";"";"";"";"";"";""
"Mambaí";"Produção de Esmeralda (kg)";"";"-";"-";"-";"-";"-";"";"";"";"";"";"";"";"";"";"";"";"";"";"";""
"Mambaí";"Produção de Ferro para Cimento (t)";"";"";"";"";"";"-";"";"";"";"";"";"";"";"";"";"";"";"";"";"";""
"Mambaí";"Produção de Filito (t)";"";"";"";"";"";"-";"";"";"";"";"";"";"";"";"";"";"";"";"";"";""
"Mambaí";"Produção de Fosfato (t)";"";"";"";"";"";"-";"";"";"";"";"";"";"";"";"";"";"";"";"";"";""
"Mambaí";"Produção de Manganês (t)";"";"";"";"";"";"-";"";"";"";"";"";"";"";"";"";"";"";"";"";"";""
"Mambaí";"Produção de Nióbio (t)";"";"";"";"";"";"-";"";"";"";"";"";"";"";"";"";"";"";"";"";"";""
"Mambaí";"Produção de Níquel (t)";"";"";"";"";"";"-";"";"";"";"";"";"";"";"";"";"";"";"";"";"";""
"Mara Rosa";"Produção de Calcário para Rações (t)";"";"";"";"";"";"-";"";"";"";"";"";"";"";"";"";"";"";"";"";"";""
"Mara Rosa";"Produção de Cascalho ()";"";"";"";"";"";"-";"";"";"";"";"";"";"";"";"";"";"";"";"";"";""
"Mara Rosa";"Produção de Caulim (t)";"";"";"";"";"";"-";"";"";"";"";"";"";"";"";"";"";"";"";"";"";""
"Mara Rosa";"Produção de Caulim para Cerâmica Branca (t)";"";"";"";"";"";"-";"";"";"";"";"";"";"";"";"";"";"";"";"";"";""
"Mara Rosa";"Produção de Cobalto (t)";"";"";"";"";"";"-";"";"";"";"";"";"";"";"";"";"";"";"";"";"";""
"Mara Rosa";"Produção de Cobre (t)";"";"";"";"";"";"-";"";"";"";"";"";"";"";"";"";"";"";"";"";"";""
"Mara Rosa";"Produção de Diamante (ct)";"";"";"";"";"";"-";"";"";"";"";"";"";"";"";"";"";"";"";"";"";""
"Mara Rosa";"Produção de Esmeralda (kg)";"";"-";"-";"-";"-";"-";"";"";"";"";"";"";"";"";"";"";"";"";"";"";""
"Mara Rosa";"Produção de Ferro para Cimento (t)";"";"";"";"";"";"-";"";"";"";"";"";"";"";"";"";"";"";"";"";"";""
"Mara Rosa";"Produção de Filito (t)";"";"";"";"";"";"-";"";"";"";"";"";"";"";"";"";"";"";"";"";"";""
"Mara Rosa";"Produção de Fosfato (t)";"";"";"";"";"";"-";"";"";"";"";"";"";"";"";"";"";"";"";"";"";""
"Mara Rosa";"Produção de Manganês (t)";"";"";"";"";"";"-";"";"";"";"";"";"";"";"";"";"";"";"";"";"";""
"Mara Rosa";"Produção de Nióbio (t)";"";"";"";"";"";"-";"";"";"";"";"";"";"";"";"";"";"";"";"";"";""
"Mara Rosa";"Produção de Níquel (t)";"";"";"";"";"";"-";"";"";"";"";"";"";"";"";"";"";"";"";"";"";""
"Marzagão";"Produção de Calcário para Rações (t)";"";"";"";"";"";"-";"";"";"";"";"";"";"";"";"";"";"";"";"";"";""
"Marzagão";"Produção de Cascalho ()";"";"";"";"";"";"11";"";"";"";"";"";"";"";"";"";"";"";"";"";"";""
"Marzagão";"Produção de Caulim (t)";"";"";"";"";"";"-";"";"";"";"";"";"";"";"";"";"";"";"";"";"";""
"Marzagão";"Produção de Caulim para Cerâmica Branca (t)";"";"";"";"";"";"-";"";"";"";"";"";"";"";"";"";"";"";"";"";"";""
"Marzagão";"Produção de Cobalto (t)";"";"";"";"";"";"-";"";"";"";"";"";"";"";"";"";"";"";"";"";"";""
"Marzagão";"Produção de Cobre (t)";"";"";"";"";"";"-";"";"";"";"";"";"";"";"";"";"";"";"";"";"";""
"Marzagão";"Produção de Diamante (ct)";"";"";"";"";"";"-";"";"";"";"";"";"";"";"";"";"";"";"";"";"";""
"Marzagão";"Produção de Esmeralda (kg)";"";"-";"-";"-";"-";"-";"";"";"";"";"";"";"";"";"";"";"";"";"";"";""
"Marzagão";"Produção de Ferro para Cimento (t)";"";"";"";"";"";"-";"";"";"";"";"";"";"";"";"";"";"";"";"";"";""
"Marzagão";"Produção de Filito (t)";"";"";"";"";"";"-";"";"";"";"";"";"";"";"";"";"";"";"";"";"";""
"Marzagão";"Produção de Fosfato (t)";"";"";"";"";"";"-";"";"";"";"";"";"";"";"";"";"";"";"";"";"";""
"Marzagão";"Produção de Manganês (t)";"";"";"";"";"";"-";"";"";"";"";"";"";"";"";"";"";"";"";"";"";""
"Marzagão";"Produção de Nióbio (t)";"";"";"";"";"";"-";"";"";"";"";"";"";"";"";"";"";"";"";"";"";""
"Marzagão";"Produção de Níquel (t)";"";"";"";"";"";"-";"";"";"";"";"";"";"";"";"";"";"";"";"";"";""
"Matrinchã";"Produção de Calcário para Rações (t)";"";"";"";"";"";"-";"";"";"";"";"";"";"";"";"";"";"";"";"";"";""
"Matrinchã";"Produção de Cascalho ()";"";"";"";"";"";"-";"";"";"";"";"";"";"";"";"";"";"";"";"";"";""
"Matrinchã";"Produção de Caulim (t)";"";"";"";"";"";"-";"";"";"";"";"";"";"";"";"";"";"";"";"";"";""
"Matrinchã";"Produção de Caulim para Cerâmica Branca (t)";"";"";"";"";"";"-";"";"";"";"";"";"";"";"";"";"";"";"";"";"";""
"Matrinchã";"Produção de Cobalto (t)";"";"";"";"";"";"-";"";"";"";"";"";"";"";"";"";"";"";"";"";"";""
"Matrinchã";"Produção de Cobre (t)";"";"";"";"";"";"-";"";"";"";"";"";"";"";"";"";"";"";"";"";"";""
"Matrinchã";"Produção de Diamante (ct)";"";"";"";"";"";"-";"";"";"";"";"";"";"";"";"";"";"";"";"";"";""
"Matrinchã";"Produção de Esmeralda (kg)";"";"-";"-";"-";"-";"-";"";"";"";"";"";"";"";"";"";"";"";"";"";"";""
"Matrinchã";"Produção de Ferro para Cimento (t)";"";"";"";"";"";"-";"";"";"";"";"";"";"";"";"";"";"";"";"";"";""
"Matrinchã";"Produção de Filito (t)";"";"";"";"";"";"-";"";"";"";"";"";"";"";"";"";"";"";"";"";"";""
"Matrinchã";"Produção de Fosfato (t)";"";"";"";"";"";"-";"";"";"";"";"";"";"";"";"";"";"";"";"";"";""
"Matrinchã";"Produção de Manganês (t)";"";"";"";"";"";"-";"";"";"";"";"";"";"";"";"";"";"";"";"";"";""
"Matrinchã";"Produção de Nióbio (t)";"";"";"";"";"";"-";"";"";"";"";"";"";"";"";"";"";"";"";"";"";""
"Matrinchã";"Produção de Níquel (t)";"";"";"";"";"";"-";"";"";"";"";"";"";"";"";"";"";"";"";"";"";""
"Maurilândia";"Produção de Calcário para Rações (t)";"";"";"";"";"";"-";"";"";"";"";"";"";"";"";"";"";"";"";"";"";""
"Maurilândia";"Produção de Cascalho ()";"";"";"";"";"";"-";"";"";"";"";"";"";"";"";"";"";"";"";"";"";""
"Maurilândia";"Produção de Caulim (t)";"";"";"";"";"";"-";"";"";"";"";"";"";"";"";"";"";"";"";"";"";""
"Maurilândia";"Produção de Caulim para Cerâmica Branca (t)";"";"";"";"";"";"-";"";"";"";"";"";"";"";"";"";"";"";"";"";"";""
"Maurilândia";"Produção de Cobalto (t)";"";"";"";"";"";"-";"";"";"";"";"";"";"";"";"";"";"";"";"";"";""
"Maurilândia";"Produção de Cobre (t)";"";"";"";"";"";"-";"";"";"";"";"";"";"";"";"";"";"";"";"";"";""
"Maurilândia";"Produção de Diamante (ct)";"";"";"";"";"";"-";"";"";"";"";"";"";"";"";"";"";"";"";"";"";""
"Maurilândia";"Produção de Esmeralda (kg)";"";"-";"-";"-";"-";"-";"";"";"";"";"";"";"";"";"";"";"";"";"";"";""
"Maurilândia";"Produção de Ferro para Cimento (t)";"";"";"";"";"";"-";"";"";"";"";"";"";"";"";"";"";"";"";"";"";""
"Maurilândia";"Produção de Filito (t)";"";"";"";"";"";"-";"";"";"";"";"";"";"";"";"";"";"";"";"";"";""
"Maurilândia";"Produção de Fosfato (t)";"";"";"";"";"";"-";"";"";"";"";"";"";"";"";"";"";"";"";"";"";""
"Maurilândia";"Produção de Manganês (t)";"";"";"";"";"";"-";"";"";"";"";"";"";"";"";"";"";"";"";"";"";""
"Maurilândia";"Produção de Nióbio (t)";"";"";"";"";"";"-";"";"";"";"";"";"";"";"";"";"";"";"";"";"";""
"Maurilândia";"Produção de Níquel (t)";"";"";"";"";"";"-";"";"";"";"";"";"";"";"";"";"";"";"";"";"";""
"Mimoso de Goiás";"Produção de Calcário para Rações (t)";"";"";"";"";"";"-";"";"";"";"";"";"";"";"";"";"";"";"";"";"";""
"Mimoso de Goiás";"Produção de Cascalho ()";"";"";"";"";"";"-";"";"";"";"";"";"";"";"";"";"";"";"";"";"";""
"Mimoso de Goiás";"Produção de Caulim (t)";"";"";"";"";"";"-";"";"";"";"";"";"";"";"";"";"";"";"";"";"";""
"Mimoso de Goiás";"Produção de Caulim para Cerâmica Branca (t)";"";"";"";"";"";"-";"";"";"";"";"";"";"";"";"";"";"";"";"";"";""
"Mimoso de Goiás";"Produção de Cobalto (t)";"";"";"";"";"";"-";"";"";"";"";"";"";"";"";"";"";"";"";"";"";""
"Mimoso de Goiás";"Produção de Cobre (t)";"";"";"";"";"";"-";"";"";"";"";"";"";"";"";"";"";"";"";"";"";""
"Mimoso de Goiás";"Produção de Diamante (ct)";"";"";"";"";"";"-";"";"";"";"";"";"";"";"";"";"";"";"";"";"";""
"Mimoso de Goiás";"Produção de Esmeralda (kg)";"";"-";"-";"-";"-";"-";"";"";"";"";"";"";"";"";"";"";"";"";"";"";""
"Mimoso de Goiás";"Produção de Ferro para Cimento (t)";"";"";"";"";"";"-";"";"";"21.000";"21.000";"30.018";"16.000";"";"";"";"";"";"";"";"";""
"Mimoso de Goiás";"Produção de Filito (t)";"";"";"";"";"";"-";"";"";"";"";"";"";"";"";"";"";"";"";"";"";""
"Mimoso de Goiás";"Produção de Fosfato (t)";"";"";"";"";"";"-";"";"";"";"";"";"";"";"";"";"";"";"";"";"";""
"Mimoso de Goiás";"Produção de Manganês (t)";"";"";"";"";"";"-";"";"";"";"";"";"";"";"";"";"";"";"";"";"";""
"Mimoso de Goiás";"Produção de Nióbio (t)";"";"";"";"";"";"-";"";"";"";"";"";"";"";"";"";"";"";"";"";"";""
"Mimoso de Goiás";"Produção de Níquel (t)";"";"";"";"";"";"-";"";"";"";"";"";"";"";"";"";"";"";"";"";"";""
"Minaçu";"Produção de Calcário para Rações (t)";"";"";"";"";"";"-";"";"";"";"";"";"";"";"";"";"";"";"";"";"";""
"Minaçu";"Produção de Cascalho ()";"";"";"";"";"";"-";"";"";"";"";"";"";"";"";"";"";"";"";"";"";""
"Minaçu";"Produção de Caulim (t)";"";"";"";"";"";"-";"";"";"";"";"";"";"";"";"";"";"";"";"";"";""
"Minaçu";"Produção de Caulim para Cerâmica Branca (t)";"";"";"";"";"";"-";"";"";"";"";"";"";"";"";"";"";"";"";"";"";""
"Minaçu";"Produção de Cobalto (t)";"";"";"";"";"";"-";"";"";"";"";"";"";"";"";"";"";"";"";"";"";""
"Minaçu";"Produção de Cobre (t)";"";"";"";"";"";"-";"";"";"";"";"";"";"";"";"";"";"";"";"";"";""
"Minaçu";"Produção de Diamante (ct)";"";"";"";"";"";"-";"";"";"";"";"";"";"";"";"";"";"";"";"";"";""
"Minaçu";"Produção de Esmeralda (kg)";"";"-";"-";"-";"-";"-";"";"";"";"";"";"";"";"";"";"";"";"";"";"";""
"Minaçu";"Produção de Ferro para Cimento (t)";"";"";"";"";"";"-";"";"";"";"";"";"";"";"";"";"";"";"";"";"";""
"Minaçu";"Produção de Filito (t)";"";"";"";"";"";"-";"";"";"";"";"";"";"";"";"";"";"";"";"";"";""
"Minaçu";"Produção de Fosfato (t)";"";"";"";"";"";"-";"";"";"";"";"";"";"";"";"";"";"";"";"";"";""
"Minaçu";"Produção de Manganês (t)";"";"";"";"";"";"-";"";"";"";"";"";"";"";"";"";"";"";"";"";"";""
"Minaçu";"Produção de Nióbio (t)";"";"";"";"";"";"-";"";"";"";"";"";"";"";"";"";"";"";"";"";"";""
"Minaçu";"Produção de Níquel (t)";"";"";"";"";"";"-";"";"";"";"";"";"";"";"";"";"";"";"";"";"";""
"Mineiros";"Produção de Calcário para Rações (t)";"";"";"";"";"";"-";"";"";"";"";"";"";"";"";"";"";"";"";"";"";""
"Mineiros";"Produção de Cascalho ()";"";"";"";"";"";"680";"6.270";"5.220";"35.372";"24.895";"";"65";"";"";"";"";"";"";"";"";""
"Mineiros";"Produção de Caulim (t)";"";"";"";"";"";"-";"";"";"";"";"";"";"";"";"";"";"";"";"";"";""
"Mineiros";"Produção de Caulim para Cerâmica Branca (t)";"";"";"";"";"";"-";"";"";"";"";"";"";"";"";"";"";"";"";"";"";""
"Mineiros";"Produção de Cobalto (t)";"";"";"";"";"";"-";"";"";"";"";"";"";"";"";"";"";"";"";"";"";""
"Mineiros";"Produção de Cobre (t)";"";"";"";"";"";"-";"";"";"";"";"";"";"";"";"";"";"";"";"";"";""
"Mineiros";"Produção de Diamante (ct)";"";"";"";"";"";"-";"";"";"";"";"";"";"";"";"";"";"";"";"";"";""
"Mineiros";"Produção de Esmeralda (kg)";"";"-";"-";"-";"-";"-";"";"";"";"";"";"";"";"";"";"";"";"";"";"";""
"Mineiros";"Produção de Ferro para Cimento (t)";"";"";"";"";"";"-";"";"";"";"";"";"";"";"";"";"";"";"";"";"";""
"Mineiros";"Produção de Filito (t)";"";"";"";"";"";"-";"";"";"";"";"";"";"";"";"";"";"";"";"";"";""
"Mineiros";"Produção de Fosfato (t)";"";"";"";"";"";"-";"";"";"";"";"";"";"";"";"";"";"";"";"";"";""
"Mineiros";"Produção de Manganês (t)";"";"";"";"";"";"-";"";"";"";"";"";"";"";"";"";"";"";"";"";"";""
"Mineiros";"Produção de Nióbio (t)";"";"";"";"";"";"-";"";"";"";"";"";"";"";"";"";"";"";"";"";"";""
"Mineiros";"Produção de Níquel (t)";"";"";"";"";"";"-";"";"";"";"";"";"";"";"";"";"";"";"";"";"";""
"Moiporá";"Produção de Calcário para Rações (t)";"";"";"";"";"";"-";"";"";"";"";"";"";"";"";"";"";"";"";"";"";""
"Moiporá";"Produção de Cascalho ()";"";"";"";"";"";"-";"";"";"";"";"";"";"";"";"";"";"";"";"";"";""
"Moiporá";"Produção de Caulim (t)";"";"";"";"";"";"-";"";"";"";"";"";"";"";"";"";"";"";"";"";"";""
"Moiporá";"Produção de Caulim para Cerâmica Branca (t)";"";"";"";"";"";"-";"";"";"";"";"";"";"";"";"";"";"";"";"";"";""
"Moiporá";"Produção de Cobalto (t)";"";"";"";"";"";"-";"";"";"";"";"";"";"";"";"";"";"";"";"";"";""
"Moiporá";"Produção de Cobre (t)";"";"";"";"";"";"-";"";"";"";"";"";"";"";"";"";"";"";"";"";"";""
"Moiporá";"Produção de Diamante (ct)";"";"";"";"";"";"-";"";"";"";"";"";"";"";"";"";"";"";"";"";"";""
"Moiporá";"Produção de Esmeralda (kg)";"";"-";"-";"-";"-";"-";"";"";"";"";"";"";"";"";"";"";"";"";"";"";""
"Moiporá";"Produção de Ferro para Cimento (t)";"";"";"";"";"";"-";"";"";"";"";"";"";"";"";"";"";"";"";"";"";""
"Moiporá";"Produção de Filito (t)";"";"";"";"";"";"-";"";"";"";"";"";"";"";"";"";"";"";"";"";"";""
"Moiporá";"Produção de Fosfato (t)";"";"";"";"";"";"-";"";"";"";"";"";"";"";"";"";"";"";"";"";"";""
"Moiporá";"Produção de Manganês (t)";"";"";"";"";"";"-";"";"";"";"";"";"";"";"";"";"";"";"";"";"";""
"Moiporá";"Produção de Nióbio (t)";"";"";"";"";"";"-";"";"";"";"";"";"";"";"";"";"";"";"";"";"";""
"Moiporá";"Produção de Níquel (t)";"";"";"";"";"";"-";"";"";"";"";"";"";"";"";"";"";"";"";"";"";""
"Monte Alegre de Goiás";"Produção de Calcário para Rações (t)";"";"";"";"";"";"-";"";"";"";"";"";"";"";"";"";"";"";"";"";"";""
"Monte Alegre de Goiás";"Produção de Cascalho ()";"";"";"";"";"";"-";"";"";"";"";"";"";"";"";"";"";"";"";"";"";""
"Monte Alegre de Goiás";"Produção de Caulim (t)";"";"";"";"";"";"-";"";"";"";"";"";"";"";"";"";"";"";"";"";"";""
"Monte Alegre de Goiás";"Produção de Caulim para Cerâmica Branca (t)";"";"";"";"";"";"-";"";"";"";"";"";"";"";"";"";"";"";"";"";"";""
"Monte Alegre de Goiás";"Produção de Cobalto (t)";"";"";"";"";"";"-";"";"";"";"";"";"";"";"";"";"";"";"";"";"";""
"Monte Alegre de Goiás";"Produção de Cobre (t)";"";"";"";"";"";"-";"";"";"";"";"";"";"";"";"";"";"";"";"";"";""
"Monte Alegre de Goiás";"Produção de Diamante (ct)";"";"";"";"";"";"-";"";"";"";"";"";"";"";"";"";"";"";"";"";"";""
"Monte Alegre de Goiás";"Produção de Esmeralda (kg)";"";"-";"-";"-";"-";"-";"";"";"";"";"";"";"";"";"";"";"";"";"";"";""
"Monte Alegre de Goiás";"Produção de Ferro para Cimento (t)";"";"";"";"";"";"-";"";"";"";"";"";"";"";"";"";"";"";"";"";"";""
"Monte Alegre de Goiás";"Produção de Filito (t)";"";"";"";"";"";"-";"";"";"";"";"";"";"";"";"";"";"";"";"";"";""
"Monte Alegre de Goiás";"Produção de Fosfato (t)";"";"";"";"";"";"-";"";"";"";"";"";"";"";"";"";"";"";"";"";"";""
"Monte Alegre de Goiás";"Produção de Manganês (t)";"";"";"";"";"";"-";"";"";"";"";"";"";"";"";"";"";"";"";"";"";""
"Monte Alegre de Goiás";"Produção de Nióbio (t)";"";"";"";"";"";"-";"";"";"";"";"";"";"";"";"";"";"";"";"";"";""
"Monte Alegre de Goiás";"Produção de Níquel (t)";"";"";"";"";"";"-";"";"";"";"";"";"";"";"";"";"";"";"";"";"";""
"Montes Claros de Goiás";"Produção de Calcário para Rações (t)";"";"";"";"";"";"-";"";"";"";"";"";"";"";"";"";"";"";"";"";"";""
"Montes Claros de Goiás";"Produção de Cascalho ()";"";"";"";"";"";"-";"";"";"1.872";"107";"996";"4.520";"";"";"";"";"";"";"";"";""
"Montes Claros de Goiás";"Produção de Caulim (t)";"";"";"";"";"";"-";"";"";"";"";"";"";"";"";"";"";"";"";"";"";""
"Montes Claros de Goiás";"Produção de Caulim para Cerâmica Branca (t)";"";"";"";"";"";"-";"";"";"";"";"";"";"";"";"";"";"";"";"";"";""
"Montes Claros de Goiás";"Produção de Cobalto (t)";"";"";"";"";"";"-";"";"";"";"";"";"";"";"";"";"";"";"";"";"";""
"Montes Claros de Goiás";"Produção de Cobre (t)";"";"";"";"";"";"-";"";"";"";"";"";"";"";"";"";"";"";"";"";"";""
"Montes Claros de Goiás";"Produção de Diamante (ct)";"";"";"";"";"";"-";"";"";"";"";"";"";"";"";"";"";"";"";"";"";""
"Montes Claros de Goiás";"Produção de Esmeralda (kg)";"";"-";"-";"-";"-";"-";"";"";"";"";"";"";"";"";"";"";"";"";"";"";""
"Montes Claros de Goiás";"Produção de Ferro para Cimento (t)";"";"";"";"";"";"-";"";"";"";"";"";"";"";"";"";"";"";"";"";"";""
"Montes Claros de Goiás";"Produção de Filito (t)";"";"";"";"";"";"-";"";"";"";"";"";"";"";"";"";"";"";"";"";"";""
"Montes Claros de Goiás";"Produção de Fosfato (t)";"";"";"";"";"";"-";"";"";"";"";"";"";"";"";"";"";"";"";"";"";""
"Montes Claros de Goiás";"Produção de Manganês (t)";"";"";"";"";"";"-";"";"";"";"";"";"";"";"";"";"";"";"";"";"";""
"Montes Claros de Goiás";"Produção de Nióbio (t)";"";"";"";"";"";"-";"";"";"";"";"";"";"";"";"";"";"";"";"";"";""
"Montes Claros de Goiás";"Produção de Níquel (t)";"";"";"";"";"";"-";"";"";"";"";"";"";"";"";"";"";"";"";"";"";""
"Montividiu";"Produção de Calcário para Rações (t)";"";"";"";"";"";"-";"";"";"";"";"";"";"";"";"";"";"";"";"";"";""
"Montividiu";"Produção de Cascalho ()";"";"";"";"";"";"-";"";"";"";"";"";"";"";"";"";"";"";"";"";"";""
"Montividiu";"Produção de Caulim (t)";"";"";"";"";"";"-";"";"";"";"";"";"";"";"";"";"";"";"";"";"";""
"Montividiu";"Produção de Caulim para Cerâmica Branca (t)";"";"";"";"";"";"-";"";"";"";"";"";"";"";"";"";"";"";"";"";"";""
"Montividiu";"Produção de Cobalto (t)";"";"";"";"";"";"-";"";"";"";"";"";"";"";"";"";"";"";"";"";"";""
"Montividiu";"Produção de Cobre (t)";"";"";"";"";"";"-";"";"";"";"";"";"";"";"";"";"";"";"";"";"";""
"Montividiu";"Produção de Diamante (ct)";"";"";"";"";"";"-";"";"";"";"";"";"";"";"";"";"";"";"";"";"";""
"Montividiu";"Produção de Esmeralda (kg)";"";"-";"-";"-";"-";"-";"";"";"";"";"";"";"";"";"";"";"";"";"";"";""
"Montividiu";"Produção de Ferro para Cimento (t)";"";"";"";"";"";"-";"";"";"";"";"";"";"";"";"";"";"";"";"";"";""
"Montividiu";"Produção de Filito (t)";"";"";"";"";"";"-";"";"";"";"";"";"";"";"";"";"";"";"";"";"";""
"Montividiu";"Produção de Fosfato (t)";"";"";"";"";"";"-";"";"";"";"";"";"";"";"";"";"";"";"";"";"";""
"Montividiu";"Produção de Manganês (t)";"";"";"";"";"";"-";"";"";"";"";"";"";"";"";"";"";"";"";"";"";""
"Montividiu";"Produção de Nióbio (t)";"";"";"";"";"";"-";"";"";"";"";"";"";"";"";"";"";"";"";"";"";""
"Montividiu";"Produção de Níquel (t)";"";"";"";"";"";"-";"";"";"";"";"";"";"";"";"";"";"";"";"";"";""
"Montividiu do Norte";"Produção de Calcário para Rações (t)";"";"";"";"";"";"-";"";"";"";"";"";"";"";"";"";"";"";"";"";"";""
"Montividiu do Norte";"Produção de Cascalho ()";"";"";"";"";"";"-";"";"";"";"";"";"";"";"";"";"";"";"";"";"";""
"Montividiu do Norte";"Produção de Caulim (t)";"";"";"";"";"";"-";"";"";"";"";"";"";"";"";"";"";"";"";"";"";""
"Montividiu do Norte";"Produção de Caulim para Cerâmica Branca (t)";"";"";"";"";"";"-";"";"";"";"";"";"";"";"";"";"";"";"";"";"";""
"Montividiu do Norte";"Produção de Cobalto (t)";"";"";"";"";"";"-";"";"";"";"";"";"";"";"";"";"";"";"";"";"";""
"Montividiu do Norte";"Produção de Cobre (t)";"";"";"";"";"";"-";"";"";"";"";"";"";"";"";"";"";"";"";"";"";""
"Montividiu do Norte";"Produção de Diamante (ct)";"";"";"";"";"";"-";"";"";"";"";"";"";"";"";"";"";"";"";"";"";""
"Montividiu do Norte";"Produção de Esmeralda (kg)";"";"-";"-";"-";"-";"-";"";"";"";"";"";"";"";"";"";"";"";"";"";"";""
"Montividiu do Norte";"Produção de Ferro para Cimento (t)";"";"";"";"";"";"-";"";"";"";"";"";"";"";"";"";"";"";"";"";"";""
"Montividiu do Norte";"Produção de Filito (t)";"";"";"";"";"";"-";"";"";"";"";"";"";"";"";"";"";"";"";"";"";""
"Montividiu do Norte";"Produção de Fosfato (t)";"";"";"";"";"";"-";"";"";"";"";"";"";"";"";"";"";"";"";"";"";""
"Montividiu do Norte";"Produção de Manganês (t)";"";"";"";"";"";"-";"";"";"";"";"";"";"";"";"";"";"";"";"";"";""
"Montividiu do Norte";"Produção de Nióbio (t)";"";"";"";"";"";"-";"";"";"";"";"";"";"";"";"";"";"";"";"";"";""
"Montividiu do Norte";"Produção de Níquel (t)";"";"";"";"";"";"-";"";"";"";"";"";"";"";"";"";"";"";"";"";"";""
"Morrinhos";"Produção de Calcário para Rações (t)";"";"";"";"";"";"-";"";"";"";"";"";"";"";"";"";"";"";"";"";"";""
"Morrinhos";"Produção de Cascalho ()";"";"-";"-";" 1.300 ";" - ";"-";"";"";"";"";"";"";"";"";"";"";"";"";"";"";""
"Morrinhos";"Produção de Caulim (t)";"";"";"";"";"";"-";"";"";"";"";"";"";"";"";"";"";"";"";"";"";""
"Morrinhos";"Produção de Caulim para Cerâmica Branca (t)";"";"";"";"";"";"-";"";"";"";"";"";"";"";"";"";"";"";"";"";"";""
"Morrinhos";"Produção de Cobalto (t)";"";"";"";"";"";"-";"";"";"";"";"";"";"";"";"";"";"";"";"";"";""
"Morrinhos";"Produção de Cobre (t)";"";"";"";"";"";"-";"";"";"";"";"";"";"";"";"";"";"";"";"";"";""
"Morrinhos";"Produção de Diamante (ct)";"";"";"";"";"";"-";"";"";"";"";"";"";"";"";"";"";"";"";"";"";""
"Morrinhos";"Produção de Esmeralda (kg)";"";"-";"-";"-";"-";"-";"";"";"";"";"";"";"";"";"";"";"";"";"";"";""
"Morrinhos";"Produção de Ferro para Cimento (t)";"";"";"";"";"";"-";"";"";"";"";"";"";"";"";"";"";"";"";"";"";""
"Morrinhos";"Produção de Filito (t)";"";"";"";"";"";"-";"";"";"";"";"";"";"";"";"";"";"";"";"";"";""
"Morrinhos";"Produção de Fosfato (t)";"";"";"";"";"";"-";"";"";"";"";"";"";"";"";"";"";"";"";"";"";""
"Morrinhos";"Produção de Manganês (t)";"";"";"";"";"";"-";"";"";"";"";"";"";"";"";"";"";"";"";"";"";""
"Morrinhos";"Produção de Nióbio (t)";"";"";"";"";"";"-";"";"";"";"";"";"";"";"";"";"";"";"";"";"";""
"Morrinhos";"Produção de Níquel (t)";"";"";"";"";"";"-";"";"";"";"";"";"";"";"";"";"";"";"";"";"";""
"Morro Agudo de Goiás";"Produção de Calcário para Rações (t)";"";"";"";"";"";"-";"";"";"";"";"";"";"";"";"";"";"";"";"";"";""
"Morro Agudo de Goiás";"Produção de Cascalho ()";"";"";"";"";"";"-";"";"";"";"";"";"";"";"";"";"";"";"";"";"";""
"Morro Agudo de Goiás";"Produção de Caulim (t)";"";"";"";"";"";"-";"";"";"";"";"";"";"";"";"";"";"";"";"";"";""
"Morro Agudo de Goiás";"Produção de Caulim para Cerâmica Branca (t)";"";"";"";"";"";"-";"";"";"";"";"";"";"";"";"";"";"";"";"";"";""
"Morro Agudo de Goiás";"Produção de Cobalto (t)";"";"";"";"";"";"-";"";"";"";"";"";"";"";"";"";"";"";"";"";"";""
"Morro Agudo de Goiás";"Produção de Cobre (t)";"";"";"";"";"";"-";"";"";"";"";"";"";"";"";"";"";"";"";"";"";""
"Morro Agudo de Goiás";"Produção de Diamante (ct)";"";"";"";"";"";"-";"";"";"";"";"";"";"";"";"";"";"";"";"";"";""
"Morro Agudo de Goiás";"Produção de Esmeralda (kg)";"";"-";"-";"-";"-";"-";"";"";"";"";"";"";"";"";"";"";"";"";"";"";""
"Morro Agudo de Goiás";"Produção de Ferro para Cimento (t)";"";"";"";"";"";"-";"";"";"";"";"";"";"";"";"";"";"";"";"";"";""
"Morro Agudo de Goiás";"Produção de Filito (t)";"";"";"";"";"";"-";"";"";"";"";"";"";"";"";"";"";"";"";"";"";""
"Morro Agudo de Goiás";"Produção de Fosfato (t)";"";"";"";"";"";"-";"";"";"";"";"";"";"";"";"";"";"";"";"";"";""
"Morro Agudo de Goiás";"Produção de Manganês (t)";"";"";"";"";"";"-";"";"";"";"";"";"";"";"";"";"";"";"";"";"";""
"Morro Agudo de Goiás";"Produção de Nióbio (t)";"";"";"";"";"";"-";"";"";"";"";"";"";"";"";"";"";"";"";"";"";""
"Morro Agudo de Goiás";"Produção de Níquel (t)";"";"";"";"";"";"-";"";"";"";"";"";"";"";"";"";"";"";"";"";"";""
"Mossâmedes";"Produção de Calcário para Rações (t)";"";"32.114";"44.520";" 47.846 ";"42.929";"51.015";"56.837";"62.565";"55.507";"65.009";"50.154";"41.181";"";"";"";"";"";"";"";"";""
"Mossâmedes";"Produção de Cascalho ()";"";"";"";"";"";"-";"";"";"";"";"";"";"";"";"";"";"";"";"";"";""
"Mossâmedes";"Produção de Caulim (t)";"";"";"";"";"";"-";"";"";"";"";"";"";"";"";"";"";"";"";"";"";""
"Mossâmedes";"Produção de Caulim para Cerâmica Branca (t)";"";"";"";"";"";"-";"";"";"";"";"";"";"";"";"";"";"";"";"";"";""
"Mossâmedes";"Produção de Cobalto (t)";"";"";"";"";"";"-";"";"";"";"";"";"";"";"";"";"";"";"";"";"";""
"Mossâmedes";"Produção de Cobre (t)";"";"";"";"";"";"-";"";"";"";"";"";"";"";"";"";"";"";"";"";"";""
"Mossâmedes";"Produção de Diamante (ct)";"";"";"";"";"";"-";"";"";"";"";"";"";"";"";"";"";"";"";"";"";""
"Mossâmedes";"Produção de Esmeralda (kg)";"";"-";"-";"-";"-";"-";"";"";"";"";"";"";"";"";"";"";"";"";"";"";""
"Mossâmedes";"Produção de Ferro para Cimento (t)";"";"";"";"";"";"-";"";"";"";"";"";"";"";"";"";"";"";"";"";"";""
"Mossâmedes";"Produção de Filito (t)";"";"";"";"";"";"-";"";"";"";"";"";"";"";"";"";"";"";"";"";"";""
"Mossâmedes";"Produção de Fosfato (t)";"";"";"";"";"";"-";"";"";"";"";"";"";"";"";"";"";"";"";"";"";""
"Mossâmedes";"Produção de Manganês (t)";"";"";"";"";"";"-";"";"";"";"";"";"";"";"";"";"";"";"";"";"";""
"Mossâmedes";"Produção de Nióbio (t)";"";"";"";"";"";"-";"";"";"";"";"";"";"";"";"";"";"";"";"";"";""
"Mossâmedes";"Produção de Níquel (t)";"";"";"";"";"";"-";"";"";"";"";"";"";"";"";"";"";"";"";"";"";""
"Mozarlândia";"Produção de Calcário para Rações (t)";"";"";"";"";"";"-";"";"";"";"";"";"";"";"";"";"";"";"";"";"";""
"Mozarlândia";"Produção de Cascalho ()";"";"";"";"";"";"-";"1.145";"";"";"";"";"";"";"";"";"";"";"";"";"";""
"Mozarlândia";"Produção de Caulim (t)";"";"";"";"";"";"-";"";"";"";"";"";"";"";"";"";"";"";"";"";"";""
"Mozarlândia";"Produção de Caulim para Cerâmica Branca (t)";"";"";"";"";"";"-";"";"";"";"";"";"";"";"";"";"";"";"";"";"";""
"Mozarlândia";"Produção de Cobalto (t)";"";"";"";"";"";"-";"";"";"";"";"";"";"";"";"";"";"";"";"";"";""
"Mozarlândia";"Produção de Cobre (t)";"";"";"";"";"";"-";"";"";"";"";"";"";"";"";"";"";"";"";"";"";""
"Mozarlândia";"Produção de Diamante (ct)";"";"";"";"";"";"-";"";"";"";"";"";"";"";"";"";"";"";"";"";"";""
"Mozarlândia";"Produção de Esmeralda (kg)";"";"-";"-";"-";"-";"-";"";"";"";"";"";"";"";"";"";"";"";"";"";"";""
"Mozarlândia";"Produção de Ferro para Cimento (t)";"";"";"";"";"";"-";"";"";"";"";"";"";"";"";"";"";"";"";"";"";""
"Mozarlândia";"Produção de Filito (t)";"";"";"";"";"";"-";"";"";"";"";"";"";"";"";"";"";"";"";"";"";""
"Mozarlândia";"Produção de Fosfato (t)";"";"";"";"";"";"-";"";"";"";"";"";"";"";"";"";"";"";"";"";"";""
"Mozarlândia";"Produção de Manganês (t)";"";"";"";"";"";"-";"";"";"";"";"";"";"";"";"";"";"";"";"";"";""
"Mozarlândia";"Produção de Nióbio (t)";"";"";"";"";"";"-";"";"";"";"";"";"";"";"";"";"";"";"";"";"";""
"Mozarlândia";"Produção de Níquel (t)";"";"";"";"";"";"-";"";"";"";"";"";"";"";"";"";"";"";"";"";"";""
"Mundo Novo";"Produção de Calcário para Rações (t)";"";"";"";"";"";"-";"";"";"";"";"";"";"";"";"";"";"";"";"";"";""
"Mundo Novo";"Produção de Cascalho ()";"";"";"";"";"";"-";"";"";"";"";"";"";"";"";"";"";"";"";"";"";""
"Mundo Novo";"Produção de Caulim (t)";"";"";"";"";"";"-";"";"";"";"";"";"";"";"";"";"";"";"";"";"";""
"Mundo Novo";"Produção de Caulim para Cerâmica Branca (t)";"";"";"";"";"";"-";"";"";"";"";"";"";"";"";"";"";"";"";"";"";""
"Mundo Novo";"Produção de Cobalto (t)";"";"";"";"";"";"-";"";"";"";"";"";"";"";"";"";"";"";"";"";"";""
"Mundo Novo";"Produção de Cobre (t)";"";"";"";"";"";"-";"";"";"";"";"";"";"";"";"";"";"";"";"";"";""
"Mundo Novo";"Produção de Diamante (ct)";"";"";"";"";"";"-";"";"";"";"";"";"";"";"";"";"";"";"";"";"";""
"Mundo Novo";"Produção de Esmeralda (kg)";"";"-";"-";"-";"-";"-";"";"";"";"";"";"";"";"";"";"";"";"";"";"";""
"Mundo Novo";"Produção de Ferro para Cimento (t)";"";"";"";"";"";"-";"";"";"";"";"";"";"";"";"";"";"";"";"";"";""
"Mundo Novo";"Produção de Filito (t)";"";"";"";"";"";"-";"";"";"";"";"";"";"";"";"";"";"";"";"";"";""
"Mundo Novo";"Produção de Fosfato (t)";"";"";"";"";"";"-";"";"";"";"";"";"";"";"";"";"";"";"";"";"";""
"Mundo Novo";"Produção de Manganês (t)";"";"";"";"";"";"-";"";"";"";"";"";"";"";"";"";"";"";"";"";"";""
"Mundo Novo";"Produção de Nióbio (t)";"";"";"";"";"";"-";"";"";"";"";"";"";"";"";"";"";"";"";"";"";""
"Mundo Novo";"Produção de Níquel (t)";"";"";"";"";"";"-";"";"";"";"";"";"";"";"";"";"";"";"";"";"";""
"Mutunópolis";"Produção de Calcário para Rações (t)";"";"";"";"";"";"-";"";"";"";"";"";"";"";"";"";"";"";"";"";"";""
"Mutunópolis";"Produção de Cascalho ()";"";"";"";"";"";"-";"";"";"";"";"";"";"";"";"";"";"";"";"";"";""
"Mutunópolis";"Produção de Caulim (t)";"";"";"";"";"";"-";"";"";"";"";"";"";"";"";"";"";"";"";"";"";""
"Mutunópolis";"Produção de Caulim para Cerâmica Branca (t)";"";"";"";"";"";"-";"";"";"";"";"";"";"";"";"";"";"";"";"";"";""
"Mutunópolis";"Produção de Cobalto (t)";"";"";"";"";"";"-";"";"";"";"";"";"";"";"";"";"";"";"";"";"";""
"Mutunópolis";"Produção de Cobre (t)";"";"";"";"";"";"-";"";"";"";"";"";"";"";"";"";"";"";"";"";"";""
"Mutunópolis";"Produção de Diamante (ct)";"";"";"";"";"";"-";"";"";"";"";"";"";"";"";"";"";"";"";"";"";""
"Mutunópolis";"Produção de Esmeralda (kg)";"";"-";"-";"-";"-";"-";"";"";"";"";"";"";"";"";"";"";"";"";"";"";""
"Mutunópolis";"Produção de Ferro para Cimento (t)";"";"";"";"";"";"-";"";"";"";"";"";"";"";"";"";"";"";"";"";"";""
"Mutunópolis";"Produção de Filito (t)";"";"";"";"";"";"-";"";"";"";"";"";"";"";"";"";"";"";"";"";"";""
"Mutunópolis";"Produção de Fosfato (t)";"";"";"";"";"";"-";"";"";"";"";"";"";"";"";"";"";"";"";"";"";""
"Mutunópolis";"Produção de Manganês (t)";"";"";"";"";"";"-";"";"";"";"";"";"";"";"";"";"";"";"";"";"";""
"Mutunópolis";"Produção de Nióbio (t)";"";"";"";"";"";"-";"";"";"";"";"";"";"";"";"";"";"";"";"";"";""
"Mutunópolis";"Produção de Níquel (t)";"";"";"";"";"";"-";"";"";"";"";"";"";"";"";"";"";"";"";"";"";""
"Nazário";"Produção de Calcário para Rações (t)";"";"";"";"";"";"-";"";"";"";"";"";"";"";"";"";"";"";"";"";"";""
"Nazário";"Produção de Cascalho ()";"";"";"";"";"";"-";"";"";"";"";"";"";"";"";"";"";"";"";"";"";""
"Nazário";"Produção de Caulim (t)";"";"";"";"";"";"-";"";"";"";"";"";"";"";"";"";"";"";"";"";"";""
"Nazário";"Produção de Caulim para Cerâmica Branca (t)";"";"";"";"";"";"-";"";"";"";"";"";"";"";"";"";"";"";"";"";"";""
"Nazário";"Produção de Cobalto (t)";"";"";"";"";"";"-";"";"";"";"";"";"";"";"";"";"";"";"";"";"";""
"Nazário";"Produção de Cobre (t)";"";"";"";"";"";"-";"";"";"";"";"";"";"";"";"";"";"";"";"";"";""
"Nazário";"Produção de Diamante (ct)";"";"";"";"";"";"-";"";"";"";"";"";"";"";"";"";"";"";"";"";"";""
"Nazário";"Produção de Esmeralda (kg)";"";"-";"-";"-";"-";"-";"";"";"";"";"";"";"";"";"";"";"";"";"";"";""
"Nazário";"Produção de Ferro para Cimento (t)";"";"";"";"";"";"-";"";"";"";"";"";"";"";"";"";"";"";"";"";"";""
"Nazário";"Produção de Filito (t)";"";"";"";"";"";"-";"";"";"";"";"";"";"";"";"";"";"";"";"";"";""
"Nazário";"Produção de Fosfato (t)";"";"";"";"";"";"-";"";"";"";"";"";"";"";"";"";"";"";"";"";"";""
"Nazário";"Produção de Manganês (t)";"";"";"";"";"";"-";"";"";"";"";"";"";"";"";"";"";"";"";"";"";""
"Nazário";"Produção de Nióbio (t)";"";"";"";"";"";"-";"";"";"";"";"";"";"";"";"";"";"";"";"";"";""
"Nazário";"Produção de Níquel (t)";"";"";"";"";"";"-";"";"";"";"";"";"";"";"";"";"";"";"";"";"";""
"Nerópolis";"Produção de Calcário para Rações (t)";"";"";"";"";"";"-";"";"";"";"";"";"";"";"";"";"";"";"";"";"";""
"Nerópolis";"Produção de Cascalho ()";"";"";"";"";"";"-";"";"";"";"";"";"";"";"";"";"";"";"";"";"";""
"Nerópolis";"Produção de Caulim (t)";"";"";"";"";"";"-";"";"";"";"";"";"";"";"";"";"";"";"";"";"";""
"Nerópolis";"Produção de Caulim para Cerâmica Branca (t)";"";"";"";"";"";"-";"";"";"";"";"";"";"";"";"";"";"";"";"";"";""
"Nerópolis";"Produção de Cobalto (t)";"";"";"";"";"";"-";"";"";"";"";"";"";"";"";"";"";"";"";"";"";""
"Nerópolis";"Produção de Cobre (t)";"";"";"";"";"";"-";"";"";"";"";"";"";"";"";"";"";"";"";"";"";""
"Nerópolis";"Produção de Diamante (ct)";"";"";"";"";"";"-";"";"";"";"";"";"";"";"";"";"";"";"";"";"";""
"Nerópolis";"Produção de Esmeralda (kg)";"";"-";"-";"-";"-";"-";"";"";"";"";"";"";"";"";"";"";"";"";"";"";""
"Nerópolis";"Produção de Ferro para Cimento (t)";"";"";"";"";"";"-";"";"";"";"";"";"";"";"";"";"";"";"";"";"";""
"Nerópolis";"Produção de Filito (t)";"";"";"";"";"";"-";"";"";"";"";"";"";"";"";"";"";"";"";"";"";""
"Nerópolis";"Produção de Fosfato (t)";"";"";"";"";"";"-";"";"";"";"";"";"";"";"";"";"";"";"";"";"";""
"Nerópolis";"Produção de Manganês (t)";"";"";"";"";"";"-";"";"";"";"";"";"";"";"";"";"";"";"";"";"";""
"Nerópolis";"Produção de Nióbio (t)";"";"";"";"";"";"-";"";"";"";"";"";"";"";"";"";"";"";"";"";"";""
"Nerópolis";"Produção de Níquel (t)";"";"";"";"";"";"-";"";"";"";"";"";"";"";"";"";"";"";"";"";"";""
"Niquelândia";"Produção de Calcário para Rações (t)";"";"";"";"";"";"-";"";"";"";"";"";"";"";"";"";"";"";"";"";"";""
"Niquelândia";"Produção de Cascalho ()";"";"";"";"";"";"-";"";"";"";"";"";"8.030";"";"";"";"";"";"";"";"";""
"Niquelândia";"Produção de Caulim (t)";"";"";"";"";"";"-";"";"";"";"";"";"";"";"";"";"";"";"";"";"";""
"Niquelândia";"Produção de Caulim para Cerâmica Branca (t)";"";"";"";"";"";"-";"";"";"";"";"";"";"";"";"";"";"";"";"";"";""
"Niquelândia";"Produção de Cobalto (t)";"";"949";"2.725";" 3.026 ";"208";"2.882";"3.239";"3.037";"3.239";"3.865";"6.125";"853";"";"";"";"";"";"";"";"";""
"Niquelândia";"Produção de Cobre (t)";"";"4.490";"4.897";" 4.457 ";"3.395";"3.761";"4.287";"4.665";"5.028";"5.028";"3.354";"";"";"";"";"";"";"";"";"";""
"Niquelândia";"Produção de Diamante (ct)";"";"";"";"";"";"-";"";"";"";"";"";"";"";"";"";"";"";"";"";"";""
"Niquelândia";"Produção de Esmeralda (kg)";"";"-";"-";"-";"-";"-";"";"";"";"";"";"";"";"";"";"";"";"";"";"";""
"Niquelândia";"Produção de Ferro para Cimento (t)";"";"";"";"";"";"-";"";"";"";"";"";"";"";"";"";"";"";"";"";"";""
"Niquelândia";"Produção de Filito (t)";"";"";"";"";"";"-";"";"";"";"";"";"757";"";"";"";"";"";"";"";"";""
"Niquelândia";"Produção de Fosfato (t)";"";"";"";"";"";"-";"";"";"";"";"";"";"";"";"";"";"";"";"";"";""
"Niquelândia";"Produção de Manganês (t)";"";"";"";"";"";"48";"";"";"";"";"";"";"";"";"";"";"";"";"";"";""
"Niquelândia";"Produção de Nióbio (t)";"";"";"";"";"";"-";"";"";"";"";"";"";"";"";"";"";"";"";"";"";""
"Niquelândia";"Produção de Níquel (t)";"";"21.630";"20.796";" 33.085 ";"26.417";"30.161";"31.122";"32.373";"41.849";"47.657";"39.795";"15.115";"";"";"";"";"";"";"";"";""
"Nova América";"Produção de Calcário para Rações (t)";"";"";"";"";"";"-";"";"";"";"";"";"";"";"";"";"";"";"";"";"";""
"Nova América";"Produção de Cascalho ()";"";"";"";"";"";"888";"";"";"";"";"";"";"";"";"";"";"";"";"";"";""
"Nova América";"Produção de Caulim (t)";"";"";"";"";"";"-";"";"";"";"";"";"";"";"";"";"";"";"";"";"";""
"Nova América";"Produção de Caulim para Cerâmica Branca (t)";"";"";"";"";"";"-";"";"";"";"";"";"";"";"";"";"";"";"";"";"";""
"Nova América";"Produção de Cobalto (t)";"";"";"";"";"";"-";"";"";"";"";"";"";"";"";"";"";"";"";"";"";""
"Nova América";"Produção de Cobre (t)";"";"";"";"";"";"-";"";"";"";"";"";"";"";"";"";"";"";"";"";"";""
"Nova América";"Produção de Diamante (ct)";"";"";"";"";"";"-";"";"";"";"";"";"";"";"";"";"";"";"";"";"";""
"Nova América";"Produção de Esmeralda (kg)";"";"-";"-";"-";"-";"-";"";"";"";"";"";"";"";"";"";"";"";"";"";"";""
"Nova América";"Produção de Ferro para Cimento (t)";"";"";"";"";"";"-";"";"";"";"";"";"";"";"";"";"";"";"";"";"";""
"Nova América";"Produção de Filito (t)";"";"";"";"";"";"-";"";"";"";"";"";"";"";"";"";"";"";"";"";"";""
"Nova América";"Produção de Fosfato (t)";"";"";"";"";"";"-";"";"";"";"";"";"";"";"";"";"";"";"";"";"";""
"Nova América";"Produção de Manganês (t)";"";"";"";"";"";"-";"";"";"";"";"";"";"";"";"";"";"";"";"";"";""
"Nova América";"Produção de Nióbio (t)";"";"";"";"";"";"-";"";"";"";"";"";"";"";"";"";"";"";"";"";"";""
"Nova América";"Produção de Níquel (t)";"";"";"";"";"";"-";"";"";"";"";"";"";"";"";"";"";"";"";"";"";""
"Nova Aurora";"Produção de Calcário para Rações (t)";"";"";"";"";"";"-";"";"";"";"";"";"";"";"";"";"";"";"";"";"";""
"Nova Aurora";"Produção de Cascalho ()";"";"";"";"";"";"-";"";"";"";"";"";"";"";"";"";"";"";"";"";"";""
"Nova Aurora";"Produção de Caulim (t)";"";"";"";"";"";"-";"";"";"";"";"";"";"";"";"";"";"";"";"";"";""
"Nova Aurora";"Produção de Caulim para Cerâmica Branca (t)";"";"";"";"";"";"-";"";"";"";"";"";"";"";"";"";"";"";"";"";"";""
"Nova Aurora";"Produção de Cobalto (t)";"";"";"";"";"";"-";"";"";"";"";"";"";"";"";"";"";"";"";"";"";""
"Nova Aurora";"Produção de Cobre (t)";"";"";"";"";"";"-";"";"";"";"";"";"";"";"";"";"";"";"";"";"";""
"Nova Aurora";"Produção de Diamante (ct)";"";"";"";"";"";"-";"";"";"";"";"";"";"";"";"";"";"";"";"";"";""
"Nova Aurora";"Produção de Esmeralda (kg)";"";"-";"-";"-";"-";"-";"";"";"";"";"";"";"";"";"";"";"";"";"";"";""
"Nova Aurora";"Produção de Ferro para Cimento (t)";"";"";"";"";"";"-";"";"";"";"";"";"";"";"";"";"";"";"";"";"";""
"Nova Aurora";"Produção de Filito (t)";"";"";"";"";"";"-";"";"";"";"";"";"";"";"";"";"";"";"";"";"";""
"Nova Aurora";"Produção de Fosfato (t)";"";"";"";"";"";"-";"";"";"";"";"";"";"";"";"";"";"";"";"";"";""
"Nova Aurora";"Produção de Manganês (t)";"";"";"";"";"";"-";"";"";"";"";"";"";"";"";"";"";"";"";"";"";""
"Nova Aurora";"Produção de Nióbio (t)";"";"";"";"";"";"-";"";"";"";"";"";"";"";"";"";"";"";"";"";"";""
"Nova Aurora";"Produção de Níquel (t)";"";"";"";"";"";"-";"";"";"";"";"";"";"";"";"";"";"";"";"";"";""
"Nova Crixás";"Produção de Calcário para Rações (t)";"";"";"";"";"";"-";"";"";"";"";"";"";"";"";"";"";"";"";"";"";""
"Nova Crixás";"Produção de Cascalho ()";"";"";"";"";"";"-";"";"";"";"";"";"";"";"";"";"";"";"";"";"";""
"Nova Crixás";"Produção de Caulim (t)";"";"";"";"";"";"-";"";"";"";"";"";"";"";"";"";"";"";"";"";"";""
"Nova Crixás";"Produção de Caulim para Cerâmica Branca (t)";"";"";"";"";"";"-";"";"";"";"";"";"";"";"";"";"";"";"";"";"";""
"Nova Crixás";"Produção de Cobalto (t)";"";"";"";"";"";"-";"";"";"";"";"";"";"";"";"";"";"";"";"";"";""
"Nova Crixás";"Produção de Cobre (t)";"";"";"";"";"";"-";"";"";"";"";"";"";"";"";"";"";"";"";"";"";""
"Nova Crixás";"Produção de Diamante (ct)";"";"";"";"";"";"-";"";"";"";"";"";"";"";"";"";"";"";"";"";"";""
"Nova Crixás";"Produção de Esmeralda (kg)";"";"-";"-";"-";"-";"-";"";"";"";"";"";"";"";"";"";"";"";"";"";"";""
"Nova Crixás";"Produção de Ferro para Cimento (t)";"";"";"";"";"";"-";"";"";"";"";"";"";"";"";"";"";"";"";"";"";""
"Nova Crixás";"Produção de Filito (t)";"";"";"";"";"";"-";"";"";"";"";"";"";"";"";"";"";"";"";"";"";""
"Nova Crixás";"Produção de Fosfato (t)";"";"";"";"";"";"-";"";"";"";"";"";"";"";"";"";"";"";"";"";"";""
"Nova Crixás";"Produção de Manganês (t)";"";"";"";"";"";"-";"";"";"";"";"";"";"";"";"";"";"";"";"";"";""
"Nova Crixás";"Produção de Nióbio (t)";"";"";"";"";"";"-";"";"";"";"";"";"";"";"";"";"";"";"";"";"";""
"Nova Crixás";"Produção de Níquel (t)";"";"";"";"";"";"-";"";"";"";"";"";"";"";"";"";"";"";"";"";"";""
"Nova Glória";"Produção de Calcário para Rações (t)";"";"";"";"";"";"-";"";"";"";"";"";"";"";"";"";"";"";"";"";"";""
"Nova Glória";"Produção de Cascalho ()";"";"";"";"";"";"-";"";"";"";"";"";"";"";"";"";"";"";"";"";"";""
"Nova Glória";"Produção de Caulim (t)";"";"";"";"";"";"-";"";"";"";"";"";"";"";"";"";"";"";"";"";"";""
"Nova Glória";"Produção de Caulim para Cerâmica Branca (t)";"";"";"";"";"";"-";"";"";"";"";"";"";"";"";"";"";"";"";"";"";""
"Nova Glória";"Produção de Cobalto (t)";"";"";"";"";"";"-";"";"";"";"";"";"";"";"";"";"";"";"";"";"";""
"Nova Glória";"Produção de Cobre (t)";"";"";"";"";"";"-";"";"";"";"";"";"";"";"";"";"";"";"";"";"";""
"Nova Glória";"Produção de Diamante (ct)";"";"";"";"";"";"-";"";"";"";"";"";"";"";"";"";"";"";"";"";"";""
"Nova Glória";"Produção de Esmeralda (kg)";"";"-";"-";"-";"-";"-";"";"";"";"";"";"";"";"";"";"";"";"";"";"";""
"Nova Glória";"Produção de Ferro para Cimento (t)";"";"";"";"";"";"-";"";"";"";"";"";"";"";"";"";"";"";"";"";"";""
"Nova Glória";"Produção de Filito (t)";"";"";"";"";"";"-";"";"";"";"";"";"";"";"";"";"";"";"";"";"";""
"Nova Glória";"Produção de Fosfato (t)";"";"";"";"";"";"-";"";"";"";"";"";"";"";"";"";"";"";"";"";"";""
"Nova Glória";"Produção de Manganês (t)";"";"";"";"";"";"-";"";"";"";"";"";"";"";"";"";"";"";"";"";"";""
"Nova Glória";"Produção de Nióbio (t)";"";"";"";"";"";"-";"";"";"";"";"";"";"";"";"";"";"";"";"";"";""
"Nova Glória";"Produção de Níquel (t)";"";"";"";"";"";"-";"";"";"";"";"";"";"";"";"";"";"";"";"";"";""
"Nova Iguaçu de Goiás";"Produção de Calcário para Rações (t)";"";"";"";"";"";"-";"";"";"";"";"";"";"";"";"";"";"";"";"";"";""
"Nova Iguaçu de Goiás";"Produção de Cascalho ()";"";"";"";"";"";"-";"";"";"";"";"";"";"";"";"";"";"";"";"";"";""
"Nova Iguaçu de Goiás";"Produção de Caulim (t)";"";"";"";"";"";"-";"";"";"";"";"";"";"";"";"";"";"";"";"";"";""
"Nova Iguaçu de Goiás";"Produção de Caulim para Cerâmica Branca (t)";"";"";"";"";"";"-";"";"";"";"";"";"";"";"";"";"";"";"";"";"";""
"Nova Iguaçu de Goiás";"Produção de Cobalto (t)";"";"";"";"";"";"-";"";"";"";"";"";"";"";"";"";"";"";"";"";"";""
"Nova Iguaçu de Goiás";"Produção de Cobre (t)";"";"";"";"";"";"-";"";"";"";"";"";"";"";"";"";"";"";"";"";"";""
"Nova Iguaçu de Goiás";"Produção de Diamante (ct)";"";"";"";"";"";"-";"";"";"";"";"";"";"";"";"";"";"";"";"";"";""
"Nova Iguaçu de Goiás";"Produção de Esmeralda (kg)";"";"-";"-";"-";"-";"-";"";"";"";"";"";"";"";"";"";"";"";"";"";"";""
"Nova Iguaçu de Goiás";"Produção de Ferro para Cimento (t)";"";"";"";"";"";"-";"";"";"";"";"";"";"";"";"";"";"";"";"";"";""
"Nova Iguaçu de Goiás";"Produção de Filito (t)";"";"";"";"";"";"-";"";"";"";"";"";"";"";"";"";"";"";"";"";"";""
"Nova Iguaçu de Goiás";"Produção de Fosfato (t)";"";"";"";"";"";"-";"";"";"";"";"";"";"";"";"";"";"";"";"";"";""
"Nova Iguaçu de Goiás";"Produção de Manganês (t)";"";"";"";"";"";"-";"";"";"";"";"";"";"";"";"";"";"";"";"";"";""
"Nova Iguaçu de Goiás";"Produção de Nióbio (t)";"";"";"";"";"";"-";"";"";"";"";"";"";"";"";"";"";"";"";"";"";""
"Nova Iguaçu de Goiás";"Produção de Níquel (t)";"";"";"";"";"";"-";"";"";"";"";"";"";"";"";"";"";"";"";"";"";""
"Nova Roma";"Produção de Calcário para Rações (t)";"";"";"";"";"";"-";"";"";"";"";"";"";"";"";"";"";"";"";"";"";""
"Nova Roma";"Produção de Cascalho ()";"";"";"";"";"";"-";"";"";"";"";"";"";"";"";"";"";"";"";"";"";""
"Nova Roma";"Produção de Caulim (t)";"";"";"";"";"";"-";"";"";"";"";"";"";"";"";"";"";"";"";"";"";""
"Nova Roma";"Produção de Caulim para Cerâmica Branca (t)";"";"";"";"";"";"-";"";"";"";"";"";"";"";"";"";"";"";"";"";"";""
"Nova Roma";"Produção de Cobalto (t)";"";"";"";"";"";"-";"";"";"";"";"";"";"";"";"";"";"";"";"";"";""
"Nova Roma";"Produção de Cobre (t)";"";"";"";"";"";"-";"";"";"";"";"";"";"";"";"";"";"";"";"";"";""
"Nova Roma";"Produção de Diamante (ct)";"";"";"";"";"";"-";"";"";"";"";"";"";"";"";"";"";"";"";"";"";""
"Nova Roma";"Produção de Esmeralda (kg)";"";"-";"-";"-";"-";"-";"";"";"";"";"";"";"";"";"";"";"";"";"";"";""
"Nova Roma";"Produção de Ferro para Cimento (t)";"";"";"";"";"";"-";"";"";"";"";"";"";"";"";"";"";"";"";"";"";""
"Nova Roma";"Produção de Filito (t)";"";"";"";"";"";"-";"";"";"";"";"";"";"";"";"";"";"";"";"";"";""
"Nova Roma";"Produção de Fosfato (t)";"";"";"";"";"";"-";"";"";"";"";"";"";"";"";"";"";"";"";"";"";""
"Nova Roma";"Produção de Manganês (t)";"";"";"";"";"";"-";"";"";"";"";"";"";"";"";"";"";"";"";"";"";""
"Nova Roma";"Produção de Nióbio (t)";"";"";"";"";"";"-";"";"";"";"";"";"";"";"";"";"";"";"";"";"";""
"Nova Roma";"Produção de Níquel (t)";"";"";"";"";"";"-";"";"";"";"";"";"";"";"";"";"";"";"";"";"";""
"Nova Veneza";"Produção de Calcário para Rações (t)";"";"";"";"";"";"-";"";"";"";"";"";"";"";"";"";"";"";"";"";"";""
"Nova Veneza";"Produção de Cascalho ()";"";"";"";"";"";"-";"";"";"";"";"";"";"";"";"";"";"";"";"";"";""
"Nova Veneza";"Produção de Caulim (t)";"";"";"";"";"";"-";"";"";"";"";"";"";"";"";"";"";"";"";"";"";""
"Nova Veneza";"Produção de Caulim para Cerâmica Branca (t)";"";"";"";"";"";"-";"";"";"";"";"";"";"";"";"";"";"";"";"";"";""
"Nova Veneza";"Produção de Cobalto (t)";"";"";"";"";"";"-";"";"";"";"";"";"";"";"";"";"";"";"";"";"";""
"Nova Veneza";"Produção de Cobre (t)";"";"";"";"";"";"-";"";"";"";"";"";"";"";"";"";"";"";"";"";"";""
"Nova Veneza";"Produção de Diamante (ct)";"";"";"";"";"";"-";"";"";"";"";"";"";"";"";"";"";"";"";"";"";""
"Nova Veneza";"Produção de Esmeralda (kg)";"";"-";"-";"-";"-";"-";"";"";"";"";"";"";"";"";"";"";"";"";"";"";""
"Nova Veneza";"Produção de Ferro para Cimento (t)";"";"";"";"";"";"-";"";"";"";"";"";"";"";"";"";"";"";"";"";"";""
"Nova Veneza";"Produção de Filito (t)";"";"";"";"";"";"-";"";"";"";"";"";"";"";"";"";"";"";"";"";"";""
"Nova Veneza";"Produção de Fosfato (t)";"";"";"";"";"";"-";"";"";"";"";"";"";"";"";"";"";"";"";"";"";""
"Nova Veneza";"Produção de Manganês (t)";"";"";"";"";"";"-";"";"";"";"";"";"";"";"";"";"";"";"";"";"";""
"Nova Veneza";"Produção de Nióbio (t)";"";"";"";"";"";"-";"";"";"";"";"";"";"";"";"";"";"";"";"";"";""
"Nova Veneza";"Produção de Níquel (t)";"";"";"";"";"";"-";"";"";"";"";"";"";"";"";"";"";"";"";"";"";""
"Novo Brasil";"Produção de Calcário para Rações (t)";"";"";"";"";"";"-";"";"";"";"";"";"";"";"";"";"";"";"";"";"";""
"Novo Brasil";"Produção de Cascalho ()";"";"";"";"";"";"-";"";"";"";"";"";"";"";"";"";"";"";"";"";"";""
"Novo Brasil";"Produção de Caulim (t)";"";"";"";"";"";"-";"";"";"";"";"";"";"";"";"";"";"";"";"";"";""
"Novo Brasil";"Produção de Caulim para Cerâmica Branca (t)";"";"";"";"";"";"-";"";"";"";"";"";"";"";"";"";"";"";"";"";"";""
"Novo Brasil";"Produção de Cobalto (t)";"";"";"";"";"";"-";"";"";"";"";"";"";"";"";"";"";"";"";"";"";""
"Novo Brasil";"Produção de Cobre (t)";"";"";"";"";"";"-";"";"";"";"";"";"";"";"";"";"";"";"";"";"";""
"Novo Brasil";"Produção de Diamante (ct)";"";"";"";"";"";"-";"";"";"";"";"";"";"";"";"";"";"";"";"";"";""
"Novo Brasil";"Produção de Esmeralda (kg)";"";"-";"-";"-";"-";"-";"";"";"";"";"";"";"";"";"";"";"";"";"";"";""
"Novo Brasil";"Produção de Ferro para Cimento (t)";"";"";"";"";"";"-";"";"";"";"";"";"";"";"";"";"";"";"";"";"";""
"Novo Brasil";"Produção de Filito (t)";"";"";"";"";"";"-";"";"";"";"";"";"";"";"";"";"";"";"";"";"";""
"Novo Brasil";"Produção de Fosfato (t)";"";"";"";"";"";"-";"";"";"";"";"";"";"";"";"";"";"";"";"";"";""
"Novo Brasil";"Produção de Manganês (t)";"";"";"";"";"";"-";"";"";"";"";"";"";"";"";"";"";"";"";"";"";""
"Novo Brasil";"Produção de Nióbio (t)";"";"";"";"";"";"-";"";"";"";"";"";"";"";"";"";"";"";"";"";"";""
"Novo Brasil";"Produção de Níquel (t)";"";"";"";"";"";"-";"";"";"";"";"";"";"";"";"";"";"";"";"";"";""
"Novo Gama";"Produção de Calcário para Rações (t)";"";"";"";"";"";"-";"";"";"";"";"";"";"";"";"";"";"";"";"";"";""
"Novo Gama";"Produção de Cascalho ()";"";"";"";"";"";"20.600";"";"40.539";"9.791";"7.280";"56.478";"37.892";"";"";"";"";"";"";"";"";""
"Novo Gama";"Produção de Caulim (t)";"";"";"";"";"";"-";"";"";"";"";"";"";"";"";"";"";"";"";"";"";""
"Novo Gama";"Produção de Caulim para Cerâmica Branca (t)";"";"";"";"";"";"-";"";"";"";"";"";"";"";"";"";"";"";"";"";"";""
"Novo Gama";"Produção de Cobalto (t)";"";"";"";"";"";"-";"";"";"";"";"";"";"";"";"";"";"";"";"";"";""
"Novo Gama";"Produção de Cobre (t)";"";"";"";"";"";"-";"";"";"";"";"";"";"";"";"";"";"";"";"";"";""
"Novo Gama";"Produção de Diamante (ct)";"";"";"";"";"";"-";"";"";"";"";"";"";"";"";"";"";"";"";"";"";""
"Novo Gama";"Produção de Esmeralda (kg)";"";"-";"-";"-";"-";"-";"";"";"";"";"";"";"";"";"";"";"";"";"";"";""
"Novo Gama";"Produção de Ferro para Cimento (t)";"";"";"";"";"";"-";"";"";"";"";"";"";"";"";"";"";"";"";"";"";""
"Novo Gama";"Produção de Filito (t)";"";"";"";"";"";"-";"";"";"";"";"";"";"";"";"";"";"";"";"";"";""
"Novo Gama";"Produção de Fosfato (t)";"";"";"";"";"";"-";"";"";"";"";"";"";"";"";"";"";"";"";"";"";""
"Novo Gama";"Produção de Manganês (t)";"";"";"";"";"";"-";"";"";"";"";"";"";"";"";"";"";"";"";"";"";""
"Novo Gama";"Produção de Nióbio (t)";"";"";"";"";"";"-";"";"";"";"";"";"";"";"";"";"";"";"";"";"";""
"Novo Gama";"Produção de Níquel (t)";"";"";"";"";"";"-";"";"";"";"";"";"";"";"";"";"";"";"";"";"";""
"Novo Planalto";"Produção de Calcário para Rações (t)";"";"";"";"";"";"-";"";"";"";"";"";"";"";"";"";"";"";"";"";"";""
"Novo Planalto";"Produção de Cascalho ()";"";"";"";"";"";"-";"";"";"";"";"";"";"";"";"";"";"";"";"";"";""
"Novo Planalto";"Produção de Caulim (t)";"";"";"";"";"";"-";"";"";"";"";"";"";"";"";"";"";"";"";"";"";""
"Novo Planalto";"Produção de Caulim para Cerâmica Branca (t)";"";"";"";"";"";"-";"";"";"";"";"";"";"";"";"";"";"";"";"";"";""
"Novo Planalto";"Produção de Cobalto (t)";"";"";"";"";"";"-";"";"";"";"";"";"";"";"";"";"";"";"";"";"";""
"Novo Planalto";"Produção de Cobre (t)";"";"";"";"";"";"-";"";"";"";"";"";"";"";"";"";"";"";"";"";"";""
"Novo Planalto";"Produção de Diamante (ct)";"";"";"";"";"";"-";"";"";"";"";"";"";"";"";"";"";"";"";"";"";""
"Novo Planalto";"Produção de Esmeralda (kg)";"";"-";"-";"-";"-";"-";"";"";"";"";"";"";"";"";"";"";"";"";"";"";""
"Novo Planalto";"Produção de Ferro para Cimento (t)";"";"";"";"";"";"-";"";"";"";"";"";"";"";"";"";"";"";"";"";"";""
"Novo Planalto";"Produção de Filito (t)";"";"";"";"";"";"-";"";"";"";"";"";"";"";"";"";"";"";"";"";"";""
"Novo Planalto";"Produção de Fosfato (t)";"";"";"";"";"";"-";"";"";"";"";"";"";"";"";"";"";"";"";"";"";""
"Novo Planalto";"Produção de Manganês (t)";"";"";"";"";"";"-";"";"";"";"";"";"";"";"";"";"";"";"";"";"";""
"Novo Planalto";"Produção de Nióbio (t)";"";"";"";"";"";"-";"";"";"";"";"";"";"";"";"";"";"";"";"";"";""
"Novo Planalto";"Produção de Níquel (t)";"";"";"";"";"";"-";"";"";"";"";"";"";"";"";"";"";"";"";"";"";""
"Orizona";"Produção de Calcário para Rações (t)";"";"";"";"";"";"-";"";"";"";"";"";"";"";"";"";"";"";"";"";"";""
"Orizona";"Produção de Cascalho ()";"";"721";"-";"-";"";"-";"290";"";"";"";"";"";"";"";"";"";"";"";"";"";""
"Orizona";"Produção de Caulim (t)";"";"";"";"";"";"-";"";"";"";"";"";"";"";"";"";"";"";"";"";"";""
"Orizona";"Produção de Caulim para Cerâmica Branca (t)";"";"";"";"";"";"-";"";"";"";"";"";"";"";"";"";"";"";"";"";"";""
"Orizona";"Produção de Cobalto (t)";"";"";"";"";"";"-";"";"";"";"";"";"";"";"";"";"";"";"";"";"";""
"Orizona";"Produção de Cobre (t)";"";"";"";"";"";"-";"";"";"";"";"";"";"";"";"";"";"";"";"";"";""
"Orizona";"Produção de Diamante (ct)";"";"";"";"";"";"-";"";"";"";"";"";"";"";"";"";"";"";"";"";"";""
"Orizona";"Produção de Esmeralda (kg)";"";"-";"-";"-";"-";"-";"";"";"";"";"";"";"";"";"";"";"";"";"";"";""
"Orizona";"Produção de Ferro para Cimento (t)";"";"";"";"";"";"-";"";"";"";"";"";"";"";"";"";"";"";"";"";"";""
"Orizona";"Produção de Filito (t)";"";"";"";"";"";"-";"";"";"";"";"";"";"";"";"";"";"";"";"";"";""
"Orizona";"Produção de Fosfato (t)";"";"";"";"";"";"-";"";"";"";"";"";"";"";"";"";"";"";"";"";"";""
"Orizona";"Produção de Manganês (t)";"";"";"";"";"";"-";"";"";"";"";"";"";"";"";"";"";"";"";"";"";""
"Orizona";"Produção de Nióbio (t)";"";"";"";"";"";"-";"";"";"";"";"";"";"";"";"";"";"";"";"";"";""
"Orizona";"Produção de Níquel (t)";"";"";"";"";"";"-";"";"";"";"";"";"";"";"";"";"";"";"";"";"";""
"Ouro Verde de Goiás";"Produção de Calcário para Rações (t)";"";"";"";"";"";"-";"";"";"";"";"";"";"";"";"";"";"";"";"";"";""
"Ouro Verde de Goiás";"Produção de Cascalho ()";"";"";"";"";"";"-";"";"";"";"";"";"";"";"";"";"";"";"";"";"";""
"Ouro Verde de Goiás";"Produção de Caulim (t)";"";"";"";"";"";"-";"";"";"";"";"";"";"";"";"";"";"";"";"";"";""
"Ouro Verde de Goiás";"Produção de Caulim para Cerâmica Branca (t)";"";"";"";"";"";"-";"";"";"";"";"";"";"";"";"";"";"";"";"";"";""
"Ouro Verde de Goiás";"Produção de Cobalto (t)";"";"";"";"";"";"-";"";"";"";"";"";"";"";"";"";"";"";"";"";"";""
"Ouro Verde de Goiás";"Produção de Cobre (t)";"";"";"";"";"";"-";"";"";"";"";"";"";"";"";"";"";"";"";"";"";""
"Ouro Verde de Goiás";"Produção de Diamante (ct)";"";"";"";"";"";"-";"";"";"";"";"";"";"";"";"";"";"";"";"";"";""
"Ouro Verde de Goiás";"Produção de Esmeralda (kg)";"";"-";"-";"-";"-";"-";"";"";"";"";"";"";"";"";"";"";"";"";"";"";""
"Ouro Verde de Goiás";"Produção de Ferro para Cimento (t)";"";"";"";"";"";"-";"";"";"";"";"";"";"";"";"";"";"";"";"";"";""
"Ouro Verde de Goiás";"Produção de Filito (t)";"";"";"";"";"";"-";"";"";"";"";"";"";"";"";"";"";"";"";"";"";""
"Ouro Verde de Goiás";"Produção de Fosfato (t)";"";"";"";"";"";"-";"";"";"";"";"";"";"";"";"";"";"";"";"";"";""
"Ouro Verde de Goiás";"Produção de Manganês (t)";"";"";"";"";"";"-";"";"";"";"";"";"";"";"";"";"";"";"";"";"";""
"Ouro Verde de Goiás";"Produção de Nióbio (t)";"";"";"";"";"";"-";"";"";"";"";"";"";"";"";"";"";"";"";"";"";""
"Ouro Verde de Goiás";"Produção de Níquel (t)";"";"";"";"";"";"-";"";"";"";"";"";"";"";"";"";"";"";"";"";"";""
"Ouvidor";"Produção de Calcário para Rações (t)";"";"";"";"";"";"-";"";"";"";"";"";"";"";"";"";"";"";"";"";"";""
"Ouvidor";"Produção de Cascalho ()";"";"";"";"";"";"-";"";"";"";"";"";"";"";"";"";"";"";"";"";"";""
"Ouvidor";"Produção de Caulim (t)";"";"";"";"";"";"-";"";"";"";"";"";"";"";"";"";"";"";"";"";"";""
"Ouvidor";"Produção de Caulim para Cerâmica Branca (t)";"";"";"";"";"";"-";"";"";"";"";"";"";"";"";"";"";"";"";"";"";""
"Ouvidor";"Produção de Cobalto (t)";"";"";"";"";"";"-";"";"";"";"";"";"";"";"";"";"";"";"";"";"";""
"Ouvidor";"Produção de Cobre (t)";"";"";"";"";"";"-";"";"";"";"";"";"";"";"";"";"";"";"";"";"";""
"Ouvidor";"Produção de Diamante (ct)";"";"";"";"";"";"-";"";"";"";"";"";"166";"";"";"";"";"";"";"";"";""
"Ouvidor";"Produção de Esmeralda (kg)";"";"-";"-";"-";"-";"-";"";"";"";"";"";"";"";"";"";"";"";"";"";"";""
"Ouvidor";"Produção de Ferro para Cimento (t)";"";"";"";"";"";"-";"";"";"";"";"";"";"";"";"";"";"";"";"";"";""
"Ouvidor";"Produção de Filito (t)";"";"";"";"";"";"-";"";"";"";"";"";"";"";"";"";"";"";"";"";"";""
"Ouvidor";"Produção de Fosfato (t)";"";"1.170.180";"1.178.084";" 478.180 ";"1.127.883";"1.283.182";"1.321.363";"1.320.733";"1.370.070";"1.373.271";"1.316.451";"1.405.515";"";"";"";"";"";"";"";"";""
"Ouvidor";"Produção de Manganês (t)";"";"";"";"";"";"-";"";"";"";"";"";"";"";"";"";"";"";"";"";"";""
"Ouvidor";"Produção de Nióbio (t)";"";"";"";"";"";"-";"6.850";"5.451";"5.103";"2.891";"12.740";"15.022";"";"";"";"";"";"";"";"";""
"Ouvidor";"Produção de Níquel (t)";"";"";"";"";"";"-";"";"";"";"";"";"";"";"";"";"";"";"";"";"";""
"Padre Bernardo";"Produção de Calcário para Rações (t)";"";"";"";"";"";"-";"";"";"";"";"";"";"";"";"";"";"";"";"";"";""
"Padre Bernardo";"Produção de Cascalho ()";"";"";"";"";"";"-";"";"";"210";"";"";"";"";"";"";"";"";"";"";"";""
"Padre Bernardo";"Produção de Caulim (t)";"";"";"";"";"";"-";"";"";"";"";"";"";"";"";"";"";"";"";"";"";""
"Padre Bernardo";"Produção de Caulim para Cerâmica Branca (t)";"";"";"";"";"";"-";"";"";"";"";"";"";"";"";"";"";"";"";"";"";""
"Padre Bernardo";"Produção de Cobalto (t)";"";"";"";"";"";"-";"";"";"";"";"";"";"";"";"";"";"";"";"";"";""
"Padre Bernardo";"Produção de Cobre (t)";"";"";"";"";"";"-";"";"";"";"";"";"";"";"";"";"";"";"";"";"";""
"Padre Bernardo";"Produção de Diamante (ct)";"";"";"";"";"";"-";"";"";"";"";"";"";"";"";"";"";"";"";"";"";""
"Padre Bernardo";"Produção de Esmeralda (kg)";"";"-";"-";"-";"-";"-";"";"";"";"";"";"";"";"";"";"";"";"";"";"";""
"Padre Bernardo";"Produção de Ferro para Cimento (t)";"";"";"";"";"";"-";"";"";"";"";"";"";"";"";"";"";"";"";"";"";""
"Padre Bernardo";"Produção de Filito (t)";"";"";"";"";"";"-";"";"";"";"";"";"";"";"";"";"";"";"";"";"";""
"Padre Bernardo";"Produção de Fosfato (t)";"";"";"";"";"";"-";"";"";"";"";"";"";"";"";"";"";"";"";"";"";""
"Padre Bernardo";"Produção de Manganês (t)";"";"";"";"";"";"-";"";"";"";"";"";"";"";"";"";"";"";"";"";"";""
"Padre Bernardo";"Produção de Nióbio (t)";"";"";"";"";"";"-";"";"";"";"";"";"";"";"";"";"";"";"";"";"";""
"Padre Bernardo";"Produção de Níquel (t)";"";"";"";"";"";"-";"";"";"";"";"";"";"";"";"";"";"";"";"";"";""
"Palestina de Goiás";"Produção de Calcário para Rações (t)";"";"";"";"";"";"-";"";"";"";"";"";"";"";"";"";"";"";"";"";"";""
"Palestina de Goiás";"Produção de Cascalho ()";"";"";"";"";"";"-";"";"";"";"";"";"";"";"";"";"";"";"";"";"";""
"Palestina de Goiás";"Produção de Caulim (t)";"";"";"";"";"";"-";"";"";"";"";"";"";"";"";"";"";"";"";"";"";""
"Palestina de Goiás";"Produção de Caulim para Cerâmica Branca (t)";"";"";"";"";"";"-";"";"";"";"";"";"";"";"";"";"";"";"";"";"";""
"Palestina de Goiás";"Produção de Cobalto (t)";"";"";"";"";"";"-";"";"";"";"";"";"";"";"";"";"";"";"";"";"";""
"Palestina de Goiás";"Produção de Cobre (t)";"";"";"";"";"";"-";"";"";"";"";"";"";"";"";"";"";"";"";"";"";""
"Palestina de Goiás";"Produção de Diamante (ct)";"";"";"";"";"";"-";"";"";"";"";"";"";"";"";"";"";"";"";"";"";""
"Palestina de Goiás";"Produção de Esmeralda (kg)";"";"-";"-";"-";"-";"-";"";"";"";"";"";"";"";"";"";"";"";"";"";"";""
"Palestina de Goiás";"Produção de Ferro para Cimento (t)";"";"";"";"";"";"-";"";"";"";"";"";"";"";"";"";"";"";"";"";"";""
"Palestina de Goiás";"Produção de Filito (t)";"";"";"";"";"";"-";"";"";"";"";"";"";"";"";"";"";"";"";"";"";""
"Palestina de Goiás";"Produção de Fosfato (t)";"";"";"";"";"";"-";"";"";"";"";"";"";"";"";"";"";"";"";"";"";""
"Palestina de Goiás";"Produção de Manganês (t)";"";"";"";"";"";"-";"";"";"";"";"";"";"";"";"";"";"";"";"";"";""
"Palestina de Goiás";"Produção de Nióbio (t)";"";"";"";"";"";"-";"";"";"";"";"";"";"";"";"";"";"";"";"";"";""
"Palestina de Goiás";"Produção de Níquel (t)";"";"";"";"";"";"-";"";"";"";"";"";"";"";"";"";"";"";"";"";"";""
"Palmeiras de Goiás";"Produção de Calcário para Rações (t)";"";"";"";"";"";"-";"";"";"";"";"";"";"";"";"";"";"";"";"";"";""
"Palmeiras de Goiás";"Produção de Cascalho ()";"";"";"";"";"";"-";"";"57.219";"";"";"";"";"";"";"";"";"";"";"";"";""
"Palmeiras de Goiás";"Produção de Caulim (t)";"";"";"";"";"";"-";"";"";"";"";"";"";"";"";"";"";"";"";"";"";""
"Palmeiras de Goiás";"Produção de Caulim para Cerâmica Branca (t)";"";"";"";"";"";"-";"";"";"";"";"";"";"";"";"";"";"";"";"";"";""
"Palmeiras de Goiás";"Produção de Cobalto (t)";"";"";"";"";"";"-";"";"";"";"";"";"";"";"";"";"";"";"";"";"";""
"Palmeiras de Goiás";"Produção de Cobre (t)";"";"";"";"";"";"-";"";"";"";"";"";"";"";"";"";"";"";"";"";"";""
"Palmeiras de Goiás";"Produção de Diamante (ct)";"";"";"";"";"";"-";"";"";"";"";"";"";"";"";"";"";"";"";"";"";""
"Palmeiras de Goiás";"Produção de Esmeralda (kg)";"";"-";"-";"-";"-";"-";"";"";"";"";"";"";"";"";"";"";"";"";"";"";""
"Palmeiras de Goiás";"Produção de Ferro para Cimento (t)";"";"";"";"";"";"-";"";"";"";"";"";"";"";"";"";"";"";"";"";"";""
"Palmeiras de Goiás";"Produção de Filito (t)";"";"";"";"";"";"-";"";"";"";"";"";"";"";"";"";"";"";"";"";"";""
"Palmeiras de Goiás";"Produção de Fosfato (t)";"";"";"";"";"";"-";"";"";"";"";"";"";"";"";"";"";"";"";"";"";""
"Palmeiras de Goiás";"Produção de Manganês (t)";"";"";"";"";"";"-";"";"";"";"";"";"";"";"";"";"";"";"";"";"";""
"Palmeiras de Goiás";"Produção de Nióbio (t)";"";"";"";"";"";"-";"";"";"";"";"";"";"";"";"";"";"";"";"";"";""
"Palmeiras de Goiás";"Produção de Níquel (t)";"";"";"";"";"";"-";"";"";"";"";"";"";"";"";"";"";"";"";"";"";""
"Palmelo";"Produção de Calcário para Rações (t)";"";"";"";"";"";"-";"";"";"";"";"";"";"";"";"";"";"";"";"";"";""
"Palmelo";"Produção de Cascalho ()";"";"";"";"";"";"-";"";"";"";"";"";"";"";"";"";"";"";"";"";"";""
"Palmelo";"Produção de Caulim (t)";"";"";"";"";"";"-";"";"";"";"";"";"";"";"";"";"";"";"";"";"";""
"Palmelo";"Produção de Caulim para Cerâmica Branca (t)";"";"";"";"";"";"-";"";"";"";"";"";"";"";"";"";"";"";"";"";"";""
"Palmelo";"Produção de Cobalto (t)";"";"";"";"";"";"-";"";"";"";"";"";"";"";"";"";"";"";"";"";"";""
"Palmelo";"Produção de Cobre (t)";"";"";"";"";"";"-";"";"";"";"";"";"";"";"";"";"";"";"";"";"";""
"Palmelo";"Produção de Diamante (ct)";"";"";"";"";"";"-";"";"";"";"";"";"";"";"";"";"";"";"";"";"";""
"Palmelo";"Produção de Esmeralda (kg)";"";"-";"-";"-";"-";"-";"";"";"";"";"";"";"";"";"";"";"";"";"";"";""
"Palmelo";"Produção de Ferro para Cimento (t)";"";"";"";"";"";"-";"";"";"";"";"";"";"";"";"";"";"";"";"";"";""
"Palmelo";"Produção de Filito (t)";"";"";"";"";"";"-";"";"";"";"";"";"";"";"";"";"";"";"";"";"";""
"Palmelo";"Produção de Fosfato (t)";"";"";"";"";"";"-";"";"";"";"";"";"";"";"";"";"";"";"";"";"";""
"Palmelo";"Produção de Manganês (t)";"";"";"";"";"";"-";"";"";"";"";"";"";"";"";"";"";"";"";"";"";""
"Palmelo";"Produção de Nióbio (t)";"";"";"";"";"";"-";"";"";"";"";"";"";"";"";"";"";"";"";"";"";""
"Palmelo";"Produção de Níquel (t)";"";"";"";"";"";"-";"";"";"";"";"";"";"";"";"";"";"";"";"";"";""
"Palminópolis";"Produção de Calcário para Rações (t)";"";"";"";"";"";"-";"";"";"";"";"";"";"";"";"";"";"";"";"";"";""
"Palminópolis";"Produção de Cascalho ()";"";"";"";"";"";"-";"";"";"";"";"";"";"";"";"";"";"";"";"";"";""
"Palminópolis";"Produção de Caulim (t)";"";"";"";"";"";"-";"";"";"";"";"";"";"";"";"";"";"";"";"";"";""
"Palminópolis";"Produção de Caulim para Cerâmica Branca (t)";"";"";"";"";"";"-";"";"";"";"";"";"";"";"";"";"";"";"";"";"";""
"Palminópolis";"Produção de Cobalto (t)";"";"";"";"";"";"-";"";"";"";"";"";"";"";"";"";"";"";"";"";"";""
"Palminópolis";"Produção de Cobre (t)";"";"";"";"";"";"-";"";"";"";"";"";"";"";"";"";"";"";"";"";"";""
"Palminópolis";"Produção de Diamante (ct)";"";"";"";"";"";"-";"";"";"";"";"";"";"";"";"";"";"";"";"";"";""
"Palminópolis";"Produção de Esmeralda (kg)";"";"-";"-";"-";"-";"-";"";"";"";"";"";"";"";"";"";"";"";"";"";"";""
"Palminópolis";"Produção de Ferro para Cimento (t)";"";"";"";"";"";"-";"";"";"";"";"";"";"";"";"";"";"";"";"";"";""
"Palminópolis";"Produção de Filito (t)";"";"";"";"";"";"-";"";"";"";"";"";"";"";"";"";"";"";"";"";"";""
"Palminópolis";"Produção de Fosfato (t)";"";"";"";"";"";"-";"";"";"";"";"";"";"";"";"";"";"";"";"";"";""
"Palminópolis";"Produção de Manganês (t)";"";"";"";"";"";"-";"";"";"";"";"";"";"";"";"";"";"";"";"";"";""
"Palminópolis";"Produção de Nióbio (t)";"";"";"";"";"";"-";"";"";"";"";"";"";"";"";"";"";"";"";"";"";""
"Palminópolis";"Produção de Níquel (t)";"";"";"";"";"";"-";"";"";"";"";"";"";"";"";"";"";"";"";"";"";""
"Panamá";"Produção de Calcário para Rações (t)";"";"";"";"";"";"-";"";"";"";"";"";"";"";"";"";"";"";"";"";"";""
"Panamá";"Produção de Cascalho ()";"";"";"";"";"";"-";"";"";"";"";"";"13.650";"";"";"";"";"";"";"";"";""
"Panamá";"Produção de Caulim (t)";"";"";"";"";"";"-";"";"";"";"";"";"";"";"";"";"";"";"";"";"";""
"Panamá";"Produção de Caulim para Cerâmica Branca (t)";"";"";"";"";"";"-";"";"";"";"";"";"";"";"";"";"";"";"";"";"";""
"Panamá";"Produção de Cobalto (t)";"";"";"";"";"";"-";"";"";"";"";"";"";"";"";"";"";"";"";"";"";""
"Panamá";"Produção de Cobre (t)";"";"";"";"";"";"-";"";"";"";"";"";"";"";"";"";"";"";"";"";"";""
"Panamá";"Produção de Diamante (ct)";"";"";"";"";"";"-";"";"";"";"";"";"";"";"";"";"";"";"";"";"";""
"Panamá";"Produção de Esmeralda (kg)";"";"-";"-";"-";"-";"-";"";"";"";"";"";"";"";"";"";"";"";"";"";"";""
"Panamá";"Produção de Ferro para Cimento (t)";"";"";"";"";"";"-";"";"";"";"";"";"";"";"";"";"";"";"";"";"";""
"Panamá";"Produção de Filito (t)";"";"";"";"";"";"-";"";"";"";"";"";"";"";"";"";"";"";"";"";"";""
"Panamá";"Produção de Fosfato (t)";"";"";"";"";"";"-";"";"";"";"";"";"";"";"";"";"";"";"";"";"";""
"Panamá";"Produção de Manganês (t)";"";"";"";"";"";"-";"";"";"";"";"";"";"";"";"";"";"";"";"";"";""
"Panamá";"Produção de Nióbio (t)";"";"";"";"";"";"-";"";"";"";"";"";"";"";"";"";"";"";"";"";"";""
"Panamá";"Produção de Níquel (t)";"";"";"";"";"";"-";"";"";"";"";"";"";"";"";"";"";"";"";"";"";""
"Paranaiguara";"Produção de Calcário para Rações (t)";"";"";"";"";"";"-";"";"";"";"";"";"";"";"";"";"";"";"";"";"";""
"Paranaiguara";"Produção de Cascalho ()";"";"";"";"";"";"-";"";"";"";"";"";"";"";"";"";"";"";"";"";"";""
"Paranaiguara";"Produção de Caulim (t)";"";"";"";"";"";"-";"";"";"";"";"";"";"";"";"";"";"";"";"";"";""
"Paranaiguara";"Produção de Caulim para Cerâmica Branca (t)";"";"";"";"";"";"-";"";"";"";"";"";"";"";"";"";"";"";"";"";"";""
"Paranaiguara";"Produção de Cobalto (t)";"";"";"";"";"";"-";"";"";"";"";"";"";"";"";"";"";"";"";"";"";""
"Paranaiguara";"Produção de Cobre (t)";"";"";"";"";"";"-";"";"";"";"";"";"";"";"";"";"";"";"";"";"";""
"Paranaiguara";"Produção de Diamante (ct)";"";"";"";"";"";"-";"";"";"";"";"";"";"";"";"";"";"";"";"";"";""
"Paranaiguara";"Produção de Esmeralda (kg)";"";"-";"-";"-";"-";"-";"";"";"";"";"";"";"";"";"";"";"";"";"";"";""
"Paranaiguara";"Produção de Ferro para Cimento (t)";"";"";"";"";"";"-";"";"";"";"";"";"";"";"";"";"";"";"";"";"";""
"Paranaiguara";"Produção de Filito (t)";"";"";"";"";"";"-";"";"";"";"";"";"";"";"";"";"";"";"";"";"";""
"Paranaiguara";"Produção de Fosfato (t)";"";"";"";"";"";"-";"";"";"";"";"";"";"";"";"";"";"";"";"";"";""
"Paranaiguara";"Produção de Manganês (t)";"";"";"";"";"";"-";"";"";"";"";"";"";"";"";"";"";"";"";"";"";""
"Paranaiguara";"Produção de Nióbio (t)";"";"";"";"";"";"-";"";"";"";"";"";"";"";"";"";"";"";"";"";"";""
"Paranaiguara";"Produção de Níquel (t)";"";"";"";"";"";"-";"";"";"";"";"";"";"";"";"";"";"";"";"";"";""
"Paraúna";"Produção de Calcário para Rações (t)";"";"";"";"";"";"-";"";"";"";"";"";"";"";"";"";"";"";"";"";"";""
"Paraúna";"Produção de Cascalho ()";"";"";"";"";"";"-";"";"";"";"";"";"";"";"";"";"";"";"";"";"";""
"Paraúna";"Produção de Caulim (t)";"";"";"";"";"";"-";"";"";"";"";"";"";"";"";"";"";"";"";"";"";""
"Paraúna";"Produção de Caulim para Cerâmica Branca (t)";"";"";"";"";"";"-";"";"";"";"";"";"";"";"";"";"";"";"";"";"";""
"Paraúna";"Produção de Cobalto (t)";"";"";"";"";"";"-";"";"";"";"";"";"";"";"";"";"";"";"";"";"";""
"Paraúna";"Produção de Cobre (t)";"";"";"";"";"";"-";"";"";"";"";"";"";"";"";"";"";"";"";"";"";""
"Paraúna";"Produção de Diamante (ct)";"";"";"";"";"";"-";"";"";"";"";"";"";"";"";"";"";"";"";"";"";""
"Paraúna";"Produção de Esmeralda (kg)";"";"-";"-";"-";"-";"-";"";"";"";"";"";"";"";"";"";"";"";"";"";"";""
"Paraúna";"Produção de Ferro para Cimento (t)";"";"";"";"";"";"-";"";"";"";"";"";"";"";"";"";"";"";"";"";"";""
"Paraúna";"Produção de Filito (t)";"";"";"";"";"";"-";"";"";"";"";"";"";"";"";"";"";"";"";"";"";""
"Paraúna";"Produção de Fosfato (t)";"";"";"";"";"";"-";"";"";"";"";"";"";"";"";"";"";"";"";"";"";""
"Paraúna";"Produção de Manganês (t)";"";"";"";"";"";"-";"";"";"";"";"";"";"";"";"";"";"";"";"";"";""
"Paraúna";"Produção de Nióbio (t)";"";"";"";"";"";"-";"";"";"";"";"";"";"";"";"";"";"";"";"";"";""
"Paraúna";"Produção de Níquel (t)";"";"";"";"";"";"-";"";"";"";"";"";"";"";"";"";"";"";"";"";"";""
"Perolândia";"Produção de Calcário para Rações (t)";"";"";"";"";"";"-";"";"";"";"";"";"";"";"";"";"";"";"";"";"";""
"Perolândia";"Produção de Cascalho ()";"";"";"";"";"";"-";"";"";"";"";"";"";"";"";"";"";"";"";"";"";""
"Perolândia";"Produção de Caulim (t)";"";"";"";"";"";"-";"";"";"";"";"";"";"";"";"";"";"";"";"";"";""
"Perolândia";"Produção de Caulim para Cerâmica Branca (t)";"";"";"";"";"";"-";"";"";"";"";"";"";"";"";"";"";"";"";"";"";""
"Perolândia";"Produção de Cobalto (t)";"";"";"";"";"";"-";"";"";"";"";"";"";"";"";"";"";"";"";"";"";""
"Perolândia";"Produção de Cobre (t)";"";"";"";"";"";"-";"";"";"";"";"";"";"";"";"";"";"";"";"";"";""
"Perolândia";"Produção de Diamante (ct)";"";"";"";"";"";"-";"";"";"";"";"";"";"";"";"";"";"";"";"";"";""
"Perolândia";"Produção de Esmeralda (kg)";"";"-";"-";"-";"-";"-";"";"";"";"";"";"";"";"";"";"";"";"";"";"";""
"Perolândia";"Produção de Ferro para Cimento (t)";"";"";"";"";"";"-";"";"";"";"";"";"";"";"";"";"";"";"";"";"";""
"Perolândia";"Produção de Filito (t)";"";"";"";"";"";"-";"";"";"";"";"";"";"";"";"";"";"";"";"";"";""
"Perolândia";"Produção de Fosfato (t)";"";"";"";"";"";"-";"";"";"";"";"";"";"";"";"";"";"";"";"";"";""
"Perolândia";"Produção de Manganês (t)";"";"";"";"";"";"-";"";"";"";"";"";"";"";"";"";"";"";"";"";"";""
"Perolândia";"Produção de Nióbio (t)";"";"";"";"";"";"-";"";"";"";"";"";"";"";"";"";"";"";"";"";"";""
"Perolândia";"Produção de Níquel (t)";"";"";"";"";"";"-";"";"";"";"";"";"";"";"";"";"";"";"";"";"";""
"Petrolina de Goiás";"Produção de Calcário para Rações (t)";"";"";"";"";"";"-";"";"";"";"";"";"";"";"";"";"";"";"";"";"";""
"Petrolina de Goiás";"Produção de Cascalho ()";"";"";"";"";"";"-";"";"";"";"";"";"";"";"";"";"";"";"";"";"";""
"Petrolina de Goiás";"Produção de Caulim (t)";"";"";"";"";"";"-";"";"";"";"";"";"";"";"";"";"";"";"";"";"";""
"Petrolina de Goiás";"Produção de Caulim para Cerâmica Branca (t)";"";"";"";"";"";"-";"";"";"";"";"";"";"";"";"";"";"";"";"";"";""
"Petrolina de Goiás";"Produção de Cobalto (t)";"";"";"";"";"";"-";"";"";"";"";"";"";"";"";"";"";"";"";"";"";""
"Petrolina de Goiás";"Produção de Cobre (t)";"";"";"";"";"";"-";"";"";"";"";"";"";"";"";"";"";"";"";"";"";""
"Petrolina de Goiás";"Produção de Diamante (ct)";"";"";"";"";"";"-";"";"";"";"";"";"";"";"";"";"";"";"";"";"";""
"Petrolina de Goiás";"Produção de Esmeralda (kg)";"";"-";"-";"-";"-";"-";"";"";"";"";"";"";"";"";"";"";"";"";"";"";""
"Petrolina de Goiás";"Produção de Ferro para Cimento (t)";"";"";"";"";"";"-";"";"";"";"";"";"";"";"";"";"";"";"";"";"";""
"Petrolina de Goiás";"Produção de Filito (t)";"";"";"";"";"";"-";"";"";"";"";"";"";"";"";"";"";"";"";"";"";""
"Petrolina de Goiás";"Produção de Fosfato (t)";"";"";"";"";"";"-";"";"";"";"";"";"";"";"";"";"";"";"";"";"";""
"Petrolina de Goiás";"Produção de Manganês (t)";"";"";"";"";"";"-";"";"";"";"";"";"";"";"";"";"";"";"";"";"";""
"Petrolina de Goiás";"Produção de Nióbio (t)";"";"";"";"";"";"-";"";"";"";"";"";"";"";"";"";"";"";"";"";"";""
"Petrolina de Goiás";"Produção de Níquel (t)";"";"";"";"";"";"-";"";"";"";"";"";"";"";"";"";"";"";"";"";"";""
"Pilar de Goiás";"Produção de Calcário para Rações (t)";"";"";"";"";"";"-";"";"";"";"";"";"";"";"";"";"";"";"";"";"";""
"Pilar de Goiás";"Produção de Cascalho ()";"";"";"";"";"";"-";"";"";"";"";"";"";"";"";"";"";"";"";"";"";""
"Pilar de Goiás";"Produção de Caulim (t)";"";"";"";"";"";"-";"";"";"";"";"";"";"";"";"";"";"";"";"";"";""
"Pilar de Goiás";"Produção de Caulim para Cerâmica Branca (t)";"";"";"";"";"";"-";"";"";"";"";"";"";"";"";"";"";"";"";"";"";""
"Pilar de Goiás";"Produção de Cobalto (t)";"";"";"";"";"";"-";"";"";"";"";"";"";"";"";"";"";"";"";"";"";""
"Pilar de Goiás";"Produção de Cobre (t)";"";"";"";"";"";"-";"";"";"";"";"";"";"";"";"";"";"";"";"";"";""
"Pilar de Goiás";"Produção de Diamante (ct)";"";"";"";"";"";"-";"";"";"";"";"";"";"";"";"";"";"";"";"";"";""
"Pilar de Goiás";"Produção de Esmeralda (kg)";"";"-";"-";"-";"-";"-";"";"";"";"";"";"";"";"";"";"";"";"";"";"";""
"Pilar de Goiás";"Produção de Ferro para Cimento (t)";"";"";"";"";"";"-";"";"";"";"";"";"";"";"";"";"";"";"";"";"";""
"Pilar de Goiás";"Produção de Filito (t)";"";"";"";"";"";"-";"";"";"";"";"";"";"";"";"";"";"";"";"";"";""
"Pilar de Goiás";"Produção de Fosfato (t)";"";"";"";"";"";"-";"";"";"";"";"";"";"";"";"";"";"";"";"";"";""
"Pilar de Goiás";"Produção de Manganês (t)";"";"";"";"";"";"-";"";"";"";"";"";"";"";"";"";"";"";"";"";"";""
"Pilar de Goiás";"Produção de Nióbio (t)";"";"";"";"";"";"-";"";"";"";"";"";"";"";"";"";"";"";"";"";"";""
"Pilar de Goiás";"Produção de Níquel (t)";"";"";"";"";"";"-";"";"";"";"";"";"";"";"";"";"";"";"";"";"";""
"Piracanjuba";"Produção de Calcário para Rações (t)";"";"";"";"";"";"-";"";"";"";"";"";"";"";"";"";"";"";"";"";"";""
"Piracanjuba";"Produção de Cascalho ()";"";"-";"-";" 200 ";" - ";"-";"";"";"";"";"";"";"";"";"";"";"";"";"";"";""
"Piracanjuba";"Produção de Caulim (t)";"";"";"";"";"";"-";"";"";"";"";"";"";"";"";"";"";"";"";"";"";""
"Piracanjuba";"Produção de Caulim para Cerâmica Branca (t)";"";"";"";"";"";"-";"";"";"";"";"";"";"";"";"";"";"";"";"";"";""
"Piracanjuba";"Produção de Cobalto (t)";"";"";"";"";"";"-";"";"";"";"";"";"";"";"";"";"";"";"";"";"";""
"Piracanjuba";"Produção de Cobre (t)";"";"";"";"";"";"-";"";"";"";"";"";"";"";"";"";"";"";"";"";"";""
"Piracanjuba";"Produção de Diamante (ct)";"";"";"";"";"";"-";"";"";"";"";"";"";"";"";"";"";"";"";"";"";""
"Piracanjuba";"Produção de Esmeralda (kg)";"";"-";"-";"-";"-";"-";"";"";"";"";"";"";"";"";"";"";"";"";"";"";""
"Piracanjuba";"Produção de Ferro para Cimento (t)";"";"";"";"";"";"-";"";"";"";"";"";"";"";"";"";"";"";"";"";"";""
"Piracanjuba";"Produção de Filito (t)";"";"";"";"";"";"-";"";"";"";"";"";"";"";"";"";"";"";"";"";"";""
"Piracanjuba";"Produção de Fosfato (t)";"";"";"";"";"";"-";"";"";"";"";"";"";"";"";"";"";"";"";"";"";""
"Piracanjuba";"Produção de Manganês (t)";"";"";"";"";"";"-";"";"";"";"";"";"";"";"";"";"";"";"";"";"";""
"Piracanjuba";"Produção de Nióbio (t)";"";"";"";"";"";"-";"";"";"";"";"";"";"";"";"";"";"";"";"";"";""
"Piracanjuba";"Produção de Níquel (t)";"";"";"";"";"";"-";"";"";"";"";"";"";"";"";"";"";"";"";"";"";""
"Piranhas";"Produção de Calcário para Rações (t)";"";"";"";"";"";"-";"104.989";"";"88.424";"80.386";"";"";"";"";"";"";"";"";"";"";""
"Piranhas";"Produção de Cascalho ()";"";"";"";"";"";"-";"";"";"";"";"";"";"";"";"";"";"";"";"";"";""
"Piranhas";"Produção de Caulim (t)";"";"";"";"";"";"-";"";"";"";"";"";"";"";"";"";"";"";"";"";"";""
"Piranhas";"Produção de Caulim para Cerâmica Branca (t)";"";"";"";"";"";"-";"";"";"";"";"";"";"";"";"";"";"";"";"";"";""
"Piranhas";"Produção de Cobalto (t)";"";"";"";"";"";"-";"";"";"";"";"";"";"";"";"";"";"";"";"";"";""
"Piranhas";"Produção de Cobre (t)";"";"";"";"";"";"-";"";"";"";"";"";"";"";"";"";"";"";"";"";"";""
"Piranhas";"Produção de Diamante (ct)";"";"";"";"";"";"-";"";"";"";"";"";"";"";"";"";"";"";"";"";"";""
"Piranhas";"Produção de Esmeralda (kg)";"";"-";"-";"-";"-";"-";"";"";"";"";"";"";"";"";"";"";"";"";"";"";""
"Piranhas";"Produção de Ferro para Cimento (t)";"";"";"";"";"";"-";"";"";"";"";"";"";"";"";"";"";"";"";"";"";""
"Piranhas";"Produção de Filito (t)";"";"";"";"";"";"-";"";"";"";"";"";"";"";"";"";"";"";"";"";"";""
"Piranhas";"Produção de Fosfato (t)";"";"";"";"";"";"-";"";"";"";"";"";"";"";"";"";"";"";"";"";"";""
"Piranhas";"Produção de Manganês (t)";"";"";"";"";"";"-";"";"";"";"";"";"";"";"";"";"";"";"";"";"";""
"Piranhas";"Produção de Nióbio (t)";"";"";"";"";"";"-";"";"";"";"";"";"";"";"";"";"";"";"";"";"";""
"Piranhas";"Produção de Níquel (t)";"";"";"";"";"";"-";"";"";"";"";"";"";"";"";"";"";"";"";"";"";""
"Pirenópolis";"Produção de Calcário para Rações (t)";"";"";"";"";"";"-";"";"";"";"";"";"";"";"";"";"";"";"";"";"";""
"Pirenópolis";"Produção de Cascalho ()";"";"";"";"";"";"-";"";"";"";"";"";"";"";"";"";"";"";"";"";"";""
"Pirenópolis";"Produção de Caulim (t)";"";"";"";"";"";"-";"";"";"";"";"";"";"";"";"";"";"";"";"";"";""
"Pirenópolis";"Produção de Caulim para Cerâmica Branca (t)";"";"";"";"";"";"-";"";"";"";"";"";"";"";"";"";"";"";"";"";"";""
"Pirenópolis";"Produção de Cobalto (t)";"";"";"";"";"";"-";"";"";"";"";"";"";"";"";"";"";"";"";"";"";""
"Pirenópolis";"Produção de Cobre (t)";"";"";"";"";"";"-";"";"";"";"";"";"";"";"";"";"";"";"";"";"";""
"Pirenópolis";"Produção de Diamante (ct)";"";"";"";"";"";"-";"";"";"";"";"";"";"";"";"";"";"";"";"";"";""
"Pirenópolis";"Produção de Esmeralda (kg)";"";"-";"-";"-";"-";"-";"";"";"";"";"";"";"";"";"";"";"";"";"";"";""
"Pirenópolis";"Produção de Ferro para Cimento (t)";"";"";"";"";"";"-";"";"";"";"";"";"";"";"";"";"";"";"";"";"";""
"Pirenópolis";"Produção de Filito (t)";"";"";"";"";"";"-";"";"";"";"";"";"";"";"";"";"";"";"";"";"";""
"Pirenópolis";"Produção de Fosfato (t)";"";"";"";"";"";"-";"";"";"";"";"";"";"";"";"";"";"";"";"";"";""
"Pirenópolis";"Produção de Manganês (t)";"";"";"";"";"";"-";"";"";"";"";"";"";"";"";"";"";"";"";"";"";""
"Pirenópolis";"Produção de Nióbio (t)";"";"";"";"";"";"-";"";"";"";"";"";"";"";"";"";"";"";"";"";"";""
"Pirenópolis";"Produção de Níquel (t)";"";"";"";"";"";"-";"";"";"";"";"";"";"";"";"";"";"";"";"";"";""
"Pires do Rio";"Produção de Calcário para Rações (t)";"";"";"";"";"";"-";"";"";"";"";"";"";"";"";"";"";"";"";"";"";""
"Pires do Rio";"Produção de Cascalho ()";"";"";"";"";"";"-";"";"";"";"";"";"";"";"";"";"";"";"";"";"";""
"Pires do Rio";"Produção de Caulim (t)";"";"";"";"";"";"-";"";"";"";"";"";"";"";"";"";"";"";"";"";"";""
"Pires do Rio";"Produção de Caulim para Cerâmica Branca (t)";"";"";"";"";"";"-";"";"";"";"";"";"";"";"";"";"";"";"";"";"";""
"Pires do Rio";"Produção de Cobalto (t)";"";"";"";"";"";"-";"";"";"";"";"";"";"";"";"";"";"";"";"";"";""
"Pires do Rio";"Produção de Cobre (t)";"";"";"";"";"";"-";"";"";"";"";"";"";"";"";"";"";"";"";"";"";""
"Pires do Rio";"Produção de Diamante (ct)";"";"";"";"";"";"-";"";"";"";"";"";"";"";"";"";"";"";"";"";"";""
"Pires do Rio";"Produção de Esmeralda (kg)";"";"-";"-";"-";"-";"-";"";"";"";"";"";"";"";"";"";"";"";"";"";"";""
"Pires do Rio";"Produção de Ferro para Cimento (t)";"";"";"";"";"";"-";"";"";"";"";"";"";"";"";"";"";"";"";"";"";""
"Pires do Rio";"Produção de Filito (t)";"";"";"";"";"";"-";"";"";"";"";"";"";"";"";"";"";"";"";"";"";""
"Pires do Rio";"Produção de Fosfato (t)";"";"";"";"";"";"-";"";"";"";"";"";"";"";"";"";"";"";"";"";"";""
"Pires do Rio";"Produção de Manganês (t)";"";"";"";"";"";"-";"";"";"";"";"";"";"";"";"";"";"";"";"";"";""
"Pires do Rio";"Produção de Nióbio (t)";"";"";"";"";"";"-";"";"";"";"";"";"";"";"";"";"";"";"";"";"";""
"Pires do Rio";"Produção de Níquel (t)";"";"";"";"";"";"-";"";"";"";"";"";"";"";"";"";"";"";"";"";"";""
"Planaltina";"Produção de Calcário para Rações (t)";"";"";"";"";"";"-";"";"";"";"";"";"";"";"";"";"";"";"";"";"";""
"Planaltina";"Produção de Cascalho ()";"";"";"";"";"";"-";"";"";"";"";"";"";"";"";"";"";"";"";"";"";""
"Planaltina";"Produção de Caulim (t)";"";"";"";"";"";"-";"";"";"";"";"";"";"";"";"";"";"";"";"";"";""
"Planaltina";"Produção de Caulim para Cerâmica Branca (t)";"";"";"";"";"";"-";"";"";"";"";"";"";"";"";"";"";"";"";"";"";""
"Planaltina";"Produção de Cobalto (t)";"";"";"";"";"";"-";"";"";"";"";"";"";"";"";"";"";"";"";"";"";""
"Planaltina";"Produção de Cobre (t)";"";"";"";"";"";"-";"";"";"";"";"";"";"";"";"";"";"";"";"";"";""
"Planaltina";"Produção de Diamante (ct)";"";"";"";"";"";"-";"";"";"";"";"";"";"";"";"";"";"";"";"";"";""
"Planaltina";"Produção de Esmeralda (kg)";"";"-";"-";"-";"-";"-";"";"";"";"";"";"";"";"";"";"";"";"";"";"";""
"Planaltina";"Produção de Ferro para Cimento (t)";"";"";"";"";"";"-";"";"";"";"";"";"";"";"";"";"";"";"";"";"";""
"Planaltina";"Produção de Filito (t)";"";"";"";"";"";"-";"";"";"";"";"";"";"";"";"";"";"";"";"";"";""
"Planaltina";"Produção de Fosfato (t)";"";"";"";"";"";"-";"";"";"";"";"";"";"";"";"";"";"";"";"";"";""
"Planaltina";"Produção de Manganês (t)";"";"";"";"";"";"-";"";"";"";"";"";"";"";"";"";"";"";"";"";"";""
"Planaltina";"Produção de Nióbio (t)";"";"";"";"";"";"-";"";"";"";"";"";"";"";"";"";"";"";"";"";"";""
"Planaltina";"Produção de Níquel (t)";"";"";"";"";"";"-";"";"";"";"";"";"";"";"";"";"";"";"";"";"";""
"Pontalina";"Produção de Calcário para Rações (t)";"";"";"";"";"";"-";"";"";"";"";"";"";"";"";"";"";"";"";"";"";""
"Pontalina";"Produção de Cascalho ()";"";"";"";"";"";"-";"";"";"";"";"";"";"";"";"";"";"";"";"";"";""
"Pontalina";"Produção de Caulim (t)";"";"";"";"";"";"-";"";"";"";"";"";"";"";"";"";"";"";"";"";"";""
"Pontalina";"Produção de Caulim para Cerâmica Branca (t)";"";"";"";"";"";"-";"";"";"";"";"";"";"";"";"";"";"";"";"";"";""
"Pontalina";"Produção de Cobalto (t)";"";"";"";"";"";"-";"";"";"";"";"";"";"";"";"";"";"";"";"";"";""
"Pontalina";"Produção de Cobre (t)";"";"";"";"";"";"-";"";"";"";"";"";"";"";"";"";"";"";"";"";"";""
"Pontalina";"Produção de Diamante (ct)";"";"";"";"";"";"-";"";"";"";"";"";"";"";"";"";"";"";"";"";"";""
"Pontalina";"Produção de Esmeralda (kg)";"";"-";"-";"-";"-";"-";"";"";"";"";"";"";"";"";"";"";"";"";"";"";""
"Pontalina";"Produção de Ferro para Cimento (t)";"";"";"";"";"";"-";"";"";"";"";"";"";"";"";"";"";"";"";"";"";""
"Pontalina";"Produção de Filito (t)";"";"";"";"";"";"-";"";"";"";"";"";"";"";"";"";"";"";"";"";"";""
"Pontalina";"Produção de Fosfato (t)";"";"";"";"";"";"-";"";"";"";"";"";"";"";"";"";"";"";"";"";"";""
"Pontalina";"Produção de Manganês (t)";"";"";"";"";"";"-";"";"";"";"";"";"";"";"";"";"";"";"";"";"";""
"Pontalina";"Produção de Nióbio (t)";"";"";"";"";"";"-";"";"";"";"";"";"";"";"";"";"";"";"";"";"";""
"Pontalina";"Produção de Níquel (t)";"";"";"";"";"";"-";"";"";"";"";"";"";"";"";"";"";"";"";"";"";""
"Porangatu";"Produção de Calcário para Rações (t)";"";"";"";"";"";"-";"";"";"";"";"";"";"";"";"";"";"";"";"";"";""
"Porangatu";"Produção de Cascalho ()";"";"";"";"";"";"-";"";"";"";"";"";"";"";"";"";"";"";"";"";"";""
"Porangatu";"Produção de Caulim (t)";"";"";"";"";"";"-";"";"";"";"";"";"";"";"";"";"";"";"";"";"";""
"Porangatu";"Produção de Caulim para Cerâmica Branca (t)";"";"";"";"";"";"-";"";"";"";"";"";"";"";"";"";"";"";"";"";"";""
"Porangatu";"Produção de Cobalto (t)";"";"";"";"";"";"-";"";"";"";"";"";"";"";"";"";"";"";"";"";"";""
"Porangatu";"Produção de Cobre (t)";"";"";"";"";"";"-";"";"";"";"";"";"";"";"";"";"";"";"";"";"";""
"Porangatu";"Produção de Diamante (ct)";"";"";"";"";"";"-";"";"";"";"";"";"";"";"";"";"";"";"";"";"";""
"Porangatu";"Produção de Esmeralda (kg)";"";"-";"-";"-";"-";"-";"";"";"";"";"";"";"";"";"";"";"";"";"";"";""
"Porangatu";"Produção de Ferro para Cimento (t)";"";"";"";"";"";"-";"";"";"";"";"";"";"";"";"";"";"";"";"";"";""
"Porangatu";"Produção de Filito (t)";"";"";"";"";"";"-";"";"";"";"";"";"";"";"";"";"";"";"";"";"";""
"Porangatu";"Produção de Fosfato (t)";"";"";"";"";"";"-";"";"";"";"";"";"";"";"";"";"";"";"";"";"";""
"Porangatu";"Produção de Manganês (t)";"";"";"";"";"";"-";"";"";"";"";"";"";"";"";"";"";"";"";"";"";""
"Porangatu";"Produção de Nióbio (t)";"";"";"";"";"";"-";"";"";"";"";"";"";"";"";"";"";"";"";"";"";""
"Porangatu";"Produção de Níquel (t)";"";"";"";"";"";"-";"";"";"";"";"";"";"";"";"";"";"";"";"";"";""
"Porteirão";"Produção de Calcário para Rações (t)";"";"";"";"";"";"-";"";"";"";"";"";"";"";"";"";"";"";"";"";"";""
"Porteirão";"Produção de Cascalho ()";"";"";"";"";"";"-";"";"3.600";"";"";"";"";"";"";"";"";"";"";"";"";""
"Porteirão";"Produção de Caulim (t)";"";"";"";"";"";"-";"";"";"";"";"";"";"";"";"";"";"";"";"";"";""
"Porteirão";"Produção de Caulim para Cerâmica Branca (t)";"";"";"";"";"";"-";"";"";"";"";"";"";"";"";"";"";"";"";"";"";""
"Porteirão";"Produção de Cobalto (t)";"";"";"";"";"";"-";"";"";"";"";"";"";"";"";"";"";"";"";"";"";""
"Porteirão";"Produção de Cobre (t)";"";"";"";"";"";"-";"";"";"";"";"";"";"";"";"";"";"";"";"";"";""
"Porteirão";"Produção de Diamante (ct)";"";"";"";"";"";"-";"";"";"";"";"";"";"";"";"";"";"";"";"";"";""
"Porteirão";"Produção de Esmeralda (kg)";"";"-";"-";"-";"-";"-";"";"";"";"";"";"";"";"";"";"";"";"";"";"";""
"Porteirão";"Produção de Ferro para Cimento (t)";"";"";"";"";"";"-";"";"";"";"";"";"";"";"";"";"";"";"";"";"";""
"Porteirão";"Produção de Filito (t)";"";"";"";"";"";"-";"";"";"";"";"";"";"";"";"";"";"";"";"";"";""
"Porteirão";"Produção de Fosfato (t)";"";"";"";"";"";"-";"";"";"";"";"";"";"";"";"";"";"";"";"";"";""
"Porteirão";"Produção de Manganês (t)";"";"";"";"";"";"-";"";"";"";"";"";"";"";"";"";"";"";"";"";"";""
"Porteirão";"Produção de Nióbio (t)";"";"";"";"";"";"-";"";"";"";"";"";"";"";"";"";"";"";"";"";"";""
"Porteirão";"Produção de Níquel (t)";"";"";"";"";"";"-";"";"";"";"";"";"";"";"";"";"";"";"";"";"";""
"Portelândia";"Produção de Calcário para Rações (t)";"";"";"";"";"";"-";"";"";"";"";"";"";"";"";"";"";"";"";"";"";""
"Portelândia";"Produção de Cascalho ()";"";"";"";"";"";"-";"";"";"";"";"";"";"";"";"";"";"";"";"";"";""
"Portelândia";"Produção de Caulim (t)";"";"";"";"";"";"-";"";"";"";"";"";"";"";"";"";"";"";"";"";"";""
"Portelândia";"Produção de Caulim para Cerâmica Branca (t)";"";"";"";"";"";"-";"";"";"";"";"";"";"";"";"";"";"";"";"";"";""
"Portelândia";"Produção de Cobalto (t)";"";"";"";"";"";"-";"";"";"";"";"";"";"";"";"";"";"";"";"";"";""
"Portelândia";"Produção de Cobre (t)";"";"";"";"";"";"-";"";"";"";"";"";"";"";"";"";"";"";"";"";"";""
"Portelândia";"Produção de Diamante (ct)";"";"";"";"";"";"-";"";"";"";"";"";"";"";"";"";"";"";"";"";"";""
"Portelândia";"Produção de Esmeralda (kg)";"";"-";"-";"-";"-";"-";"";"";"";"";"";"";"";"";"";"";"";"";"";"";""
"Portelândia";"Produção de Ferro para Cimento (t)";"";"";"";"";"";"-";"";"";"";"";"";"";"";"";"";"";"";"";"";"";""
"Portelândia";"Produção de Filito (t)";"";"";"";"";"";"-";"";"";"";"";"";"";"";"";"";"";"";"";"";"";""
"Portelândia";"Produção de Fosfato (t)";"";"";"";"";"";"-";"";"";"";"";"";"";"";"";"";"";"";"";"";"";""
"Portelândia";"Produção de Manganês (t)";"";"";"";"";"";"-";"";"";"";"";"";"";"";"";"";"";"";"";"";"";""
"Portelândia";"Produção de Nióbio (t)";"";"";"";"";"";"-";"";"";"";"";"";"";"";"";"";"";"";"";"";"";""
"Portelândia";"Produção de Níquel (t)";"";"";"";"";"";"-";"";"";"";"";"";"";"";"";"";"";"";"";"";"";""
"Posse";"Produção de Calcário para Rações (t)";"";"";"";"";"";"-";"";"";"";"";"";"";"";"";"";"";"";"";"";"";""
"Posse";"Produção de Cascalho ()";"";"";"";"";"";"-";"";"";"";"";"";"";"";"";"";"";"";"";"";"";""
"Posse";"Produção de Caulim (t)";"";"";"";"";"";"-";"";"";"";"";"";"";"";"";"";"";"";"";"";"";""
"Posse";"Produção de Caulim para Cerâmica Branca (t)";"";"";"";"";"";"-";"";"";"";"";"";"";"";"";"";"";"";"";"";"";""
"Posse";"Produção de Cobalto (t)";"";"";"";"";"";"-";"";"";"";"";"";"";"";"";"";"";"";"";"";"";""
"Posse";"Produção de Cobre (t)";"";"";"";"";"";"-";"";"";"";"";"";"";"";"";"";"";"";"";"";"";""
"Posse";"Produção de Diamante (ct)";"";"";"";"";"";"-";"";"";"";"";"";"";"";"";"";"";"";"";"";"";""
"Posse";"Produção de Esmeralda (kg)";"";"-";"-";"-";"-";"-";"";"";"";"";"";"";"";"";"";"";"";"";"";"";""
"Posse";"Produção de Ferro para Cimento (t)";"";"";"";"";"";"-";"";"";"";"";"";"";"";"";"";"";"";"";"";"";""
"Posse";"Produção de Filito (t)";"";"";"";"";"";"-";"";"";"";"";"";"";"";"";"";"";"";"";"";"";""
"Posse";"Produção de Fosfato (t)";"";"";"";"";"";"-";"";"";"";"";"";"";"";"";"";"";"";"";"";"";""
"Posse";"Produção de Manganês (t)";"";"";"";"";"";"-";"";"";"";"";"";"";"";"";"";"";"";"";"";"";""
"Posse";"Produção de Nióbio (t)";"";"";"";"";"";"-";"";"";"";"";"";"";"";"";"";"";"";"";"";"";""
"Posse";"Produção de Níquel (t)";"";"";"";"";"";"-";"";"";"";"";"";"";"";"";"";"";"";"";"";"";""
"Professor Jamil";"Produção de Calcário para Rações (t)";"";"";"";"";"";"-";"";"";"";"";"";"";"";"";"";"";"";"";"";"";""
"Professor Jamil";"Produção de Cascalho ()";"";"";"";"";"";"-";"134";"";"";"";"";"";"";"";"";"";"";"";"";"";""
"Professor Jamil";"Produção de Caulim (t)";"";"";"";"";"";"-";"";"";"";"";"";"";"";"";"";"";"";"";"";"";""
"Professor Jamil";"Produção de Caulim para Cerâmica Branca (t)";"";"";"";"";"";"-";"";"";"";"";"";"";"";"";"";"";"";"";"";"";""
"Professor Jamil";"Produção de Cobalto (t)";"";"";"";"";"";"-";"";"";"";"";"";"";"";"";"";"";"";"";"";"";""
"Professor Jamil";"Produção de Cobre (t)";"";"";"";"";"";"-";"";"";"";"";"";"";"";"";"";"";"";"";"";"";""
"Professor Jamil";"Produção de Diamante (ct)";"";"";"";"";"";"-";"";"";"";"";"";"";"";"";"";"";"";"";"";"";""
"Professor Jamil";"Produção de Esmeralda (kg)";"";"-";"-";"-";"-";"-";"";"";"";"";"";"";"";"";"";"";"";"";"";"";""
"Professor Jamil";"Produção de Ferro para Cimento (t)";"";"";"";"";"";"-";"";"";"";"";"";"";"";"";"";"";"";"";"";"";""
"Professor Jamil";"Produção de Filito (t)";"";"";"";"";"";"-";"";"";"";"";"";"";"";"";"";"";"";"";"";"";""
"Professor Jamil";"Produção de Fosfato (t)";"";"";"";"";"";"-";"";"";"";"";"";"";"";"";"";"";"";"";"";"";""
"Professor Jamil";"Produção de Manganês (t)";"";"";"";"";"";"-";"";"";"";"";"";"";"";"";"";"";"";"";"";"";""
"Professor Jamil";"Produção de Nióbio (t)";"";"";"";"";"";"-";"";"";"";"";"";"";"";"";"";"";"";"";"";"";""
"Professor Jamil";"Produção de Níquel (t)";"";"";"";"";"";"-";"";"";"";"";"";"";"";"";"";"";"";"";"";"";""
"Quirinópolis";"Produção de Calcário para Rações (t)";"";"";"";"";"";"-";"";"";"";"";"";"";"";"";"";"";"";"";"";"";""
"Quirinópolis";"Produção de Cascalho ()";"";"";"";"";"";"-";"";"";"";"";"";"";"";"";"";"";"";"";"";"";""
"Quirinópolis";"Produção de Caulim (t)";"";"";"";"";"";"-";"";"";"";"";"";"";"";"";"";"";"";"";"";"";""
"Quirinópolis";"Produção de Caulim para Cerâmica Branca (t)";"";"";"";"";"";"-";"";"";"";"";"";"";"";"";"";"";"";"";"";"";""
"Quirinópolis";"Produção de Cobalto (t)";"";"";"";"";"";"-";"";"";"";"";"";"";"";"";"";"";"";"";"";"";""
"Quirinópolis";"Produção de Cobre (t)";"";"";"";"";"";"-";"";"";"";"";"";"";"";"";"";"";"";"";"";"";""
"Quirinópolis";"Produção de Diamante (ct)";"";"";"";"";"";"-";"";"";"";"";"";"";"";"";"";"";"";"";"";"";""
"Quirinópolis";"Produção de Esmeralda (kg)";"";"-";"-";"-";"-";"-";"";"";"";"";"";"";"";"";"";"";"";"";"";"";""
"Quirinópolis";"Produção de Ferro para Cimento (t)";"";"";"";"";"";"-";"";"";"";"";"";"";"";"";"";"";"";"";"";"";""
"Quirinópolis";"Produção de Filito (t)";"";"";"";"";"";"-";"";"";"";"";"";"";"";"";"";"";"";"";"";"";""
"Quirinópolis";"Produção de Fosfato (t)";"";"";"";"";"";"-";"";"";"";"";"";"";"";"";"";"";"";"";"";"";""
"Quirinópolis";"Produção de Manganês (t)";"";"";"";"";"";"-";"";"";"";"";"";"";"";"";"";"";"";"";"";"";""
"Quirinópolis";"Produção de Nióbio (t)";"";"";"";"";"";"-";"";"";"";"";"";"";"";"";"";"";"";"";"";"";""
"Quirinópolis";"Produção de Níquel (t)";"";"";"";"";"";"-";"";"";"";"";"";"";"";"";"";"";"";"";"";"";""
"Rialma";"Produção de Calcário para Rações (t)";"";"";"";"";"";"-";"";"";"";"";"";"";"";"";"";"";"";"";"";"";""
"Rialma";"Produção de Cascalho ()";"";"";"";"";"";"-";"";"";"";"";"";"";"";"";"";"";"";"";"";"";""
"Rialma";"Produção de Caulim (t)";"";"";"";"";"";"-";"";"";"";"";"";"";"";"";"";"";"";"";"";"";""
"Rialma";"Produção de Caulim para Cerâmica Branca (t)";"";"";"";"";"";"-";"";"";"";"";"";"";"";"";"";"";"";"";"";"";""
"Rialma";"Produção de Cobalto (t)";"";"";"";"";"";"-";"";"";"";"";"";"";"";"";"";"";"";"";"";"";""
"Rialma";"Produção de Cobre (t)";"";"";"";"";"";"-";"";"";"";"";"";"";"";"";"";"";"";"";"";"";""
"Rialma";"Produção de Diamante (ct)";"";"";"";"";"";"-";"";"";"";"";"";"";"";"";"";"";"";"";"";"";""
"Rialma";"Produção de Esmeralda (kg)";"";"-";"-";"-";"-";"-";"";"";"";"";"";"";"";"";"";"";"";"";"";"";""
"Rialma";"Produção de Ferro para Cimento (t)";"";"";"";"";"";"-";"";"";"";"";"";"";"";"";"";"";"";"";"";"";""
"Rialma";"Produção de Filito (t)";"";"";"";"";"";"-";"";"";"";"";"";"";"";"";"";"";"";"";"";"";""
"Rialma";"Produção de Fosfato (t)";"";"";"";"";"";"-";"";"";"";"";"";"";"";"";"";"";"";"";"";"";""
"Rialma";"Produção de Manganês (t)";"";"";"";"";"";"-";"";"";"";"";"";"";"";"";"";"";"";"";"";"";""
"Rialma";"Produção de Nióbio (t)";"";"";"";"";"";"-";"";"";"";"";"";"";"";"";"";"";"";"";"";"";""
"Rialma";"Produção de Níquel (t)";"";"";"";"";"";"-";"";"";"";"";"";"";"";"";"";"";"";"";"";"";""
"Rianápolis";"Produção de Calcário para Rações (t)";"";"";"";"";"";"-";"";"";"";"";"";"";"";"";"";"";"";"";"";"";""
"Rianápolis";"Produção de Cascalho ()";"";"";"";"";"";"-";"";"";"";"";"";"";"";"";"";"";"";"";"";"";""
"Rianápolis";"Produção de Caulim (t)";"";"";"";"";"";"-";"";"";"";"";"";"";"";"";"";"";"";"";"";"";""
"Rianápolis";"Produção de Caulim para Cerâmica Branca (t)";"";"";"";"";"";"-";"";"";"";"";"";"";"";"";"";"";"";"";"";"";""
"Rianápolis";"Produção de Cobalto (t)";"";"";"";"";"";"-";"";"";"";"";"";"";"";"";"";"";"";"";"";"";""
"Rianápolis";"Produção de Cobre (t)";"";"";"";"";"";"-";"";"";"";"";"";"";"";"";"";"";"";"";"";"";""
"Rianápolis";"Produção de Diamante (ct)";"";"";"";"";"";"-";"";"";"";"";"";"";"";"";"";"";"";"";"";"";""
"Rianápolis";"Produção de Esmeralda (kg)";"";"-";"-";"-";"-";"-";"";"";"";"";"";"";"";"";"";"";"";"";"";"";""
"Rianápolis";"Produção de Ferro para Cimento (t)";"";"";"";"";"";"-";"";"";"";"";"";"";"";"";"";"";"";"";"";"";""
"Rianápolis";"Produção de Filito (t)";"";"";"";"";"";"-";"";"";"";"";"";"";"";"";"";"";"";"";"";"";""
"Rianápolis";"Produção de Fosfato (t)";"";"";"";"";"";"-";"";"";"";"";"";"";"";"";"";"";"";"";"";"";""
"Rianápolis";"Produção de Manganês (t)";"";"";"";"";"";"-";"";"";"";"";"";"";"";"";"";"";"";"";"";"";""
"Rianápolis";"Produção de Nióbio (t)";"";"";"";"";"";"-";"";"";"";"";"";"";"";"";"";"";"";"";"";"";""
"Rianápolis";"Produção de Níquel (t)";"";"";"";"";"";"-";"";"";"";"";"";"";"";"";"";"";"";"";"";"";""
"Rio Quente";"Produção de Calcário para Rações (t)";"";"";"";"";"";"-";"";"";"";"";"";"";"";"";"";"";"";"";"";"";""
"Rio Quente";"Produção de Cascalho ()";"";"";"";"";"";"-";"";"7.982";"7.982";"";"";"53";"";"";"";"";"";"";"";"";""
"Rio Quente";"Produção de Caulim (t)";"";"";"";"";"";"-";"";"";"";"";"";"";"";"";"";"";"";"";"";"";""
"Rio Quente";"Produção de Caulim para Cerâmica Branca (t)";"";"";"";"";"";"-";"";"";"";"";"";"";"";"";"";"";"";"";"";"";""
"Rio Quente";"Produção de Cobalto (t)";"";"";"";"";"";"-";"";"";"";"";"";"";"";"";"";"";"";"";"";"";""
"Rio Quente";"Produção de Cobre (t)";"";"";"";"";"";"-";"";"";"";"";"";"";"";"";"";"";"";"";"";"";""
"Rio Quente";"Produção de Diamante (ct)";"";"";"";"";"";"-";"";"";"";"";"";"";"";"";"";"";"";"";"";"";""
"Rio Quente";"Produção de Esmeralda (kg)";"";"-";"-";"-";"-";"-";"";"";"";"";"";"";"";"";"";"";"";"";"";"";""
"Rio Quente";"Produção de Ferro para Cimento (t)";"";"";"";"";"";"-";"";"";"";"";"";"";"";"";"";"";"";"";"";"";""
"Rio Quente";"Produção de Filito (t)";"";"";"";"";"";"-";"";"";"";"";"";"";"";"";"";"";"";"";"";"";""
"Rio Quente";"Produção de Fosfato (t)";"";"";"";"";"";"-";"";"";"";"";"";"";"";"";"";"";"";"";"";"";""
"Rio Quente";"Produção de Manganês (t)";"";"";"";"";"";"-";"";"";"";"";"";"";"";"";"";"";"";"";"";"";""
"Rio Quente";"Produção de Nióbio (t)";"";"";"";"";"";"-";"";"";"";"";"";"";"";"";"";"";"";"";"";"";""
"Rio Quente";"Produção de Níquel (t)";"";"";"";"";"";"-";"";"";"";"";"";"";"";"";"";"";"";"";"";"";""
"Rio Verde";"Produção de Calcário para Rações (t)";"";"";"";"";"";"-";"";"";"";"";"";"";"";"";"";"";"";"";"";"";""
"Rio Verde";"Produção de Cascalho ()";"";"-";"-";" 9.882 ";"6.000";"-";"";"";"450";"57.974";"4.328";"";"";"";"";"";"";"";"";"";""
"Rio Verde";"Produção de Caulim (t)";"";"";"";"";"";"-";"";"";"";"";"";"";"";"";"";"";"";"";"";"";""
"Rio Verde";"Produção de Caulim para Cerâmica Branca (t)";"";"";"";"";"";"-";"";"";"";"";"";"";"";"";"";"";"";"";"";"";""
"Rio Verde";"Produção de Cobalto (t)";"";"";"";"";"";"-";"";"";"";"";"";"";"";"";"";"";"";"";"";"";""
"Rio Verde";"Produção de Cobre (t)";"";"";"";"";"";"-";"";"";"";"";"";"";"";"";"";"";"";"";"";"";""
"Rio Verde";"Produção de Diamante (ct)";"";"";"";"";"";"-";"";"";"";"";"";"";"";"";"";"";"";"";"";"";""
"Rio Verde";"Produção de Esmeralda (kg)";"";"-";"-";"-";"-";"-";"";"";"";"";"";"";"";"";"";"";"";"";"";"";""
"Rio Verde";"Produção de Ferro para Cimento (t)";"";"";"";"";"";"-";"";"";"";"";"";"";"";"";"";"";"";"";"";"";""
"Rio Verde";"Produção de Filito (t)";"";"";"";"";"";"-";"";"";"";"";"";"";"";"";"";"";"";"";"";"";""
"Rio Verde";"Produção de Fosfato (t)";"";"";"";"";"";"-";"";"";"";"";"";"";"";"";"";"";"";"";"";"";""
"Rio Verde";"Produção de Manganês (t)";"";"";"";"";"";"-";"";"";"";"";"";"";"";"";"";"";"";"";"";"";""
"Rio Verde";"Produção de Nióbio (t)";"";"";"";"";"";"-";"";"";"";"";"";"";"";"";"";"";"";"";"";"";""
"Rio Verde";"Produção de Níquel (t)";"";"";"";"";"";"-";"";"";"";"";"";"";"";"";"";"";"";"";"";"";""
"Rubiataba";"Produção de Calcário para Rações (t)";"";"";"";"";"";"-";"";"";"";"";"";"";"";"";"";"";"";"";"";"";""
"Rubiataba";"Produção de Cascalho ()";"";"";"";"";"";"-";"";"";"";"";"";"";"";"";"";"";"";"";"";"";""
"Rubiataba";"Produção de Caulim (t)";"";"";"";"";"";"-";"";"";"";"";"";"";"";"";"";"";"";"";"";"";""
"Rubiataba";"Produção de Caulim para Cerâmica Branca (t)";"";"";"";"";"";"-";"";"";"";"";"";"";"";"";"";"";"";"";"";"";""
"Rubiataba";"Produção de Cobalto (t)";"";"";"";"";"";"-";"";"";"";"";"";"";"";"";"";"";"";"";"";"";""
"Rubiataba";"Produção de Cobre (t)";"";"";"";"";"";"-";"";"";"";"";"";"";"";"";"";"";"";"";"";"";""
"Rubiataba";"Produção de Diamante (ct)";"";"";"";"";"";"-";"";"";"";"";"";"";"";"";"";"";"";"";"";"";""
"Rubiataba";"Produção de Esmeralda (kg)";"";"-";"-";"-";"-";"-";"";"";"";"";"";"";"";"";"";"";"";"";"";"";""
"Rubiataba";"Produção de Ferro para Cimento (t)";"";"";"";"";"";"-";"";"";"";"";"";"";"";"";"";"";"";"";"";"";""
"Rubiataba";"Produção de Filito (t)";"";"";"";"";"";"-";"";"";"";"";"";"";"";"";"";"";"";"";"";"";""
"Rubiataba";"Produção de Fosfato (t)";"";"";"";"";"";"-";"";"";"";"";"";"";"";"";"";"";"";"";"";"";""
"Rubiataba";"Produção de Manganês (t)";"";"";"";"";"";"-";"";"";"";"";"";"";"";"";"";"";"";"";"";"";""
"Rubiataba";"Produção de Nióbio (t)";"";"";"";"";"";"-";"";"";"";"";"";"";"";"";"";"";"";"";"";"";""
"Rubiataba";"Produção de Níquel (t)";"";"";"";"";"";"-";"";"";"";"";"";"";"";"";"";"";"";"";"";"";""
"Sanclerlândia";"Produção de Calcário para Rações (t)";"";"";"";"";"";"-";"";"";"";"";"";"";"";"";"";"";"";"";"";"";""
"Sanclerlândia";"Produção de Cascalho ()";"";"220";"680";" 368 ";" - ";"-";"";"";"";"";"";"";"";"";"";"";"";"";"";"";""
"Sanclerlândia";"Produção de Caulim (t)";"";"";"";"";"";"-";"";"";"";"";"";"";"";"";"";"";"";"";"";"";""
"Sanclerlândia";"Produção de Caulim para Cerâmica Branca (t)";"";"";"";"";"";"-";"";"";"";"";"";"";"";"";"";"";"";"";"";"";""
"Sanclerlândia";"Produção de Cobalto (t)";"";"";"";"";"";"-";"";"";"";"";"";"";"";"";"";"";"";"";"";"";""
"Sanclerlândia";"Produção de Cobre (t)";"";"";"";"";"";"-";"";"";"";"";"";"";"";"";"";"";"";"";"";"";""
"Sanclerlândia";"Produção de Diamante (ct)";"";"";"";"";"";"-";"";"";"";"";"";"";"";"";"";"";"";"";"";"";""
"Sanclerlândia";"Produção de Esmeralda (kg)";"";"-";"-";"-";"-";"-";"";"";"";"";"";"";"";"";"";"";"";"";"";"";""
"Sanclerlândia";"Produção de Ferro para Cimento (t)";"";"";"";"";"";"-";"";"";"";"";"";"";"";"";"";"";"";"";"";"";""
"Sanclerlândia";"Produção de Filito (t)";"";"";"";"";"";"-";"";"";"";"";"";"";"";"";"";"";"";"";"";"";""
"Sanclerlândia";"Produção de Fosfato (t)";"";"";"";"";"";"-";"";"";"";"";"";"";"";"";"";"";"";"";"";"";""
"Sanclerlândia";"Produção de Manganês (t)";"";"";"";"";"";"-";"";"";"";"";"";"";"";"";"";"";"";"";"";"";""
"Sanclerlândia";"Produção de Nióbio (t)";"";"";"";"";"";"-";"";"";"";"";"";"";"";"";"";"";"";"";"";"";""
"Sanclerlândia";"Produção de Níquel (t)";"";"";"";"";"";"-";"";"";"";"";"";"";"";"";"";"";"";"";"";"";""
"Santa Bárbara de Goiás";"Produção de Calcário para Rações (t)";"";"";"";"";"";"-";"";"";"";"";"";"";"";"";"";"";"";"";"";"";""
"Santa Bárbara de Goiás";"Produção de Cascalho ()";"";"";"";"";"";"-";"";"";"";"";"";"";"";"";"";"";"";"";"";"";""
"Santa Bárbara de Goiás";"Produção de Caulim (t)";"";"";"";"";"";"-";"";"";"";"";"";"";"";"";"";"";"";"";"";"";""
"Santa Bárbara de Goiás";"Produção de Caulim para Cerâmica Branca (t)";"";"";"";"";"";"-";"";"";"";"";"";"";"";"";"";"";"";"";"";"";""
"Santa Bárbara de Goiás";"Produção de Cobalto (t)";"";"";"";"";"";"-";"";"";"";"";"";"";"";"";"";"";"";"";"";"";""
"Santa Bárbara de Goiás";"Produção de Cobre (t)";"";"";"";"";"";"-";"";"";"";"";"";"";"";"";"";"";"";"";"";"";""
"Santa Bárbara de Goiás";"Produção de Diamante (ct)";"";"";"";"";"";"-";"";"";"";"";"";"";"";"";"";"";"";"";"";"";""
"Santa Bárbara de Goiás";"Produção de Esmeralda (kg)";"";"-";"-";"-";"-";"-";"";"";"";"";"";"";"";"";"";"";"";"";"";"";""
"Santa Bárbara de Goiás";"Produção de Ferro para Cimento (t)";"";"";"";"";"";"-";"";"";"";"";"";"";"";"";"";"";"";"";"";"";""
"Santa Bárbara de Goiás";"Produção de Filito (t)";"";"";"";"";"";"-";"";"";"";"";"";"";"";"";"";"";"";"";"";"";""
"Santa Bárbara de Goiás";"Produção de Fosfato (t)";"";"";"";"";"";"-";"";"";"";"";"";"";"";"";"";"";"";"";"";"";""
"Santa Bárbara de Goiás";"Produção de Manganês (t)";"";"";"";"";"";"-";"";"";"";"";"";"";"";"";"";"";"";"";"";"";""
"Santa Bárbara de Goiás";"Produção de Nióbio (t)";"";"";"";"";"";"-";"";"";"";"";"";"";"";"";"";"";"";"";"";"";""
"Santa Bárbara de Goiás";"Produção de Níquel (t)";"";"";"";"";"";"-";"";"";"";"";"";"";"";"";"";"";"";"";"";"";""
"Santa Cruz de Goiás";"Produção de Calcário para Rações (t)";"";"";"";"";"";"-";"";"";"";"";"";"";"";"";"";"";"";"";"";"";""
"Santa Cruz de Goiás";"Produção de Cascalho ()";"";"-";"-";"81.355 ";" - ";"-";"155";"";"";"";"2.278";"";"";"";"";"";"";"";"";"";""
"Santa Cruz de Goiás";"Produção de Caulim (t)";"";"";"";"";"";"-";"";"";"";"";"";"";"";"";"";"";"";"";"";"";""
"Santa Cruz de Goiás";"Produção de Caulim para Cerâmica Branca (t)";"";"";"";"";"";"-";"";"";"";"";"";"";"";"";"";"";"";"";"";"";""
"Santa Cruz de Goiás";"Produção de Cobalto (t)";"";"";"";"";"";"-";"";"";"";"";"";"";"";"";"";"";"";"";"";"";""
"Santa Cruz de Goiás";"Produção de Cobre (t)";"";"";"";"";"";"-";"";"";"";"";"";"";"";"";"";"";"";"";"";"";""
"Santa Cruz de Goiás";"Produção de Diamante (ct)";"";"";"";"";"";"-";"";"";"";"";"";"";"";"";"";"";"";"";"";"";""
"Santa Cruz de Goiás";"Produção de Esmeralda (kg)";"";"-";"-";"-";"-";"-";"";"";"";"";"";"";"";"";"";"";"";"";"";"";""
"Santa Cruz de Goiás";"Produção de Ferro para Cimento (t)";"";"";"";"";"";"-";"";"";"";"";"";"";"";"";"";"";"";"";"";"";""
"Santa Cruz de Goiás";"Produção de Filito (t)";"";"";"";"";"";"-";"";"";"";"";"";"";"";"";"";"";"";"";"";"";""
"Santa Cruz de Goiás";"Produção de Fosfato (t)";"";"";"";"";"";"-";"";"";"";"";"";"";"";"";"";"";"";"";"";"";""
"Santa Cruz de Goiás";"Produção de Manganês (t)";"";"";"";"";"";"-";"";"";"";"";"";"";"";"";"";"";"";"";"";"";""
"Santa Cruz de Goiás";"Produção de Nióbio (t)";"";"";"";"";"";"-";"";"";"";"";"";"";"";"";"";"";"";"";"";"";""
"Santa Cruz de Goiás";"Produção de Níquel (t)";"";"";"";"";"";"-";"";"";"";"";"";"";"";"";"";"";"";"";"";"";""
"Santa Fé de Goiás";"Produção de Calcário para Rações (t)";"";"";"";"";"";"-";"";"";"";"";"";"";"";"";"";"";"";"";"";"";""
"Santa Fé de Goiás";"Produção de Cascalho ()";"";"";"";"";"";"-";"";"";"";"";"";"";"";"";"";"";"";"";"";"";""
"Santa Fé de Goiás";"Produção de Caulim (t)";"";"";"";"";"";"-";"";"";"";"";"";"";"";"";"";"";"";"";"";"";""
"Santa Fé de Goiás";"Produção de Caulim para Cerâmica Branca (t)";"";"";"";"";"";"-";"";"";"";"";"";"";"";"";"";"";"";"";"";"";""
"Santa Fé de Goiás";"Produção de Cobalto (t)";"";"";"";"";"";"-";"";"";"";"";"";"";"";"";"";"";"";"";"";"";""
"Santa Fé de Goiás";"Produção de Cobre (t)";"";"";"";"";"";"-";"";"";"";"";"";"";"";"";"";"";"";"";"";"";""
"Santa Fé de Goiás";"Produção de Diamante (ct)";"";"";"";"";"";"-";"";"";"";"";"";"";"";"";"";"";"";"";"";"";""
"Santa Fé de Goiás";"Produção de Esmeralda (kg)";"";"-";"-";"-";"-";"-";"";"";"";"";"";"";"";"";"";"";"";"";"";"";""
"Santa Fé de Goiás";"Produção de Ferro para Cimento (t)";"";"";"";"";"";"-";"";"";"";"";"";"";"";"";"";"";"";"";"";"";""
"Santa Fé de Goiás";"Produção de Filito (t)";"";"";"";"";"";"-";"";"";"";"";"";"";"";"";"";"";"";"";"";"";""
"Santa Fé de Goiás";"Produção de Fosfato (t)";"";"";"";"";"";"-";"";"";"";"";"";"";"";"";"";"";"";"";"";"";""
"Santa Fé de Goiás";"Produção de Manganês (t)";"";"";"";"";"";"-";"";"";"";"";"";"";"";"";"";"";"";"";"";"";""
"Santa Fé de Goiás";"Produção de Nióbio (t)";"";"";"";"";"";"-";"";"";"";"";"";"";"";"";"";"";"";"";"";"";""
"Santa Fé de Goiás";"Produção de Níquel (t)";"";"";"";"";"";"-";"";"";"";"";"";"";"";"";"";"";"";"";"";"";""
"Santa Helena de Goiás";"Produção de Calcário para Rações (t)";"";"";"";"";"";"-";"";"";"";"";"";"";"";"";"";"";"";"";"";"";""
"Santa Helena de Goiás";"Produção de Cascalho ()";"";"";"";"";"";"-";"";"";"";"";"";"";"";"";"";"";"";"";"";"";""
"Santa Helena de Goiás";"Produção de Caulim (t)";"";"";"";"";"";"-";"";"";"";"";"";"";"";"";"";"";"";"";"";"";""
"Santa Helena de Goiás";"Produção de Caulim para Cerâmica Branca (t)";"";"";"";"";"";"-";"";"";"";"";"";"";"";"";"";"";"";"";"";"";""
"Santa Helena de Goiás";"Produção de Cobalto (t)";"";"";"";"";"";"-";"";"";"";"";"";"";"";"";"";"";"";"";"";"";""
"Santa Helena de Goiás";"Produção de Cobre (t)";"";"";"";"";"";"-";"";"";"";"";"";"";"";"";"";"";"";"";"";"";""
"Santa Helena de Goiás";"Produção de Diamante (ct)";"";"";"";"";"";"-";"";"";"";"";"";"";"";"";"";"";"";"";"";"";""
"Santa Helena de Goiás";"Produção de Esmeralda (kg)";"";"-";"-";"-";"-";"-";"";"";"";"";"";"";"";"";"";"";"";"";"";"";""
"Santa Helena de Goiás";"Produção de Ferro para Cimento (t)";"";"";"";"";"";"-";"";"";"";"";"";"";"";"";"";"";"";"";"";"";""
"Santa Helena de Goiás";"Produção de Filito (t)";"";"";"";"";"";"-";"";"";"";"";"";"";"";"";"";"";"";"";"";"";""
"Santa Helena de Goiás";"Produção de Fosfato (t)";"";"";"";"";"";"-";"";"";"";"";"";"";"";"";"";"";"";"";"";"";""
"Santa Helena de Goiás";"Produção de Manganês (t)";"";"";"";"";"";"-";"";"";"";"";"";"";"";"";"";"";"";"";"";"";""
"Santa Helena de Goiás";"Produção de Nióbio (t)";"";"";"";"";"";"-";"";"";"";"";"";"";"";"";"";"";"";"";"";"";""
"Santa Helena de Goiás";"Produção de Níquel (t)";"";"";"";"";"";"-";"";"";"";"";"";"";"";"";"";"";"";"";"";"";""
"Santa Isabel";"Produção de Calcário para Rações (t)";"";"";"";"";"";"-";"";"";"";"";"";"";"";"";"";"";"";"";"";"";""
"Santa Isabel";"Produção de Cascalho ()";"";"";"";"";"";"-";"";"";"";"";"";"";"";"";"";"";"";"";"";"";""
"Santa Isabel";"Produção de Caulim (t)";"";"";"";"";"";"-";"";"";"";"";"";"";"";"";"";"";"";"";"";"";""
"Santa Isabel";"Produção de Caulim para Cerâmica Branca (t)";"";"";"";"";"";"-";"";"";"";"";"";"";"";"";"";"";"";"";"";"";""
"Santa Isabel";"Produção de Cobalto (t)";"";"";"";"";"";"-";"";"";"";"";"";"";"";"";"";"";"";"";"";"";""
"Santa Isabel";"Produção de Cobre (t)";"";"";"";"";"";"-";"";"";"";"";"";"";"";"";"";"";"";"";"";"";""
"Santa Isabel";"Produção de Diamante (ct)";"";"";"";"";"";"-";"";"";"";"";"";"";"";"";"";"";"";"";"";"";""
"Santa Isabel";"Produção de Esmeralda (kg)";"";"-";"-";"-";"-";"-";"";"";"";"";"";"";"";"";"";"";"";"";"";"";""
"Santa Isabel";"Produção de Ferro para Cimento (t)";"";"";"";"";"";"-";"";"";"";"";"";"";"";"";"";"";"";"";"";"";""
"Santa Isabel";"Produção de Filito (t)";"";"";"";"";"";"-";"";"";"";"";"";"";"";"";"";"";"";"";"";"";""
"Santa Isabel";"Produção de Fosfato (t)";"";"";"";"";"";"-";"";"";"";"";"";"";"";"";"";"";"";"";"";"";""
"Santa Isabel";"Produção de Manganês (t)";"";"";"";"";"";"-";"";"";"";"";"";"";"";"";"";"";"";"";"";"";""
"Santa Isabel";"Produção de Nióbio (t)";"";"";"";"";"";"-";"";"";"";"";"";"";"";"";"";"";"";"";"";"";""
"Santa Isabel";"Produção de Níquel (t)";"";"";"";"";"";"-";"";"";"";"";"";"";"";"";"";"";"";"";"";"";""
"Santa Rita do Araguaia";"Produção de Calcário para Rações (t)";"";"";"";"";"";"-";"";"";"";"";"";"";"";"";"";"";"";"";"";"";""
"Santa Rita do Araguaia";"Produção de Cascalho ()";"";"";"";"";"";"-";"";"";"";"";"";"";"";"";"";"";"";"";"";"";""
"Santa Rita do Araguaia";"Produção de Caulim (t)";"";"";"";"";"";"-";"";"";"";"";"";"";"";"";"";"";"";"";"";"";""
"Santa Rita do Araguaia";"Produção de Caulim para Cerâmica Branca (t)";"";"";"";"";"";"-";"";"";"";"";"";"";"";"";"";"";"";"";"";"";""
"Santa Rita do Araguaia";"Produção de Cobalto (t)";"";"";"";"";"";"-";"";"";"";"";"";"";"";"";"";"";"";"";"";"";""
"Santa Rita do Araguaia";"Produção de Cobre (t)";"";"";"";"";"";"-";"";"";"";"";"";"";"";"";"";"";"";"";"";"";""
"Santa Rita do Araguaia";"Produção de Diamante (ct)";"";"";"";"";"";"-";"";"";"";"";"";"";"";"";"";"";"";"";"";"";""
"Santa Rita do Araguaia";"Produção de Esmeralda (kg)";"";"-";"-";"-";"-";"-";"";"";"";"";"";"";"";"";"";"";"";"";"";"";""
"Santa Rita do Araguaia";"Produção de Ferro para Cimento (t)";"";"";"";"";"";"-";"";"";"";"";"";"";"";"";"";"";"";"";"";"";""
"Santa Rita do Araguaia";"Produção de Filito (t)";"";"";"";"";"";"-";"";"";"";"";"";"";"";"";"";"";"";"";"";"";""
"Santa Rita do Araguaia";"Produção de Fosfato (t)";"";"";"";"";"";"-";"";"";"";"";"";"";"";"";"";"";"";"";"";"";""
"Santa Rita do Araguaia";"Produção de Manganês (t)";"";"";"";"";"";"-";"";"";"";"";"";"";"";"";"";"";"";"";"";"";""
"Santa Rita do Araguaia";"Produção de Nióbio (t)";"";"";"";"";"";"-";"";"";"";"";"";"";"";"";"";"";"";"";"";"";""
"Santa Rita do Araguaia";"Produção de Níquel (t)";"";"";"";"";"";"-";"";"";"";"";"";"";"";"";"";"";"";"";"";"";""
"Santa Rita do Novo Destino";"Produção de Calcário para Rações (t)";"";"";"";"";"";"-";"";"";"";"";"";"";"";"";"";"";"";"";"";"";""
"Santa Rita do Novo Destino";"Produção de Cascalho ()";"";"";"";"";"";"-";"";"";"";"";"";"";"";"";"";"";"";"";"";"";""
"Santa Rita do Novo Destino";"Produção de Caulim (t)";"";"";"";"";"";"-";"";"";"";"";"";"";"";"";"";"";"";"";"";"";""
"Santa Rita do Novo Destino";"Produção de Caulim para Cerâmica Branca (t)";"";"";"";"";"";"-";"";"";"";"";"";"";"";"";"";"";"";"";"";"";""
"Santa Rita do Novo Destino";"Produção de Cobalto (t)";"";"";"";"";"";"-";"";"";"";"";"";"";"";"";"";"";"";"";"";"";""
"Santa Rita do Novo Destino";"Produção de Cobre (t)";"";"";"";"";"";"-";"";"";"";"";"";"";"";"";"";"";"";"";"";"";""
"Santa Rita do Novo Destino";"Produção de Diamante (ct)";"";"";"";"";"";"-";"";"";"";"";"";"";"";"";"";"";"";"";"";"";""
"Santa Rita do Novo Destino";"Produção de Esmeralda (kg)";"";"-";"-";"-";"-";"-";"";"";"";"";"";"";"";"";"";"";"";"";"";"";""
"Santa Rita do Novo Destino";"Produção de Ferro para Cimento (t)";"";"";"";"";"";"-";"";"";"";"";"";"";"";"";"";"";"";"";"";"";""
"Santa Rita do Novo Destino";"Produção de Filito (t)";"";"";"";"";"";"-";"";"";"";"";"";"";"";"";"";"";"";"";"";"";""
"Santa Rita do Novo Destino";"Produção de Fosfato (t)";"";"";"";"";"";"-";"";"";"";"";"";"";"";"";"";"";"";"";"";"";""
"Santa Rita do Novo Destino";"Produção de Manganês (t)";"";"";"";"";"";"-";"";"";"";"";"";"";"";"";"";"";"";"";"";"";""
"Santa Rita do Novo Destino";"Produção de Nióbio (t)";"";"";"";"";"";"-";"";"";"";"";"";"";"";"";"";"";"";"";"";"";""
"Santa Rita do Novo Destino";"Produção de Níquel (t)";"";"";"";"";"";"-";"";"";"";"";"";"";"";"";"";"";"";"";"";"";""
"Santa Rosa de Goiás";"Produção de Calcário para Rações (t)";"";"";"";"";"";"-";"";"";"";"";"";"";"";"";"";"";"";"";"";"";""
"Santa Rosa de Goiás";"Produção de Cascalho ()";"";"";"";"";"";"-";"";"";"";"";"";"";"";"";"";"";"";"";"";"";""
"Santa Rosa de Goiás";"Produção de Caulim (t)";"";"";"";"";"";"-";"";"";"";"";"";"";"";"";"";"";"";"";"";"";""
"Santa Rosa de Goiás";"Produção de Caulim para Cerâmica Branca (t)";"";"";"";"";"";"-";"";"";"";"";"";"";"";"";"";"";"";"";"";"";""
"Santa Rosa de Goiás";"Produção de Cobalto (t)";"";"";"";"";"";"-";"";"";"";"";"";"";"";"";"";"";"";"";"";"";""
"Santa Rosa de Goiás";"Produção de Cobre (t)";"";"";"";"";"";"-";"";"";"";"";"";"";"";"";"";"";"";"";"";"";""
"Santa Rosa de Goiás";"Produção de Diamante (ct)";"";"";"";"";"";"-";"";"";"";"";"";"";"";"";"";"";"";"";"";"";""
"Santa Rosa de Goiás";"Produção de Esmeralda (kg)";"";"-";"-";"-";"-";"-";"";"";"";"";"";"";"";"";"";"";"";"";"";"";""
"Santa Rosa de Goiás";"Produção de Ferro para Cimento (t)";"";"";"";"";"";"-";"";"";"";"";"";"";"";"";"";"";"";"";"";"";""
"Santa Rosa de Goiás";"Produção de Filito (t)";"";"";"";"";"";"-";"";"";"";"";"";"";"";"";"";"";"";"";"";"";""
"Santa Rosa de Goiás";"Produção de Fosfato (t)";"";"";"";"";"";"-";"";"";"";"";"";"";"";"";"";"";"";"";"";"";""
"Santa Rosa de Goiás";"Produção de Manganês (t)";"";"";"";"";"";"-";"";"";"";"";"";"";"";"";"";"";"";"";"";"";""
"Santa Rosa de Goiás";"Produção de Nióbio (t)";"";"";"";"";"";"-";"";"";"";"";"";"";"";"";"";"";"";"";"";"";""
"Santa Rosa de Goiás";"Produção de Níquel (t)";"";"";"";"";"";"-";"";"";"";"";"";"";"";"";"";"";"";"";"";"";""
"Santa Tereza de Goiás";"Produção de Calcário para Rações (t)";"";"";"";"";"";"-";"";"";"";"";"";"";"";"";"";"";"";"";"";"";""
"Santa Tereza de Goiás";"Produção de Cascalho ()";"";"";"";"";"";"-";"";"";"";"";"";"";"";"";"";"";"";"";"";"";""
"Santa Tereza de Goiás";"Produção de Caulim (t)";"";"";"";"";"";"-";"";"";"";"";"";"";"";"";"";"";"";"";"";"";""
"Santa Tereza de Goiás";"Produção de Caulim para Cerâmica Branca (t)";"";"";"";"";"";"-";"";"";"";"";"";"";"";"";"";"";"";"";"";"";""
"Santa Tereza de Goiás";"Produção de Cobalto (t)";"";"";"";"";"";"-";"";"";"";"";"";"";"";"";"";"";"";"";"";"";""
"Santa Tereza de Goiás";"Produção de Cobre (t)";"";"";"";"";"";"-";"";"";"";"";"";"";"";"";"";"";"";"";"";"";""
"Santa Tereza de Goiás";"Produção de Diamante (ct)";"";"";"";"";"";"-";"";"";"";"";"";"";"";"";"";"";"";"";"";"";""
"Santa Tereza de Goiás";"Produção de Esmeralda (kg)";"";"-";"-";"-";"-";"-";"";"";"";"";"";"";"";"";"";"";"";"";"";"";""
"Santa Tereza de Goiás";"Produção de Ferro para Cimento (t)";"";"";"";"";"";"-";"";"";"";"";"";"";"";"";"";"";"";"";"";"";""
"Santa Tereza de Goiás";"Produção de Filito (t)";"";"";"";"";"";"-";"";"";"";"";"";"";"";"";"";"";"";"";"";"";""
"Santa Tereza de Goiás";"Produção de Fosfato (t)";"";"";"";"";"";"-";"";"";"";"";"";"";"";"";"";"";"";"";"";"";""
"Santa Tereza de Goiás";"Produção de Manganês (t)";"";"";"";"";"";"-";"";"";"";"";"";"";"";"";"";"";"";"";"";"";""
"Santa Tereza de Goiás";"Produção de Nióbio (t)";"";"";"";"";"";"-";"";"";"";"";"";"";"";"";"";"";"";"";"";"";""
"Santa Tereza de Goiás";"Produção de Níquel (t)";"";"";"";"";"";"-";"";"";"";"";"";"";"";"";"";"";"";"";"";"";""
"Santa Terezinha de Goiás";"Produção de Calcário para Rações (t)";"";"";"";"";"";"-";"";"";"";"";"";"";"";"";"";"";"";"";"";"";""
"Santa Terezinha de Goiás";"Produção de Cascalho ()";"";"";"";"";"";"-";"";"";"";"";"";"";"";"";"";"";"";"";"";"";""
"Santa Terezinha de Goiás";"Produção de Caulim (t)";"";"";"";"";"";"-";"";"";"";"";"";"";"";"";"";"";"";"";"";"";""
"Santa Terezinha de Goiás";"Produção de Caulim para Cerâmica Branca (t)";"";"";"";"";"";"-";"";"";"";"";"";"";"";"";"";"";"";"";"";"";""
"Santa Terezinha de Goiás";"Produção de Cobalto (t)";"";"";"";"";"";"-";"";"";"";"";"";"";"";"";"";"";"";"";"";"";""
"Santa Terezinha de Goiás";"Produção de Cobre (t)";"";"";"";"";"";"-";"";"";"";"";"";"";"";"";"";"";"";"";"";"";""
"Santa Terezinha de Goiás";"Produção de Diamante (ct)";"";"";"";"";"";"-";"";"";"";"";"";"";"";"";"";"";"";"";"";"";""
"Santa Terezinha de Goiás";"Produção de Esmeralda (kg)";"";"-";"-";"-";"-";"-";"";"";"";"";"";"";"";"";"";"";"";"";"";"";""
"Santa Terezinha de Goiás";"Produção de Ferro para Cimento (t)";"";"";"";"";"";"-";"";"";"";"";"";"";"";"";"";"";"";"";"";"";""
"Santa Terezinha de Goiás";"Produção de Filito (t)";"";"";"";"";"";"-";"";"";"";"";"";"";"";"";"";"";"";"";"";"";""
"Santa Terezinha de Goiás";"Produção de Fosfato (t)";"";"";"";"";"";"-";"";"";"";"";"";"";"";"";"";"";"";"";"";"";""
"Santa Terezinha de Goiás";"Produção de Manganês (t)";"";"";"";"";"";"-";"";"";"";"";"";"";"";"";"";"";"";"";"";"";""
"Santa Terezinha de Goiás";"Produção de Nióbio (t)";"";"";"";"";"";"-";"";"";"";"";"";"";"";"";"";"";"";"";"";"";""
"Santa Terezinha de Goiás";"Produção de Níquel (t)";"";"";"";"";"";"-";"";"";"";"";"";"";"";"";"";"";"";"";"";"";""
"Santo Antônio da Barra";"Produção de Calcário para Rações (t)";"";"";"";"";"";"-";"";"";"";"";"";"";"";"";"";"";"";"";"";"";""
"Santo Antônio da Barra";"Produção de Cascalho ()";"";"";"";"";"";"-";"";"";"";"";"";"";"";"";"";"";"";"";"";"";""
"Santo Antônio da Barra";"Produção de Caulim (t)";"";"";"";"";"";"-";"";"";"";"";"";"";"";"";"";"";"";"";"";"";""
"Santo Antônio da Barra";"Produção de Caulim para Cerâmica Branca (t)";"";"";"";"";"";"-";"";"";"";"";"";"";"";"";"";"";"";"";"";"";""
"Santo Antônio da Barra";"Produção de Cobalto (t)";"";"";"";"";"";"-";"";"";"";"";"";"";"";"";"";"";"";"";"";"";""
"Santo Antônio da Barra";"Produção de Cobre (t)";"";"";"";"";"";"-";"";"";"";"";"";"";"";"";"";"";"";"";"";"";""
"Santo Antônio da Barra";"Produção de Diamante (ct)";"";"";"";"";"";"-";"";"";"";"";"";"";"";"";"";"";"";"";"";"";""
"Santo Antônio da Barra";"Produção de Esmeralda (kg)";"";"-";"-";"-";"-";"-";"";"";"";"";"";"";"";"";"";"";"";"";"";"";""
"Santo Antônio da Barra";"Produção de Ferro para Cimento (t)";"";"";"";"";"";"-";"";"";"";"";"";"";"";"";"";"";"";"";"";"";""
"Santo Antônio da Barra";"Produção de Filito (t)";"";"";"";"";"";"-";"";"";"";"";"";"";"";"";"";"";"";"";"";"";""
"Santo Antônio da Barra";"Produção de Fosfato (t)";"";"";"";"";"";"-";"";"";"";"";"";"";"";"";"";"";"";"";"";"";""
"Santo Antônio da Barra";"Produção de Manganês (t)";"";"";"";"";"";"-";"";"";"";"";"";"";"";"";"";"";"";"";"";"";""
"Santo Antônio da Barra";"Produção de Nióbio (t)";"";"";"";"";"";"-";"";"";"";"";"";"";"";"";"";"";"";"";"";"";""
"Santo Antônio da Barra";"Produção de Níquel (t)";"";"";"";"";"";"-";"";"";"";"";"";"";"";"";"";"";"";"";"";"";""
"Santo Antônio de Goiás";"Produção de Calcário para Rações (t)";"";"";"";"";"";"-";"";"";"";"";"";"";"";"";"";"";"";"";"";"";""
"Santo Antônio de Goiás";"Produção de Cascalho ()";"";"";"";"";"";"-";"";"";"";"";"";"";"";"";"";"";"";"";"";"";""
"Santo Antônio de Goiás";"Produção de Caulim (t)";"";"";"";"";"";"-";"";"";"";"";"";"";"";"";"";"";"";"";"";"";""
"Santo Antônio de Goiás";"Produção de Caulim para Cerâmica Branca (t)";"";"";"";"";"";"-";"";"";"";"";"";"";"";"";"";"";"";"";"";"";""
"Santo Antônio de Goiás";"Produção de Cobalto (t)";"";"";"";"";"";"-";"";"";"";"";"";"";"";"";"";"";"";"";"";"";""
"Santo Antônio de Goiás";"Produção de Cobre (t)";"";"";"";"";"";"-";"";"";"";"";"";"";"";"";"";"";"";"";"";"";""
"Santo Antônio de Goiás";"Produção de Diamante (ct)";"";"";"";"";"";"-";"";"";"";"";"";"";"";"";"";"";"";"";"";"";""
"Santo Antônio de Goiás";"Produção de Esmeralda (kg)";"";"-";"-";"-";"-";"-";"";"";"";"";"";"";"";"";"";"";"";"";"";"";""
"Santo Antônio de Goiás";"Produção de Ferro para Cimento (t)";"";"";"";"";"";"-";"";"";"";"";"";"";"";"";"";"";"";"";"";"";""
"Santo Antônio de Goiás";"Produção de Filito (t)";"";"";"";"";"";"-";"";"";"";"";"";"";"";"";"";"";"";"";"";"";""
"Santo Antônio de Goiás";"Produção de Fosfato (t)";"";"";"";"";"";"-";"";"";"";"";"";"";"";"";"";"";"";"";"";"";""
"Santo Antônio de Goiás";"Produção de Manganês (t)";"";"";"";"";"";"-";"";"";"";"";"";"";"";"";"";"";"";"";"";"";""
"Santo Antônio de Goiás";"Produção de Nióbio (t)";"";"";"";"";"";"-";"";"";"";"";"";"";"";"";"";"";"";"";"";"";""
"Santo Antônio de Goiás";"Produção de Níquel (t)";"";"";"";"";"";"-";"";"";"";"";"";"";"";"";"";"";"";"";"";"";""
"Santo Antônio do Descoberto";"Produção de Calcário para Rações (t)";"";"";"";"";"";"-";"";"";"";"";"";"";"";"";"";"";"";"";"";"";""
"Santo Antônio do Descoberto";"Produção de Cascalho ()";"";"";"";"";"";"-";"";"";"";"";"";"";"";"";"";"";"";"";"";"";""
"Santo Antônio do Descoberto";"Produção de Caulim (t)";"";"";"";"";"";"-";"";"";"";"";"";"";"";"";"";"";"";"";"";"";""
"Santo Antônio do Descoberto";"Produção de Caulim para Cerâmica Branca (t)";"";"";"";"";"";"-";"";"";"";"";"";"";"";"";"";"";"";"";"";"";""
"Santo Antônio do Descoberto";"Produção de Cobalto (t)";"";"";"";"";"";"-";"";"";"";"";"";"";"";"";"";"";"";"";"";"";""
"Santo Antônio do Descoberto";"Produção de Cobre (t)";"";"";"";"";"";"-";"";"";"";"";"";"";"";"";"";"";"";"";"";"";""
"Santo Antônio do Descoberto";"Produção de Diamante (ct)";"";"";"";"";"";"-";"";"";"";"";"";"";"";"";"";"";"";"";"";"";""
"Santo Antônio do Descoberto";"Produção de Esmeralda (kg)";"";"-";"-";"-";"-";"-";"";"";"";"";"";"";"";"";"";"";"";"";"";"";""
"Santo Antônio do Descoberto";"Produção de Ferro para Cimento (t)";"";"";"";"";"";"-";"";"";"";"";"";"";"";"";"";"";"";"";"";"";""
"Santo Antônio do Descoberto";"Produção de Filito (t)";"";"";"";"";"";"-";"";"";"";"";"";"";"";"";"";"";"";"";"";"";""
"Santo Antônio do Descoberto";"Produção de Fosfato (t)";"";"";"";"";"";"-";"";"";"";"";"";"";"";"";"";"";"";"";"";"";""
"Santo Antônio do Descoberto";"Produção de Manganês (t)";"";"";"";"";"";"-";"";"";"";"";"";"";"";"";"";"";"";"";"";"";""
"Santo Antônio do Descoberto";"Produção de Nióbio (t)";"";"";"";"";"";"-";"";"";"";"";"";"";"";"";"";"";"";"";"";"";""
"Santo Antônio do Descoberto";"Produção de Níquel (t)";"";"";"";"";"";"-";"";"";"";"";"";"";"";"";"";"";"";"";"";"";""
"São Domingos";"Produção de Calcário para Rações (t)";"";"";"";"";"";"-";"";"";"";"";"";"";"";"";"";"";"";"";"";"";""
"São Domingos";"Produção de Cascalho ()";"";"";"";"";"";"-";"";"";"";"";"";"";"";"";"";"";"";"";"";"";""
"São Domingos";"Produção de Caulim (t)";"";"";"";"";"";"-";"";"";"";"";"";"";"";"";"";"";"";"";"";"";""
"São Domingos";"Produção de Caulim para Cerâmica Branca (t)";"";"";"";"";"";"-";"";"";"";"";"";"";"";"";"";"";"";"";"";"";""
"São Domingos";"Produção de Cobalto (t)";"";"";"";"";"";"-";"";"";"";"";"";"";"";"";"";"";"";"";"";"";""
"São Domingos";"Produção de Cobre (t)";"";"";"";"";"";"-";"";"";"";"";"";"";"";"";"";"";"";"";"";"";""
"São Domingos";"Produção de Diamante (ct)";"";"";"";"";"";"-";"";"";"";"";"";"";"";"";"";"";"";"";"";"";""
"São Domingos";"Produção de Esmeralda (kg)";"";"-";"-";"-";"-";"-";"";"";"";"";"";"";"";"";"";"";"";"";"";"";""
"São Domingos";"Produção de Ferro para Cimento (t)";"";"";"";"";"";"-";"";"";"";"";"";"";"";"";"";"";"";"";"";"";""
"São Domingos";"Produção de Filito (t)";"";"";"";"";"";"-";"";"";"";"";"";"";"";"";"";"";"";"";"";"";""
"São Domingos";"Produção de Fosfato (t)";"";"";"";"";"";"-";"";"";"";"";"";"";"";"";"";"";"";"";"";"";""
"São Domingos";"Produção de Manganês (t)";"";"";"";"";"";"-";"";"";"";"";"";"";"";"";"";"";"";"";"";"";""
"São Domingos";"Produção de Nióbio (t)";"";"";"";"";"";"-";"";"";"";"";"";"";"";"";"";"";"";"";"";"";""
"São Domingos";"Produção de Níquel (t)";"";"";"";"";"";"-";"";"";"";"";"";"";"";"";"";"";"";"";"";"";""
"São Francisco de Goiás";"Produção de Calcário para Rações (t)";"";"";"";"";"";"-";"";"";"";"";"";"";"";"";"";"";"";"";"";"";""
"São Francisco de Goiás";"Produção de Cascalho ()";"";"";"";"";"";"-";"";"";"";"";"";"";"";"";"";"";"";"";"";"";""
"São Francisco de Goiás";"Produção de Caulim (t)";"";"";"";"";"";"-";"";"";"";"";"";"";"";"";"";"";"";"";"";"";""
"São Francisco de Goiás";"Produção de Caulim para Cerâmica Branca (t)";"";"";"";"";"";"-";"";"";"";"";"";"";"";"";"";"";"";"";"";"";""
"São Francisco de Goiás";"Produção de Cobalto (t)";"";"";"";"";"";"-";"";"";"";"";"";"";"";"";"";"";"";"";"";"";""
"São Francisco de Goiás";"Produção de Cobre (t)";"";"";"";"";"";"-";"";"";"";"";"";"";"";"";"";"";"";"";"";"";""
"São Francisco de Goiás";"Produção de Diamante (ct)";"";"";"";"";"";"-";"";"";"";"";"";"";"";"";"";"";"";"";"";"";""
"São Francisco de Goiás";"Produção de Esmeralda (kg)";"";"-";"-";"-";"-";"-";"";"";"";"";"";"";"";"";"";"";"";"";"";"";""
"São Francisco de Goiás";"Produção de Ferro para Cimento (t)";"";"";"";"";"";"-";"";"";"";"";"";"";"";"";"";"";"";"";"";"";""
"São Francisco de Goiás";"Produção de Filito (t)";"";"";"";"";"";"-";"";"";"";"";"";"";"";"";"";"";"";"";"";"";""
"São Francisco de Goiás";"Produção de Fosfato (t)";"";"";"";"";"";"-";"";"";"";"";"";"";"";"";"";"";"";"";"";"";""
"São Francisco de Goiás";"Produção de Manganês (t)";"";"";"";"";"";"-";"";"";"";"";"";"";"";"";"";"";"";"";"";"";""
"São Francisco de Goiás";"Produção de Nióbio (t)";"";"";"";"";"";"-";"";"";"";"";"";"";"";"";"";"";"";"";"";"";""
"São Francisco de Goiás";"Produção de Níquel (t)";"";"";"";"";"";"-";"";"";"";"";"";"";"";"";"";"";"";"";"";"";""
"São João d'Aliança";"Produção de Calcário para Rações (t)";"";"";"";"";"";"-";"";"";"";"";"";"";"";"";"";"";"";"";"";"";""
"São João d'Aliança";"Produção de Cascalho ()";"";"";"";"";"";"-";"";"";"";"";"";"";"";"";"";"";"";"";"";"";""
"São João d'Aliança";"Produção de Caulim (t)";"";"";"";"";"";"-";"";"";"";"";"";"";"";"";"";"";"";"";"";"";""
"São João d'Aliança";"Produção de Caulim para Cerâmica Branca (t)";"";"";"";"";"";"-";"";"";"";"";"";"";"";"";"";"";"";"";"";"";""
"São João d'Aliança";"Produção de Cobalto (t)";"";"";"";"";"";"-";"";"";"";"";"";"";"";"";"";"";"";"";"";"";""
"São João d'Aliança";"Produção de Cobre (t)";"";"";"";"";"";"-";"";"";"";"";"";"";"";"";"";"";"";"";"";"";""
"São João d'Aliança";"Produção de Diamante (ct)";"";"";"";"";"";"-";"";"";"";"";"";"";"";"";"";"";"";"";"";"";""
"São João d'Aliança";"Produção de Esmeralda (kg)";"";"-";"-";"-";"-";"-";"";"";"";"";"";"";"";"";"";"";"";"";"";"";""
"São João d'Aliança";"Produção de Ferro para Cimento (t)";"";"";"";"";"";"-";"";"";"";"";"";"";"";"";"";"";"";"";"";"";""
"São João d'Aliança";"Produção de Filito (t)";"";"3.000";"1.000";"-";"";"-";"";"";"30.037";"30.037";"";"";"";"";"";"";"";"";"";"";""
"São João d'Aliança";"Produção de Fosfato (t)";"";"";"";"";"";"-";"";"";"";"";"";"";"";"";"";"";"";"";"";"";""
"São João d'Aliança";"Produção de Manganês (t)";"";"";"";"";"70";"3.164";"8.957";"";"";"";"";"";"";"";"";"";"";"";"";"";""
"São João d'Aliança";"Produção de Nióbio (t)";"";"";"";"";"";"-";"";"";"";"";"";"";"";"";"";"";"";"";"";"";""
"São João d'Aliança";"Produção de Níquel (t)";"";"";"";"";"";"-";"";"";"";"";"";"";"";"";"";"";"";"";"";"";""
"São João da Paraúna";"Produção de Calcário para Rações (t)";"";"";"";"";"";"-";"";"";"";"";"";"";"";"";"";"";"";"";"";"";""
"São João da Paraúna";"Produção de Cascalho ()";"";"-";"311";" 7.680 ";" - ";"-";"";"";"";"";"";"";"";"";"";"";"";"";"";"";""
"São João da Paraúna";"Produção de Caulim (t)";"";"";"";"";"";"-";"";"";"";"";"";"";"";"";"";"";"";"";"";"";""
"São João da Paraúna";"Produção de Caulim para Cerâmica Branca (t)";"";"";"";"";"";"-";"";"";"";"";"";"";"";"";"";"";"";"";"";"";""
"São João da Paraúna";"Produção de Cobalto (t)";"";"";"";"";"";"-";"";"";"";"";"";"";"";"";"";"";"";"";"";"";""
"São João da Paraúna";"Produção de Cobre (t)";"";"";"";"";"";"-";"";"";"";"";"";"";"";"";"";"";"";"";"";"";""
"São João da Paraúna";"Produção de Diamante (ct)";"";"";"";"";"";"-";"";"";"";"";"";"";"";"";"";"";"";"";"";"";""
"São João da Paraúna";"Produção de Esmeralda (kg)";"";"-";"-";"-";"-";"-";"";"";"";"";"";"";"";"";"";"";"";"";"";"";""
"São João da Paraúna";"Produção de Ferro para Cimento (t)";"";"";"";"";"";"-";"";"";"";"";"";"";"";"";"";"";"";"";"";"";""
"São João da Paraúna";"Produção de Filito (t)";"";"";"";"";"";"-";"";"";"";"";"";"";"";"";"";"";"";"";"";"";""
"São João da Paraúna";"Produção de Fosfato (t)";"";"";"";"";"";"-";"";"";"";"";"";"";"";"";"";"";"";"";"";"";""
"São João da Paraúna";"Produção de Manganês (t)";"";"";"";"";"";"-";"";"";"";"";"";"";"";"";"";"";"";"";"";"";""
"São João da Paraúna";"Produção de Nióbio (t)";"";"";"";"";"";"-";"";"";"";"";"";"";"";"";"";"";"";"";"";"";""
"São João da Paraúna";"Produção de Níquel (t)";"";"";"";"";"";"-";"";"";"";"";"";"";"";"";"";"";"";"";"";"";""
"São Luis de Montes Belos";"Produção de Calcário para Rações (t)";"";"";"";"";"";"-";"";"";"";"";"";"";"";"";"";"";"";"";"";"";""
"São Luis de Montes Belos";"Produção de Cascalho ()";"";"";"";"";"";"-";"";"";"";"";"";"";"";"";"";"";"";"";"";"";""
"São Luis de Montes Belos";"Produção de Caulim (t)";"";"";"";"";"";"-";"";"";"";"";"";"";"";"";"";"";"";"";"";"";""
"São Luis de Montes Belos";"Produção de Caulim para Cerâmica Branca (t)";"";"";"";"";"";"-";"";"";"";"";"";"";"";"";"";"";"";"";"";"";""
"São Luis de Montes Belos";"Produção de Cobalto (t)";"";"";"";"";"";"-";"";"";"";"";"";"";"";"";"";"";"";"";"";"";""
"São Luis de Montes Belos";"Produção de Cobre (t)";"";"";"";"";"";"-";"";"";"";"";"";"";"";"";"";"";"";"";"";"";""
"São Luis de Montes Belos";"Produção de Diamante (ct)";"";"";"";"";"";"-";"";"";"";"";"";"";"";"";"";"";"";"";"";"";""
"São Luis de Montes Belos";"Produção de Esmeralda (kg)";"";"-";"-";"-";"-";"-";"";"";"";"";"";"";"";"";"";"";"";"";"";"";""
"São Luis de Montes Belos";"Produção de Ferro para Cimento (t)";"";"";"";"";"";"-";"";"";"";"";"";"";"";"";"";"";"";"";"";"";""
"São Luis de Montes Belos";"Produção de Filito (t)";"";"";"";"";"";"-";"";"";"";"";"";"";"";"";"";"";"";"";"";"";""
"São Luis de Montes Belos";"Produção de Fosfato (t)";"";"";"";"";"";"-";"";"";"";"";"";"";"";"";"";"";"";"";"";"";""
"São Luis de Montes Belos";"Produção de Manganês (t)";"";"";"";"";"";"-";"";"";"";"";"";"";"";"";"";"";"";"";"";"";""
"São Luis de Montes Belos";"Produção de Nióbio (t)";"";"";"";"";"";"-";"";"";"";"";"";"";"";"";"";"";"";"";"";"";""
"São Luis de Montes Belos";"Produção de Níquel (t)";"";"";"";"";"";"-";"";"";"";"";"";"";"";"";"";"";"";"";"";"";""
"São Luiz do Norte";"Produção de Calcário para Rações (t)";"";"";"";"";"";"-";"";"";"";"";"";"";"";"";"";"";"";"";"";"";""
"São Luiz do Norte";"Produção de Cascalho ()";"";"";"";"";"";"-";"";"";"";"";"";"";"";"";"";"";"";"";"";"";""
"São Luiz do Norte";"Produção de Caulim (t)";"";"";"";"";"";"-";"";"";"";"";"";"";"";"";"";"";"";"";"";"";""
"São Luiz do Norte";"Produção de Caulim para Cerâmica Branca (t)";"";"";"";"";"";"-";"";"";"";"";"";"";"";"";"";"";"";"";"";"";""
"São Luiz do Norte";"Produção de Cobalto (t)";"";"";"";"";"";"-";"";"";"";"";"";"";"";"";"";"";"";"";"";"";""
"São Luiz do Norte";"Produção de Cobre (t)";"";"";"";"";"";"-";"";"";"";"";"";"";"";"";"";"";"";"";"";"";""
"São Luiz do Norte";"Produção de Diamante (ct)";"";"";"";"";"";"-";"";"";"";"";"";"";"";"";"";"";"";"";"";"";""
"São Luiz do Norte";"Produção de Esmeralda (kg)";"";"-";"-";"-";"-";"-";"";"";"";"";"";"";"";"";"";"";"";"";"";"";""
"São Luiz do Norte";"Produção de Ferro para Cimento (t)";"";"";"";"";"";"-";"";"";"";"";"";"";"";"";"";"";"";"";"";"";""
"São Luiz do Norte";"Produção de Filito (t)";"";"";"";"";"";"-";"";"";"";"";"";"";"";"";"";"";"";"";"";"";""
"São Luiz do Norte";"Produção de Fosfato (t)";"";"";"";"";"";"-";"";"";"";"";"";"";"";"";"";"";"";"";"";"";""
"São Luiz do Norte";"Produção de Manganês (t)";"";"";"";"";"";"-";"";"";"";"";"";"";"";"";"";"";"";"";"";"";""
"São Luiz do Norte";"Produção de Nióbio (t)";"";"";"";"";"";"-";"";"";"";"";"";"";"";"";"";"";"";"";"";"";""
"São Luiz do Norte";"Produção de Níquel (t)";"";"";"";"";"";"-";"";"";"";"";"";"";"";"";"";"";"";"";"";"";""
"São Miguel do Araguaia";"Produção de Calcário para Rações (t)";"";"";"";"";"";"-";"";"";"";"";"";"";"";"";"";"";"";"";"";"";""
"São Miguel do Araguaia";"Produção de Cascalho ()";"";"-";"-";"1.867 ";" - ";"-";"";"";"";"";"";"";"";"";"";"";"";"";"";"";""
"São Miguel do Araguaia";"Produção de Caulim (t)";"";"";"";"";"";"-";"";"";"";"";"";"";"";"";"";"";"";"";"";"";""
"São Miguel do Araguaia";"Produção de Caulim para Cerâmica Branca (t)";"";"";"";"";"";"-";"";"";"";"";"";"";"";"";"";"";"";"";"";"";""
"São Miguel do Araguaia";"Produção de Cobalto (t)";"";"";"";"";"";"-";"";"";"";"";"";"";"";"";"";"";"";"";"";"";""
"São Miguel do Araguaia";"Produção de Cobre (t)";"";"";"";"";"";"-";"";"";"";"";"";"";"";"";"";"";"";"";"";"";""
"São Miguel do Araguaia";"Produção de Diamante (ct)";"";"";"";"";"";"-";"";"";"";"";"";"";"";"";"";"";"";"";"";"";""
"São Miguel do Araguaia";"Produção de Esmeralda (kg)";"";"-";"-";"-";"-";"-";"";"";"";"";"";"";"";"";"";"";"";"";"";"";""
"São Miguel do Araguaia";"Produção de Ferro para Cimento (t)";"";"";"";"";"";"-";"";"";"";"";"";"";"";"";"";"";"";"";"";"";""
"São Miguel do Araguaia";"Produção de Filito (t)";"";"";"";"";"";"-";"";"";"";"";"";"";"";"";"";"";"";"";"";"";""
"São Miguel do Araguaia";"Produção de Fosfato (t)";"";"";"";"";"";"-";"";"";"";"";"";"";"";"";"";"";"";"";"";"";""
"São Miguel do Araguaia";"Produção de Manganês (t)";"";"";"";"";"";"-";"";"";"";"";"";"";"";"";"";"";"";"";"";"";""
"São Miguel do Araguaia";"Produção de Nióbio (t)";"";"";"";"";"";"-";"";"";"";"";"";"";"";"";"";"";"";"";"";"";""
"São Miguel do Araguaia";"Produção de Níquel (t)";"";"";"";"";"";"-";"";"";"";"";"";"";"";"";"";"";"";"";"";"";""
"São Miguel do Passa Quatro";"Produção de Calcário para Rações (t)";"";"";"";"";"";"-";"";"";"";"";"";"";"";"";"";"";"";"";"";"";""
"São Miguel do Passa Quatro";"Produção de Cascalho ()";"";"";"";"";"";"-";"7.001";"";"";"";"";"";"";"";"";"";"";"";"";"";""
"São Miguel do Passa Quatro";"Produção de Caulim (t)";"";"";"";"";"";"-";"";"";"";"";"";"";"";"";"";"";"";"";"";"";""
"São Miguel do Passa Quatro";"Produção de Caulim para Cerâmica Branca (t)";"";"";"";"";"";"-";"";"";"";"";"";"";"";"";"";"";"";"";"";"";""
"São Miguel do Passa Quatro";"Produção de Cobalto (t)";"";"";"";"";"";"-";"";"";"";"";"";"";"";"";"";"";"";"";"";"";""
"São Miguel do Passa Quatro";"Produção de Cobre (t)";"";"";"";"";"";"-";"";"";"";"";"";"";"";"";"";"";"";"";"";"";""
"São Miguel do Passa Quatro";"Produção de Diamante (ct)";"";"";"";"";"";"-";"";"";"";"";"";"";"";"";"";"";"";"";"";"";""
"São Miguel do Passa Quatro";"Produção de Esmeralda (kg)";"";"-";"-";"-";"-";"-";"";"";"";"";"";"";"";"";"";"";"";"";"";"";""
"São Miguel do Passa Quatro";"Produção de Ferro para Cimento (t)";"";"";"";"";"";"-";"";"";"";"";"";"";"";"";"";"";"";"";"";"";""
"São Miguel do Passa Quatro";"Produção de Filito (t)";"";"";"";"";"";"-";"";"";"";"";"";"";"";"";"";"";"";"";"";"";""
"São Miguel do Passa Quatro";"Produção de Fosfato (t)";"";"";"";"";"";"-";"";"";"";"";"";"";"";"";"";"";"";"";"";"";""
"São Miguel do Passa Quatro";"Produção de Manganês (t)";"";"";"";"";"";"-";"";"";"";"";"";"";"";"";"";"";"";"";"";"";""
"São Miguel do Passa Quatro";"Produção de Nióbio (t)";"";"";"";"";"";"-";"";"";"";"";"";"";"";"";"";"";"";"";"";"";""
"São Miguel do Passa Quatro";"Produção de Níquel (t)";"";"";"";"";"";"-";"";"";"";"";"";"";"";"";"";"";"";"";"";"";""
"São Patrício";"Produção de Calcário para Rações (t)";"";"";"";"";"";"-";"";"";"";"";"";"";"";"";"";"";"";"";"";"";""
"São Patrício";"Produção de Cascalho ()";"";"";"";"";"";"-";"";"480";"";"";"";"";"";"";"";"";"";"";"";"";""
"São Patrício";"Produção de Caulim (t)";"";"";"";"";"";"-";"";"";"";"";"";"";"";"";"";"";"";"";"";"";""
"São Patrício";"Produção de Caulim para Cerâmica Branca (t)";"";"";"";"";"";"-";"";"";"";"";"";"";"";"";"";"";"";"";"";"";""
"São Patrício";"Produção de Cobalto (t)";"";"";"";"";"";"-";"";"";"";"";"";"";"";"";"";"";"";"";"";"";""
"São Patrício";"Produção de Cobre (t)";"";"";"";"";"";"-";"";"";"";"";"";"";"";"";"";"";"";"";"";"";""
"São Patrício";"Produção de Diamante (ct)";"";"";"";"";"";"-";"";"";"";"";"";"";"";"";"";"";"";"";"";"";""
"São Patrício";"Produção de Esmeralda (kg)";"";"-";"-";"-";"-";"-";"";"";"";"";"";"";"";"";"";"";"";"";"";"";""
"São Patrício";"Produção de Ferro para Cimento (t)";"";"";"";"";"";"-";"";"";"";"";"";"";"";"";"";"";"";"";"";"";""
"São Patrício";"Produção de Filito (t)";"";"";"";"";"";"-";"";"";"";"";"";"";"";"";"";"";"";"";"";"";""
"São Patrício";"Produção de Fosfato (t)";"";"";"";"";"";"-";"";"";"";"";"";"";"";"";"";"";"";"";"";"";""
"São Patrício";"Produção de Manganês (t)";"";"";"";"";"";"-";"";"";"";"";"";"";"";"";"";"";"";"";"";"";""
"São Patrício";"Produção de Nióbio (t)";"";"";"";"";"";"-";"";"";"";"";"";"";"";"";"";"";"";"";"";"";""
"São Patrício";"Produção de Níquel (t)";"";"";"";"";"";"-";"";"";"";"";"";"";"";"";"";"";"";"";"";"";""
"São Simão";"Produção de Calcário para Rações (t)";"";"";"";"";"";"-";"";"";"";"";"";"";"";"";"";"";"";"";"";"";""
"São Simão";"Produção de Cascalho ()";"";"";"";"";"";"-";"";"";"";"";"";"";"";"";"";"";"";"";"";"";""
"São Simão";"Produção de Caulim (t)";"";"";"";"";"";"-";"";"";"";"";"";"";"";"";"";"";"";"";"";"";""
"São Simão";"Produção de Caulim para Cerâmica Branca (t)";"";"";"";"";"";"-";"";"";"";"";"";"";"";"";"";"";"";"";"";"";""
"São Simão";"Produção de Cobalto (t)";"";"";"";"";"";"-";"";"";"";"";"";"";"";"";"";"";"";"";"";"";""
"São Simão";"Produção de Cobre (t)";"";"";"";"";"";"-";"";"";"";"";"";"";"";"";"";"";"";"";"";"";""
"São Simão";"Produção de Diamante (ct)";"";"";"";"";"";"-";"";"";"";"";"";"";"";"";"";"";"";"";"";"";""
"São Simão";"Produção de Esmeralda (kg)";"";"-";"-";"-";"-";"-";"";"";"";"";"";"";"";"";"";"";"";"";"";"";""
"São Simão";"Produção de Ferro para Cimento (t)";"";"";"";"";"";"-";"";"";"";"";"";"";"";"";"";"";"";"";"";"";""
"São Simão";"Produção de Filito (t)";"";"";"";"";"";"-";"";"";"";"";"";"";"";"";"";"";"";"";"";"";""
"São Simão";"Produção de Fosfato (t)";"";"";"";"";"";"-";"";"";"";"";"";"";"";"";"";"";"";"";"";"";""
"São Simão";"Produção de Manganês (t)";"";"";"";"";"";"-";"";"";"";"";"";"";"";"";"";"";"";"";"";"";""
"São Simão";"Produção de Nióbio (t)";"";"";"";"";"";"-";"";"";"";"";"";"";"";"";"";"";"";"";"";"";""
"São Simão";"Produção de Níquel (t)";"";"";"";"";"";"-";"";"";"";"";"";"";"";"";"";"";"";"";"";"";""
"Senador Canedo";"Produção de Calcário para Rações (t)";"";"";"";"";"";"-";"";"";"";"";"";"";"";"";"";"";"";"";"";"";""
"Senador Canedo";"Produção de Cascalho ()";"";"";"";"";"";"-";"";"";"";"";"";"";"";"";"";"";"";"";"";"";""
"Senador Canedo";"Produção de Caulim (t)";"";"";"";"";"";"-";"";"";"";"";"";"";"";"";"";"";"";"";"";"";""
"Senador Canedo";"Produção de Caulim para Cerâmica Branca (t)";"";"";"";"";"";"-";"";"";"";"";"";"";"";"";"";"";"";"";"";"";""
"Senador Canedo";"Produção de Cobalto (t)";"";"";"";"";"";"-";"";"";"";"";"";"";"";"";"";"";"";"";"";"";""
"Senador Canedo";"Produção de Cobre (t)";"";"";"";"";"";"-";"";"";"";"";"";"";"";"";"";"";"";"";"";"";""
"Senador Canedo";"Produção de Diamante (ct)";"";"";"";"";"";"-";"";"";"";"";"";"";"";"";"";"";"";"";"";"";""
"Senador Canedo";"Produção de Esmeralda (kg)";"";"-";"-";"-";"-";"-";"";"";"";"";"";"";"";"";"";"";"";"";"";"";""
"Senador Canedo";"Produção de Ferro para Cimento (t)";"";"";"";"";"";"-";"";"";"";"";"";"";"";"";"";"";"";"";"";"";""
"Senador Canedo";"Produção de Filito (t)";"";"";"";"";"";"-";"";"";"";"";"";"";"";"";"";"";"";"";"";"";""
"Senador Canedo";"Produção de Fosfato (t)";"";"";"";"";"";"-";"";"";"";"";"";"";"";"";"";"";"";"";"";"";""
"Senador Canedo";"Produção de Manganês (t)";"";"";"";"";"";"-";"";"";"";"";"";"";"";"";"";"";"";"";"";"";""
"Senador Canedo";"Produção de Nióbio (t)";"";"";"";"";"";"-";"";"";"";"";"";"";"";"";"";"";"";"";"";"";""
"Senador Canedo";"Produção de Níquel (t)";"";"";"";"";"";"-";"";"";"";"";"";"";"";"";"";"";"";"";"";"";""
"Serranópolis";"Produção de Calcário para Rações (t)";"";"";"";"";"";"-";"";"";"";"";"";"";"";"";"";"";"";"";"";"";""
"Serranópolis";"Produção de Cascalho ()";"";"";"";"";"";"-";"";"";"";"";"";"";"";"";"";"";"";"";"";"";""
"Serranópolis";"Produção de Caulim (t)";"";"";"";"";"";"-";"";"";"";"";"";"";"";"";"";"";"";"";"";"";""
"Serranópolis";"Produção de Caulim para Cerâmica Branca (t)";"";"";"";"";"";"-";"";"";"";"";"";"";"";"";"";"";"";"";"";"";""
"Serranópolis";"Produção de Cobalto (t)";"";"";"";"";"";"-";"";"";"";"";"";"";"";"";"";"";"";"";"";"";""
"Serranópolis";"Produção de Cobre (t)";"";"";"";"";"";"-";"";"";"";"";"";"";"";"";"";"";"";"";"";"";""
"Serranópolis";"Produção de Diamante (ct)";"";"";"";"";"";"-";"";"";"";"";"";"";"";"";"";"";"";"";"";"";""
"Serranópolis";"Produção de Esmeralda (kg)";"";"-";"-";"-";"-";"-";"";"";"";"";"";"";"";"";"";"";"";"";"";"";""
"Serranópolis";"Produção de Ferro para Cimento (t)";"";"";"";"";"";"-";"";"";"";"";"";"";"";"";"";"";"";"";"";"";""
"Serranópolis";"Produção de Filito (t)";"";"";"";"";"";"-";"";"";"";"";"";"";"";"";"";"";"";"";"";"";""
"Serranópolis";"Produção de Fosfato (t)";"";"";"";"";"";"-";"";"";"";"";"";"";"";"";"";"";"";"";"";"";""
"Serranópolis";"Produção de Manganês (t)";"";"";"";"";"";"-";"";"";"";"";"";"";"";"";"";"";"";"";"";"";""
"Serranópolis";"Produção de Nióbio (t)";"";"";"";"";"";"-";"";"";"";"";"";"";"";"";"";"";"";"";"";"";""
"Serranópolis";"Produção de Níquel (t)";"";"";"";"";"";"-";"";"";"";"";"";"";"";"";"";"";"";"";"";"";""
"Silvânia";"Produção de Calcário para Rações (t)";"";"";"";"";"";"-";"";"";"";"";"";"";"";"";"";"";"";"";"";"";""
"Silvânia";"Produção de Cascalho ()";"";"";"";"";"";"-";"2.276";"";"";"";"";"";"";"";"";"";"";"";"";"";""
"Silvânia";"Produção de Caulim (t)";"";"";"";"";"";"-";"";"";"9.620";"9.620";"5.700";"580";"";"";"";"";"";"";"";"";""
"Silvânia";"Produção de Caulim para Cerâmica Branca (t)";"";"";"";"";"4.000";"6.282";"2.251";"2.016";"10.320";"9.620";"";"";"";"";"";"";"";"";"";"";""
"Silvânia";"Produção de Cobalto (t)";"";"";"";"";"";"-";"";"";"";"";"";"";"";"";"";"";"";"";"";"";""
"Silvânia";"Produção de Cobre (t)";"";"";"";"";"";"-";"";"";"";"";"";"";"";"";"";"";"";"";"";"";""
"Silvânia";"Produção de Diamante (ct)";"";"";"";"";"";"-";"";"";"";"";"";"";"";"";"";"";"";"";"";"";""
"Silvânia";"Produção de Esmeralda (kg)";"";"-";"-";"-";"-";"-";"";"";"";"";"";"";"";"";"";"";"";"";"";"";""
"Silvânia";"Produção de Ferro para Cimento (t)";"";"";"";"";"";"-";"";"";"";"";"";"";"";"";"";"";"";"";"";"";""
"Silvânia";"Produção de Filito (t)";"";"";"";"";"";"-";"";"";"";"";"";"";"";"";"";"";"";"";"";"";""
"Silvânia";"Produção de Fosfato (t)";"";"";"";"";"";"-";"";"";"";"";"";"";"";"";"";"";"";"";"";"";""
"Silvânia";"Produção de Manganês (t)";"";"";"";"";"";"-";"";"";"";"";"";"";"";"";"";"";"";"";"";"";""
"Silvânia";"Produção de Nióbio (t)";"";"";"";"";"";"-";"";"";"";"";"";"";"";"";"";"";"";"";"";"";""
"Silvânia";"Produção de Níquel (t)";"";"";"";"";"";"-";"";"";"";"";"";"";"";"";"";"";"";"";"";"";""
"Simolândia";"Produção de Calcário para Rações (t)";"";"";"";"";"";"-";"";"";"";"";"";"";"";"";"";"";"";"";"";"";""
"Simolândia";"Produção de Cascalho ()";"";"";"";"";"";"-";"";"";"";"";"";"";"";"";"";"";"";"";"";"";""
"Simolândia";"Produção de Caulim (t)";"";"";"";"";"";"-";"";"";"";"";"";"";"";"";"";"";"";"";"";"";""
"Simolândia";"Produção de Caulim para Cerâmica Branca (t)";"";"";"";"";"";"-";"";"";"";"";"";"";"";"";"";"";"";"";"";"";""
"Simolândia";"Produção de Cobalto (t)";"";"";"";"";"";"-";"";"";"";"";"";"";"";"";"";"";"";"";"";"";""
"Simolândia";"Produção de Cobre (t)";"";"";"";"";"";"-";"";"";"";"";"";"";"";"";"";"";"";"";"";"";""
"Simolândia";"Produção de Diamante (ct)";"";"";"";"";"";"-";"";"";"";"";"";"";"";"";"";"";"";"";"";"";""
"Simolândia";"Produção de Esmeralda (kg)";"";"-";"-";"-";"-";"-";"";"";"";"";"";"";"";"";"";"";"";"";"";"";""
"Simolândia";"Produção de Ferro para Cimento (t)";"";"";"";"";"";"-";"";"";"";"";"";"";"";"";"";"";"";"";"";"";""
"Simolândia";"Produção de Filito (t)";"";"";"";"";"";"-";"";"";"";"";"";"";"";"";"";"";"";"";"";"";""
"Simolândia";"Produção de Fosfato (t)";"";"";"";"";"";"-";"";"";"";"";"";"";"";"";"";"";"";"";"";"";""
"Simolândia";"Produção de Manganês (t)";"";"";"";"";"";"-";"";"";"";"";"";"";"";"";"";"";"";"";"";"";""
"Simolândia";"Produção de Nióbio (t)";"";"";"";"";"";"-";"";"";"";"";"";"";"";"";"";"";"";"";"";"";""
"Simolândia";"Produção de Níquel (t)";"";"";"";"";"";"-";"";"";"";"";"";"";"";"";"";"";"";"";"";"";""
"Sítio d'Abadia";"Produção de Calcário para Rações (t)";"";"";"";"";"";"-";"";"";"";"";"";"";"";"";"";"";"";"";"";"";""
"Sítio d'Abadia";"Produção de Cascalho ()";"";"";"";"";"";"-";"";"";"";"";"";"";"";"";"";"";"";"";"";"";""
"Sítio d'Abadia";"Produção de Caulim (t)";"";"";"";"";"";"-";"";"";"";"";"";"";"";"";"";"";"";"";"";"";""
"Sítio d'Abadia";"Produção de Caulim para Cerâmica Branca (t)";"";"";"";"";"";"-";"";"";"";"";"";"";"";"";"";"";"";"";"";"";""
"Sítio d'Abadia";"Produção de Cobalto (t)";"";"";"";"";"";"-";"";"";"";"";"";"";"";"";"";"";"";"";"";"";""
"Sítio d'Abadia";"Produção de Cobre (t)";"";"";"";"";"";"-";"";"";"";"";"";"";"";"";"";"";"";"";"";"";""
"Sítio d'Abadia";"Produção de Diamante (ct)";"";"";"";"";"";"-";"";"";"";"";"";"";"";"";"";"";"";"";"";"";""
"Sítio d'Abadia";"Produção de Esmeralda (kg)";"";"-";"-";"-";"-";"-";"";"";"";"";"";"";"";"";"";"";"";"";"";"";""
"Sítio d'Abadia";"Produção de Ferro para Cimento (t)";"";"";"";"";"";"-";"";"";"";"";"";"";"";"";"";"";"";"";"";"";""
"Sítio d'Abadia";"Produção de Filito (t)";"";"";"";"";"";"-";"";"";"";"";"";"";"";"";"";"";"";"";"";"";""
"Sítio d'Abadia";"Produção de Fosfato (t)";"";"";"";"";"";"-";"";"";"";"";"";"";"";"";"";"";"";"";"";"";""
"Sítio d'Abadia";"Produção de Manganês (t)";"";"";"";"";"";"-";"";"";"";"";"";"";"";"";"";"";"";"";"";"";""
"Sítio d'Abadia";"Produção de Nióbio (t)";"";"";"";"";"";"-";"";"";"";"";"";"";"";"";"";"";"";"";"";"";""
"Sítio d'Abadia";"Produção de Níquel (t)";"";"";"";"";"";"-";"";"";"";"";"";"";"";"";"";"";"";"";"";"";""
"Taquaral de Goiás";"Produção de Calcário para Rações (t)";"";"";"";"";"";"-";"";"";"";"";"";"";"";"";"";"";"";"";"";"";""
"Taquaral de Goiás";"Produção de Cascalho ()";"";"";"";"";"";"-";"";"";"";"";"";"";"";"";"";"";"";"";"";"";""
"Taquaral de Goiás";"Produção de Caulim (t)";"";"";"";"";"";"-";"";"";"";"";"";"";"";"";"";"";"";"";"";"";""
"Taquaral de Goiás";"Produção de Caulim para Cerâmica Branca (t)";"";"";"";"";"";"-";"";"";"";"";"";"";"";"";"";"";"";"";"";"";""
"Taquaral de Goiás";"Produção de Cobalto (t)";"";"";"";"";"";"-";"";"";"";"";"";"";"";"";"";"";"";"";"";"";""
"Taquaral de Goiás";"Produção de Cobre (t)";"";"";"";"";"";"-";"";"";"";"";"";"";"";"";"";"";"";"";"";"";""
"Taquaral de Goiás";"Produção de Diamante (ct)";"";"";"";"";"";"-";"";"";"";"";"";"";"";"";"";"";"";"";"";"";""
"Taquaral de Goiás";"Produção de Esmeralda (kg)";"";"-";"-";"-";"-";"-";"";"";"";"";"";"";"";"";"";"";"";"";"";"";""
"Taquaral de Goiás";"Produção de Ferro para Cimento (t)";"";"";"";"";"";"-";"";"";"";"";"";"";"";"";"";"";"";"";"";"";""
"Taquaral de Goiás";"Produção de Filito (t)";"";"";"";"";"";"-";"";"";"";"";"";"";"";"";"";"";"";"";"";"";""
"Taquaral de Goiás";"Produção de Fosfato (t)";"";"";"";"";"";"-";"";"";"";"";"";"";"";"";"";"";"";"";"";"";""
"Taquaral de Goiás";"Produção de Manganês (t)";"";"";"";"";"";"-";"";"";"";"";"";"";"";"";"";"";"";"";"";"";""
"Taquaral de Goiás";"Produção de Nióbio (t)";"";"";"";"";"";"-";"";"";"";"";"";"";"";"";"";"";"";"";"";"";""
"Taquaral de Goiás";"Produção de Níquel (t)";"";"";"";"";"";"-";"";"";"";"";"";"";"";"";"";"";"";"";"";"";""
"Teresina de Goiás";"Produção de Calcário para Rações (t)";"";"";"";"";"";"-";"";"";"";"";"";"";"";"";"";"";"";"";"";"";""
"Teresina de Goiás";"Produção de Cascalho ()";"";"";"";"";"";"-";"";"";"";"";"";"";"";"";"";"";"";"";"";"";""
"Teresina de Goiás";"Produção de Caulim (t)";"";"";"";"";"";"-";"";"";"";"";"";"";"";"";"";"";"";"";"";"";""
"Teresina de Goiás";"Produção de Caulim para Cerâmica Branca (t)";"";"";"";"";"";"-";"";"";"";"";"";"";"";"";"";"";"";"";"";"";""
"Teresina de Goiás";"Produção de Cobalto (t)";"";"";"";"";"";"-";"";"";"";"";"";"";"";"";"";"";"";"";"";"";""
"Teresina de Goiás";"Produção de Cobre (t)";"";"";"";"";"";"-";"";"";"";"";"";"";"";"";"";"";"";"";"";"";""
"Teresina de Goiás";"Produção de Diamante (ct)";"";"";"";"";"";"-";"";"";"";"";"";"";"";"";"";"";"";"";"";"";""
"Teresina de Goiás";"Produção de Esmeralda (kg)";"";"-";"-";"-";"-";"-";"";"";"";"";"";"";"";"";"";"";"";"";"";"";""
"Teresina de Goiás";"Produção de Ferro para Cimento (t)";"";"";"";"";"";"-";"";"";"";"";"";"";"";"";"";"";"";"";"";"";""
"Teresina de Goiás";"Produção de Filito (t)";"";"";"";"";"";"-";"";"";"";"";"";"";"";"";"";"";"";"";"";"";""
"Teresina de Goiás";"Produção de Fosfato (t)";"";"";"";"";"";"-";"";"";"";"";"";"";"";"";"";"";"";"";"";"";""
"Teresina de Goiás";"Produção de Manganês (t)";"";"";"";"";"";"-";"";"";"";"";"";"";"";"";"";"";"";"";"";"";""
"Teresina de Goiás";"Produção de Nióbio (t)";"";"";"";"";"";"-";"";"";"";"";"";"";"";"";"";"";"";"";"";"";""
"Teresina de Goiás";"Produção de Níquel (t)";"";"";"";"";"";"-";"";"";"";"";"";"";"";"";"";"";"";"";"";"";""
"Terezópolis de Goiás";"Produção de Calcário para Rações (t)";"";"";"";"";"";"-";"";"";"";"";"";"";"";"";"";"";"";"";"";"";""
"Terezópolis de Goiás";"Produção de Cascalho ()";"";"";"";"";"";"-";"";"";"";"";"";"";"";"";"";"";"";"";"";"";""
"Terezópolis de Goiás";"Produção de Caulim (t)";"";"";"";"";"";"-";"";"";"";"";"";"";"";"";"";"";"";"";"";"";""
"Terezópolis de Goiás";"Produção de Caulim para Cerâmica Branca (t)";"";"";"";"";"";"-";"";"";"";"";"";"";"";"";"";"";"";"";"";"";""
"Terezópolis de Goiás";"Produção de Cobalto (t)";"";"";"";"";"";"-";"";"";"";"";"";"";"";"";"";"";"";"";"";"";""
"Terezópolis de Goiás";"Produção de Cobre (t)";"";"";"";"";"";"-";"";"";"";"";"";"";"";"";"";"";"";"";"";"";""
"Terezópolis de Goiás";"Produção de Diamante (ct)";"";"";"";"";"";"-";"";"";"";"";"";"";"";"";"";"";"";"";"";"";""
"Terezópolis de Goiás";"Produção de Esmeralda (kg)";"";"-";"-";"-";"-";"-";"";"";"";"";"";"";"";"";"";"";"";"";"";"";""
"Terezópolis de Goiás";"Produção de Ferro para Cimento (t)";"";"";"";"";"";"-";"";"";"";"";"";"";"";"";"";"";"";"";"";"";""
"Terezópolis de Goiás";"Produção de Filito (t)";"";"";"";"";"";"-";"";"";"";"";"";"";"";"";"";"";"";"";"";"";""
"Terezópolis de Goiás";"Produção de Fosfato (t)";"";"";"";"";"";"-";"";"";"";"";"";"";"";"";"";"";"";"";"";"";""
"Terezópolis de Goiás";"Produção de Manganês (t)";"";"";"";"";"";"-";"";"";"";"";"";"";"";"";"";"";"";"";"";"";""
"Terezópolis de Goiás";"Produção de Nióbio (t)";"";"";"";"";"";"-";"";"";"";"";"";"";"";"";"";"";"";"";"";"";""
"Terezópolis de Goiás";"Produção de Níquel (t)";"";"";"";"";"";"-";"";"";"";"";"";"";"";"";"";"";"";"";"";"";""
"Três Ranchos";"Produção de Calcário para Rações (t)";"";"";"";"";"";"-";"";"";"";"";"";"";"";"";"";"";"";"";"";"";""
"Três Ranchos";"Produção de Cascalho ()";"";"";"";"";"";"-";"";"";"";"";"";"";"";"";"";"";"";"";"";"";""
"Três Ranchos";"Produção de Caulim (t)";"";"";"";"";"";"-";"";"";"";"";"";"";"";"";"";"";"";"";"";"";""
"Três Ranchos";"Produção de Caulim para Cerâmica Branca (t)";"";"";"";"";"";"-";"";"";"";"";"";"";"";"";"";"";"";"";"";"";""
"Três Ranchos";"Produção de Cobalto (t)";"";"";"";"";"";"-";"";"";"";"";"";"";"";"";"";"";"";"";"";"";""
"Três Ranchos";"Produção de Cobre (t)";"";"";"";"";"";"-";"";"";"";"";"";"";"";"";"";"";"";"";"";"";""
"Três Ranchos";"Produção de Diamante (ct)";"";"";"";"";"";"-";"";"";"";"";"";"";"";"";"";"";"";"";"";"";""
"Três Ranchos";"Produção de Esmeralda (kg)";"";"-";"-";"-";"-";"-";"";"";"";"";"";"";"";"";"";"";"";"";"";"";""
"Três Ranchos";"Produção de Ferro para Cimento (t)";"";"";"";"";"";"-";"";"";"";"";"";"";"";"";"";"";"";"";"";"";""
"Três Ranchos";"Produção de Filito (t)";"";"";"";"";"";"-";"";"";"";"";"";"";"";"";"";"";"";"";"";"";""
"Três Ranchos";"Produção de Fosfato (t)";"";"";"";"";"";"-";"";"";"";"";"";"";"";"";"";"";"";"";"";"";""
"Três Ranchos";"Produção de Manganês (t)";"";"";"";"";"";"-";"";"";"";"";"";"";"";"";"";"";"";"";"";"";""
"Três Ranchos";"Produção de Nióbio (t)";"";"";"";"";"";"-";"";"";"";"";"";"";"";"";"";"";"";"";"";"";""
"Três Ranchos";"Produção de Níquel (t)";"";"";"";"";"";"-";"";"";"";"";"";"";"";"";"";"";"";"";"";"";""
"Trindade";"Produção de Calcário para Rações (t)";"";"";"";"";"";"-";"";"";"";"";"";"";"";"";"";"";"";"";"";"";""
"Trindade";"Produção de Cascalho ()";"";"";"";"";"";"-";"";"";"2.500";"2.500";"";"9.216";"";"";"";"";"";"";"";"";""
"Trindade";"Produção de Caulim (t)";"";"";"";"";"";"-";"";"";"";"";"";"";"";"";"";"";"";"";"";"";""
"Trindade";"Produção de Caulim para Cerâmica Branca (t)";"";"";"";"";"";"-";"";"";"";"";"";"";"";"";"";"";"";"";"";"";""
"Trindade";"Produção de Cobalto (t)";"";"";"";"";"";"-";"";"";"";"";"";"";"";"";"";"";"";"";"";"";""
"Trindade";"Produção de Cobre (t)";"";"";"";"";"";"-";"";"";"";"";"";"";"";"";"";"";"";"";"";"";""
"Trindade";"Produção de Diamante (ct)";"";"";"";"";"";"-";"";"";"";"";"";"";"";"";"";"";"";"";"";"";""
"Trindade";"Produção de Esmeralda (kg)";"";"-";"-";"-";"-";"-";"";"";"";"";"";"";"";"";"";"";"";"";"";"";""
"Trindade";"Produção de Ferro para Cimento (t)";"";"";"";"";"";"-";"";"";"";"";"";"";"";"";"";"";"";"";"";"";""
"Trindade";"Produção de Filito (t)";"";"";"";"";"";"-";"";"";"";"";"";"";"";"";"";"";"";"";"";"";""
"Trindade";"Produção de Fosfato (t)";"";"";"";"";"";"-";"";"";"";"";"";"";"";"";"";"";"";"";"";"";""
"Trindade";"Produção de Manganês (t)";"";"";"";"";"";"-";"";"";"";"";"";"";"";"";"";"";"";"";"";"";""
"Trindade";"Produção de Nióbio (t)";"";"";"";"";"";"-";"";"";"";"";"";"";"";"";"";"";"";"";"";"";""
"Trindade";"Produção de Níquel (t)";"";"";"";"";"";"-";"";"";"";"";"";"";"";"";"";"";"";"";"";"";""
"Trombas";"Produção de Calcário para Rações (t)";"";"";"";"";"";"-";"";"";"";"";"";"";"";"";"";"";"";"";"";"";""
"Trombas";"Produção de Cascalho ()";"";"";"";"";"";"-";"";"";"";"";"";"";"";"";"";"";"";"";"";"";""
"Trombas";"Produção de Caulim (t)";"";"";"";"";"";"-";"";"";"";"";"";"314";"";"";"";"";"";"";"";"";""
"Trombas";"Produção de Caulim para Cerâmica Branca (t)";"";"";"";"";"";"-";"";"";"";"";"";"";"";"";"";"";"";"";"";"";""
"Trombas";"Produção de Cobalto (t)";"";"";"";"";"";"-";"";"";"";"";"";"";"";"";"";"";"";"";"";"";""
"Trombas";"Produção de Cobre (t)";"";"";"";"";"";"-";"";"";"";"";"";"";"";"";"";"";"";"";"";"";""
"Trombas";"Produção de Diamante (ct)";"";"";"";"";"";"-";"";"";"";"";"";"";"";"";"";"";"";"";"";"";""
"Trombas";"Produção de Esmeralda (kg)";"";"-";"-";"-";"-";"-";"";"";"";"";"";"";"";"";"";"";"";"";"";"";""
"Trombas";"Produção de Ferro para Cimento (t)";"";"";"";"";"";"-";"";"";"";"";"";"";"";"";"";"";"";"";"";"";""
"Trombas";"Produção de Filito (t)";"";"";"";"";"";"-";"";"";"";"";"";"";"";"";"";"";"";"";"";"";""
"Trombas";"Produção de Fosfato (t)";"";"";"";"";"";"-";"";"";"";"";"";"";"";"";"";"";"";"";"";"";""
"Trombas";"Produção de Manganês (t)";"";"";"";"";"";"-";"";"";"";"";"";"";"";"";"";"";"";"";"";"";""
"Trombas";"Produção de Nióbio (t)";"";"";"";"";"";"-";"";"";"";"";"";"";"";"";"";"";"";"";"";"";""
"Trombas";"Produção de Níquel (t)";"";"";"";"";"";"-";"";"";"";"";"";"";"";"";"";"";"";"";"";"";""
"Turvânia";"Produção de Calcário para Rações (t)";"";"";"";"";"";"-";"";"";"";"";"";"";"";"";"";"";"";"";"";"";""
"Turvânia";"Produção de Cascalho ()";"";"";"";"";"";"-";"";"";"";"";"";"";"";"";"";"";"";"";"";"";""
"Turvânia";"Produção de Caulim (t)";"";"";"";"";"";"-";"";"";"";"";"";"";"";"";"";"";"";"";"";"";""
"Turvânia";"Produção de Caulim para Cerâmica Branca (t)";"";"";"";"";"";"-";"";"";"";"";"";"";"";"";"";"";"";"";"";"";""
"Turvânia";"Produção de Cobalto (t)";"";"";"";"";"";"-";"";"";"";"";"";"";"";"";"";"";"";"";"";"";""
"Turvânia";"Produção de Cobre (t)";"";"";"";"";"";"-";"";"";"";"";"";"";"";"";"";"";"";"";"";"";""
"Turvânia";"Produção de Diamante (ct)";"";"";"";"";"";"-";"";"";"";"";"";"";"";"";"";"";"";"";"";"";""
"Turvânia";"Produção de Esmeralda (kg)";"";"-";"-";"-";"-";"-";"";"";"";"";"";"";"";"";"";"";"";"";"";"";""
"Turvânia";"Produção de Ferro para Cimento (t)";"";"";"";"";"";"-";"";"";"";"";"";"";"";"";"";"";"";"";"";"";""
"Turvânia";"Produção de Filito (t)";"";"";"";"";"";"-";"";"";"";"";"";"";"";"";"";"";"";"";"";"";""
"Turvânia";"Produção de Fosfato (t)";"";"";"";"";"";"-";"";"";"";"";"";"";"";"";"";"";"";"";"";"";""
"Turvânia";"Produção de Manganês (t)";"";"";"";"";"";"-";"";"";"";"";"";"";"";"";"";"";"";"";"";"";""
"Turvânia";"Produção de Nióbio (t)";"";"";"";"";"";"-";"";"";"";"";"";"";"";"";"";"";"";"";"";"";""
"Turvânia";"Produção de Níquel (t)";"";"";"";"";"";"-";"";"";"";"";"";"";"";"";"";"";"";"";"";"";""
"Turvelândia";"Produção de Calcário para Rações (t)";"";"";"";"";"";"-";"";"";"";"";"";"";"";"";"";"";"";"";"";"";""
"Turvelândia";"Produção de Cascalho ()";"";"";"";"";"";"-";"";"";"";"";"";"";"";"";"";"";"";"";"";"";""
"Turvelândia";"Produção de Caulim (t)";"";"";"";"";"";"-";"";"";"";"";"";"";"";"";"";"";"";"";"";"";""
"Turvelândia";"Produção de Caulim para Cerâmica Branca (t)";"";"";"";"";"";"-";"";"";"";"";"";"";"";"";"";"";"";"";"";"";""
"Turvelândia";"Produção de Cobalto (t)";"";"";"";"";"";"-";"";"";"";"";"";"";"";"";"";"";"";"";"";"";""
"Turvelândia";"Produção de Cobre (t)";"";"";"";"";"";"-";"";"";"";"";"";"";"";"";"";"";"";"";"";"";""
"Turvelândia";"Produção de Diamante (ct)";"";"";"";"";"";"-";"";"";"";"";"";"";"";"";"";"";"";"";"";"";""
"Turvelândia";"Produção de Esmeralda (kg)";"";"-";"-";"-";"-";"-";"";"";"";"";"";"";"";"";"";"";"";"";"";"";""
"Turvelândia";"Produção de Ferro para Cimento (t)";"";"";"";"";"";"-";"";"";"";"";"";"";"";"";"";"";"";"";"";"";""
"Turvelândia";"Produção de Filito (t)";"";"";"";"";"";"-";"";"";"";"";"";"";"";"";"";"";"";"";"";"";""
"Turvelândia";"Produção de Fosfato (t)";"";"";"";"";"";"-";"";"";"";"";"";"";"";"";"";"";"";"";"";"";""
"Turvelândia";"Produção de Manganês (t)";"";"";"";"";"";"-";"";"";"";"";"";"";"";"";"";"";"";"";"";"";""
"Turvelândia";"Produção de Nióbio (t)";"";"";"";"";"";"-";"";"";"";"";"";"";"";"";"";"";"";"";"";"";""
"Turvelândia";"Produção de Níquel (t)";"";"";"";"";"";"-";"";"";"";"";"";"";"";"";"";"";"";"";"";"";""
"Uirapuru";"Produção de Calcário para Rações (t)";"";"";"";"";"";"-";"";"";"";"";"";"";"";"";"";"";"";"";"";"";""
"Uirapuru";"Produção de Cascalho ()";"";"";"";"";"";"-";"";"";"";"";"";"";"";"";"";"";"";"";"";"";""
"Uirapuru";"Produção de Caulim (t)";"";"";"";"";"";"-";"";"";"";"";"";"";"";"";"";"";"";"";"";"";""
"Uirapuru";"Produção de Caulim para Cerâmica Branca (t)";"";"";"";"";"";"-";"";"";"";"";"";"";"";"";"";"";"";"";"";"";""
"Uirapuru";"Produção de Cobalto (t)";"";"";"";"";"";"-";"";"";"";"";"";"";"";"";"";"";"";"";"";"";""
"Uirapuru";"Produção de Cobre (t)";"";"";"";"";"";"-";"";"";"";"";"";"";"";"";"";"";"";"";"";"";""
"Uirapuru";"Produção de Diamante (ct)";"";"";"";"";"";"-";"";"";"";"";"";"";"";"";"";"";"";"";"";"";""
"Uirapuru";"Produção de Esmeralda (kg)";"";"-";"-";"-";"-";"-";"";"";"";"";"";"";"";"";"";"";"";"";"";"";""
"Uirapuru";"Produção de Ferro para Cimento (t)";"";"";"";"";"";"-";"";"";"";"";"";"";"";"";"";"";"";"";"";"";""
"Uirapuru";"Produção de Filito (t)";"";"";"";"";"";"-";"";"";"";"";"";"";"";"";"";"";"";"";"";"";""
"Uirapuru";"Produção de Fosfato (t)";"";"";"";"";"";"-";"";"";"";"";"";"";"";"";"";"";"";"";"";"";""
"Uirapuru";"Produção de Manganês (t)";"";"";"";"";"";"-";"";"";"";"";"";"";"";"";"";"";"";"";"";"";""
"Uirapuru";"Produção de Nióbio (t)";"";"";"";"";"";"-";"";"";"";"";"";"";"";"";"";"";"";"";"";"";""
"Uirapuru";"Produção de Níquel (t)";"";"";"";"";"";"-";"";"";"";"";"";"";"";"";"";"";"";"";"";"";""
"Uruaçu";"Produção de Calcário para Rações (t)";"";"";"";"";"";"-";"";"";"";"";"";"";"";"";"";"";"";"";"";"";""
"Uruaçu";"Produção de Cascalho ()";"";"";"";"";"";"1.277";"";"";"";"";"1.222";"";"";"";"";"";"";"";"";"";""
"Uruaçu";"Produção de Caulim (t)";"";"";"";"";"";"-";"";"";"";"";"";"";"";"";"";"";"";"";"";"";""
"Uruaçu";"Produção de Caulim para Cerâmica Branca (t)";"";"";"";"";"";"-";"";"";"";"";"";"";"";"";"";"";"";"";"";"";""
"Uruaçu";"Produção de Cobalto (t)";"";"";"";"";"";"-";"";"";"";"";"";"";"";"";"";"";"";"";"";"";""
"Uruaçu";"Produção de Cobre (t)";"";"";"";"";"";"-";"";"";"";"";"";"";"";"";"";"";"";"";"";"";""
"Uruaçu";"Produção de Diamante (ct)";"";"";"";"";"";"-";"";"";"";"";"";"";"";"";"";"";"";"";"";"";""
"Uruaçu";"Produção de Esmeralda (kg)";"";"-";"-";"-";"-";"-";"";"";"";"";"";"";"";"";"";"";"";"";"";"";""
"Uruaçu";"Produção de Ferro para Cimento (t)";"";"";"";"";"";"-";"";"";"";"";"";"";"";"";"";"";"";"";"";"";""
"Uruaçu";"Produção de Filito (t)";"";"";"";"";"";"-";"";"";"";"";"";"";"";"";"";"";"";"";"";"";""
"Uruaçu";"Produção de Fosfato (t)";"";"";"";"";"";"-";"";"";"";"";"";"";"";"";"";"";"";"";"";"";""
"Uruaçu";"Produção de Manganês (t)";"";"";"";"";"";"-";"";"";"";"";"";"";"";"";"";"";"";"";"";"";""
"Uruaçu";"Produção de Nióbio (t)";"";"";"";"";"";"-";"";"";"";"";"";"";"";"";"";"";"";"";"";"";""
"Uruaçu";"Produção de Níquel (t)";"";"";"";"";"";"-";"";"";"";"";"";"";"";"";"";"";"";"";"";"";""
"Uruana";"Produção de Calcário para Rações (t)";"";"";"";"";"";"-";"";"";"";"";"";"";"";"";"";"";"";"";"";"";""
"Uruana";"Produção de Cascalho ()";"";"";"";"";"";"-";"";"";"";"";"";"";"";"";"";"";"";"";"";"";""
"Uruana";"Produção de Caulim (t)";"";"";"";"";"";"-";"";"";"";"";"";"";"";"";"";"";"";"";"";"";""
"Uruana";"Produção de Caulim para Cerâmica Branca (t)";"";"";"";"";"";"-";"";"";"";"";"";"";"";"";"";"";"";"";"";"";""
"Uruana";"Produção de Cobalto (t)";"";"";"";"";"";"-";"";"";"";"";"";"";"";"";"";"";"";"";"";"";""
"Uruana";"Produção de Cobre (t)";"";"";"";"";"";"-";"";"";"";"";"";"";"";"";"";"";"";"";"";"";""
"Uruana";"Produção de Diamante (ct)";"";"";"";"";"";"-";"";"";"";"";"";"";"";"";"";"";"";"";"";"";""
"Uruana";"Produção de Esmeralda (kg)";"";"-";"-";"-";"-";"-";"";"";"";"";"";"";"";"";"";"";"";"";"";"";""
"Uruana";"Produção de Ferro para Cimento (t)";"";"";"";"";"";"-";"";"";"";"";"";"";"";"";"";"";"";"";"";"";""
"Uruana";"Produção de Filito (t)";"";"";"";"";"";"-";"";"";"";"";"";"";"";"";"";"";"";"";"";"";""
"Uruana";"Produção de Fosfato (t)";"";"";"";"";"";"-";"";"";"";"";"";"";"";"";"";"";"";"";"";"";""
"Uruana";"Produção de Manganês (t)";"";"";"";"";"";"-";"";"";"";"";"";"";"";"";"";"";"";"";"";"";""
"Uruana";"Produção de Nióbio (t)";"";"";"";"";"";"-";"";"";"";"";"";"";"";"";"";"";"";"";"";"";""
"Uruana";"Produção de Níquel (t)";"";"";"";"";"";"-";"";"";"";"";"";"";"";"";"";"";"";"";"";"";""
"Urutaí";"Produção de Calcário para Rações (t)";"";"";"";"";"";"-";"";"";"";"";"";"";"";"";"";"";"";"";"";"";""
"Urutaí";"Produção de Cascalho ()";"";"";"";"";"";"-";"";"";"";"";"";"";"";"";"";"";"";"";"";"";""
"Urutaí";"Produção de Caulim (t)";"";"";"";"";"";"-";"";"";"";"";"";"";"";"";"";"";"";"";"";"";""
"Urutaí";"Produção de Caulim para Cerâmica Branca (t)";"";"";"";"";"";"-";"";"";"";"";"";"";"";"";"";"";"";"";"";"";""
"Urutaí";"Produção de Cobalto (t)";"";"";"";"";"";"-";"";"";"";"";"";"";"";"";"";"";"";"";"";"";""
"Urutaí";"Produção de Cobre (t)";"";"";"";"";"";"-";"";"";"";"";"";"";"";"";"";"";"";"";"";"";""
"Urutaí";"Produção de Diamante (ct)";"";"";"";"";"";"-";"";"";"";"";"";"";"";"";"";"";"";"";"";"";""
"Urutaí";"Produção de Esmeralda (kg)";"";"-";"-";"-";"-";"-";"";"";"";"";"";"";"";"";"";"";"";"";"";"";""
"Urutaí";"Produção de Ferro para Cimento (t)";"";"";"";"";"";"-";"";"";"";"";"";"";"";"";"";"";"";"";"";"";""
"Urutaí";"Produção de Filito (t)";"";"";"";"";"";"-";"";"";"";"";"";"";"";"";"";"";"";"";"";"";""
"Urutaí";"Produção de Fosfato (t)";"";"";"";"";"";"-";"";"";"";"";"";"";"";"";"";"";"";"";"";"";""
"Urutaí";"Produção de Manganês (t)";"";"";"";"";"";"-";"";"";"";"";"";"";"";"";"";"";"";"";"";"";""
"Urutaí";"Produção de Nióbio (t)";"";"";"";"";"";"-";"";"";"";"";"";"";"";"";"";"";"";"";"";"";""
"Urutaí";"Produção de Níquel (t)";"";"";"";"";"";"-";"";"";"";"";"";"";"";"";"";"";"";"";"";"";""
"Valparaíso de Goiás";"Produção de Calcário para Rações (t)";"";"";"";"";"";"-";"";"";"";"";"";"";"";"";"";"";"";"";"";"";""
"Valparaíso de Goiás";"Produção de Cascalho ()";"";"";"";"";"";"-";"";"";"";"";"";"";"";"";"";"";"";"";"";"";""
"Valparaíso de Goiás";"Produção de Caulim (t)";"";"";"";"";"";"-";"";"";"";"";"";"";"";"";"";"";"";"";"";"";""
"Valparaíso de Goiás";"Produção de Caulim para Cerâmica Branca (t)";"";"";"";"";"";"-";"";"";"";"";"";"";"";"";"";"";"";"";"";"";""
"Valparaíso de Goiás";"Produção de Cobalto (t)";"";"";"";"";"";"-";"";"";"";"";"";"";"";"";"";"";"";"";"";"";""
"Valparaíso de Goiás";"Produção de Cobre (t)";"";"";"";"";"";"-";"";"";"";"";"";"";"";"";"";"";"";"";"";"";""
"Valparaíso de Goiás";"Produção de Diamante (ct)";"";"";"";"";"";"-";"";"";"";"";"";"";"";"";"";"";"";"";"";"";""
"Valparaíso de Goiás";"Produção de Esmeralda (kg)";"";"-";"-";"-";"-";"-";"";"";"";"";"";"";"";"";"";"";"";"";"";"";""
"Valparaíso de Goiás";"Produção de Ferro para Cimento (t)";"";"";"";"";"";"-";"";"";"";"";"";"";"";"";"";"";"";"";"";"";""
"Valparaíso de Goiás";"Produção de Filito (t)";"";"";"";"";"";"-";"";"";"";"";"";"";"";"";"";"";"";"";"";"";""
"Valparaíso de Goiás";"Produção de Fosfato (t)";"";"";"";"";"";"-";"";"";"";"";"";"";"";"";"";"";"";"";"";"";""
"Valparaíso de Goiás";"Produção de Manganês (t)";"";"";"";"";"";"-";"";"";"";"";"";"";"";"";"";"";"";"";"";"";""
"Valparaíso de Goiás";"Produção de Nióbio (t)";"";"";"";"";"";"-";"";"";"";"";"";"";"";"";"";"";"";"";"";"";""
"Valparaíso de Goiás";"Produção de Níquel (t)";"";"";"";"";"";"-";"";"";"";"";"";"";"";"";"";"";"";"";"";"";""
"Varjão";"Produção de Calcário para Rações (t)";"";"";"";"";"";"-";"";"";"";"";"";"";"";"";"";"";"";"";"";"";""
"Varjão";"Produção de Cascalho ()";"";"";"";"";"";"-";"";"";"";"";"";"";"";"";"";"";"";"";"";"";""
"Varjão";"Produção de Caulim (t)";"";"";"";"";"";"-";"";"";"";"";"";"";"";"";"";"";"";"";"";"";""
"Varjão";"Produção de Caulim para Cerâmica Branca (t)";"";"";"";"";"";"-";"";"";"";"";"";"";"";"";"";"";"";"";"";"";""
"Varjão";"Produção de Cobalto (t)";"";"";"";"";"";"-";"";"";"";"";"";"";"";"";"";"";"";"";"";"";""
"Varjão";"Produção de Cobre (t)";"";"";"";"";"";"-";"";"";"";"";"";"";"";"";"";"";"";"";"";"";""
"Varjão";"Produção de Diamante (ct)";"";"";"";"";"";"-";"";"";"";"";"";"";"";"";"";"";"";"";"";"";""
"Varjão";"Produção de Esmeralda (kg)";"";"-";"-";"-";"-";"-";"";"";"";"";"";"";"";"";"";"";"";"";"";"";""
"Varjão";"Produção de Ferro para Cimento (t)";"";"";"";"";"";"-";"";"";"";"";"";"";"";"";"";"";"";"";"";"";""
"Varjão";"Produção de Filito (t)";"";"";"";"";"";"-";"";"";"";"";"";"";"";"";"";"";"";"";"";"";""
"Varjão";"Produção de Fosfato (t)";"";"";"";"";"";"-";"";"";"";"";"";"";"";"";"";"";"";"";"";"";""
"Varjão";"Produção de Manganês (t)";"";"";"";"";"";"-";"";"";"";"";"";"";"";"";"";"";"";"";"";"";""
"Varjão";"Produção de Nióbio (t)";"";"";"";"";"";"-";"";"";"";"";"";"";"";"";"";"";"";"";"";"";""
"Varjão";"Produção de Níquel (t)";"";"";"";"";"";"-";"";"";"";"";"";"";"";"";"";"";"";"";"";"";""
"Vianópolis";"Produção de Calcário para Rações (t)";"";"";"";"";"";"-";"";"";"";"";"";"";"";"";"";"";"";"";"";"";""
"Vianópolis";"Produção de Cascalho ()";"";"";"";"";"";"-";"";"";"";"";"";"";"";"";"";"";"";"";"";"";""
"Vianópolis";"Produção de Caulim (t)";"";"";"";"";"";"-";"";"";"";"";"";"";"";"";"";"";"";"";"";"";""
"Vianópolis";"Produção de Caulim para Cerâmica Branca (t)";"";"";"";"";"";"-";"";"";"";"";"";"";"";"";"";"";"";"";"";"";""
"Vianópolis";"Produção de Cobalto (t)";"";"";"";"";"";"-";"";"";"";"";"";"";"";"";"";"";"";"";"";"";""
"Vianópolis";"Produção de Cobre (t)";"";"";"";"";"";"-";"";"";"";"";"";"";"";"";"";"";"";"";"";"";""
"Vianópolis";"Produção de Diamante (ct)";"";"";"";"";"";"-";"";"";"";"";"";"";"";"";"";"";"";"";"";"";""
"Vianópolis";"Produção de Esmeralda (kg)";"";"-";"-";"-";"-";"-";"";"";"";"";"";"";"";"";"";"";"";"";"";"";""
"Vianópolis";"Produção de Ferro para Cimento (t)";"";"";"";"";"";"-";"";"";"";"";"";"";"";"";"";"";"";"";"";"";""
"Vianópolis";"Produção de Filito (t)";"";"";"";"";"";"-";"";"";"";"";"";"";"";"";"";"";"";"";"";"";""
"Vianópolis";"Produção de Fosfato (t)";"";"";"";"";"";"-";"";"";"";"";"";"";"";"";"";"";"";"";"";"";""
"Vianópolis";"Produção de Manganês (t)";"";"";"";"";"";"-";"";"";"";"";"";"";"";"";"";"";"";"";"";"";""
"Vianópolis";"Produção de Nióbio (t)";"";"";"";"";"";"-";"";"";"";"";"";"";"";"";"";"";"";"";"";"";""
"Vianópolis";"Produção de Níquel (t)";"";"";"";"";"";"-";"";"";"";"";"";"";"";"";"";"";"";"";"";"";""
"Vicentinópolis";"Produção de Calcário para Rações (t)";"";"";"";"";"";"-";"";"";"";"";"";"";"";"";"";"";"";"";"";"";""
"Vicentinópolis";"Produção de Cascalho ()";"";"";"";"";"";"-";"";"";"";"";"";"";"";"";"";"";"";"";"";"";""
"Vicentinópolis";"Produção de Caulim (t)";"";"";"";"";"";"-";"";"";"";"";"";"";"";"";"";"";"";"";"";"";""
"Vicentinópolis";"Produção de Caulim para Cerâmica Branca (t)";"";"";"";"";"";"-";"";"";"";"";"";"";"";"";"";"";"";"";"";"";""
"Vicentinópolis";"Produção de Cobalto (t)";"";"";"";"";"";"-";"";"";"";"";"";"";"";"";"";"";"";"";"";"";""
"Vicentinópolis";"Produção de Cobre (t)";"";"";"";"";"";"-";"";"";"";"";"";"";"";"";"";"";"";"";"";"";""
"Vicentinópolis";"Produção de Diamante (ct)";"";"";"";"";"";"-";"";"";"";"";"";"";"";"";"";"";"";"";"";"";""
"Vicentinópolis";"Produção de Esmeralda (kg)";"";"-";"-";"-";"-";"-";"";"";"";"";"";"";"";"";"";"";"";"";"";"";""
"Vicentinópolis";"Produção de Ferro para Cimento (t)";"";"31.292";"18.751";"-";"";"-";"";"";"";"";"";"";"";"";"";"";"";"";"";"";""
"Vicentinópolis";"Produção de Filito (t)";"";"";"";"";"";"-";"";"";"";"";"";"";"";"";"";"";"";"";"";"";""
"Vicentinópolis";"Produção de Fosfato (t)";"";"";"";"";"";"-";"";"";"";"";"";"";"";"";"";"";"";"";"";"";""
"Vicentinópolis";"Produção de Manganês (t)";"";"";"";"";"";"-";"";"";"";"";"";"";"";"";"";"";"";"";"";"";""
"Vicentinópolis";"Produção de Nióbio (t)";"";"";"";"";"";"-";"";"";"";"";"";"";"";"";"";"";"";"";"";"";""
"Vicentinópolis";"Produção de Níquel (t)";"";"";"";"";"";"-";"";"";"";"";"";"";"";"";"";"";"";"";"";"";""
"Vila Boa";"Produção de Calcário para Rações (t)";"";"";"";"";"";"-";"";"";"";"";"";"";"";"";"";"";"";"";"";"";""
"Vila Boa";"Produção de Cascalho ()";"";"";"";"";"";"-";"";"";"";"";"";"";"";"";"";"";"";"";"";"";""
"Vila Boa";"Produção de Caulim (t)";"";"";"";"";"";"-";"";"";"";"";"";"";"";"";"";"";"";"";"";"";""
"Vila Boa";"Produção de Caulim para Cerâmica Branca (t)";"";"";"";"";"";"-";"";"";"";"";"";"";"";"";"";"";"";"";"";"";""
"Vila Boa";"Produção de Cobalto (t)";"";"";"";"";"";"-";"";"";"";"";"";"";"";"";"";"";"";"";"";"";""
"Vila Boa";"Produção de Cobre (t)";"";"";"";"";"";"-";"";"";"";"";"";"";"";"";"";"";"";"";"";"";""
"Vila Boa";"Produção de Diamante (ct)";"";"";"";"";"";"-";"";"";"";"";"";"";"";"";"";"";"";"";"";"";""
"Vila Boa";"Produção de Esmeralda (kg)";"";"-";"-";"-";"-";"-";"";"";"";"";"";"";"";"";"";"";"";"";"";"";""
"Vila Boa";"Produção de Ferro para Cimento (t)";"";"";"";"";"";"-";"";"";"";"";"";"";"";"";"";"";"";"";"";"";""
"Vila Boa";"Produção de Filito (t)";"";"";"";"";"";"-";"";"";"";"";"";"";"";"";"";"";"";"";"";"";""
"Vila Boa";"Produção de Fosfato (t)";"";"";"";"";"";"-";"";"";"";"";"";"";"";"";"";"";"";"";"";"";""
"Vila Boa";"Produção de Manganês (t)";"";"";"";"";"";"-";"";"";"";"";"";"";"";"";"";"";"";"";"";"";""
"Vila Boa";"Produção de Nióbio (t)";"";"";"";"";"";"-";"";"";"";"";"";"";"";"";"";"";"";"";"";"";""
"Vila Boa";"Produção de Níquel (t)";"";"";"";"";"";"-";"";"";"";"";"";"";"";"";"";"";"";"";"";"";""
"Vila Propício";"Produção de Calcário para Rações (t)";"";"";"";"";"";"-";"";"";"";"";"";"";"";"";"";"";"";"";"";"";""
"Vila Propício";"Produção de Cascalho ()";"";"";"";"";"";"-";"";"";"";"";"";"";"";"";"";"";"";"";"";"";""
"Vila Propício";"Produção de Caulim (t)";"";"";"";"";"";"-";"";"";"";"";"";"";"";"";"";"";"";"";"";"";""
"Vila Propício";"Produção de Caulim para Cerâmica Branca (t)";"";"";"";"";"";"-";"";"";"";"";"";"";"";"";"";"";"";"";"";"";""
"Vila Propício";"Produção de Cobalto (t)";"";"";"";"";"";"-";"";"";"";"";"";"";"";"";"";"";"";"";"";"";""
"Vila Propício";"Produção de Cobre (t)";"";"";"";"";"";"-";"";"";"";"";"";"";"";"";"";"";"";"";"";"";""
"Vila Propício";"Produção de Diamante (ct)";"";"";"";"";"";"-";"";"";"";"";"";"";"";"";"";"";"";"";"";"";""
"Vila Propício";"Produção de Esmeralda (kg)";"";"-";"-";"-";"-";"-";"";"";"";"";"";"";"";"";"";"";"";"";"";"";""
"Vila Propício";"Produção de Ferro para Cimento (t)";"";"";"";"";"";"-";"";"";"";"";"";"";"";"";"";"";"";"";"";"";""
"Vila Propício";"Produção de Filito (t)";"";"";"";"";"";"-";"6.000";"4.000";"4.000";"550";"500";"800";"";"";"";"";"";"";"";"";""
"Vila Propício";"Produção de Fosfato (t)";"";"";"";"";"";"-";"";"";"";"";"";"";"";"";"";"";"";"";"";"";""
"Vila Propício";"Produção de Manganês (t)";"";"";"";"";"";"-";"";"";"";"";"";"";"";"";"";"";"";"";"";"";""
"Vila Propício";"Produção de Nióbio (t)";"";"";"";"";"";"-";"";"";"";"";"";"";"";"";"";"";"";"";"";"";""
"Vila Propício";"Produção de Níquel (t)";"";"";"";"";"";"-";"";"";"";"";"";"";"";"";"";"";"";"";"";"";""
