"Localidade";"Variável";"2005";"2006";"2007";"2008";"2009";"2010";"2011";"2012";"2013";"2014";"2015";"2016";"2017";"2018";"2019";"2020";"2021";"2022";"2023";"2024";"2025"
"ESTADO DE GOIÁS";"Produção de Alumínio (t)";"";"";"";"";"";"";"10.365";"46.500";"13.114";"303.420";"371.789";"42.948";"";"";"";"";"";"";"";"";""
"ESTADO DE GOIÁS";"Produção de Amianto (t)";"";"227.304";"254.204";"287.673";"288.452";"302.257";"306.321";"304.569";"290.826";"311.228";"232.052";"177.677";"";"";"";"";"";"";"";"";""
"ESTADO DE GOIÁS";"Produção de Areia (m³)";"";"1.015.480";"1.046.670";"1.780.489";"1.324.850";"1.466.713";"2.099.230";"1.808.397";"2.133.225";"2.226.473";"2.358.328";"1.812.275";"";"";"";"";"";"";"";"";""
"ESTADO DE GOIÁS";"Produção de Argila para Cerâmica  Branca (t)";"";"21.170";"19.938";"26.140";"31.433";"14.683";"13.473";"";"12.356";"8.719";"135";"54";"";"";"";"";"";"";"";"";""
"ESTADO DE GOIÁS";"Produção de Argila para Cerâmica Vermelha (t)";"";"-";"-";"593.931";"703.319";"486.270";"395.437";"486.812";"472.275";"595.781";"400.552";"257.147";"";"";"";"";"";"";"";"";""
"ESTADO DE GOIÁS";"Produção de Argila para Cerâmica (t)";"";"299.327";"385.767";"-";"-";"-";"";"";"";"";"";"";"";"";"";"";"";"";"";"";""
"ESTADO DE GOIÁS";"Produção de Argila para Cimento (t)";"";"51.505";"70.367";"88.600";"111.333";"200.100";"113.898";"137.233";"287.545";"425.974";"294.059";"189.328";"";"";"";"";"";"";"";"";""
"ESTADO DE GOIÁS";"Produção de Argila Refratária (t)";"";"4.355";"-";"-";"-";"367.876";"186.164";"14.882";"450";"675";"297";"54";"";"";"";"";"";"";"";"";""
"Abadia de Goiás";"Produção de Alumínio (t)";"...";"...";"...";"...";"...";"...";"...";"...";"...";"...";"...";"...";"...";"...";"...";"...";"...";"...";"...";"...";"..."
"Abadia de Goiás";"Produção de Amianto (t)";"";"";"";"";"";"-";"";"";"";"";"";"";"";"";"";"";"";"";"";"";""
"Abadia de Goiás";"Produção de Areia (m³)";"";"";"";"";"";"-";"";"";"919";"919";"";"";"";"";"";"";"";"";"";"";""
"Abadia de Goiás";"Produção de Argila para Cerâmica  Branca (t)";"";"";"";"";"";"-";"";"";"";"";"";"";"";"";"";"";"";"";"";"";""
"Abadia de Goiás";"Produção de Argila para Cerâmica Vermelha (t)";"";"";"";"";"";"-";"";"";"";"";"";"";"";"";"";"";"";"";"";"";""
"Abadia de Goiás";"Produção de Argila para Cerâmica (t)";"";"";"";"";"";"-";"";"";"";"";"";"";"";"";"";"";"";"";"";"";""
"Abadia de Goiás";"Produção de Argila para Cimento (t)";"";"";"";"";"";"-";"";"";"";"";"";"";"";"";"";"";"";"";"";"";""
"Abadia de Goiás";"Produção de Argila Refratária (t)";"";"";"";"";"";"-";"";"";"";"";"";"";"";"";"";"";"";"";"";"";""
"Abadiânia";"Produção de Alumínio (t)";"...";"...";"...";"...";"...";"...";"...";"...";"...";"...";"...";"...";"...";"...";"...";"...";"...";"...";"...";"...";"..."
"Abadiânia";"Produção de Amianto (t)";"";"";"";"";"";"-";"";"";"";"";"";"";"";"";"";"";"";"";"";"";""
"Abadiânia";"Produção de Areia (m³)";"";"842";"7.885";" 22.467 ";"31.633";"38.320";"54.260";"162.047";"231.466";"220.339";"378.823";"215.645";"";"";"";"";"";"";"";"";""
"Abadiânia";"Produção de Argila para Cerâmica  Branca (t)";"";"";"";"";"";"-";"";"";"";"";"";"";"";"";"";"";"";"";"";"";""
"Abadiânia";"Produção de Argila para Cerâmica Vermelha (t)";"";"";"";"";"";"-";"1.920";"";"260";"4.420";"";"3.200";"";"";"";"";"";"";"";"";""
"Abadiânia";"Produção de Argila para Cerâmica (t)";"";"";"";"";"";"-";"";"";"";"";"";"";"";"";"";"";"";"";"";"";""
"Abadiânia";"Produção de Argila para Cimento (t)";"";"";"";"";"";"-";"";"";"";"";"";"";"";"";"";"";"";"";"";"";""
"Abadiânia";"Produção de Argila Refratária (t)";"";"";"";"";"";"-";"";"";"";"";"";"";"";"";"";"";"";"";"";"";""
"Acreúna";"Produção de Alumínio (t)";"...";"...";"...";"...";"...";"...";"...";"...";"...";"...";"...";"...";"...";"...";"...";"...";"...";"...";"...";"...";"..."
"Acreúna";"Produção de Amianto (t)";"";"";"";"";"";"-";"";"";"";"";"";"";"";"";"";"";"";"";"";"";""
"Acreúna";"Produção de Areia (m³)";"";"";"";"";"";"-";"";"";"";"";"";"";"";"";"";"";"";"";"";"";""
"Acreúna";"Produção de Argila para Cerâmica  Branca (t)";"";"";"";"";"";"-";"";"";"";"";"";"";"";"";"";"";"";"";"";"";""
"Acreúna";"Produção de Argila para Cerâmica Vermelha (t)";"";"";"";"";"";"-";"";"";"";"";"";"";"";"";"";"";"";"";"";"";""
"Acreúna";"Produção de Argila para Cerâmica (t)";"";"";"";"";"";"-";"";"";"";"";"";"";"";"";"";"";"";"";"";"";""
"Acreúna";"Produção de Argila para Cimento (t)";"";"";"";"";"";"-";"";"";"";"";"";"";"";"";"";"";"";"";"";"";""
"Acreúna";"Produção de Argila Refratária (t)";"";"";"";"";"";"-";"";"";"";"";"";"";"";"";"";"";"";"";"";"";""
"Adelândia";"Produção de Alumínio (t)";"...";"...";"...";"...";"...";"...";"...";"...";"...";"...";"...";"...";"...";"...";"...";"...";"...";"...";"...";"...";"..."
"Adelândia";"Produção de Amianto (t)";"";"";"";"";"";"-";"";"";"";"";"";"";"";"";"";"";"";"";"";"";""
"Adelândia";"Produção de Areia (m³)";"";"";"";"";"";"395";"";"";"";"";"";"700";"";"";"";"";"";"";"";"";""
"Adelândia";"Produção de Argila para Cerâmica  Branca (t)";"";"";"";"";"";"-";"";"";"";"";"";"";"";"";"";"";"";"";"";"";""
"Adelândia";"Produção de Argila para Cerâmica Vermelha (t)";"";"";"";"";"";"-";"";"";"25.000";"109.700";"21.600";"23.010";"";"";"";"";"";"";"";"";""
"Adelândia";"Produção de Argila para Cerâmica (t)";"";"";"";"";"";"-";"";"";"";"";"";"";"";"";"";"";"";"";"";"";""
"Adelândia";"Produção de Argila para Cimento (t)";"";"";"";"";"";"-";"";"";"";"";"";"";"";"";"";"";"";"";"";"";""
"Adelândia";"Produção de Argila Refratária (t)";"";"";"";"";"";"-";"";"";"";"";"";"";"";"";"";"";"";"";"";"";""
"Água Fria de Goiás";"Produção de Alumínio (t)";"...";"...";"...";"...";"...";"...";"...";"...";"...";"...";"...";"...";"...";"...";"...";"...";"...";"...";"...";"...";"..."
"Água Fria de Goiás";"Produção de Amianto (t)";"";"";"";"";"";"-";"";"";"";"";"";"";"";"";"";"";"";"";"";"";""
"Água Fria de Goiás";"Produção de Areia (m³)";"";"";"";"";"";"-";"";"";"";"";"";"";"";"";"";"";"";"";"";"";""
"Água Fria de Goiás";"Produção de Argila para Cerâmica  Branca (t)";"";"";"";"";"";"-";"";"";"";"";"";"";"";"";"";"";"";"";"";"";""
"Água Fria de Goiás";"Produção de Argila para Cerâmica Vermelha (t)";"";"";"";"";"";"-";"";"";"";"";"";"";"";"";"";"";"";"";"";"";""
"Água Fria de Goiás";"Produção de Argila para Cerâmica (t)";"";"";"";"";"";"-";"";"";"";"";"";"";"";"";"";"";"";"";"";"";""
"Água Fria de Goiás";"Produção de Argila para Cimento (t)";"";"";"";"";"";"-";"";"";"";"";"";"";"";"";"";"";"";"";"";"";""
"Água Fria de Goiás";"Produção de Argila Refratária (t)";"";"";"";"";"";"-";"";"";"";"";"";"";"";"";"";"";"";"";"";"";""
"Água Limpa";"Produção de Alumínio (t)";"...";"...";"...";"...";"...";"...";"...";"...";"...";"...";"...";"...";"...";"...";"...";"...";"...";"...";"...";"...";"..."
"Água Limpa";"Produção de Amianto (t)";"";"";"";"";"";"-";"";"";"";"";"";"";"";"";"";"";"";"";"";"";""
"Água Limpa";"Produção de Areia (m³)";"";"145";"1.483";" 4.896 ";"1.400";"-";"";"300";"5.670";"300";"";"3.249";"";"";"";"";"";"";"";"";""
"Água Limpa";"Produção de Argila para Cerâmica  Branca (t)";"";"";"";"";"";"-";"";"";"";"";"";"";"";"";"";"";"";"";"";"";""
"Água Limpa";"Produção de Argila para Cerâmica Vermelha (t)";"";"";"";"";"";"-";"";"";"";"";"";"";"";"";"";"";"";"";"";"";""
"Água Limpa";"Produção de Argila para Cerâmica (t)";"";"";"";"";"";"-";"";"";"";"";"";"";"";"";"";"";"";"";"";"";""
"Água Limpa";"Produção de Argila para Cimento (t)";"";"";"";"";"";"-";"";"";"";"";"";"";"";"";"";"";"";"";"";"";""
"Água Limpa";"Produção de Argila Refratária (t)";"";"";"";"";"";"-";"";"";"";"";"";"";"";"";"";"";"";"";"";"";""
"Águas Lindas de Goiás";"Produção de Alumínio (t)";"...";"...";"...";"...";"...";"...";"...";"...";"...";"...";"...";"...";"...";"...";"...";"...";"...";"...";"...";"...";"..."
"Águas Lindas de Goiás";"Produção de Amianto (t)";"";"";"";"";"";"-";"";"";"";"";"";"";"";"";"";"";"";"";"";"";""
"Águas Lindas de Goiás";"Produção de Areia (m³)";"";"";"";"";"4.660";"4.267";"";"28.080";"300";"17.612";"2.380";"";"";"";"";"";"";"";"";"";""
"Águas Lindas de Goiás";"Produção de Argila para Cerâmica  Branca (t)";"";"";"";"";"";"-";"";"";"243";"243";"135";"54";"";"";"";"";"";"";"";"";""
"Águas Lindas de Goiás";"Produção de Argila para Cerâmica Vermelha (t)";"";"";"";"";"";"-";"";"";"";"";"";"";"";"";"";"";"";"";"";"";""
"Águas Lindas de Goiás";"Produção de Argila para Cerâmica (t)";"";"";"";"";"";"-";"";"";"";"";"";"";"";"";"";"";"";"";"";"";""
"Águas Lindas de Goiás";"Produção de Argila para Cimento (t)";"";"";"";"";"";"-";"";"";"";"";"";"";"";"";"";"";"";"";"";"";""
"Águas Lindas de Goiás";"Produção de Argila Refratária (t)";"";"";"";"";"";"-";"";"8.231";"";"";"";"";"";"";"";"";"";"";"";"";""
"Alexânia";"Produção de Alumínio (t)";"...";"...";"...";"...";"...";"...";"...";"...";"...";"...";"...";"...";"...";"...";"...";"...";"...";"...";"...";"...";"..."
"Alexânia";"Produção de Amianto (t)";"";"";"";"";"";"-";"";"";"";"";"";"";"";"";"";"";"";"";"";"";""
"Alexânia";"Produção de Areia (m³)";"";"";"";"";"";"-";"";"";"4.277";"4.277";"";"";"";"";"";"";"";"";"";"";""
"Alexânia";"Produção de Argila para Cerâmica  Branca (t)";"";"";"";"";"";"-";"";"";"";"";"";"";"";"";"";"";"";"";"";"";""
"Alexânia";"Produção de Argila para Cerâmica Vermelha (t)";"";"";"";"";"878";"-";"4.266";"1.030";"4.500";"4.500";"";"";"";"";"";"";"";"";"";"";""
"Alexânia";"Produção de Argila para Cerâmica (t)";"";"1.200";"1.170";"-";"";"-";"";"";"";"";"";"";"";"";"";"";"";"";"";"";""
"Alexânia";"Produção de Argila para Cimento (t)";"";"";"";"";"";"-";"";"";"";"";"";"";"";"";"";"";"";"";"";"";""
"Alexânia";"Produção de Argila Refratária (t)";"";"";"";"";"";"-";"";"";"";"";"";"";"";"";"";"";"";"";"";"";""
"Aloândia";"Produção de Alumínio (t)";"...";"...";"...";"...";"...";"...";"...";"...";"...";"...";"...";"...";"...";"...";"...";"...";"...";"...";"...";"...";"..."
"Aloândia";"Produção de Amianto (t)";"";"";"";"";"";"-";"";"";"";"";"";"";"";"";"";"";"";"";"";"";""
"Aloândia";"Produção de Areia (m³)";"";"";"";"";"";"6.838";"5.305";"10.051";"25.773";"3.262";"";"";"";"";"";"";"";"";"";"";""
"Aloândia";"Produção de Argila para Cerâmica  Branca (t)";"";"";"";"";"";"-";"";"";"";"";"";"";"";"";"";"";"";"";"";"";""
"Aloândia";"Produção de Argila para Cerâmica Vermelha (t)";"";"";"";"";"";"10.000";"";"1.500";"4.540";"7.401";"";"1.014";"";"";"";"";"";"";"";"";""
"Aloândia";"Produção de Argila para Cerâmica (t)";"";"";"";"";"";"-";"";"";"";"";"";"";"";"";"";"";"";"";"";"";""
"Aloândia";"Produção de Argila para Cimento (t)";"";"";"";"";"";"-";"";"";"";"";"";"";"";"";"";"";"";"";"";"";""
"Aloândia";"Produção de Argila Refratária (t)";"";"";"";"";"";"-";"";"";"";"";"";"";"";"";"";"";"";"";"";"";""
"Alto Horizonte";"Produção de Alumínio (t)";"...";"...";"...";"...";"...";"...";"...";"...";"...";"...";"...";"...";"...";"...";"...";"...";"...";"...";"...";"...";"..."
"Alto Horizonte";"Produção de Amianto (t)";"";"";"";"";"";"-";"";"";"";"";"";"";"";"";"";"";"";"";"";"";""
"Alto Horizonte";"Produção de Areia (m³)";"";"";"";"";"";"-";"";"";"";"";"";"1.340";"";"";"";"";"";"";"";"";""
"Alto Horizonte";"Produção de Argila para Cerâmica  Branca (t)";"";"";"";"";"";"-";"";"";"";"";"";"";"";"";"";"";"";"";"";"";""
"Alto Horizonte";"Produção de Argila para Cerâmica Vermelha (t)";"";"";"";"";"";"-";"";"";"";"";"";"";"";"";"";"";"";"";"";"";""
"Alto Horizonte";"Produção de Argila para Cerâmica (t)";"";"-";"670";"-";"";"-";"";"";"";"";"";"";"";"";"";"";"";"";"";"";""
"Alto Horizonte";"Produção de Argila para Cimento (t)";"";"";"";"";"";"-";"";"";"";"";"";"";"";"";"";"";"";"";"";"";""
"Alto Horizonte";"Produção de Argila Refratária (t)";"";"";"";"";"";"-";"";"";"";"";"";"";"";"";"";"";"";"";"";"";""
"Alto Paraíso de Goiás";"Produção de Alumínio (t)";"...";"...";"...";"...";"...";"...";"...";"...";"...";"...";"...";"...";"...";"...";"...";"...";"...";"...";"...";"...";"..."
"Alto Paraíso de Goiás";"Produção de Amianto (t)";"";"";"";"";"";"-";"";"";"";"";"";"";"";"";"";"";"";"";"";"";""
"Alto Paraíso de Goiás";"Produção de Areia (m³)";"";"";"";"";"";"-";"";"";"";"";"";"";"";"";"";"";"";"";"";"";""
"Alto Paraíso de Goiás";"Produção de Argila para Cerâmica  Branca (t)";"";"";"";"";"";"-";"";"";"";"";"";"";"";"";"";"";"";"";"";"";""
"Alto Paraíso de Goiás";"Produção de Argila para Cerâmica Vermelha (t)";"";"";"";"";"";"-";"";"";"";"";"";"";"";"";"";"";"";"";"";"";""
"Alto Paraíso de Goiás";"Produção de Argila para Cerâmica (t)";"";"";"";"";"";"-";"";"";"";"";"";"";"";"";"";"";"";"";"";"";""
"Alto Paraíso de Goiás";"Produção de Argila para Cimento (t)";"";"";"";"";"";"-";"";"";"";"";"";"";"";"";"";"";"";"";"";"";""
"Alto Paraíso de Goiás";"Produção de Argila Refratária (t)";"";"";"";"";"";"-";"";"";"";"";"";"";"";"";"";"";"";"";"";"";""
"Alvorada do Norte";"Produção de Alumínio (t)";"...";"...";"...";"...";"...";"...";"...";"...";"...";"...";"...";"...";"...";"...";"...";"...";"...";"...";"...";"...";"..."
"Alvorada do Norte";"Produção de Amianto (t)";"";"";"";"";"";"-";"";"";"";"";"";"";"";"";"";"";"";"";"";"";""
"Alvorada do Norte";"Produção de Areia (m³)";"";"";"";"";"";"-";"";"";"";"";"";"";"";"";"";"";"";"";"";"";""
"Alvorada do Norte";"Produção de Argila para Cerâmica  Branca (t)";"";"";"";"";"";"-";"";"";"";"";"";"";"";"";"";"";"";"";"";"";""
"Alvorada do Norte";"Produção de Argila para Cerâmica Vermelha (t)";"";"";"";"";"";"-";"";"";"";"";"";"";"";"";"";"";"";"";"";"";""
"Alvorada do Norte";"Produção de Argila para Cerâmica (t)";"";"";"";"";"";"-";"";"";"";"";"";"";"";"";"";"";"";"";"";"";""
"Alvorada do Norte";"Produção de Argila para Cimento (t)";"";"";"";"";"";"-";"";"";"";"";"";"";"";"";"";"";"";"";"";"";""
"Alvorada do Norte";"Produção de Argila Refratária (t)";"";"";"";"";"";"-";"";"";"";"";"";"";"";"";"";"";"";"";"";"";""
"Amaralina";"Produção de Alumínio (t)";"...";"...";"...";"...";"...";"...";"...";"...";"...";"...";"...";"...";"...";"...";"...";"...";"...";"...";"...";"...";"..."
"Amaralina";"Produção de Amianto (t)";"";"";"";"";"";"-";"";"";"";"";"";"";"";"";"";"";"";"";"";"";""
"Amaralina";"Produção de Areia (m³)";"";"";"";"";"";"-";"";"";"";"";"";"";"";"";"";"";"";"";"";"";""
"Amaralina";"Produção de Argila para Cerâmica  Branca (t)";"";"";"";"";"";"-";"";"";"";"";"";"";"";"";"";"";"";"";"";"";""
"Amaralina";"Produção de Argila para Cerâmica Vermelha (t)";"";"";"";"";"";"-";"";"";"";"";"";"";"";"";"";"";"";"";"";"";""
"Amaralina";"Produção de Argila para Cerâmica (t)";"";"";"";"";"";"-";"";"";"";"";"";"";"";"";"";"";"";"";"";"";""
"Amaralina";"Produção de Argila para Cimento (t)";"";"";"";"";"";"-";"";"";"";"";"";"";"";"";"";"";"";"";"";"";""
"Amaralina";"Produção de Argila Refratária (t)";"";"";"";"";"";"-";"";"";"";"";"";"";"";"";"";"";"";"";"";"";""
"Americano do Brasil";"Produção de Alumínio (t)";"...";"...";"...";"...";"...";"...";"...";"...";"...";"...";"...";"...";"...";"...";"...";"...";"...";"...";"...";"...";"..."
"Americano do Brasil";"Produção de Amianto (t)";"";"";"";"";"";"-";"";"";"";"";"";"";"";"";"";"";"";"";"";"";""
"Americano do Brasil";"Produção de Areia (m³)";"";"";"";"";"";"-";"";"";"";"";"";"";"";"";"";"";"";"";"";"";""
"Americano do Brasil";"Produção de Argila para Cerâmica  Branca (t)";"";"";"";"";"";"-";"";"";"";"";"";"";"";"";"";"";"";"";"";"";""
"Americano do Brasil";"Produção de Argila para Cerâmica Vermelha (t)";"";"";"";"";"";"-";"";"";"";"";"";"";"";"";"";"";"";"";"";"";""
"Americano do Brasil";"Produção de Argila para Cerâmica (t)";"";"";"";"";"";"-";"";"";"";"";"";"";"";"";"";"";"";"";"";"";""
"Americano do Brasil";"Produção de Argila para Cimento (t)";"";"";"";"";"";"-";"";"";"";"";"";"";"";"";"";"";"";"";"";"";""
"Americano do Brasil";"Produção de Argila Refratária (t)";"";"";"";"";"";"-";"";"";"";"";"";"";"";"";"";"";"";"";"";"";""
"Amorinópolis";"Produção de Alumínio (t)";"...";"...";"...";"...";"...";"...";"...";"...";"...";"...";"...";"...";"...";"...";"...";"...";"...";"...";"...";"...";"..."
"Amorinópolis";"Produção de Amianto (t)";"";"";"";"";"";"-";"";"";"";"";"";"";"";"";"";"";"";"";"";"";""
"Amorinópolis";"Produção de Areia (m³)";"";"";"";"";"";"-";"1.789";"4.759";"5.012";"4.371";"4.112";"";"";"";"";"";"";"";"";"";""
"Amorinópolis";"Produção de Argila para Cerâmica  Branca (t)";"";"";"";"";"";"-";"";"";"";"";"";"";"";"";"";"";"";"";"";"";""
"Amorinópolis";"Produção de Argila para Cerâmica Vermelha (t)";"";"";"";"";"";"-";"";"";"";"";"";"";"";"";"";"";"";"";"";"";""
"Amorinópolis";"Produção de Argila para Cerâmica (t)";"";"";"";"";"";"-";"";"";"";"";"";"";"";"";"";"";"";"";"";"";""
"Amorinópolis";"Produção de Argila para Cimento (t)";"";"";"";"";"";"-";"";"";"";"";"";"";"";"";"";"";"";"";"";"";""
"Amorinópolis";"Produção de Argila Refratária (t)";"";"";"";"";"";"-";"";"";"";"";"";"";"";"";"";"";"";"";"";"";""
"Anápolis";"Produção de Alumínio (t)";"...";"...";"...";"...";"...";"...";"...";"...";"...";"...";"...";"...";"...";"...";"...";"...";"...";"...";"...";"...";"..."
"Anápolis";"Produção de Amianto (t)";"";"";"";"";"";"-";"";"";"";"";"";"";"";"";"";"";"";"";"";"";""
"Anápolis";"Produção de Areia (m³)";"";"";"";"";"";"-";"";"";"";"";"";"";"";"";"";"";"";"";"";"";""
"Anápolis";"Produção de Argila para Cerâmica  Branca (t)";"";"";"";"";"";"-";"";"";"";"";"";"";"";"";"";"";"";"";"";"";""
"Anápolis";"Produção de Argila para Cerâmica Vermelha (t)";"";"-";"-";" 1.694 ";"1.400";"34.500";"5.408";"13.226";"6.000";"9.738";"";"";"";"";"";"";"";"";"";"";""
"Anápolis";"Produção de Argila para Cerâmica (t)";"";"3.500";"1.270";"-";"";"-";"";"";"";"";"";"";"";"";"";"";"";"";"";"";""
"Anápolis";"Produção de Argila para Cimento (t)";"";"";"";"";"";"-";"";"";"";"";"";"";"";"";"";"";"";"";"";"";""
"Anápolis";"Produção de Argila Refratária (t)";"";"";"";"";"";"-";"";"";"";"";"";"";"";"";"";"";"";"";"";"";""
"Anhanguera";"Produção de Alumínio (t)";"...";"...";"...";"...";"...";"...";"...";"...";"...";"...";"...";"...";"...";"...";"...";"...";"...";"...";"...";"...";"..."
"Anhanguera";"Produção de Amianto (t)";"";"";"";"";"";"-";"";"";"";"";"";"";"";"";"";"";"";"";"";"";""
"Anhanguera";"Produção de Areia (m³)";"";"5.322";"6.823";" 3.299 ";"2.261";"1.319";"252";"60";"1.995";"13.233";"9.678";"100";"";"";"";"";"";"";"";"";""
"Anhanguera";"Produção de Argila para Cerâmica  Branca (t)";"";"";"";"";"";"-";"";"";"";"";"";"";"";"";"";"";"";"";"";"";""
"Anhanguera";"Produção de Argila para Cerâmica Vermelha (t)";"";"";"";"";"";"-";"";"";"";"";"";"";"";"";"";"";"";"";"";"";""
"Anhanguera";"Produção de Argila para Cerâmica (t)";"";"";"";"";"";"-";"";"";"";"";"";"";"";"";"";"";"";"";"";"";""
"Anhanguera";"Produção de Argila para Cimento (t)";"";"";"";"";"";"-";"";"";"";"";"";"";"";"";"";"";"";"";"";"";""
"Anhanguera";"Produção de Argila Refratária (t)";"";"";"";"";"";"-";"";"";"";"";"";"";"";"";"";"";"";"";"";"";""
"Anicuns";"Produção de Alumínio (t)";"...";"...";"...";"...";"...";"...";"...";"...";"...";"...";"...";"...";"...";"...";"...";"...";"...";"...";"...";"...";"..."
"Anicuns";"Produção de Amianto (t)";"";"";"";"";"";"-";"";"";"";"";"";"";"";"";"";"";"";"";"";"";""
"Anicuns";"Produção de Areia (m³)";"";"";"";"";"";"-";"";"495";"48.618";"48.618";"7.225";"";"";"";"";"";"";"";"";"";""
"Anicuns";"Produção de Argila para Cerâmica  Branca (t)";"";"";"";"";"";"-";"";"";"";"";"";"";"";"";"";"";"";"";"";"";""
"Anicuns";"Produção de Argila para Cerâmica Vermelha (t)";"";"";"";"";"";"-";"";"";"";"";"";"1.280";"";"";"";"";"";"";"";"";""
"Anicuns";"Produção de Argila para Cerâmica (t)";"";"";"";"";"";"-";"";"";"";"";"";"";"";"";"";"";"";"";"";"";""
"Anicuns";"Produção de Argila para Cimento (t)";"";"";"";"";"";"-";"";"";"";"";"";"";"";"";"";"";"";"";"";"";""
"Anicuns";"Produção de Argila Refratária (t)";"";"";"";"";"";"-";"";"";"";"";"";"";"";"";"";"";"";"";"";"";""
"Aparecida de Goiânia";"Produção de Alumínio (t)";"...";"...";"...";"...";"...";"...";"...";"...";"...";"...";"...";"...";"...";"...";"...";"...";"...";"...";"...";"...";"..."
"Aparecida de Goiânia";"Produção de Amianto (t)";"";"";"";"";"";"-";"";"";"";"";"";"";"";"";"";"";"";"";"";"";""
"Aparecida de Goiânia";"Produção de Areia (m³)";"";"";"";"";"";"-";"";"";"";"";"";"";"";"";"";"";"";"";"";"";""
"Aparecida de Goiânia";"Produção de Argila para Cerâmica  Branca (t)";"";"";"";"";"";"-";"";"";"";"";"";"";"";"";"";"";"";"";"";"";""
"Aparecida de Goiânia";"Produção de Argila para Cerâmica Vermelha (t)";"";"";"";"";"";"-";"";"";"";"";"";"";"";"";"";"";"";"";"";"";""
"Aparecida de Goiânia";"Produção de Argila para Cerâmica (t)";"";"";"";"";"";"-";"";"";"";"";"";"";"";"";"";"";"";"";"";"";""
"Aparecida de Goiânia";"Produção de Argila para Cimento (t)";"";"";"";"";"";"-";"";"";"";"";"";"";"";"";"";"";"";"";"";"";""
"Aparecida de Goiânia";"Produção de Argila Refratária (t)";"";"";"";"";"";"-";"";"";"";"";"";"";"";"";"";"";"";"";"";"";""
"Aparecida do Rio Doce";"Produção de Alumínio (t)";"...";"...";"...";"...";"...";"...";"...";"...";"...";"...";"...";"...";"...";"...";"...";"...";"...";"...";"...";"...";"..."
"Aparecida do Rio Doce";"Produção de Amianto (t)";"";"";"";"";"";"-";"";"";"";"";"";"";"";"";"";"";"";"";"";"";""
"Aparecida do Rio Doce";"Produção de Areia (m³)";"";"";"";"";"";"-";"";"";"";"";"";"";"";"";"";"";"";"";"";"";""
"Aparecida do Rio Doce";"Produção de Argila para Cerâmica  Branca (t)";"";"";"";"";"";"-";"";"";"";"";"";"";"";"";"";"";"";"";"";"";""
"Aparecida do Rio Doce";"Produção de Argila para Cerâmica Vermelha (t)";"";"";"";"";"";"-";"";"";"";"";"";"";"";"";"";"";"";"";"";"";""
"Aparecida do Rio Doce";"Produção de Argila para Cerâmica (t)";"";"";"";"";"";"-";"";"";"";"";"";"";"";"";"";"";"";"";"";"";""
"Aparecida do Rio Doce";"Produção de Argila para Cimento (t)";"";"";"";"";"";"-";"";"";"";"";"";"";"";"";"";"";"";"";"";"";""
"Aparecida do Rio Doce";"Produção de Argila Refratária (t)";"";"";"";"";"";"-";"";"";"";"";"";"";"";"";"";"";"";"";"";"";""
"Aporé";"Produção de Alumínio (t)";"...";"...";"...";"...";"...";"...";"...";"...";"...";"...";"...";"...";"...";"...";"...";"...";"...";"...";"...";"...";"..."
"Aporé";"Produção de Amianto (t)";"";"";"";"";"";"-";"";"";"";"";"";"";"";"";"";"";"";"";"";"";""
"Aporé";"Produção de Areia (m³)";"";"";"";"";"";"-";"";"";"";"";"";"";"";"";"";"";"";"";"";"";""
"Aporé";"Produção de Argila para Cerâmica  Branca (t)";"";"";"";"";"";"-";"";"";"";"";"";"";"";"";"";"";"";"";"";"";""
"Aporé";"Produção de Argila para Cerâmica Vermelha (t)";"";"";"";"";"";"-";"";"";"";"";"";"";"";"";"";"";"";"";"";"";""
"Aporé";"Produção de Argila para Cerâmica (t)";"";"";"";"";"";"-";"";"";"";"";"";"";"";"";"";"";"";"";"";"";""
"Aporé";"Produção de Argila para Cimento (t)";"";"";"";"";"";"-";"";"";"";"";"";"";"";"";"";"";"";"";"";"";""
"Aporé";"Produção de Argila Refratária (t)";"";"";"";"";"";"-";"";"";"";"";"";"";"";"";"";"";"";"";"";"";""
"Araçu";"Produção de Alumínio (t)";"...";"...";"...";"...";"...";"...";"...";"...";"...";"...";"...";"...";"...";"...";"...";"...";"...";"...";"...";"...";"..."
"Araçu";"Produção de Amianto (t)";"";"";"";"";"";"-";"";"";"";"";"";"";"";"";"";"";"";"";"";"";""
"Araçu";"Produção de Areia (m³)";"";"";"";"";"";"-";"";"";"";"";"";"";"";"";"";"";"";"";"";"";""
"Araçu";"Produção de Argila para Cerâmica  Branca (t)";"";"";"";"";"";"-";"";"";"";"";"";"";"";"";"";"";"";"";"";"";""
"Araçu";"Produção de Argila para Cerâmica Vermelha (t)";"";"";"";"";"";"15.000";"";"";"";"";"";"";"";"";"";"";"";"";"";"";""
"Araçu";"Produção de Argila para Cerâmica (t)";"";"";"";"";"";"-";"";"";"";"";"";"";"";"";"";"";"";"";"";"";""
"Araçu";"Produção de Argila para Cimento (t)";"";"";"";"";"";"-";"";"";"";"";"";"";"";"";"";"";"";"";"";"";""
"Araçu";"Produção de Argila Refratária (t)";"";"";"";"";"";"-";"";"";"";"";"";"";"";"";"";"";"";"";"";"";""
"Aragarças";"Produção de Alumínio (t)";"...";"...";"...";"...";"...";"...";"...";"...";"...";"...";"...";"...";"...";"...";"...";"...";"...";"...";"...";"...";"..."
"Aragarças";"Produção de Amianto (t)";"";"";"";"";"";"-";"";"";"";"";"";"";"";"";"";"";"";"";"";"";""
"Aragarças";"Produção de Areia (m³)";"";"";"";"";"";"-";"";"";"";"";"";"";"";"";"";"";"";"";"";"";""
"Aragarças";"Produção de Argila para Cerâmica  Branca (t)";"";"";"";"";"";"-";"";"";"";"";"";"";"";"";"";"";"";"";"";"";""
"Aragarças";"Produção de Argila para Cerâmica Vermelha (t)";"";"";"";"";"";"-";"";"";"";"";"";"";"";"";"";"";"";"";"";"";""
"Aragarças";"Produção de Argila para Cerâmica (t)";"";"";"";"";"";"-";"";"";"";"";"";"";"";"";"";"";"";"";"";"";""
"Aragarças";"Produção de Argila para Cimento (t)";"";"";"";"";"";"-";"";"";"";"";"";"";"";"";"";"";"";"";"";"";""
"Aragarças";"Produção de Argila Refratária (t)";"";"";"";"";"";"-";"";"";"";"";"";"";"";"";"";"";"";"";"";"";""
"Aragoiânia";"Produção de Alumínio (t)";"...";"...";"...";"...";"...";"...";"...";"...";"...";"...";"...";"...";"...";"...";"...";"...";"...";"...";"...";"...";"..."
"Aragoiânia";"Produção de Amianto (t)";"";"";"";"";"";"-";"";"";"";"";"";"";"";"";"";"";"";"";"";"";""
"Aragoiânia";"Produção de Areia (m³)";"";"";"";"";"";"-";"1.242";"2.677";"604";"3.897";"2.800";"410";"";"";"";"";"";"";"";"";""
"Aragoiânia";"Produção de Argila para Cerâmica  Branca (t)";"";"";"";"";"";"-";"";"";"";"";"";"";"";"";"";"";"";"";"";"";""
"Aragoiânia";"Produção de Argila para Cerâmica Vermelha (t)";"";"";"";"";"";"-";"";"";"";"";"";"";"";"";"";"";"";"";"";"";""
"Aragoiânia";"Produção de Argila para Cerâmica (t)";"";"";"";"";"";"-";"";"";"";"";"";"";"";"";"";"";"";"";"";"";""
"Aragoiânia";"Produção de Argila para Cimento (t)";"";"";"";"";"";"-";"";"";"";"";"";"";"";"";"";"";"";"";"";"";""
"Aragoiânia";"Produção de Argila Refratária (t)";"";"";"";"";"";"-";"";"";"";"";"";"";"";"";"";"";"";"";"";"";""
"Araguapaz";"Produção de Alumínio (t)";"...";"...";"...";"...";"...";"...";"...";"...";"...";"...";"...";"...";"...";"...";"...";"...";"...";"...";"...";"...";"..."
"Araguapaz";"Produção de Amianto (t)";"";"";"";"";"";"-";"";"";"";"";"";"";"";"";"";"";"";"";"";"";""
"Araguapaz";"Produção de Areia (m³)";"";"2.633";"270";" 5.448 ";"13.670";"-";"965";"";"3.953";"5.987";"13.325";"10.627";"";"";"";"";"";"";"";"";""
"Araguapaz";"Produção de Argila para Cerâmica  Branca (t)";"";"";"";"";"";"-";"";"";"";"";"";"";"";"";"";"";"";"";"";"";""
"Araguapaz";"Produção de Argila para Cerâmica Vermelha (t)";"";"";"";"";"";"-";"";"";"3.888";"3.888";"4.363";"";"";"";"";"";"";"";"";"";""
"Araguapaz";"Produção de Argila para Cerâmica (t)";"";"";"";"";"";"-";"";"";"";"";"";"";"";"";"";"";"";"";"";"";""
"Araguapaz";"Produção de Argila para Cimento (t)";"";"";"";"";"";"-";"";"";"";"";"";"";"";"";"";"";"";"";"";"";""
"Araguapaz";"Produção de Argila Refratária (t)";"";"";"";"";"";"-";"";"";"";"";"";"";"";"";"";"";"";"";"";"";""
"Arenópolis";"Produção de Alumínio (t)";"...";"...";"...";"...";"...";"...";"...";"...";"...";"...";"...";"...";"...";"...";"...";"...";"...";"...";"...";"...";"..."
"Arenópolis";"Produção de Amianto (t)";"";"";"";"";"";"-";"";"";"";"";"";"";"";"";"";"";"";"";"";"";""
"Arenópolis";"Produção de Areia (m³)";"";"";"";"";"";"-";"";"";"934";"934";"";"";"";"";"";"";"";"";"";"";""
"Arenópolis";"Produção de Argila para Cerâmica  Branca (t)";"";"";"";"";"";"-";"";"";"";"";"";"";"";"";"";"";"";"";"";"";""
"Arenópolis";"Produção de Argila para Cerâmica Vermelha (t)";"";"";"";"";"";"-";"";"";"";"";"";"";"";"";"";"";"";"";"";"";""
"Arenópolis";"Produção de Argila para Cerâmica (t)";"";"";"";"";"";"-";"";"";"";"";"";"";"";"";"";"";"";"";"";"";""
"Arenópolis";"Produção de Argila para Cimento (t)";"";"";"";"";"";"-";"";"";"";"";"";"";"";"";"";"";"";"";"";"";""
"Arenópolis";"Produção de Argila Refratária (t)";"";"";"";"";"";"-";"";"";"";"";"";"";"";"";"";"";"";"";"";"";""
"Aruanã";"Produção de Alumínio (t)";"...";"...";"...";"...";"...";"...";"...";"...";"...";"...";"...";"...";"...";"...";"...";"...";"...";"...";"...";"...";"..."
"Aruanã";"Produção de Amianto (t)";"";"";"";"";"";"-";"";"";"";"";"";"";"";"";"";"";"";"";"";"";""
"Aruanã";"Produção de Areia (m³)";"";"-";"-";" 1.077 ";"2.844";"-";"";"";"";"";"";"13.000";"";"";"";"";"";"";"";"";""
"Aruanã";"Produção de Argila para Cerâmica  Branca (t)";"";"";"";"";"";"-";"";"";"";"";"";"";"";"";"";"";"";"";"";"";""
"Aruanã";"Produção de Argila para Cerâmica Vermelha (t)";"";"";"";"";"";"-";"";"9.000";"";"";"";"";"";"";"";"";"";"";"";"";""
"Aruanã";"Produção de Argila para Cerâmica (t)";"";"";"";"";"";"-";"";"";"";"";"";"";"";"";"";"";"";"";"";"";""
"Aruanã";"Produção de Argila para Cimento (t)";"";"";"";"";"";"-";"";"";"";"";"";"";"";"";"";"";"";"";"";"";""
"Aruanã";"Produção de Argila Refratária (t)";"";"";"";"";"";"-";"";"";"";"";"";"";"";"";"";"";"";"";"";"";""
"Aurilândia";"Produção de Alumínio (t)";"...";"...";"...";"...";"...";"...";"...";"...";"...";"...";"...";"...";"...";"...";"...";"...";"...";"...";"...";"...";"..."
"Aurilândia";"Produção de Amianto (t)";"";"";"";"";"";"-";"";"";"";"";"";"";"";"";"";"";"";"";"";"";""
"Aurilândia";"Produção de Areia (m³)";"";"-";"1.050";"-";"2.333";"7.857";"550";"";"5.424";"5.424";"1.629";"1.358";"";"";"";"";"";"";"";"";""
"Aurilândia";"Produção de Argila para Cerâmica  Branca (t)";"";"";"";"";"";"-";"";"";"";"";"";"";"";"";"";"";"";"";"";"";""
"Aurilândia";"Produção de Argila para Cerâmica Vermelha (t)";"";"";"";"";"";"-";"";"";"";"";"";"";"";"";"";"";"";"";"";"";""
"Aurilândia";"Produção de Argila para Cerâmica (t)";"";"";"";"";"";"-";"";"";"";"";"";"";"";"";"";"";"";"";"";"";""
"Aurilândia";"Produção de Argila para Cimento (t)";"";"";"";"";"";"-";"";"";"";"";"";"";"";"";"";"";"";"";"";"";""
"Aurilândia";"Produção de Argila Refratária (t)";"";"";"";"";"";"-";"";"";"";"";"";"";"";"";"";"";"";"";"";"";""
"Avelinópolis";"Produção de Alumínio (t)";"...";"...";"...";"...";"...";"...";"...";"...";"...";"...";"...";"...";"...";"...";"...";"...";"...";"...";"...";"...";"..."
"Avelinópolis";"Produção de Amianto (t)";"";"";"";"";"";"-";"";"";"";"";"";"";"";"";"";"";"";"";"";"";""
"Avelinópolis";"Produção de Areia (m³)";"";"";"";"";"";"-";"";"";"";"";"";"";"";"";"";"";"";"";"";"";""
"Avelinópolis";"Produção de Argila para Cerâmica  Branca (t)";"";"";"";"";"";"-";"";"";"";"";"";"";"";"";"";"";"";"";"";"";""
"Avelinópolis";"Produção de Argila para Cerâmica Vermelha (t)";"";"";"";"";"";"-";"";"";"";"";"";"";"";"";"";"";"";"";"";"";""
"Avelinópolis";"Produção de Argila para Cerâmica (t)";"";"";"";"";"";"-";"";"";"";"";"";"";"";"";"";"";"";"";"";"";""
"Avelinópolis";"Produção de Argila para Cimento (t)";"";"";"";"";"";"-";"";"";"";"";"";"";"";"";"";"";"";"";"";"";""
"Avelinópolis";"Produção de Argila Refratária (t)";"";"";"";"";"";"-";"";"";"";"";"";"";"";"";"";"";"";"";"";"";""
"Baliza";"Produção de Alumínio (t)";"...";"...";"...";"...";"...";"...";"...";"...";"...";"...";"...";"...";"...";"...";"...";"...";"...";"...";"...";"...";"..."
"Baliza";"Produção de Amianto (t)";"";"";"";"";"";"-";"";"";"";"";"";"";"";"";"";"";"";"";"";"";""
"Baliza";"Produção de Areia (m³)";"";"2.191";"1.920";" 1.027 ";" - ";"-";"";"";"";"";"";"";"";"";"";"";"";"";"";"";""
"Baliza";"Produção de Argila para Cerâmica  Branca (t)";"";"";"";"";"";"-";"";"";"";"";"";"";"";"";"";"";"";"";"";"";""
"Baliza";"Produção de Argila para Cerâmica Vermelha (t)";"";"";"";"";"";"-";"";"";"";"";"";"";"";"";"";"";"";"";"";"";""
"Baliza";"Produção de Argila para Cerâmica (t)";"";"";"";"";"";"-";"";"";"";"";"";"";"";"";"";"";"";"";"";"";""
"Baliza";"Produção de Argila para Cimento (t)";"";"";"";"";"";"-";"";"";"";"";"";"";"";"";"";"";"";"";"";"";""
"Baliza";"Produção de Argila Refratária (t)";"";"";"";"";"";"-";"";"";"";"";"";"";"";"";"";"";"";"";"";"";""
"Barro Alto";"Produção de Alumínio (t)";"";"";"";"";"";"";"10.365";"46.500";"13.114";"303.420";"371.789";"42.948";"";"";"";"";"";"";"";"";""
"Barro Alto";"Produção de Amianto (t)";"";"";"";"";"";"-";"";"";"";"";"";"";"";"";"";"";"";"";"";"";""
"Barro Alto";"Produção de Areia (m³)";"";"";"";"";"";"-";"";"1.249";"12.410";"28.545";"";"";"";"";"";"";"";"";"";"";""
"Barro Alto";"Produção de Argila para Cerâmica  Branca (t)";"";"";"";"";"";"-";"";"";"";"";"";"";"";"";"";"";"";"";"";"";""
"Barro Alto";"Produção de Argila para Cerâmica Vermelha (t)";"";"";"";"";"";"-";"";"";"";"";"";"";"";"";"";"";"";"";"";"";""
"Barro Alto";"Produção de Argila para Cerâmica (t)";"";"";"";"";"";"-";"";"";"";"";"";"";"";"";"";"";"";"";"";"";""
"Barro Alto";"Produção de Argila para Cimento (t)";"";"";"";"";"";"-";"";"";"";"";"";"";"";"";"";"";"";"";"";"";""
"Barro Alto";"Produção de Argila Refratária (t)";"";"";"";"";"";"-";"";"";"";"";"";"";"";"";"";"";"";"";"";"";""
"Bela Vista de Goiás";"Produção de Alumínio (t)";"...";"...";"...";"...";"...";"...";"...";"...";"...";"...";"...";"...";"...";"...";"...";"...";"...";"...";"...";"...";"..."
"Bela Vista de Goiás";"Produção de Amianto (t)";"";"";"";"";"";"-";"";"";"";"";"";"";"";"";"";"";"";"";"";"";""
"Bela Vista de Goiás";"Produção de Areia (m³)";"";"1.155";"790";" 440 ";"3.231";"60.900";"";"69.651";"4.900";"197.962";"5.645";"110.837";"";"";"";"";"";"";"";"";""
"Bela Vista de Goiás";"Produção de Argila para Cerâmica  Branca (t)";"";"";"";"";"";"-";"";"";"";"";"";"";"";"";"";"";"";"";"";"";""
"Bela Vista de Goiás";"Produção de Argila para Cerâmica Vermelha (t)";"";"";"";"";"";"-";"";"";"";"";"";"";"";"";"";"";"";"";"";"";""
"Bela Vista de Goiás";"Produção de Argila para Cerâmica (t)";"";"";"";"";"";"-";"";"";"";"";"";"";"";"";"";"";"";"";"";"";""
"Bela Vista de Goiás";"Produção de Argila para Cimento (t)";"";"";"";"";"";"-";"";"";"";"";"";"";"";"";"";"";"";"";"";"";""
"Bela Vista de Goiás";"Produção de Argila Refratária (t)";"";"";"";"";"";"-";"";"";"";"";"";"";"";"";"";"";"";"";"";"";""
"Bom Jardim de Goiás";"Produção de Alumínio (t)";"...";"...";"...";"...";"...";"...";"...";"...";"...";"...";"...";"...";"...";"...";"...";"...";"...";"...";"...";"...";"..."
"Bom Jardim de Goiás";"Produção de Amianto (t)";"";"";"";"";"";"-";"";"";"";"";"";"";"";"";"";"";"";"";"";"";""
"Bom Jardim de Goiás";"Produção de Areia (m³)";"";"";"";"";"";"-";"";"";"";"";"1.040";"2.410";"";"";"";"";"";"";"";"";""
"Bom Jardim de Goiás";"Produção de Argila para Cerâmica  Branca (t)";"";"";"";"";"";"-";"";"";"";"";"";"";"";"";"";"";"";"";"";"";""
"Bom Jardim de Goiás";"Produção de Argila para Cerâmica Vermelha (t)";"";"";"";"";"";"-";"";"";"";"";"";"2.000";"";"";"";"";"";"";"";"";""
"Bom Jardim de Goiás";"Produção de Argila para Cerâmica (t)";"";"";"";"";"";"-";"";"";"";"";"";"";"";"";"";"";"";"";"";"";""
"Bom Jardim de Goiás";"Produção de Argila para Cimento (t)";"";"";"";"";"";"-";"";"";"";"";"";"";"";"";"";"";"";"";"";"";""
"Bom Jardim de Goiás";"Produção de Argila Refratária (t)";"";"";"";"";"";"-";"";"";"";"";"";"";"";"";"";"";"";"";"";"";""
"Bom Jesus de Goiás";"Produção de Alumínio (t)";"...";"...";"...";"...";"...";"...";"...";"...";"...";"...";"...";"...";"...";"...";"...";"...";"...";"...";"...";"...";"..."
"Bom Jesus de Goiás";"Produção de Amianto (t)";"";"";"";"";"";"-";"";"";"";"";"";"";"";"";"";"";"";"";"";"";""
"Bom Jesus de Goiás";"Produção de Areia (m³)";"";"";"";"";"";"-";"";"";"";"";"";"";"";"";"";"";"";"";"";"";""
"Bom Jesus de Goiás";"Produção de Argila para Cerâmica  Branca (t)";"";"";"";"";"";"-";"";"";"";"";"";"";"";"";"";"";"";"";"";"";""
"Bom Jesus de Goiás";"Produção de Argila para Cerâmica Vermelha (t)";"";"";"";"";"";"-";"";"";"";"";"";"";"";"";"";"";"";"";"";"";""
"Bom Jesus de Goiás";"Produção de Argila para Cerâmica (t)";"";"";"";"";"";"-";"";"";"";"";"";"";"";"";"";"";"";"";"";"";""
"Bom Jesus de Goiás";"Produção de Argila para Cimento (t)";"";"";"";"";"";"-";"";"";"";"";"";"";"";"";"";"";"";"";"";"";""
"Bom Jesus de Goiás";"Produção de Argila Refratária (t)";"";"";"";"";"";"-";"";"";"";"";"";"";"";"";"";"";"";"";"";"";""
"Bonfinópolis";"Produção de Alumínio (t)";"...";"...";"...";"...";"...";"...";"...";"...";"...";"...";"...";"...";"...";"...";"...";"...";"...";"...";"...";"...";"..."
"Bonfinópolis";"Produção de Amianto (t)";"";"";"";"";"";"-";"";"";"";"";"";"";"";"";"";"";"";"";"";"";""
"Bonfinópolis";"Produção de Areia (m³)";"";"";"";"";"";"-";"";"";"";"";"";"";"";"";"";"";"";"";"";"";""
"Bonfinópolis";"Produção de Argila para Cerâmica  Branca (t)";"";"";"";"";"";"-";"";"";"";"";"";"";"";"";"";"";"";"";"";"";""
"Bonfinópolis";"Produção de Argila para Cerâmica Vermelha (t)";"";"";"";"";"";"-";"";"3.600";"";"";"";"";"";"";"";"";"";"";"";"";""
"Bonfinópolis";"Produção de Argila para Cerâmica (t)";"";"";"";"";"";"-";"";"";"";"";"";"";"";"";"";"";"";"";"";"";""
"Bonfinópolis";"Produção de Argila para Cimento (t)";"";"";"";"";"";"-";"";"";"";"";"";"";"";"";"";"";"";"";"";"";""
"Bonfinópolis";"Produção de Argila Refratária (t)";"";"";"";"";"";"-";"";"";"";"";"";"";"";"";"";"";"";"";"";"";""
"Bonópolis";"Produção de Alumínio (t)";"...";"...";"...";"...";"...";"...";"...";"...";"...";"...";"...";"...";"...";"...";"...";"...";"...";"...";"...";"...";"..."
"Bonópolis";"Produção de Amianto (t)";"";"";"";"";"";"-";"";"";"";"";"";"";"";"";"";"";"";"";"";"";""
"Bonópolis";"Produção de Areia (m³)";"";"";"";"";"";"-";"";"";"";"";"";"";"";"";"";"";"";"";"";"";""
"Bonópolis";"Produção de Argila para Cerâmica  Branca (t)";"";"";"";"";"";"-";"";"";"";"";"";"";"";"";"";"";"";"";"";"";""
"Bonópolis";"Produção de Argila para Cerâmica Vermelha (t)";"";"";"";"";"";"-";"";"";"";"";"";"";"";"";"";"";"";"";"";"";""
"Bonópolis";"Produção de Argila para Cerâmica (t)";"";"";"";"";"";"-";"";"";"";"";"";"";"";"";"";"";"";"";"";"";""
"Bonópolis";"Produção de Argila para Cimento (t)";"";"";"";"";"";"-";"";"";"";"";"";"";"";"";"";"";"";"";"";"";""
"Bonópolis";"Produção de Argila Refratária (t)";"";"";"";"";"";"-";"";"";"";"";"";"";"";"";"";"";"";"";"";"";""
"Brazabrantes";"Produção de Alumínio (t)";"...";"...";"...";"...";"...";"...";"...";"...";"...";"...";"...";"...";"...";"...";"...";"...";"...";"...";"...";"...";"..."
"Brazabrantes";"Produção de Amianto (t)";"";"";"";"";"";"-";"";"";"";"";"";"";"";"";"";"";"";"";"";"";""
"Brazabrantes";"Produção de Areia (m³)";"";"6.290";"-";"-";"";"-";"";"";"";"";"";"";"";"";"";"";"";"";"";"";""
"Brazabrantes";"Produção de Argila para Cerâmica  Branca (t)";"";"";"";"";"";"-";"";"";"";"";"";"";"";"";"";"";"";"";"";"";""
"Brazabrantes";"Produção de Argila para Cerâmica Vermelha (t)";"";"";"";"";"1.800";"7.210";"6.390";"480";"";"";"";"";"";"";"";"";"";"";"";"";""
"Brazabrantes";"Produção de Argila para Cerâmica (t)";"";"";"";"";"";"-";"";"";"";"";"";"";"";"";"";"";"";"";"";"";""
"Brazabrantes";"Produção de Argila para Cimento (t)";"";"";"";"";"";"-";"";"";"";"";"";"";"";"";"";"";"";"";"";"";""
"Brazabrantes";"Produção de Argila Refratária (t)";"";"";"";"";"";"-";"";"";"";"";"";"";"";"";"";"";"";"";"";"";""
"Britânia";"Produção de Alumínio (t)";"...";"...";"...";"...";"...";"...";"...";"...";"...";"...";"...";"...";"...";"...";"...";"...";"...";"...";"...";"...";"..."
"Britânia";"Produção de Amianto (t)";"";"";"";"";"";"-";"";"";"";"";"";"";"";"";"";"";"";"";"";"";""
"Britânia";"Produção de Areia (m³)";"";"";"";"";"";"285";"";"";"";"";"";"";"";"";"";"";"";"";"";"";""
"Britânia";"Produção de Argila para Cerâmica  Branca (t)";"";"";"";"";"";"-";"";"";"";"";"";"";"";"";"";"";"";"";"";"";""
"Britânia";"Produção de Argila para Cerâmica Vermelha (t)";"";"";"";"";"";"-";"";"";"";"";"";"";"";"";"";"";"";"";"";"";""
"Britânia";"Produção de Argila para Cerâmica (t)";"";"";"";"";"";"-";"";"";"";"";"";"";"";"";"";"";"";"";"";"";""
"Britânia";"Produção de Argila para Cimento (t)";"";"";"";"";"";"-";"";"";"";"";"";"";"";"";"";"";"";"";"";"";""
"Britânia";"Produção de Argila Refratária (t)";"";"";"";"";"";"-";"";"";"";"";"";"";"";"";"";"";"";"";"";"";""
"Buriti Alegre";"Produção de Alumínio (t)";"...";"...";"...";"...";"...";"...";"...";"...";"...";"...";"...";"...";"...";"...";"...";"...";"...";"...";"...";"...";"..."
"Buriti Alegre";"Produção de Amianto (t)";"";"";"";"";"";"-";"";"";"";"";"";"";"";"";"";"";"";"";"";"";""
"Buriti Alegre";"Produção de Areia (m³)";"";"";"";"";"";"-";"";"1.900";"2.250";"1.320";"902";"15.599";"";"";"";"";"";"";"";"";""
"Buriti Alegre";"Produção de Argila para Cerâmica  Branca (t)";"";"";"";"";"";"-";"";"";"";"";"";"";"";"";"";"";"";"";"";"";""
"Buriti Alegre";"Produção de Argila para Cerâmica Vermelha (t)";"";"-";"-";" 4.500 ";"4.500";"9.400";"8.105";"750";"2.250";"900";"2.985";"2.145";"";"";"";"";"";"";"";"";""
"Buriti Alegre";"Produção de Argila para Cerâmica (t)";"";"3.000";"4.800";"-";"";"-";"";"";"";"";"";"";"";"";"";"";"";"";"";"";""
"Buriti Alegre";"Produção de Argila para Cimento (t)";"";"";"";"";"";"-";"";"";"";"";"";"";"";"";"";"";"";"";"";"";""
"Buriti Alegre";"Produção de Argila Refratária (t)";"";"";"";"";"";"-";"";"";"";"";"";"";"";"";"";"";"";"";"";"";""
"Buriti de Goiás";"Produção de Alumínio (t)";"...";"...";"...";"...";"...";"...";"...";"...";"...";"...";"...";"...";"...";"...";"...";"...";"...";"...";"...";"...";"..."
"Buriti de Goiás";"Produção de Amianto (t)";"";"";"";"";"";"-";"";"";"";"";"";"";"";"";"";"";"";"";"";"";""
"Buriti de Goiás";"Produção de Areia (m³)";"";"";"";"";"";"-";"3.266";"9.724";"8.604";"8.604";"14.752";"6.054";"";"";"";"";"";"";"";"";""
"Buriti de Goiás";"Produção de Argila para Cerâmica  Branca (t)";"";"";"";"";"";"-";"";"";"";"";"";"";"";"";"";"";"";"";"";"";""
"Buriti de Goiás";"Produção de Argila para Cerâmica Vermelha (t)";"";"";"";"";"";"-";"";"";"";"";"";"";"";"";"";"";"";"";"";"";""
"Buriti de Goiás";"Produção de Argila para Cerâmica (t)";"";"";"";"";"";"-";"";"";"";"";"";"";"";"";"";"";"";"";"";"";""
"Buriti de Goiás";"Produção de Argila para Cimento (t)";"";"";"";"";"";"-";"";"";"";"";"";"";"";"";"";"";"";"";"";"";""
"Buriti de Goiás";"Produção de Argila Refratária (t)";"";"";"";"";"";"-";"";"";"";"";"";"";"";"";"";"";"";"";"";"";""
"Buritinópolis";"Produção de Alumínio (t)";"...";"...";"...";"...";"...";"...";"...";"...";"...";"...";"...";"...";"...";"...";"...";"...";"...";"...";"...";"...";"..."
"Buritinópolis";"Produção de Amianto (t)";"";"";"";"";"";"-";"";"";"";"";"";"";"";"";"";"";"";"";"";"";""
"Buritinópolis";"Produção de Areia (m³)";"";"";"";"";"";"-";"";"";"";"";"";"";"";"";"";"";"";"";"";"";""
"Buritinópolis";"Produção de Argila para Cerâmica  Branca (t)";"";"";"";"";"";"-";"";"";"";"";"";"";"";"";"";"";"";"";"";"";""
"Buritinópolis";"Produção de Argila para Cerâmica Vermelha (t)";"";"";"";"";"";"-";"";"";"";"";"";"";"";"";"";"";"";"";"";"";""
"Buritinópolis";"Produção de Argila para Cerâmica (t)";"";"";"";"";"";"-";"";"";"";"";"";"";"";"";"";"";"";"";"";"";""
"Buritinópolis";"Produção de Argila para Cimento (t)";"";"";"";"";"";"-";"";"";"";"";"";"";"";"";"";"";"";"";"";"";""
"Buritinópolis";"Produção de Argila Refratária (t)";"";"";"";"";"";"-";"";"";"";"";"";"";"";"";"";"";"";"";"";"";""
"Cabeceiras";"Produção de Alumínio (t)";"...";"...";"...";"...";"...";"...";"...";"...";"...";"...";"...";"...";"...";"...";"...";"...";"...";"...";"...";"...";"..."
"Cabeceiras";"Produção de Amianto (t)";"";"";"";"";"";"-";"";"";"";"";"";"";"";"";"";"";"";"";"";"";""
"Cabeceiras";"Produção de Areia (m³)";"";"";"";"";"";"-";"";"";"";"";"106.977";"";"";"";"";"";"";"";"";"";""
"Cabeceiras";"Produção de Argila para Cerâmica  Branca (t)";"";"";"";"";"";"-";"";"";"";"";"";"";"";"";"";"";"";"";"";"";""
"Cabeceiras";"Produção de Argila para Cerâmica Vermelha (t)";"";"";"";"";"";"-";"";"";"";"";"";"6.688";"";"";"";"";"";"";"";"";""
"Cabeceiras";"Produção de Argila para Cerâmica (t)";"";"";"";"";"";"-";"";"";"";"";"";"";"";"";"";"";"";"";"";"";""
"Cabeceiras";"Produção de Argila para Cimento (t)";"";"";"";"";"";"-";"";"";"";"";"";"";"";"";"";"";"";"";"";"";""
"Cabeceiras";"Produção de Argila Refratária (t)";"";"";"";"";"";"-";"";"";"";"";"";"";"";"";"";"";"";"";"";"";""
"Cachoeira Alta";"Produção de Alumínio (t)";"...";"...";"...";"...";"...";"...";"...";"...";"...";"...";"...";"...";"...";"...";"...";"...";"...";"...";"...";"...";"..."
"Cachoeira Alta";"Produção de Amianto (t)";"";"";"";"";"";"-";"";"";"";"";"";"";"";"";"";"";"";"";"";"";""
"Cachoeira Alta";"Produção de Areia (m³)";"";"-";"-";" 1.422 ";"2.690";"-";"";"";"44.200";"44.200";"18.218";"";"";"";"";"";"";"";"";"";""
"Cachoeira Alta";"Produção de Argila para Cerâmica  Branca (t)";"";"";"";"";"";"-";"";"";"";"";"";"";"";"";"";"";"";"";"";"";""
"Cachoeira Alta";"Produção de Argila para Cerâmica Vermelha (t)";"";"";"";"";"";"-";"";"";"";"";"";"";"";"";"";"";"";"";"";"";""
"Cachoeira Alta";"Produção de Argila para Cerâmica (t)";"";"";"";"";"";"-";"";"";"";"";"";"";"";"";"";"";"";"";"";"";""
"Cachoeira Alta";"Produção de Argila para Cimento (t)";"";"";"";"";"";"-";"";"";"";"";"";"";"";"";"";"";"";"";"";"";""
"Cachoeira Alta";"Produção de Argila Refratária (t)";"";"";"";"";"";"-";"";"";"";"";"";"";"";"";"";"";"";"";"";"";""
"Cachoeira de Goiás";"Produção de Alumínio (t)";"...";"...";"...";"...";"...";"...";"...";"...";"...";"...";"...";"...";"...";"...";"...";"...";"...";"...";"...";"...";"..."
"Cachoeira de Goiás";"Produção de Amianto (t)";"";"";"";"";"";"-";"";"";"";"";"";"";"";"";"";"";"";"";"";"";""
"Cachoeira de Goiás";"Produção de Areia (m³)";"";"1.023";"1.899";" 1.021 ";" - ";"-";"";"";"";"";"";"";"";"";"";"";"";"";"";"";""
"Cachoeira de Goiás";"Produção de Argila para Cerâmica  Branca (t)";"";"";"";"";"";"-";"";"";"";"";"";"";"";"";"";"";"";"";"";"";""
"Cachoeira de Goiás";"Produção de Argila para Cerâmica Vermelha (t)";"";"";"";"";"";"-";"";"";"";"";"";"";"";"";"";"";"";"";"";"";""
"Cachoeira de Goiás";"Produção de Argila para Cerâmica (t)";"";"";"";"";"";"-";"";"";"";"";"";"";"";"";"";"";"";"";"";"";""
"Cachoeira de Goiás";"Produção de Argila para Cimento (t)";"";"";"";"";"";"-";"";"";"";"";"";"";"";"";"";"";"";"";"";"";""
"Cachoeira de Goiás";"Produção de Argila Refratária (t)";"";"";"";"";"";"-";"";"";"";"";"";"";"";"";"";"";"";"";"";"";""
"Cachoeira Dourada";"Produção de Alumínio (t)";"...";"...";"...";"...";"...";"...";"...";"...";"...";"...";"...";"...";"...";"...";"...";"...";"...";"...";"...";"...";"..."
"Cachoeira Dourada";"Produção de Amianto (t)";"";"";"";"";"";"-";"";"";"";"";"";"";"";"";"";"";"";"";"";"";""
"Cachoeira Dourada";"Produção de Areia (m³)";"";"2.145";"1.135";" 1.997 ";" - ";"2.373";"2.508";"2.963";"3.123";"";"2.941";"1.866";"";"";"";"";"";"";"";"";""
"Cachoeira Dourada";"Produção de Argila para Cerâmica  Branca (t)";"";"";"";"";"";"-";"";"";"";"";"";"";"";"";"";"";"";"";"";"";""
"Cachoeira Dourada";"Produção de Argila para Cerâmica Vermelha (t)";"";"-";"-";" 5.800 ";"4.600";"17.897";"22.628";"7.485";"13.374";"14.130";"1.140";"";"";"";"";"";"";"";"";"";""
"Cachoeira Dourada";"Produção de Argila para Cerâmica (t)";"";"4.400";"5.150";"-";"";"-";"";"";"";"";"";"";"";"";"";"";"";"";"";"";""
"Cachoeira Dourada";"Produção de Argila para Cimento (t)";"";"";"";"";"";"-";"";"";"";"";"";"";"";"";"";"";"";"";"";"";""
"Cachoeira Dourada";"Produção de Argila Refratária (t)";"";"";"";"";"";"-";"";"";"";"";"";"";"";"";"";"";"";"";"";"";""
"Caçu";"Produção de Alumínio (t)";"...";"...";"...";"...";"...";"...";"...";"...";"...";"...";"...";"...";"...";"...";"...";"...";"...";"...";"...";"...";"..."
"Caçu";"Produção de Amianto (t)";"";"";"";"";"";"-";"";"";"";"";"";"";"";"";"";"";"";"";"";"";""
"Caçu";"Produção de Areia (m³)";"";"12.987";"14.984";" 26.981 ";"25.742";"37.671";"";"770";"46.579";"30.029";"25.496";"29.035";"";"";"";"";"";"";"";"";""
"Caçu";"Produção de Argila para Cerâmica  Branca (t)";"";"";"";"";"";"-";"";"";"";"";"";"";"";"";"";"";"";"";"";"";""
"Caçu";"Produção de Argila para Cerâmica Vermelha (t)";"";"";"";"";"";"-";"";"";"";"";"";"";"";"";"";"";"";"";"";"";""
"Caçu";"Produção de Argila para Cerâmica (t)";"";"";"";"";"";"-";"";"";"";"";"";"";"";"";"";"";"";"";"";"";""
"Caçu";"Produção de Argila para Cimento (t)";"";"";"";"";"";"-";"";"";"";"";"";"";"";"";"";"";"";"";"";"";""
"Caçu";"Produção de Argila Refratária (t)";"";"";"";"";"";"-";"";"";"";"";"";"";"";"";"";"";"";"";"";"";""
"Caiapônia";"Produção de Alumínio (t)";"...";"...";"...";"...";"...";"...";"...";"...";"...";"...";"...";"...";"...";"...";"...";"...";"...";"...";"...";"...";"..."
"Caiapônia";"Produção de Amianto (t)";"";"";"";"";"";"-";"";"";"";"";"";"";"";"";"";"";"";"";"";"";""
"Caiapônia";"Produção de Areia (m³)";"";"1.350";"4.516";" 1.307 ";"1.718";"761";"1.312";"6.664";"960";"10.532";"3.246";"6.912";"";"";"";"";"";"";"";"";""
"Caiapônia";"Produção de Argila para Cerâmica  Branca (t)";"";"";"";"";"";"-";"";"";"";"";"";"";"";"";"";"";"";"";"";"";""
"Caiapônia";"Produção de Argila para Cerâmica Vermelha (t)";"";"";"";"";"";"-";"";"";"";"";"";"";"";"";"";"";"";"";"";"";""
"Caiapônia";"Produção de Argila para Cerâmica (t)";"";"";"";"";"";"-";"";"";"";"";"";"";"";"";"";"";"";"";"";"";""
"Caiapônia";"Produção de Argila para Cimento (t)";"";"";"";"";"";"-";"";"";"";"";"";"";"";"";"";"";"";"";"";"";""
"Caiapônia";"Produção de Argila Refratária (t)";"";"";"";"";"";"-";"";"";"";"";"";"";"";"";"";"";"";"";"";"";""
"Caldas Novas";"Produção de Alumínio (t)";"...";"...";"...";"...";"...";"...";"...";"...";"...";"...";"...";"...";"...";"...";"...";"...";"...";"...";"...";"...";"..."
"Caldas Novas";"Produção de Amianto (t)";"";"";"";"";"";"-";"";"";"";"";"";"";"";"";"";"";"";"";"";"";""
"Caldas Novas";"Produção de Areia (m³)";"";"-";"3.225";" 18.427 ";"16.111";"20.549";"24.845";"28.026";"21.216";"51.222";"5.774";"21.474";"";"";"";"";"";"";"";"";""
"Caldas Novas";"Produção de Argila para Cerâmica  Branca (t)";"";"";"";"";"";"-";"";"";"";"";"";"";"";"";"";"";"";"";"";"";""
"Caldas Novas";"Produção de Argila para Cerâmica Vermelha (t)";"";"-";"-";" 3.475 ";" - ";"-";"";"3.060";"";"";"";"669";"";"";"";"";"";"";"";"";""
"Caldas Novas";"Produção de Argila para Cerâmica (t)";"";"-";"3.735";"-";"";"-";"";"";"";"";"";"";"";"";"";"";"";"";"";"";""
"Caldas Novas";"Produção de Argila para Cimento (t)";"";"";"";"";"";"-";"";"";"";"";"";"";"";"";"";"";"";"";"";"";""
"Caldas Novas";"Produção de Argila Refratária (t)";"";"";"";"";"";"-";"";"";"";"";"";"";"";"";"";"";"";"";"";"";""
"Caldazinha";"Produção de Alumínio (t)";"...";"...";"...";"...";"...";"...";"...";"...";"...";"...";"...";"...";"...";"...";"...";"...";"...";"...";"...";"...";"..."
"Caldazinha";"Produção de Amianto (t)";"";"";"";"";"";"-";"";"";"";"";"";"";"";"";"";"";"";"";"";"";""
"Caldazinha";"Produção de Areia (m³)";"";"1.100";"1.200";" 10.000 ";"3.933";"3.867";"8.500";"6.660";"5.580";"";"";"";"";"";"";"";"";"";"";"";""
"Caldazinha";"Produção de Argila para Cerâmica  Branca (t)";"";"";"";"";"";"-";"";"";"";"";"";"";"";"";"";"";"";"";"";"";""
"Caldazinha";"Produção de Argila para Cerâmica Vermelha (t)";"";"";"";"";"";"-";"";"";"4.000";"4.000";"7.992";"";"";"";"";"";"";"";"";"";""
"Caldazinha";"Produção de Argila para Cerâmica (t)";"";"1.800";"-";"-";"";"-";"";"";"";"";"";"";"";"";"";"";"";"";"";"";""
"Caldazinha";"Produção de Argila para Cimento (t)";"";"";"";"";"";"-";"";"";"";"";"";"";"";"";"";"";"";"";"";"";""
"Caldazinha";"Produção de Argila Refratária (t)";"";"";"";"";"";"-";"";"";"";"";"";"";"";"";"";"";"";"";"";"";""
"Campestre de Goiás";"Produção de Alumínio (t)";"...";"...";"...";"...";"...";"...";"...";"...";"...";"...";"...";"...";"...";"...";"...";"...";"...";"...";"...";"...";"..."
"Campestre de Goiás";"Produção de Amianto (t)";"";"";"";"";"";"-";"";"";"";"";"";"";"";"";"";"";"";"";"";"";""
"Campestre de Goiás";"Produção de Areia (m³)";"";"3.176";"-";" 3.093 ";"1.326";"1.747";"1.098";"1.946";"3.195";"4.553";"4.030";"3.511";"";"";"";"";"";"";"";"";""
"Campestre de Goiás";"Produção de Argila para Cerâmica  Branca (t)";"";"";"";"";"";"-";"";"";"";"";"";"";"";"";"";"";"";"";"";"";""
"Campestre de Goiás";"Produção de Argila para Cerâmica Vermelha (t)";"";"-";"-";" 1.933 ";"15.450";"-";"17.800";"5.760";"7.910";"2.600";"";"2.400";"";"";"";"";"";"";"";"";""
"Campestre de Goiás";"Produção de Argila para Cerâmica (t)";"";"4.900";"-";"-";"";"-";"";"";"";"";"";"";"";"";"";"";"";"";"";"";""
"Campestre de Goiás";"Produção de Argila para Cimento (t)";"";"";"";"";"";"-";"";"";"";"";"";"";"";"";"";"";"";"";"";"";""
"Campestre de Goiás";"Produção de Argila Refratária (t)";"";"";"";"";"";"-";"";"";"";"";"";"";"";"";"";"";"";"";"";"";""
"Campinaçu";"Produção de Alumínio (t)";"...";"...";"...";"...";"...";"...";"...";"...";"...";"...";"...";"...";"...";"...";"...";"...";"...";"...";"...";"...";"..."
"Campinaçu";"Produção de Amianto (t)";"";"";"";"";"";"-";"";"";"";"";"";"";"";"";"";"";"";"";"";"";""
"Campinaçu";"Produção de Areia (m³)";"";"";"";"";"";"-";"";"";"";"";"";"";"";"";"";"";"";"";"";"";""
"Campinaçu";"Produção de Argila para Cerâmica  Branca (t)";"";"";"";"";"";"-";"";"";"";"";"";"";"";"";"";"";"";"";"";"";""
"Campinaçu";"Produção de Argila para Cerâmica Vermelha (t)";"";"";"";"";"";"-";"";"";"";"";"";"";"";"";"";"";"";"";"";"";""
"Campinaçu";"Produção de Argila para Cerâmica (t)";"";"";"";"";"";"-";"";"";"";"";"";"";"";"";"";"";"";"";"";"";""
"Campinaçu";"Produção de Argila para Cimento (t)";"";"";"";"";"";"-";"";"";"";"";"";"";"";"";"";"";"";"";"";"";""
"Campinaçu";"Produção de Argila Refratária (t)";"";"";"";"";"";"-";"";"";"";"";"";"";"";"";"";"";"";"";"";"";""
"Campinorte";"Produção de Alumínio (t)";"...";"...";"...";"...";"...";"...";"...";"...";"...";"...";"...";"...";"...";"...";"...";"...";"...";"...";"...";"...";"..."
"Campinorte";"Produção de Amianto (t)";"";"";"";"";"";"-";"";"";"";"";"";"";"";"";"";"";"";"";"";"";""
"Campinorte";"Produção de Areia (m³)";"";"";"";"";"";"-";"";"";"";"";"";"";"";"";"";"";"";"";"";"";""
"Campinorte";"Produção de Argila para Cerâmica  Branca (t)";"";"";"";"";"";"-";"";"";"";"";"";"";"";"";"";"";"";"";"";"";""
"Campinorte";"Produção de Argila para Cerâmica Vermelha (t)";"";"";"";"";"";"-";"";"";"";"";"";"";"";"";"";"";"";"";"";"";""
"Campinorte";"Produção de Argila para Cerâmica (t)";"";"";"";"";"";"-";"";"";"";"";"";"";"";"";"";"";"";"";"";"";""
"Campinorte";"Produção de Argila para Cimento (t)";"";"";"";"";"";"-";"";"";"";"";"";"";"";"";"";"";"";"";"";"";""
"Campinorte";"Produção de Argila Refratária (t)";"";"";"";"";"";"-";"";"";"";"";"";"";"";"";"";"";"";"";"";"";""
"Campo Alegre de Goiás";"Produção de Alumínio (t)";"...";"...";"...";"...";"...";"...";"...";"...";"...";"...";"...";"...";"...";"...";"...";"...";"...";"...";"...";"...";"..."
"Campo Alegre de Goiás";"Produção de Amianto (t)";"";"";"";"";"";"-";"";"";"";"";"";"";"";"";"";"";"";"";"";"";""
"Campo Alegre de Goiás";"Produção de Areia (m³)";"";"-";"26.100";" 67 ";" - ";"-";"";"";"4.806";"525";"550";"";"";"";"";"";"";"";"";"";""
"Campo Alegre de Goiás";"Produção de Argila para Cerâmica  Branca (t)";"";"";"";"";"";"-";"";"";"";"";"";"";"";"";"";"";"";"";"";"";""
"Campo Alegre de Goiás";"Produção de Argila para Cerâmica Vermelha (t)";"";"-";"-";" 6.890 ";"7.239";"20.910";"16.010";"10.460";"12.000";"3.600";"";"";"";"";"";"";"";"";"";"";""
"Campo Alegre de Goiás";"Produção de Argila para Cerâmica (t)";"";"2.900";"6.607";"-";"";"-";"";"";"";"";"";"";"";"";"";"";"";"";"";"";""
"Campo Alegre de Goiás";"Produção de Argila para Cimento (t)";"";"";"";"";"";"-";"";"";"";"";"";"";"";"";"";"";"";"";"";"";""
"Campo Alegre de Goiás";"Produção de Argila Refratária (t)";"";"";"";"";"";"-";"";"";"";"";"";"";"";"";"";"";"";"";"";"";""
"Campo Limpo de Goiás";"Produção de Alumínio (t)";"...";"...";"...";"...";"...";"...";"...";"...";"...";"...";"...";"...";"...";"...";"...";"...";"...";"...";"...";"...";"..."
"Campo Limpo de Goiás";"Produção de Amianto (t)";"";"";"";"";"";"-";"";"";"";"";"";"";"";"";"";"";"";"";"";"";""
"Campo Limpo de Goiás";"Produção de Areia (m³)";"";"";"";"";"";"-";"";"";"";"";"";"";"";"";"";"";"";"";"";"";""
"Campo Limpo de Goiás";"Produção de Argila para Cerâmica  Branca (t)";"";"";"";"";"";"-";"";"";"";"";"";"";"";"";"";"";"";"";"";"";""
"Campo Limpo de Goiás";"Produção de Argila para Cerâmica Vermelha (t)";"";"";"";"";"";"-";"";"";"";"";"";"";"";"";"";"";"";"";"";"";""
"Campo Limpo de Goiás";"Produção de Argila para Cerâmica (t)";"";"";"";"";"";"-";"";"";"";"";"";"";"";"";"";"";"";"";"";"";""
"Campo Limpo de Goiás";"Produção de Argila para Cimento (t)";"";"";"";"";"";"-";"";"";"";"";"";"";"";"";"";"";"";"";"";"";""
"Campo Limpo de Goiás";"Produção de Argila Refratária (t)";"";"";"";"";"";"-";"";"";"";"";"";"";"";"";"";"";"";"";"";"";""
"Campos Belos";"Produção de Alumínio (t)";"...";"...";"...";"...";"...";"...";"...";"...";"...";"...";"...";"...";"...";"...";"...";"...";"...";"...";"...";"...";"..."
"Campos Belos";"Produção de Amianto (t)";"";"";"";"";"";"-";"";"";"";"";"";"";"";"";"";"";"";"";"";"";""
"Campos Belos";"Produção de Areia (m³)";"";"-";"-";" 700 ";"660";"767";"360";"280";"130";"150";"2.265";"5.102";"";"";"";"";"";"";"";"";""
"Campos Belos";"Produção de Argila para Cerâmica  Branca (t)";"";"";"";"";"";"-";"";"";"";"";"";"";"";"";"";"";"";"";"";"";""
"Campos Belos";"Produção de Argila para Cerâmica Vermelha (t)";"";"";"";"";"";"-";"";"";"";"";"";"750";"";"";"";"";"";"";"";"";""
"Campos Belos";"Produção de Argila para Cerâmica (t)";"";"";"";"";"";"-";"";"";"";"";"";"";"";"";"";"";"";"";"";"";""
"Campos Belos";"Produção de Argila para Cimento (t)";"";"";"";"";"";"-";"";"";"";"";"";"";"";"";"";"";"";"";"";"";""
"Campos Belos";"Produção de Argila Refratária (t)";"";"";"";"";"";"-";"";"";"";"";"";"";"";"";"";"";"";"";"";"";""
"Campos Verdes";"Produção de Alumínio (t)";"...";"...";"...";"...";"...";"...";"...";"...";"...";"...";"...";"...";"...";"...";"...";"...";"...";"...";"...";"...";"..."
"Campos Verdes";"Produção de Amianto (t)";"";"";"";"";"";"-";"";"";"";"";"";"";"";"";"";"";"";"";"";"";""
"Campos Verdes";"Produção de Areia (m³)";"";"";"";"";"";"-";"";"";"";"";"";"";"";"";"";"";"";"";"";"";""
"Campos Verdes";"Produção de Argila para Cerâmica  Branca (t)";"";"";"";"";"";"-";"";"";"";"";"";"";"";"";"";"";"";"";"";"";""
"Campos Verdes";"Produção de Argila para Cerâmica Vermelha (t)";"";"";"";"";"";"-";"";"";"";"";"";"";"";"";"";"";"";"";"";"";""
"Campos Verdes";"Produção de Argila para Cerâmica (t)";"";"";"";"";"";"-";"";"";"";"";"";"";"";"";"";"";"";"";"";"";""
"Campos Verdes";"Produção de Argila para Cimento (t)";"";"";"";"";"";"-";"";"";"";"";"";"";"";"";"";"";"";"";"";"";""
"Campos Verdes";"Produção de Argila Refratária (t)";"";"";"";"";"";"-";"";"";"";"";"";"";"";"";"";"";"";"";"";"";""
"Carmo do Rio Verde";"Produção de Alumínio (t)";"...";"...";"...";"...";"...";"...";"...";"...";"...";"...";"...";"...";"...";"...";"...";"...";"...";"...";"...";"...";"..."
"Carmo do Rio Verde";"Produção de Amianto (t)";"";"";"";"";"";"-";"";"";"";"";"";"";"";"";"";"";"";"";"";"";""
"Carmo do Rio Verde";"Produção de Areia (m³)";"";"182";"923";" 420 ";"717";"9.356";"13.451";"3.159";"1.273";"8.968";"";"";"";"";"";"";"";"";"";"";""
"Carmo do Rio Verde";"Produção de Argila para Cerâmica  Branca (t)";"";"";"";"";"";"-";"";"";"";"";"";"";"";"";"";"";"";"";"";"";""
"Carmo do Rio Verde";"Produção de Argila para Cerâmica Vermelha (t)";"";"";"";"";"";"-";"";"";"";"";"";"";"";"";"";"";"";"";"";"";""
"Carmo do Rio Verde";"Produção de Argila para Cerâmica (t)";"";"";"";"";"";"-";"";"";"";"";"";"";"";"";"";"";"";"";"";"";""
"Carmo do Rio Verde";"Produção de Argila para Cimento (t)";"";"";"";"";"";"-";"";"";"";"";"";"";"";"";"";"";"";"";"";"";""
"Carmo do Rio Verde";"Produção de Argila Refratária (t)";"";"";"";"";"";"-";"";"";"";"";"";"";"";"";"";"";"";"";"";"";""
"Castelândia";"Produção de Alumínio (t)";"...";"...";"...";"...";"...";"...";"...";"...";"...";"...";"...";"...";"...";"...";"...";"...";"...";"...";"...";"...";"..."
"Castelândia";"Produção de Amianto (t)";"";"";"";"";"";"-";"";"";"";"";"";"";"";"";"";"";"";"";"";"";""
"Castelândia";"Produção de Areia (m³)";"";"";"";"";"";"-";"";"";"";"";"";"";"";"";"";"";"";"";"";"";""
"Castelândia";"Produção de Argila para Cerâmica  Branca (t)";"";"";"";"";"";"-";"";"";"";"";"";"";"";"";"";"";"";"";"";"";""
"Castelândia";"Produção de Argila para Cerâmica Vermelha (t)";"";"";"";"";"";"-";"";"";"";"";"";"";"";"";"";"";"";"";"";"";""
"Castelândia";"Produção de Argila para Cerâmica (t)";"";"";"";"";"";"-";"";"";"";"";"";"";"";"";"";"";"";"";"";"";""
"Castelândia";"Produção de Argila para Cimento (t)";"";"";"";"";"";"-";"";"";"";"";"";"";"";"";"";"";"";"";"";"";""
"Castelândia";"Produção de Argila Refratária (t)";"";"";"";"";"";"-";"";"";"";"";"";"";"";"";"";"";"";"";"";"";""
"Catalão";"Produção de Alumínio (t)";"...";"...";"...";"...";"...";"...";"...";"...";"...";"...";"...";"...";"...";"...";"...";"...";"...";"...";"...";"...";"..."
"Catalão";"Produção de Amianto (t)";"";"";"";"";"";"-";"";"";"";"";"";"";"";"";"";"";"";"";"";"";""
"Catalão";"Produção de Areia (m³)";"";"2.731";"-";" 6.301 ";"10.516";"6.856";"6.344";"15.935";"9.497";"3.585";"13.555";"9.850";"";"";"";"";"";"";"";"";""
"Catalão";"Produção de Argila para Cerâmica  Branca (t)";"";"";"";"";"";"-";"";"";"";"";"";"";"";"";"";"";"";"";"";"";""
"Catalão";"Produção de Argila para Cerâmica Vermelha (t)";"";"-";"-";" 26.800 ";"387.144";"34.490";"38.210";"48.250";"45.213";"11.861";"20.763";"15.552";"";"";"";"";"";"";"";"";""
"Catalão";"Produção de Argila para Cerâmica (t)";"";"21.250";"23.550";"-";"";"-";"";"";"";"";"";"";"";"";"";"";"";"";"";"";""
"Catalão";"Produção de Argila para Cimento (t)";"";"";"";"";"";"-";"";"";"";"";"";"";"";"";"";"";"";"";"";"";""
"Catalão";"Produção de Argila Refratária (t)";"";"4.355";"-";"-";"";"-";"";"";"";"";"";"";"";"";"";"";"";"";"";"";""
"Caturaí";"Produção de Alumínio (t)";"...";"...";"...";"...";"...";"...";"...";"...";"...";"...";"...";"...";"...";"...";"...";"...";"...";"...";"...";"...";"..."
"Caturaí";"Produção de Amianto (t)";"";"";"";"";"";"-";"";"";"";"";"";"";"";"";"";"";"";"";"";"";""
"Caturaí";"Produção de Areia (m³)";"";"";"";"";"";"-";"";"1.000";"499";"499";"120";"";"";"";"";"";"";"";"";"";""
"Caturaí";"Produção de Argila para Cerâmica  Branca (t)";"";"";"";"";"";"-";"";"";"";"";"";"";"";"";"";"";"";"";"";"";""
"Caturaí";"Produção de Argila para Cerâmica Vermelha (t)";"";"";"";"";"";"-";"";"";"";"";"";"560";"";"";"";"";"";"";"";"";""
"Caturaí";"Produção de Argila para Cerâmica (t)";"";"";"";"";"";"-";"";"";"";"";"";"";"";"";"";"";"";"";"";"";""
"Caturaí";"Produção de Argila para Cimento (t)";"";"";"";"";"";"-";"";"";"";"";"";"";"";"";"";"";"";"";"";"";""
"Caturaí";"Produção de Argila Refratária (t)";"";"";"";"";"";"-";"";"";"";"";"";"";"";"";"";"";"";"";"";"";""
"Cavalcante";"Produção de Alumínio (t)";"...";"...";"...";"...";"...";"...";"...";"...";"...";"...";"...";"...";"...";"...";"...";"...";"...";"...";"...";"...";"..."
"Cavalcante";"Produção de Amianto (t)";"";"";"";"";"";"-";"";"";"";"";"";"";"";"";"";"";"";"";"";"";""
"Cavalcante";"Produção de Areia (m³)";"";"735";"3.220";" 1.890 ";"866";"1.227";"";"";"813";"3.744";"";"";"";"";"";"";"";"";"";"";""
"Cavalcante";"Produção de Argila para Cerâmica  Branca (t)";"";"";"";"";"";"-";"";"";"";"";"";"";"";"";"";"";"";"";"";"";""
"Cavalcante";"Produção de Argila para Cerâmica Vermelha (t)";"";"";"";"";"";"-";"";"";"";"";"";"";"";"";"";"";"";"";"";"";""
"Cavalcante";"Produção de Argila para Cerâmica (t)";"";"";"";"";"";"-";"";"";"";"";"";"";"";"";"";"";"";"";"";"";""
"Cavalcante";"Produção de Argila para Cimento (t)";"";"";"";"";"";"-";"";"";"";"";"";"";"";"";"";"";"";"";"";"";""
"Cavalcante";"Produção de Argila Refratária (t)";"";"";"";"";"";"-";"";"";"";"";"";"";"";"";"";"";"";"";"";"";""
"Ceres";"Produção de Alumínio (t)";"...";"...";"...";"...";"...";"...";"...";"...";"...";"...";"...";"...";"...";"...";"...";"...";"...";"...";"...";"...";"..."
"Ceres";"Produção de Amianto (t)";"";"";"";"";"";"-";"";"";"";"";"";"";"";"";"";"";"";"";"";"";""
"Ceres";"Produção de Areia (m³)";"";"1.298";"1.500";" 2.388 ";"11.361";"-";"";"7.273";"6.625";"6.445";"5.285";"";"";"";"";"";"";"";"";"";""
"Ceres";"Produção de Argila para Cerâmica  Branca (t)";"";"";"";"";"";"-";"";"";"";"";"";"";"";"";"";"";"";"";"";"";""
"Ceres";"Produção de Argila para Cerâmica Vermelha (t)";"";"";"";"";"";"-";"";"";"";"";"";"";"";"";"";"";"";"";"";"";""
"Ceres";"Produção de Argila para Cerâmica (t)";"";"";"";"";"";"-";"";"";"";"";"";"";"";"";"";"";"";"";"";"";""
"Ceres";"Produção de Argila para Cimento (t)";"";"";"";"";"";"-";"";"";"";"";"";"";"";"";"";"";"";"";"";"";""
"Ceres";"Produção de Argila Refratária (t)";"";"";"";"";"";"-";"";"";"";"";"";"";"";"";"";"";"";"";"";"";""
"Cezarina";"Produção de Alumínio (t)";"...";"...";"...";"...";"...";"...";"...";"...";"...";"...";"...";"...";"...";"...";"...";"...";"...";"...";"...";"...";"..."
"Cezarina";"Produção de Amianto (t)";"";"";"";"";"";"-";"";"";"";"";"";"";"";"";"";"";"";"";"";"";""
"Cezarina";"Produção de Areia (m³)";"";"3.858";"1.345";" 2.450 ";"1.979";"-";"";"";"1.853";"6.449";"4.137";"3.325";"";"";"";"";"";"";"";"";""
"Cezarina";"Produção de Argila para Cerâmica  Branca (t)";"";"";"";"";"";"-";"";"";"";"";"";"";"";"";"";"";"";"";"";"";""
"Cezarina";"Produção de Argila para Cerâmica Vermelha (t)";"";"";"";"";"";"12.000";"";"";"13.600";"13.600";"6.635";"";"";"";"";"";"";"";"";"";""
"Cezarina";"Produção de Argila para Cerâmica (t)";"";"";"";"";"";"-";"";"";"";"";"";"";"";"";"";"";"";"";"";"";""
"Cezarina";"Produção de Argila para Cimento (t)";"";"51.505";"52.367";" 88.600 ";"104.633";"108.950";"99.651";"135.233";"152.231";"141.885";"116.254";"109.812";"";"";"";"";"";"";"";"";""
"Cezarina";"Produção de Argila Refratária (t)";"";"";"";"";"";"-";"";"";"";"";"";"";"";"";"";"";"";"";"";"";""
"Chapadão do Céu";"Produção de Alumínio (t)";"...";"...";"...";"...";"...";"...";"...";"...";"...";"...";"...";"...";"...";"...";"...";"...";"...";"...";"...";"...";"..."
"Chapadão do Céu";"Produção de Amianto (t)";"";"";"";"";"";"-";"";"";"";"";"";"";"";"";"";"";"";"";"";"";""
"Chapadão do Céu";"Produção de Areia (m³)";"";"";"";"";"";"-";"";"";"";"";"";"";"";"";"";"";"";"";"";"";""
"Chapadão do Céu";"Produção de Argila para Cerâmica  Branca (t)";"";"";"";"";"";"-";"";"";"";"";"";"";"";"";"";"";"";"";"";"";""
"Chapadão do Céu";"Produção de Argila para Cerâmica Vermelha (t)";"";"";"";"";"";"-";"";"";"";"";"";"";"";"";"";"";"";"";"";"";""
"Chapadão do Céu";"Produção de Argila para Cerâmica (t)";"";"";"";"";"";"-";"";"";"";"";"";"";"";"";"";"";"";"";"";"";""
"Chapadão do Céu";"Produção de Argila para Cimento (t)";"";"";"";"";"";"-";"";"";"";"";"";"";"";"";"";"";"";"";"";"";""
"Chapadão do Céu";"Produção de Argila Refratária (t)";"";"";"";"";"";"-";"";"";"";"";"";"";"";"";"";"";"";"";"";"";""
"Cidade Ocidental";"Produção de Alumínio (t)";"...";"...";"...";"...";"...";"...";"...";"...";"...";"...";"...";"...";"...";"...";"...";"...";"...";"...";"...";"...";"..."
"Cidade Ocidental";"Produção de Amianto (t)";"";"";"";"";"";"-";"";"";"";"";"";"";"";"";"";"";"";"";"";"";""
"Cidade Ocidental";"Produção de Areia (m³)";"";"";"";"";"867";"6.150";"";"";"";"";"";"";"";"";"";"";"";"";"";"";""
"Cidade Ocidental";"Produção de Argila para Cerâmica  Branca (t)";"";"";"";"";"";"-";"";"";"";"";"";"";"";"";"";"";"";"";"";"";""
"Cidade Ocidental";"Produção de Argila para Cerâmica Vermelha (t)";"";"";"";"";"";"-";"";"";"";"";"";"";"";"";"";"";"";"";"";"";""
"Cidade Ocidental";"Produção de Argila para Cerâmica (t)";"";"";"";"";"";"-";"";"";"";"";"";"";"";"";"";"";"";"";"";"";""
"Cidade Ocidental";"Produção de Argila para Cimento (t)";"";"";"";"";"";"-";"";"";"";"";"";"";"";"";"";"";"";"";"";"";""
"Cidade Ocidental";"Produção de Argila Refratária (t)";"";"";"";"";"";"-";"";"";"";"";"";"";"";"";"";"";"";"";"";"";""
"Cocalzinho de Goiás";"Produção de Alumínio (t)";"...";"...";"...";"...";"...";"...";"...";"...";"...";"...";"...";"...";"...";"...";"...";"...";"...";"...";"...";"...";"..."
"Cocalzinho de Goiás";"Produção de Amianto (t)";"";"";"";"";"";"-";"";"";"";"";"";"";"";"";"";"";"";"";"";"";""
"Cocalzinho de Goiás";"Produção de Areia (m³)";"";"76.666";"208.714";" 211.289 ";"21.086";"17.858";"47.230";"71.998";"128.824";"68.037";"61.682";"19.163";"";"";"";"";"";"";"";"";""
"Cocalzinho de Goiás";"Produção de Argila para Cerâmica  Branca (t)";"";"";"";"";"";"-";"";"";"";"";"";"";"";"";"";"";"";"";"";"";""
"Cocalzinho de Goiás";"Produção de Argila para Cerâmica Vermelha (t)";"";"";"";"";"";"-";"";"";"";"";"";"162";"";"";"";"";"";"";"";"";""
"Cocalzinho de Goiás";"Produção de Argila para Cerâmica (t)";"";"";"";"";"";"-";"";"";"";"";"";"";"";"";"";"";"";"";"";"";""
"Cocalzinho de Goiás";"Produção de Argila para Cimento (t)";"";"";"";"";"700";"99";"150";"";"";"";"";"";"";"";"";"";"";"";"";"";""
"Cocalzinho de Goiás";"Produção de Argila Refratária (t)";"";"";"";"";"";"367.876";"186.164";"6.651";"450";"675";"297";"54";"";"";"";"";"";"";"";"";""
"Colinas do Sul";"Produção de Alumínio (t)";"...";"...";"...";"...";"...";"...";"...";"...";"...";"...";"...";"...";"...";"...";"...";"...";"...";"...";"...";"...";"..."
"Colinas do Sul";"Produção de Amianto (t)";"";"";"";"";"";"-";"";"";"";"";"";"";"";"";"";"";"";"";"";"";""
"Colinas do Sul";"Produção de Areia (m³)";"";"-";"1.250";" 1.045 ";" - ";"643";"";"";"";"";"";"";"";"";"";"";"";"";"";"";""
"Colinas do Sul";"Produção de Argila para Cerâmica  Branca (t)";"";"";"";"";"";"-";"";"";"";"";"";"";"";"";"";"";"";"";"";"";""
"Colinas do Sul";"Produção de Argila para Cerâmica Vermelha (t)";"";"";"";"";"";"-";"";"";"";"";"";"";"";"";"";"";"";"";"";"";""
"Colinas do Sul";"Produção de Argila para Cerâmica (t)";"";"";"";"";"";"-";"";"";"";"";"";"";"";"";"";"";"";"";"";"";""
"Colinas do Sul";"Produção de Argila para Cimento (t)";"";"";"";"";"";"-";"";"";"";"";"";"";"";"";"";"";"";"";"";"";""
"Colinas do Sul";"Produção de Argila Refratária (t)";"";"";"";"";"";"-";"";"";"";"";"";"";"";"";"";"";"";"";"";"";""
"Córrego do Ouro";"Produção de Alumínio (t)";"...";"...";"...";"...";"...";"...";"...";"...";"...";"...";"...";"...";"...";"...";"...";"...";"...";"...";"...";"...";"..."
"Córrego do Ouro";"Produção de Amianto (t)";"";"";"";"";"";"-";"";"";"";"";"";"";"";"";"";"";"";"";"";"";""
"Córrego do Ouro";"Produção de Areia (m³)";"";"";"";"";"3.770";"-";"";"990";"2.912";"2.912";"4.141";"11.478";"";"";"";"";"";"";"";"";""
"Córrego do Ouro";"Produção de Argila para Cerâmica  Branca (t)";"";"";"";"";"";"-";"";"";"";"";"";"";"";"";"";"";"";"";"";"";""
"Córrego do Ouro";"Produção de Argila para Cerâmica Vermelha (t)";"";"";"";"";"";"-";"";"";"";"";"";"";"";"";"";"";"";"";"";"";""
"Córrego do Ouro";"Produção de Argila para Cerâmica (t)";"";"";"";"";"";"-";"";"";"";"";"";"";"";"";"";"";"";"";"";"";""
"Córrego do Ouro";"Produção de Argila para Cimento (t)";"";"";"";"";"";"-";"";"";"";"";"";"";"";"";"";"";"";"";"";"";""
"Córrego do Ouro";"Produção de Argila Refratária (t)";"";"";"";"";"";"-";"";"";"";"";"";"";"";"";"";"";"";"";"";"";""
"Corumbá de Goiás";"Produção de Alumínio (t)";"...";"...";"...";"...";"...";"...";"...";"...";"...";"...";"...";"...";"...";"...";"...";"...";"...";"...";"...";"...";"..."
"Corumbá de Goiás";"Produção de Amianto (t)";"";"";"";"";"";"-";"";"";"";"";"";"";"";"";"";"";"";"";"";"";""
"Corumbá de Goiás";"Produção de Areia (m³)";"";"1.435";"-";"-";"";"-";"";"";"42.466";"164.439";"30.798";"33.485";"";"";"";"";"";"";"";"";""
"Corumbá de Goiás";"Produção de Argila para Cerâmica  Branca (t)";"";"";"";"";"";"-";"";"";"";"";"";"";"";"";"";"";"";"";"";"";""
"Corumbá de Goiás";"Produção de Argila para Cerâmica Vermelha (t)";"";"";"";"";"";"-";"";"";"";"";"";"";"";"";"";"";"";"";"";"";""
"Corumbá de Goiás";"Produção de Argila para Cerâmica (t)";"";"";"";"";"";"-";"";"";"";"";"";"";"";"";"";"";"";"";"";"";""
"Corumbá de Goiás";"Produção de Argila para Cimento (t)";"";"";"";"";"";"-";"";"";"";"";"";"";"";"";"";"";"";"";"";"";""
"Corumbá de Goiás";"Produção de Argila Refratária (t)";"";"";"";"";"";"-";"";"";"";"";"";"";"";"";"";"";"";"";"";"";""
"Corumbaíba";"Produção de Alumínio (t)";"...";"...";"...";"...";"...";"...";"...";"...";"...";"...";"...";"...";"...";"...";"...";"...";"...";"...";"...";"...";"..."
"Corumbaíba";"Produção de Amianto (t)";"";"";"";"";"";"-";"";"";"";"";"";"";"";"";"";"";"";"";"";"";""
"Corumbaíba";"Produção de Areia (m³)";"";"27.800";"-";" 34.021 ";"41.056";"17.121";"43.915";"31.342";"46.115";"23.897";"63.468";"36.986";"";"";"";"";"";"";"";"";""
"Corumbaíba";"Produção de Argila para Cerâmica  Branca (t)";"";"";"";"";"";"-";"";"";"";"";"";"";"";"";"";"";"";"";"";"";""
"Corumbaíba";"Produção de Argila para Cerâmica Vermelha (t)";"";"";"";"";"1.750";"-";"";"";"18.092";"18.092";"7.280";"3.000";"";"";"";"";"";"";"";"";""
"Corumbaíba";"Produção de Argila para Cerâmica (t)";"";"";"";"";"";"-";"";"";"";"";"";"";"";"";"";"";"";"";"";"";""
"Corumbaíba";"Produção de Argila para Cimento (t)";"";"";"";"";"";"-";"";"";"";"";"";"";"";"";"";"";"";"";"";"";""
"Corumbaíba";"Produção de Argila Refratária (t)";"";"";"";"";"";"-";"";"";"";"";"";"";"";"";"";"";"";"";"";"";""
"Cristalina";"Produção de Alumínio (t)";"...";"...";"...";"...";"...";"...";"...";"...";"...";"...";"...";"...";"...";"...";"...";"...";"...";"...";"...";"...";"..."
"Cristalina";"Produção de Amianto (t)";"";"";"";"";"";"-";"";"";"";"";"";"";"";"";"";"";"";"";"";"";""
"Cristalina";"Produção de Areia (m³)";"";"51.133";"22.664";" 58.762 ";"86.727";"133.914";"552.220";"55.106";"11.438";"18.994";"1.786";"450";"";"";"";"";"";"";"";"";""
"Cristalina";"Produção de Argila para Cerâmica  Branca (t)";"";"";"";"";"";"-";"";"";"";"";"";"";"";"";"";"";"";"";"";"";""
"Cristalina";"Produção de Argila para Cerâmica Vermelha (t)";"";"";"";"";"";"-";"";"";"";"";"";"";"";"";"";"";"";"";"";"";""
"Cristalina";"Produção de Argila para Cerâmica (t)";"";"";"";"";"";"-";"";"";"";"";"";"";"";"";"";"";"";"";"";"";""
"Cristalina";"Produção de Argila para Cimento (t)";"";"";"";"";"";"-";"";"";"";"";"";"";"";"";"";"";"";"";"";"";""
"Cristalina";"Produção de Argila Refratária (t)";"";"";"";"";"";"-";"";"";"";"";"";"";"";"";"";"";"";"";"";"";""
"Cristianópolis";"Produção de Alumínio (t)";"...";"...";"...";"...";"...";"...";"...";"...";"...";"...";"...";"...";"...";"...";"...";"...";"...";"...";"...";"...";"..."
"Cristianópolis";"Produção de Amianto (t)";"";"";"";"";"";"-";"";"";"";"";"";"";"";"";"";"";"";"";"";"";""
"Cristianópolis";"Produção de Areia (m³)";"";"1.875";"2.040";" 2.383 ";"8.200";"460";"5.447";"3.908";"2.490";"414";"3.562";"";"";"";"";"";"";"";"";"";""
"Cristianópolis";"Produção de Argila para Cerâmica  Branca (t)";"";"";"";"";"";"-";"";"";"";"";"";"";"";"";"";"";"";"";"";"";""
"Cristianópolis";"Produção de Argila para Cerâmica Vermelha (t)";"";"";"";"";"";"-";"";"";"";"";"";"";"";"";"";"";"";"";"";"";""
"Cristianópolis";"Produção de Argila para Cerâmica (t)";"";"";"";"";"";"-";"";"";"";"";"";"";"";"";"";"";"";"";"";"";""
"Cristianópolis";"Produção de Argila para Cimento (t)";"";"";"";"";"";"-";"";"";"";"";"";"";"";"";"";"";"";"";"";"";""
"Cristianópolis";"Produção de Argila Refratária (t)";"";"";"";"";"";"-";"";"";"";"";"";"";"";"";"";"";"";"";"";"";""
"Crixás";"Produção de Alumínio (t)";"...";"...";"...";"...";"...";"...";"...";"...";"...";"...";"...";"...";"...";"...";"...";"...";"...";"...";"...";"...";"..."
"Crixás";"Produção de Amianto (t)";"";"";"";"";"";"-";"";"";"";"";"";"";"";"";"";"";"";"";"";"";""
"Crixás";"Produção de Areia (m³)";"";"300";"-";" 4.857 ";"2.367";"851";"3.800";"2.749";"3.609";"1.964";"964";"2.060";"";"";"";"";"";"";"";"";""
"Crixás";"Produção de Argila para Cerâmica  Branca (t)";"";"";"";"";"";"-";"";"";"";"";"";"";"";"";"";"";"";"";"";"";""
"Crixás";"Produção de Argila para Cerâmica Vermelha (t)";"";"";"";"";"";"-";"";"";"";"";"";"";"";"";"";"";"";"";"";"";""
"Crixás";"Produção de Argila para Cerâmica (t)";"";"";"";"";"";"-";"";"";"";"";"";"";"";"";"";"";"";"";"";"";""
"Crixás";"Produção de Argila para Cimento (t)";"";"";"";"";"";"-";"";"";"";"";"";"";"";"";"";"";"";"";"";"";""
"Crixás";"Produção de Argila Refratária (t)";"";"";"";"";"";"-";"";"";"";"";"";"";"";"";"";"";"";"";"";"";""
"Cromínia";"Produção de Alumínio (t)";"...";"...";"...";"...";"...";"...";"...";"...";"...";"...";"...";"...";"...";"...";"...";"...";"...";"...";"...";"...";"..."
"Cromínia";"Produção de Amianto (t)";"";"";"";"";"";"-";"";"";"";"";"";"";"";"";"";"";"";"";"";"";""
"Cromínia";"Produção de Areia (m³)";"";"";"";" 5.040 ";" - ";"-";"2.953";"780";"3.432";"2.522";"1.292";"1.133";"";"";"";"";"";"";"";"";""
"Cromínia";"Produção de Argila para Cerâmica  Branca (t)";"";"";"";"";"";"-";"";"";"";"";"";"";"";"";"";"";"";"";"";"";""
"Cromínia";"Produção de Argila para Cerâmica Vermelha (t)";"";"";"";"";"";"-";"";"";"";"";"";"";"";"";"";"";"";"";"";"";""
"Cromínia";"Produção de Argila para Cerâmica (t)";"";"";"";"";"";"-";"";"";"";"";"";"";"";"";"";"";"";"";"";"";""
"Cromínia";"Produção de Argila para Cimento (t)";"";"";"";"";"";"-";"";"";"";"";"";"";"";"";"";"";"";"";"";"";""
"Cromínia";"Produção de Argila Refratária (t)";"";"";"";"";"";"-";"";"";"";"";"";"";"";"";"";"";"";"";"";"";""
"Cumari";"Produção de Alumínio (t)";"...";"...";"...";"...";"...";"...";"...";"...";"...";"...";"...";"...";"...";"...";"...";"...";"...";"...";"...";"...";"..."
"Cumari";"Produção de Amianto (t)";"";"";"";"";"";"-";"";"";"";"";"";"";"";"";"";"";"";"";"";"";""
"Cumari";"Produção de Areia (m³)";"";"41.869";"35.172";" 35.392 ";"60.537";"52.889";"69.656";"102.309";"115.198";"28.777";"32.014";"15.011";"";"";"";"";"";"";"";"";""
"Cumari";"Produção de Argila para Cerâmica  Branca (t)";"";"";"";"";"";"-";"";"";"";"";"";"";"";"";"";"";"";"";"";"";""
"Cumari";"Produção de Argila para Cerâmica Vermelha (t)";"";"-";"-";" 1.536 ";"1.400";"-";"";"";"3.266";"3.266";"11.220";"14.890";"";"";"";"";"";"";"";"";""
"Cumari";"Produção de Argila para Cerâmica (t)";"";"";"";"";"";"-";"";"";"";"";"";"";"";"";"";"";"";"";"";"";""
"Cumari";"Produção de Argila para Cimento (t)";"";"";"";"";"";"-";"";"";"";"";"";"";"";"";"";"";"";"";"";"";""
"Cumari";"Produção de Argila Refratária (t)";"";"";"";"";"";"-";"";"";"";"";"";"";"";"";"";"";"";"";"";"";""
"Damianópolis";"Produção de Alumínio (t)";"...";"...";"...";"...";"...";"...";"...";"...";"...";"...";"...";"...";"...";"...";"...";"...";"...";"...";"...";"...";"..."
"Damianópolis";"Produção de Amianto (t)";"";"";"";"";"";"-";"";"";"";"";"";"";"";"";"";"";"";"";"";"";""
"Damianópolis";"Produção de Areia (m³)";"";"";"";"";"";"-";"";"";"";"";"";"";"";"";"";"";"";"";"";"";""
"Damianópolis";"Produção de Argila para Cerâmica  Branca (t)";"";"";"";"";"";"-";"";"";"";"";"";"";"";"";"";"";"";"";"";"";""
"Damianópolis";"Produção de Argila para Cerâmica Vermelha (t)";"";"";"";"";"";"-";"";"";"";"";"";"";"";"";"";"";"";"";"";"";""
"Damianópolis";"Produção de Argila para Cerâmica (t)";"";"";"";"";"";"-";"";"";"";"";"";"";"";"";"";"";"";"";"";"";""
"Damianópolis";"Produção de Argila para Cimento (t)";"";"";"";"";"";"-";"";"";"";"";"";"";"";"";"";"";"";"";"";"";""
"Damianópolis";"Produção de Argila Refratária (t)";"";"";"";"";"";"-";"";"";"";"";"";"";"";"";"";"";"";"";"";"";""
"Damolândia";"Produção de Alumínio (t)";"...";"...";"...";"...";"...";"...";"...";"...";"...";"...";"...";"...";"...";"...";"...";"...";"...";"...";"...";"...";"..."
"Damolândia";"Produção de Amianto (t)";"";"";"";"";"";"-";"";"";"";"";"";"";"";"";"";"";"";"";"";"";""
"Damolândia";"Produção de Areia (m³)";"";"";"";"";"";"-";"";"";"";"";"";"";"";"";"";"";"";"";"";"";""
"Damolândia";"Produção de Argila para Cerâmica  Branca (t)";"";"";"";"";"";"-";"";"";"";"";"";"";"";"";"";"";"";"";"";"";""
"Damolândia";"Produção de Argila para Cerâmica Vermelha (t)";"";"";"";"";"";"-";"";"";"";"";"";"";"";"";"";"";"";"";"";"";""
"Damolândia";"Produção de Argila para Cerâmica (t)";"";"";"";"";"";"-";"";"";"";"";"";"";"";"";"";"";"";"";"";"";""
"Damolândia";"Produção de Argila para Cimento (t)";"";"";"";"";"";"-";"";"";"";"";"";"";"";"";"";"";"";"";"";"";""
"Damolândia";"Produção de Argila Refratária (t)";"";"";"";"";"";"-";"";"";"";"";"";"";"";"";"";"";"";"";"";"";""
"Davinópolis";"Produção de Alumínio (t)";"...";"...";"...";"...";"...";"...";"...";"...";"...";"...";"...";"...";"...";"...";"...";"...";"...";"...";"...";"...";"..."
"Davinópolis";"Produção de Amianto (t)";"";"";"";"";"";"-";"";"";"";"";"";"";"";"";"";"";"";"";"";"";""
"Davinópolis";"Produção de Areia (m³)";"";"-";"12.624";" 745 ";"3.635";"2.017";"";"";"";"";"";"";"";"";"";"";"";"";"";"";""
"Davinópolis";"Produção de Argila para Cerâmica  Branca (t)";"";"";"";"";"";"-";"";"";"";"";"";"";"";"";"";"";"";"";"";"";""
"Davinópolis";"Produção de Argila para Cerâmica Vermelha (t)";"";"-";"-";" 10.100 ";"9.450";"7.040";"";"12.920";"12.650";"";"";"";"";"";"";"";"";"";"";"";""
"Davinópolis";"Produção de Argila para Cerâmica (t)";"";"8.200";"5.500";"-";"";"-";"";"";"";"";"";"";"";"";"";"";"";"";"";"";""
"Davinópolis";"Produção de Argila para Cimento (t)";"";"";"";"";"";"-";"";"";"";"";"";"";"";"";"";"";"";"";"";"";""
"Davinópolis";"Produção de Argila Refratária (t)";"";"";"";"";"";"-";"";"";"";"";"";"";"";"";"";"";"";"";"";"";""
"Diorama";"Produção de Alumínio (t)";"...";"...";"...";"...";"...";"...";"...";"...";"...";"...";"...";"...";"...";"...";"...";"...";"...";"...";"...";"...";"..."
"Diorama";"Produção de Amianto (t)";"";"";"";"";"";"-";"";"";"";"";"";"";"";"";"";"";"";"";"";"";""
"Diorama";"Produção de Areia (m³)";"";"";"";"";"";"-";"";"";"";"";"";"";"";"";"";"";"";"";"";"";""
"Diorama";"Produção de Argila para Cerâmica  Branca (t)";"";"";"";"";"";"-";"";"";"";"";"";"";"";"";"";"";"";"";"";"";""
"Diorama";"Produção de Argila para Cerâmica Vermelha (t)";"";"";"";"";"";"-";"";"";"";"";"";"";"";"";"";"";"";"";"";"";""
"Diorama";"Produção de Argila para Cerâmica (t)";"";"";"";"";"";"-";"";"";"";"";"";"";"";"";"";"";"";"";"";"";""
"Diorama";"Produção de Argila para Cimento (t)";"";"";"";"";"";"-";"";"";"";"";"";"";"";"";"";"";"";"";"";"";""
"Diorama";"Produção de Argila Refratária (t)";"";"";"";"";"";"-";"";"";"";"";"";"";"";"";"";"";"";"";"";"";""
"Divinópolis de Goiás";"Produção de Alumínio (t)";"...";"...";"...";"...";"...";"...";"...";"...";"...";"...";"...";"...";"...";"...";"...";"...";"...";"...";"...";"...";"..."
"Divinópolis de Goiás";"Produção de Amianto (t)";"";"";"";"";"";"-";"";"";"";"";"";"";"";"";"";"";"";"";"";"";""
"Divinópolis de Goiás";"Produção de Areia (m³)";"";"";"";"";"";"-";"";"";"";"";"";"";"";"";"";"";"";"";"";"";""
"Divinópolis de Goiás";"Produção de Argila para Cerâmica  Branca (t)";"";"";"";"";"";"-";"";"";"";"";"";"";"";"";"";"";"";"";"";"";""
"Divinópolis de Goiás";"Produção de Argila para Cerâmica Vermelha (t)";"";"";"";"";"";"-";"";"";"";"";"";"";"";"";"";"";"";"";"";"";""
"Divinópolis de Goiás";"Produção de Argila para Cerâmica (t)";"";"";"";"";"";"-";"";"";"";"";"";"";"";"";"";"";"";"";"";"";""
"Divinópolis de Goiás";"Produção de Argila para Cimento (t)";"";"";"";"";"";"-";"";"";"";"";"";"";"";"";"";"";"";"";"";"";""
"Divinópolis de Goiás";"Produção de Argila Refratária (t)";"";"";"";"";"";"-";"";"";"";"";"";"";"";"";"";"";"";"";"";"";""
"Doverlândia";"Produção de Alumínio (t)";"...";"...";"...";"...";"...";"...";"...";"...";"...";"...";"...";"...";"...";"...";"...";"...";"...";"...";"...";"...";"..."
"Doverlândia";"Produção de Amianto (t)";"";"";"";"";"";"-";"";"";"";"";"";"";"";"";"";"";"";"";"";"";""
"Doverlândia";"Produção de Areia (m³)";"";"-";"-";" 759 ";"596";"-";"";"";"";"";"";"1.184";"";"";"";"";"";"";"";"";""
"Doverlândia";"Produção de Argila para Cerâmica  Branca (t)";"";"";"";"";"";"-";"";"";"";"";"";"";"";"";"";"";"";"";"";"";""
"Doverlândia";"Produção de Argila para Cerâmica Vermelha (t)";"";"";"";"";"";"-";"";"";"";"";"";"";"";"";"";"";"";"";"";"";""
"Doverlândia";"Produção de Argila para Cerâmica (t)";"";"";"";"";"";"-";"";"";"";"";"";"";"";"";"";"";"";"";"";"";""
"Doverlândia";"Produção de Argila para Cimento (t)";"";"";"";"";"";"-";"";"";"";"";"";"";"";"";"";"";"";"";"";"";""
"Doverlândia";"Produção de Argila Refratária (t)";"";"";"";"";"";"-";"";"";"";"";"";"";"";"";"";"";"";"";"";"";""
"Edealina";"Produção de Alumínio (t)";"...";"...";"...";"...";"...";"...";"...";"...";"...";"...";"...";"...";"...";"...";"...";"...";"...";"...";"...";"...";"..."
"Edealina";"Produção de Amianto (t)";"";"";"";"";"";"-";"";"";"";"";"";"";"";"";"";"";"";"";"";"";""
"Edealina";"Produção de Areia (m³)";"";"-";"-";" 1.456 ";"1.316";"-";"";"654";"5.855";"1.729";"4.867";"2.530";"";"";"";"";"";"";"";"";""
"Edealina";"Produção de Argila para Cerâmica  Branca (t)";"";"";"";"";"";"-";"";"";"";"";"";"";"";"";"";"";"";"";"";"";""
"Edealina";"Produção de Argila para Cerâmica Vermelha (t)";"";"";"";"";"";"-";"";"";"";"";"";"";"";"";"";"";"";"";"";"";""
"Edealina";"Produção de Argila para Cerâmica (t)";"";"";"";"";"";"-";"";"";"";"";"";"";"";"";"";"";"";"";"";"";""
"Edealina";"Produção de Argila para Cimento (t)";"";"";"";"";"";"-";"";"";"";"";"";"15.000";"";"";"";"";"";"";"";"";""
"Edealina";"Produção de Argila Refratária (t)";"";"";"";"";"";"-";"";"";"";"";"";"";"";"";"";"";"";"";"";"";""
"Edéia";"Produção de Alumínio (t)";"...";"...";"...";"...";"...";"...";"...";"...";"...";"...";"...";"...";"...";"...";"...";"...";"...";"...";"...";"...";"..."
"Edéia";"Produção de Amianto (t)";"";"";"";"";"";"-";"";"";"";"";"";"";"";"";"";"";"";"";"";"";""
"Edéia";"Produção de Areia (m³)";"";"9.400";"3.570";"-";"";"-";"";"";"";"";"";"";"";"";"";"";"";"";"";"";""
"Edéia";"Produção de Argila para Cerâmica  Branca (t)";"";"";"";"";"";"-";"";"";"";"";"";"";"";"";"";"";"";"";"";"";""
"Edéia";"Produção de Argila para Cerâmica Vermelha (t)";"";"";"";"";"";"-";"";"";"";"";"";"";"";"";"";"";"";"";"";"";""
"Edéia";"Produção de Argila para Cerâmica (t)";"";"";"";"";"";"-";"";"";"";"";"";"";"";"";"";"";"";"";"";"";""
"Edéia";"Produção de Argila para Cimento (t)";"";"";"";"";"";"-";"";"";"";"";"";"";"";"";"";"";"";"";"";"";""
"Edéia";"Produção de Argila Refratária (t)";"";"";"";"";"";"-";"";"";"";"";"";"";"";"";"";"";"";"";"";"";""
"Estrela do Norte";"Produção de Alumínio (t)";"...";"...";"...";"...";"...";"...";"...";"...";"...";"...";"...";"...";"...";"...";"...";"...";"...";"...";"...";"...";"..."
"Estrela do Norte";"Produção de Amianto (t)";"";"";"";"";"";"-";"";"";"";"";"";"";"";"";"";"";"";"";"";"";""
"Estrela do Norte";"Produção de Areia (m³)";"";"";"";"";"";"-";"";"";"";"";"";"";"";"";"";"";"";"";"";"";""
"Estrela do Norte";"Produção de Argila para Cerâmica  Branca (t)";"";"";"";"";"";"-";"";"";"";"";"";"";"";"";"";"";"";"";"";"";""
"Estrela do Norte";"Produção de Argila para Cerâmica Vermelha (t)";"";"";"";"";"16.000";"-";"40.000";"";"37.000";"33.360";"12.075";"9.750";"";"";"";"";"";"";"";"";""
"Estrela do Norte";"Produção de Argila para Cerâmica (t)";"";"700";"180";"-";"";"-";"";"";"";"";"";"";"";"";"";"";"";"";"";"";""
"Estrela do Norte";"Produção de Argila para Cimento (t)";"";"";"";"";"";"-";"";"";"";"";"";"";"";"";"";"";"";"";"";"";""
"Estrela do Norte";"Produção de Argila Refratária (t)";"";"";"";"";"";"-";"";"";"";"";"";"";"";"";"";"";"";"";"";"";""
"Faina";"Produção de Alumínio (t)";"...";"...";"...";"...";"...";"...";"...";"...";"...";"...";"...";"...";"...";"...";"...";"...";"...";"...";"...";"...";"..."
"Faina";"Produção de Amianto (t)";"";"";"";"";"";"-";"";"";"";"";"";"";"";"";"";"";"";"";"";"";""
"Faina";"Produção de Areia (m³)";"";"1.744";"12.575";" 6.947 ";"7.267";"-";"4.094";"";"8.190";"8.190";"4.550";"3.640";"";"";"";"";"";"";"";"";""
"Faina";"Produção de Argila para Cerâmica  Branca (t)";"";"";"";"";"";"-";"";"";"";"";"";"";"";"";"";"";"";"";"";"";""
"Faina";"Produção de Argila para Cerâmica Vermelha (t)";"";"";"";"";"";"-";"";"";"";"";"";"";"";"";"";"";"";"";"";"";""
"Faina";"Produção de Argila para Cerâmica (t)";"";"";"";"";"";"-";"";"";"";"";"";"";"";"";"";"";"";"";"";"";""
"Faina";"Produção de Argila para Cimento (t)";"";"";"";"";"";"-";"";"";"";"";"";"";"";"";"";"";"";"";"";"";""
"Faina";"Produção de Argila Refratária (t)";"";"";"";"";"";"-";"";"";"";"";"";"";"";"";"";"";"";"";"";"";""
"Fazenda Nova";"Produção de Alumínio (t)";"...";"...";"...";"...";"...";"...";"...";"...";"...";"...";"...";"...";"...";"...";"...";"...";"...";"...";"...";"...";"..."
"Fazenda Nova";"Produção de Amianto (t)";"";"";"";"";"";"-";"";"";"";"";"";"";"";"";"";"";"";"";"";"";""
"Fazenda Nova";"Produção de Areia (m³)";"";"-";"1.110";"-";"42.566";"-";"";"15.138";"52.324";"9.769";"";"12.396";"";"";"";"";"";"";"";"";""
"Fazenda Nova";"Produção de Argila para Cerâmica  Branca (t)";"";"";"";"";"";"-";"";"";"";"";"";"";"";"";"";"";"";"";"";"";""
"Fazenda Nova";"Produção de Argila para Cerâmica Vermelha (t)";"";"";"";"";"";"-";"";"";"";"";"";"";"";"";"";"";"";"";"";"";""
"Fazenda Nova";"Produção de Argila para Cerâmica (t)";"";"";"";"";"";"-";"";"";"";"";"";"";"";"";"";"";"";"";"";"";""
"Fazenda Nova";"Produção de Argila para Cimento (t)";"";"";"";"";"";"-";"";"";"";"";"";"";"";"";"";"";"";"";"";"";""
"Fazenda Nova";"Produção de Argila Refratária (t)";"";"";"";"";"";"-";"";"";"";"";"";"";"";"";"";"";"";"";"";"";""
"Firminópolis";"Produção de Alumínio (t)";"...";"...";"...";"...";"...";"...";"...";"...";"...";"...";"...";"...";"...";"...";"...";"...";"...";"...";"...";"...";"..."
"Firminópolis";"Produção de Amianto (t)";"";"";"";"";"";"-";"";"";"";"";"";"";"";"";"";"";"";"";"";"";""
"Firminópolis";"Produção de Areia (m³)";"";"";"";"";"";"-";"";"";"";"";"";"";"";"";"";"";"";"";"";"";""
"Firminópolis";"Produção de Argila para Cerâmica  Branca (t)";"";"";"";"";"";"-";"";"";"";"";"";"";"";"";"";"";"";"";"";"";""
"Firminópolis";"Produção de Argila para Cerâmica Vermelha (t)";"";"";"";"";"";"-";"";"";"";"";"";"";"";"";"";"";"";"";"";"";""
"Firminópolis";"Produção de Argila para Cerâmica (t)";"";"";"";"";"";"-";"";"";"";"";"";"";"";"";"";"";"";"";"";"";""
"Firminópolis";"Produção de Argila para Cimento (t)";"";"";"";"";"";"-";"";"";"";"";"";"";"";"";"";"";"";"";"";"";""
"Firminópolis";"Produção de Argila Refratária (t)";"";"";"";"";"";"-";"";"";"";"";"";"";"";"";"";"";"";"";"";"";""
"Flores de Goiás";"Produção de Alumínio (t)";"...";"...";"...";"...";"...";"...";"...";"...";"...";"...";"...";"...";"...";"...";"...";"...";"...";"...";"...";"...";"..."
"Flores de Goiás";"Produção de Amianto (t)";"";"";"";"";"";"-";"";"";"";"";"";"";"";"";"";"";"";"";"";"";""
"Flores de Goiás";"Produção de Areia (m³)";"";"";"";"";"";"-";"";"";"";"";"";"";"";"";"";"";"";"";"";"";""
"Flores de Goiás";"Produção de Argila para Cerâmica  Branca (t)";"";"";"";"";"";"-";"";"";"";"";"";"";"";"";"";"";"";"";"";"";""
"Flores de Goiás";"Produção de Argila para Cerâmica Vermelha (t)";"";"";"";"";"";"-";"";"";"";"";"";"";"";"";"";"";"";"";"";"";""
"Flores de Goiás";"Produção de Argila para Cerâmica (t)";"";"";"";"";"";"-";"";"";"";"";"";"";"";"";"";"";"";"";"";"";""
"Flores de Goiás";"Produção de Argila para Cimento (t)";"";"";"";"";"";"-";"";"";"";"";"";"";"";"";"";"";"";"";"";"";""
"Flores de Goiás";"Produção de Argila Refratária (t)";"";"";"";"";"";"-";"";"";"";"";"";"";"";"";"";"";"";"";"";"";""
"Formosa";"Produção de Alumínio (t)";"...";"...";"...";"...";"...";"...";"...";"...";"...";"...";"...";"...";"...";"...";"...";"...";"...";"...";"...";"...";"..."
"Formosa";"Produção de Amianto (t)";"";"";"";"";"";"-";"";"";"";"";"";"";"";"";"";"";"";"";"";"";""
"Formosa";"Produção de Areia (m³)";"";"44.479";"23.320";" 38.267 ";"45.653";"5.867";"49.150";"37.664";"16.624";"21.683";"116.977";"3.548";"";"";"";"";"";"";"";"";""
"Formosa";"Produção de Argila para Cerâmica  Branca (t)";"";"";"";"";"";"-";"";"";"";"";"";"";"";"";"";"";"";"";"";"";""
"Formosa";"Produção de Argila para Cerâmica Vermelha (t)";"";"-";"-";" 21.500 ";"6.828";"49.747";"95.615";"35.993";"2.680";"765";"5.768";"1.791";"";"";"";"";"";"";"";"";""
"Formosa";"Produção de Argila para Cerâmica (t)";"";"12.854";"15.510";"-";"";"-";"";"";"";"";"";"";"";"";"";"";"";"";"";"";""
"Formosa";"Produção de Argila para Cimento (t)";"";"-";"3.000";"-";"";"85.051";"11.097";"";"129.313";"132.978";"171.805";"52.516";"";"";"";"";"";"";"";"";""
"Formosa";"Produção de Argila Refratária (t)";"";"";"";"";"";"-";"";"";"";"";"";"";"";"";"";"";"";"";"";"";""
"Formoso";"Produção de Alumínio (t)";"...";"...";"...";"...";"...";"...";"...";"...";"...";"...";"...";"...";"...";"...";"...";"...";"...";"...";"...";"...";"..."
"Formoso";"Produção de Amianto (t)";"";"";"";"";"";"-";"";"";"";"";"";"";"";"";"";"";"";"";"";"";""
"Formoso";"Produção de Areia (m³)";"";"290";"-";" 453 ";" - ";"-";"";"";"";"";"";"";"";"";"";"";"";"";"";"";""
"Formoso";"Produção de Argila para Cerâmica  Branca (t)";"";"";"";"";"";"-";"";"";"";"";"";"";"";"";"";"";"";"";"";"";""
"Formoso";"Produção de Argila para Cerâmica Vermelha (t)";"";"";"";"";"";"-";"";"";"";"";"";"";"";"";"";"";"";"";"";"";""
"Formoso";"Produção de Argila para Cerâmica (t)";"";"";"";"";"";"-";"";"";"";"";"";"";"";"";"";"";"";"";"";"";""
"Formoso";"Produção de Argila para Cimento (t)";"";"";"";"";"";"-";"";"";"";"";"";"";"";"";"";"";"";"";"";"";""
"Formoso";"Produção de Argila Refratária (t)";"";"";"";"";"";"-";"";"";"";"";"";"";"";"";"";"";"";"";"";"";""
"Gameleira de Goiás";"Produção de Alumínio (t)";"...";"...";"...";"...";"...";"...";"...";"...";"...";"...";"...";"...";"...";"...";"...";"...";"...";"...";"...";"...";"..."
"Gameleira de Goiás";"Produção de Amianto (t)";"";"";"";"";"";"-";"";"";"";"";"";"";"";"";"";"";"";"";"";"";""
"Gameleira de Goiás";"Produção de Areia (m³)";"";"-";"1.285";" 714 ";"1.200";"1.200";"";"";"";"";"";"";"";"";"";"";"";"";"";"";""
"Gameleira de Goiás";"Produção de Argila para Cerâmica  Branca (t)";"";"";"";"";"";"-";"";"";"";"";"";"";"";"";"";"";"";"";"";"";""
"Gameleira de Goiás";"Produção de Argila para Cerâmica Vermelha (t)";"";"";"";"";"";"-";"";"";"";"";"";"";"";"";"";"";"";"";"";"";""
"Gameleira de Goiás";"Produção de Argila para Cerâmica (t)";"";"";"";"";"";"-";"";"";"";"";"";"";"";"";"";"";"";"";"";"";""
"Gameleira de Goiás";"Produção de Argila para Cimento (t)";"";"";"";"";"";"-";"";"";"";"";"";"";"";"";"";"";"";"";"";"";""
"Gameleira de Goiás";"Produção de Argila Refratária (t)";"";"";"";"";"";"-";"";"";"";"";"";"";"";"";"";"";"";"";"";"";""
"Goianápolis";"Produção de Alumínio (t)";"...";"...";"...";"...";"...";"...";"...";"...";"...";"...";"...";"...";"...";"...";"...";"...";"...";"...";"...";"...";"..."
"Goianápolis";"Produção de Amianto (t)";"";"";"";"";"";"-";"";"";"";"";"";"";"";"";"";"";"";"";"";"";""
"Goianápolis";"Produção de Areia (m³)";"";"";"";"";"";"-";"";"";"";"";"";"";"";"";"";"";"";"";"";"";""
"Goianápolis";"Produção de Argila para Cerâmica  Branca (t)";"";"";"";"";"";"-";"";"";"";"";"";"";"";"";"";"";"";"";"";"";""
"Goianápolis";"Produção de Argila para Cerâmica Vermelha (t)";"";"";"";"";"";"-";"";"";"";"";"";"";"";"";"";"";"";"";"";"";""
"Goianápolis";"Produção de Argila para Cerâmica (t)";"";"";"";"";"";"-";"";"";"";"";"";"";"";"";"";"";"";"";"";"";""
"Goianápolis";"Produção de Argila para Cimento (t)";"";"";"";"";"";"-";"";"";"";"";"";"";"";"";"";"";"";"";"";"";""
"Goianápolis";"Produção de Argila Refratária (t)";"";"";"";"";"";"-";"";"";"";"";"";"";"";"";"";"";"";"";"";"";""
"Goiandira";"Produção de Alumínio (t)";"...";"...";"...";"...";"...";"...";"...";"...";"...";"...";"...";"...";"...";"...";"...";"...";"...";"...";"...";"...";"..."
"Goiandira";"Produção de Amianto (t)";"";"";"";"";"";"-";"";"";"";"";"";"";"";"";"";"";"";"";"";"";""
"Goiandira";"Produção de Areia (m³)";"";"956";"-";" 5.910 ";"1.061";"8.940";"2.729";"216";"";"";"";"";"";"";"";"";"";"";"";"";""
"Goiandira";"Produção de Argila para Cerâmica  Branca (t)";"";"";"";"";"";"-";"";"";"";"";"";"";"";"";"";"";"";"";"";"";""
"Goiandira";"Produção de Argila para Cerâmica Vermelha (t)";"";"-";"-";" 16.500 ";"4.332";"15.542";"19.534";"3.420";"61.210";"5.626";"2.650";"8.920";"";"";"";"";"";"";"";"";""
"Goiandira";"Produção de Argila para Cerâmica (t)";"";"7.650";"17.184";"-";"";"-";"";"";"";"";"";"";"";"";"";"";"";"";"";"";""
"Goiandira";"Produção de Argila para Cimento (t)";"";"";"";"";"";"-";"";"";"";"";"";"";"";"";"";"";"";"";"";"";""
"Goiandira";"Produção de Argila Refratária (t)";"";"";"";"";"";"-";"";"";"";"";"";"";"";"";"";"";"";"";"";"";""
"Goianésia";"Produção de Alumínio (t)";"...";"...";"...";"...";"...";"...";"...";"...";"...";"...";"...";"...";"...";"...";"...";"...";"...";"...";"...";"...";"..."
"Goianésia";"Produção de Amianto (t)";"";"";"";"";"";"-";"";"";"";"";"";"";"";"";"";"";"";"";"";"";""
"Goianésia";"Produção de Areia (m³)";"";"6.882";"9.890";" 4.891 ";" - ";"13.054";"13.100";"1.572";"5.408";"18.961";"5.981";"7.205";"";"";"";"";"";"";"";"";""
"Goianésia";"Produção de Argila para Cerâmica  Branca (t)";"";"";"";"";"";"-";"";"";"";"";"";"";"";"";"";"";"";"";"";"";""
"Goianésia";"Produção de Argila para Cerâmica Vermelha (t)";"";"";"";"";"";"-";"";"";"";"";"";"";"";"";"";"";"";"";"";"";""
"Goianésia";"Produção de Argila para Cerâmica (t)";"";"";"";"";"";"-";"";"";"";"";"";"";"";"";"";"";"";"";"";"";""
"Goianésia";"Produção de Argila para Cimento (t)";"";"";"";"";"";"-";"";"";"";"";"";"";"";"";"";"";"";"";"";"";""
"Goianésia";"Produção de Argila Refratária (t)";"";"";"";"";"";"-";"";"";"";"";"";"";"";"";"";"";"";"";"";"";""
"Goiânia";"Produção de Alumínio (t)";"...";"...";"...";"...";"...";"...";"...";"...";"...";"...";"...";"...";"...";"...";"...";"...";"...";"...";"...";"...";"..."
"Goiânia";"Produção de Amianto (t)";"";"";"";"";"";"-";"";"";"";"";"";"";"";"";"";"";"";"";"";"";""
"Goiânia";"Produção de Areia (m³)";"";"";"";"";"";"-";"";"";"";"";"";"";"";"";"";"";"";"";"";"";""
"Goiânia";"Produção de Argila para Cerâmica  Branca (t)";"";"";"";"";"";"-";"";"";"";"";"";"";"";"";"";"";"";"";"";"";""
"Goiânia";"Produção de Argila para Cerâmica Vermelha (t)";"";"";"";"";"";"-";"";"";"";"";"";"";"";"";"";"";"";"";"";"";""
"Goiânia";"Produção de Argila para Cerâmica (t)";"";"";"";"";"";"-";"";"";"";"";"";"";"";"";"";"";"";"";"";"";""
"Goiânia";"Produção de Argila para Cimento (t)";"";"";"";"";"";"-";"";"";"";"";"";"";"";"";"";"";"";"";"";"";""
"Goiânia";"Produção de Argila Refratária (t)";"";"";"";"";"";"-";"";"";"";"";"";"";"";"";"";"";"";"";"";"";""
"Goianira";"Produção de Alumínio (t)";"...";"...";"...";"...";"...";"...";"...";"...";"...";"...";"...";"...";"...";"...";"...";"...";"...";"...";"...";"...";"..."
"Goianira";"Produção de Amianto (t)";"";"";"";"";"";"-";"";"";"";"";"";"";"";"";"";"";"";"";"";"";""
"Goianira";"Produção de Areia (m³)";"";"";"";"";"";"-";"";"";"";"";"";"";"";"";"";"";"";"";"";"";""
"Goianira";"Produção de Argila para Cerâmica  Branca (t)";"";"";"";"";"";"-";"";"";"";"";"";"";"";"";"";"";"";"";"";"";""
"Goianira";"Produção de Argila para Cerâmica Vermelha (t)";"";"";"";"";"";"-";"160";"";"";"";"";"";"";"";"";"";"";"";"";"";""
"Goianira";"Produção de Argila para Cerâmica (t)";"";"";"";"";"";"-";"";"";"";"";"";"";"";"";"";"";"";"";"";"";""
"Goianira";"Produção de Argila para Cimento (t)";"";"";"";"";"";"-";"";"";"";"";"";"";"";"";"";"";"";"";"";"";""
"Goianira";"Produção de Argila Refratária (t)";"";"";"";"";"";"-";"";"";"";"";"";"";"";"";"";"";"";"";"";"";""
"Goiás";"Produção de Alumínio (t)";"...";"...";"...";"...";"...";"...";"...";"...";"...";"...";"...";"...";"...";"...";"...";"...";"...";"...";"...";"...";"..."
"Goiás";"Produção de Amianto (t)";"";"";"";"";"";"-";"";"";"";"";"";"";"";"";"";"";"";"";"";"";""
"Goiás";"Produção de Areia (m³)";"";"-";"350";"-";"3.077";"12.305";"36.025";"55.275";"38.861";"41.897";"94.130";"57.674";"";"";"";"";"";"";"";"";""
"Goiás";"Produção de Argila para Cerâmica  Branca (t)";"";"";"";"";"";"-";"";"";"";"";"";"";"";"";"";"";"";"";"";"";""
"Goiás";"Produção de Argila para Cerâmica Vermelha (t)";"";"";"";"";"";"-";"";"";"";"";"";"";"";"";"";"";"";"";"";"";""
"Goiás";"Produção de Argila para Cerâmica (t)";"";"-";"1.680";"-";"";"-";"";"";"";"";"";"";"";"";"";"";"";"";"";"";""
"Goiás";"Produção de Argila para Cimento (t)";"";"";"";"";"";"-";"";"";"";"";"";"";"";"";"";"";"";"";"";"";""
"Goiás";"Produção de Argila Refratária (t)";"";"";"";"";"";"-";"";"";"";"";"";"";"";"";"";"";"";"";"";"";""
"Goiatuba";"Produção de Alumínio (t)";"...";"...";"...";"...";"...";"...";"...";"...";"...";"...";"...";"...";"...";"...";"...";"...";"...";"...";"...";"...";"..."
"Goiatuba";"Produção de Amianto (t)";"";"";"";"";"";"-";"";"";"";"";"";"";"";"";"";"";"";"";"";"";""
"Goiatuba";"Produção de Areia (m³)";"";"";"";"";"";"-";"";"";"";"";"";"";"";"";"";"";"";"";"";"";""
"Goiatuba";"Produção de Argila para Cerâmica  Branca (t)";"";"";"";"";"";"-";"";"";"";"";"";"";"";"";"";"";"";"";"";"";""
"Goiatuba";"Produção de Argila para Cerâmica Vermelha (t)";"";"";"";"";"";"-";"";"";"";"";"";"";"";"";"";"";"";"";"";"";""
"Goiatuba";"Produção de Argila para Cerâmica (t)";"";"";"";"";"";"-";"";"";"";"";"";"";"";"";"";"";"";"";"";"";""
"Goiatuba";"Produção de Argila para Cimento (t)";"";"";"";"";"";"-";"";"";"";"";"";"";"";"";"";"";"";"";"";"";""
"Goiatuba";"Produção de Argila Refratária (t)";"";"";"";"";"";"-";"";"";"";"";"";"";"";"";"";"";"";"";"";"";""
"Gouvelândia";"Produção de Alumínio (t)";"...";"...";"...";"...";"...";"...";"...";"...";"...";"...";"...";"...";"...";"...";"...";"...";"...";"...";"...";"...";"..."
"Gouvelândia";"Produção de Amianto (t)";"";"";"";"";"";"-";"";"";"";"";"";"";"";"";"";"";"";"";"";"";""
"Gouvelândia";"Produção de Areia (m³)";"";"";"";"";"";"-";"";"";"";"";"846";"9.434";"";"";"";"";"";"";"";"";""
"Gouvelândia";"Produção de Argila para Cerâmica  Branca (t)";"";"";"";"";"";"-";"";"";"";"";"";"";"";"";"";"";"";"";"";"";""
"Gouvelândia";"Produção de Argila para Cerâmica Vermelha (t)";"";"";"";"";"";"-";"";"";"2.057";"";"";"";"";"";"";"";"";"";"";"";""
"Gouvelândia";"Produção de Argila para Cerâmica (t)";"";"";"";"";"";"-";"";"";"";"";"";"";"";"";"";"";"";"";"";"";""
"Gouvelândia";"Produção de Argila para Cimento (t)";"";"";"";"";"";"-";"";"";"";"";"";"";"";"";"";"";"";"";"";"";""
"Gouvelândia";"Produção de Argila Refratária (t)";"";"";"";"";"";"-";"";"";"";"";"";"";"";"";"";"";"";"";"";"";""
"Guapó";"Produção de Alumínio (t)";"...";"...";"...";"...";"...";"...";"...";"...";"...";"...";"...";"...";"...";"...";"...";"...";"...";"...";"...";"...";"..."
"Guapó";"Produção de Amianto (t)";"";"";"";"";"";"-";"";"";"";"";"";"";"";"";"";"";"";"";"";"";""
"Guapó";"Produção de Areia (m³)";"";"770";"-";"-";"3.867";"-";"";"";"3.894";"5.307";"2.113";"1.450";"";"";"";"";"";"";"";"";""
"Guapó";"Produção de Argila para Cerâmica  Branca (t)";"";"";"";"";"";"-";"";"";"";"";"";"";"";"";"";"";"";"";"";"";""
"Guapó";"Produção de Argila para Cerâmica Vermelha (t)";"";"-";"-";" 5.000 ";"2.100";"2.400";"2.500";"2.000";"1.300";"3.800";"22.000";"800";"";"";"";"";"";"";"";"";""
"Guapó";"Produção de Argila para Cerâmica (t)";"";"54.400";"4.495";"-";"";"-";"";"";"";"";"";"";"";"";"";"";"";"";"";"";""
"Guapó";"Produção de Argila para Cimento (t)";"";"";"";"";"";"-";"";"";"";"";"";"";"";"";"";"";"";"";"";"";""
"Guapó";"Produção de Argila Refratária (t)";"";"";"";"";"";"-";"";"";"";"";"";"";"";"";"";"";"";"";"";"";""
"Guaraíta";"Produção de Alumínio (t)";"...";"...";"...";"...";"...";"...";"...";"...";"...";"...";"...";"...";"...";"...";"...";"...";"...";"...";"...";"...";"..."
"Guaraíta";"Produção de Amianto (t)";"";"";"";"";"";"-";"";"";"";"";"";"";"";"";"";"";"";"";"";"";""
"Guaraíta";"Produção de Areia (m³)";"";"";"";"";"";"-";"";"";"";"";"";"";"";"";"";"";"";"";"";"";""
"Guaraíta";"Produção de Argila para Cerâmica  Branca (t)";"";"";"";"";"";"-";"";"";"";"";"";"";"";"";"";"";"";"";"";"";""
"Guaraíta";"Produção de Argila para Cerâmica Vermelha (t)";"";"";"";"";"";"-";"";"";"";"";"";"";"";"";"";"";"";"";"";"";""
"Guaraíta";"Produção de Argila para Cerâmica (t)";"";"";"";"";"";"-";"";"";"";"";"";"";"";"";"";"";"";"";"";"";""
"Guaraíta";"Produção de Argila para Cimento (t)";"";"";"";"";"";"-";"";"";"";"";"";"";"";"";"";"";"";"";"";"";""
"Guaraíta";"Produção de Argila Refratária (t)";"";"";"";"";"";"-";"";"";"";"";"";"";"";"";"";"";"";"";"";"";""
"Guarani de Goiás";"Produção de Alumínio (t)";"...";"...";"...";"...";"...";"...";"...";"...";"...";"...";"...";"...";"...";"...";"...";"...";"...";"...";"...";"...";"..."
"Guarani de Goiás";"Produção de Amianto (t)";"";"";"";"";"";"-";"";"";"";"";"";"";"";"";"";"";"";"";"";"";""
"Guarani de Goiás";"Produção de Areia (m³)";"";"";"";"";"";"-";"";"";"2.680";"2.680";"1.310";"520";"";"";"";"";"";"";"";"";""
"Guarani de Goiás";"Produção de Argila para Cerâmica  Branca (t)";"";"";"";"";"";"-";"";"";"";"";"";"";"";"";"";"";"";"";"";"";""
"Guarani de Goiás";"Produção de Argila para Cerâmica Vermelha (t)";"";"";"";"";"";"-";"";"";"";"";"";"";"";"";"";"";"";"";"";"";""
"Guarani de Goiás";"Produção de Argila para Cerâmica (t)";"";"";"";"";"";"-";"";"";"";"";"";"";"";"";"";"";"";"";"";"";""
"Guarani de Goiás";"Produção de Argila para Cimento (t)";"";"";"";"";"";"-";"";"";"";"";"";"";"";"";"";"";"";"";"";"";""
"Guarani de Goiás";"Produção de Argila Refratária (t)";"";"";"";"";"";"-";"";"";"";"";"";"";"";"";"";"";"";"";"";"";""
"Guarinos";"Produção de Alumínio (t)";"...";"...";"...";"...";"...";"...";"...";"...";"...";"...";"...";"...";"...";"...";"...";"...";"...";"...";"...";"...";"..."
"Guarinos";"Produção de Amianto (t)";"";"";"";"";"";"-";"";"";"";"";"";"";"";"";"";"";"";"";"";"";""
"Guarinos";"Produção de Areia (m³)";"";"";"";"";"";"-";"";"";"";"";"";"";"";"";"";"";"";"";"";"";""
"Guarinos";"Produção de Argila para Cerâmica  Branca (t)";"";"";"";"";"";"-";"";"";"";"";"";"";"";"";"";"";"";"";"";"";""
"Guarinos";"Produção de Argila para Cerâmica Vermelha (t)";"";"";"";"";"";"-";"";"";"";"";"";"";"";"";"";"";"";"";"";"";""
"Guarinos";"Produção de Argila para Cerâmica (t)";"";"";"";"";"";"-";"";"";"";"";"";"";"";"";"";"";"";"";"";"";""
"Guarinos";"Produção de Argila para Cimento (t)";"";"";"";"";"";"-";"";"";"";"";"";"";"";"";"";"";"";"";"";"";""
"Guarinos";"Produção de Argila Refratária (t)";"";"";"";"";"";"-";"";"";"";"";"";"";"";"";"";"";"";"";"";"";""
"Heitoraí";"Produção de Alumínio (t)";"...";"...";"...";"...";"...";"...";"...";"...";"...";"...";"...";"...";"...";"...";"...";"...";"...";"...";"...";"...";"..."
"Heitoraí";"Produção de Amianto (t)";"";"";"";"";"";"-";"";"";"";"";"";"";"";"";"";"";"";"";"";"";""
"Heitoraí";"Produção de Areia (m³)";"";"";"";"";"";"-";"";"";"";"";"";"";"";"";"";"";"";"";"";"";""
"Heitoraí";"Produção de Argila para Cerâmica  Branca (t)";"";"";"";"";"";"-";"";"";"";"";"";"";"";"";"";"";"";"";"";"";""
"Heitoraí";"Produção de Argila para Cerâmica Vermelha (t)";"";"";"";"";"";"-";"";"";"";"";"";"";"";"";"";"";"";"";"";"";""
"Heitoraí";"Produção de Argila para Cerâmica (t)";"";"";"";"";"";"-";"";"";"";"";"";"";"";"";"";"";"";"";"";"";""
"Heitoraí";"Produção de Argila para Cimento (t)";"";"";"";"";"";"-";"";"";"";"";"";"";"";"";"";"";"";"";"";"";""
"Heitoraí";"Produção de Argila Refratária (t)";"";"";"";"";"";"-";"";"";"";"";"";"";"";"";"";"";"";"";"";"";""
"Hidrolândia";"Produção de Alumínio (t)";"...";"...";"...";"...";"...";"...";"...";"...";"...";"...";"...";"...";"...";"...";"...";"...";"...";"...";"...";"...";"..."
"Hidrolândia";"Produção de Amianto (t)";"";"";"";"";"";"-";"";"";"";"";"";"";"";"";"";"";"";"";"";"";""
"Hidrolândia";"Produção de Areia (m³)";"";"596";"4.477";" 980 ";"1.268";"-";"2.282";"1.858";"16.727";"22.872";"2.014";"1.405";"";"";"";"";"";"";"";"";""
"Hidrolândia";"Produção de Argila para Cerâmica  Branca (t)";"";"";"";"";"";"-";"";"";"";"";"";"";"";"";"";"";"";"";"";"";""
"Hidrolândia";"Produção de Argila para Cerâmica Vermelha (t)";"";"";"";"";"";"-";"";"";"";"";"";"";"";"";"";"";"";"";"";"";""
"Hidrolândia";"Produção de Argila para Cerâmica (t)";"";"";"";"";"";"-";"";"";"";"";"";"";"";"";"";"";"";"";"";"";""
"Hidrolândia";"Produção de Argila para Cimento (t)";"";"";"";"";"";"-";"";"";"";"";"";"";"";"";"";"";"";"";"";"";""
"Hidrolândia";"Produção de Argila Refratária (t)";"";"";"";"";"";"-";"";"";"";"";"";"";"";"";"";"";"";"";"";"";""
"Hidrolina";"Produção de Alumínio (t)";"...";"...";"...";"...";"...";"...";"...";"...";"...";"...";"...";"...";"...";"...";"...";"...";"...";"...";"...";"...";"..."
"Hidrolina";"Produção de Amianto (t)";"";"";"";"";"";"-";"";"";"";"";"";"";"";"";"";"";"";"";"";"";""
"Hidrolina";"Produção de Areia (m³)";"";"-";"-";" 6.400 ";"7.973";"-";"8.515";"6.989";"5.781";"";"";"";"";"";"";"";"";"";"";"";""
"Hidrolina";"Produção de Argila para Cerâmica  Branca (t)";"";"";"";"";"";"-";"";"";"";"";"";"";"";"";"";"";"";"";"";"";""
"Hidrolina";"Produção de Argila para Cerâmica Vermelha (t)";"";"";"";"";"";"-";"";"";"";"";"";"";"";"";"";"";"";"";"";"";""
"Hidrolina";"Produção de Argila para Cerâmica (t)";"";"";"";"";"";"-";"";"";"";"";"";"";"";"";"";"";"";"";"";"";""
"Hidrolina";"Produção de Argila para Cimento (t)";"";"";"";"";"";"-";"";"";"";"";"";"";"";"";"";"";"";"";"";"";""
"Hidrolina";"Produção de Argila Refratária (t)";"";"";"";"";"";"-";"";"";"";"";"";"";"";"";"";"";"";"";"";"";""
"Iaciara";"Produção de Alumínio (t)";"...";"...";"...";"...";"...";"...";"...";"...";"...";"...";"...";"...";"...";"...";"...";"...";"...";"...";"...";"...";"..."
"Iaciara";"Produção de Amianto (t)";"";"";"";"";"";"-";"";"";"";"";"";"";"";"";"";"";"";"";"";"";""
"Iaciara";"Produção de Areia (m³)";"";"";"";"";"";"-";"372";"";"";"";"";"825";"";"";"";"";"";"";"";"";""
"Iaciara";"Produção de Argila para Cerâmica  Branca (t)";"";"";"";"";"";"-";"";"";"";"";"";"";"";"";"";"";"";"";"";"";""
"Iaciara";"Produção de Argila para Cerâmica Vermelha (t)";"";"";"";"";"";"-";"";"";"";"";"";"";"";"";"";"";"";"";"";"";""
"Iaciara";"Produção de Argila para Cerâmica (t)";"";"";"";"";"";"-";"";"";"";"";"";"";"";"";"";"";"";"";"";"";""
"Iaciara";"Produção de Argila para Cimento (t)";"";"";"";"";"";"-";"";"";"";"";"";"";"";"";"";"";"";"";"";"";""
"Iaciara";"Produção de Argila Refratária (t)";"";"";"";"";"";"-";"";"";"";"";"";"";"";"";"";"";"";"";"";"";""
"Inaciolândia";"Produção de Alumínio (t)";"...";"...";"...";"...";"...";"...";"...";"...";"...";"...";"...";"...";"...";"...";"...";"...";"...";"...";"...";"...";"..."
"Inaciolândia";"Produção de Amianto (t)";"";"";"";"";"";"-";"";"";"";"";"";"";"";"";"";"";"";"";"";"";""
"Inaciolândia";"Produção de Areia (m³)";"";"";"";"";"";"-";"";"";"";"";"846";"";"";"";"";"";"";"";"";"";""
"Inaciolândia";"Produção de Argila para Cerâmica  Branca (t)";"";"";"";"";"";"-";"";"";"";"";"";"";"";"";"";"";"";"";"";"";""
"Inaciolândia";"Produção de Argila para Cerâmica Vermelha (t)";"";"";"";"";"";"-";"";"";"";"";"";"";"";"";"";"";"";"";"";"";""
"Inaciolândia";"Produção de Argila para Cerâmica (t)";"";"";"";"";"";"-";"";"";"";"";"";"";"";"";"";"";"";"";"";"";""
"Inaciolândia";"Produção de Argila para Cimento (t)";"";"";"";"";"";"-";"";"";"";"";"";"";"";"";"";"";"";"";"";"";""
"Inaciolândia";"Produção de Argila Refratária (t)";"";"";"";"";"";"-";"";"";"";"";"";"";"";"";"";"";"";"";"";"";""
"Indiara";"Produção de Alumínio (t)";"...";"...";"...";"...";"...";"...";"...";"...";"...";"...";"...";"...";"...";"...";"...";"...";"...";"...";"...";"...";"..."
"Indiara";"Produção de Amianto (t)";"";"";"";"";"";"-";"";"";"";"";"";"";"";"";"";"";"";"";"";"";""
"Indiara";"Produção de Areia (m³)";"";"-";"-";" 213 ";"995";"3.177";"2.997";"12.560";"8.531";"5.385";"6.210";"7.276";"";"";"";"";"";"";"";"";""
"Indiara";"Produção de Argila para Cerâmica  Branca (t)";"";"";"";"";"";"-";"";"";"";"";"";"";"";"";"";"";"";"";"";"";""
"Indiara";"Produção de Argila para Cerâmica Vermelha (t)";"";"-";"-";" 2.560 ";" - ";"-";"";"";"10.029";"10.029";"8.038";"9.871";"";"";"";"";"";"";"";"";""
"Indiara";"Produção de Argila para Cerâmica (t)";"";"12.585";"17.864";"-";"";"-";"";"";"";"";"";"";"";"";"";"";"";"";"";"";""
"Indiara";"Produção de Argila para Cimento (t)";"";"";"";"";"";"-";"";"";"";"";"";"";"";"";"";"";"";"";"";"";""
"Indiara";"Produção de Argila Refratária (t)";"";"";"";"";"";"-";"";"";"";"";"";"";"";"";"";"";"";"";"";"";""
"Inhumas";"Produção de Alumínio (t)";"...";"...";"...";"...";"...";"...";"...";"...";"...";"...";"...";"...";"...";"...";"...";"...";"...";"...";"...";"...";"..."
"Inhumas";"Produção de Amianto (t)";"";"";"";"";"";"-";"";"";"";"";"";"";"";"";"";"";"";"";"";"";""
"Inhumas";"Produção de Areia (m³)";"";"";"";"";"";"-";"";"";"";"";"";"";"";"";"";"";"";"";"";"";""
"Inhumas";"Produção de Argila para Cerâmica  Branca (t)";"";"";"";"";"";"-";"";"";"";"";"";"";"";"";"";"";"";"";"";"";""
"Inhumas";"Produção de Argila para Cerâmica Vermelha (t)";"";"";"";"";"";"768";"";"";"1.107";"1.107";"30.667";"";"";"";"";"";"";"";"";"";""
"Inhumas";"Produção de Argila para Cerâmica (t)";"";"";"";"";"";"-";"";"";"";"";"";"";"";"";"";"";"";"";"";"";""
"Inhumas";"Produção de Argila para Cimento (t)";"";"";"";"";"";"-";"";"";"";"";"";"";"";"";"";"";"";"";"";"";""
"Inhumas";"Produção de Argila Refratária (t)";"";"";"";"";"";"-";"";"";"";"";"";"";"";"";"";"";"";"";"";"";""
"Ipameri";"Produção de Alumínio (t)";"...";"...";"...";"...";"...";"...";"...";"...";"...";"...";"...";"...";"...";"...";"...";"...";"...";"...";"...";"...";"..."
"Ipameri";"Produção de Amianto (t)";"";"";"";"";"";"-";"";"";"";"";"";"";"";"";"";"";"";"";"";"";""
"Ipameri";"Produção de Areia (m³)";"";"41.981";"6.118";" 70.782 ";"1.331";"78.021";"91.088";"95.018";"92.063";"";"97.196";"70.236";"";"";"";"";"";"";"";"";""
"Ipameri";"Produção de Argila para Cerâmica  Branca (t)";"";"";"";"";"";"-";"";"";"";"";"";"";"";"";"";"";"";"";"";"";""
"Ipameri";"Produção de Argila para Cerâmica Vermelha (t)";"";"";"";"";"";"-";"";"2.880";"5.810";"5.810";"4.676";"4.676";"";"";"";"";"";"";"";"";""
"Ipameri";"Produção de Argila para Cerâmica (t)";"";"";"";"";"";"-";"";"";"";"";"";"";"";"";"";"";"";"";"";"";""
"Ipameri";"Produção de Argila para Cimento (t)";"";"";"";"";"";"-";"";"";"";"";"";"";"";"";"";"";"";"";"";"";""
"Ipameri";"Produção de Argila Refratária (t)";"";"";"";"";"";"-";"";"";"";"";"";"";"";"";"";"";"";"";"";"";""
"Ipiranga de Goiás";"Produção de Alumínio (t)";"...";"...";"...";"...";"...";"...";"...";"...";"...";"...";"...";"...";"...";"...";"...";"...";"...";"...";"...";"...";"..."
"Ipiranga de Goiás";"Produção de Amianto (t)";"";"";"";"";"";"-";"";"";"";"";"";"";"";"";"";"";"";"";"";"";""
"Ipiranga de Goiás";"Produção de Areia (m³)";"";"";"";"";"";"-";"";"";"";"";"";"";"";"";"";"";"";"";"";"";""
"Ipiranga de Goiás";"Produção de Argila para Cerâmica  Branca (t)";"";"";"";"";"";"-";"";"";"";"";"";"";"";"";"";"";"";"";"";"";""
"Ipiranga de Goiás";"Produção de Argila para Cerâmica Vermelha (t)";"";"-";"-";" 738 ";" - ";"-";"";"";"";"";"";"";"";"";"";"";"";"";"";"";""
"Ipiranga de Goiás";"Produção de Argila para Cerâmica (t)";"";"-";"1.000";"-";"";"-";"";"";"";"";"";"";"";"";"";"";"";"";"";"";""
"Ipiranga de Goiás";"Produção de Argila para Cimento (t)";"";"";"";"";"";"-";"";"";"";"";"";"";"";"";"";"";"";"";"";"";""
"Ipiranga de Goiás";"Produção de Argila Refratária (t)";"";"";"";"";"";"-";"";"";"";"";"";"";"";"";"";"";"";"";"";"";""
"Iporá";"Produção de Alumínio (t)";"...";"...";"...";"...";"...";"...";"...";"...";"...";"...";"...";"...";"...";"...";"...";"...";"...";"...";"...";"...";"..."
"Iporá";"Produção de Amianto (t)";"";"";"";"";"";"-";"";"";"";"";"";"";"";"";"";"";"";"";"";"";""
"Iporá";"Produção de Areia (m³)";"";"";"";"";"";"431";"290";"";"396";"669";"";"";"";"";"";"";"";"";"";"";""
"Iporá";"Produção de Argila para Cerâmica  Branca (t)";"";"";"";"";"";"-";"";"";"";"";"";"";"";"";"";"";"";"";"";"";""
"Iporá";"Produção de Argila para Cerâmica Vermelha (t)";"";"";"";"";"3.000";"3.600";"6.000";"9.000";"9.800";"9.000";"8.300";"";"";"";"";"";"";"";"";"";""
"Iporá";"Produção de Argila para Cerâmica (t)";"";"";"";"";"";"-";"";"";"";"";"";"";"";"";"";"";"";"";"";"";""
"Iporá";"Produção de Argila para Cimento (t)";"";"";"";"";"";"-";"";"";"";"";"";"";"";"";"";"";"";"";"";"";""
"Iporá";"Produção de Argila Refratária (t)";"";"";"";"";"";"-";"";"";"";"";"";"";"";"";"";"";"";"";"";"";""
"Israelândia";"Produção de Alumínio (t)";"...";"...";"...";"...";"...";"...";"...";"...";"...";"...";"...";"...";"...";"...";"...";"...";"...";"...";"...";"...";"..."
"Israelândia";"Produção de Amianto (t)";"";"";"";"";"";"-";"";"";"";"";"";"";"";"";"";"";"";"";"";"";""
"Israelândia";"Produção de Areia (m³)";"";"1.205";"347";" 10.102 ";"8.693";"9.062";"103.300";"93.810";"76.248";"12.942";"132.156";"";"";"";"";"";"";"";"";"";""
"Israelândia";"Produção de Argila para Cerâmica  Branca (t)";"";"";"";"";"";"-";"";"";"";"";"";"";"";"";"";"";"";"";"";"";""
"Israelândia";"Produção de Argila para Cerâmica Vermelha (t)";"";"";"";"";"";"-";"";"";"10.000";"10.000";"10.400";"";"";"";"";"";"";"";"";"";""
"Israelândia";"Produção de Argila para Cerâmica (t)";"";"";"";"";"";"-";"";"";"";"";"";"";"";"";"";"";"";"";"";"";""
"Israelândia";"Produção de Argila para Cimento (t)";"";"";"";"";"";"-";"";"";"";"";"";"";"";"";"";"";"";"";"";"";""
"Israelândia";"Produção de Argila Refratária (t)";"";"";"";"";"";"-";"";"";"";"";"";"";"";"";"";"";"";"";"";"";""
"Itaberaí";"Produção de Alumínio (t)";"...";"...";"...";"...";"...";"...";"...";"...";"...";"...";"...";"...";"...";"...";"...";"...";"...";"...";"...";"...";"..."
"Itaberaí";"Produção de Amianto (t)";"";"";"";"";"";"-";"";"";"";"";"";"";"";"";"";"";"";"";"";"";""
"Itaberaí";"Produção de Areia (m³)";"";"";"";"";"";"-";"";"";"";"";"";"";"";"";"";"";"";"";"";"";""
"Itaberaí";"Produção de Argila para Cerâmica  Branca (t)";"";"";"";"";"";"-";"";"";"";"";"";"";"";"";"";"";"";"";"";"";""
"Itaberaí";"Produção de Argila para Cerâmica Vermelha (t)";"";"";"";"";"";"-";"";"";"";"";"";"";"";"";"";"";"";"";"";"";""
"Itaberaí";"Produção de Argila para Cerâmica (t)";"";"";"";"";"";"-";"";"";"";"";"";"";"";"";"";"";"";"";"";"";""
"Itaberaí";"Produção de Argila para Cimento (t)";"";"";"";"";"";"-";"";"";"";"";"";"";"";"";"";"";"";"";"";"";""
"Itaberaí";"Produção de Argila Refratária (t)";"";"";"";"";"";"-";"";"";"";"";"";"";"";"";"";"";"";"";"";"";""
"Itaguari";"Produção de Alumínio (t)";"...";"...";"...";"...";"...";"...";"...";"...";"...";"...";"...";"...";"...";"...";"...";"...";"...";"...";"...";"...";"..."
"Itaguari";"Produção de Amianto (t)";"";"";"";"";"";"-";"";"";"";"";"";"";"";"";"";"";"";"";"";"";""
"Itaguari";"Produção de Areia (m³)";"";"540";"-";"-";"";"-";"";"";"";"";"";"";"";"";"";"";"";"";"";"";""
"Itaguari";"Produção de Argila para Cerâmica  Branca (t)";"";"";"";"";"";"-";"";"";"";"";"";"";"";"";"";"";"";"";"";"";""
"Itaguari";"Produção de Argila para Cerâmica Vermelha (t)";"";"";"";"";"";"12.000";"";"";"";"";"";"";"";"";"";"";"";"";"";"";""
"Itaguari";"Produção de Argila para Cerâmica (t)";"";"-";"18.200";"-";"";"-";"";"";"";"";"";"";"";"";"";"";"";"";"";"";""
"Itaguari";"Produção de Argila para Cimento (t)";"";"";"";"";"";"-";"";"";"";"";"";"";"";"";"";"";"";"";"";"";""
"Itaguari";"Produção de Argila Refratária (t)";"";"";"";"";"";"-";"";"";"";"";"";"";"";"";"";"";"";"";"";"";""
"Itaguaru";"Produção de Alumínio (t)";"...";"...";"...";"...";"...";"...";"...";"...";"...";"...";"...";"...";"...";"...";"...";"...";"...";"...";"...";"...";"..."
"Itaguaru";"Produção de Amianto (t)";"";"";"";"";"";"-";"";"";"";"";"";"";"";"";"";"";"";"";"";"";""
"Itaguaru";"Produção de Areia (m³)";"";"";"";"";"";"-";"";"";"";"";"";"";"";"";"";"";"";"";"";"";""
"Itaguaru";"Produção de Argila para Cerâmica  Branca (t)";"";"";"";"";"";"-";"";"";"";"";"";"";"";"";"";"";"";"";"";"";""
"Itaguaru";"Produção de Argila para Cerâmica Vermelha (t)";"";"";"";"";"";"-";"";"";"";"";"";"";"";"";"";"";"";"";"";"";""
"Itaguaru";"Produção de Argila para Cerâmica (t)";"";"";"";"";"";"-";"";"";"";"";"";"";"";"";"";"";"";"";"";"";""
"Itaguaru";"Produção de Argila para Cimento (t)";"";"";"";"";"";"-";"";"";"";"";"";"";"";"";"";"";"";"";"";"";""
"Itaguaru";"Produção de Argila Refratária (t)";"";"";"";"";"";"-";"";"";"";"";"";"";"";"";"";"";"";"";"";"";""
"Itajá";"Produção de Alumínio (t)";"...";"...";"...";"...";"...";"...";"...";"...";"...";"...";"...";"...";"...";"...";"...";"...";"...";"...";"...";"...";"..."
"Itajá";"Produção de Amianto (t)";"";"";"";"";"";"-";"";"";"";"";"";"";"";"";"";"";"";"";"";"";""
"Itajá";"Produção de Areia (m³)";"";"";"";"";"";"-";"";"";"";"";"";"";"";"";"";"";"";"";"";"";""
"Itajá";"Produção de Argila para Cerâmica  Branca (t)";"";"";"";"";"";"-";"";"";"";"";"";"";"";"";"";"";"";"";"";"";""
"Itajá";"Produção de Argila para Cerâmica Vermelha (t)";"";"";"";"";"";"-";"";"";"";"";"";"";"";"";"";"";"";"";"";"";""
"Itajá";"Produção de Argila para Cerâmica (t)";"";"-";"600";"-";"";"-";"";"";"";"";"";"";"";"";"";"";"";"";"";"";""
"Itajá";"Produção de Argila para Cimento (t)";"";"";"";"";"";"-";"";"";"";"";"";"";"";"";"";"";"";"";"";"";""
"Itajá";"Produção de Argila Refratária (t)";"";"";"";"";"";"-";"";"";"";"";"";"";"";"";"";"";"";"";"";"";""
"Itapaci";"Produção de Alumínio (t)";"...";"...";"...";"...";"...";"...";"...";"...";"...";"...";"...";"...";"...";"...";"...";"...";"...";"...";"...";"...";"..."
"Itapaci";"Produção de Amianto (t)";"";"";"";"";"";"-";"";"";"";"";"";"";"";"";"";"";"";"";"";"";""
"Itapaci";"Produção de Areia (m³)";"";"472";"355";"-";"";"1.787";"";"";"";"";"";"";"";"";"";"";"";"";"";"";""
"Itapaci";"Produção de Argila para Cerâmica  Branca (t)";"";"";"";"";"";"-";"";"";"";"";"";"";"";"";"";"";"";"";"";"";""
"Itapaci";"Produção de Argila para Cerâmica Vermelha (t)";"";"";"";"";"";"-";"";"";"";"";"";"";"";"";"";"";"";"";"";"";""
"Itapaci";"Produção de Argila para Cerâmica (t)";"";"";"";"";"";"-";"";"";"";"";"";"";"";"";"";"";"";"";"";"";""
"Itapaci";"Produção de Argila para Cimento (t)";"";"";"";"";"";"-";"";"";"";"";"";"";"";"";"";"";"";"";"";"";""
"Itapaci";"Produção de Argila Refratária (t)";"";"";"";"";"";"-";"";"";"";"";"";"";"";"";"";"";"";"";"";"";""
"Itapirapuã";"Produção de Alumínio (t)";"...";"...";"...";"...";"...";"...";"...";"...";"...";"...";"...";"...";"...";"...";"...";"...";"...";"...";"...";"...";"..."
"Itapirapuã";"Produção de Amianto (t)";"";"";"";"";"";"-";"";"";"";"";"";"";"";"";"";"";"";"";"";"";""
"Itapirapuã";"Produção de Areia (m³)";"";"";"";"";"";"-";"";"11.286";"12.672";"23.312";"44.808";"";"";"";"";"";"";"";"";"";""
"Itapirapuã";"Produção de Argila para Cerâmica  Branca (t)";"";"";"";"";"";"-";"";"";"";"";"";"";"";"";"";"";"";"";"";"";""
"Itapirapuã";"Produção de Argila para Cerâmica Vermelha (t)";"";"";"";"";"";"-";"";"";"";"";"";"";"";"";"";"";"";"";"";"";""
"Itapirapuã";"Produção de Argila para Cerâmica (t)";"";"";"";"";"";"-";"";"";"";"";"";"";"";"";"";"";"";"";"";"";""
"Itapirapuã";"Produção de Argila para Cimento (t)";"";"";"";"";"";"-";"";"";"";"";"";"";"";"";"";"";"";"";"";"";""
"Itapirapuã";"Produção de Argila Refratária (t)";"";"";"";"";"";"-";"";"";"";"";"";"";"";"";"";"";"";"";"";"";""
"Itapuranga";"Produção de Alumínio (t)";"...";"...";"...";"...";"...";"...";"...";"...";"...";"...";"...";"...";"...";"...";"...";"...";"...";"...";"...";"...";"..."
"Itapuranga";"Produção de Amianto (t)";"";"";"";"";"";"-";"";"";"";"";"";"";"";"";"";"";"";"";"";"";""
"Itapuranga";"Produção de Areia (m³)";"";"900";"2.370";" 1.728 ";"2.442";"1.555";"866";"9.625";"3.269";"6.226";"9.454";"63.829";"";"";"";"";"";"";"";"";""
"Itapuranga";"Produção de Argila para Cerâmica  Branca (t)";"";"";"";"";"";"-";"";"";"";"";"";"";"";"";"";"";"";"";"";"";""
"Itapuranga";"Produção de Argila para Cerâmica Vermelha (t)";"";"-";"-";" 1.911 ";" - ";"15.000";"";"";"";"";"";"";"";"";"";"";"";"";"";"";""
"Itapuranga";"Produção de Argila para Cerâmica (t)";"";"200";"500";"-";"";"-";"";"";"";"";"";"";"";"";"";"";"";"";"";"";""
"Itapuranga";"Produção de Argila para Cimento (t)";"";"";"";"";"";"-";"";"";"";"";"";"";"";"";"";"";"";"";"";"";""
"Itapuranga";"Produção de Argila Refratária (t)";"";"";"";"";"";"-";"";"";"";"";"";"";"";"";"";"";"";"";"";"";""
"Itarumã";"Produção de Alumínio (t)";"...";"...";"...";"...";"...";"...";"...";"...";"...";"...";"...";"...";"...";"...";"...";"...";"...";"...";"...";"...";"..."
"Itarumã";"Produção de Amianto (t)";"";"";"";"";"";"-";"";"";"";"";"";"";"";"";"";"";"";"";"";"";""
"Itarumã";"Produção de Areia (m³)";"";"";"";"";"";"-";"";"";"";"";"";"";"";"";"";"";"";"";"";"";""
"Itarumã";"Produção de Argila para Cerâmica  Branca (t)";"";"";"";"";"";"-";"";"";"";"";"";"";"";"";"";"";"";"";"";"";""
"Itarumã";"Produção de Argila para Cerâmica Vermelha (t)";"";"";"";"";"";"-";"";"";"";"";"";"";"";"";"";"";"";"";"";"";""
"Itarumã";"Produção de Argila para Cerâmica (t)";"";"";"";"";"";"-";"";"";"";"";"";"";"";"";"";"";"";"";"";"";""
"Itarumã";"Produção de Argila para Cimento (t)";"";"";"";"";"";"-";"";"";"";"";"";"";"";"";"";"";"";"";"";"";""
"Itarumã";"Produção de Argila Refratária (t)";"";"";"";"";"";"-";"";"";"";"";"";"";"";"";"";"";"";"";"";"";""
"Itauçu";"Produção de Alumínio (t)";"...";"...";"...";"...";"...";"...";"...";"...";"...";"...";"...";"...";"...";"...";"...";"...";"...";"...";"...";"...";"..."
"Itauçu";"Produção de Amianto (t)";"";"";"";"";"";"-";"";"";"";"";"";"";"";"";"";"";"";"";"";"";""
"Itauçu";"Produção de Areia (m³)";"";"";"";"";"";"-";"";"";"";"";"";"";"";"";"";"";"";"";"";"";""
"Itauçu";"Produção de Argila para Cerâmica  Branca (t)";"";"";"";"";"";"-";"";"";"";"";"";"";"";"";"";"";"";"";"";"";""
"Itauçu";"Produção de Argila para Cerâmica Vermelha (t)";"";"";"";"";"";"-";"";"";"";"";"";"";"";"";"";"";"";"";"";"";""
"Itauçu";"Produção de Argila para Cerâmica (t)";"";"";"";"";"";"-";"";"";"";"";"";"";"";"";"";"";"";"";"";"";""
"Itauçu";"Produção de Argila para Cimento (t)";"";"";"";"";"";"-";"";"";"";"";"";"";"";"";"";"";"";"";"";"";""
"Itauçu";"Produção de Argila Refratária (t)";"";"";"";"";"";"-";"";"";"";"";"";"";"";"";"";"";"";"";"";"";""
"Itumbiara";"Produção de Alumínio (t)";"...";"...";"...";"...";"...";"...";"...";"...";"...";"...";"...";"...";"...";"...";"...";"...";"...";"...";"...";"...";"..."
"Itumbiara";"Produção de Amianto (t)";"";"";"";"";"";"-";"";"";"";"";"";"";"";"";"";"";"";"";"";"";""
"Itumbiara";"Produção de Areia (m³)";"";"66.995";"25.311";" 79.071 ";"94.051";"76.211";"99.982";"122.330";"111.123";"49.958";"101.149";"42.199";"";"";"";"";"";"";"";"";""
"Itumbiara";"Produção de Argila para Cerâmica  Branca (t)";"";"";"";"";"";"-";"";"";"";"";"";"";"";"";"";"";"";"";"";"";""
"Itumbiara";"Produção de Argila para Cerâmica Vermelha (t)";"";"-";"-";" 4.000 ";"4.000";"-";"";"";"";"";"";"";"";"";"";"";"";"";"";"";""
"Itumbiara";"Produção de Argila para Cerâmica (t)";"";"-";"2.500";"-";"";"-";"";"";"";"";"";"";"";"";"";"";"";"";"";"";""
"Itumbiara";"Produção de Argila para Cimento (t)";"";"";"";"";"";"-";"";"";"";"";"";"";"";"";"";"";"";"";"";"";""
"Itumbiara";"Produção de Argila Refratária (t)";"";"";"";"";"";"-";"";"";"";"";"";"";"";"";"";"";"";"";"";"";""
"Ivolândia";"Produção de Alumínio (t)";"...";"...";"...";"...";"...";"...";"...";"...";"...";"...";"...";"...";"...";"...";"...";"...";"...";"...";"...";"...";"..."
"Ivolândia";"Produção de Amianto (t)";"";"";"";"";"";"-";"";"";"";"";"";"";"";"";"";"";"";"";"";"";""
"Ivolândia";"Produção de Areia (m³)";"";"";"";"";"";"1.108";"5.338";"";"11.713";"35.935";"25.904";"27.518";"";"";"";"";"";"";"";"";""
"Ivolândia";"Produção de Argila para Cerâmica  Branca (t)";"";"";"";"";"";"-";"";"";"";"";"";"";"";"";"";"";"";"";"";"";""
"Ivolândia";"Produção de Argila para Cerâmica Vermelha (t)";"";"";"";"";"";"-";"";"";"";"";"";"";"";"";"";"";"";"";"";"";""
"Ivolândia";"Produção de Argila para Cerâmica (t)";"";"";"";"";"";"-";"";"";"";"";"";"";"";"";"";"";"";"";"";"";""
"Ivolândia";"Produção de Argila para Cimento (t)";"";"";"";"";"";"-";"";"";"";"";"";"";"";"";"";"";"";"";"";"";""
"Ivolândia";"Produção de Argila Refratária (t)";"";"";"";"";"";"-";"";"";"";"";"";"";"";"";"";"";"";"";"";"";""
"Jandaia";"Produção de Alumínio (t)";"...";"...";"...";"...";"...";"...";"...";"...";"...";"...";"...";"...";"...";"...";"...";"...";"...";"...";"...";"...";"..."
"Jandaia";"Produção de Amianto (t)";"";"";"";"";"";"-";"";"";"";"";"";"";"";"";"";"";"";"";"";"";""
"Jandaia";"Produção de Areia (m³)";"";"1.514";"999";"";"16";"638";"";"130";"120";"370";"";"";"";"";"";"";"";"";"";"";""
"Jandaia";"Produção de Argila para Cerâmica  Branca (t)";"";"";"";"";"";"-";"";"";"";"";"";"";"";"";"";"";"";"";"";"";""
"Jandaia";"Produção de Argila para Cerâmica Vermelha (t)";"";"";"";"";"";"-";"";"";"";"";"";"";"";"";"";"";"";"";"";"";""
"Jandaia";"Produção de Argila para Cerâmica (t)";"";"";"";"";"";"-";"";"";"";"";"";"";"";"";"";"";"";"";"";"";""
"Jandaia";"Produção de Argila para Cimento (t)";"";"";"";"";"";"-";"";"";"";"";"";"";"";"";"";"";"";"";"";"";""
"Jandaia";"Produção de Argila Refratária (t)";"";"";"";"";"";"-";"";"";"";"";"";"";"";"";"";"";"";"";"";"";""
"Jaraguá";"Produção de Alumínio (t)";"...";"...";"...";"...";"...";"...";"...";"...";"...";"...";"...";"...";"...";"...";"...";"...";"...";"...";"...";"...";"..."
"Jaraguá";"Produção de Amianto (t)";"";"";"";"";"";"-";"";"";"";"";"";"";"";"";"";"";"";"";"";"";""
"Jaraguá";"Produção de Areia (m³)";"";"64.403";"52.739";" 29.565 ";"23.023";"56.720";"69.993";"42.372";"23.131";"19.814";"5.115";"4.013";"";"";"";"";"";"";"";"";""
"Jaraguá";"Produção de Argila para Cerâmica  Branca (t)";"";"";"";"";"";"-";"";"";"";"";"";"";"";"";"";"";"";"";"";"";""
"Jaraguá";"Produção de Argila para Cerâmica Vermelha (t)";"";"";"";"";"";"-";"";"";"";"";"";"";"";"";"";"";"";"";"";"";""
"Jaraguá";"Produção de Argila para Cerâmica (t)";"";"";"";"";"";"-";"";"";"";"";"";"";"";"";"";"";"";"";"";"";""
"Jaraguá";"Produção de Argila para Cimento (t)";"";"";"";"";"";"-";"";"";"";"";"";"";"";"";"";"";"";"";"";"";""
"Jaraguá";"Produção de Argila Refratária (t)";"";"";"";"";"";"-";"";"";"";"";"";"";"";"";"";"";"";"";"";"";""
"Jataí";"Produção de Alumínio (t)";"...";"...";"...";"...";"...";"...";"...";"...";"...";"...";"...";"...";"...";"...";"...";"...";"...";"...";"...";"...";"..."
"Jataí";"Produção de Amianto (t)";"";"";"";"";"";"-";"";"";"";"";"";"";"";"";"";"";"";"";"";"";""
"Jataí";"Produção de Areia (m³)";"";"4.150";"9.860";" 6.716 ";"1.167";"4.557";"34.572";"9.182";"12.961";"18.839";"16.851";"15.077";"";"";"";"";"";"";"";"";""
"Jataí";"Produção de Argila para Cerâmica  Branca (t)";"";"";"";"";"";"-";"";"";"";"";"";"";"";"";"";"";"";"";"";"";""
"Jataí";"Produção de Argila para Cerâmica Vermelha (t)";"";"-";"-";" 12.000 ";"12.000";"12.000";"";"12.000";"24.000";"24.000";"12.000";"38.503";"";"";"";"";"";"";"";"";""
"Jataí";"Produção de Argila para Cerâmica (t)";"";"5.100";"-";"-";"";"-";"";"";"";"";"";"";"";"";"";"";"";"";"";"";""
"Jataí";"Produção de Argila para Cimento (t)";"";"";"";"";"";"-";"";"";"";"";"";"";"";"";"";"";"";"";"";"";""
"Jataí";"Produção de Argila Refratária (t)";"";"";"";"";"";"-";"";"";"";"";"";"";"";"";"";"";"";"";"";"";""
"Jaupaci";"Produção de Alumínio (t)";"...";"...";"...";"...";"...";"...";"...";"...";"...";"...";"...";"...";"...";"...";"...";"...";"...";"...";"...";"...";"..."
"Jaupaci";"Produção de Amianto (t)";"";"";"";"";"";"-";"";"";"";"";"";"";"";"";"";"";"";"";"";"";""
"Jaupaci";"Produção de Areia (m³)";"";"";"";"";"";"-";"";"";"6.445";"6.445";"13.529";"1.877";"";"";"";"";"";"";"";"";""
"Jaupaci";"Produção de Argila para Cerâmica  Branca (t)";"";"";"";"";"";"-";"";"";"";"";"";"";"";"";"";"";"";"";"";"";""
"Jaupaci";"Produção de Argila para Cerâmica Vermelha (t)";"";"";"";"";"";"-";"";"";"";"";"";"";"";"";"";"";"";"";"";"";""
"Jaupaci";"Produção de Argila para Cerâmica (t)";"";"";"";"";"";"-";"";"";"";"";"";"";"";"";"";"";"";"";"";"";""
"Jaupaci";"Produção de Argila para Cimento (t)";"";"";"";"";"";"-";"";"";"";"";"";"";"";"";"";"";"";"";"";"";""
"Jaupaci";"Produção de Argila Refratária (t)";"";"";"";"";"";"-";"";"";"";"";"";"";"";"";"";"";"";"";"";"";""
"Jesúpolis";"Produção de Alumínio (t)";"...";"...";"...";"...";"...";"...";"...";"...";"...";"...";"...";"...";"...";"...";"...";"...";"...";"...";"...";"...";"..."
"Jesúpolis";"Produção de Amianto (t)";"";"";"";"";"";"-";"";"";"";"";"";"";"";"";"";"";"";"";"";"";""
"Jesúpolis";"Produção de Areia (m³)";"";"";"";"";"";"-";"";"";"304";"1.083";"";"64";"";"";"";"";"";"";"";"";""
"Jesúpolis";"Produção de Argila para Cerâmica  Branca (t)";"";"";"";"";"";"-";"";"";"";"";"";"";"";"";"";"";"";"";"";"";""
"Jesúpolis";"Produção de Argila para Cerâmica Vermelha (t)";"";"";"";"";"";"-";"";"";"";"";"";"";"";"";"";"";"";"";"";"";""
"Jesúpolis";"Produção de Argila para Cerâmica (t)";"";"";"";"";"";"-";"";"";"";"";"";"";"";"";"";"";"";"";"";"";""
"Jesúpolis";"Produção de Argila para Cimento (t)";"";"";"";"";"";"-";"";"";"";"";"";"";"";"";"";"";"";"";"";"";""
"Jesúpolis";"Produção de Argila Refratária (t)";"";"";"";"";"";"-";"";"";"";"";"";"";"";"";"";"";"";"";"";"";""
"Joviânia";"Produção de Alumínio (t)";"...";"...";"...";"...";"...";"...";"...";"...";"...";"...";"...";"...";"...";"...";"...";"...";"...";"...";"...";"...";"..."
"Joviânia";"Produção de Amianto (t)";"";"";"";"";"";"-";"";"";"";"";"";"";"";"";"";"";"";"";"";"";""
"Joviânia";"Produção de Areia (m³)";"";"";"";"";"";"-";"";"";"";"";"";"";"";"";"";"";"";"";"";"";""
"Joviânia";"Produção de Argila para Cerâmica  Branca (t)";"";"";"";"";"";"-";"";"";"";"";"";"";"";"";"";"";"";"";"";"";""
"Joviânia";"Produção de Argila para Cerâmica Vermelha (t)";"";"";"";"";"";"-";"";"";"";"";"";"";"";"";"";"";"";"";"";"";""
"Joviânia";"Produção de Argila para Cerâmica (t)";"";"";"";"";"";"-";"";"";"";"";"";"";"";"";"";"";"";"";"";"";""
"Joviânia";"Produção de Argila para Cimento (t)";"";"";"";"";"";"-";"";"";"";"";"";"";"";"";"";"";"";"";"";"";""
"Joviânia";"Produção de Argila Refratária (t)";"";"";"";"";"";"-";"";"";"";"";"";"";"";"";"";"";"";"";"";"";""
"Jussara";"Produção de Alumínio (t)";"...";"...";"...";"...";"...";"...";"...";"...";"...";"...";"...";"...";"...";"...";"...";"...";"...";"...";"...";"...";"..."
"Jussara";"Produção de Amianto (t)";"";"";"";"";"";"-";"";"";"";"";"";"";"";"";"";"";"";"";"";"";""
"Jussara";"Produção de Areia (m³)";"";"1.595";"1.360";"-";"";"-";"";"";"";"";"1.829";"810";"";"";"";"";"";"";"";"";""
"Jussara";"Produção de Argila para Cerâmica  Branca (t)";"";"";"";"";"";"-";"";"";"";"";"";"";"";"";"";"";"";"";"";"";""
"Jussara";"Produção de Argila para Cerâmica Vermelha (t)";"";"";"";"";"";"-";"";"";"";"";"";"";"";"";"";"";"";"";"";"";""
"Jussara";"Produção de Argila para Cerâmica (t)";"";"";"";"";"";"-";"";"";"";"";"";"";"";"";"";"";"";"";"";"";""
"Jussara";"Produção de Argila para Cimento (t)";"";"";"";"";"";"-";"";"";"";"";"";"";"";"";"";"";"";"";"";"";""
"Jussara";"Produção de Argila Refratária (t)";"";"";"";"";"";"-";"";"";"";"";"";"";"";"";"";"";"";"";"";"";""
"Lagoa Santa";"Produção de Alumínio (t)";"...";"...";"...";"...";"...";"...";"...";"...";"...";"...";"...";"...";"...";"...";"...";"...";"...";"...";"...";"...";"..."
"Lagoa Santa";"Produção de Amianto (t)";"";"";"";"";"";"-";"";"";"";"";"";"";"";"";"";"";"";"";"";"";""
"Lagoa Santa";"Produção de Areia (m³)";"";"";"";"";"";"-";"";"";"";"";"";"";"";"";"";"";"";"";"";"";""
"Lagoa Santa";"Produção de Argila para Cerâmica  Branca (t)";"";"";"";"";"";"-";"";"";"";"";"";"";"";"";"";"";"";"";"";"";""
"Lagoa Santa";"Produção de Argila para Cerâmica Vermelha (t)";"";"";"";"";"";"-";"";"";"";"";"";"";"";"";"";"";"";"";"";"";""
"Lagoa Santa";"Produção de Argila para Cerâmica (t)";"";"";"";"";"";"-";"";"";"";"";"";"";"";"";"";"";"";"";"";"";""
"Lagoa Santa";"Produção de Argila para Cimento (t)";"";"";"";"";"";"-";"";"";"";"";"";"";"";"";"";"";"";"";"";"";""
"Lagoa Santa";"Produção de Argila Refratária (t)";"";"";"";"";"";"-";"";"";"";"";"";"";"";"";"";"";"";"";"";"";""
"Leopoldo de Bulhões";"Produção de Alumínio (t)";"...";"...";"...";"...";"...";"...";"...";"...";"...";"...";"...";"...";"...";"...";"...";"...";"...";"...";"...";"...";"..."
"Leopoldo de Bulhões";"Produção de Amianto (t)";"";"";"";"";"";"-";"";"";"";"";"";"";"";"";"";"";"";"";"";"";""
"Leopoldo de Bulhões";"Produção de Areia (m³)";"";"";"";"";"";"-";"";"";"";"";"";"";"";"";"";"";"";"";"";"";""
"Leopoldo de Bulhões";"Produção de Argila para Cerâmica  Branca (t)";"";"";"";"";"";"-";"";"";"";"";"";"";"";"";"";"";"";"";"";"";""
"Leopoldo de Bulhões";"Produção de Argila para Cerâmica Vermelha (t)";"";"";"";"";"";"-";"";"";"";"";"";"";"";"";"";"";"";"";"";"";""
"Leopoldo de Bulhões";"Produção de Argila para Cerâmica (t)";"";"";"";"";"";"-";"";"";"";"";"";"";"";"";"";"";"";"";"";"";""
"Leopoldo de Bulhões";"Produção de Argila para Cimento (t)";"";"";"";"";"";"-";"";"";"";"";"";"";"";"";"";"";"";"";"";"";""
"Leopoldo de Bulhões";"Produção de Argila Refratária (t)";"";"";"";"";"";"-";"";"";"";"";"";"";"";"";"";"";"";"";"";"";""
"Luziânia";"Produção de Alumínio (t)";"...";"...";"...";"...";"...";"...";"...";"...";"...";"...";"...";"...";"...";"...";"...";"...";"...";"...";"...";"...";"..."
"Luziânia";"Produção de Amianto (t)";"";"";"";"";"";"-";"";"";"";"";"";"";"";"";"";"";"";"";"";"";""
"Luziânia";"Produção de Areia (m³)";"";"115.709";"116.206";" 258.283 ";"10.881";"51.307";"120.067";"64.961";"66.017";"4.978";"72.312";"72.046";"";"";"";"";"";"";"";"";""
"Luziânia";"Produção de Argila para Cerâmica  Branca (t)";"";"";"";"";"";"-";"";"";"";"";"";"";"";"";"";"";"";"";"";"";""
"Luziânia";"Produção de Argila para Cerâmica Vermelha (t)";"";"-";"-";"204.000 ";"26.430";"-";"";"";"4.000";"4.000";"1.884";"";"";"";"";"";"";"";"";"";""
"Luziânia";"Produção de Argila para Cerâmica (t)";"";"-";"99.000";"-";"";"-";"";"";"";"";"";"";"";"";"";"";"";"";"";"";""
"Luziânia";"Produção de Argila para Cimento (t)";"";"";"";"";"";"-";"";"";"";"";"";"";"";"";"";"";"";"";"";"";""
"Luziânia";"Produção de Argila Refratária (t)";"";"";"";"";"";"-";"";"";"";"";"";"";"";"";"";"";"";"";"";"";""
"Mairipotaba";"Produção de Alumínio (t)";"...";"...";"...";"...";"...";"...";"...";"...";"...";"...";"...";"...";"...";"...";"...";"...";"...";"...";"...";"...";"..."
"Mairipotaba";"Produção de Amianto (t)";"";"";"";"";"";"-";"";"";"";"";"";"";"";"";"";"";"";"";"";"";""
"Mairipotaba";"Produção de Areia (m³)";"";"4.394";"2.673";" 1.050 ";"4.333";"2.167";"";"";"8.509";"";"676";"463";"";"";"";"";"";"";"";"";""
"Mairipotaba";"Produção de Argila para Cerâmica  Branca (t)";"";"";"";"";"";"-";"";"";"";"";"";"";"";"";"";"";"";"";"";"";""
"Mairipotaba";"Produção de Argila para Cerâmica Vermelha (t)";"";"";"";"";"";"-";"";"";"";"";"";"";"";"";"";"";"";"";"";"";""
"Mairipotaba";"Produção de Argila para Cerâmica (t)";"";"";"";"";"";"-";"";"";"";"";"";"";"";"";"";"";"";"";"";"";""
"Mairipotaba";"Produção de Argila para Cimento (t)";"";"";"";"";"";"-";"";"";"";"";"";"";"";"";"";"";"";"";"";"";""
"Mairipotaba";"Produção de Argila Refratária (t)";"";"";"";"";"";"-";"";"";"";"";"";"";"";"";"";"";"";"";"";"";""
"Mambaí";"Produção de Alumínio (t)";"...";"...";"...";"...";"...";"...";"...";"...";"...";"...";"...";"...";"...";"...";"...";"...";"...";"...";"...";"...";"..."
"Mambaí";"Produção de Amianto (t)";"";"";"";"";"";"-";"";"";"";"";"";"";"";"";"";"";"";"";"";"";""
"Mambaí";"Produção de Areia (m³)";"";"";"";"";"";"-";"";"";"";"";"";"";"";"";"";"";"";"";"";"";""
"Mambaí";"Produção de Argila para Cerâmica  Branca (t)";"";"";"";"";"";"-";"";"";"";"";"";"";"";"";"";"";"";"";"";"";""
"Mambaí";"Produção de Argila para Cerâmica Vermelha (t)";"";"";"";"";"";"-";"";"";"";"";"";"";"";"";"";"";"";"";"";"";""
"Mambaí";"Produção de Argila para Cerâmica (t)";"";"";"";"";"";"-";"";"";"";"";"";"";"";"";"";"";"";"";"";"";""
"Mambaí";"Produção de Argila para Cimento (t)";"";"";"";"";"";"-";"";"";"";"";"";"";"";"";"";"";"";"";"";"";""
"Mambaí";"Produção de Argila Refratária (t)";"";"";"";"";"";"-";"";"";"";"";"";"";"";"";"";"";"";"";"";"";""
"Mara Rosa";"Produção de Alumínio (t)";"...";"...";"...";"...";"...";"...";"...";"...";"...";"...";"...";"...";"...";"...";"...";"...";"...";"...";"...";"...";"..."
"Mara Rosa";"Produção de Amianto (t)";"";"";"";"";"";"-";"";"";"";"";"";"";"";"";"";"";"";"";"";"";""
"Mara Rosa";"Produção de Areia (m³)";"";"";"";"";"";"-";"";"";"";"";"";"";"";"";"";"";"";"";"";"";""
"Mara Rosa";"Produção de Argila para Cerâmica  Branca (t)";"";"";"";"";"";"-";"";"";"";"";"";"";"";"";"";"";"";"";"";"";""
"Mara Rosa";"Produção de Argila para Cerâmica Vermelha (t)";"";"-";"-";" 24.100 ";"15.265";"28.967";"23.440";"54.243";"17.700";"39.400";"41.650";"17.900";"";"";"";"";"";"";"";"";""
"Mara Rosa";"Produção de Argila para Cerâmica (t)";"";"24.667";"16.250";"-";"";"-";"";"";"";"";"";"";"";"";"";"";"";"";"";"";""
"Mara Rosa";"Produção de Argila para Cimento (t)";"";"";"";"";"";"-";"";"";"";"";"";"";"";"";"";"";"";"";"";"";""
"Mara Rosa";"Produção de Argila Refratária (t)";"";"";"";"";"";"-";"";"";"";"";"";"";"";"";"";"";"";"";"";"";""
"Marzagão";"Produção de Alumínio (t)";"...";"...";"...";"...";"...";"...";"...";"...";"...";"...";"...";"...";"...";"...";"...";"...";"...";"...";"...";"...";"..."
"Marzagão";"Produção de Amianto (t)";"";"";"";"";"";"-";"";"";"";"";"";"";"";"";"";"";"";"";"";"";""
"Marzagão";"Produção de Areia (m³)";"";"";"";"";"";"-";"";"";"";"";"";"";"";"";"";"";"";"";"";"";""
"Marzagão";"Produção de Argila para Cerâmica  Branca (t)";"";"";"";"";"";"-";"";"";"";"";"";"";"";"";"";"";"";"";"";"";""
"Marzagão";"Produção de Argila para Cerâmica Vermelha (t)";"";"";"";"";"";"-";"";"";"";"";"";"";"";"";"";"";"";"";"";"";""
"Marzagão";"Produção de Argila para Cerâmica (t)";"";"";"";"";"";"-";"";"";"";"";"";"";"";"";"";"";"";"";"";"";""
"Marzagão";"Produção de Argila para Cimento (t)";"";"";"";"";"";"-";"";"";"";"";"";"";"";"";"";"";"";"";"";"";""
"Marzagão";"Produção de Argila Refratária (t)";"";"";"";"";"";"-";"";"";"";"";"";"";"";"";"";"";"";"";"";"";""
"Matrinchã";"Produção de Alumínio (t)";"...";"...";"...";"...";"...";"...";"...";"...";"...";"...";"...";"...";"...";"...";"...";"...";"...";"...";"...";"...";"..."
"Matrinchã";"Produção de Amianto (t)";"";"";"";"";"";"-";"";"";"";"";"";"";"";"";"";"";"";"";"";"";""
"Matrinchã";"Produção de Areia (m³)";"";"";"";"";"";"-";"";"";"";"";"36.213";"2.600";"";"";"";"";"";"";"";"";""
"Matrinchã";"Produção de Argila para Cerâmica  Branca (t)";"";"";"";"";"";"-";"";"";"";"";"";"";"";"";"";"";"";"";"";"";""
"Matrinchã";"Produção de Argila para Cerâmica Vermelha (t)";"";"";"";"";"";"-";"";"";"";"";"";"";"";"";"";"";"";"";"";"";""
"Matrinchã";"Produção de Argila para Cerâmica (t)";"";"";"";"";"";"-";"";"";"";"";"";"";"";"";"";"";"";"";"";"";""
"Matrinchã";"Produção de Argila para Cimento (t)";"";"";"";"";"";"-";"";"";"";"";"";"";"";"";"";"";"";"";"";"";""
"Matrinchã";"Produção de Argila Refratária (t)";"";"";"";"";"";"-";"";"";"";"";"";"";"";"";"";"";"";"";"";"";""
"Maurilândia";"Produção de Alumínio (t)";"...";"...";"...";"...";"...";"...";"...";"...";"...";"...";"...";"...";"...";"...";"...";"...";"...";"...";"...";"...";"..."
"Maurilândia";"Produção de Amianto (t)";"";"";"";"";"";"-";"";"";"";"";"";"";"";"";"";"";"";"";"";"";""
"Maurilândia";"Produção de Areia (m³)";"";"";"";"";"";"-";"";"";"";"";"";"";"";"";"";"";"";"";"";"";""
"Maurilândia";"Produção de Argila para Cerâmica  Branca (t)";"";"";"";"";"";"-";"";"";"";"";"";"";"";"";"";"";"";"";"";"";""
"Maurilândia";"Produção de Argila para Cerâmica Vermelha (t)";"";"";"";"";"";"-";"";"";"";"";"";"";"";"";"";"";"";"";"";"";""
"Maurilândia";"Produção de Argila para Cerâmica (t)";"";"";"";"";"";"-";"";"";"";"";"";"";"";"";"";"";"";"";"";"";""
"Maurilândia";"Produção de Argila para Cimento (t)";"";"";"";"";"";"-";"";"";"";"";"";"";"";"";"";"";"";"";"";"";""
"Maurilândia";"Produção de Argila Refratária (t)";"";"";"";"";"";"-";"";"";"";"";"";"";"";"";"";"";"";"";"";"";""
"Mimoso de Goiás";"Produção de Alumínio (t)";"...";"...";"...";"...";"...";"...";"...";"...";"...";"...";"...";"...";"...";"...";"...";"...";"...";"...";"...";"...";"..."
"Mimoso de Goiás";"Produção de Amianto (t)";"";"";"";"";"";"-";"";"";"";"";"";"";"";"";"";"";"";"";"";"";""
"Mimoso de Goiás";"Produção de Areia (m³)";"";"683";"780";" 1.783 ";"12.959";"-";"4.725";"4.320";"2.729";"5.708";"4.724";"2.592";"";"";"";"";"";"";"";"";""
"Mimoso de Goiás";"Produção de Argila para Cerâmica  Branca (t)";"";"";"";"";"";"-";"";"";"";"";"";"";"";"";"";"";"";"";"";"";""
"Mimoso de Goiás";"Produção de Argila para Cerâmica Vermelha (t)";"";"";"";"";"";"-";"";"";"";"";"";"";"";"";"";"";"";"";"";"";""
"Mimoso de Goiás";"Produção de Argila para Cerâmica (t)";"";"";"";"";"";"-";"";"";"";"";"";"";"";"";"";"";"";"";"";"";""
"Mimoso de Goiás";"Produção de Argila para Cimento (t)";"";"";"";"";"";"-";"";"";"";"";"";"";"";"";"";"";"";"";"";"";""
"Mimoso de Goiás";"Produção de Argila Refratária (t)";"";"";"";"";"";"-";"";"";"";"";"";"";"";"";"";"";"";"";"";"";""
"Minaçu";"Produção de Alumínio (t)";"...";"...";"...";"...";"...";"...";"...";"...";"...";"...";"...";"...";"...";"...";"...";"...";"...";"...";"...";"...";"..."
"Minaçu";"Produção de Amianto (t)";"";"227.304";"254.204";" 287.673 ";"288.452";"302.257";"306.321";"304.569";"290.826";"311.228";"232.052";"177.677";"";"";"";"";"";"";"";"";""
"Minaçu";"Produção de Areia (m³)";"";"";"";"";"";"302";"1.071";"5.190";"874";"";"120";"266";"";"";"";"";"";"";"";"";""
"Minaçu";"Produção de Argila para Cerâmica  Branca (t)";"";"";"";"";"";"-";"";"";"";"";"";"";"";"";"";"";"";"";"";"";""
"Minaçu";"Produção de Argila para Cerâmica Vermelha (t)";"";"";"";"";"";"218";"300";"300";"";"";"";"";"";"";"";"";"";"";"";"";""
"Minaçu";"Produção de Argila para Cerâmica (t)";"";"";"";"";"";"-";"";"";"";"";"";"";"";"";"";"";"";"";"";"";""
"Minaçu";"Produção de Argila para Cimento (t)";"";"";"";"";"";"-";"";"";"";"";"";"";"";"";"";"";"";"";"";"";""
"Minaçu";"Produção de Argila Refratária (t)";"";"";"";"";"";"-";"";"";"";"";"";"";"";"";"";"";"";"";"";"";""
"Mineiros";"Produção de Alumínio (t)";"...";"...";"...";"...";"...";"...";"...";"...";"...";"...";"...";"...";"...";"...";"...";"...";"...";"...";"...";"...";"..."
"Mineiros";"Produção de Amianto (t)";"";"";"";"";"";"-";"";"";"";"";"";"";"";"";"";"";"";"";"";"";""
"Mineiros";"Produção de Areia (m³)";"";"";"";"";"1.183";"2.027";"1.248";"5.927";"7.589";"5.005";"3.083";"7.187";"";"";"";"";"";"";"";"";""
"Mineiros";"Produção de Argila para Cerâmica  Branca (t)";"";"";"";"";"";"-";"";"";"";"";"";"";"";"";"";"";"";"";"";"";""
"Mineiros";"Produção de Argila para Cerâmica Vermelha (t)";"";"";"";"";"";"14.000";"";"12.000";"11.050";"15.972";"8.560";"";"";"";"";"";"";"";"";"";""
"Mineiros";"Produção de Argila para Cerâmica (t)";"";"";"";"";"";"-";"";"";"";"";"";"";"";"";"";"";"";"";"";"";""
"Mineiros";"Produção de Argila para Cimento (t)";"";"";"";"";"";"-";"";"";"";"";"";"";"";"";"";"";"";"";"";"";""
"Mineiros";"Produção de Argila Refratária (t)";"";"";"";"";"";"-";"";"";"";"";"";"";"";"";"";"";"";"";"";"";""
"Moiporá";"Produção de Alumínio (t)";"...";"...";"...";"...";"...";"...";"...";"...";"...";"...";"...";"...";"...";"...";"...";"...";"...";"...";"...";"...";"..."
"Moiporá";"Produção de Amianto (t)";"";"";"";"";"";"-";"";"";"";"";"";"";"";"";"";"";"";"";"";"";""
"Moiporá";"Produção de Areia (m³)";"";"409";"11.848";"-";"";"-";"";"";"5.010";"5.010";"";"";"";"";"";"";"";"";"";"";""
"Moiporá";"Produção de Argila para Cerâmica  Branca (t)";"";"";"";"";"";"-";"";"";"";"";"";"";"";"";"";"";"";"";"";"";""
"Moiporá";"Produção de Argila para Cerâmica Vermelha (t)";"";"";"";"";"";"-";"";"";"";"";"";"";"";"";"";"";"";"";"";"";""
"Moiporá";"Produção de Argila para Cerâmica (t)";"";"";"";"";"";"-";"";"";"";"";"";"";"";"";"";"";"";"";"";"";""
"Moiporá";"Produção de Argila para Cimento (t)";"";"";"";"";"";"-";"";"";"";"";"";"";"";"";"";"";"";"";"";"";""
"Moiporá";"Produção de Argila Refratária (t)";"";"";"";"";"";"-";"";"";"";"";"";"";"";"";"";"";"";"";"";"";""
"Monte Alegre de Goiás";"Produção de Alumínio (t)";"...";"...";"...";"...";"...";"...";"...";"...";"...";"...";"...";"...";"...";"...";"...";"...";"...";"...";"...";"...";"..."
"Monte Alegre de Goiás";"Produção de Amianto (t)";"";"";"";"";"";"-";"";"";"";"";"";"";"";"";"";"";"";"";"";"";""
"Monte Alegre de Goiás";"Produção de Areia (m³)";"";"9.621";"7.090";" 1.071 ";"5.023";"11.996";"18.557";"22.759";"4.677";"3.500";"9.727";"5.724";"";"";"";"";"";"";"";"";""
"Monte Alegre de Goiás";"Produção de Argila para Cerâmica  Branca (t)";"";"";"";"";"";"-";"";"";"";"";"";"";"";"";"";"";"";"";"";"";""
"Monte Alegre de Goiás";"Produção de Argila para Cerâmica Vermelha (t)";"";"";"";"";"";"-";"";"";"4.204";"4.204";"5.398";"6.800";"";"";"";"";"";"";"";"";""
"Monte Alegre de Goiás";"Produção de Argila para Cerâmica (t)";"";"";"";"";"";"-";"";"";"";"";"";"";"";"";"";"";"";"";"";"";""
"Monte Alegre de Goiás";"Produção de Argila para Cimento (t)";"";"";"";"";"";"-";"";"";"";"";"";"";"";"";"";"";"";"";"";"";""
"Monte Alegre de Goiás";"Produção de Argila Refratária (t)";"";"";"";"";"";"-";"";"";"";"";"";"";"";"";"";"";"";"";"";"";""
"Montes Claros de Goiás";"Produção de Alumínio (t)";"...";"...";"...";"...";"...";"...";"...";"...";"...";"...";"...";"...";"...";"...";"...";"...";"...";"...";"...";"...";"..."
"Montes Claros de Goiás";"Produção de Amianto (t)";"";"";"";"";"";"-";"";"";"";"";"";"";"";"";"";"";"";"";"";"";""
"Montes Claros de Goiás";"Produção de Areia (m³)";"";"";"";"";"";"-";"";"";"";"";"";"";"";"";"";"";"";"";"";"";""
"Montes Claros de Goiás";"Produção de Argila para Cerâmica  Branca (t)";"";"";"";"";"";"-";"";"";"";"";"";"";"";"";"";"";"";"";"";"";""
"Montes Claros de Goiás";"Produção de Argila para Cerâmica Vermelha (t)";"";"";"";"";"";"-";"";"";"";"";"";"";"";"";"";"";"";"";"";"";""
"Montes Claros de Goiás";"Produção de Argila para Cerâmica (t)";"";"";"";"";"";"-";"";"";"";"";"";"";"";"";"";"";"";"";"";"";""
"Montes Claros de Goiás";"Produção de Argila para Cimento (t)";"";"";"";"";"";"-";"";"";"";"";"";"";"";"";"";"";"";"";"";"";""
"Montes Claros de Goiás";"Produção de Argila Refratária (t)";"";"";"";"";"";"-";"";"";"";"";"";"";"";"";"";"";"";"";"";"";""
"Montividiu";"Produção de Alumínio (t)";"...";"...";"...";"...";"...";"...";"...";"...";"...";"...";"...";"...";"...";"...";"...";"...";"...";"...";"...";"...";"..."
"Montividiu";"Produção de Amianto (t)";"";"";"";"";"";"-";"";"";"";"";"";"";"";"";"";"";"";"";"";"";""
"Montividiu";"Produção de Areia (m³)";"";"";"";"";"";"-";"";"";"";"";"";"";"";"";"";"";"";"";"";"";""
"Montividiu";"Produção de Argila para Cerâmica  Branca (t)";"";"";"";"";"";"-";"";"";"";"";"";"";"";"";"";"";"";"";"";"";""
"Montividiu";"Produção de Argila para Cerâmica Vermelha (t)";"";"";"";"";"";"-";"";"";"";"";"";"";"";"";"";"";"";"";"";"";""
"Montividiu";"Produção de Argila para Cerâmica (t)";"";"";"";"";"";"-";"";"";"";"";"";"";"";"";"";"";"";"";"";"";""
"Montividiu";"Produção de Argila para Cimento (t)";"";"";"";"";"";"-";"";"";"";"";"";"";"";"";"";"";"";"";"";"";""
"Montividiu";"Produção de Argila Refratária (t)";"";"";"";"";"";"-";"";"";"";"";"";"";"";"";"";"";"";"";"";"";""
"Montividiu do Norte";"Produção de Alumínio (t)";"...";"...";"...";"...";"...";"...";"...";"...";"...";"...";"...";"...";"...";"...";"...";"...";"...";"...";"...";"...";"..."
"Montividiu do Norte";"Produção de Amianto (t)";"";"";"";"";"";"-";"";"";"";"";"";"";"";"";"";"";"";"";"";"";""
"Montividiu do Norte";"Produção de Areia (m³)";"";"";"";"";"";"-";"";"";"";"";"";"";"";"";"";"";"";"";"";"";""
"Montividiu do Norte";"Produção de Argila para Cerâmica  Branca (t)";"";"";"";"";"";"-";"";"";"";"";"";"";"";"";"";"";"";"";"";"";""
"Montividiu do Norte";"Produção de Argila para Cerâmica Vermelha (t)";"";"";"";"";"";"-";"";"";"";"";"";"";"";"";"";"";"";"";"";"";""
"Montividiu do Norte";"Produção de Argila para Cerâmica (t)";"";"";"";"";"";"-";"";"";"";"";"";"";"";"";"";"";"";"";"";"";""
"Montividiu do Norte";"Produção de Argila para Cimento (t)";"";"";"";"";"";"-";"";"";"";"";"";"";"";"";"";"";"";"";"";"";""
"Montividiu do Norte";"Produção de Argila Refratária (t)";"";"";"";"";"";"-";"";"";"";"";"";"";"";"";"";"";"";"";"";"";""
"Morrinhos";"Produção de Alumínio (t)";"...";"...";"...";"...";"...";"...";"...";"...";"...";"...";"...";"...";"...";"...";"...";"...";"...";"...";"...";"...";"..."
"Morrinhos";"Produção de Amianto (t)";"";"";"";"";"";"-";"";"";"";"";"";"";"";"";"";"";"";"";"";"";""
"Morrinhos";"Produção de Areia (m³)";"";"-";"1.500";" 2.267 ";" - ";"6.111";"12.200";"7.545";"18.620";"21.778";"4.902";"4.296";"";"";"";"";"";"";"";"";""
"Morrinhos";"Produção de Argila para Cerâmica  Branca (t)";"";"";"";"";"";"-";"";"";"";"";"";"";"";"";"";"";"";"";"";"";""
"Morrinhos";"Produção de Argila para Cerâmica Vermelha (t)";"";"";"";"";"";"-";"";"4.754";"3.914";"7.230";"5.986";"";"";"";"";"";"";"";"";"";""
"Morrinhos";"Produção de Argila para Cerâmica (t)";"";"";"";"";"";"-";"";"";"";"";"";"";"";"";"";"";"";"";"";"";""
"Morrinhos";"Produção de Argila para Cimento (t)";"";"";"";"";"";"-";"";"";"";"";"";"";"";"";"";"";"";"";"";"";""
"Morrinhos";"Produção de Argila Refratária (t)";"";"";"";"";"";"-";"";"";"";"";"";"";"";"";"";"";"";"";"";"";""
"Morro Agudo de Goiás";"Produção de Alumínio (t)";"...";"...";"...";"...";"...";"...";"...";"...";"...";"...";"...";"...";"...";"...";"...";"...";"...";"...";"...";"...";"..."
"Morro Agudo de Goiás";"Produção de Amianto (t)";"";"";"";"";"";"-";"";"";"";"";"";"";"";"";"";"";"";"";"";"";""
"Morro Agudo de Goiás";"Produção de Areia (m³)";"";"";"";"";"";"-";"";"";"";"";"";"";"";"";"";"";"";"";"";"";""
"Morro Agudo de Goiás";"Produção de Argila para Cerâmica  Branca (t)";"";"";"";"";"";"-";"";"";"";"";"";"";"";"";"";"";"";"";"";"";""
"Morro Agudo de Goiás";"Produção de Argila para Cerâmica Vermelha (t)";"";"";"";"";"";"-";"";"";"";"";"";"";"";"";"";"";"";"";"";"";""
"Morro Agudo de Goiás";"Produção de Argila para Cerâmica (t)";"";"";"";"";"";"-";"";"";"";"";"";"";"";"";"";"";"";"";"";"";""
"Morro Agudo de Goiás";"Produção de Argila para Cimento (t)";"";"";"";"";"";"-";"";"";"";"";"";"";"";"";"";"";"";"";"";"";""
"Morro Agudo de Goiás";"Produção de Argila Refratária (t)";"";"";"";"";"";"-";"";"";"";"";"";"";"";"";"";"";"";"";"";"";""
"Mossâmedes";"Produção de Alumínio (t)";"...";"...";"...";"...";"...";"...";"...";"...";"...";"...";"...";"...";"...";"...";"...";"...";"...";"...";"...";"...";"..."
"Mossâmedes";"Produção de Amianto (t)";"";"";"";"";"";"-";"";"";"";"";"";"";"";"";"";"";"";"";"";"";""
"Mossâmedes";"Produção de Areia (m³)";"";"";"";"";"";"-";"";"";"1.993";"1.993";"4.476";"2.304";"";"";"";"";"";"";"";"";""
"Mossâmedes";"Produção de Argila para Cerâmica  Branca (t)";"";"";"";"";"";"-";"";"";"";"";"";"";"";"";"";"";"";"";"";"";""
"Mossâmedes";"Produção de Argila para Cerâmica Vermelha (t)";"";"";"";"";"";"-";"";"";"";"";"";"";"";"";"";"";"";"";"";"";""
"Mossâmedes";"Produção de Argila para Cerâmica (t)";"";"";"";"";"";"-";"";"";"";"";"";"";"";"";"";"";"";"";"";"";""
"Mossâmedes";"Produção de Argila para Cimento (t)";"";"";"";"";"";"-";"";"";"";"";"";"";"";"";"";"";"";"";"";"";""
"Mossâmedes";"Produção de Argila Refratária (t)";"";"";"";"";"";"-";"";"";"";"";"";"";"";"";"";"";"";"";"";"";""
"Mozarlândia";"Produção de Alumínio (t)";"...";"...";"...";"...";"...";"...";"...";"...";"...";"...";"...";"...";"...";"...";"...";"...";"...";"...";"...";"...";"..."
"Mozarlândia";"Produção de Amianto (t)";"";"";"";"";"";"-";"";"";"";"";"";"";"";"";"";"";"";"";"";"";""
"Mozarlândia";"Produção de Areia (m³)";"";"5.732";"4.131";" 4.824 ";"5.085";"1.007";"13.402";"3.195";"17.968";"2.709";"2.567";"";"";"";"";"";"";"";"";"";""
"Mozarlândia";"Produção de Argila para Cerâmica  Branca (t)";"";"";"";"";"";"-";"";"";"";"";"";"";"";"";"";"";"";"";"";"";""
"Mozarlândia";"Produção de Argila para Cerâmica Vermelha (t)";"";"";"";"";"";"-";"";"";"";"";"";"";"";"";"";"";"";"";"";"";""
"Mozarlândia";"Produção de Argila para Cerâmica (t)";"";"";"";"";"";"-";"";"";"";"";"";"";"";"";"";"";"";"";"";"";""
"Mozarlândia";"Produção de Argila para Cimento (t)";"";"";"";"";"";"-";"";"";"";"";"";"";"";"";"";"";"";"";"";"";""
"Mozarlândia";"Produção de Argila Refratária (t)";"";"";"";"";"";"-";"";"";"";"";"";"";"";"";"";"";"";"";"";"";""
"Mundo Novo";"Produção de Alumínio (t)";"...";"...";"...";"...";"...";"...";"...";"...";"...";"...";"...";"...";"...";"...";"...";"...";"...";"...";"...";"...";"..."
"Mundo Novo";"Produção de Amianto (t)";"";"";"";"";"";"-";"";"";"";"";"";"";"";"";"";"";"";"";"";"";""
"Mundo Novo";"Produção de Areia (m³)";"";"";"";"";"";"-";"";"2.441";"1.403";"13.109";"2.624";"2.018";"";"";"";"";"";"";"";"";""
"Mundo Novo";"Produção de Argila para Cerâmica  Branca (t)";"";"";"";"";"";"-";"";"";"";"";"";"";"";"";"";"";"";"";"";"";""
"Mundo Novo";"Produção de Argila para Cerâmica Vermelha (t)";"";"";"";"";"";"-";"";"";"";"";"";"";"";"";"";"";"";"";"";"";""
"Mundo Novo";"Produção de Argila para Cerâmica (t)";"";"";"";"";"";"-";"";"";"";"";"";"";"";"";"";"";"";"";"";"";""
"Mundo Novo";"Produção de Argila para Cimento (t)";"";"";"";"";"";"-";"";"";"";"";"";"";"";"";"";"";"";"";"";"";""
"Mundo Novo";"Produção de Argila Refratária (t)";"";"";"";"";"";"-";"";"";"";"";"";"";"";"";"";"";"";"";"";"";""
"Mutunópolis";"Produção de Alumínio (t)";"...";"...";"...";"...";"...";"...";"...";"...";"...";"...";"...";"...";"...";"...";"...";"...";"...";"...";"...";"...";"..."
"Mutunópolis";"Produção de Amianto (t)";"";"";"";"";"";"-";"";"";"";"";"";"";"";"";"";"";"";"";"";"";""
"Mutunópolis";"Produção de Areia (m³)";"";"";"";"";"";"-";"";"";"";"";"";"";"";"";"";"";"";"";"";"";""
"Mutunópolis";"Produção de Argila para Cerâmica  Branca (t)";"";"";"";"";"";"-";"";"";"";"";"";"";"";"";"";"";"";"";"";"";""
"Mutunópolis";"Produção de Argila para Cerâmica Vermelha (t)";"";"";"";"";"";"-";"";"";"";"";"";"";"";"";"";"";"";"";"";"";""
"Mutunópolis";"Produção de Argila para Cerâmica (t)";"";"";"";"";"";"-";"";"";"";"";"";"";"";"";"";"";"";"";"";"";""
"Mutunópolis";"Produção de Argila para Cimento (t)";"";"";"";"";"";"-";"";"";"";"";"";"";"";"";"";"";"";"";"";"";""
"Mutunópolis";"Produção de Argila Refratária (t)";"";"";"";"";"";"-";"";"";"";"";"";"";"";"";"";"";"";"";"";"";""
"Nazário";"Produção de Alumínio (t)";"...";"...";"...";"...";"...";"...";"...";"...";"...";"...";"...";"...";"...";"...";"...";"...";"...";"...";"...";"...";"..."
"Nazário";"Produção de Amianto (t)";"";"";"";"";"";"-";"";"";"";"";"";"";"";"";"";"";"";"";"";"";""
"Nazário";"Produção de Areia (m³)";"";"4.126";"-";"-";"";"6.221";"";"";"";"";"791";"840";"";"";"";"";"";"";"";"";""
"Nazário";"Produção de Argila para Cerâmica  Branca (t)";"";"";"";"";"";"-";"";"";"";"";"";"";"";"";"";"";"";"";"";"";""
"Nazário";"Produção de Argila para Cerâmica Vermelha (t)";"";"";"";"";"11.000";"5.000";"";"";"4.480";"11.830";"";"";"";"";"";"";"";"";"";"";""
"Nazário";"Produção de Argila para Cerâmica (t)";"";"4.000";"-";"-";"";"-";"";"";"";"";"";"";"";"";"";"";"";"";"";"";""
"Nazário";"Produção de Argila para Cimento (t)";"";"";"";"";"";"-";"";"";"";"";"";"";"";"";"";"";"";"";"";"";""
"Nazário";"Produção de Argila Refratária (t)";"";"";"";"";"";"-";"";"";"";"";"";"";"";"";"";"";"";"";"";"";""
"Nerópolis";"Produção de Alumínio (t)";"...";"...";"...";"...";"...";"...";"...";"...";"...";"...";"...";"...";"...";"...";"...";"...";"...";"...";"...";"...";"..."
"Nerópolis";"Produção de Amianto (t)";"";"";"";"";"";"-";"";"";"";"";"";"";"";"";"";"";"";"";"";"";""
"Nerópolis";"Produção de Areia (m³)";"";"";"";" 16.360 ";" - ";"-";"";"13.473";"";"";"";"";"";"";"";"";"";"";"";"";""
"Nerópolis";"Produção de Argila para Cerâmica  Branca (t)";"";"2.490";"7.202";" 14.624 ";"13.587";"14.683";"13.473";"";"12.356";"8.476";"";"";"";"";"";"";"";"";"";"";""
"Nerópolis";"Produção de Argila para Cerâmica Vermelha (t)";"";"-";"-";"24.540 ";" - ";"-";"";"";"";"";"";"";"";"";"";"";"";"";"";"";""
"Nerópolis";"Produção de Argila para Cerâmica (t)";"";"-";"33.207";"-";"";"-";"";"";"";"";"";"";"";"";"";"";"";"";"";"";""
"Nerópolis";"Produção de Argila para Cimento (t)";"";"";"";"";"";"-";"";"";"";"";"";"";"";"";"";"";"";"";"";"";""
"Nerópolis";"Produção de Argila Refratária (t)";"";"";"";"";"";"-";"";"";"";"";"";"";"";"";"";"";"";"";"";"";""
"Niquelândia";"Produção de Alumínio (t)";"...";"...";"...";"...";"...";"...";"...";"...";"...";"...";"...";"...";"...";"...";"...";"...";"...";"...";"...";"...";"..."
"Niquelândia";"Produção de Amianto (t)";"";"";"";"";"";"-";"";"";"";"";"";"";"";"";"";"";"";"";"";"";""
"Niquelândia";"Produção de Areia (m³)";"";"822";"11.772";" 6.621 ";"8.000";"10.205";"";"15.300";"10.323";"1.595";"7.307";"2.383";"";"";"";"";"";"";"";"";""
"Niquelândia";"Produção de Argila para Cerâmica  Branca (t)";"";"";"";"";"";"-";"";"";"";"";"";"";"";"";"";"";"";"";"";"";""
"Niquelândia";"Produção de Argila para Cerâmica Vermelha (t)";"";"";"";"";"";"-";"2.502";"";"4.678";"";"";"";"";"";"";"";"";"";"";"";""
"Niquelândia";"Produção de Argila para Cerâmica (t)";"";"-";"467";"-";"";"-";"";"";"";"";"";"";"";"";"";"";"";"";"";"";""
"Niquelândia";"Produção de Argila para Cimento (t)";"";"";"";"";"";"-";"";"";"";"";"";"";"";"";"";"";"";"";"";"";""
"Niquelândia";"Produção de Argila Refratária (t)";"";"";"";"";"";"-";"";"";"";"";"";"";"";"";"";"";"";"";"";"";""
"Nova América";"Produção de Alumínio (t)";"...";"...";"...";"...";"...";"...";"...";"...";"...";"...";"...";"...";"...";"...";"...";"...";"...";"...";"...";"...";"..."
"Nova América";"Produção de Amianto (t)";"";"";"";"";"";"-";"";"";"";"";"";"";"";"";"";"";"";"";"";"";""
"Nova América";"Produção de Areia (m³)";"";"";"";"";"";"1.583";"10.405";"1.702";"1.193";"";"";"";"";"";"";"";"";"";"";"";""
"Nova América";"Produção de Argila para Cerâmica  Branca (t)";"";"";"";"";"";"-";"";"";"";"";"";"";"";"";"";"";"";"";"";"";""
"Nova América";"Produção de Argila para Cerâmica Vermelha (t)";"";"";"";"";"";"-";"";"";"";"";"";"";"";"";"";"";"";"";"";"";""
"Nova América";"Produção de Argila para Cerâmica (t)";"";"";"";"";"";"-";"";"";"";"";"";"";"";"";"";"";"";"";"";"";""
"Nova América";"Produção de Argila para Cimento (t)";"";"";"";"";"";"-";"";"";"";"";"";"";"";"";"";"";"";"";"";"";""
"Nova América";"Produção de Argila Refratária (t)";"";"";"";"";"";"-";"";"";"";"";"";"";"";"";"";"";"";"";"";"";""
"Nova Aurora";"Produção de Alumínio (t)";"...";"...";"...";"...";"...";"...";"...";"...";"...";"...";"...";"...";"...";"...";"...";"...";"...";"...";"...";"...";"..."
"Nova Aurora";"Produção de Amianto (t)";"";"";"";"";"";"-";"";"";"";"";"";"";"";"";"";"";"";"";"";"";""
"Nova Aurora";"Produção de Areia (m³)";"";"";"";"";"";"-";"";"";"";"";"1.949";"";"";"";"";"";"";"";"";"";""
"Nova Aurora";"Produção de Argila para Cerâmica  Branca (t)";"";"";"";"";"";"-";"";"";"";"";"";"";"";"";"";"";"";"";"";"";""
"Nova Aurora";"Produção de Argila para Cerâmica Vermelha (t)";"";"";"";"";"";"-";"";"";"";"";"";"";"";"";"";"";"";"";"";"";""
"Nova Aurora";"Produção de Argila para Cerâmica (t)";"";"";"";"";"";"-";"";"";"";"";"";"";"";"";"";"";"";"";"";"";""
"Nova Aurora";"Produção de Argila para Cimento (t)";"";"";"";"";"";"-";"";"";"";"";"";"";"";"";"";"";"";"";"";"";""
"Nova Aurora";"Produção de Argila Refratária (t)";"";"";"";"";"";"-";"";"";"";"";"";"";"";"";"";"";"";"";"";"";""
"Nova Crixás";"Produção de Alumínio (t)";"...";"...";"...";"...";"...";"...";"...";"...";"...";"...";"...";"...";"...";"...";"...";"...";"...";"...";"...";"...";"..."
"Nova Crixás";"Produção de Amianto (t)";"";"";"";"";"";"-";"";"";"";"";"";"";"";"";"";"";"";"";"";"";""
"Nova Crixás";"Produção de Areia (m³)";"";"";"";"";"";"-";"";"";"";"";"";"";"";"";"";"";"";"";"";"";""
"Nova Crixás";"Produção de Argila para Cerâmica  Branca (t)";"";"";"";"";"";"-";"";"";"";"";"";"";"";"";"";"";"";"";"";"";""
"Nova Crixás";"Produção de Argila para Cerâmica Vermelha (t)";"";"";"";"";"";"-";"";"";"";"";"";"";"";"";"";"";"";"";"";"";""
"Nova Crixás";"Produção de Argila para Cerâmica (t)";"";"";"";"";"";"-";"";"";"";"";"";"";"";"";"";"";"";"";"";"";""
"Nova Crixás";"Produção de Argila para Cimento (t)";"";"";"";"";"";"-";"";"";"";"";"";"";"";"";"";"";"";"";"";"";""
"Nova Crixás";"Produção de Argila Refratária (t)";"";"";"";"";"";"-";"";"";"";"";"";"";"";"";"";"";"";"";"";"";""
"Nova Glória";"Produção de Alumínio (t)";"...";"...";"...";"...";"...";"...";"...";"...";"...";"...";"...";"...";"...";"...";"...";"...";"...";"...";"...";"...";"..."
"Nova Glória";"Produção de Amianto (t)";"";"";"";"";"";"-";"";"";"";"";"";"";"";"";"";"";"";"";"";"";""
"Nova Glória";"Produção de Areia (m³)";"";"2.969";"2.164";" 551 ";"26.725";"12.417";"1.200";"1.218";"430";"10.067";"";"7.355";"";"";"";"";"";"";"";"";""
"Nova Glória";"Produção de Argila para Cerâmica  Branca (t)";"";"";"";"";"";"-";"";"";"";"";"";"";"";"";"";"";"";"";"";"";""
"Nova Glória";"Produção de Argila para Cerâmica Vermelha (t)";"";"";"";"";"";"-";"";"";"";"";"";"";"";"";"";"";"";"";"";"";""
"Nova Glória";"Produção de Argila para Cerâmica (t)";"";"";"";"";"";"-";"";"";"";"";"";"";"";"";"";"";"";"";"";"";""
"Nova Glória";"Produção de Argila para Cimento (t)";"";"";"";"";"";"-";"";"";"";"";"";"";"";"";"";"";"";"";"";"";""
"Nova Glória";"Produção de Argila Refratária (t)";"";"";"";"";"";"-";"";"";"";"";"";"";"";"";"";"";"";"";"";"";""
"Nova Iguaçu de Goiás";"Produção de Alumínio (t)";"...";"...";"...";"...";"...";"...";"...";"...";"...";"...";"...";"...";"...";"...";"...";"...";"...";"...";"...";"...";"..."
"Nova Iguaçu de Goiás";"Produção de Amianto (t)";"";"";"";"";"";"-";"";"";"";"";"";"";"";"";"";"";"";"";"";"";""
"Nova Iguaçu de Goiás";"Produção de Areia (m³)";"";"";"";"";"";"26";"985";"";"746";"746";"";"";"";"";"";"";"";"";"";"";""
"Nova Iguaçu de Goiás";"Produção de Argila para Cerâmica  Branca (t)";"";"";"";"";"";"-";"";"";"";"";"";"";"";"";"";"";"";"";"";"";""
"Nova Iguaçu de Goiás";"Produção de Argila para Cerâmica Vermelha (t)";"";"-";"-";" 1.500 ";" - ";"1.000";"3.497";"";"7.700";"20.952";"";"";"";"";"";"";"";"";"";"";""
"Nova Iguaçu de Goiás";"Produção de Argila para Cerâmica (t)";"";"12.210";"1.700";"-";"";"-";"";"";"";"";"";"";"";"";"";"";"";"";"";"";""
"Nova Iguaçu de Goiás";"Produção de Argila para Cimento (t)";"";"";"";"";"";"-";"";"";"";"";"";"";"";"";"";"";"";"";"";"";""
"Nova Iguaçu de Goiás";"Produção de Argila Refratária (t)";"";"";"";"";"";"-";"";"";"";"";"";"";"";"";"";"";"";"";"";"";""
"Nova Roma";"Produção de Alumínio (t)";"...";"...";"...";"...";"...";"...";"...";"...";"...";"...";"...";"...";"...";"...";"...";"...";"...";"...";"...";"...";"..."
"Nova Roma";"Produção de Amianto (t)";"";"";"";"";"";"-";"";"";"";"";"";"";"";"";"";"";"";"";"";"";""
"Nova Roma";"Produção de Areia (m³)";"";"";"";"";"";"-";"";"";"";"";"330";"";"";"";"";"";"";"";"";"";""
"Nova Roma";"Produção de Argila para Cerâmica  Branca (t)";"";"";"";"";"";"-";"";"";"";"";"";"";"";"";"";"";"";"";"";"";""
"Nova Roma";"Produção de Argila para Cerâmica Vermelha (t)";"";"";"";"";"";"-";"";"";"";"";"330";"";"";"";"";"";"";"";"";"";""
"Nova Roma";"Produção de Argila para Cerâmica (t)";"";"";"";"";"";"-";"";"";"";"";"";"";"";"";"";"";"";"";"";"";""
"Nova Roma";"Produção de Argila para Cimento (t)";"";"";"";"";"";"-";"";"";"";"";"";"";"";"";"";"";"";"";"";"";""
"Nova Roma";"Produção de Argila Refratária (t)";"";"";"";"";"";"-";"";"";"";"";"";"";"";"";"";"";"";"";"";"";""
"Nova Veneza";"Produção de Alumínio (t)";"...";"...";"...";"...";"...";"...";"...";"...";"...";"...";"...";"...";"...";"...";"...";"...";"...";"...";"...";"...";"..."
"Nova Veneza";"Produção de Amianto (t)";"";"";"";"";"";"-";"";"";"";"";"";"";"";"";"";"";"";"";"";"";""
"Nova Veneza";"Produção de Areia (m³)";"";"";"";"";"";"-";"";"6.676";"237.968";"237.968";"524";"";"";"";"";"";"";"";"";"";""
"Nova Veneza";"Produção de Argila para Cerâmica  Branca (t)";"";"";"";"";"";"-";"";"";"";"";"";"";"";"";"";"";"";"";"";"";""
"Nova Veneza";"Produção de Argila para Cerâmica Vermelha (t)";"";"";"";"";"";"33.265";"";"";"";"";"";"";"";"";"";"";"";"";"";"";""
"Nova Veneza";"Produção de Argila para Cerâmica (t)";"";"5.120";"-";"-";"";"-";"";"";"";"";"";"";"";"";"";"";"";"";"";"";""
"Nova Veneza";"Produção de Argila para Cimento (t)";"";"";"";"";"";"-";"";"";"";"";"";"";"";"";"";"";"";"";"";"";""
"Nova Veneza";"Produção de Argila Refratária (t)";"";"";"";"";"";"-";"";"";"";"";"";"";"";"";"";"";"";"";"";"";""
"Novo Brasil";"Produção de Alumínio (t)";"...";"...";"...";"...";"...";"...";"...";"...";"...";"...";"...";"...";"...";"...";"...";"...";"...";"...";"...";"...";"..."
"Novo Brasil";"Produção de Amianto (t)";"";"";"";"";"";"-";"";"";"";"";"";"";"";"";"";"";"";"";"";"";""
"Novo Brasil";"Produção de Areia (m³)";"";"";"";"";"";"-";"";"";"";"";"";"";"";"";"";"";"";"";"";"";""
"Novo Brasil";"Produção de Argila para Cerâmica  Branca (t)";"";"";"";"";"";"-";"";"";"";"";"";"";"";"";"";"";"";"";"";"";""
"Novo Brasil";"Produção de Argila para Cerâmica Vermelha (t)";"";"";"";"";"";"-";"";"";"4.500";"4.500";"";"";"";"";"";"";"";"";"";"";""
"Novo Brasil";"Produção de Argila para Cerâmica (t)";"";"";"";"";"";"-";"";"";"";"";"";"";"";"";"";"";"";"";"";"";""
"Novo Brasil";"Produção de Argila para Cimento (t)";"";"";"";"";"";"-";"";"";"";"";"";"";"";"";"";"";"";"";"";"";""
"Novo Brasil";"Produção de Argila Refratária (t)";"";"";"";"";"";"-";"";"";"";"";"";"";"";"";"";"";"";"";"";"";""
"Novo Gama";"Produção de Alumínio (t)";"...";"...";"...";"...";"...";"...";"...";"...";"...";"...";"...";"...";"...";"...";"...";"...";"...";"...";"...";"...";"..."
"Novo Gama";"Produção de Amianto (t)";"";"";"";"";"";"-";"";"";"";"";"";"";"";"";"";"";"";"";"";"";""
"Novo Gama";"Produção de Areia (m³)";"";"";"";"";"";"-";"";"";"";"";"";"";"";"";"";"";"";"";"";"";""
"Novo Gama";"Produção de Argila para Cerâmica  Branca (t)";"";"";"";"";"";"-";"";"";"";"";"";"";"";"";"";"";"";"";"";"";""
"Novo Gama";"Produção de Argila para Cerâmica Vermelha (t)";"";"";"";"";"";"-";"";"";"";"";"";"";"";"";"";"";"";"";"";"";""
"Novo Gama";"Produção de Argila para Cerâmica (t)";"";"";"";"";"";"-";"";"";"";"";"";"";"";"";"";"";"";"";"";"";""
"Novo Gama";"Produção de Argila para Cimento (t)";"";"";"";"";"";"-";"";"";"";"";"";"";"";"";"";"";"";"";"";"";""
"Novo Gama";"Produção de Argila Refratária (t)";"";"";"";"";"";"-";"";"";"";"";"";"";"";"";"";"";"";"";"";"";""
"Novo Planalto";"Produção de Alumínio (t)";"...";"...";"...";"...";"...";"...";"...";"...";"...";"...";"...";"...";"...";"...";"...";"...";"...";"...";"...";"...";"..."
"Novo Planalto";"Produção de Amianto (t)";"";"";"";"";"";"-";"";"";"";"";"";"";"";"";"";"";"";"";"";"";""
"Novo Planalto";"Produção de Areia (m³)";"";"";"";"";"";"-";"";"";"";"";"";"";"";"";"";"";"";"";"";"";""
"Novo Planalto";"Produção de Argila para Cerâmica  Branca (t)";"";"";"";"";"";"-";"";"";"";"";"";"";"";"";"";"";"";"";"";"";""
"Novo Planalto";"Produção de Argila para Cerâmica Vermelha (t)";"";"";"";"";"";"-";"";"";"";"";"";"";"";"";"";"";"";"";"";"";""
"Novo Planalto";"Produção de Argila para Cerâmica (t)";"";"";"";"";"";"-";"";"";"";"";"";"";"";"";"";"";"";"";"";"";""
"Novo Planalto";"Produção de Argila para Cimento (t)";"";"";"";"";"";"-";"";"";"";"";"";"";"";"";"";"";"";"";"";"";""
"Novo Planalto";"Produção de Argila Refratária (t)";"";"";"";"";"";"-";"";"";"";"";"";"";"";"";"";"";"";"";"";"";""
"Orizona";"Produção de Alumínio (t)";"...";"...";"...";"...";"...";"...";"...";"...";"...";"...";"...";"...";"...";"...";"...";"...";"...";"...";"...";"...";"..."
"Orizona";"Produção de Amianto (t)";"";"";"";"";"";"-";"";"";"";"";"";"";"";"";"";"";"";"";"";"";""
"Orizona";"Produção de Areia (m³)";"";"63.688";"50.299";" 55.821 ";"25.054";"34.426";"81.601";"92.031";"64.696";"15.588";"10.936";"8.059";"";"";"";"";"";"";"";"";""
"Orizona";"Produção de Argila para Cerâmica  Branca (t)";"";"";"";"";"";"-";"";"";"";"";"";"";"";"";"";"";"";"";"";"";""
"Orizona";"Produção de Argila para Cerâmica Vermelha (t)";"";"";"";"";"";"-";"";"288";"2.095";"2.095";"1.374";"605";"";"";"";"";"";"";"";"";""
"Orizona";"Produção de Argila para Cerâmica (t)";"";"";"";"";"";"-";"";"";"";"";"";"";"";"";"";"";"";"";"";"";""
"Orizona";"Produção de Argila para Cimento (t)";"";"";"";"";"";"-";"";"";"";"";"";"";"";"";"";"";"";"";"";"";""
"Orizona";"Produção de Argila Refratária (t)";"";"";"";"";"";"-";"";"";"";"";"";"";"";"";"";"";"";"";"";"";""
"Ouro Verde de Goiás";"Produção de Alumínio (t)";"...";"...";"...";"...";"...";"...";"...";"...";"...";"...";"...";"...";"...";"...";"...";"...";"...";"...";"...";"...";"..."
"Ouro Verde de Goiás";"Produção de Amianto (t)";"";"";"";"";"";"-";"";"";"";"";"";"";"";"";"";"";"";"";"";"";""
"Ouro Verde de Goiás";"Produção de Areia (m³)";"";"";"";"";"";"-";"";"";"";"";"";"";"";"";"";"";"";"";"";"";""
"Ouro Verde de Goiás";"Produção de Argila para Cerâmica  Branca (t)";"";"";"";"";"";"-";"";"";"";"";"";"";"";"";"";"";"";"";"";"";""
"Ouro Verde de Goiás";"Produção de Argila para Cerâmica Vermelha (t)";"";"";"";"";"";"-";"";"";"";"";"";"4.320";"";"";"";"";"";"";"";"";""
"Ouro Verde de Goiás";"Produção de Argila para Cerâmica (t)";"";"";"";"";"";"-";"";"";"";"";"";"";"";"";"";"";"";"";"";"";""
"Ouro Verde de Goiás";"Produção de Argila para Cimento (t)";"";"";"";"";"";"-";"";"";"";"";"";"";"";"";"";"";"";"";"";"";""
"Ouro Verde de Goiás";"Produção de Argila Refratária (t)";"";"";"";"";"";"-";"";"";"";"";"";"";"";"";"";"";"";"";"";"";""
"Ouvidor";"Produção de Alumínio (t)";"...";"...";"...";"...";"...";"...";"...";"...";"...";"...";"...";"...";"...";"...";"...";"...";"...";"...";"...";"...";"..."
"Ouvidor";"Produção de Amianto (t)";"";"";"";"";"";"-";"";"";"";"";"";"";"";"";"";"";"";"";"";"";""
"Ouvidor";"Produção de Areia (m³)";"";"";"";"";"";"-";"";"";"";"";"";"";"";"";"";"";"";"";"";"";""
"Ouvidor";"Produção de Argila para Cerâmica  Branca (t)";"";"";"";"";"";"-";"";"";"";"";"";"";"";"";"";"";"";"";"";"";""
"Ouvidor";"Produção de Argila para Cerâmica Vermelha (t)";"";"-";"-";" 12.100 ";"17.358";"20.980";"18.700";"11.000";"15.306";"";"";"";"";"";"";"";"";"";"";"";""
"Ouvidor";"Produção de Argila para Cerâmica (t)";"";"6.220";"11.450";"-";"";"-";"";"";"";"";"";"";"";"";"";"";"";"";"";"";""
"Ouvidor";"Produção de Argila para Cimento (t)";"";"";"";"";"";"-";"";"";"";"";"";"";"";"";"";"";"";"";"";"";""
"Ouvidor";"Produção de Argila Refratária (t)";"";"";"";"";"";"-";"";"";"";"";"";"";"";"";"";"";"";"";"";"";""
"Padre Bernardo";"Produção de Alumínio (t)";"...";"...";"...";"...";"...";"...";"...";"...";"...";"...";"...";"...";"...";"...";"...";"...";"...";"...";"...";"...";"..."
"Padre Bernardo";"Produção de Amianto (t)";"";"";"";"";"";"-";"";"";"";"";"";"";"";"";"";"";"";"";"";"";""
"Padre Bernardo";"Produção de Areia (m³)";"";"111.114";"124.219";" 409.719 ";"402.150";"339.416";"227.890";"203.680";"143.954";"4.560";"226.403";"190.137";"";"";"";"";"";"";"";"";""
"Padre Bernardo";"Produção de Argila para Cerâmica  Branca (t)";"";"";"";"";"";"-";"";"";"";"";"";"";"";"";"";"";"";"";"";"";""
"Padre Bernardo";"Produção de Argila para Cerâmica Vermelha (t)";"";"";"";"";"";"-";"";"";"";"";"";"";"";"";"";"";"";"";"";"";""
"Padre Bernardo";"Produção de Argila para Cerâmica (t)";"";"";"";"";"";"-";"";"";"";"";"";"";"";"";"";"";"";"";"";"";""
"Padre Bernardo";"Produção de Argila para Cimento (t)";"";"";"";"";"";"-";"";"";"";"";"";"";"";"";"";"";"";"";"";"";""
"Padre Bernardo";"Produção de Argila Refratária (t)";"";"";"";"";"";"-";"";"";"";"";"";"";"";"";"";"";"";"";"";"";""
"Palestina de Goiás";"Produção de Alumínio (t)";"...";"...";"...";"...";"...";"...";"...";"...";"...";"...";"...";"...";"...";"...";"...";"...";"...";"...";"...";"...";"..."
"Palestina de Goiás";"Produção de Amianto (t)";"";"";"";"";"";"-";"";"";"";"";"";"";"";"";"";"";"";"";"";"";""
"Palestina de Goiás";"Produção de Areia (m³)";"";"";"";"";"";"-";"";"";"";"";"";"";"";"";"";"";"";"";"";"";""
"Palestina de Goiás";"Produção de Argila para Cerâmica  Branca (t)";"";"";"";"";"";"-";"";"";"";"";"";"";"";"";"";"";"";"";"";"";""
"Palestina de Goiás";"Produção de Argila para Cerâmica Vermelha (t)";"";"";"";"";"";"-";"";"";"";"";"";"";"";"";"";"";"";"";"";"";""
"Palestina de Goiás";"Produção de Argila para Cerâmica (t)";"";"";"";"";"";"-";"";"";"";"";"";"";"";"";"";"";"";"";"";"";""
"Palestina de Goiás";"Produção de Argila para Cimento (t)";"";"";"";"";"";"-";"";"";"";"";"";"";"";"";"";"";"";"";"";"";""
"Palestina de Goiás";"Produção de Argila Refratária (t)";"";"";"";"";"";"-";"";"";"";"";"";"";"";"";"";"";"";"";"";"";""
"Palmeiras de Goiás";"Produção de Alumínio (t)";"...";"...";"...";"...";"...";"...";"...";"...";"...";"...";"...";"...";"...";"...";"...";"...";"...";"...";"...";"...";"..."
"Palmeiras de Goiás";"Produção de Amianto (t)";"";"";"";"";"";"-";"";"";"";"";"";"";"";"";"";"";"";"";"";"";""
"Palmeiras de Goiás";"Produção de Areia (m³)";"";"1.959";"711";"-";"";"5.867";"1.840";"1.836";"";"";"";"";"";"";"";"";"";"";"";"";""
"Palmeiras de Goiás";"Produção de Argila para Cerâmica  Branca (t)";"";"";"";"";"";"-";"";"";"";"";"";"";"";"";"";"";"";"";"";"";""
"Palmeiras de Goiás";"Produção de Argila para Cerâmica Vermelha (t)";"";"-";"-";" 20.500 ";"32.000";"8.000";"";"";"3.740";"3.740";"";"";"";"";"";"";"";"";"";"";""
"Palmeiras de Goiás";"Produção de Argila para Cerâmica (t)";"";"3.575";"1.570";"-";"";"-";"";"";"";"";"";"";"";"";"";"";"";"";"";"";""
"Palmeiras de Goiás";"Produção de Argila para Cimento (t)";"";"";"";"";"";"-";"";"";"";"";"";"";"";"";"";"";"";"";"";"";""
"Palmeiras de Goiás";"Produção de Argila Refratária (t)";"";"";"";"";"";"-";"";"";"";"";"";"";"";"";"";"";"";"";"";"";""
"Palmelo";"Produção de Alumínio (t)";"...";"...";"...";"...";"...";"...";"...";"...";"...";"...";"...";"...";"...";"...";"...";"...";"...";"...";"...";"...";"..."
"Palmelo";"Produção de Amianto (t)";"";"";"";"";"";"-";"";"";"";"";"";"";"";"";"";"";"";"";"";"";""
"Palmelo";"Produção de Areia (m³)";"";"";"";"";"";"-";"";"";"";"";"";"";"";"";"";"";"";"";"";"";""
"Palmelo";"Produção de Argila para Cerâmica  Branca (t)";"";"";"";"";"";"-";"";"";"";"";"";"";"";"";"";"";"";"";"";"";""
"Palmelo";"Produção de Argila para Cerâmica Vermelha (t)";"";"";"";"";"";"-";"";"";"";"";"";"";"";"";"";"";"";"";"";"";""
"Palmelo";"Produção de Argila para Cerâmica (t)";"";"";"";"";"";"-";"";"";"";"";"";"";"";"";"";"";"";"";"";"";""
"Palmelo";"Produção de Argila para Cimento (t)";"";"";"";"";"";"-";"";"";"";"";"";"";"";"";"";"";"";"";"";"";""
"Palmelo";"Produção de Argila Refratária (t)";"";"";"";"";"";"-";"";"";"";"";"";"";"";"";"";"";"";"";"";"";""
"Palminópolis";"Produção de Alumínio (t)";"...";"...";"...";"...";"...";"...";"...";"...";"...";"...";"...";"...";"...";"...";"...";"...";"...";"...";"...";"...";"..."
"Palminópolis";"Produção de Amianto (t)";"";"";"";"";"";"-";"";"";"";"";"";"";"";"";"";"";"";"";"";"";""
"Palminópolis";"Produção de Areia (m³)";"";"";"";"";"";"-";"";"";"";"";"";"";"";"";"";"";"";"";"";"";""
"Palminópolis";"Produção de Argila para Cerâmica  Branca (t)";"";"";"";"";"";"-";"";"";"";"";"";"";"";"";"";"";"";"";"";"";""
"Palminópolis";"Produção de Argila para Cerâmica Vermelha (t)";"";"";"";"";"";"-";"";"";"";"";"";"";"";"";"";"";"";"";"";"";""
"Palminópolis";"Produção de Argila para Cerâmica (t)";"";"";"";"";"";"-";"";"";"";"";"";"";"";"";"";"";"";"";"";"";""
"Palminópolis";"Produção de Argila para Cimento (t)";"";"";"";"";"";"-";"";"";"";"";"";"";"";"";"";"";"";"";"";"";""
"Palminópolis";"Produção de Argila Refratária (t)";"";"";"";"";"";"-";"";"";"";"";"";"";"";"";"";"";"";"";"";"";""
"Panamá";"Produção de Alumínio (t)";"...";"...";"...";"...";"...";"...";"...";"...";"...";"...";"...";"...";"...";"...";"...";"...";"...";"...";"...";"...";"..."
"Panamá";"Produção de Amianto (t)";"";"";"";"";"";"-";"";"";"";"";"";"";"";"";"";"";"";"";"";"";""
"Panamá";"Produção de Areia (m³)";"";"";"";"";"";"-";"";"";"";"";"";"";"";"";"";"";"";"";"";"";""
"Panamá";"Produção de Argila para Cerâmica  Branca (t)";"";"";"";"";"";"-";"";"";"";"";"";"";"";"";"";"";"";"";"";"";""
"Panamá";"Produção de Argila para Cerâmica Vermelha (t)";"";"";"";"";"";"-";"";"";"";"";"";"";"";"";"";"";"";"";"";"";""
"Panamá";"Produção de Argila para Cerâmica (t)";"";"";"";"";"";"-";"";"";"";"";"";"";"";"";"";"";"";"";"";"";""
"Panamá";"Produção de Argila para Cimento (t)";"";"";"";"";"";"-";"";"";"";"";"";"";"";"";"";"";"";"";"";"";""
"Panamá";"Produção de Argila Refratária (t)";"";"";"";"";"";"-";"";"";"";"";"";"";"";"";"";"";"";"";"";"";""
"Paranaiguara";"Produção de Alumínio (t)";"...";"...";"...";"...";"...";"...";"...";"...";"...";"...";"...";"...";"...";"...";"...";"...";"...";"...";"...";"...";"..."
"Paranaiguara";"Produção de Amianto (t)";"";"";"";"";"";"-";"";"";"";"";"";"";"";"";"";"";"";"";"";"";""
"Paranaiguara";"Produção de Areia (m³)";"";"";"";"";"";"-";"";"";"";"";"";"";"";"";"";"";"";"";"";"";""
"Paranaiguara";"Produção de Argila para Cerâmica  Branca (t)";"";"";"";"";"";"-";"";"";"";"";"";"";"";"";"";"";"";"";"";"";""
"Paranaiguara";"Produção de Argila para Cerâmica Vermelha (t)";"";"";"";"";"";"-";"";"";"";"";"";"";"";"";"";"";"";"";"";"";""
"Paranaiguara";"Produção de Argila para Cerâmica (t)";"";"";"";"";"";"-";"";"";"";"";"";"";"";"";"";"";"";"";"";"";""
"Paranaiguara";"Produção de Argila para Cimento (t)";"";"";"";"";"";"-";"";"";"";"";"";"";"";"";"";"";"";"";"";"";""
"Paranaiguara";"Produção de Argila Refratária (t)";"";"";"";"";"";"-";"";"";"";"";"";"";"";"";"";"";"";"";"";"";""
"Paraúna";"Produção de Alumínio (t)";"...";"...";"...";"...";"...";"...";"...";"...";"...";"...";"...";"...";"...";"...";"...";"...";"...";"...";"...";"...";"..."
"Paraúna";"Produção de Amianto (t)";"";"";"";"";"";"-";"";"";"";"";"";"";"";"";"";"";"";"";"";"";""
"Paraúna";"Produção de Areia (m³)";"";"550";"385";" 3.273 ";"660";"-";"";"450";"180";"460";"3.719";"";"";"";"";"";"";"";"";"";""
"Paraúna";"Produção de Argila para Cerâmica  Branca (t)";"";"";"";"";"";"-";"";"";"";"";"";"";"";"";"";"";"";"";"";"";""
"Paraúna";"Produção de Argila para Cerâmica Vermelha (t)";"";"";"";"";"";"-";"";"";"";"";"";"";"";"";"";"";"";"";"";"";""
"Paraúna";"Produção de Argila para Cerâmica (t)";"";"";"";"";"";"-";"";"";"";"";"";"";"";"";"";"";"";"";"";"";""
"Paraúna";"Produção de Argila para Cimento (t)";"";"";"";"";"";"-";"";"";"";"";"";"";"";"";"";"";"";"";"";"";""
"Paraúna";"Produção de Argila Refratária (t)";"";"";"";"";"";"-";"";"";"";"";"";"";"";"";"";"";"";"";"";"";""
"Perolândia";"Produção de Alumínio (t)";"...";"...";"...";"...";"...";"...";"...";"...";"...";"...";"...";"...";"...";"...";"...";"...";"...";"...";"...";"...";"..."
"Perolândia";"Produção de Amianto (t)";"";"";"";"";"";"-";"";"";"";"";"";"";"";"";"";"";"";"";"";"";""
"Perolândia";"Produção de Areia (m³)";"";"";"";"";"";"-";"";"";"";"";"";"";"";"";"";"";"";"";"";"";""
"Perolândia";"Produção de Argila para Cerâmica  Branca (t)";"";"";"";"";"";"-";"";"";"";"";"";"";"";"";"";"";"";"";"";"";""
"Perolândia";"Produção de Argila para Cerâmica Vermelha (t)";"";"";"";"";"";"-";"";"";"";"";"";"";"";"";"";"";"";"";"";"";""
"Perolândia";"Produção de Argila para Cerâmica (t)";"";"";"";"";"";"-";"";"";"";"";"";"";"";"";"";"";"";"";"";"";""
"Perolândia";"Produção de Argila para Cimento (t)";"";"";"";"";"";"-";"";"";"";"";"";"";"";"";"";"";"";"";"";"";""
"Perolândia";"Produção de Argila Refratária (t)";"";"";"";"";"";"-";"";"";"";"";"";"";"";"";"";"";"";"";"";"";""
"Petrolina de Goiás";"Produção de Alumínio (t)";"...";"...";"...";"...";"...";"...";"...";"...";"...";"...";"...";"...";"...";"...";"...";"...";"...";"...";"...";"...";"..."
"Petrolina de Goiás";"Produção de Amianto (t)";"";"";"";"";"";"-";"";"";"";"";"";"";"";"";"";"";"";"";"";"";""
"Petrolina de Goiás";"Produção de Areia (m³)";"";"";"";"";"";"-";"";"";"";"";"";"";"";"";"";"";"";"";"";"";""
"Petrolina de Goiás";"Produção de Argila para Cerâmica  Branca (t)";"";"";"";"";"";"-";"";"";"";"";"";"";"";"";"";"";"";"";"";"";""
"Petrolina de Goiás";"Produção de Argila para Cerâmica Vermelha (t)";"";"";"";"";"";"-";"";"";"";"";"";"23.940";"";"";"";"";"";"";"";"";""
"Petrolina de Goiás";"Produção de Argila para Cerâmica (t)";"";"";"";"";"";"-";"";"";"";"";"";"";"";"";"";"";"";"";"";"";""
"Petrolina de Goiás";"Produção de Argila para Cimento (t)";"";"";"";"";"";"-";"";"";"";"";"";"";"";"";"";"";"";"";"";"";""
"Petrolina de Goiás";"Produção de Argila Refratária (t)";"";"";"";"";"";"-";"";"";"";"";"";"";"";"";"";"";"";"";"";"";""
"Pilar de Goiás";"Produção de Alumínio (t)";"...";"...";"...";"...";"...";"...";"...";"...";"...";"...";"...";"...";"...";"...";"...";"...";"...";"...";"...";"...";"..."
"Pilar de Goiás";"Produção de Amianto (t)";"";"";"";"";"";"-";"";"";"";"";"";"";"";"";"";"";"";"";"";"";""
"Pilar de Goiás";"Produção de Areia (m³)";"";"";"";"";"";"-";"";"";"";"";"";"";"";"";"";"";"";"";"";"";""
"Pilar de Goiás";"Produção de Argila para Cerâmica  Branca (t)";"";"";"";"";"";"-";"";"";"";"";"";"";"";"";"";"";"";"";"";"";""
"Pilar de Goiás";"Produção de Argila para Cerâmica Vermelha (t)";"";"";"";"";"";"-";"";"";"";"";"";"";"";"";"";"";"";"";"";"";""
"Pilar de Goiás";"Produção de Argila para Cerâmica (t)";"";"";"";"";"";"-";"";"";"";"";"";"";"";"";"";"";"";"";"";"";""
"Pilar de Goiás";"Produção de Argila para Cimento (t)";"";"";"";"";"";"-";"";"";"";"";"";"";"";"";"";"";"";"";"";"";""
"Pilar de Goiás";"Produção de Argila Refratária (t)";"";"";"";"";"";"-";"";"";"";"";"";"";"";"";"";"";"";"";"";"";""
"Piracanjuba";"Produção de Alumínio (t)";"...";"...";"...";"...";"...";"...";"...";"...";"...";"...";"...";"...";"...";"...";"...";"...";"...";"...";"...";"...";"..."
"Piracanjuba";"Produção de Amianto (t)";"";"";"";"";"";"-";"";"";"";"";"";"";"";"";"";"";"";"";"";"";""
"Piracanjuba";"Produção de Areia (m³)";"";"3.878";"4.980";" 4.845 ";"4.166";"18.544";"17.498";"20.036";"105.843";"155.863";"106.253";"97.694";"";"";"";"";"";"";"";"";""
"Piracanjuba";"Produção de Argila para Cerâmica  Branca (t)";"";"";"";"";"";"-";"";"";"";"";"";"";"";"";"";"";"";"";"";"";""
"Piracanjuba";"Produção de Argila para Cerâmica Vermelha (t)";"";"";"";"";"";"-";"";"";"";"";"";"";"";"";"";"";"";"";"";"";""
"Piracanjuba";"Produção de Argila para Cerâmica (t)";"";"";"";"";"";"-";"";"";"";"";"";"";"";"";"";"";"";"";"";"";""
"Piracanjuba";"Produção de Argila para Cimento (t)";"";"";"";"";"";"-";"";"";"";"";"";"";"";"";"";"";"";"";"";"";""
"Piracanjuba";"Produção de Argila Refratária (t)";"";"";"";"";"";"-";"";"";"";"";"";"";"";"";"";"";"";"";"";"";""
"Piranhas";"Produção de Alumínio (t)";"...";"...";"...";"...";"...";"...";"...";"...";"...";"...";"...";"...";"...";"...";"...";"...";"...";"...";"...";"...";"..."
"Piranhas";"Produção de Amianto (t)";"";"";"";"";"";"-";"";"";"";"";"";"";"";"";"";"";"";"";"";"";""
"Piranhas";"Produção de Areia (m³)";"";"";"";"";"";"-";"";"";"";"";"3.403";"2.055";"";"";"";"";"";"";"";"";""
"Piranhas";"Produção de Argila para Cerâmica  Branca (t)";"";"";"";"";"";"-";"";"";"";"";"";"";"";"";"";"";"";"";"";"";""
"Piranhas";"Produção de Argila para Cerâmica Vermelha (t)";"";"";"";"";"";"-";"";"";"";"";"";"";"";"";"";"";"";"";"";"";""
"Piranhas";"Produção de Argila para Cerâmica (t)";"";"";"";"";"";"-";"";"";"";"";"";"";"";"";"";"";"";"";"";"";""
"Piranhas";"Produção de Argila para Cimento (t)";"";"";"";"";"";"-";"";"";"";"";"";"";"";"";"";"";"";"";"";"";""
"Piranhas";"Produção de Argila Refratária (t)";"";"";"";"";"";"-";"";"";"";"";"";"";"";"";"";"";"";"";"";"";""
"Pirenópolis";"Produção de Alumínio (t)";"...";"...";"...";"...";"...";"...";"...";"...";"...";"...";"...";"...";"...";"...";"...";"...";"...";"...";"...";"...";"..."
"Pirenópolis";"Produção de Amianto (t)";"";"";"";"";"";"-";"";"";"";"";"";"";"";"";"";"";"";"";"";"";""
"Pirenópolis";"Produção de Areia (m³)";"";"5.565";"640";" 1.390 ";"1.453";"2.294";"2.057";"2.774";"";"";"1.000";"1.988";"";"";"";"";"";"";"";"";""
"Pirenópolis";"Produção de Argila para Cerâmica  Branca (t)";"";"";"";"";"";"-";"";"";"";"";"";"";"";"";"";"";"";"";"";"";""
"Pirenópolis";"Produção de Argila para Cerâmica Vermelha (t)";"";"";"";"";"";"14.500";"";"";"5.210";"";"";"";"";"";"";"";"";"";"";"";""
"Pirenópolis";"Produção de Argila para Cerâmica (t)";"";"";"";"";"";"-";"";"";"";"";"";"";"";"";"";"";"";"";"";"";""
"Pirenópolis";"Produção de Argila para Cimento (t)";"";"";"";"";"";"-";"";"";"";"";"";"";"";"";"";"";"";"";"";"";""
"Pirenópolis";"Produção de Argila Refratária (t)";"";"";"";"";"";"-";"";"";"";"";"";"";"";"";"";"";"";"";"";"";""
"Pires do Rio";"Produção de Alumínio (t)";"...";"...";"...";"...";"...";"...";"...";"...";"...";"...";"...";"...";"...";"...";"...";"...";"...";"...";"...";"...";"..."
"Pires do Rio";"Produção de Amianto (t)";"";"";"";"";"";"-";"";"";"";"";"";"";"";"";"";"";"";"";"";"";""
"Pires do Rio";"Produção de Areia (m³)";"";"1.776";"580";" 1.080 ";" - ";"-";"1.517";"3.385";"651";"4.126";"3.874";"2.730";"";"";"";"";"";"";"";"";""
"Pires do Rio";"Produção de Argila para Cerâmica  Branca (t)";"";"";"";"";"";"-";"";"";"";"";"";"";"";"";"";"";"";"";"";"";""
"Pires do Rio";"Produção de Argila para Cerâmica Vermelha (t)";"";"-";"-";" 6.804 ";" - ";"-";"738";"959";"4.356";"3.989";"";"";"";"";"";"";"";"";"";"";""
"Pires do Rio";"Produção de Argila para Cerâmica (t)";"";"3.636";"1.212";"-";"";"-";"";"";"";"";"";"";"";"";"";"";"";"";"";"";""
"Pires do Rio";"Produção de Argila para Cimento (t)";"";"";"";"";"";"-";"";"";"";"";"";"";"";"";"";"";"";"";"";"";""
"Pires do Rio";"Produção de Argila Refratária (t)";"";"";"";"";"";"-";"";"";"";"";"";"";"";"";"";"";"";"";"";"";""
"Planaltina";"Produção de Alumínio (t)";"...";"...";"...";"...";"...";"...";"...";"...";"...";"...";"...";"...";"...";"...";"...";"...";"...";"...";"...";"...";"..."
"Planaltina";"Produção de Amianto (t)";"";"";"";"";"";"-";"";"";"";"";"";"";"";"";"";"";"";"";"";"";""
"Planaltina";"Produção de Areia (m³)";"";"";"";" 903 ";"2.592";"2.836";"";"";"4.279";"4.279";"120";"";"";"";"";"";"";"";"";"";""
"Planaltina";"Produção de Argila para Cerâmica  Branca (t)";"";"";"";"";"";"-";"";"";"";"";"";"";"";"";"";"";"";"";"";"";""
"Planaltina";"Produção de Argila para Cerâmica Vermelha (t)";"";"";"";"";"";"-";"";"";"";"";"";"";"";"";"";"";"";"";"";"";""
"Planaltina";"Produção de Argila para Cerâmica (t)";"";"";"";"";"";"-";"";"";"";"";"";"";"";"";"";"";"";"";"";"";""
"Planaltina";"Produção de Argila para Cimento (t)";"";"-";"15.000";"-";"6.000";"6.000";"3.000";"2.000";"6.000";"151.111";"6.000";"12.000";"";"";"";"";"";"";"";"";""
"Planaltina";"Produção de Argila Refratária (t)";"";"";"";"";"";"-";"";"";"";"";"";"";"";"";"";"";"";"";"";"";""
"Pontalina";"Produção de Alumínio (t)";"...";"...";"...";"...";"...";"...";"...";"...";"...";"...";"...";"...";"...";"...";"...";"...";"...";"...";"...";"...";"..."
"Pontalina";"Produção de Amianto (t)";"";"";"";"";"";"-";"";"";"";"";"";"";"";"";"";"";"";"";"";"";""
"Pontalina";"Produção de Areia (m³)";"";"";"";"";"";"-";"1.000";"2.250";"4.240";"3.834";"6.326";"3.280";"";"";"";"";"";"";"";"";""
"Pontalina";"Produção de Argila para Cerâmica  Branca (t)";"";"";"";"";"";"-";"";"";"";"";"";"";"";"";"";"";"";"";"";"";""
"Pontalina";"Produção de Argila para Cerâmica Vermelha (t)";"";"";"";"";"";"10.000";"";"4.500";"5.840";"";"";"15.354";"";"";"";"";"";"";"";"";""
"Pontalina";"Produção de Argila para Cerâmica (t)";"";"";"";"";"";"-";"";"";"";"";"";"";"";"";"";"";"";"";"";"";""
"Pontalina";"Produção de Argila para Cimento (t)";"";"";"";"";"";"-";"";"";"";"";"";"";"";"";"";"";"";"";"";"";""
"Pontalina";"Produção de Argila Refratária (t)";"";"";"";"";"";"-";"";"";"";"";"";"";"";"";"";"";"";"";"";"";""
"Porangatu";"Produção de Alumínio (t)";"...";"...";"...";"...";"...";"...";"...";"...";"...";"...";"...";"...";"...";"...";"...";"...";"...";"...";"...";"...";"..."
"Porangatu";"Produção de Amianto (t)";"";"";"";"";"";"-";"";"";"";"";"";"";"";"";"";"";"";"";"";"";""
"Porangatu";"Produção de Areia (m³)";"";"";"";"";"847";"5.267";"";"";"";"";"";"";"";"";"";"";"";"";"";"";""
"Porangatu";"Produção de Argila para Cerâmica  Branca (t)";"";"";"";"";"";"-";"";"";"";"";"";"";"";"";"";"";"";"";"";"";""
"Porangatu";"Produção de Argila para Cerâmica Vermelha (t)";"";"";"";"";"";"-";"";"";"";"";"";"";"";"";"";"";"";"";"";"";""
"Porangatu";"Produção de Argila para Cerâmica (t)";"";"";"";"";"";"-";"";"";"";"";"";"";"";"";"";"";"";"";"";"";""
"Porangatu";"Produção de Argila para Cimento (t)";"";"";"";"";"";"-";"";"";"";"";"";"";"";"";"";"";"";"";"";"";""
"Porangatu";"Produção de Argila Refratária (t)";"";"";"";"";"";"-";"";"";"";"";"";"";"";"";"";"";"";"";"";"";""
"Porteirão";"Produção de Alumínio (t)";"...";"...";"...";"...";"...";"...";"...";"...";"...";"...";"...";"...";"...";"...";"...";"...";"...";"...";"...";"...";"..."
"Porteirão";"Produção de Amianto (t)";"";"";"";"";"";"-";"";"";"";"";"";"";"";"";"";"";"";"";"";"";""
"Porteirão";"Produção de Areia (m³)";"";"13.555";"12.991";" 10.320 ";" - ";"5.643";"380";"";"";"";"";"";"";"";"";"";"";"";"";"";""
"Porteirão";"Produção de Argila para Cerâmica  Branca (t)";"";"";"";"";"";"-";"";"";"";"";"";"";"";"";"";"";"";"";"";"";""
"Porteirão";"Produção de Argila para Cerâmica Vermelha (t)";"";"";"";"";"";"-";"";"";"";"";"";"";"";"";"";"";"";"";"";"";""
"Porteirão";"Produção de Argila para Cerâmica (t)";"";"";"";"";"";"-";"";"";"";"";"";"";"";"";"";"";"";"";"";"";""
"Porteirão";"Produção de Argila para Cimento (t)";"";"";"";"";"";"-";"";"";"";"";"";"";"";"";"";"";"";"";"";"";""
"Porteirão";"Produção de Argila Refratária (t)";"";"";"";"";"";"-";"";"";"";"";"";"";"";"";"";"";"";"";"";"";""
"Portelândia";"Produção de Alumínio (t)";"...";"...";"...";"...";"...";"...";"...";"...";"...";"...";"...";"...";"...";"...";"...";"...";"...";"...";"...";"...";"..."
"Portelândia";"Produção de Amianto (t)";"";"";"";"";"";"-";"";"";"";"";"";"";"";"";"";"";"";"";"";"";""
"Portelândia";"Produção de Areia (m³)";"";"";"";"";"";"-";"";"";"";"";"";"";"";"";"";"";"";"";"";"";""
"Portelândia";"Produção de Argila para Cerâmica  Branca (t)";"";"";"";"";"";"-";"";"";"";"";"";"";"";"";"";"";"";"";"";"";""
"Portelândia";"Produção de Argila para Cerâmica Vermelha (t)";"";"-";"-";" 450 ";"200";"-";"";"";"";"";"";"";"";"";"";"";"";"";"";"";""
"Portelândia";"Produção de Argila para Cerâmica (t)";"";"";"";"";"";"-";"";"";"";"";"";"";"";"";"";"";"";"";"";"";""
"Portelândia";"Produção de Argila para Cimento (t)";"";"";"";"";"";"-";"";"";"";"";"";"";"";"";"";"";"";"";"";"";""
"Portelândia";"Produção de Argila Refratária (t)";"";"";"";"";"";"-";"";"";"";"";"";"";"";"";"";"";"";"";"";"";""
"Posse";"Produção de Alumínio (t)";"...";"...";"...";"...";"...";"...";"...";"...";"...";"...";"...";"...";"...";"...";"...";"...";"...";"...";"...";"...";"..."
"Posse";"Produção de Amianto (t)";"";"";"";"";"";"-";"";"";"";"";"";"";"";"";"";"";"";"";"";"";""
"Posse";"Produção de Areia (m³)";"";"";"";"";"";"-";"";"";"";"";"";"";"";"";"";"";"";"";"";"";""
"Posse";"Produção de Argila para Cerâmica  Branca (t)";"";"";"";"";"";"-";"";"";"";"";"";"";"";"";"";"";"";"";"";"";""
"Posse";"Produção de Argila para Cerâmica Vermelha (t)";"";"-";"-";" 4.200 ";" - ";"-";"";"";"";"";"";"";"";"";"";"";"";"";"";"";""
"Posse";"Produção de Argila para Cerâmica (t)";"";"-";"3.000";"-";"";"-";"";"";"";"";"";"";"";"";"";"";"";"";"";"";""
"Posse";"Produção de Argila para Cimento (t)";"";"";"";"";"";"-";"";"";"";"";"";"";"";"";"";"";"";"";"";"";""
"Posse";"Produção de Argila Refratária (t)";"";"";"";"";"";"-";"";"";"";"";"";"";"";"";"";"";"";"";"";"";""
"Professor Jamil";"Produção de Alumínio (t)";"...";"...";"...";"...";"...";"...";"...";"...";"...";"...";"...";"...";"...";"...";"...";"...";"...";"...";"...";"...";"..."
"Professor Jamil";"Produção de Amianto (t)";"";"";"";"";"";"-";"";"";"";"";"";"";"";"";"";"";"";"";"";"";""
"Professor Jamil";"Produção de Areia (m³)";"";"";"";"";"";"2.167";"1.400";"4.544";"7.450";"2.092";"11.066";"140.206";"";"";"";"";"";"";"";"";""
"Professor Jamil";"Produção de Argila para Cerâmica  Branca (t)";"";"";"";"";"";"-";"";"";"";"";"";"";"";"";"";"";"";"";"";"";""
"Professor Jamil";"Produção de Argila para Cerâmica Vermelha (t)";"";"";"";"";"";"-";"";"";"";"";"";"";"";"";"";"";"";"";"";"";""
"Professor Jamil";"Produção de Argila para Cerâmica (t)";"";"";"";"";"";"-";"";"";"";"";"";"";"";"";"";"";"";"";"";"";""
"Professor Jamil";"Produção de Argila para Cimento (t)";"";"";"";"";"";"-";"";"";"";"";"";"";"";"";"";"";"";"";"";"";""
"Professor Jamil";"Produção de Argila Refratária (t)";"";"";"";"";"";"-";"";"";"";"";"";"";"";"";"";"";"";"";"";"";""
"Quirinópolis";"Produção de Alumínio (t)";"...";"...";"...";"...";"...";"...";"...";"...";"...";"...";"...";"...";"...";"...";"...";"...";"...";"...";"...";"...";"..."
"Quirinópolis";"Produção de Amianto (t)";"";"";"";"";"";"-";"";"";"";"";"";"";"";"";"";"";"";"";"";"";""
"Quirinópolis";"Produção de Areia (m³)";"";"";"";"";"";"-";"";"";"12.930";"3.637";"";"";"";"";"";"";"";"";"";"";""
"Quirinópolis";"Produção de Argila para Cerâmica  Branca (t)";"";"";"";"";"";"-";"";"";"";"";"";"";"";"";"";"";"";"";"";"";""
"Quirinópolis";"Produção de Argila para Cerâmica Vermelha (t)";"";"";"";"";"";"-";"";"";"";"";"";"";"";"";"";"";"";"";"";"";""
"Quirinópolis";"Produção de Argila para Cerâmica (t)";"";"";"";"";"";"-";"";"";"";"";"";"";"";"";"";"";"";"";"";"";""
"Quirinópolis";"Produção de Argila para Cimento (t)";"";"";"";"";"";"-";"";"";"";"";"";"";"";"";"";"";"";"";"";"";""
"Quirinópolis";"Produção de Argila Refratária (t)";"";"";"";"";"";"-";"";"";"";"";"";"";"";"";"";"";"";"";"";"";""
"Rialma";"Produção de Alumínio (t)";"...";"...";"...";"...";"...";"...";"...";"...";"...";"...";"...";"...";"...";"...";"...";"...";"...";"...";"...";"...";"..."
"Rialma";"Produção de Amianto (t)";"";"";"";"";"";"-";"";"";"";"";"";"";"";"";"";"";"";"";"";"";""
"Rialma";"Produção de Areia (m³)";"";"-";"-";" 756 ";" - ";"-";"";"";"450";"260";"";"";"";"";"";"";"";"";"";"";""
"Rialma";"Produção de Argila para Cerâmica  Branca (t)";"";"";"";"";"";"-";"";"";"";"";"";"";"";"";"";"";"";"";"";"";""
"Rialma";"Produção de Argila para Cerâmica Vermelha (t)";"";"";"";"";"";"-";"";"";"";"";"";"";"";"";"";"";"";"";"";"";""
"Rialma";"Produção de Argila para Cerâmica (t)";"";"";"";"";"";"-";"";"";"";"";"";"";"";"";"";"";"";"";"";"";""
"Rialma";"Produção de Argila para Cimento (t)";"";"";"";"";"";"-";"";"";"";"";"";"";"";"";"";"";"";"";"";"";""
"Rialma";"Produção de Argila Refratária (t)";"";"";"";"";"";"-";"";"";"";"";"";"";"";"";"";"";"";"";"";"";""
"Rianápolis";"Produção de Alumínio (t)";"...";"...";"...";"...";"...";"...";"...";"...";"...";"...";"...";"...";"...";"...";"...";"...";"...";"...";"...";"...";"..."
"Rianápolis";"Produção de Amianto (t)";"";"";"";"";"";"-";"";"";"";"";"";"";"";"";"";"";"";"";"";"";""
"Rianápolis";"Produção de Areia (m³)";"";"";"";"";"";"-";"";"";"";"";"";"";"";"";"";"";"";"";"";"";""
"Rianápolis";"Produção de Argila para Cerâmica  Branca (t)";"";"";"";"";"";"-";"";"";"";"";"";"";"";"";"";"";"";"";"";"";""
"Rianápolis";"Produção de Argila para Cerâmica Vermelha (t)";"";"";"";"";"";"-";"";"";"";"";"";"";"";"";"";"";"";"";"";"";""
"Rianápolis";"Produção de Argila para Cerâmica (t)";"";"";"";"";"";"-";"";"";"";"";"";"";"";"";"";"";"";"";"";"";""
"Rianápolis";"Produção de Argila para Cimento (t)";"";"";"";"";"";"-";"";"";"";"";"";"";"";"";"";"";"";"";"";"";""
"Rianápolis";"Produção de Argila Refratária (t)";"";"";"";"";"";"-";"";"";"";"";"";"";"";"";"";"";"";"";"";"";""
"Rio Quente";"Produção de Alumínio (t)";"...";"...";"...";"...";"...";"...";"...";"...";"...";"...";"...";"...";"...";"...";"...";"...";"...";"...";"...";"...";"..."
"Rio Quente";"Produção de Amianto (t)";"";"";"";"";"";"-";"";"";"";"";"";"";"";"";"";"";"";"";"";"";""
"Rio Quente";"Produção de Areia (m³)";"";"";"";"";"";"-";"";"";"";"";"";"";"";"";"";"";"";"";"";"";""
"Rio Quente";"Produção de Argila para Cerâmica  Branca (t)";"";"";"";"";"";"-";"";"";"";"";"";"";"";"";"";"";"";"";"";"";""
"Rio Quente";"Produção de Argila para Cerâmica Vermelha (t)";"";"";"";"";"";"-";"";"";"";"";"";"";"";"";"";"";"";"";"";"";""
"Rio Quente";"Produção de Argila para Cerâmica (t)";"";"";"";"";"";"-";"";"";"";"";"";"";"";"";"";"";"";"";"";"";""
"Rio Quente";"Produção de Argila para Cimento (t)";"";"";"";"";"";"-";"";"";"";"";"";"";"";"";"";"";"";"";"";"";""
"Rio Quente";"Produção de Argila Refratária (t)";"";"";"";"";"";"-";"";"";"";"";"";"";"";"";"";"";"";"";"";"";""
"Rio Verde";"Produção de Alumínio (t)";"...";"...";"...";"...";"...";"...";"...";"...";"...";"...";"...";"...";"...";"...";"...";"...";"...";"...";"...";"...";"..."
"Rio Verde";"Produção de Amianto (t)";"";"";"";"";"";"-";"";"";"";"";"";"";"";"";"";"";"";"";"";"";""
"Rio Verde";"Produção de Areia (m³)";"";"11.168";"34.479";" 21.609 ";"9.609";"3.263";"6.745";"9.409";"29.147";"40.423";"23.487";"23.053";"";"";"";"";"";"";"";"";""
"Rio Verde";"Produção de Argila para Cerâmica  Branca (t)";"";"";"";"";"";"-";"";"";"";"";"";"";"";"";"";"";"";"";"";"";""
"Rio Verde";"Produção de Argila para Cerâmica Vermelha (t)";"";"";"";"";"";"-";"";"";"";"";"";"";"";"";"";"";"";"";"";"";""
"Rio Verde";"Produção de Argila para Cerâmica (t)";"";"";"";"";"";"-";"";"";"";"";"";"";"";"";"";"";"";"";"";"";""
"Rio Verde";"Produção de Argila para Cimento (t)";"";"";"";"";"";"-";"";"";"";"";"";"";"";"";"";"";"";"";"";"";""
"Rio Verde";"Produção de Argila Refratária (t)";"";"";"";"";"";"-";"";"";"";"";"";"";"";"";"";"";"";"";"";"";""
"Rubiataba";"Produção de Alumínio (t)";"...";"...";"...";"...";"...";"...";"...";"...";"...";"...";"...";"...";"...";"...";"...";"...";"...";"...";"...";"...";"..."
"Rubiataba";"Produção de Amianto (t)";"";"";"";"";"";"-";"";"";"";"";"";"";"";"";"";"";"";"";"";"";""
"Rubiataba";"Produção de Areia (m³)";"";"";"";"";"";"-";"";"";"";"";"";"";"";"";"";"";"";"";"";"";""
"Rubiataba";"Produção de Argila para Cerâmica  Branca (t)";"";"";"";"";"";"-";"";"";"";"";"";"";"";"";"";"";"";"";"";"";""
"Rubiataba";"Produção de Argila para Cerâmica Vermelha (t)";"";"";"";"";"";"-";"";"";"";"";"";"";"";"";"";"";"";"";"";"";""
"Rubiataba";"Produção de Argila para Cerâmica (t)";"";"";"";"";"";"-";"";"";"";"";"";"";"";"";"";"";"";"";"";"";""
"Rubiataba";"Produção de Argila para Cimento (t)";"";"";"";"";"";"-";"";"";"";"";"";"";"";"";"";"";"";"";"";"";""
"Rubiataba";"Produção de Argila Refratária (t)";"";"";"";"";"";"-";"";"";"";"";"";"";"";"";"";"";"";"";"";"";""
"Sanclerlândia";"Produção de Alumínio (t)";"...";"...";"...";"...";"...";"...";"...";"...";"...";"...";"...";"...";"...";"...";"...";"...";"...";"...";"...";"...";"..."
"Sanclerlândia";"Produção de Amianto (t)";"";"";"";"";"";"-";"";"";"";"";"";"";"";"";"";"";"";"";"";"";""
"Sanclerlândia";"Produção de Areia (m³)";"";"2.000";"600";" 1.590 ";" - ";"-";"";"";"";"";"";"";"";"";"";"";"";"";"";"";""
"Sanclerlândia";"Produção de Argila para Cerâmica  Branca (t)";"";"";"";"";"";"-";"";"";"";"";"";"";"";"";"";"";"";"";"";"";""
"Sanclerlândia";"Produção de Argila para Cerâmica Vermelha (t)";"";"";"";"";"";"-";"";"";"";"";"";"";"";"";"";"";"";"";"";"";""
"Sanclerlândia";"Produção de Argila para Cerâmica (t)";"";"";"";"";"";"-";"";"";"";"";"";"";"";"";"";"";"";"";"";"";""
"Sanclerlândia";"Produção de Argila para Cimento (t)";"";"";"";"";"";"-";"";"";"";"";"";"";"";"";"";"";"";"";"";"";""
"Sanclerlândia";"Produção de Argila Refratária (t)";"";"";"";"";"";"-";"";"";"";"";"";"";"";"";"";"";"";"";"";"";""
"Santa Bárbara de Goiás";"Produção de Alumínio (t)";"...";"...";"...";"...";"...";"...";"...";"...";"...";"...";"...";"...";"...";"...";"...";"...";"...";"...";"...";"...";"..."
"Santa Bárbara de Goiás";"Produção de Amianto (t)";"";"";"";"";"";"-";"";"";"";"";"";"";"";"";"";"";"";"";"";"";""
"Santa Bárbara de Goiás";"Produção de Areia (m³)";"";"588";"-";"";"";"-";"";"";"";"";"";"";"";"";"";"";"";"";"";"";""
"Santa Bárbara de Goiás";"Produção de Argila para Cerâmica  Branca (t)";"";"";"";"";"";"-";"";"";"";"";"";"";"";"";"";"";"";"";"";"";""
"Santa Bárbara de Goiás";"Produção de Argila para Cerâmica Vermelha (t)";"";"-";"-";" 7.500 ";" - ";"-";"";"2.000";"2.100";"52.000";"61.600";"2.100";"";"";"";"";"";"";"";"";""
"Santa Bárbara de Goiás";"Produção de Argila para Cerâmica (t)";"";"42.390";"30.410";"-";"";"-";"";"";"";"";"";"";"";"";"";"";"";"";"";"";""
"Santa Bárbara de Goiás";"Produção de Argila para Cimento (t)";"";"";"";"";"";"-";"";"";"";"";"";"";"";"";"";"";"";"";"";"";""
"Santa Bárbara de Goiás";"Produção de Argila Refratária (t)";"";"";"";"";"";"-";"";"";"";"";"";"";"";"";"";"";"";"";"";"";""
"Santa Cruz de Goiás";"Produção de Alumínio (t)";"...";"...";"...";"...";"...";"...";"...";"...";"...";"...";"...";"...";"...";"...";"...";"...";"...";"...";"...";"...";"..."
"Santa Cruz de Goiás";"Produção de Amianto (t)";"";"";"";"";"";"-";"";"";"";"";"";"";"";"";"";"";"";"";"";"";""
"Santa Cruz de Goiás";"Produção de Areia (m³)";"";"792";"60";" 54.237 ";"2.709";"21.101";"17.923";"2.711";"6.596";"20.514";"8.708";"5.010";"";"";"";"";"";"";"";"";""
"Santa Cruz de Goiás";"Produção de Argila para Cerâmica  Branca (t)";"";"";"";"";"";"-";"";"";"";"";"";"";"";"";"";"";"";"";"";"";""
"Santa Cruz de Goiás";"Produção de Argila para Cerâmica Vermelha (t)";"";"";"";"";"";"-";"";"";"";"";"";"";"";"";"";"";"";"";"";"";""
"Santa Cruz de Goiás";"Produção de Argila para Cerâmica (t)";"";"";"";"";"";"-";"";"";"";"";"";"";"";"";"";"";"";"";"";"";""
"Santa Cruz de Goiás";"Produção de Argila para Cimento (t)";"";"";"";"";"";"-";"";"";"";"";"";"";"";"";"";"";"";"";"";"";""
"Santa Cruz de Goiás";"Produção de Argila Refratária (t)";"";"";"";"";"";"-";"";"";"";"";"";"";"";"";"";"";"";"";"";"";""
"Santa Fé de Goiás";"Produção de Alumínio (t)";"...";"...";"...";"...";"...";"...";"...";"...";"...";"...";"...";"...";"...";"...";"...";"...";"...";"...";"...";"...";"..."
"Santa Fé de Goiás";"Produção de Amianto (t)";"";"";"";"";"";"-";"";"";"";"";"";"";"";"";"";"";"";"";"";"";""
"Santa Fé de Goiás";"Produção de Areia (m³)";"";"-";"287";"-";"347";"-";"";"";"";"";"";"";"";"";"";"";"";"";"";"";""
"Santa Fé de Goiás";"Produção de Argila para Cerâmica  Branca (t)";"";"";"";"";"";"-";"";"";"";"";"";"";"";"";"";"";"";"";"";"";""
"Santa Fé de Goiás";"Produção de Argila para Cerâmica Vermelha (t)";"";"";"";"";"";"-";"";"";"";"";"";"";"";"";"";"";"";"";"";"";""
"Santa Fé de Goiás";"Produção de Argila para Cerâmica (t)";"";"";"";"";"";"-";"";"";"";"";"";"";"";"";"";"";"";"";"";"";""
"Santa Fé de Goiás";"Produção de Argila para Cimento (t)";"";"";"";"";"";"-";"";"";"";"";"";"";"";"";"";"";"";"";"";"";""
"Santa Fé de Goiás";"Produção de Argila Refratária (t)";"";"";"";"";"";"-";"";"";"";"";"";"";"";"";"";"";"";"";"";"";""
"Santa Helena de Goiás";"Produção de Alumínio (t)";"...";"...";"...";"...";"...";"...";"...";"...";"...";"...";"...";"...";"...";"...";"...";"...";"...";"...";"...";"...";"..."
"Santa Helena de Goiás";"Produção de Amianto (t)";"";"";"";"";"";"-";"";"";"";"";"";"";"";"";"";"";"";"";"";"";""
"Santa Helena de Goiás";"Produção de Areia (m³)";"";"";"";"";"";"-";"";"";"";"";"";"";"";"";"";"";"";"";"";"";""
"Santa Helena de Goiás";"Produção de Argila para Cerâmica  Branca (t)";"";"";"";"";"";"-";"";"";"";"";"";"";"";"";"";"";"";"";"";"";""
"Santa Helena de Goiás";"Produção de Argila para Cerâmica Vermelha (t)";"";"";"";"";"";"-";"";"";"";"";"";"";"";"";"";"";"";"";"";"";""
"Santa Helena de Goiás";"Produção de Argila para Cerâmica (t)";"";"";"";"";"";"-";"";"";"";"";"";"";"";"";"";"";"";"";"";"";""
"Santa Helena de Goiás";"Produção de Argila para Cimento (t)";"";"";"";"";"";"-";"";"";"";"";"";"";"";"";"";"";"";"";"";"";""
"Santa Helena de Goiás";"Produção de Argila Refratária (t)";"";"";"";"";"";"-";"";"";"";"";"";"";"";"";"";"";"";"";"";"";""
"Santa Isabel";"Produção de Alumínio (t)";"...";"...";"...";"...";"...";"...";"...";"...";"...";"...";"...";"...";"...";"...";"...";"...";"...";"...";"...";"...";"..."
"Santa Isabel";"Produção de Amianto (t)";"";"";"";"";"";"-";"";"";"";"";"";"";"";"";"";"";"";"";"";"";""
"Santa Isabel";"Produção de Areia (m³)";"";"-";"1.638";" 299 ";" - ";"1.965";"4.188";"";"";"";"";"";"";"";"";"";"";"";"";"";""
"Santa Isabel";"Produção de Argila para Cerâmica  Branca (t)";"";"";"";"";"";"-";"";"";"";"";"";"";"";"";"";"";"";"";"";"";""
"Santa Isabel";"Produção de Argila para Cerâmica Vermelha (t)";"";"";"";"";"";"-";"";"";"";"";"";"";"";"";"";"";"";"";"";"";""
"Santa Isabel";"Produção de Argila para Cerâmica (t)";"";"";"";"";"";"-";"";"";"";"";"";"";"";"";"";"";"";"";"";"";""
"Santa Isabel";"Produção de Argila para Cimento (t)";"";"";"";"";"";"-";"";"";"";"";"";"";"";"";"";"";"";"";"";"";""
"Santa Isabel";"Produção de Argila Refratária (t)";"";"";"";"";"";"-";"";"";"";"";"";"";"";"";"";"";"";"";"";"";""
"Santa Rita do Araguaia";"Produção de Alumínio (t)";"...";"...";"...";"...";"...";"...";"...";"...";"...";"...";"...";"...";"...";"...";"...";"...";"...";"...";"...";"...";"..."
"Santa Rita do Araguaia";"Produção de Amianto (t)";"";"";"";"";"";"-";"";"";"";"";"";"";"";"";"";"";"";"";"";"";""
"Santa Rita do Araguaia";"Produção de Areia (m³)";"";"";"";"";"2.000";"-";"";"";"";"";"";"";"";"";"";"";"";"";"";"";""
"Santa Rita do Araguaia";"Produção de Argila para Cerâmica  Branca (t)";"";"";"";"";"";"-";"";"";"";"";"";"";"";"";"";"";"";"";"";"";""
"Santa Rita do Araguaia";"Produção de Argila para Cerâmica Vermelha (t)";"";"";"";"";"";"-";"";"";"";"";"";"";"";"";"";"";"";"";"";"";""
"Santa Rita do Araguaia";"Produção de Argila para Cerâmica (t)";"";"";"";"";"";"-";"";"";"";"";"";"";"";"";"";"";"";"";"";"";""
"Santa Rita do Araguaia";"Produção de Argila para Cimento (t)";"";"";"";"";"";"-";"";"";"";"";"";"";"";"";"";"";"";"";"";"";""
"Santa Rita do Araguaia";"Produção de Argila Refratária (t)";"";"";"";"";"";"-";"";"";"";"";"";"";"";"";"";"";"";"";"";"";""
"Santa Rita do Novo Destino";"Produção de Alumínio (t)";"...";"...";"...";"...";"...";"...";"...";"...";"...";"...";"...";"...";"...";"...";"...";"...";"...";"...";"...";"...";"..."
"Santa Rita do Novo Destino";"Produção de Amianto (t)";"";"";"";"";"";"-";"";"";"";"";"";"";"";"";"";"";"";"";"";"";""
"Santa Rita do Novo Destino";"Produção de Areia (m³)";"";"";"";"";"";"-";"5.495";"8.008";"7.983";"";"";"3.705";"";"";"";"";"";"";"";"";""
"Santa Rita do Novo Destino";"Produção de Argila para Cerâmica  Branca (t)";"";"";"";"";"";"-";"";"";"";"";"";"";"";"";"";"";"";"";"";"";""
"Santa Rita do Novo Destino";"Produção de Argila para Cerâmica Vermelha (t)";"";"";"";"";"";"-";"";"";"";"";"";"";"";"";"";"";"";"";"";"";""
"Santa Rita do Novo Destino";"Produção de Argila para Cerâmica (t)";"";"";"";"";"";"-";"";"";"";"";"";"";"";"";"";"";"";"";"";"";""
"Santa Rita do Novo Destino";"Produção de Argila para Cimento (t)";"";"";"";"";"";"-";"";"";"";"";"";"";"";"";"";"";"";"";"";"";""
"Santa Rita do Novo Destino";"Produção de Argila Refratária (t)";"";"";"";"";"";"-";"";"";"";"";"";"";"";"";"";"";"";"";"";"";""
"Santa Rosa de Goiás";"Produção de Alumínio (t)";"...";"...";"...";"...";"...";"...";"...";"...";"...";"...";"...";"...";"...";"...";"...";"...";"...";"...";"...";"...";"..."
"Santa Rosa de Goiás";"Produção de Amianto (t)";"";"";"";"";"";"-";"";"";"";"";"";"";"";"";"";"";"";"";"";"";""
"Santa Rosa de Goiás";"Produção de Areia (m³)";"";"";"";"";"";"-";"";"";"";"";"";"";"";"";"";"";"";"";"";"";""
"Santa Rosa de Goiás";"Produção de Argila para Cerâmica  Branca (t)";"";"";"";"";"";"-";"";"";"";"";"";"";"";"";"";"";"";"";"";"";""
"Santa Rosa de Goiás";"Produção de Argila para Cerâmica Vermelha (t)";"";"";"";"";"";"-";"";"";"";"";"";"";"";"";"";"";"";"";"";"";""
"Santa Rosa de Goiás";"Produção de Argila para Cerâmica (t)";"";"";"";"";"";"-";"";"";"";"";"";"";"";"";"";"";"";"";"";"";""
"Santa Rosa de Goiás";"Produção de Argila para Cimento (t)";"";"";"";"";"";"-";"";"";"";"";"";"";"";"";"";"";"";"";"";"";""
"Santa Rosa de Goiás";"Produção de Argila Refratária (t)";"";"";"";"";"";"-";"";"";"";"";"";"";"";"";"";"";"";"";"";"";""
"Santa Tereza de Goiás";"Produção de Alumínio (t)";"...";"...";"...";"...";"...";"...";"...";"...";"...";"...";"...";"...";"...";"...";"...";"...";"...";"...";"...";"...";"..."
"Santa Tereza de Goiás";"Produção de Amianto (t)";"";"";"";"";"";"-";"";"";"";"";"";"";"";"";"";"";"";"";"";"";""
"Santa Tereza de Goiás";"Produção de Areia (m³)";"";"";"";"";"";"10.000";"";"";"";"";"";"";"";"";"";"";"";"";"";"";""
"Santa Tereza de Goiás";"Produção de Argila para Cerâmica  Branca (t)";"";"";"";"";"";"-";"";"";"";"";"";"";"";"";"";"";"";"";"";"";""
"Santa Tereza de Goiás";"Produção de Argila para Cerâmica Vermelha (t)";"";"";"";"";"";"-";"";"";"";"";"";"";"";"";"";"";"";"";"";"";""
"Santa Tereza de Goiás";"Produção de Argila para Cerâmica (t)";"";"";"";"";"";"-";"";"";"";"";"";"";"";"";"";"";"";"";"";"";""
"Santa Tereza de Goiás";"Produção de Argila para Cimento (t)";"";"";"";"";"";"-";"";"";"";"";"";"";"";"";"";"";"";"";"";"";""
"Santa Tereza de Goiás";"Produção de Argila Refratária (t)";"";"";"";"";"";"-";"";"";"";"";"";"";"";"";"";"";"";"";"";"";""
"Santa Terezinha de Goiás";"Produção de Alumínio (t)";"...";"...";"...";"...";"...";"...";"...";"...";"...";"...";"...";"...";"...";"...";"...";"...";"...";"...";"...";"...";"..."
"Santa Terezinha de Goiás";"Produção de Amianto (t)";"";"";"";"";"";"-";"";"";"";"";"";"";"";"";"";"";"";"";"";"";""
"Santa Terezinha de Goiás";"Produção de Areia (m³)";"";"";"";"";"";"-";"";"";"";"";"";"";"";"";"";"";"";"";"";"";""
"Santa Terezinha de Goiás";"Produção de Argila para Cerâmica  Branca (t)";"";"";"";"";"";"-";"";"";"";"";"";"";"";"";"";"";"";"";"";"";""
"Santa Terezinha de Goiás";"Produção de Argila para Cerâmica Vermelha (t)";"";"";"";"";"";"-";"";"";"";"";"";"";"";"";"";"";"";"";"";"";""
"Santa Terezinha de Goiás";"Produção de Argila para Cerâmica (t)";"";"";"";"";"";"-";"";"";"";"";"";"";"";"";"";"";"";"";"";"";""
"Santa Terezinha de Goiás";"Produção de Argila para Cimento (t)";"";"";"";"";"";"-";"";"";"";"";"";"";"";"";"";"";"";"";"";"";""
"Santa Terezinha de Goiás";"Produção de Argila Refratária (t)";"";"";"";"";"";"-";"";"";"";"";"";"";"";"";"";"";"";"";"";"";""
"Santo Antônio da Barra";"Produção de Alumínio (t)";"...";"...";"...";"...";"...";"...";"...";"...";"...";"...";"...";"...";"...";"...";"...";"...";"...";"...";"...";"...";"..."
"Santo Antônio da Barra";"Produção de Amianto (t)";"";"";"";"";"";"-";"";"";"";"";"";"";"";"";"";"";"";"";"";"";""
"Santo Antônio da Barra";"Produção de Areia (m³)";"";"";"";"";"";"-";"";"";"";"";"";"";"";"";"";"";"";"";"";"";""
"Santo Antônio da Barra";"Produção de Argila para Cerâmica  Branca (t)";"";"";"";"";"";"-";"";"";"";"";"";"";"";"";"";"";"";"";"";"";""
"Santo Antônio da Barra";"Produção de Argila para Cerâmica Vermelha (t)";"";"";"";"";"";"-";"";"";"";"";"";"";"";"";"";"";"";"";"";"";""
"Santo Antônio da Barra";"Produção de Argila para Cerâmica (t)";"";"";"";"";"";"-";"";"";"";"";"";"";"";"";"";"";"";"";"";"";""
"Santo Antônio da Barra";"Produção de Argila para Cimento (t)";"";"";"";"";"";"-";"";"";"";"";"";"";"";"";"";"";"";"";"";"";""
"Santo Antônio da Barra";"Produção de Argila Refratária (t)";"";"";"";"";"";"-";"";"";"";"";"";"";"";"";"";"";"";"";"";"";""
"Santo Antônio de Goiás";"Produção de Alumínio (t)";"...";"...";"...";"...";"...";"...";"...";"...";"...";"...";"...";"...";"...";"...";"...";"...";"...";"...";"...";"...";"..."
"Santo Antônio de Goiás";"Produção de Amianto (t)";"";"";"";"";"";"-";"";"";"";"";"";"";"";"";"";"";"";"";"";"";""
"Santo Antônio de Goiás";"Produção de Areia (m³)";"";"";"";"";"";"-";"";"";"";"";"";"";"";"";"";"";"";"";"";"";""
"Santo Antônio de Goiás";"Produção de Argila para Cerâmica  Branca (t)";"";"";"";"";"";"-";"";"";"";"";"";"";"";"";"";"";"";"";"";"";""
"Santo Antônio de Goiás";"Produção de Argila para Cerâmica Vermelha (t)";"";"";"";"";"";"-";"";"";"";"";"";"";"";"";"";"";"";"";"";"";""
"Santo Antônio de Goiás";"Produção de Argila para Cerâmica (t)";"";"";"";"";"";"-";"";"";"";"";"";"";"";"";"";"";"";"";"";"";""
"Santo Antônio de Goiás";"Produção de Argila para Cimento (t)";"";"";"";"";"";"-";"";"";"";"";"";"";"";"";"";"";"";"";"";"";""
"Santo Antônio de Goiás";"Produção de Argila Refratária (t)";"";"";"";"";"";"-";"";"";"";"";"";"";"";"";"";"";"";"";"";"";""
"Santo Antônio do Descoberto";"Produção de Alumínio (t)";"...";"...";"...";"...";"...";"...";"...";"...";"...";"...";"...";"...";"...";"...";"...";"...";"...";"...";"...";"...";"..."
"Santo Antônio do Descoberto";"Produção de Amianto (t)";"";"";"";"";"";"-";"";"";"";"";"";"";"";"";"";"";"";"";"";"";""
"Santo Antônio do Descoberto";"Produção de Areia (m³)";"";"";"";"";"";"-";"";"";"";"";"";"";"";"";"";"";"";"";"";"";""
"Santo Antônio do Descoberto";"Produção de Argila para Cerâmica  Branca (t)";"";"";"";"";"";"-";"";"";"";"";"";"";"";"";"";"";"";"";"";"";""
"Santo Antônio do Descoberto";"Produção de Argila para Cerâmica Vermelha (t)";"";"";"";"";"";"-";"";"";"";"";"";"";"";"";"";"";"";"";"";"";""
"Santo Antônio do Descoberto";"Produção de Argila para Cerâmica (t)";"";"";"";"";"";"-";"";"";"";"";"";"";"";"";"";"";"";"";"";"";""
"Santo Antônio do Descoberto";"Produção de Argila para Cimento (t)";"";"";"";"";"";"-";"";"";"";"";"";"";"";"";"";"";"";"";"";"";""
"Santo Antônio do Descoberto";"Produção de Argila Refratária (t)";"";"";"";"";"";"-";"";"";"";"";"";"";"";"";"";"";"";"";"";"";""
"São Domingos";"Produção de Alumínio (t)";"...";"...";"...";"...";"...";"...";"...";"...";"...";"...";"...";"...";"...";"...";"...";"...";"...";"...";"...";"...";"..."
"São Domingos";"Produção de Amianto (t)";"";"";"";"";"";"-";"";"";"";"";"";"";"";"";"";"";"";"";"";"";""
"São Domingos";"Produção de Areia (m³)";"";"-";"2.161";"-";"";"-";"";"";"";"";"";"";"";"";"";"";"";"";"";"";""
"São Domingos";"Produção de Argila para Cerâmica  Branca (t)";"";"";"";"";"";"-";"";"";"";"";"";"";"";"";"";"";"";"";"";"";""
"São Domingos";"Produção de Argila para Cerâmica Vermelha (t)";"";"";"";"";"";"-";"";"";"";"";"";"";"";"";"";"";"";"";"";"";""
"São Domingos";"Produção de Argila para Cerâmica (t)";"";"";"";"";"";"-";"";"";"";"";"";"";"";"";"";"";"";"";"";"";""
"São Domingos";"Produção de Argila para Cimento (t)";"";"";"";"";"";"-";"";"";"";"";"";"";"";"";"";"";"";"";"";"";""
"São Domingos";"Produção de Argila Refratária (t)";"";"";"";"";"";"-";"";"";"";"";"";"";"";"";"";"";"";"";"";"";""
"São Francisco de Goiás";"Produção de Alumínio (t)";"...";"...";"...";"...";"...";"...";"...";"...";"...";"...";"...";"...";"...";"...";"...";"...";"...";"...";"...";"...";"..."
"São Francisco de Goiás";"Produção de Amianto (t)";"";"";"";"";"";"-";"";"";"";"";"";"";"";"";"";"";"";"";"";"";""
"São Francisco de Goiás";"Produção de Areia (m³)";"";"8.932";"3.900";" 2.506 ";" - ";"2.337";"2.216";"";"";"";"208";"";"";"";"";"";"";"";"";"";""
"São Francisco de Goiás";"Produção de Argila para Cerâmica  Branca (t)";"";"";"";"";"";"-";"";"";"";"";"";"";"";"";"";"";"";"";"";"";""
"São Francisco de Goiás";"Produção de Argila para Cerâmica Vermelha (t)";"";"";"";"";"";"-";"";"5.304";"";"";"";"";"";"";"";"";"";"";"";"";""
"São Francisco de Goiás";"Produção de Argila para Cerâmica (t)";"";"";"";"";"";"-";"";"";"";"";"";"";"";"";"";"";"";"";"";"";""
"São Francisco de Goiás";"Produção de Argila para Cimento (t)";"";"";"";"";"";"-";"";"";"";"";"";"";"";"";"";"";"";"";"";"";""
"São Francisco de Goiás";"Produção de Argila Refratária (t)";"";"";"";"";"";"-";"";"";"";"";"";"";"";"";"";"";"";"";"";"";""
"São João d'Aliança";"Produção de Alumínio (t)";"...";"...";"...";"...";"...";"...";"...";"...";"...";"...";"...";"...";"...";"...";"...";"...";"...";"...";"...";"...";"..."
"São João d'Aliança";"Produção de Amianto (t)";"";"";"";"";"";"-";"";"";"";"";"";"";"";"";"";"";"";"";"";"";""
"São João d'Aliança";"Produção de Areia (m³)";"";"";"";"";"";"-";"";"";"5.286";"5.286";"7.884";"15.430";"";"";"";"";"";"";"";"";""
"São João d'Aliança";"Produção de Argila para Cerâmica  Branca (t)";"";"";"";"";"";"-";"";"";"";"";"";"";"";"";"";"";"";"";"";"";""
"São João d'Aliança";"Produção de Argila para Cerâmica Vermelha (t)";"";"";"";"";"";"-";"";"";"";"";"";"";"";"";"";"";"";"";"";"";""
"São João d'Aliança";"Produção de Argila para Cerâmica (t)";"";"";"";"";"";"-";"";"";"";"";"";"";"";"";"";"";"";"";"";"";""
"São João d'Aliança";"Produção de Argila para Cimento (t)";"";"";"";"";"";"-";"";"";"";"";"";"";"";"";"";"";"";"";"";"";""
"São João d'Aliança";"Produção de Argila Refratária (t)";"";"";"";"";"";"-";"";"";"";"";"";"";"";"";"";"";"";"";"";"";""
"São João da Paraúna";"Produção de Alumínio (t)";"...";"...";"...";"...";"...";"...";"...";"...";"...";"...";"...";"...";"...";"...";"...";"...";"...";"...";"...";"...";"..."
"São João da Paraúna";"Produção de Amianto (t)";"";"";"";"";"";"-";"";"";"";"";"";"";"";"";"";"";"";"";"";"";""
"São João da Paraúna";"Produção de Areia (m³)";"";"-";"311";" 5.120 ";" - ";"-";"";"";"1.974";"1.974";"";"";"";"";"";"";"";"";"";"";""
"São João da Paraúna";"Produção de Argila para Cerâmica  Branca (t)";"";"";"";"";"";"-";"";"";"";"";"";"";"";"";"";"";"";"";"";"";""
"São João da Paraúna";"Produção de Argila para Cerâmica Vermelha (t)";"";"";"";"";"";"-";"";"";"";"";"";"";"";"";"";"";"";"";"";"";""
"São João da Paraúna";"Produção de Argila para Cerâmica (t)";"";"";"";"";"";"-";"";"";"";"";"";"";"";"";"";"";"";"";"";"";""
"São João da Paraúna";"Produção de Argila para Cimento (t)";"";"";"";"";"";"-";"";"";"";"";"";"";"";"";"";"";"";"";"";"";""
"São João da Paraúna";"Produção de Argila Refratária (t)";"";"";"";"";"";"-";"";"";"";"";"";"";"";"";"";"";"";"";"";"";""
"São Luis de Montes Belos";"Produção de Alumínio (t)";"...";"...";"...";"...";"...";"...";"...";"...";"...";"...";"...";"...";"...";"...";"...";"...";"...";"...";"...";"...";"..."
"São Luis de Montes Belos";"Produção de Amianto (t)";"";"";"";"";"";"-";"";"";"";"";"";"";"";"";"";"";"";"";"";"";""
"São Luis de Montes Belos";"Produção de Areia (m³)";"";"";"";"";"";"-";"7.476";"2.540";"1.989";"1.370";"18.967";"2.840";"";"";"";"";"";"";"";"";""
"São Luis de Montes Belos";"Produção de Argila para Cerâmica  Branca (t)";"";"";"";"";"";"-";"";"";"";"";"";"";"";"";"";"";"";"";"";"";""
"São Luis de Montes Belos";"Produção de Argila para Cerâmica Vermelha (t)";"";"";"";"";"12.000";"11.496";"5.000";"75.000";"7.680";"7.680";"7.000";"";"";"";"";"";"";"";"";"";""
"São Luis de Montes Belos";"Produção de Argila para Cerâmica (t)";"";"3.100";"-";"-";"";"-";"";"";"";"";"";"";"";"";"";"";"";"";"";"";""
"São Luis de Montes Belos";"Produção de Argila para Cimento (t)";"";"";"";"";"";"-";"";"";"";"";"";"";"";"";"";"";"";"";"";"";""
"São Luis de Montes Belos";"Produção de Argila Refratária (t)";"";"";"";"";"";"-";"";"";"";"";"";"";"";"";"";"";"";"";"";"";""
"São Luiz do Norte";"Produção de Alumínio (t)";"...";"...";"...";"...";"...";"...";"...";"...";"...";"...";"...";"...";"...";"...";"...";"...";"...";"...";"...";"...";"..."
"São Luiz do Norte";"Produção de Amianto (t)";"";"";"";"";"";"-";"";"";"";"";"";"";"";"";"";"";"";"";"";"";""
"São Luiz do Norte";"Produção de Areia (m³)";"";"";"";"";"280";"10.489";"";"";"";"";"";"";"";"";"";"";"";"";"";"";""
"São Luiz do Norte";"Produção de Argila para Cerâmica  Branca (t)";"";"";"";"";"";"-";"";"";"";"";"";"";"";"";"";"";"";"";"";"";""
"São Luiz do Norte";"Produção de Argila para Cerâmica Vermelha (t)";"";"";"";"";"";"-";"";"";"";"";"";"";"";"";"";"";"";"";"";"";""
"São Luiz do Norte";"Produção de Argila para Cerâmica (t)";"";"";"";"";"";"-";"";"";"";"";"";"";"";"";"";"";"";"";"";"";""
"São Luiz do Norte";"Produção de Argila para Cimento (t)";"";"";"";"";"";"-";"";"";"";"";"";"";"";"";"";"";"";"";"";"";""
"São Luiz do Norte";"Produção de Argila Refratária (t)";"";"";"";"";"";"-";"";"";"";"";"";"";"";"";"";"";"";"";"";"";""
"São Miguel do Araguaia";"Produção de Alumínio (t)";"...";"...";"...";"...";"...";"...";"...";"...";"...";"...";"...";"...";"...";"...";"...";"...";"...";"...";"...";"...";"..."
"São Miguel do Araguaia";"Produção de Amianto (t)";"";"";"";"";"";"-";"";"";"";"";"";"";"";"";"";"";"";"";"";"";""
"São Miguel do Araguaia";"Produção de Areia (m³)";"";"-";"893";" 1.120 ";" - ";"-";"";"";"";"";"";"";"";"";"";"";"";"";"";"";""
"São Miguel do Araguaia";"Produção de Argila para Cerâmica  Branca (t)";"";"";"";"";"";"-";"";"";"";"";"";"";"";"";"";"";"";"";"";"";""
"São Miguel do Araguaia";"Produção de Argila para Cerâmica Vermelha (t)";"";"";"";"";"";"-";"";"";"";"";"";"";"";"";"";"";"";"";"";"";""
"São Miguel do Araguaia";"Produção de Argila para Cerâmica (t)";"";"";"";"";"";"-";"";"";"";"";"";"";"";"";"";"";"";"";"";"";""
"São Miguel do Araguaia";"Produção de Argila para Cimento (t)";"";"";"";"";"";"-";"";"";"";"";"";"";"";"";"";"";"";"";"";"";""
"São Miguel do Araguaia";"Produção de Argila Refratária (t)";"";"";"";"";"";"-";"";"";"";"";"";"";"";"";"";"";"";"";"";"";""
"São Miguel do Passa Quatro";"Produção de Alumínio (t)";"...";"...";"...";"...";"...";"...";"...";"...";"...";"...";"...";"...";"...";"...";"...";"...";"...";"...";"...";"...";"..."
"São Miguel do Passa Quatro";"Produção de Amianto (t)";"";"";"";"";"";"-";"";"";"";"";"";"";"";"";"";"";"";"";"";"";""
"São Miguel do Passa Quatro";"Produção de Areia (m³)";"";"930";"-";" 1.563 ";"1.591";"1.642";"";"";"";"";"";"";"";"";"";"";"";"";"";"";""
"São Miguel do Passa Quatro";"Produção de Argila para Cerâmica  Branca (t)";"";"";"";"";"";"-";"";"";"";"";"";"";"";"";"";"";"";"";"";"";""
"São Miguel do Passa Quatro";"Produção de Argila para Cerâmica Vermelha (t)";"";"";"";"";"";"-";"";"";"";"";"";"";"";"";"";"";"";"";"";"";""
"São Miguel do Passa Quatro";"Produção de Argila para Cerâmica (t)";"";"";"";"";"";"-";"";"";"";"";"";"";"";"";"";"";"";"";"";"";""
"São Miguel do Passa Quatro";"Produção de Argila para Cimento (t)";"";"";"";"";"";"-";"";"";"";"";"";"";"";"";"";"";"";"";"";"";""
"São Miguel do Passa Quatro";"Produção de Argila Refratária (t)";"";"";"";"";"";"-";"";"";"";"";"";"";"";"";"";"";"";"";"";"";""
"São Patrício";"Produção de Alumínio (t)";"...";"...";"...";"...";"...";"...";"...";"...";"...";"...";"...";"...";"...";"...";"...";"...";"...";"...";"...";"...";"..."
"São Patrício";"Produção de Amianto (t)";"";"";"";"";"";"-";"";"";"";"";"";"";"";"";"";"";"";"";"";"";""
"São Patrício";"Produção de Areia (m³)";"";"350";"-";" 488 ";" - ";"1.447";"10.513";"3.620";"";"";"";"";"";"";"";"";"";"";"";"";""
"São Patrício";"Produção de Argila para Cerâmica  Branca (t)";"";"";"";"";"";"-";"";"";"";"";"";"";"";"";"";"";"";"";"";"";""
"São Patrício";"Produção de Argila para Cerâmica Vermelha (t)";"";"";"";"";"2.500";"2.840";"";"";"";"";"";"";"";"";"";"";"";"";"";"";""
"São Patrício";"Produção de Argila para Cerâmica (t)";"";"600";"-";"-";"";"-";"";"";"";"";"";"";"";"";"";"";"";"";"";"";""
"São Patrício";"Produção de Argila para Cimento (t)";"";"";"";"";"";"-";"";"";"";"";"";"";"";"";"";"";"";"";"";"";""
"São Patrício";"Produção de Argila Refratária (t)";"";"";"";"";"";"-";"";"";"";"";"";"";"";"";"";"";"";"";"";"";""
"São Simão";"Produção de Alumínio (t)";"...";"...";"...";"...";"...";"...";"...";"...";"...";"...";"...";"...";"...";"...";"...";"...";"...";"...";"...";"...";"..."
"São Simão";"Produção de Amianto (t)";"";"";"";"";"";"-";"";"";"";"";"";"";"";"";"";"";"";"";"";"";""
"São Simão";"Produção de Areia (m³)";"";"83.638";"104.182";" 44.889 ";"55.061";"42.649";"134.456";"9.079";"255.257";"197.106";"146.393";"178.750";"";"";"";"";"";"";"";"";""
"São Simão";"Produção de Argila para Cerâmica  Branca (t)";"";"";"";"";"";"-";"";"";"";"";"";"";"";"";"";"";"";"";"";"";""
"São Simão";"Produção de Argila para Cerâmica Vermelha (t)";"";"-";"-";" 400 ";"550";"150";"";"1.850";"110";"200";"";"";"";"";"";"";"";"";"";"";""
"São Simão";"Produção de Argila para Cerâmica (t)";"";"-";"7.200";"-";"";"-";"";"";"";"";"";"";"";"";"";"";"";"";"";"";""
"São Simão";"Produção de Argila para Cimento (t)";"";"";"";"";"";"-";"";"";"";"";"";"";"";"";"";"";"";"";"";"";""
"São Simão";"Produção de Argila Refratária (t)";"";"";"";"";"";"-";"";"";"";"";"";"";"";"";"";"";"";"";"";"";""
"Senador Canedo";"Produção de Alumínio (t)";"...";"...";"...";"...";"...";"...";"...";"...";"...";"...";"...";"...";"...";"...";"...";"...";"...";"...";"...";"...";"..."
"Senador Canedo";"Produção de Amianto (t)";"";"";"";"";"";"-";"";"";"";"";"";"";"";"";"";"";"";"";"";"";""
"Senador Canedo";"Produção de Areia (m³)";"";"";"";"";"";"-";"";"";"2.310";"2.310";"";"";"";"";"";"";"";"";"";"";""
"Senador Canedo";"Produção de Argila para Cerâmica  Branca (t)";"";"";"";"";"";"-";"";"";"";"";"";"";"";"";"";"";"";"";"";"";""
"Senador Canedo";"Produção de Argila para Cerâmica Vermelha (t)";"";"";"";"";"";"-";"";"";"";"";"";"";"";"";"";"";"";"";"";"";""
"Senador Canedo";"Produção de Argila para Cerâmica (t)";"";"";"";"";"";"-";"";"";"";"";"";"";"";"";"";"";"";"";"";"";""
"Senador Canedo";"Produção de Argila para Cimento (t)";"";"";"";"";"";"-";"";"";"";"";"";"";"";"";"";"";"";"";"";"";""
"Senador Canedo";"Produção de Argila Refratária (t)";"";"";"";"";"";"-";"";"";"";"";"";"";"";"";"";"";"";"";"";"";""
"Serranópolis";"Produção de Alumínio (t)";"...";"...";"...";"...";"...";"...";"...";"...";"...";"...";"...";"...";"...";"...";"...";"...";"...";"...";"...";"...";"..."
"Serranópolis";"Produção de Amianto (t)";"";"";"";"";"";"-";"";"";"";"";"";"";"";"";"";"";"";"";"";"";""
"Serranópolis";"Produção de Areia (m³)";"";"";"";"";"";"-";"";"";"";"";"";"";"";"";"";"";"";"";"";"";""
"Serranópolis";"Produção de Argila para Cerâmica  Branca (t)";"";"";"";"";"";"-";"";"";"";"";"";"";"";"";"";"";"";"";"";"";""
"Serranópolis";"Produção de Argila para Cerâmica Vermelha (t)";"";"";"";"";"";"-";"";"";"";"";"";"";"";"";"";"";"";"";"";"";""
"Serranópolis";"Produção de Argila para Cerâmica (t)";"";"";"";"";"";"-";"";"";"";"";"";"";"";"";"";"";"";"";"";"";""
"Serranópolis";"Produção de Argila para Cimento (t)";"";"";"";"";"";"-";"";"";"";"";"";"";"";"";"";"";"";"";"";"";""
"Serranópolis";"Produção de Argila Refratária (t)";"";"";"";"";"";"-";"";"";"";"";"";"";"";"";"";"";"";"";"";"";""
"Silvânia";"Produção de Alumínio (t)";"...";"...";"...";"...";"...";"...";"...";"...";"...";"...";"...";"...";"...";"...";"...";"...";"...";"...";"...";"...";"..."
"Silvânia";"Produção de Amianto (t)";"";"";"";"";"";"-";"";"";"";"";"";"";"";"";"";"";"";"";"";"";""
"Silvânia";"Produção de Areia (m³)";"";"-";"4.796";" 34.709 ";"17.021";"14.100";"13.735";"79.905";"58.095";"58.161";"75.785";"90.255";"";"";"";"";"";"";"";"";""
"Silvânia";"Produção de Argila para Cerâmica  Branca (t)";"";"18.680";"12.736";" 11.516 ";"17.846";"-";"";"";"";"";"";"";"";"";"";"";"";"";"";"";""
"Silvânia";"Produção de Argila para Cerâmica Vermelha (t)";"";"-";"-";" 74.600 ";"18.245";"2.100";"44.960";"21.300";"11.400";"32.071";"26.419";"29.188";"";"";"";"";"";"";"";"";""
"Silvânia";"Produção de Argila para Cerâmica (t)";"";"8.250";"8.570";"-";"";"-";"";"";"";"";"";"";"";"";"";"";"";"";"";"";""
"Silvânia";"Produção de Argila para Cimento (t)";"";"";"";"";"";"-";"";"";"";"";"";"";"";"";"";"";"";"";"";"";""
"Silvânia";"Produção de Argila Refratária (t)";"";"";"";"";"";"-";"";"";"";"";"";"";"";"";"";"";"";"";"";"";""
"Simolândia";"Produção de Alumínio (t)";"...";"...";"...";"...";"...";"...";"...";"...";"...";"...";"...";"...";"...";"...";"...";"...";"...";"...";"...";"...";"..."
"Simolândia";"Produção de Amianto (t)";"";"";"";"";"";"-";"";"";"";"";"";"";"";"";"";"";"";"";"";"";""
"Simolândia";"Produção de Areia (m³)";"";"";"";"";"";"-";"";"";"";"";"";"";"";"";"";"";"";"";"";"";""
"Simolândia";"Produção de Argila para Cerâmica  Branca (t)";"";"";"";"";"";"-";"";"";"";"";"";"";"";"";"";"";"";"";"";"";""
"Simolândia";"Produção de Argila para Cerâmica Vermelha (t)";"";"";"";"";"";"-";"";"";"3.485";"319";"";"395";"";"";"";"";"";"";"";"";""
"Simolândia";"Produção de Argila para Cerâmica (t)";"";"";"";"";"";"-";"";"";"";"";"";"";"";"";"";"";"";"";"";"";""
"Simolândia";"Produção de Argila para Cimento (t)";"";"";"";"";"";"-";"";"";"";"";"";"";"";"";"";"";"";"";"";"";""
"Simolândia";"Produção de Argila Refratária (t)";"";"";"";"";"";"-";"";"";"";"";"";"";"";"";"";"";"";"";"";"";""
"Sítio d'Abadia";"Produção de Alumínio (t)";"...";"...";"...";"...";"...";"...";"...";"...";"...";"...";"...";"...";"...";"...";"...";"...";"...";"...";"...";"...";"..."
"Sítio d'Abadia";"Produção de Amianto (t)";"";"";"";"";"";"-";"";"";"";"";"";"";"";"";"";"";"";"";"";"";""
"Sítio d'Abadia";"Produção de Areia (m³)";"";"";"";"";"";"-";"";"";"";"";"";"";"";"";"";"";"";"";"";"";""
"Sítio d'Abadia";"Produção de Argila para Cerâmica  Branca (t)";"";"";"";"";"";"-";"";"";"";"";"";"";"";"";"";"";"";"";"";"";""
"Sítio d'Abadia";"Produção de Argila para Cerâmica Vermelha (t)";"";"";"";"";"";"-";"";"";"";"";"";"";"";"";"";"";"";"";"";"";""
"Sítio d'Abadia";"Produção de Argila para Cerâmica (t)";"";"";"";"";"";"-";"";"";"";"";"";"";"";"";"";"";"";"";"";"";""
"Sítio d'Abadia";"Produção de Argila para Cimento (t)";"";"";"";"";"";"-";"";"";"";"";"";"";"";"";"";"";"";"";"";"";""
"Sítio d'Abadia";"Produção de Argila Refratária (t)";"";"";"";"";"";"-";"";"";"";"";"";"";"";"";"";"";"";"";"";"";""
"Taquaral de Goiás";"Produção de Alumínio (t)";"...";"...";"...";"...";"...";"...";"...";"...";"...";"...";"...";"...";"...";"...";"...";"...";"...";"...";"...";"...";"..."
"Taquaral de Goiás";"Produção de Amianto (t)";"";"";"";"";"";"-";"";"";"";"";"";"";"";"";"";"";"";"";"";"";""
"Taquaral de Goiás";"Produção de Areia (m³)";"";"";"";"";"";"-";"";"";"";"";"";"";"";"";"";"";"";"";"";"";""
"Taquaral de Goiás";"Produção de Argila para Cerâmica  Branca (t)";"";"";"";"";"";"-";"";"";"";"";"";"";"";"";"";"";"";"";"";"";""
"Taquaral de Goiás";"Produção de Argila para Cerâmica Vermelha (t)";"";"";"";"";"";"-";"";"";"";"";"";"";"";"";"";"";"";"";"";"";""
"Taquaral de Goiás";"Produção de Argila para Cerâmica (t)";"";"";"";"";"";"-";"";"";"";"";"";"";"";"";"";"";"";"";"";"";""
"Taquaral de Goiás";"Produção de Argila para Cimento (t)";"";"";"";"";"";"-";"";"";"";"";"";"";"";"";"";"";"";"";"";"";""
"Taquaral de Goiás";"Produção de Argila Refratária (t)";"";"";"";"";"";"-";"";"";"";"";"";"";"";"";"";"";"";"";"";"";""
"Teresina de Goiás";"Produção de Alumínio (t)";"...";"...";"...";"...";"...";"...";"...";"...";"...";"...";"...";"...";"...";"...";"...";"...";"...";"...";"...";"...";"..."
"Teresina de Goiás";"Produção de Amianto (t)";"";"";"";"";"";"-";"";"";"";"";"";"";"";"";"";"";"";"";"";"";""
"Teresina de Goiás";"Produção de Areia (m³)";"";"-";"630";"-";"";"-";"";"";"6.426";"";"";"";"";"";"";"";"";"";"";"";""
"Teresina de Goiás";"Produção de Argila para Cerâmica  Branca (t)";"";"";"";"";"";"-";"";"";"";"";"";"";"";"";"";"";"";"";"";"";""
"Teresina de Goiás";"Produção de Argila para Cerâmica Vermelha (t)";"";"";"";"";"";"-";"";"";"";"";"";"";"";"";"";"";"";"";"";"";""
"Teresina de Goiás";"Produção de Argila para Cerâmica (t)";"";"";"";"";"";"-";"";"";"";"";"";"";"";"";"";"";"";"";"";"";""
"Teresina de Goiás";"Produção de Argila para Cimento (t)";"";"";"";"";"";"-";"";"";"";"";"";"";"";"";"";"";"";"";"";"";""
"Teresina de Goiás";"Produção de Argila Refratária (t)";"";"";"";"";"";"-";"";"";"";"";"";"";"";"";"";"";"";"";"";"";""
"Terezópolis de Goiás";"Produção de Alumínio (t)";"...";"...";"...";"...";"...";"...";"...";"...";"...";"...";"...";"...";"...";"...";"...";"...";"...";"...";"...";"...";"..."
"Terezópolis de Goiás";"Produção de Amianto (t)";"";"";"";"";"";"-";"";"";"";"";"";"";"";"";"";"";"";"";"";"";""
"Terezópolis de Goiás";"Produção de Areia (m³)";"";"";"";"";"";"-";"";"";"";"";"";"";"";"";"";"";"";"";"";"";""
"Terezópolis de Goiás";"Produção de Argila para Cerâmica  Branca (t)";"";"";"";"";"";"-";"";"";"";"";"";"";"";"";"";"";"";"";"";"";""
"Terezópolis de Goiás";"Produção de Argila para Cerâmica Vermelha (t)";"";"";"";"";"";"-";"";"";"";"";"";"";"";"";"";"";"";"";"";"";""
"Terezópolis de Goiás";"Produção de Argila para Cerâmica (t)";"";"";"";"";"";"-";"";"";"";"";"";"";"";"";"";"";"";"";"";"";""
"Terezópolis de Goiás";"Produção de Argila para Cimento (t)";"";"";"";"";"";"-";"";"";"";"";"";"";"";"";"";"";"";"";"";"";""
"Terezópolis de Goiás";"Produção de Argila Refratária (t)";"";"";"";"";"";"-";"";"";"";"";"";"";"";"";"";"";"";"";"";"";""
"Três Ranchos";"Produção de Alumínio (t)";"...";"...";"...";"...";"...";"...";"...";"...";"...";"...";"...";"...";"...";"...";"...";"...";"...";"...";"...";"...";"..."
"Três Ranchos";"Produção de Amianto (t)";"";"";"";"";"";"-";"";"";"";"";"";"";"";"";"";"";"";"";"";"";""
"Três Ranchos";"Produção de Areia (m³)";"";"";"";"";"";"-";"";"";"";"";"";"";"";"";"";"";"";"";"";"";""
"Três Ranchos";"Produção de Argila para Cerâmica  Branca (t)";"";"";"";"";"";"-";"";"";"";"";"";"";"";"";"";"";"";"";"";"";""
"Três Ranchos";"Produção de Argila para Cerâmica Vermelha (t)";"";"";"";"";"";"-";"";"";"";"";"";"";"";"";"";"";"";"";"";"";""
"Três Ranchos";"Produção de Argila para Cerâmica (t)";"";"";"";"";"";"-";"";"";"";"";"";"";"";"";"";"";"";"";"";"";""
"Três Ranchos";"Produção de Argila para Cimento (t)";"";"";"";"";"";"-";"";"";"";"";"";"";"";"";"";"";"";"";"";"";""
"Três Ranchos";"Produção de Argila Refratária (t)";"";"";"";"";"";"-";"";"";"";"";"";"";"";"";"";"";"";"";"";"";""
"Trindade";"Produção de Alumínio (t)";"...";"...";"...";"...";"...";"...";"...";"...";"...";"...";"...";"...";"...";"...";"...";"...";"...";"...";"...";"...";"..."
"Trindade";"Produção de Amianto (t)";"";"";"";"";"";"-";"";"";"";"";"";"";"";"";"";"";"";"";"";"";""
"Trindade";"Produção de Areia (m³)";"";"";"";"";"";"-";"";"";"";"";"";"";"";"";"";"";"";"";"";"";""
"Trindade";"Produção de Argila para Cerâmica  Branca (t)";"";"";"";"";"";"-";"";"";"";"";"";"";"";"";"";"";"";"";"";"";""
"Trindade";"Produção de Argila para Cerâmica Vermelha (t)";"";"-";"-";" 76.500 ";"81.000";"50.250";"";"57.000";"42.750";"6.400";"";"";"";"";"";"";"";"";"";"";""
"Trindade";"Produção de Argila para Cerâmica (t)";"";"40.420";"32.666";"-";"";"-";"";"";"";"";"";"";"";"";"";"";"";"";"";"";""
"Trindade";"Produção de Argila para Cimento (t)";"";"";"";"";"";"-";"";"";"";"";"";"";"";"";"";"";"";"";"";"";""
"Trindade";"Produção de Argila Refratária (t)";"";"";"";"";"";"-";"";"";"";"";"";"";"";"";"";"";"";"";"";"";""
"Trombas";"Produção de Alumínio (t)";"...";"...";"...";"...";"...";"...";"...";"...";"...";"...";"...";"...";"...";"...";"...";"...";"...";"...";"...";"...";"..."
"Trombas";"Produção de Amianto (t)";"";"";"";"";"";"-";"";"";"";"";"";"";"";"";"";"";"";"";"";"";""
"Trombas";"Produção de Areia (m³)";"";"";"";"";"";"-";"";"";"";"";"";"";"";"";"";"";"";"";"";"";""
"Trombas";"Produção de Argila para Cerâmica  Branca (t)";"";"";"";"";"";"-";"";"";"";"";"";"";"";"";"";"";"";"";"";"";""
"Trombas";"Produção de Argila para Cerâmica Vermelha (t)";"";"-";"-";" 800 ";"2.900";"4.000";"1.500";"5.000";"6.000";"4.800";"";"3.000";"";"";"";"";"";"";"";"";""
"Trombas";"Produção de Argila para Cerâmica (t)";"";"500";"600";"-";"";"-";"";"";"";"";"";"";"";"";"";"";"";"";"";"";""
"Trombas";"Produção de Argila para Cimento (t)";"";"";"";"";"";"-";"";"";"";"";"";"";"";"";"";"";"";"";"";"";""
"Trombas";"Produção de Argila Refratária (t)";"";"";"";"";"";"-";"";"";"";"";"";"";"";"";"";"";"";"";"";"";""
"Turvânia";"Produção de Alumínio (t)";"...";"...";"...";"...";"...";"...";"...";"...";"...";"...";"...";"...";"...";"...";"...";"...";"...";"...";"...";"...";"..."
"Turvânia";"Produção de Amianto (t)";"";"";"";"";"";"-";"";"";"";"";"";"";"";"";"";"";"";"";"";"";""
"Turvânia";"Produção de Areia (m³)";"";"";"";"";"";"-";"";"";"";"";"14.050";"";"";"";"";"";"";"";"";"";""
"Turvânia";"Produção de Argila para Cerâmica  Branca (t)";"";"";"";"";"";"-";"";"";"";"";"";"";"";"";"";"";"";"";"";"";""
"Turvânia";"Produção de Argila para Cerâmica Vermelha (t)";"";"";"";"";"";"-";"6.255";"29.300";"42.500";"";"";"";"";"";"";"";"";"";"";"";""
"Turvânia";"Produção de Argila para Cerâmica (t)";"";"";"";"";"";"-";"";"";"";"";"";"";"";"";"";"";"";"";"";"";""
"Turvânia";"Produção de Argila para Cimento (t)";"";"";"";"";"";"-";"";"";"";"";"";"";"";"";"";"";"";"";"";"";""
"Turvânia";"Produção de Argila Refratária (t)";"";"";"";"";"";"-";"";"";"";"";"";"";"";"";"";"";"";"";"";"";""
"Turvelândia";"Produção de Alumínio (t)";"...";"...";"...";"...";"...";"...";"...";"...";"...";"...";"...";"...";"...";"...";"...";"...";"...";"...";"...";"...";"..."
"Turvelândia";"Produção de Amianto (t)";"";"";"";"";"";"-";"";"";"";"";"";"";"";"";"";"";"";"";"";"";""
"Turvelândia";"Produção de Areia (m³)";"";"";"";"";"";"-";"";"";"";"";"";"";"";"";"";"";"";"";"";"";""
"Turvelândia";"Produção de Argila para Cerâmica  Branca (t)";"";"";"";"";"";"-";"";"";"";"";"";"";"";"";"";"";"";"";"";"";""
"Turvelândia";"Produção de Argila para Cerâmica Vermelha (t)";"";"";"";"";"";"-";"";"";"";"";"";"";"";"";"";"";"";"";"";"";""
"Turvelândia";"Produção de Argila para Cerâmica (t)";"";"";"";"";"";"-";"";"";"";"";"";"";"";"";"";"";"";"";"";"";""
"Turvelândia";"Produção de Argila para Cimento (t)";"";"";"";"";"";"-";"";"";"";"";"";"";"";"";"";"";"";"";"";"";""
"Turvelândia";"Produção de Argila Refratária (t)";"";"";"";"";"";"-";"";"";"";"";"";"";"";"";"";"";"";"";"";"";""
"Uirapuru";"Produção de Alumínio (t)";"...";"...";"...";"...";"...";"...";"...";"...";"...";"...";"...";"...";"...";"...";"...";"...";"...";"...";"...";"...";"..."
"Uirapuru";"Produção de Amianto (t)";"";"";"";"";"";"-";"";"";"";"";"";"";"";"";"";"";"";"";"";"";""
"Uirapuru";"Produção de Areia (m³)";"";"";"";"";"";"-";"";"";"";"";"";"";"";"";"";"";"";"";"";"";""
"Uirapuru";"Produção de Argila para Cerâmica  Branca (t)";"";"";"";"";"";"-";"";"";"";"";"";"";"";"";"";"";"";"";"";"";""
"Uirapuru";"Produção de Argila para Cerâmica Vermelha (t)";"";"";"";"";"";"-";"";"";"";"";"";"";"";"";"";"";"";"";"";"";""
"Uirapuru";"Produção de Argila para Cerâmica (t)";"";"";"";"";"";"-";"";"";"";"";"";"";"";"";"";"";"";"";"";"";""
"Uirapuru";"Produção de Argila para Cimento (t)";"";"";"";"";"";"-";"";"";"";"";"";"";"";"";"";"";"";"";"";"";""
"Uirapuru";"Produção de Argila Refratária (t)";"";"";"";"";"";"-";"";"";"";"";"";"";"";"";"";"";"";"";"";"";""
"Uruaçu";"Produção de Alumínio (t)";"...";"...";"...";"...";"...";"...";"...";"...";"...";"...";"...";"...";"...";"...";"...";"...";"...";"...";"...";"...";"..."
"Uruaçu";"Produção de Amianto (t)";"";"";"";"";"";"-";"";"";"";"";"";"";"";"";"";"";"";"";"";"";""
"Uruaçu";"Produção de Areia (m³)";"";"57.138";"20.852";" 88.500 ";"109.663";"124.000";"1.482";"48.775";"35.453";"27.357";"11.360";"10.148";"";"";"";"";"";"";"";"";""
"Uruaçu";"Produção de Argila para Cerâmica  Branca (t)";"";"";"";"";"";"-";"";"";"";"";"";"";"";"";"";"";"";"";"";"";""
"Uruaçu";"Produção de Argila para Cerâmica Vermelha (t)";"";"";"";"";"";"-";"";"";"";"";"";"";"";"";"";"";"";"";"";"";""
"Uruaçu";"Produção de Argila para Cerâmica (t)";"";"";"";"";"";"-";"";"";"";"";"";"";"";"";"";"";"";"";"";"";""
"Uruaçu";"Produção de Argila para Cimento (t)";"";"";"";"";"";"-";"";"";"";"";"";"";"";"";"";"";"";"";"";"";""
"Uruaçu";"Produção de Argila Refratária (t)";"";"";"";"";"";"-";"";"";"";"";"";"";"";"";"";"";"";"";"";"";""
"Uruana";"Produção de Alumínio (t)";"...";"...";"...";"...";"...";"...";"...";"...";"...";"...";"...";"...";"...";"...";"...";"...";"...";"...";"...";"...";"..."
"Uruana";"Produção de Amianto (t)";"";"";"";"";"";"-";"";"";"";"";"";"";"";"";"";"";"";"";"";"";""
"Uruana";"Produção de Areia (m³)";"";"";"";"";"";"-";"";"";"";"";"";"";"";"";"";"";"";"";"";"";""
"Uruana";"Produção de Argila para Cerâmica  Branca (t)";"";"";"";"";"";"-";"";"";"";"";"";"";"";"";"";"";"";"";"";"";""
"Uruana";"Produção de Argila para Cerâmica Vermelha (t)";"";"";"";"";"";"-";"";"";"";"";"";"";"";"";"";"";"";"";"";"";""
"Uruana";"Produção de Argila para Cerâmica (t)";"";"";"";"";"";"-";"";"";"";"";"";"";"";"";"";"";"";"";"";"";""
"Uruana";"Produção de Argila para Cimento (t)";"";"";"";"";"";"-";"";"";"";"";"";"";"";"";"";"";"";"";"";"";""
"Uruana";"Produção de Argila Refratária (t)";"";"";"";"";"";"-";"";"";"";"";"";"";"";"";"";"";"";"";"";"";""
"Urutaí";"Produção de Alumínio (t)";"...";"...";"...";"...";"...";"...";"...";"...";"...";"...";"...";"...";"...";"...";"...";"...";"...";"...";"...";"...";"..."
"Urutaí";"Produção de Amianto (t)";"";"";"";"";"";"-";"";"";"";"";"";"";"";"";"";"";"";"";"";"";""
"Urutaí";"Produção de Areia (m³)";"";"-";"144";"-";"";"-";"";"";"";"";"224";"1.115";"";"";"";"";"";"";"";"";""
"Urutaí";"Produção de Argila para Cerâmica  Branca (t)";"";"";"";"";"";"-";"";"";"";"";"";"";"";"";"";"";"";"";"";"";""
"Urutaí";"Produção de Argila para Cerâmica Vermelha (t)";"";"";"";"";"";"-";"";"";"";"";"";"";"";"";"";"";"";"";"";"";""
"Urutaí";"Produção de Argila para Cerâmica (t)";"";"";"";"";"";"-";"";"";"";"";"";"";"";"";"";"";"";"";"";"";""
"Urutaí";"Produção de Argila para Cimento (t)";"";"";"";"";"";"-";"";"";"";"";"";"";"";"";"";"";"";"";"";"";""
"Urutaí";"Produção de Argila Refratária (t)";"";"";"";"";"";"-";"";"";"";"";"";"";"";"";"";"";"";"";"";"";""
"Valparaíso de Goiás";"Produção de Alumínio (t)";"...";"...";"...";"...";"...";"...";"...";"...";"...";"...";"...";"...";"...";"...";"...";"...";"...";"...";"...";"...";"..."
"Valparaíso de Goiás";"Produção de Amianto (t)";"";"";"";"";"";"-";"";"";"";"";"";"";"";"";"";"";"";"";"";"";""
"Valparaíso de Goiás";"Produção de Areia (m³)";"";"";"";"";"";"-";"";"";"";"";"";"";"";"";"";"";"";"";"";"";""
"Valparaíso de Goiás";"Produção de Argila para Cerâmica  Branca (t)";"";"";"";"";"";"-";"";"";"";"";"";"";"";"";"";"";"";"";"";"";""
"Valparaíso de Goiás";"Produção de Argila para Cerâmica Vermelha (t)";"";"";"";"";"";"-";"";"";"";"";"";"";"";"";"";"";"";"";"";"";""
"Valparaíso de Goiás";"Produção de Argila para Cerâmica (t)";"";"";"";"";"";"-";"";"";"";"";"";"";"";"";"";"";"";"";"";"";""
"Valparaíso de Goiás";"Produção de Argila para Cimento (t)";"";"";"";"";"";"-";"";"";"";"";"";"";"";"";"";"";"";"";"";"";""
"Valparaíso de Goiás";"Produção de Argila Refratária (t)";"";"";"";"";"";"-";"";"";"";"";"";"";"";"";"";"";"";"";"";"";""
"Varjão";"Produção de Alumínio (t)";"...";"...";"...";"...";"...";"...";"...";"...";"...";"...";"...";"...";"...";"...";"...";"...";"...";"...";"...";"...";"..."
"Varjão";"Produção de Amianto (t)";"";"";"";"";"";"-";"";"";"";"";"";"";"";"";"";"";"";"";"";"";""
"Varjão";"Produção de Areia (m³)";"";"";"";"";"";"-";"";"";"";"";"";"";"";"";"";"";"";"";"";"";""
"Varjão";"Produção de Argila para Cerâmica  Branca (t)";"";"";"";"";"";"-";"";"";"";"";"";"";"";"";"";"";"";"";"";"";""
"Varjão";"Produção de Argila para Cerâmica Vermelha (t)";"";"";"";"";"";"-";"";"";"";"";"20.300";"";"";"";"";"";"";"";"";"";""
"Varjão";"Produção de Argila para Cerâmica (t)";"";"";"";"";"";"-";"";"";"";"";"";"";"";"";"";"";"";"";"";"";""
"Varjão";"Produção de Argila para Cimento (t)";"";"";"";"";"";"-";"";"";"";"";"";"";"";"";"";"";"";"";"";"";""
"Varjão";"Produção de Argila Refratária (t)";"";"";"";"";"";"-";"";"";"";"";"";"";"";"";"";"";"";"";"";"";""
"Vianópolis";"Produção de Alumínio (t)";"...";"...";"...";"...";"...";"...";"...";"...";"...";"...";"...";"...";"...";"...";"...";"...";"...";"...";"...";"...";"..."
"Vianópolis";"Produção de Amianto (t)";"";"";"";"";"";"-";"";"";"";"";"";"";"";"";"";"";"";"";"";"";""
"Vianópolis";"Produção de Areia (m³)";"";"";"";"";"";"-";"";"";"";"";"3.393";"5.140";"";"";"";"";"";"";"";"";""
"Vianópolis";"Produção de Argila para Cerâmica  Branca (t)";"";"";"";"";"";"-";"";"";"";"";"";"";"";"";"";"";"";"";"";"";""
"Vianópolis";"Produção de Argila para Cerâmica Vermelha (t)";"";"-";"-";" 9.000 ";" - ";"-";"4.000";"19.200";"33.020";"59.205";"19.500";"1.280";"";"";"";"";"";"";"";"";""
"Vianópolis";"Produção de Argila para Cerâmica (t)";"";"-";"6.300";"-";"";"-";"";"";"";"";"";"";"";"";"";"";"";"";"";"";""
"Vianópolis";"Produção de Argila para Cimento (t)";"";"";"";"";"";"-";"";"";"";"";"";"";"";"";"";"";"";"";"";"";""
"Vianópolis";"Produção de Argila Refratária (t)";"";"";"";"";"";"-";"";"";"";"";"";"";"";"";"";"";"";"";"";"";""
"Vicentinópolis";"Produção de Alumínio (t)";"...";"...";"...";"...";"...";"...";"...";"...";"...";"...";"...";"...";"...";"...";"...";"...";"...";"...";"...";"...";"..."
"Vicentinópolis";"Produção de Amianto (t)";"";"";"";"";"";"-";"";"";"";"";"";"";"";"";"";"";"";"";"";"";""
"Vicentinópolis";"Produção de Areia (m³)";"";"";"";"";"";"-";"";"";"";"";"";"";"";"";"";"";"";"";"";"";""
"Vicentinópolis";"Produção de Argila para Cerâmica  Branca (t)";"";"";"";"";"";"-";"";"";"";"";"";"";"";"";"";"";"";"";"";"";""
"Vicentinópolis";"Produção de Argila para Cerâmica Vermelha (t)";"";"";"";"";"";"-";"";"";"";"";"";"";"";"";"";"";"";"";"";"";""
"Vicentinópolis";"Produção de Argila para Cerâmica (t)";"";"";"";"";"";"-";"";"";"";"";"";"";"";"";"";"";"";"";"";"";""
"Vicentinópolis";"Produção de Argila para Cimento (t)";"";"";"";"";"";"-";"";"";"";"";"";"";"";"";"";"";"";"";"";"";""
"Vicentinópolis";"Produção de Argila Refratária (t)";"";"";"";"";"";"-";"";"";"";"";"";"";"";"";"";"";"";"";"";"";""
"Vila Boa";"Produção de Alumínio (t)";"...";"...";"...";"...";"...";"...";"...";"...";"...";"...";"...";"...";"...";"...";"...";"...";"...";"...";"...";"...";"..."
"Vila Boa";"Produção de Amianto (t)";"";"";"";"";"";"-";"";"";"";"";"";"";"";"";"";"";"";"";"";"";""
"Vila Boa";"Produção de Areia (m³)";"";"4.281";"-";"";"";"-";"";"";"";"";"";"";"";"";"";"";"";"";"";"";""
"Vila Boa";"Produção de Argila para Cerâmica  Branca (t)";"";"";"";"";"";"-";"";"";"";"";"";"";"";"";"";"";"";"";"";"";""
"Vila Boa";"Produção de Argila para Cerâmica Vermelha (t)";"";"";"";"";"";"-";"";"";"";"";"";"";"";"";"";"";"";"";"";"";""
"Vila Boa";"Produção de Argila para Cerâmica (t)";"";"";"";"";"";"-";"";"";"";"";"";"";"";"";"";"";"";"";"";"";""
"Vila Boa";"Produção de Argila para Cimento (t)";"";"";"";"";"";"-";"";"";"";"";"";"";"";"";"";"";"";"";"";"";""
"Vila Boa";"Produção de Argila Refratária (t)";"";"";"";"";"";"-";"";"";"";"";"";"";"";"";"";"";"";"";"";"";""
"Vila Propício";"Produção de Alumínio (t)";"...";"...";"...";"...";"...";"...";"...";"...";"...";"...";"...";"...";"...";"...";"...";"...";"...";"...";"...";"...";"..."
"Vila Propício";"Produção de Amianto (t)";"";"";"";"";"";"-";"";"";"";"";"";"";"";"";"";"";"";"";"";"";""
"Vila Propício";"Produção de Areia (m³)";"";"-";"-";" 7.336 ";" - ";"-";"";"";"580";"580";"";"";"";"";"";"";"";"";"";"";""
"Vila Propício";"Produção de Argila para Cerâmica  Branca (t)";"";"";"";"";"";"-";"";"";"";"";"";"";"";"";"";"";"";"";"";"";""
"Vila Propício";"Produção de Argila para Cerâmica Vermelha (t)";"";"";"";"";"";"-";"";"";"7.432";"";"";"633";"";"";"";"";"";"";"";"";""
"Vila Propício";"Produção de Argila para Cerâmica (t)";"";"";"";"";"";"-";"";"";"";"";"";"";"";"";"";"";"";"";"";"";""
"Vila Propício";"Produção de Argila para Cimento (t)";"";"";"";"";"";"-";"";"";"";"";"";"";"";"";"";"";"";"";"";"";""
"Vila Propício";"Produção de Argila Refratária (t)";"";"";"";"";"";"-";"";"";"";"";"";"";"";"";"";"";"";"";"";"";""
