"Superintendência","Processo","Tipo de requerimento","Fase Atual","CPF CNPJ do titular","Titular","Municipio(s)","Substância(s)","Tipo(s) de Uso","Situação","Data da Cessão"
"Gerência Regional / GO","860743/2002","Requerimento de Autorização de Pesquisa","Requerimento de Lavra","00.114.258/0001-19","AREIALTO EXTRACAO COMERCIO E TRANSPORTES DE AREIA LTDA","ORIZONA - GO, PIRES DO RIO - GO","AREIA, MINÉRIO DE OURO","Construção civil, Metalurgia","Sim","26/03/2004"
"Gerência Regional / GO","860519/2002","Requerimento de Autorização de Pesquisa","Concessão de Lavra","00.114.258/0001-19","AREIALTO EXTRACAO COMERCIO E TRANSPORTES DE AREIA LTDA","ORIZONA - GO, PIRES DO RIO - GO","AREIA","Construção civil","Sim","16/04/2004"
"Gerência Regional / GO","860213/2013","Requerimento de Autorização de Pesquisa","Concessão de Lavra","00.114.258/0001-19","AREIALTO EXTRACAO COMERCIO E TRANSPORTES DE AREIA LTDA","ORIZONA - GO","AREIA, DIAMANTE","Construção civil, Industrial","Sim","06/10/2016"
"Gerência Regional / GO","800464/1969","Requerimento de Autorização de Pesquisa","Concessão de Lavra","00.162.123/0001-29","MINERACAO PEDRA LINDA LTDA","SANTO ANTÔNIO DO DESCOBERTO - GO","FERRO, MANGANÊS","Demais substâncias, Demais substâncias","Sim","05/08/2022"
"Gerência Regional / GO","860439/2017","Requerimento de Autorização de Pesquisa","Concessão de Lavra","00.264.528/0001-78","GUIDONI BRASIL S/A","CAMPINAÇU - GO","QUARTZITO, QUARTZO","Industrial, Revestimento","Sim","28/12/2017"
"Gerência Regional / GO","861541/2011","Requerimento de Autorização de Pesquisa","Requerimento de Lavra","01.059.930/0001-83","CALCARIO SANTA TEREZA LTDA","FORMOSO - GO","CALCÁRIO, CALCÁRIO CALCÍTICO, CALCÁRIO DOLOMÍTICO","Corretivo de solo, Corretivo de solo, Fabricação de cal","Sim","14/06/2017"
"Gerência Regional / GO","861540/2011","Requerimento de Autorização de Pesquisa","Requerimento de Lavra","01.059.930/0001-83","CALCARIO SANTA TEREZA LTDA","FORMOSO - GO","CALCÁRIO CALCÍTICO, CALCÁRIO DOLOMÍTICO","Corretivo de solo, Fabricação de cal","Sim","17/03/2026"
"Gerência Regional / GO","807299/1977","Requerimento de Autorização de Pesquisa","Concessão de Lavra","02.683.365/0001-93","BRASIL MINERIOS S/A","SÃO LUÍS DE MONTES BELOS - GO","VERMICULITA","Demais substâncias","Sim","27/02/1991"
"Gerência Regional / GO","860179/1978","Requerimento de Autorização de Pesquisa","Direito de Requerer a Lavra","02.683.365/0001-93","BRASIL MINERIOS S/A","SÃO LUÍS DE MONTES BELOS - GO","VERMICULITA","Demais substâncias","Sim","09/11/1999"
"Gerência Regional / GO","860577/1986","Requerimento de Autorização de Pesquisa","Concessão de Lavra","03.299.740/0001-69","SOMA EMPRESA DE MINERACAO LTDA","CALDAS NOVAS - GO","ÁGUA MINERAL","Demais substâncias","Sim","12/05/1997"
"Gerência Regional / GO","860743/2002","Requerimento de Autorização de Pesquisa","Requerimento de Lavra","00.114.258/0001-19","AREIALTO EXTRACAO COMERCIO E TRANSPORTES DE AREIA LTDA","ORIZONA - GO, PIRES DO RIO - GO","AREIA, MINÉRIO DE OURO","Construção civil, Metalurgia","Sim","01/09/2009"
"Gerência Regional / GO","860519/2002","Requerimento de Autorização de Pesquisa","Concessão de Lavra","00.114.258/0001-19","AREIALTO EXTRACAO COMERCIO E TRANSPORTES DE AREIA LTDA","ORIZONA - GO, PIRES DO RIO - GO","AREIA","Construção civil","Sim","14/09/2007"
"Gerência Regional / GO","860213/2013","Requerimento de Autorização de Pesquisa","Concessão de Lavra","00.114.258/0001-19","AREIALTO EXTRACAO COMERCIO E TRANSPORTES DE AREIA LTDA","ORIZONA - GO","AREIA, DIAMANTE","Construção civil, Industrial","Sim","11/06/2019"
"Gerência Regional / GO","800464/1969","Requerimento de Autorização de Pesquisa","Concessão de Lavra","00.162.123/0001-29","MINERACAO PEDRA LINDA LTDA","SANTO ANTÔNIO DO DESCOBERTO - GO","FERRO, MANGANÊS","Demais substâncias, Demais substâncias","Sim","25/01/2010"
"Gerência Regional / GO","861490/2016","Requerimento de Autorização de Pesquisa","Requerimento de Lavra","00.264.528/0001-78","GUIDONI BRASIL S/A","FLORES DE GOIÁS - GO, SÍTIO D'ABADIA - GO","MÁRMORE","Revestimento","Sim","16/01/2023"
"Gerência Regional / GO","861489/2016","Requerimento de Autorização de Pesquisa","Autorização de Pesquisa","00.264.528/0001-78","GUIDONI BRASIL S/A","FLORES DE GOIÁS - GO","MÁRMORE","Revestimento","Sim","16/01/2023"
"Gerência Regional / GO","861488/2016","Requerimento de Autorização de Pesquisa","Requerimento de Lavra","00.264.528/0001-78","GUIDONI BRASIL S/A","FLORES DE GOIÁS - GO, SÍTIO D'ABADIA - GO","MÁRMORE","Revestimento","Sim","16/01/2023"
"Gerência Regional / GO","861487/2016","Requerimento de Autorização de Pesquisa","Requerimento de Lavra","00.264.528/0001-78","GUIDONI BRASIL S/A","FLORES DE GOIÁS - GO, SÍTIO D'ABADIA - GO","MÁRMORE","Revestimento","Sim","16/01/2023"
"Gerência Regional / GO","861486/2016","Requerimento de Autorização de Pesquisa","Requerimento de Lavra","00.264.528/0001-78","GUIDONI BRASIL S/A","FLORES DE GOIÁS - GO","MÁRMORE","Revestimento","Sim","16/01/2023"
"Gerência Regional / GO","861485/2016","Requerimento de Autorização de Pesquisa","Requerimento de Lavra","00.264.528/0001-78","GUIDONI BRASIL S/A","BURITIS - MG, FLORES DE GOIÁS - GO","MÁRMORE","Revestimento","Sim","16/01/2023"
"Gerência Regional / GO","861483/2016","Requerimento de Autorização de Pesquisa","Concessão de Lavra","00.264.528/0001-78","GUIDONI BRASIL S/A","BURITIS - MG, FLORES DE GOIÁS - GO, SÍTIO D'ABADIA - GO","MÁRMORE","Revestimento","Sim","16/01/2023"
"Gerência Regional / GO","861482/2016","Requerimento de Autorização de Pesquisa","Requerimento de Lavra","00.264.528/0001-78","GUIDONI BRASIL S/A","FLORES DE GOIÁS - GO, SÍTIO D'ABADIA - GO","MÁRMORE","Revestimento","Sim","16/01/2023"
"Gerência Regional / GO","861479/2016","Requerimento de Autorização de Pesquisa","Requerimento de Lavra","00.264.528/0001-78","GUIDONI BRASIL S/A","FLORES DE GOIÁS - GO, SÍTIO D'ABADIA - GO","MÁRMORE","Revestimento","Sim","16/01/2023"
"Gerência Regional / GO","861478/2016","Requerimento de Autorização de Pesquisa","Requerimento de Lavra","00.264.528/0001-78","GUIDONI BRASIL S/A","FLORES DE GOIÁS - GO, SÍTIO D'ABADIA - GO","MÁRMORE","Revestimento","Sim","16/01/2023"
"Gerência Regional / GO","861082/2017","Requerimento de Mudança de Regime para Aut. de Pesquisa","Requerimento de Lavra","00.264.528/0001-78","GUIDONI BRASIL S/A","TERESINA DE GOIÁS - GO","QUARTZITO","Revestimento","Sim","09/05/2018"
"Gerência Regional / GO","860702/2019","Requerimento de Autorização de Pesquisa","Autorização de Pesquisa","00.264.528/0001-78","GUIDONI BRASIL S/A","CAVALCANTE - GO","MINÉRIO DE MANGANÊS","Industrial","Sim","04/08/2025"
"Gerência Regional / GO","860582/2019","Requerimento de Autorização de Pesquisa","Autorização de Pesquisa","00.264.528/0001-78","GUIDONI BRASIL S/A","CAMPINAÇU - GO","CALCÁRIO, CALCÁRIO, CALCÁRIO, CALCÁRIO, FOSFATO","Brita, Corretivo de solo, Fabricação de cal, Fabricação de cimento, Fertilizantes","Sim","19/04/2023"
"Gerência Regional / GO","860580/2019","Requerimento de Autorização de Pesquisa","Direito de Requerer a Lavra","00.264.528/0001-78","GUIDONI BRASIL S/A","MINAÇU - GO","CALCÁRIO, CALCÁRIO, CALCÁRIO, CALCÁRIO, FOSFATO","Brita, Corretivo de solo, Fabricação de cal, Fabricação de cimento, Fertilizantes","Sim","03/03/2023"
"Gerência Regional / GO","860579/2019","Requerimento de Autorização de Pesquisa","Autorização de Pesquisa","00.264.528/0001-78","GUIDONI BRASIL S/A","MINAÇU - GO","CALCÁRIO, CALCÁRIO, CALCÁRIO, CALCÁRIO, FOSFATO","Brita, Corretivo de solo, Fabricação de cal, Fabricação de cimento, Fertilizantes","Sim","03/03/2023"
"Gerência Regional / GO","860439/2017","Requerimento de Autorização de Pesquisa","Concessão de Lavra","00.264.528/0001-78","GUIDONI BRASIL S/A","CAMPINAÇU - GO","QUARTZITO, QUARTZO","Industrial, Revestimento","Sim","19/02/2018"
"Gerência Regional / GO","861541/2011","Requerimento de Autorização de Pesquisa","Requerimento de Lavra","01.059.930/0001-83","CALCARIO SANTA TEREZA LTDA","FORMOSO - GO","CALCÁRIO, CALCÁRIO CALCÍTICO, CALCÁRIO DOLOMÍTICO","Corretivo de solo, Corretivo de solo, Fabricação de cal","Sim","17/03/2026"
"Gerência Regional / GO","861540/2011","Requerimento de Autorização de Pesquisa","Requerimento de Lavra","01.059.930/0001-83","CALCARIO SANTA TEREZA LTDA","FORMOSO - GO","CALCÁRIO CALCÍTICO, CALCÁRIO DOLOMÍTICO","Corretivo de solo, Fabricação de cal","Sim","09/05/2018"
"Gerência Regional / GO","861376/2016","Requerimento de Autorização de Pesquisa","Requerimento de Lavra","01.059.930/0001-83","CALCARIO SANTA TEREZA LTDA","FORMOSO - GO","CALCÁRIO","Fabricação de cimento","Sim","20/05/2026"
"Gerência Regional / GO","807670/1975","Requerimento de Autorização de Pesquisa","Concessão de Lavra","01.059.930/0001-83","CALCARIO SANTA TEREZA LTDA","FORMOSO - GO","CALCÁRIO DOLOMÍTICO","Demais substâncias","Sim","22/06/1989"
"Gerência Regional / GO","860609/1995","Requerimento de Autorização de Pesquisa","Concessão de Lavra","02.130.870/0001-00","BENUNES E BENUNES LTDA","GOIÁS - GO","CALCÁRIO DOLOMÍTICO, FOSFATO","Corretivo de solo, Demais substâncias","Sim","20/01/2003"
"Gerência Regional / GO","861781/2007","Requerimento de Autorização de Pesquisa","Concessão de Lavra","02.540.029/0001-91","GOIAS VERMICULITA SA","OUVIDOR - GO","VERMICULITA","Industrial","Sim","21/09/2010"
"Gerência Regional / GO","810832/1974","Requerimento de Autorização de Pesquisa","Concessão de Lavra","02.683.365/0001-93","BRASIL MINERIOS S/A","SANCLERLÂNDIA - GO","VERMICULITA","Demais substâncias","Sim","05/11/2003"
"Gerência Regional / GO","810831/1974","Requerimento de Autorização de Pesquisa","Concessão de Lavra","02.683.365/0001-93","BRASIL MINERIOS S/A","SANCLERLÂNDIA - GO","VERMICULITA","Demais substâncias","Sim","05/11/2003"
"Gerência Regional / GO","807299/1977","Requerimento de Autorização de Pesquisa","Concessão de Lavra","02.683.365/0001-93","BRASIL MINERIOS S/A","SÃO LUÍS DE MONTES BELOS - GO","VERMICULITA","Demais substâncias","Sim","05/11/2003"
"Gerência Regional / GO","860179/1978","Requerimento de Autorização de Pesquisa","Direito de Requerer a Lavra","02.683.365/0001-93","BRASIL MINERIOS S/A","SÃO LUÍS DE MONTES BELOS - GO","VERMICULITA","Demais substâncias","Sim","05/11/2003"
"Gerência Regional / GO","811774/1974","Requerimento de Autorização de Pesquisa","Concessão de Lavra","02.683.365/0001-93","BRASIL MINERIOS S/A","SANCLERLÂNDIA - GO","VERMICULITA","Demais substâncias","Sim","05/11/2003"
"Gerência Regional / GO","860312/2001","Requerimento de Autorização de Pesquisa","Requerimento de Lavra","02.785.798/0001-50","ITACUA INDUSTRIA E COMERCIO DE MINERIOS LTDA","ANICUNS - GO","CALCÁRIO","Industrial","Sim","18/04/2013"
"Gerência Regional / GO","860286/1989","Requerimento de Autorização de Pesquisa","Concessão de Lavra","02.785.798/0001-50","ITACUA INDUSTRIA E COMERCIO DE MINERIOS LTDA","MOSSÂMEDES - GO","CALCÁRIO, CALCÁRIO","Brita, Demais substâncias","Sim","01/10/1991"
"Gerência Regional / GO","860134/2014","Requerimento de Cessão parcial","Requerimento de Lavra","03.007.590/0001-72","BRITAGO MINERACAO INDUSTRIA E COMERCIO LTDA","SANTA BÁRBARA DE GOIÁS - GO","DIORITO, MINÉRIO DE FERRO","Brita, Industrial","Sim","02/09/2015"
"Gerência Regional / GO","862617/1980","Requerimento de Autorização de Pesquisa","Concessão de Lavra","03.297.900/0001-30","AGUAS DE CALDAS-NOVAS COLONIA DO SESC LTDA","CALDAS NOVAS - GO","ÁGUAS TERMAIS","Demais substâncias","Sim","07/07/1987"
"Gerência Regional / GO","861856/2013","Requerimento de Disponibilidade para lavra","Concessão de Lavra","03.297.900/0001-30","AGUAS DE CALDAS-NOVAS COLONIA DO SESC LTDA","JATAÍ - GO","ÁGUA MINERAL","Balneoterapia","Sim","22/01/2025"
"Gerência Regional / GO","860577/1986","Requerimento de Autorização de Pesquisa","Concessão de Lavra","03.299.740/0001-69","SOMA EMPRESA DE MINERACAO LTDA","CALDAS NOVAS - GO","ÁGUA MINERAL","Demais substâncias","Sim","22/03/2010"
"Gerência Regional / GO","860465/1988","Requerimento de Autorização de Pesquisa","Concessão de Lavra","03.299.740/0001-69","SOMA EMPRESA DE MINERACAO LTDA","CALDAS NOVAS - GO","ÁGUA MINERAL","Demais substâncias","Sim","26/12/1994"
"Gerência Regional / GO","860045/1985","Requerimento de Autorização de Pesquisa","Concessão de Lavra","03.299.740/0001-69","SOMA EMPRESA DE MINERACAO LTDA","CALDAS NOVAS - GO","ÁGUA MINERAL","Demais substâncias","Sim","28/05/2007"
"Gerência Regional / GO","861105/1988","Requerimento de Autorização de Pesquisa","Concessão de Lavra","03.299.740/0001-69","SOMA EMPRESA DE MINERACAO LTDA","CALDAS NOVAS - GO","ÁGUA MINERAL","Demais substâncias","Sim","24/07/1997"
"Gerência Regional / GO","861104/1988","Requerimento de Autorização de Pesquisa","Concessão de Lavra","03.299.740/0001-69","SOMA EMPRESA DE MINERACAO LTDA","CALDAS NOVAS - GO","ÁGUA MINERAL","Demais substâncias","Sim","28/07/1997"
"Gerência Regional / GO","861075/1986","Requerimento de Autorização de Pesquisa","Concessão de Lavra","03.299.740/0001-69","SOMA EMPRESA DE MINERACAO LTDA","CALDAS NOVAS - GO","ÁGUA MINERAL","Demais substâncias","Sim","22/08/1997"
"Gerência Regional / GO","860005/1998","Requerimento de Autorização de Pesquisa","Concessão de Lavra","05.452.826/0001-05","SOLO E TETO CONSTRUTORA E INCORPORADORA LTDA","PIRES DO RIO - GO, URUTAÍ - GO","AREIA, CASCALHO","Demais substâncias, Demais substâncias","Sim","09/05/2000"
"Gerência Regional / GO","860003/1998","Requerimento de Autorização de Pesquisa","Concessão de Lavra","05.452.826/0001-05","SOLO E TETO CONSTRUTORA E INCORPORADORA LTDA","PIRES DO RIO - GO, URUTAÍ - GO","AREIA, CASCALHO","Demais substâncias, Demais substâncias","Sim","09/05/2000"
"Gerência Regional / GO","860001/1998","Requerimento de Autorização de Pesquisa","Concessão de Lavra","05.452.826/0001-05","SOLO E TETO CONSTRUTORA E INCORPORADORA LTDA","PIRES DO RIO - GO, URUTAÍ - GO","AREIA, CASCALHO","Demais substâncias, Demais substâncias","Sim","09/05/2000"
"Gerência Regional / GO","860023/1998","Requerimento de Autorização de Pesquisa","Concessão de Lavra","05.452.826/0001-05","SOLO E TETO CONSTRUTORA E INCORPORADORA LTDA","PIRES DO RIO - GO","AREIA, CASCALHO","Demais substâncias, Demais substâncias","Sim","09/05/2000"
"Gerência Regional / GO","860022/1998","Requerimento de Autorização de Pesquisa","Concessão de Lavra","05.452.826/0001-05","SOLO E TETO CONSTRUTORA E INCORPORADORA LTDA","PIRES DO RIO - GO, URUTAÍ - GO","AREIA, CASCALHO","Demais substâncias, Demais substâncias","Sim","09/05/2000"
"Gerência Regional / GO","860021/1998","Requerimento de Autorização de Pesquisa","Concessão de Lavra","05.452.826/0001-05","SOLO E TETO CONSTRUTORA E INCORPORADORA LTDA","PIRES DO RIO - GO, URUTAÍ - GO","AREIA, CASCALHO","Demais substâncias, Demais substâncias","Sim","09/05/2000"
"Gerência Regional / GO","860020/1998","Requerimento de Autorização de Pesquisa","Concessão de Lavra","05.452.826/0001-05","SOLO E TETO CONSTRUTORA E INCORPORADORA LTDA","PIRES DO RIO - GO, URUTAÍ - GO","AREIA, CASCALHO","Demais substâncias, Demais substâncias","Sim","09/05/2000"
"Gerência Regional / GO","860019/1998","Requerimento de Autorização de Pesquisa","Concessão de Lavra","05.452.826/0001-05","SOLO E TETO CONSTRUTORA E INCORPORADORA LTDA","PIRES DO RIO - GO, URUTAÍ - GO","AREIA, CASCALHO","Demais substâncias, Demais substâncias","Sim","09/05/2000"
"Gerência Regional / GO","860018/1998","Requerimento de Autorização de Pesquisa","Concessão de Lavra","05.452.826/0001-05","SOLO E TETO CONSTRUTORA E INCORPORADORA LTDA","PIRES DO RIO - GO, URUTAÍ - GO","AREIA, CASCALHO","Demais substâncias, Demais substâncias","Sim","09/05/2000"
"Gerência Regional / GO","860016/1998","Requerimento de Autorização de Pesquisa","Concessão de Lavra","05.452.826/0001-05","SOLO E TETO CONSTRUTORA E INCORPORADORA LTDA","PIRES DO RIO - GO, URUTAÍ - GO","AREIA, CASCALHO","Demais substâncias, Demais substâncias","Sim","09/05/2000"
"Gerência Regional / GO","860014/1998","Requerimento de Autorização de Pesquisa","Concessão de Lavra","05.452.826/0001-05","SOLO E TETO CONSTRUTORA E INCORPORADORA LTDA","PIRES DO RIO - GO, URUTAÍ - GO","AREIA, CASCALHO","Demais substâncias, Demais substâncias","Sim","09/05/2000"
"Gerência Regional / GO","860013/1998","Requerimento de Autorização de Pesquisa","Concessão de Lavra","05.452.826/0001-05","SOLO E TETO CONSTRUTORA E INCORPORADORA LTDA","PIRES DO RIO - GO, URUTAÍ - GO","AREIA, CASCALHO","Demais substâncias, Demais substâncias","Sim","09/05/2000"
"Gerência Regional / GO","860011/1998","Requerimento de Autorização de Pesquisa","Concessão de Lavra","05.452.826/0001-05","SOLO E TETO CONSTRUTORA E INCORPORADORA LTDA","PIRES DO RIO - GO","AREIA, CASCALHO","Demais substâncias, Demais substâncias","Sim","09/05/2000"
"Gerência Regional / GO","860369/2004","Requerimento de Autorização de Pesquisa","Requerimento de Lavra","26.970.103/0001-78","BRITACAL IND E COM DE BRITA E CALCARIO BRASILIA LTDA","CAMPOS BELOS - GO, SÃO DOMINGOS - GO","MINÉRIO DE OURO","Industrial","Sim","11/07/2006"
"Gerência Regional / GO","760507/1996","Requerimento de Registro de Licença","Concessão de Lavra","00.114.258/0001-19","AREIALTO EXTRACAO COMERCIO E TRANSPORTES DE AREIA LTDA","ORIZONA - GO, PIRES DO RIO - GO","AREIA","Demais substâncias","Sim","09/10/2003"
"Gerência Regional / GO","861386/1992","Requerimento de Autorização de Pesquisa","Direito de Requerer a Lavra","01.095.412/0001-15","OURO BRASIL MINERAÇÃO LTDA","FAZENDA NOVA - GO","GRANITO","Demais substâncias","Sim","15/03/2000"
"Gerência Regional / GO","861386/1992","Requerimento de Autorização de Pesquisa","Direito de Requerer a Lavra","01.095.412/0001-15","OURO BRASIL MINERAÇÃO LTDA","FAZENDA NOVA - GO","GRANITO","Demais substâncias","Sim","22/09/2003"
"Gerência Regional / GO","805525/1977","Requerimento de Autorização de Pesquisa","Concessão de Lavra","01.512.017/0001-90","Primavera Industria de Agua Mineral Ltda","GOIANIRA - GO","ÁGUA MINERAL","Demais substâncias","Sim","19/11/1999"
"Gerência Regional / GO","861093/1988","Requerimento de Autorização de Pesquisa","Requerimento de Lavra","02.387.750/0001-93","MINERVERA - MINERADORA PRIMAVERA LTDA","CALDAS NOVAS - GO","ÁGUA MINERAL","Demais substâncias","Sim","15/12/1995"
"Gerência Regional / GO","860841/1981","Requerimento de Autorização de Pesquisa","Concessão de Lavra","03.726.817/0001-30","JALIM MINERACAO LTDA","CALDAS NOVAS - GO","ÁGUA MINERAL","Balneoterapia","Sim","06/01/2016"
"Gerência Regional / GO","861680/2024","Requerimento de Pesquisa - Leilão","Autorização de Pesquisa","22.518.849/0001-94","Ggm Geométrica de Granitos e Mineração Ltda","MONTE ALEGRE DE GOIÁS - GO","CASSITERITA, MINÉRIO DE OURO, MINÉRIO DE TÂNTALO","Industrial, Industrial, Industrial","Sim","17/03/2026"
"Gerência Regional / GO","860383/2020","Requerimento de Autorização de Pesquisa","Autorização de Pesquisa","24.826.331/0001-43","PORTO RICO EXTRACAO DE AREIA LTDA","PIRENÓPOLIS - GO","AREIA, MINÉRIO DE OURO","Construção civil, Industrial","Sim","24/12/2020"
"Gerência Regional / GO","860588/1991","Requerimento de Lavra Garimpeira","Lavra Garimpeira","26.725.960/0001-02","Annibal Crosara Junior","CAMPOS VERDES - GO","ESMERALDA","Demais substâncias","Sim","27/01/2015"
"Gerência Regional / GO","860587/1991","Requerimento de Lavra Garimpeira","Lavra Garimpeira","26.725.960/0001-02","Annibal Crosara Junior","CAMPOS VERDES - GO","ESMERALDA","Demais substâncias","Sim","27/01/2015"
"Gerência Regional / GO","860523/1991","Requerimento de Lavra Garimpeira","Lavra Garimpeira","26.725.960/0001-02","Annibal Crosara Junior","CAMPOS VERDES - GO","ESMERALDA","Demais substâncias","Sim","17/05/2013"
"Gerência Regional / GO","860522/1991","Requerimento de Lavra Garimpeira","Lavra Garimpeira","26.725.960/0001-02","Annibal Crosara Junior","CAMPOS VERDES - GO","ESMERALDA","Demais substâncias","Sim","17/05/2013"
"Gerência Regional / GO","860496/1992","Requerimento de Lavra Garimpeira","Lavra Garimpeira","26.725.960/0001-02","Annibal Crosara Junior","CAMPOS VERDES - GO","ESMERALDA","Demais substâncias","Sim","17/05/2013"
"Gerência Regional / GO","860958/1991","Requerimento de Lavra Garimpeira","Lavra Garimpeira","26.725.960/0001-02","Annibal Crosara Junior","CAMPOS VERDES - GO","ESMERALDA","Demais substâncias","Sim","17/05/2013"
"Gerência Regional / GO","860939/1991","Requerimento de Lavra Garimpeira","Lavra Garimpeira","26.725.960/0001-02","Annibal Crosara Junior","CAMPOS VERDES - GO","ESMERALDA","Demais substâncias","Sim","17/05/2013"
"Gerência Regional / GO","860938/1991","Requerimento de Lavra Garimpeira","Lavra Garimpeira","26.725.960/0001-02","Annibal Crosara Junior","CAMPOS VERDES - GO","ESMERALDA","Demais substâncias","Sim","17/05/2013"
"Gerência Regional / GO","860876/1991","Requerimento de Lavra Garimpeira","Lavra Garimpeira","26.725.960/0001-02","Annibal Crosara Junior","CAMPOS VERDES - GO","ESMERALDA","Demais substâncias","Sim","17/05/2013"
"Gerência Regional / GO","860875/1991","Requerimento de Lavra Garimpeira","Lavra Garimpeira","26.725.960/0001-02","Annibal Crosara Junior","CAMPOS VERDES - GO","ESMERALDA","Demais substâncias","Sim","17/05/2013"
"Gerência Regional / GO","801526/1975","Requerimento de Autorização de Pesquisa","Concessão de Lavra","26.970.103/0001-78","BRITACAL IND E COM DE BRITA E CALCARIO BRASILIA LTDA","PLANALTINA - GO","CALCÁRIO","Demais substâncias","Sim","31/10/1995"
"Gerência Regional / GO","860582/1997","Requerimento de Autorização de Pesquisa","Requerimento de Lavra","26.970.103/0001-78","BRITACAL IND E COM DE BRITA E CALCARIO BRASILIA LTDA","CABECEIRAS - GO","CALCÁRIO","Demais substâncias","Sim","02/06/2005"
"Gerência Regional / GO","860543/2004","Requerimento de Autorização de Pesquisa","Requerimento de Lavra","26.970.103/0001-78","BRITACAL IND E COM DE BRITA E CALCARIO BRASILIA LTDA","CABECEIRAS - GO","MINÉRIO DE OURO","Industrial","Sim","04/10/2005"
"Gerência Regional / GO","860369/2004","Requerimento de Autorização de Pesquisa","Requerimento de Lavra","26.970.103/0001-78","BRITACAL IND E COM DE BRITA E CALCARIO BRASILIA LTDA","CAMPOS BELOS - GO, SÃO DOMINGOS - GO","MINÉRIO DE OURO","Industrial","Sim","21/07/2004"
"Gerência Regional / GO","860230/2009","Requerimento de Autorização de Pesquisa","Requerimento de Lavra","26.970.103/0001-78","BRITACAL IND E COM DE BRITA E CALCARIO BRASILIA LTDA","PADRE BERNARDO - GO","CALCÁRIO","Corretivo de solo","Sim","07/12/2009"
"Gerência Regional / GO","860202/2004","Requerimento de Autorização de Pesquisa","Concessão de Lavra","26.970.103/0001-78","BRITACAL IND E COM DE BRITA E CALCARIO BRASILIA LTDA","DIVINÓPOLIS DE GOIÁS - GO","CALCÁRIO, MINÉRIO DE OURO","Industrial, Industrial","Sim","19/09/2005"
"Gerência Regional / GO","814093/1968","Requerimento de Autorização de Pesquisa","Concessão de Lavra","26.970.103/0001-78","BRITACAL IND E COM DE BRITA E CALCARIO BRASILIA LTDA","PLANALTINA - GO","CALCÁRIO DOLOMÍTICO","Demais substâncias","Sim","31/10/1995"
"Gerência Regional / GO","861026/2000","Requerimento de Autorização de Pesquisa","Concessão de Lavra","26.970.103/0001-78","BRITACAL IND E COM DE BRITA E CALCARIO BRASILIA LTDA","PLANALTINA - GO","CALCÁRIO","Industrial","Sim","01/04/2005"
"Gerência Regional / GO","860963/1995","Requerimento de Autorização de Pesquisa","Requerimento de Lavra","26.970.103/0001-78","BRITACAL IND E COM DE BRITA E CALCARIO BRASILIA LTDA","DIVINÓPOLIS DE GOIÁS - GO, SÃO DOMINGOS - GO","CALCÁRIO CALCÍTICO, CALCÁRIO DOLOMÍTICO, FOSFATO","Corretivo de solo, Corretivo de solo, Demais substâncias","Sim","13/03/1998"
"Gerência Regional / GO","860915/2005","Requerimento de Autorização de Pesquisa","Requerimento de Lavra","26.970.103/0001-78","BRITACAL IND E COM DE BRITA E CALCARIO BRASILIA LTDA","COCALZINHO DE GOIÁS - GO","CALCÁRIO","Industrial","Sim","25/04/2006"
"Gerência Regional / GO","860666/2004","Requerimento de Autorização de Pesquisa","Requerimento de Lavra","26.970.103/0001-78","BRITACAL IND E COM DE BRITA E CALCARIO BRASILIA LTDA","CABECEIRAS - GO","MINÉRIO DE OURO","Industrial","Sim","04/10/2005"
"Gerência Regional / GO","760507/1996","Requerimento de Registro de Licença","Concessão de Lavra","00.114.258/0001-19","AREIALTO EXTRACAO COMERCIO E TRANSPORTES DE AREIA LTDA","ORIZONA - GO, PIRES DO RIO - GO","AREIA","Demais substâncias","Sim","04/08/2006"
"Gerência Regional / GO","803603/1973","Requerimento de Autorização de Pesquisa","Concessão de Lavra","00.162.123/0001-29","MINERACAO PEDRA LINDA LTDA","CAVALCANTE - GO","BERILO, ESTANHO, MOSCOVITA","Demais substâncias, Gema, Industrial","Sim","02/09/1996"
"Gerência Regional / GO","860561/1988","Requerimento de Autorização de Pesquisa","Concessão de Lavra","00.707.400/0001-31","Thermas de Goiás Mineradora Ltda.","CALDAS NOVAS - GO","ÁGUA MINERAL","Demais substâncias","Sim","21/10/1996"
"Gerência Regional / GO","861090/1987","Requerimento de Autorização de Pesquisa","Concessão de Lavra","00.822.452/0001-59","PEDREIRA GOIAS LTDA","ABADIÂNIA - GO","XISTO, XISTO","Brita, Demais substâncias","Sim","06/03/1998"
"Gerência Regional / GO","860017/2001","Requerimento de Autorização de Pesquisa","Concessão de Lavra","01.005.875/0001-49","PEDREIRA ITAUNA LTDA","APARECIDA DE GOIÂNIA - GO, HIDROLÂNDIA - GO","XISTO","Brita","Sim","06/06/2001"
"Gerência Regional / GO","807641/1975","Requerimento de Autorização de Pesquisa","Concessão de Lavra","01.059.930/0001-83","CALCARIO SANTA TEREZA LTDA","FORMOSO - GO","CALCÁRIO","Demais substâncias","Sim","22/06/1989"
"Gerência Regional / GO","861386/1992","Requerimento de Autorização de Pesquisa","Direito de Requerer a Lavra","01.095.412/0001-15","OURO BRASIL MINERAÇÃO LTDA","FAZENDA NOVA - GO","GRANITO","Demais substâncias","Sim","22/12/2000"
"Gerência Regional / GO","805525/1977","Requerimento de Autorização de Pesquisa","Concessão de Lavra","01.512.017/0001-90","Primavera Industria de Agua Mineral Ltda","GOIANIRA - GO","ÁGUA MINERAL","Demais substâncias","Sim","04/10/1996"
"Gerência Regional / GO","860561/1986","Requerimento de Autorização de Pesquisa","Concessão de Lavra","01.628.278/0001-70","TRIÂNGULO MINERAÇÃO LTDA","CALDAS NOVAS - GO","ÁGUA MINERAL","Demais substâncias","Sim","12/05/1997"
"Gerência Regional / MS","868205/2022","Requerimento de Pesquisa - Oferta Pública ","Autorização de Pesquisa","01.829.378/0001-65","MINERACAO FORTALEZA LTDA","CASSILÂNDIA - MS, ITAJÁ - GO","BASALTO, BASALTO","Brita, Revestimento","Sim","28/04/2023"
"Gerência Regional / GO","860393/1993","Requerimento de Autorização de Pesquisa","Concessão de Lavra","01.958.717/0001-03","AGUA NINA INDUSTRIA DE BEBIDAS LTDA.","ANÁPOLIS - GO","ÁGUA POTÁVEL DE MESA","Industrial","Sim","19/04/1999"
"Gerência Regional / GO","860765/1998","Requerimento de Autorização de Pesquisa","Concessão de Lavra","02.006.210/0001-12","Brita Brasília Ltda","COCALZINHO DE GOIÁS - GO","CALCÁRIO","Demais substâncias","Sim","30/03/1999"
"Gerência Regional / GO","813473/1973","Requerimento de Autorização de Pesquisa","Concessão de Lavra","02.105.880/0001-96","Julio Cesar Camelo Parrode","APARECIDA DE GOIÂNIA - GO","MICAXISTO","Demais substâncias","Sim","23/08/2006"
"Gerência Regional / GO","860786/2022","Requerimento de Autorização de Pesquisa","Autorização de Pesquisa","02.130.870/0001-00","BENUNES E BENUNES LTDA","GOIÁS - GO","CALCÁRIO, CALCÁRIO CALCÍTICO","Corretivo de solo, Fabricação de cal","Sim","22/01/2025"
"Gerência Regional / GO","860239/1993","Requerimento de Autorização de Pesquisa","Concessão de Lavra","02.217.005/0001-04","D'VIDA AGUAS MINERAIS LTDA","GOIANIRA - GO","ÁGUA POTÁVEL DE MESA","Engarrafamento","Sim","17/04/1998"
"Gerência Regional / GO","862066/2007","Requerimento de Autorização de Pesquisa","Concessão de Lavra","02.286.425/0001-34","PEDRAS DE PIRENÓPOLIS LTDA","PIRENÓPOLIS - GO","QUARTZITO","Pedra de talhe","Sim","17/03/2008"
"Gerência Regional / GO","861093/1988","Requerimento de Autorização de Pesquisa","Requerimento de Lavra","02.387.750/0001-93","MINERVERA - MINERADORA PRIMAVERA LTDA","CALDAS NOVAS - GO","ÁGUA MINERAL","Demais substâncias","Sim","19/06/1998"
"Gerência Regional / GO","817951/1970","Requerimento de Autorização de Pesquisa","Concessão de Lavra","02.540.029/0001-91","GOIAS VERMICULITA SA","OUVIDOR - GO","APATITA, TITÂNIO, VERMICULITA","Demais substâncias, Demais substâncias, Demais substâncias","Sim","26/06/2009"
"Gerência Regional / GO","860405/2015","Requerimento de Autorização de Pesquisa","Requerimento de Lavra","02.634.715/0001-21","CORRETIVOS DO SOLO MEDIO NORTE EXTRACAO DE MINERI","NIQUELÂNDIA - GO","CALCÁRIO, CALCÁRIO","Brita, Corretivo de solo","Sim","20/03/2020"
"Gerência Regional / GO","811652/1975","Requerimento de Autorização de Pesquisa","Concessão de Lavra","02.683.365/0001-93","BRASIL MINERIOS S/A","SÃO LUÍS DE MONTES BELOS - GO","VERMICULITA","Demais substâncias","Sim","05/11/2003"
"Gerência Regional / GO","862229/2008","Requerimento de Autorização de Pesquisa","Requerimento de Lavra","02.785.798/0001-50","ITACUA INDUSTRIA E COMERCIO DE MINERIOS LTDA","ANICUNS - GO","CALCÁRIO","Fabricação de cimento","Sim","23/01/2015"
"Gerência Regional / GO","860766/2010","Requerimento de Autorização de Pesquisa","Requerimento de Lavra","02.800.373/0001-72","ENGEBRITA CALCARIO LTDA","FORMOSA - GO","CALCÁRIO, CALCÁRIO CALCÍTICO, CALCÁRIO DOLOMÍTICO","Corretivo de solo, Corretivo de solo, Fabricação de cimento","Sim","16/03/2012"
"Gerência Regional / GO","860874/2006","Requerimento de Autorização de Pesquisa","Requerimento de Lavra","02.971.080/0001-58","ROSANE BARBOSA PROCOPIO AGUIAR","ANHANGUERA - GO, ARAGUARI - MG, CORUMBAÍBA - GO","AREIA, CASCALHO","Construção civil, Construção civil","Sim","15/08/2008"
"Gerência Regional / GO","861439/2011","Requerimento de Autorização de Pesquisa","Requerimento de Lavra","03.007.590/0001-72","BRITAGO MINERACAO INDUSTRIA E COMERCIO LTDA","SANTA BÁRBARA DE GOIÁS - GO, TRINDADE - GO","DIORITO, MINÉRIO DE FERRO","Brita, Industrial","Sim","25/04/2014"
"Gerência Regional / GO","860361/2002","Requerimento de Autorização de Pesquisa","Concessão de Lavra","03.297.900/0001-30","AGUAS DE CALDAS-NOVAS COLONIA DO SESC LTDA","JATAÍ - GO","ÁGUA MINERAL","Balneoterapia","Sim","22/01/2025"
"Gerência Regional / GO","860929/1980","Requerimento de Autorização de Pesquisa","Concessão de Lavra","03.299.740/0001-69","SOMA EMPRESA DE MINERACAO LTDA","CALDAS NOVAS - GO","ÁGUA MINERAL","Demais substâncias","Sim","03/09/2021"
"Gerência Regional / GO","860841/1981","Requerimento de Autorização de Pesquisa","Concessão de Lavra","03.726.817/0001-30","JALIM MINERACAO LTDA","CALDAS NOVAS - GO","ÁGUA MINERAL","Balneoterapia","Sim","05/02/2025"
"Gerência Regional / GO","860010/1998","Requerimento de Autorização de Pesquisa","Concessão de Lavra","05.452.826/0001-05","SOLO E TETO CONSTRUTORA E INCORPORADORA LTDA","PIRES DO RIO - GO, URUTAÍ - GO","AREIA, CASCALHO","Demais substâncias, Demais substâncias","Sim","09/05/2000"
"Gerência Regional / GO","860504/2003","Requerimento de Autorização de Pesquisa","Requerimento de Lavra","10.656.452/0001-80","VOTORANTIM CIMENTOS N/NE S/A","PLANALTINA - GO","CALCÁRIO","Fabricação de cimento","Sim","09/12/2010"
"Gerência Regional / GO","860726/2015","Requerimento de Autorização de Pesquisa","Requerimento de Lavra","14.926.356/0001-65","AGUAS LEBRINHA LTDA","APARECIDA DE GOIÂNIA - GO","ÁGUA MINERAL","Engarrafamento","Sim","01/02/2023"
"Gerência Regional / GO","860304/1998","Requerimento de Autorização de Pesquisa","Concessão de Lavra","32.440.901/0001-90","CAJUGRAM GRANITOS E MARMORES DO BRASIL LTDA","PIRANHAS - GO","GRANITO","Demais substâncias","Sim","29/06/2000"
"Gerência Regional / GO","860303/1998","Requerimento de Autorização de Pesquisa","Concessão de Lavra","32.440.901/0001-90","CAJUGRAM GRANITOS E MARMORES DO BRASIL LTDA","PIRANHAS - GO","GRANITO","Demais substâncias","Sim","20/04/2000"
"Gerência Regional / GO","860556/2003","Requerimento de Autorização de Pesquisa","Concessão de Lavra","33.624.438/0001-08","SETA MINERACAO LTDA","CAÇU - GO, SÃO SIMÃO - GO","AREIA, CASCALHO","Construção civil, Construção civil","Sim","27/05/2005"
"Gerência Regional / GO","807524/1977","Requerimento de Autorização de Pesquisa","Concessão de Lavra","33.931.486/0014-55","MOSAIC FERTILIZANTES P&K LTDA.","CATALÃO - GO, OUVIDOR - GO","FOSFATO","Demais substâncias","Sim","25/11/2002"
"Gerência Regional / GO","802161/1978","Requerimento de Autorização de Pesquisa","Concessão de Lavra","33.931.486/0014-55","MOSAIC FERTILIZANTES P&K LTDA.","CATALÃO - GO","FOSFATO, TERRAS RARAS","Demais substâncias, Fertilizantes","Sim","25/11/2002"
"Gerência Regional / GO","801562/1968","Requerimento de Autorização de Pesquisa","Concessão de Lavra","33.931.486/0014-55","MOSAIC FERTILIZANTES P&K LTDA.","OUVIDOR - GO","FOSFATO, MINÉRIO DE FERRO, MINÉRIO DE TITÂNIO, PIROCLORO, TITÂNIO","Demais substâncias, Demais substâncias, Fertilizantes, Industrial, Industrial","Sim","03/12/1991"
"Gerência Regional / GO","801562/1968","Requerimento de Autorização de Pesquisa","Concessão de Lavra","33.931.486/0014-55","MOSAIC FERTILIZANTES P&K LTDA.","OUVIDOR - GO","FOSFATO, MINÉRIO DE FERRO, MINÉRIO DE TITÂNIO, PIROCLORO, TITÂNIO","Demais substâncias, Demais substâncias, Fertilizantes, Industrial, Industrial","Sim","07/07/2016"
"Gerência Regional / GO","009291/1967","Requerimento de Autorização de Pesquisa","Concessão de Lavra","33.931.486/0014-55","MOSAIC FERTILIZANTES P&K LTDA.","CATALÃO - GO, OUVIDOR - GO","APATITA, BARITA, MINÉRIO DE FERRO, MINÉRIO DE NIÓBIO, VERMICULITA","Industrial, Industrial, Industrial, Industrial, Industrial","Sim","07/07/2016"
"Gerência Regional / GO","808490/1976","Requerimento de Autorização de Pesquisa","Concessão de Lavra","37.883.097/0001-38","CALCARIO OURO BRANCO LTDA","INDIARA - GO","CALCÁRIO","Demais substâncias","Sim","06/03/1992"
"Gerência Regional / GO","808490/1976","Requerimento de Autorização de Pesquisa","Concessão de Lavra","37.883.097/0001-38","CALCARIO OURO BRANCO LTDA","INDIARA - GO","CALCÁRIO","Demais substâncias","Sim","24/08/2016"
"Gerência Regional / GO","808490/1976","Requerimento de Autorização de Pesquisa","Concessão de Lavra","37.883.097/0001-38","CALCARIO OURO BRANCO LTDA","INDIARA - GO","CALCÁRIO","Demais substâncias","Sim","23/09/2022"
"Gerência Regional / GO","808490/1976","Requerimento de Autorização de Pesquisa","Concessão de Lavra","37.883.097/0001-38","CALCARIO OURO BRANCO LTDA","INDIARA - GO","CALCÁRIO","Demais substâncias","Sim","23/03/2021"
"Gerência Regional / GO","860186/2000","Requerimento de Autorização de Pesquisa","Concessão de Lavra","37.883.097/0001-38","CALCARIO OURO BRANCO LTDA","INDIARA - GO","CALCÁRIO DOLOMÍTICO","Demais substâncias","Sim","20/10/2003"
"Gerência Regional / GO","818514/1968","Requerimento de Autorização de Pesquisa","Requerimento de Lavra","42.184.226/0019-69","ANGLO AMERICAN NIQUEL BRASIL LTDA","BARRO ALTO - GO","MINÉRIO DE NÍQUEL","Demais substâncias","Sim","15/09/2004"
"Gerência Regional / GO","808738/1968","Requerimento de Autorização de Pesquisa","Requerimento de Lavra","42.184.226/0019-69","ANGLO AMERICAN NIQUEL BRASIL LTDA","BARRO ALTO - GO","MINÉRIO DE NÍQUEL","Demais substâncias","Sim","26/08/1992"
"Gerência Regional / GO","805789/1969","Requerimento de Autorização de Pesquisa","Requerimento de Lavra","42.184.226/0019-69","ANGLO AMERICAN NIQUEL BRASIL LTDA","BARRO ALTO - GO, SANTA RITA DO NOVO DESTINO - GO","MINÉRIO DE NÍQUEL","Demais substâncias","Sim","16/10/1992"
"Gerência Regional / GO","861723/2009","Requerimento de Autorização de Pesquisa","Autorização de Pesquisa","42.416.651/0001-07","NEXA RECURSOS MINERAIS S.A.","SANCLERLÂNDIA - GO, SÃO LUÍS DE MONTES BELOS - GO","MINÉRIO DE NÍQUEL","Industrial","Sim","25/09/2018"
"Gerência Regional / GO","862591/2008","Requerimento de Autorização de Pesquisa","Requerimento de Lavra","24.826.331/0001-43","PORTO RICO EXTRACAO DE AREIA LTDA","PIRENÓPOLIS - GO, SÃO FRANCISCO DE GOIÁS - GO","AREIA, MINÉRIO DE OURO","Construção civil, Industrial","Sim","25/11/2015"
"Gerência Regional / GO","861832/1980","Requerimento de Autorização de Pesquisa","Concessão de Lavra","24.927.667/0001-00","MATRA MINERAÇÃO LTDA","ÁGUA FRIA DE GOIÁS - GO, PLANALTINA - GO","CALCÁRIO","Demais substâncias","Sim","22/02/2001"
"Gerência Regional / GO","860182/1986","Requerimento de Autorização de Pesquisa","Concessão de Lavra","26.655.175/0001-20","PEMAR PEREIRA MARTINS MINERACAO LTDA","CALDAS NOVAS - GO","ÁGUAS TERMAIS","Demais substâncias","Sim","17/07/1991"
"Gerência Regional / GO","860874/1991","Requerimento de Lavra Garimpeira","Lavra Garimpeira","26.725.960/0001-02","Annibal Crosara Junior","CAMPOS VERDES - GO","ESMERALDA","Demais substâncias","Sim","17/05/2013"
"Gerência Regional / GO","860011/2010","Requerimento de Autorização de Pesquisa","Requerimento de Lavra","26.880.146/0001-62","CERAMICA SOLIMOES LTDA","ESTRELA DO NORTE - GO, MARA ROSA - GO, MUTUNÓPOLIS - GO","ARGILA, MINÉRIO DE OURO","Cerâmica vermelha, Industrial","Sim","25/11/2014"
"Gerência Regional / GO","860598/2024","Requerimento de Autorização de Pesquisa","Autorização de Pesquisa","26.970.103/0001-78","BRITACAL IND E COM DE BRITA E CALCARIO BRASILIA LTDA","BRASÍLIA - DF, PLANALTINA - GO","CALCÁRIO","Fabricação de cimento","Sim","20/05/2026"
"Gerência Regional / GO","861385/1992","Requerimento de Autorização de Pesquisa","Concessão de Lavra","32.440.901/0001-90","CAJUGRAM GRANITOS E MARMORES DO BRASIL LTDA","FAZENDA NOVA - GO, JUSSARA - GO","GRANITO","Demais substâncias","Sim","10/06/2003"
"Gerência Regional / GO","861198/1991","Requerimento de Autorização de Pesquisa","Concessão de Lavra","32.440.901/0001-90","CAJUGRAM GRANITOS E MARMORES DO BRASIL LTDA","FAZENDA NOVA - GO","GRANITO","Demais substâncias","Sim","02/04/2002"
"Gerência Regional / GO","861149/1991","Requerimento de Autorização de Pesquisa","Requerimento de Lavra","32.440.901/0001-90","CAJUGRAM GRANITOS E MARMORES DO BRASIL LTDA","PIRANHAS - GO","GRANITO","Demais substâncias","Sim","20/03/2000"
"Gerência Regional / GO","860304/1998","Requerimento de Autorização de Pesquisa","Concessão de Lavra","32.440.901/0001-90","CAJUGRAM GRANITOS E MARMORES DO BRASIL LTDA","PIRANHAS - GO","GRANITO","Demais substâncias","Sim","24/04/2002"
"Gerência Regional / GO","860303/1998","Requerimento de Autorização de Pesquisa","Concessão de Lavra","32.440.901/0001-90","CAJUGRAM GRANITOS E MARMORES DO BRASIL LTDA","PIRANHAS - GO","GRANITO","Demais substâncias","Sim","24/04/2002"
"Gerência Regional / GO","860969/2002","Requerimento de Autorização de Pesquisa","Requerimento de Lavra","33.624.438/0001-08","SETA MINERACAO LTDA","JATAÍ - GO, RIO VERDE - GO","CASCALHO","Demais substâncias","Sim","20/03/2008"
"Gerência Regional / GO","860884/2010","Requerimento de Autorização de Pesquisa","Requerimento de Lavra","33.624.438/0001-08","SETA MINERACAO LTDA","CACHOEIRA ALTA - GO, QUIRINÓPOLIS - GO","AREIA, DIAMANTE","Construção civil, Industrial","Sim","20/11/2013"
"Gerência Regional / GO","860556/2003","Requerimento de Autorização de Pesquisa","Concessão de Lavra","33.624.438/0001-08","SETA MINERACAO LTDA","CAÇU - GO, SÃO SIMÃO - GO","AREIA, CASCALHO","Construção civil, Construção civil","Sim","05/03/2012"
"Gerência Regional / GO","860224/2008","Requerimento de Autorização de Pesquisa","Requerimento de Lavra","33.624.438/0001-08","SETA MINERACAO LTDA","PADRE BERNARDO - GO, VILA PROPÍCIO - GO","AREIA, DIAMANTE, DIAMANTE","Construção civil, Gema, Industrial","Sim","17/07/2015"
"Gerência Regional / GO","860002/2018","Requerimento de Autorização de Pesquisa","Concessão de Lavra","33.624.438/0001-08","SETA MINERACAO LTDA","JATAÍ - GO, RIO VERDE - GO","AREIA","Construção civil","Sim","10/04/2019"
"Gerência Regional / GO","861688/2013","Requerimento de Cessão parcial","Requerimento de Lavra","33.624.438/0001-08","SETA MINERACAO LTDA","QUIRINÓPOLIS - GO","AREIA","Construção civil","Sim","15/06/2015"
"Gerência Regional / GO","861687/2013","Requerimento de Cessão parcial","Requerimento de Lavra","33.624.438/0001-08","SETA MINERACAO LTDA","QUIRINÓPOLIS - GO","AREIA","Construção civil","Sim","15/06/2015"
"Gerência Regional / GO","861686/2013","Requerimento de Cessão parcial","Requerimento de Lavra","33.624.438/0001-08","SETA MINERACAO LTDA","CACHOEIRA ALTA - GO, QUIRINÓPOLIS - GO","AREIA","Construção civil","Sim","15/06/2015"
"Gerência Regional / GO","861685/2013","Requerimento de Cessão parcial","Requerimento de Lavra","33.624.438/0001-08","SETA MINERACAO LTDA","CACHOEIRA ALTA - GO, QUIRINÓPOLIS - GO","AREIA","Construção civil","Sim","15/06/2015"
"Gerência Regional / GO","861322/2009","Requerimento de Autorização de Pesquisa","Autorização de Pesquisa","33.931.486/0014-55","MOSAIC FERTILIZANTES P&K LTDA.","ARRAIAS - TO, CAMPOS BELOS - GO","FOSFATO","Fertilizantes","Sim","07/07/2016"
"Gerência Regional / GO","861100/1981","Requerimento de Autorização de Pesquisa","Concessão de Lavra","33.931.486/0014-55","MOSAIC FERTILIZANTES P&K LTDA.","CATALÃO - GO, OUVIDOR - GO","FOSFATO","Demais substâncias","Sim","07/07/2016"
"Gerência Regional / GO","811162/1968","Requerimento de Autorização de Pesquisa","Direito de Requerer a Lavra","33.931.486/0014-55","MOSAIC FERTILIZANTES P&K LTDA.","OUVIDOR - GO","APATITA, MINÉRIO DE TITÂNIO","Demais substâncias, Industrial","Sim","23/09/2014"
"Gerência Regional / GO","807524/1977","Requerimento de Autorização de Pesquisa","Concessão de Lavra","33.931.486/0014-55","MOSAIC FERTILIZANTES P&K LTDA.","CATALÃO - GO, OUVIDOR - GO","FOSFATO","Demais substâncias","Sim","07/07/2016"
"Gerência Regional / GO","804514/1968","Requerimento de Autorização de Pesquisa","Direito de Requerer a Lavra","33.931.486/0014-55","MOSAIC FERTILIZANTES P&K LTDA.","OUVIDOR - GO","APATITA, MINÉRIO DE TITÂNIO, NIÓBIO","Demais substâncias, Demais substâncias, Industrial","Sim","23/09/2014"
"Gerência Regional / GO","802161/1978","Requerimento de Autorização de Pesquisa","Concessão de Lavra","33.931.486/0014-55","MOSAIC FERTILIZANTES P&K LTDA.","CATALÃO - GO","FOSFATO, TERRAS RARAS","Demais substâncias, Fertilizantes","Sim","07/07/2016"
"Gerência Regional / GO","801562/1968","Requerimento de Autorização de Pesquisa","Concessão de Lavra","33.931.486/0014-55","MOSAIC FERTILIZANTES P&K LTDA.","OUVIDOR - GO","FOSFATO, MINÉRIO DE FERRO, MINÉRIO DE TITÂNIO, PIROCLORO, TITÂNIO","Demais substâncias, Demais substâncias, Fertilizantes, Industrial, Industrial","Sim","25/11/2002"
"Gerência Regional / GO","009291/1967","Requerimento de Autorização de Pesquisa","Concessão de Lavra","33.931.486/0014-55","MOSAIC FERTILIZANTES P&K LTDA.","CATALÃO - GO, OUVIDOR - GO","APATITA, BARITA, MINÉRIO DE FERRO, MINÉRIO DE NIÓBIO, VERMICULITA","Industrial, Industrial, Industrial, Industrial, Industrial","Sim","26/06/2009"
"Gerência Regional / GO","860232/2016","Requerimento de Autorização de Pesquisa","Autorização de Pesquisa","33.931.486/0014-55","MOSAIC FERTILIZANTES P&K LTDA.","MONTES CLAROS DE GOIÁS - GO","FOSFATO","Fertilizantes","Sim","09/05/2017"
"Gerência Regional / GO","860231/2016","Requerimento de Autorização de Pesquisa","Autorização de Pesquisa","33.931.486/0014-55","MOSAIC FERTILIZANTES P&K LTDA.","MONTES CLAROS DE GOIÁS - GO","FOSFATO","Fertilizantes","Sim","09/05/2017"
"Gerência Regional / GO","860230/2016","Requerimento de Autorização de Pesquisa","Autorização de Pesquisa","33.931.486/0014-55","MOSAIC FERTILIZANTES P&K LTDA.","MONTES CLAROS DE GOIÁS - GO","FOSFATO","Fertilizantes","Sim","09/05/2017"
"Gerência Regional / GO","860229/2016","Requerimento de Autorização de Pesquisa","Autorização de Pesquisa","33.931.486/0014-55","MOSAIC FERTILIZANTES P&K LTDA.","MONTES CLAROS DE GOIÁS - GO","FOSFATO","Fertilizantes","Sim","09/05/2017"
"Gerência Regional / GO","860228/2016","Requerimento de Autorização de Pesquisa","Autorização de Pesquisa","33.931.486/0014-55","MOSAIC FERTILIZANTES P&K LTDA.","MONTES CLAROS DE GOIÁS - GO","FOSFATO","Fertilizantes","Sim","09/05/2017"
"Gerência Regional / GO","860227/2016","Requerimento de Autorização de Pesquisa","Autorização de Pesquisa","33.931.486/0014-55","MOSAIC FERTILIZANTES P&K LTDA.","MONTES CLAROS DE GOIÁS - GO","FOSFATO","Fertilizantes","Sim","09/05/2017"
"Gerência Regional / GO","860226/2016","Requerimento de Autorização de Pesquisa","Autorização de Pesquisa","33.931.486/0014-55","MOSAIC FERTILIZANTES P&K LTDA.","MONTES CLAROS DE GOIÁS - GO","FOSFATO","Fertilizantes","Sim","09/05/2017"
"Gerência Regional / GO","860225/2016","Requerimento de Autorização de Pesquisa","Autorização de Pesquisa","33.931.486/0014-55","MOSAIC FERTILIZANTES P&K LTDA.","MONTES CLAROS DE GOIÁS - GO","FOSFATO","Fertilizantes","Sim","09/05/2017"
"Gerência Regional / GO","860224/2016","Requerimento de Autorização de Pesquisa","Autorização de Pesquisa","33.931.486/0014-55","MOSAIC FERTILIZANTES P&K LTDA.","MONTES CLAROS DE GOIÁS - GO","FOSFATO","Fertilizantes","Sim","09/05/2017"
"Gerência Regional / GO","860223/2016","Requerimento de Autorização de Pesquisa","Autorização de Pesquisa","33.931.486/0014-55","MOSAIC FERTILIZANTES P&K LTDA.","MONTES CLAROS DE GOIÁS - GO","FOSFATO","Fertilizantes","Sim","09/05/2017"
"Gerência Regional / GO","860222/2016","Requerimento de Autorização de Pesquisa","Autorização de Pesquisa","33.931.486/0014-55","MOSAIC FERTILIZANTES P&K LTDA.","MONTES CLAROS DE GOIÁS - GO","FOSFATO","Fertilizantes","Sim","09/05/2017"
"Gerência Regional / GO","860221/2016","Requerimento de Autorização de Pesquisa","Autorização de Pesquisa","33.931.486/0014-55","MOSAIC FERTILIZANTES P&K LTDA.","MONTES CLAROS DE GOIÁS - GO","FOSFATO","Fertilizantes","Sim","09/05/2017"
"Gerência Regional / GO","860183/2015","Requerimento de Disponibilidade para pesquisa","Autorização de Pesquisa","33.931.486/0014-55","MOSAIC FERTILIZANTES P&K LTDA.","MONTES CLAROS DE GOIÁS - GO","FOSFATO","Fertilizantes","Sim","09/05/2017"
"Gerência Regional / GO","860182/2015","Requerimento de Disponibilidade para pesquisa","Autorização de Pesquisa","33.931.486/0014-55","MOSAIC FERTILIZANTES P&K LTDA.","MONTES CLAROS DE GOIÁS - GO","FOSFATO","Fertilizantes","Sim","09/05/2017"
"Gerência Regional / GO","860181/2015","Requerimento de Disponibilidade para pesquisa","Autorização de Pesquisa","33.931.486/0014-55","MOSAIC FERTILIZANTES P&K LTDA.","MONTES CLAROS DE GOIÁS - GO","FOSFATO","Fertilizantes","Sim","09/05/2017"
"Gerência Regional / GO","860180/2015","Requerimento de Disponibilidade para pesquisa","Autorização de Pesquisa","33.931.486/0014-55","MOSAIC FERTILIZANTES P&K LTDA.","MONTES CLAROS DE GOIÁS - GO","FOSFATO","Fertilizantes","Sim","09/05/2017"
"Gerência Regional / GO","860179/2015","Requerimento de Disponibilidade para pesquisa","Autorização de Pesquisa","33.931.486/0014-55","MOSAIC FERTILIZANTES P&K LTDA.","MONTES CLAROS DE GOIÁS - GO","FOSFATO","Fertilizantes","Sim","09/05/2017"
"Gerência Regional / GO","860178/2015","Requerimento de Disponibilidade para pesquisa","Autorização de Pesquisa","33.931.486/0014-55","MOSAIC FERTILIZANTES P&K LTDA.","MONTES CLAROS DE GOIÁS - GO","FOSFATO","Fertilizantes","Sim","09/05/2017"
"Gerência Regional / GO","860177/2015","Requerimento de Disponibilidade para pesquisa","Autorização de Pesquisa","33.931.486/0014-55","MOSAIC FERTILIZANTES P&K LTDA.","MONTES CLAROS DE GOIÁS - GO","FOSFATO","Fertilizantes","Sim","09/05/2017"
"Gerência Regional / GO","860000/1980","Requerimento de Autorização de Pesquisa","Direito de Requerer a Lavra","33.931.486/0014-55","MOSAIC FERTILIZANTES P&K LTDA.","OUVIDOR - GO","TITÂNIO","Demais substâncias","Sim","23/09/2014"
"Gerência Regional / GO","860007/1994","Requerimento de Autorização de Pesquisa","Concessão de Lavra","37.883.097/0001-38","CALCARIO OURO BRANCO LTDA","CEZARINA - GO, INDIARA - GO","CALCÁRIO","Demais substâncias","Sim","22/11/2002"
"Gerência Regional / GO","808490/1976","Requerimento de Autorização de Pesquisa","Concessão de Lavra","37.883.097/0001-38","CALCARIO OURO BRANCO LTDA","INDIARA - GO","CALCÁRIO","Demais substâncias","Sim","09/11/2005"
"Gerência Regional / GO","807493/1969","Requerimento de Autorização de Pesquisa","Concessão de Lavra","37.883.097/0001-38","CALCARIO OURO BRANCO LTDA","INDIARA - GO","CALCÁRIO, MÁRMORE","Demais substâncias, Demais substâncias","Sim","02/08/2007"
"Gerência Regional / GO","861303/2006","Requerimento de Autorização de Pesquisa","Concessão de Lavra","37.883.097/0001-38","CALCARIO OURO BRANCO LTDA","INDIARA - GO","CALCÁRIO","Fabricação de cal","Sim","16/11/2012"
"Gerência Regional / GO","860186/2000","Requerimento de Autorização de Pesquisa","Concessão de Lavra","37.883.097/0001-38","CALCARIO OURO BRANCO LTDA","INDIARA - GO","CALCÁRIO DOLOMÍTICO","Demais substâncias","Sim","30/03/2026"
"Gerência Regional / GO","860173/1991","Requerimento de Autorização de Pesquisa","Concessão de Lavra","37.883.097/0001-38","CALCARIO OURO BRANCO LTDA","INDIARA - GO","CALCÁRIO","Demais substâncias","Sim","22/11/2002"
"Gerência Regional / GO","818514/1968","Requerimento de Autorização de Pesquisa","Requerimento de Lavra","42.184.226/0019-69","ANGLO AMERICAN NIQUEL BRASIL LTDA","BARRO ALTO - GO","MINÉRIO DE NÍQUEL","Demais substâncias","Sim","16/10/1992"
"Gerência Regional / GO","811717/1968","Requerimento de Autorização de Pesquisa","Requerimento de Lavra","42.184.226/0019-69","ANGLO AMERICAN NIQUEL BRASIL LTDA","BARRO ALTO - GO, SANTA RITA DO NOVO DESTINO - GO","MINÉRIO DE NÍQUEL","Demais substâncias","Sim","15/09/2004"
"Gerência Regional / GO","811113/1968","Requerimento de Autorização de Pesquisa","Concessão de Lavra","42.184.226/0019-69","ANGLO AMERICAN NIQUEL BRASIL LTDA","NIQUELÂNDIA - GO","NÍQUEL","Demais substâncias","Sim","19/05/2005"
"Gerência Regional / GO","808746/1968","Requerimento de Autorização de Pesquisa","Requerimento de Lavra","42.184.226/0019-69","ANGLO AMERICAN NIQUEL BRASIL LTDA","BARRO ALTO - GO","MINÉRIO DE NÍQUEL","Demais substâncias","Sim","15/09/2004"
"Gerência Regional / GO","808745/1968","Requerimento de Autorização de Pesquisa","Concessão de Lavra","42.184.226/0019-69","ANGLO AMERICAN NIQUEL BRASIL LTDA","BARRO ALTO - GO","MINÉRIO DE NÍQUEL","Demais substâncias","Sim","15/09/2004"
"Gerência Regional / GO","808744/1968","Requerimento de Autorização de Pesquisa","Requerimento de Lavra","42.184.226/0019-69","ANGLO AMERICAN NIQUEL BRASIL LTDA","BARRO ALTO - GO","MINÉRIO DE NÍQUEL","Demais substâncias","Sim","15/09/2004"
"Gerência Regional / GO","808743/1968","Requerimento de Autorização de Pesquisa","Requerimento de Lavra","42.184.226/0019-69","ANGLO AMERICAN NIQUEL BRASIL LTDA","BARRO ALTO - GO, SANTA RITA DO NOVO DESTINO - GO","MINÉRIO DE NÍQUEL","Demais substâncias","Sim","15/09/2004"
"Gerência Regional / GO","808738/1968","Requerimento de Autorização de Pesquisa","Requerimento de Lavra","42.184.226/0019-69","ANGLO AMERICAN NIQUEL BRASIL LTDA","BARRO ALTO - GO","MINÉRIO DE NÍQUEL","Demais substâncias","Sim","15/09/2004"
"Gerência Regional / GO","805789/1969","Requerimento de Autorização de Pesquisa","Requerimento de Lavra","42.184.226/0019-69","ANGLO AMERICAN NIQUEL BRASIL LTDA","BARRO ALTO - GO, SANTA RITA DO NOVO DESTINO - GO","MINÉRIO DE NÍQUEL","Demais substâncias","Sim","15/09/2004"
"Gerência Regional / GO","008120/1966","Requerimento de Autorização de Pesquisa","Concessão de Lavra","42.184.226/0019-69","ANGLO AMERICAN NIQUEL BRASIL LTDA","NIQUELÂNDIA - GO","NÍQUEL","Demais substâncias","Sim","19/05/2005"
"Gerência Regional / GO","002411/1965","Requerimento de Autorização de Pesquisa","Concessão de Lavra","42.184.226/0019-69","ANGLO AMERICAN NIQUEL BRASIL LTDA","NIQUELÂNDIA - GO","AMIANTO, MICA, NÍQUEL","Demais substâncias, Demais substâncias, Demais substâncias","Sim","19/05/2005"
"Gerência Regional / GO","002410/1965","Requerimento de Autorização de Pesquisa","Concessão de Lavra","42.184.226/0019-69","ANGLO AMERICAN NIQUEL BRASIL LTDA","NIQUELÂNDIA - GO","AMIANTO, MICA, NÍQUEL","Demais substâncias, Demais substâncias, Demais substâncias","Sim","19/05/2005"
"Gerência Regional / GO","002409/1965","Requerimento de Autorização de Pesquisa","Concessão de Lavra","42.184.226/0019-69","ANGLO AMERICAN NIQUEL BRASIL LTDA","NIQUELÂNDIA - GO","AMIANTO, MICA, NÍQUEL","Demais substâncias, Demais substâncias, Demais substâncias","Sim","19/05/2005"
"Gerência Regional / GO","000491/1967","Requerimento de Autorização de Pesquisa","Concessão de Lavra","42.184.226/0019-69","ANGLO AMERICAN NIQUEL BRASIL LTDA","NIQUELÂNDIA - GO","NÍQUEL","Demais substâncias","Sim","19/05/2005"
"Gerência Regional / GO","000490/1967","Requerimento de Autorização de Pesquisa","Concessão de Lavra","42.184.226/0019-69","ANGLO AMERICAN NIQUEL BRASIL LTDA","NIQUELÂNDIA - GO","NÍQUEL","Demais substâncias","Sim","19/05/2005"
"Gerência Regional / GO","960795/1982","Requerimento de Grupamento Mineiro","Concessão de Lavra","42.184.226/0019-69","ANGLO AMERICAN NIQUEL BRASIL LTDA","NIQUELÂNDIA - GO","NÍQUEL","Demais substâncias","Sim","19/05/2005"
"Gerência Regional / GO","860510/2000","Requerimento de Autorização de Pesquisa","Concessão de Lavra","42.184.226/0019-69","ANGLO AMERICAN NIQUEL BRASIL LTDA","NIQUELÂNDIA - GO","MINÉRIO DE NÍQUEL","Metalurgia","Sim","19/05/2005"
"Gerência Regional / GO","860359/1999","Requerimento de Autorização de Pesquisa","Concessão de Lavra","42.184.226/0019-69","ANGLO AMERICAN NIQUEL BRASIL LTDA","BARRO ALTO - GO","NÍQUEL","Demais substâncias","Sim","15/09/2004"
"Gerência Regional / GO","862402/2011","Requerimento de Autorização de Pesquisa","Autorização de Pesquisa","42.416.651/0001-07","NEXA RECURSOS MINERAIS S.A.","SANTA TEREZINHA DE GOIÁS - GO, UIRAPURU - GO","MINÉRIO DE NÍQUEL","Industrial","Sim","15/12/2015"
"Gerência Regional / GO","861723/2009","Requerimento de Autorização de Pesquisa","Autorização de Pesquisa","42.416.651/0001-07","NEXA RECURSOS MINERAIS S.A.","SANCLERLÂNDIA - GO, SÃO LUÍS DE MONTES BELOS - GO","MINÉRIO DE NÍQUEL","Industrial","Sim","30/03/2017"
"Gerência Regional / GO","861316/2012","Requerimento de Disponibilidade para pesquisa","Autorização de Pesquisa","42.416.651/0001-07","NEXA RECURSOS MINERAIS S.A.","MUNDO NOVO - GO, UIRAPURU - GO","MINÉRIO DE NÍQUEL, MINÉRIO DE OURO","Industrial, Industrial","Sim","15/12/2015"
"Gerência Regional / GO","861315/2012","Requerimento de Disponibilidade para pesquisa","Autorização de Pesquisa","42.416.651/0001-07","NEXA RECURSOS MINERAIS S.A.","MUNDO NOVO - GO, UIRAPURU - GO","MINÉRIO DE NÍQUEL, MINÉRIO DE OURO","Industrial, Industrial","Sim","15/12/2015"
"Gerência Regional / GO","861314/2012","Requerimento de Disponibilidade para pesquisa","Autorização de Pesquisa","42.416.651/0001-07","NEXA RECURSOS MINERAIS S.A.","MUNDO NOVO - GO, UIRAPURU - GO","MINÉRIO DE NÍQUEL, MINÉRIO DE OURO","Industrial, Industrial","Sim","15/12/2015"
"Gerência Regional / GO","861313/2012","Requerimento de Disponibilidade para pesquisa","Autorização de Pesquisa","42.416.651/0001-07","NEXA RECURSOS MINERAIS S.A.","MUNDO NOVO - GO, UIRAPURU - GO","MINÉRIO DE NÍQUEL, MINÉRIO DE OURO","Industrial, Industrial","Sim","15/12/2015"
"Gerência Regional / GO","861311/2012","Requerimento de Disponibilidade para pesquisa","Autorização de Pesquisa","42.416.651/0001-07","NEXA RECURSOS MINERAIS S.A.","UIRAPURU - GO","MINÉRIO DE NÍQUEL, MINÉRIO DE OURO","Industrial, Industrial","Sim","15/12/2015"
"Gerência Regional / GO","861310/2012","Requerimento de Disponibilidade para pesquisa","Autorização de Pesquisa","42.416.651/0001-07","NEXA RECURSOS MINERAIS S.A.","UIRAPURU - GO","MINÉRIO DE NÍQUEL, MINÉRIO DE OURO","Industrial, Industrial","Sim","15/12/2015"
"Gerência Regional / GO","861309/2012","Requerimento de Disponibilidade para pesquisa","Autorização de Pesquisa","42.416.651/0001-07","NEXA RECURSOS MINERAIS S.A.","UIRAPURU - GO","MINÉRIO DE NÍQUEL, MINÉRIO DE OURO","Industrial, Industrial","Sim","15/12/2015"
"Gerência Regional / GO","861198/2011","Requerimento de Disponibilidade para pesquisa","Autorização de Pesquisa","42.416.651/0001-07","NEXA RECURSOS MINERAIS S.A.","ITAPACI - GO","MINÉRIO DE NÍQUEL","Industrial","Sim","15/12/2015"
"Gerência Regional / GO","801825/1977","Requerimento de Autorização de Pesquisa","Concessão de Lavra","50.629.385/0001-29","Klace S A Pisos e Azulejos","PADRE BERNARDO - GO","ARGILA","Demais substâncias","Sim","13/12/2007"
"Gerência Regional / GO","801825/1977","Requerimento de Autorização de Pesquisa","Concessão de Lavra","50.629.385/0001-29","Klace S A Pisos e Azulejos","PADRE BERNARDO - GO","ARGILA","Demais substâncias","Sim","18/05/2004"
"Gerência Regional / GO","861511/1993","Requerimento de Autorização de Pesquisa","Requerimento de Lavra","50.629.385/0001-29","Klace S A Pisos e Azulejos","LUZIÂNIA - GO","ARGILA","Demais substâncias","Sim","18/05/2004"
"Gerência Regional / GO","861511/1993","Requerimento de Autorização de Pesquisa","Requerimento de Lavra","50.629.385/0001-29","Klace S A Pisos e Azulejos","LUZIÂNIA - GO","ARGILA","Demais substâncias","Sim","20/11/1998"
"Gerência Regional / GO","861209/1981","Requerimento de Autorização de Pesquisa","Requerimento de Lavra","50.629.385/0001-29","Klace S A Pisos e Azulejos","PLANALTINA - GO","ARGILA","Demais substâncias","Sim","23/01/2015"
"Gerência Regional / GO","861209/1981","Requerimento de Autorização de Pesquisa","Requerimento de Lavra","50.629.385/0001-29","Klace S A Pisos e Azulejos","PLANALTINA - GO","ARGILA","Demais substâncias","Sim","18/05/2004"
"Gerência Regional / GO","001230/1962","Requerimento de Autorização de Pesquisa","Concessão de Lavra","60.869.336/0001-17","CSN CIMENTOS BRASIL S.A.","COCALZINHO DE GOIÁS - GO","CALCÁRIO","Demais substâncias","Sim","05/11/1991"
"Gerência Regional / GO","001230/1962","Requerimento de Autorização de Pesquisa","Concessão de Lavra","60.869.336/0001-17","CSN CIMENTOS BRASIL S.A.","COCALZINHO DE GOIÁS - GO","CALCÁRIO","Demais substâncias","Sim","02/06/2017"
"Gerência Regional / GO","001230/1962","Requerimento de Autorização de Pesquisa","Concessão de Lavra","60.869.336/0001-17","CSN CIMENTOS BRASIL S.A.","COCALZINHO DE GOIÁS - GO","CALCÁRIO","Demais substâncias","Sim","17/06/2010"
"Gerência Regional / GO","000647/1959","Requerimento de Autorização de Pesquisa","Concessão de Lavra","60.869.336/0001-17","CSN CIMENTOS BRASIL S.A.","COCALZINHO DE GOIÁS - GO","CALCÁRIO","Demais substâncias","Sim","05/11/1991"
"Gerência Regional / GO","000647/1959","Requerimento de Autorização de Pesquisa","Concessão de Lavra","60.869.336/0001-17","CSN CIMENTOS BRASIL S.A.","COCALZINHO DE GOIÁS - GO","CALCÁRIO","Demais substâncias","Sim","02/06/2017"
"Gerência Regional / GO","000647/1959","Requerimento de Autorização de Pesquisa","Concessão de Lavra","60.869.336/0001-17","CSN CIMENTOS BRASIL S.A.","COCALZINHO DE GOIÁS - GO","CALCÁRIO","Demais substâncias","Sim","17/06/2010"
"Gerência Regional / GO","804392/1973","Requerimento de Autorização de Pesquisa","Concessão de Lavra","60.869.336/0001-17","CSN CIMENTOS BRASIL S.A.","COCALZINHO DE GOIÁS - GO","ARGILA, LIMONITA","Demais substâncias, Demais substâncias","Sim","09/06/2010"
"Gerência Regional / GO","804392/1973","Requerimento de Autorização de Pesquisa","Concessão de Lavra","60.869.336/0001-17","CSN CIMENTOS BRASIL S.A.","COCALZINHO DE GOIÁS - GO","ARGILA, LIMONITA","Demais substâncias, Demais substâncias","Sim","05/11/1991"
"Gerência Regional / GO","804392/1973","Requerimento de Autorização de Pesquisa","Concessão de Lavra","60.869.336/0001-17","CSN CIMENTOS BRASIL S.A.","COCALZINHO DE GOIÁS - GO","ARGILA, LIMONITA","Demais substâncias, Demais substâncias","Sim","28/07/1989"
"Gerência Regional / GO","804392/1973","Requerimento de Autorização de Pesquisa","Concessão de Lavra","60.869.336/0001-17","CSN CIMENTOS BRASIL S.A.","COCALZINHO DE GOIÁS - GO","ARGILA, LIMONITA","Demais substâncias, Demais substâncias","Sim","02/06/2017"
"Gerência Regional / GO","803300/1977","Requerimento de Autorização de Pesquisa","Concessão de Lavra","60.869.336/0001-17","CSN CIMENTOS BRASIL S.A.","COCALZINHO DE GOIÁS - GO","CALCÁRIO","Demais substâncias","Sim","17/06/2010"
"Gerência Regional / GO","803300/1977","Requerimento de Autorização de Pesquisa","Concessão de Lavra","60.869.336/0001-17","CSN CIMENTOS BRASIL S.A.","COCALZINHO DE GOIÁS - GO","CALCÁRIO","Demais substâncias","Sim","09/06/2010"
"Gerência Regional / GO","803300/1977","Requerimento de Autorização de Pesquisa","Concessão de Lavra","60.869.336/0001-17","CSN CIMENTOS BRASIL S.A.","COCALZINHO DE GOIÁS - GO","CALCÁRIO","Demais substâncias","Sim","12/12/1997"
"Gerência Regional / GO","801321/1974","Requerimento de Grupamento Mineiro","Concessão de Lavra","60.869.336/0001-17","CSN CIMENTOS BRASIL S.A.","CORUMBÁ DE GOIÁS - GO","CALCÁRIO","Demais substâncias","Sim","01/10/2009"
"Gerência Regional / GO","801321/1974","Requerimento de Grupamento Mineiro","Concessão de Lavra","60.869.336/0001-17","CSN CIMENTOS BRASIL S.A.","CORUMBÁ DE GOIÁS - GO","CALCÁRIO","Demais substâncias","Sim","02/06/2017"
"Gerência Regional / GO","800423/1970","Requerimento de Autorização de Pesquisa","Concessão de Lavra","60.869.336/0001-17","CSN CIMENTOS BRASIL S.A.","COCALZINHO DE GOIÁS - GO","CALCÁRIO","Demais substâncias","Sim","05/11/1991"
"Gerência Regional / GO","800423/1970","Requerimento de Autorização de Pesquisa","Concessão de Lavra","60.869.336/0001-17","CSN CIMENTOS BRASIL S.A.","COCALZINHO DE GOIÁS - GO","CALCÁRIO","Demais substâncias","Sim","02/06/2017"
"Gerência Regional / GO","800423/1970","Requerimento de Autorização de Pesquisa","Concessão de Lavra","60.869.336/0001-17","CSN CIMENTOS BRASIL S.A.","COCALZINHO DE GOIÁS - GO","CALCÁRIO","Demais substâncias","Sim","17/06/2010"
"Gerência Regional / GO","016414/1967","Requerimento de Autorização de Pesquisa","Concessão de Lavra","60.869.336/0001-17","CSN CIMENTOS BRASIL S.A.","COCALZINHO DE GOIÁS - GO","CALCÁRIO","Demais substâncias","Sim","05/11/1991"
"Gerência Regional / GO","016414/1967","Requerimento de Autorização de Pesquisa","Concessão de Lavra","60.869.336/0001-17","CSN CIMENTOS BRASIL S.A.","COCALZINHO DE GOIÁS - GO","CALCÁRIO","Demais substâncias","Sim","02/06/2017"
"Gerência Regional / GO","016414/1967","Requerimento de Autorização de Pesquisa","Concessão de Lavra","60.869.336/0001-17","CSN CIMENTOS BRASIL S.A.","COCALZINHO DE GOIÁS - GO","CALCÁRIO","Demais substâncias","Sim","17/06/2010"
"Gerência Regional / GO","010602/1967","Requerimento de Autorização de Pesquisa","Concessão de Lavra","60.869.336/0001-17","CSN CIMENTOS BRASIL S.A.","COCALZINHO DE GOIÁS - GO","CALCÁRIO","Demais substâncias","Sim","02/06/2017"
"Gerência Regional / GO","010602/1967","Requerimento de Autorização de Pesquisa","Concessão de Lavra","60.869.336/0001-17","CSN CIMENTOS BRASIL S.A.","COCALZINHO DE GOIÁS - GO","CALCÁRIO","Demais substâncias","Sim","17/06/2010"
"Gerência Regional / GO","010602/1967","Requerimento de Autorização de Pesquisa","Concessão de Lavra","60.869.336/0001-17","CSN CIMENTOS BRASIL S.A.","COCALZINHO DE GOIÁS - GO","CALCÁRIO","Demais substâncias","Sim","01/10/2009"
"Gerência Regional / GO","861218/1979","Requerimento de Autorização de Pesquisa","Concessão de Lavra","60.869.336/0001-17","CSN CIMENTOS BRASIL S.A.","COCALZINHO DE GOIÁS - GO","CALCÁRIO, CALCÁRIO DOLOMÍTICO","Demais substâncias, Demais substâncias","Sim","17/06/2010"
"Gerência Regional / GO","861218/1979","Requerimento de Autorização de Pesquisa","Concessão de Lavra","60.869.336/0001-17","CSN CIMENTOS BRASIL S.A.","COCALZINHO DE GOIÁS - GO","CALCÁRIO, CALCÁRIO DOLOMÍTICO","Demais substâncias, Demais substâncias","Sim","09/06/2010"
"Gerência Regional / GO","861218/1979","Requerimento de Autorização de Pesquisa","Concessão de Lavra","60.869.336/0001-17","CSN CIMENTOS BRASIL S.A.","COCALZINHO DE GOIÁS - GO","CALCÁRIO, CALCÁRIO DOLOMÍTICO","Demais substâncias, Demais substâncias","Sim","05/11/1991"
"Gerência Regional / GO","861116/1989","Requerimento de Autorização de Pesquisa","Concessão de Lavra","60.869.336/0001-17","CSN CIMENTOS BRASIL S.A.","COCALZINHO DE GOIÁS - GO","ARGILA, LATERITA","Fabricação de cimento, Fabricação de cimento","Sim","02/06/2017"
"Gerência Regional / GO","861116/1989","Requerimento de Autorização de Pesquisa","Concessão de Lavra","60.869.336/0001-17","CSN CIMENTOS BRASIL S.A.","COCALZINHO DE GOIÁS - GO","ARGILA, LATERITA","Fabricação de cimento, Fabricação de cimento","Sim","16/08/2010"
"Gerência Regional / GO","860916/1982","Requerimento de Autorização de Pesquisa","Concessão de Lavra","60.869.336/0001-17","CSN CIMENTOS BRASIL S.A.","COCALZINHO DE GOIÁS - GO","CALCÁRIO","Demais substâncias","Sim","02/06/2017"
"Gerência Regional / GO","860916/1982","Requerimento de Autorização de Pesquisa","Concessão de Lavra","60.869.336/0001-17","CSN CIMENTOS BRASIL S.A.","COCALZINHO DE GOIÁS - GO","CALCÁRIO","Demais substâncias","Sim","17/06/2010"
"Gerência Regional / GO","860916/1982","Requerimento de Autorização de Pesquisa","Concessão de Lavra","60.869.336/0001-17","CSN CIMENTOS BRASIL S.A.","COCALZINHO DE GOIÁS - GO","CALCÁRIO","Demais substâncias","Sim","09/06/2010"
"Gerência Regional / GO","860916/1982","Requerimento de Autorização de Pesquisa","Concessão de Lavra","60.869.336/0001-17","CSN CIMENTOS BRASIL S.A.","COCALZINHO DE GOIÁS - GO","CALCÁRIO","Demais substâncias","Sim","05/11/1991"
"Gerência Regional / GO","860834/1980","Requerimento de Autorização de Pesquisa","Concessão de Lavra","60.869.336/0001-17","CSN CIMENTOS BRASIL S.A.","COCALZINHO DE GOIÁS - GO","AREIA","Demais substâncias","Sim","09/06/2010"
"Gerência Regional / GO","860834/1980","Requerimento de Autorização de Pesquisa","Concessão de Lavra","60.869.336/0001-17","CSN CIMENTOS BRASIL S.A.","COCALZINHO DE GOIÁS - GO","AREIA","Demais substâncias","Sim","02/06/2017"
"Gerência Regional / GO","816757/1968","Requerimento de Autorização de Pesquisa","Concessão de Lavra","60.869.336/0001-17","CSN CIMENTOS BRASIL S.A.","COCALZINHO DE GOIÁS - GO","CALCÁRIO","Demais substâncias","Sim","05/11/1991"
"Gerência Regional / GO","816757/1968","Requerimento de Autorização de Pesquisa","Concessão de Lavra","60.869.336/0001-17","CSN CIMENTOS BRASIL S.A.","COCALZINHO DE GOIÁS - GO","CALCÁRIO","Demais substâncias","Sim","02/06/2017"
"Gerência Regional / GO","816757/1968","Requerimento de Autorização de Pesquisa","Concessão de Lavra","60.869.336/0001-17","CSN CIMENTOS BRASIL S.A.","COCALZINHO DE GOIÁS - GO","CALCÁRIO","Demais substâncias","Sim","17/06/2010"
"Gerência Regional / GO","811966/1973","Requerimento de Autorização de Pesquisa","Concessão de Lavra","60.869.336/0001-17","CSN CIMENTOS BRASIL S.A.","COCALZINHO DE GOIÁS - GO","CALCÁRIO","Demais substâncias","Sim","05/11/1991"
"Gerência Regional / GO","811966/1973","Requerimento de Autorização de Pesquisa","Concessão de Lavra","60.869.336/0001-17","CSN CIMENTOS BRASIL S.A.","COCALZINHO DE GOIÁS - GO","CALCÁRIO","Demais substâncias","Sim","02/06/2017"
"Gerência Regional / GO","811966/1973","Requerimento de Autorização de Pesquisa","Concessão de Lavra","60.869.336/0001-17","CSN CIMENTOS BRASIL S.A.","COCALZINHO DE GOIÁS - GO","CALCÁRIO","Demais substâncias","Sim","17/06/2010"
"Gerência Regional / GO","809011/1968","Requerimento de Autorização de Pesquisa","Concessão de Lavra","60.869.336/0001-17","CSN CIMENTOS BRASIL S.A.","COCALZINHO DE GOIÁS - GO","CALCÁRIO","Demais substâncias","Sim","05/11/1991"
"Gerência Regional / GO","809011/1968","Requerimento de Autorização de Pesquisa","Concessão de Lavra","60.869.336/0001-17","CSN CIMENTOS BRASIL S.A.","COCALZINHO DE GOIÁS - GO","CALCÁRIO","Demais substâncias","Sim","02/06/2017"
"Gerência Regional / GO","809011/1968","Requerimento de Autorização de Pesquisa","Concessão de Lavra","60.869.336/0001-17","CSN CIMENTOS BRASIL S.A.","COCALZINHO DE GOIÁS - GO","CALCÁRIO","Demais substâncias","Sim","17/06/2010"
"Gerência Regional / GO","860915/1999","Requerimento de Autorização de Pesquisa","Concessão de Lavra","62.258.884/0001-36","INTERCEMENT BRASIL S/A - EM RECUPERACAO JUDICIAL","VICENTINÓPOLIS - GO","ARGILA, MINÉRIO DE FERRO","Demais substâncias, Demais substâncias","Sim","09/11/2005"
"Gerência Regional / GO","807790/1976","Requerimento de Autorização de Pesquisa","Concessão de Lavra","62.258.884/0001-36","INTERCEMENT BRASIL S/A - EM RECUPERACAO JUDICIAL","CEZARINA - GO","CALCÁRIO","Demais substâncias","Sim","06/03/1992"
"Gerência Regional / GO","807790/1976","Requerimento de Autorização de Pesquisa","Concessão de Lavra","62.258.884/0001-36","INTERCEMENT BRASIL S/A - EM RECUPERACAO JUDICIAL","CEZARINA - GO","CALCÁRIO","Demais substâncias","Sim","24/08/2016"
"Gerência Regional / GO","803988/1975","Requerimento de Autorização de Pesquisa","Concessão de Lavra","62.258.884/0001-36","INTERCEMENT BRASIL S/A - EM RECUPERACAO JUDICIAL","CEZARINA - GO","CALCÁRIO","Demais substâncias","Sim","24/08/2016"
"Gerência Regional / GO","803988/1975","Requerimento de Autorização de Pesquisa","Concessão de Lavra","62.258.884/0001-36","INTERCEMENT BRASIL S/A - EM RECUPERACAO JUDICIAL","CEZARINA - GO","CALCÁRIO","Demais substâncias","Sim","09/11/2005"
"Gerência Regional / GO","802424/1968","Requerimento de Autorização de Pesquisa","Concessão de Lavra","62.258.884/0001-36","INTERCEMENT BRASIL S/A - EM RECUPERACAO JUDICIAL","CEZARINA - GO","CALCÁRIO","Demais substâncias","Sim","24/08/2016"
"Gerência Regional / GO","006706/1967","Requerimento de Autorização de Pesquisa","Concessão de Lavra","62.258.884/0001-36","INTERCEMENT BRASIL S/A - EM RECUPERACAO JUDICIAL","PALMEIRAS DE GOIÁS - GO","CALCÁRIO","Demais substâncias","Sim","09/11/2005"
"Gerência Regional / GO","004056/1952","Requerimento de Autorização de Pesquisa","Concessão de Lavra","62.258.884/0001-36","INTERCEMENT BRASIL S/A - EM RECUPERACAO JUDICIAL","CEZARINA - GO","CALCÁRIO","Demais substâncias","Sim","09/11/2005"
"Gerência Regional / GO","823273/1971","Requerimento de Autorização de Pesquisa","Concessão de Lavra","62.258.884/0001-36","INTERCEMENT BRASIL S/A - EM RECUPERACAO JUDICIAL","CEZARINA - GO","CALCÁRIO","Demais substâncias","Sim","09/11/2005"
"Gerência Regional / GO","812925/1975","Requerimento de Autorização de Pesquisa","Concessão de Lavra","62.258.884/0001-36","INTERCEMENT BRASIL S/A - EM RECUPERACAO JUDICIAL","CEZARINA - GO","CALCÁRIO","Demais substâncias","Sim","06/03/1992"
"Gerência Regional / GO","812925/1975","Requerimento de Autorização de Pesquisa","Concessão de Lavra","62.258.884/0001-36","INTERCEMENT BRASIL S/A - EM RECUPERACAO JUDICIAL","CEZARINA - GO","CALCÁRIO","Demais substâncias","Sim","24/08/2016"
"Gerência Regional / GO","811902/1970","Requerimento de Autorização de Pesquisa","Concessão de Lavra","62.258.884/0001-36","INTERCEMENT BRASIL S/A - EM RECUPERACAO JUDICIAL","CEZARINA - GO","ARGILA","Demais substâncias","Sim","09/11/2005"
"Gerência Regional / TO","864392/2006","Requerimento de Autorização de Pesquisa","Autorização de Pesquisa","33.931.486/0014-55","MOSAIC FERTILIZANTES P&K LTDA.","ARRAIAS - TO","FOSFATO","Fertilizantes","Sim","02/12/2015"
"Gerência Regional / GO","862413/2011","Requerimento de Autorização de Pesquisa","Autorização de Pesquisa","42.416.651/0001-07","NEXA RECURSOS MINERAIS S.A.","UIRAPURU - GO","MINÉRIO DE NÍQUEL","Industrial","Sim","15/12/2015"
"Gerência Regional / GO","862412/2011","Requerimento de Autorização de Pesquisa","Autorização de Pesquisa","42.416.651/0001-07","NEXA RECURSOS MINERAIS S.A.","UIRAPURU - GO","MINÉRIO DE NÍQUEL","Industrial","Sim","15/12/2015"
"Gerência Regional / GO","862411/2011","Requerimento de Autorização de Pesquisa","Autorização de Pesquisa","42.416.651/0001-07","NEXA RECURSOS MINERAIS S.A.","UIRAPURU - GO","MINÉRIO DE NÍQUEL","Industrial","Sim","15/12/2015"
"Gerência Regional / GO","862410/2011","Requerimento de Autorização de Pesquisa","Autorização de Pesquisa","42.416.651/0001-07","NEXA RECURSOS MINERAIS S.A.","UIRAPURU - GO","MINÉRIO DE NÍQUEL","Industrial","Sim","15/12/2015"
"Gerência Regional / GO","862408/2011","Requerimento de Autorização de Pesquisa","Autorização de Pesquisa","42.416.651/0001-07","NEXA RECURSOS MINERAIS S.A.","UIRAPURU - GO","MINÉRIO DE NÍQUEL","Industrial","Sim","15/12/2015"
"Gerência Regional / GO","861507/1980","Requerimento de Autorização de Pesquisa","Concessão de Lavra","47.190.335/0001-83","Ferrogeo Mineração Ltda","CATALÃO - GO","ARGILA REFRATÁRIA","Demais substâncias","Sim","17/10/1997"
"Gerência Regional / GO","805239/1976","Requerimento de Autorização de Pesquisa","Concessão de Lavra","47.190.335/0001-83","Ferrogeo Mineração Ltda","CATALÃO - GO, PARACATU - MG","ARGILA","Demais substâncias","Sim","26/01/2015"
"Gerência Regional / GO","805238/1976","Requerimento de Autorização de Pesquisa","Concessão de Lavra","47.190.335/0001-83","Ferrogeo Mineração Ltda","CATALÃO - GO, PARACATU - MG","ARGILA","Demais substâncias","Sim","26/01/2015"
"Gerência Regional / GO","805237/1976","Requerimento de Autorização de Pesquisa","Concessão de Lavra","47.190.335/0001-83","Ferrogeo Mineração Ltda","CATALÃO - GO, PARACATU - MG","ARGILA","Demais substâncias","Sim","26/01/2015"
"Gerência Regional / GO","805236/1976","Requerimento de Autorização de Pesquisa","Concessão de Lavra","47.190.335/0001-83","Ferrogeo Mineração Ltda","CATALÃO - GO","ARGILA","Demais substâncias","Sim","26/01/2015"
"Gerência Regional / GO","805231/1976","Requerimento de Autorização de Pesquisa","Concessão de Lavra","47.190.335/0001-83","Ferrogeo Mineração Ltda","CATALÃO - GO","ARGILA","Demais substâncias","Sim","24/07/1998"
"Gerência Regional / GO","805230/1976","Requerimento de Autorização de Pesquisa","Concessão de Lavra","47.190.335/0001-83","Ferrogeo Mineração Ltda","CATALÃO - GO","ARGILA","Demais substâncias","Sim","24/07/1998"
"Gerência Regional / GO","803156/1976","Requerimento de Autorização de Pesquisa","Concessão de Lavra","47.190.335/0001-83","Ferrogeo Mineração Ltda","CATALÃO - GO","ARGILA","Demais substâncias","Sim","17/10/1997"
"Gerência Regional / GO","803155/1976","Requerimento de Autorização de Pesquisa","Concessão de Lavra","47.190.335/0001-83","Ferrogeo Mineração Ltda","CATALÃO - GO","ARGILA","Demais substâncias","Sim","17/10/1997"
"Gerência Regional / GO","803154/1976","Requerimento de Autorização de Pesquisa","Concessão de Lavra","47.190.335/0001-83","Ferrogeo Mineração Ltda","CATALÃO - GO","ARGILA","Demais substâncias","Sim","17/10/1997"
"Gerência Regional / GO","803153/1976","Requerimento de Autorização de Pesquisa","Concessão de Lavra","47.190.335/0001-83","Ferrogeo Mineração Ltda","CATALÃO - GO","ARGILA","Demais substâncias","Sim","17/10/1997"
"Gerência Regional / GO","803152/1976","Requerimento de Autorização de Pesquisa","Concessão de Lavra","47.190.335/0001-83","Ferrogeo Mineração Ltda","CATALÃO - GO","ARGILA","Demais substâncias","Sim","17/10/1997"
"Gerência Regional / GO","920477/1986","Requerimento de Grupamento Mineiro","Concessão de Lavra","47.190.335/0001-83","Ferrogeo Mineração Ltda","CATALÃO - GO","ARGILA","Demais substâncias","Sim","24/07/1998"
"Gerência Regional / GO","920476/1986","Requerimento de Grupamento Mineiro","Concessão de Lavra","47.190.335/0001-83","Ferrogeo Mineração Ltda","CATALÃO - GO","ARGILA","Demais substâncias","Sim","17/10/1997"
"Gerência Regional / GO","920475/1986","Requerimento de Grupamento Mineiro","Concessão de Lavra","47.190.335/0001-83","Ferrogeo Mineração Ltda","CATALÃO - GO","ARGILA","Demais substâncias","Sim","26/01/2015"
"Gerência Regional / GO","861509/1980","Requerimento de Autorização de Pesquisa","Concessão de Lavra","47.190.335/0001-83","Ferrogeo Mineração Ltda","CATALÃO - GO","ARGILA REFRATÁRIA","Demais substâncias","Sim","17/10/1997"
"Gerência Regional / GO","806847/1976","Requerimento de Autorização de Pesquisa","Concessão de Lavra","50.170.281/0001-07","PEDREIRA ANHANGUERA S/A EMPRESA DE MINERACAO","CATURAÍ - GO, GOIANIRA - GO","GRANODIORITO","Demais substâncias","Sim","21/02/2013"
"Gerência Regional / GO","801825/1977","Requerimento de Autorização de Pesquisa","Concessão de Lavra","50.629.385/0001-29","Klace S A Pisos e Azulejos","PADRE BERNARDO - GO","ARGILA","Demais substâncias","Sim","01/02/2023"
"Gerência Regional / GO","861511/1993","Requerimento de Autorização de Pesquisa","Requerimento de Lavra","50.629.385/0001-29","Klace S A Pisos e Azulejos","LUZIÂNIA - GO","ARGILA","Demais substâncias","Sim","17/03/2009"
"Gerência Regional / GO","861209/1981","Requerimento de Autorização de Pesquisa","Requerimento de Lavra","50.629.385/0001-29","Klace S A Pisos e Azulejos","PLANALTINA - GO","ARGILA","Demais substâncias","Sim","29/06/2000"
"Gerência Regional / GO","001230/1962","Requerimento de Autorização de Pesquisa","Concessão de Lavra","60.869.336/0001-17","CSN CIMENTOS BRASIL S.A.","COCALZINHO DE GOIÁS - GO","CALCÁRIO","Demais substâncias","Sim","01/10/2009"
"Gerência Regional / GO","000647/1959","Requerimento de Autorização de Pesquisa","Concessão de Lavra","60.869.336/0001-17","CSN CIMENTOS BRASIL S.A.","COCALZINHO DE GOIÁS - GO","CALCÁRIO","Demais substâncias","Sim","01/10/2009"
"Gerência Regional / GO","804392/1973","Requerimento de Autorização de Pesquisa","Concessão de Lavra","60.869.336/0001-17","CSN CIMENTOS BRASIL S.A.","COCALZINHO DE GOIÁS - GO","ARGILA, LIMONITA","Demais substâncias, Demais substâncias","Sim","17/06/2010"
"Gerência Regional / GO","803300/1977","Requerimento de Autorização de Pesquisa","Concessão de Lavra","60.869.336/0001-17","CSN CIMENTOS BRASIL S.A.","COCALZINHO DE GOIÁS - GO","CALCÁRIO","Demais substâncias","Sim","02/06/2017"
"Gerência Regional / GO","802138/1975","Requerimento de Autorização de Pesquisa","Requerimento de Lavra","60.869.336/0001-17","CSN CIMENTOS BRASIL S.A.","BRASÍLIA - DF, PLANALTINA - GO","CALCÁRIO","Demais substâncias","Sim","09/05/2000"
"Gerência Regional / GO","801321/1974","Requerimento de Grupamento Mineiro","Concessão de Lavra","60.869.336/0001-17","CSN CIMENTOS BRASIL S.A.","CORUMBÁ DE GOIÁS - GO","CALCÁRIO","Demais substâncias","Sim","17/06/2010"
"Gerência Regional / GO","800423/1970","Requerimento de Autorização de Pesquisa","Concessão de Lavra","60.869.336/0001-17","CSN CIMENTOS BRASIL S.A.","COCALZINHO DE GOIÁS - GO","CALCÁRIO","Demais substâncias","Sim","09/06/2010"
"Gerência Regional / GO","016414/1967","Requerimento de Autorização de Pesquisa","Concessão de Lavra","60.869.336/0001-17","CSN CIMENTOS BRASIL S.A.","COCALZINHO DE GOIÁS - GO","CALCÁRIO","Demais substâncias","Sim","01/10/2009"
"Gerência Regional / GO","010602/1967","Requerimento de Autorização de Pesquisa","Concessão de Lavra","60.869.336/0001-17","CSN CIMENTOS BRASIL S.A.","COCALZINHO DE GOIÁS - GO","CALCÁRIO","Demais substâncias","Sim","05/11/1991"
"Gerência Regional / GO","861218/1979","Requerimento de Autorização de Pesquisa","Concessão de Lavra","60.869.336/0001-17","CSN CIMENTOS BRASIL S.A.","COCALZINHO DE GOIÁS - GO","CALCÁRIO, CALCÁRIO DOLOMÍTICO","Demais substâncias, Demais substâncias","Sim","02/06/2017"
"Gerência Regional / GO","861116/1989","Requerimento de Autorização de Pesquisa","Concessão de Lavra","60.869.336/0001-17","CSN CIMENTOS BRASIL S.A.","COCALZINHO DE GOIÁS - GO","ARGILA, LATERITA","Fabricação de cimento, Fabricação de cimento","Sim","15/09/2010"
"Gerência Regional / GO","860916/1982","Requerimento de Autorização de Pesquisa","Concessão de Lavra","60.869.336/0001-17","CSN CIMENTOS BRASIL S.A.","COCALZINHO DE GOIÁS - GO","CALCÁRIO","Demais substâncias","Sim","25/09/1991"
"Gerência Regional / GO","860834/1980","Requerimento de Autorização de Pesquisa","Concessão de Lavra","60.869.336/0001-17","CSN CIMENTOS BRASIL S.A.","COCALZINHO DE GOIÁS - GO","AREIA","Demais substâncias","Sim","17/06/2010"
"Gerência Regional / GO","816757/1968","Requerimento de Autorização de Pesquisa","Concessão de Lavra","60.869.336/0001-17","CSN CIMENTOS BRASIL S.A.","COCALZINHO DE GOIÁS - GO","CALCÁRIO","Demais substâncias","Sim","09/06/2010"
"Gerência Regional / GO","811966/1973","Requerimento de Autorização de Pesquisa","Concessão de Lavra","60.869.336/0001-17","CSN CIMENTOS BRASIL S.A.","COCALZINHO DE GOIÁS - GO","CALCÁRIO","Demais substâncias","Sim","09/06/2010"
"Gerência Regional / GO","809011/1968","Requerimento de Autorização de Pesquisa","Concessão de Lavra","60.869.336/0001-17","CSN CIMENTOS BRASIL S.A.","COCALZINHO DE GOIÁS - GO","CALCÁRIO","Demais substâncias","Sim","09/06/2010"
"Gerência Regional / GO","833674/1995","Requerimento de Autorização de Pesquisa","Requerimento de Lavra","61.442.737/0001-59","INDUSTRIAS BRASILEIRAS DE ARTIGOS REFRATARIOS - IBAR - LTDA","CATALÃO - GO, GUARDA-MOR - MG","ARGILA REFRATÁRIA","Demais substâncias","Sim","12/11/2008"
"Gerência Regional / GO","861065/2000","Requerimento de Autorização de Pesquisa","Concessão de Lavra","62.258.884/0001-36","INTERCEMENT BRASIL S/A - EM RECUPERACAO JUDICIAL","CEZARINA - GO","CALCÁRIO","Industrial","Sim","24/08/2016"
"Gerência Regional / GO","860915/1999","Requerimento de Autorização de Pesquisa","Concessão de Lavra","62.258.884/0001-36","INTERCEMENT BRASIL S/A - EM RECUPERACAO JUDICIAL","VICENTINÓPOLIS - GO","ARGILA, MINÉRIO DE FERRO","Demais substâncias, Demais substâncias","Sim","24/08/2016"
"Gerência Regional / GO","860904/2003","Requerimento de Autorização de Pesquisa","Concessão de Lavra","62.258.884/0001-36","INTERCEMENT BRASIL S/A - EM RECUPERACAO JUDICIAL","CEZARINA - GO","CALCÁRIO","Industrial","Sim","24/08/2016"
"Gerência Regional / GO","807790/1976","Requerimento de Autorização de Pesquisa","Concessão de Lavra","62.258.884/0001-36","INTERCEMENT BRASIL S/A - EM RECUPERACAO JUDICIAL","CEZARINA - GO","CALCÁRIO","Demais substâncias","Sim","09/11/2005"
"Gerência Regional / GO","803988/1975","Requerimento de Autorização de Pesquisa","Concessão de Lavra","62.258.884/0001-36","INTERCEMENT BRASIL S/A - EM RECUPERACAO JUDICIAL","CEZARINA - GO","CALCÁRIO","Demais substâncias","Sim","06/03/1992"
"Gerência Regional / GO","802424/1968","Requerimento de Autorização de Pesquisa","Concessão de Lavra","62.258.884/0001-36","INTERCEMENT BRASIL S/A - EM RECUPERACAO JUDICIAL","CEZARINA - GO","CALCÁRIO","Demais substâncias","Sim","09/11/2005"
"Gerência Regional / GO","006706/1967","Requerimento de Autorização de Pesquisa","Concessão de Lavra","62.258.884/0001-36","INTERCEMENT BRASIL S/A - EM RECUPERACAO JUDICIAL","PALMEIRAS DE GOIÁS - GO","CALCÁRIO","Demais substâncias","Sim","24/08/2016"
"Gerência Regional / GO","004056/1952","Requerimento de Autorização de Pesquisa","Concessão de Lavra","62.258.884/0001-36","INTERCEMENT BRASIL S/A - EM RECUPERACAO JUDICIAL","CEZARINA - GO","CALCÁRIO","Demais substâncias","Sim","24/08/2016"
"Gerência Regional / GO","823273/1971","Requerimento de Autorização de Pesquisa","Concessão de Lavra","62.258.884/0001-36","INTERCEMENT BRASIL S/A - EM RECUPERACAO JUDICIAL","CEZARINA - GO","CALCÁRIO","Demais substâncias","Sim","24/08/2016"
"Gerência Regional / GO","812925/1975","Requerimento de Autorização de Pesquisa","Concessão de Lavra","62.258.884/0001-36","INTERCEMENT BRASIL S/A - EM RECUPERACAO JUDICIAL","CEZARINA - GO","CALCÁRIO","Demais substâncias","Sim","09/11/2005"
"Gerência Regional / GO","811902/1970","Requerimento de Autorização de Pesquisa","Concessão de Lavra","62.258.884/0001-36","INTERCEMENT BRASIL S/A - EM RECUPERACAO JUDICIAL","CEZARINA - GO","ARGILA","Demais substâncias","Sim","24/08/2016"
"Gerência Regional / GO","961799/2009","Requerimento de Grupamento Mineiro","Concessão de Lavra","62.258.884/0001-36","INTERCEMENT BRASIL S/A - EM RECUPERACAO JUDICIAL","CEZARINA - GO","CALCÁRIO","Fabricação de cimento","Sim","24/08/2016"
"Gerência Regional / GO","861651/2021","Requerimento de Autorização de Pesquisa","Autorização de Pesquisa","67.283.853/0001-59","MARTINS LARA & LARA LTDA","PIRACANJUBA - GO","AREIA, GRANITO, GRANITO, MINÉRIO DE OURO","Brita, Construção civil, Industrial, Revestimento","Sim","07/03/2024"
"Gerência Regional / GO","861133/1989","Requerimento de Autorização de Pesquisa","Concessão de Lavra","30.056.295/0001-89","CAMPING CLUBE TURISMO AGENCIA DE VIAGENS LTDA","CALDAS NOVAS - GO","ÁGUA MINERAL","Demais substâncias","Sim","23/09/1999"
"Gerência Regional / GO","861222/2022","Requerimento de Autorização de Pesquisa","Autorização de Pesquisa","33.624.438/0001-08","SETA MINERACAO LTDA","CACHOEIRA ALTA - GO, PARANAIGUARA - GO","CALCÁRIO, CALCÁRIO, CALCÁRIO DOLOMÍTICO, FOSFATO","Corretivo de solo, Fabricação de cal, Fabricação de cimento, Fertilizantes","Sim","05/02/2025"
"Gerência Regional / TO","864392/2006","Requerimento de Autorização de Pesquisa","Autorização de Pesquisa","33.931.486/0014-55","MOSAIC FERTILIZANTES P&K LTDA.","ARRAIAS - TO","FOSFATO","Fertilizantes","Sim","19/04/2018"
"Gerência Regional / GO","805597/1977","Requerimento de Autorização de Pesquisa","Autorização de Pesquisa","36.760.320/0001-97","Intergemas Mineração Ltda","CAMPINAÇU - GO, MINAÇU - GO","ESTANHO","Demais substâncias","Sim","04/12/1995"
"Gerência Regional / GO","861143/2008","Requerimento de Autorização de Pesquisa","Requerimento de Lavra","38.714.838/0001-10","Porto Seguro Construções Ltda EIRELI,","ARAGUARI - MG, CUMARI - GO","AREIA, CASCALHO, DIAMANTE","Construção civil, Construção civil, Industrial","Sim","25/04/2013"
"Gerência Regional / GO","860297/1979","Requerimento de Autorização de Pesquisa","Concessão de Lavra","53.622.130/0001-22","PENERY MINERACAO LTDA","CAVALCANTE - GO","OURO","Demais substâncias","Sim","27/08/1987"
"Gerência Regional / GO","860297/1979","Requerimento de Autorização de Pesquisa","Concessão de Lavra","53.622.130/0001-22","PENERY MINERACAO LTDA","CAVALCANTE - GO","OURO","Demais substâncias","Sim","14/03/2000"
"Gerência Regional / GO","860562/2011","Requerimento de Disponibilidade para pesquisa","Requerimento de Lavra","86.924.701/0001-32","JOFEGE MINERACAO LTDA","VILA PROPÍCIO - GO","CALCÁRIO","Industrial","Sim","01/07/2015"
"Gerência Regional / GO","860974/2014","Requerimento de Lavra Garimpeira","Lavra Garimpeira","***.131.601-**","RUBENS MARTINS MOURAO","NIQUELÂNDIA - GO","QUARTZO","Artesanato  mineral","Sim","13/08/2019"
"Gerência Regional / GO","805597/1977","Requerimento de Autorização de Pesquisa","Autorização de Pesquisa","36.760.320/0001-97","Intergemas Mineração Ltda","CAMPINAÇU - GO, MINAÇU - GO","ESTANHO","Demais substâncias","Sim","02/09/1996"
"Gerência Regional / GO","861114/2012","Requerimento de Autorização de Pesquisa","Autorização de Pesquisa","37.111.010/0001-04","BRACAL MINERACAO LTDA","FORMOSA - GO, PLANALTINA - GO","MINÉRIO DE MANGANÊS","Industrial","Sim","15/06/2018"
"Gerência Regional / GO","861205/1985","Requerimento de Autorização de Pesquisa","Concessão de Lavra","37.665.643/0001-64","SONHO DOURADO MINERACAO LTDA","CALDAS NOVAS - GO","ÁGUA MINERAL","Balneoterapia","Sim","26/09/1994"
"Gerência Regional / GO","860072/1990","Requerimento de Autorização de Pesquisa","Concessão de Lavra","37.883.097/0001-38","CALCARIO OURO BRANCO LTDA","INDIARA - GO","CALCÁRIO","Industrial","Sim","14/08/2007"
"Gerência Regional / GO","861143/2008","Requerimento de Autorização de Pesquisa","Requerimento de Lavra","38.714.838/0001-10","Porto Seguro Construções Ltda EIRELI,","ARAGUARI - MG, CUMARI - GO","AREIA, CASCALHO, DIAMANTE","Construção civil, Construção civil, Industrial","Sim","19/03/2013"
"Gerência Regional / GO","818726/1969","Requerimento de Autorização de Pesquisa","Concessão de Lavra","42.184.226/0019-69","ANGLO AMERICAN NIQUEL BRASIL LTDA","NIQUELÂNDIA - GO","AMIANTO, MICA, NÍQUEL","Demais substâncias, Demais substâncias, Demais substâncias","Sim","19/05/2005"
"Gerência Regional / GO","862406/2011","Requerimento de Autorização de Pesquisa","Autorização de Pesquisa","42.416.651/0001-07","NEXA RECURSOS MINERAIS S.A.","SANTA TEREZINHA DE GOIÁS - GO, UIRAPURU - GO","MINÉRIO DE NÍQUEL","Industrial","Sim","15/12/2015"
"Gerência Regional / GO","861508/1980","Requerimento de Autorização de Pesquisa","Concessão de Lavra","47.190.335/0001-83","Ferrogeo Mineração Ltda","CATALÃO - GO","ARGILA REFRATÁRIA","Demais substâncias","Sim","17/10/1997"
"Gerência Regional / GO","806848/1976","Requerimento de Autorização de Pesquisa","Concessão de Lavra","50.170.281/0001-07","PEDREIRA ANHANGUERA S/A EMPRESA DE MINERACAO","GOIANIRA - GO","GRANODIORITO","Demais substâncias","Sim","21/02/2013"
"Gerência Regional / GO","860297/1979","Requerimento de Autorização de Pesquisa","Concessão de Lavra","53.622.130/0001-22","PENERY MINERACAO LTDA","CAVALCANTE - GO","OURO","Demais substâncias","Sim","02/12/1993"
"Gerência Regional / GO","861105/2001","Requerimento de Autorização de Pesquisa","Concessão de Lavra","62.258.884/0001-36","INTERCEMENT BRASIL S/A - EM RECUPERACAO JUDICIAL","CEZARINA - GO","GRANITO","Industrial","Sim","24/08/2016"
"Gerência Regional / GO","860613/2017","Requerimento de Cessão parcial","Requerimento de Lavra","86.924.701/0001-32","JOFEGE MINERACAO LTDA","VILA PROPÍCIO - GO","CALCÁRIO","Fabricação de cimento","Sim","29/10/2018"
"Gerência Regional / GO","860612/2017","Requerimento de Cessão parcial","Requerimento de Lavra","86.924.701/0001-32","JOFEGE MINERACAO LTDA","VILA PROPÍCIO - GO","CALCÁRIO","Fabricação de cimento","Sim","29/10/2018"
"Gerência Regional / GO","860562/2011","Requerimento de Disponibilidade para pesquisa","Requerimento de Lavra","86.924.701/0001-32","JOFEGE MINERACAO LTDA","VILA PROPÍCIO - GO","CALCÁRIO","Industrial","Sim","29/03/2012"
"Gerência Regional / GO","861800/2011","Requerimento de Autorização de Pesquisa","Requerimento de Lavra","86.924.701/0001-32","JOFEGE MINERACAO LTDA","VILA PROPÍCIO - GO","CALCÁRIO","Fabricação de cimento","Sim","04/09/2017"
"Gerência Regional / GO","861587/2014","Requerimento de Cessão parcial","Requerimento de Lavra","86.924.701/0001-32","JOFEGE MINERACAO LTDA","VILA PROPÍCIO - GO","CALCÁRIO, CALCÁRIO DOLOMÍTICO","Corretivo de solo, Fabricação de cimento","Sim","25/01/2018"
"Gerência Regional / GO","861586/2014","Requerimento de Cessão parcial","Requerimento de Lavra","86.924.701/0001-32","JOFEGE MINERACAO LTDA","VILA PROPÍCIO - GO","CALCÁRIO, CALCÁRIO DOLOMÍTICO","Corretivo de solo, Fabricação de cimento","Sim","25/01/2018"
"Gerência Regional / GO","861585/2014","Requerimento de Cessão parcial","Requerimento de Lavra","86.924.701/0001-32","JOFEGE MINERACAO LTDA","VILA PROPÍCIO - GO","CALCÁRIO, CALCÁRIO DOLOMÍTICO","Corretivo de solo, Fabricação de cimento","Sim","08/09/2016"
"Gerência Regional / GO","861300/2010","Requerimento de Disponibilidade para lavra","Concessão de Lavra","86.924.701/0001-32","JOFEGE MINERACAO LTDA","VILA PROPÍCIO - GO","CALCÁRIO, CALCÁRIO DOLOMÍTICO, MINÉRIO DE OURO","Corretivo de solo, Corretivo de solo, Demais substâncias","Sim","29/03/2012"
"Gerência Regional / GO","860618/2017","Requerimento de Cessão parcial","Requerimento de Lavra","86.924.701/0001-32","JOFEGE MINERACAO LTDA","VILA PROPÍCIO - GO","CALCÁRIO","Fabricação de cimento","Sim","29/10/2018"
"Gerência Regional / GO","860617/2017","Requerimento de Cessão parcial","Requerimento de Lavra","86.924.701/0001-32","JOFEGE MINERACAO LTDA","VILA PROPÍCIO - GO","CALCÁRIO","Fabricação de cimento","Sim","29/10/2018"
"Gerência Regional / GO","860616/2017","Requerimento de Cessão parcial","Requerimento de Lavra","86.924.701/0001-32","JOFEGE MINERACAO LTDA","VILA PROPÍCIO - GO","CALCÁRIO","Fabricação de cimento","Sim","29/10/2018"
"Gerência Regional / GO","860615/2017","Requerimento de Cessão parcial","Requerimento de Lavra","86.924.701/0001-32","JOFEGE MINERACAO LTDA","VILA PROPÍCIO - GO","CALCÁRIO","Fabricação de cimento","Sim","29/10/2018"
"Gerência Regional / GO","860793/2019","Requerimento de Autorização de Pesquisa","Autorização de Pesquisa","***.067.938-**","GREGORIO VASSILIVE FERREIRA","JATAÍ - GO, RIO VERDE - GO","AREIA, DIAMANTE","Construção civil, Industrial","Sim","31/03/2023"
"Gerência Regional / GO","860974/2014","Requerimento de Lavra Garimpeira","Lavra Garimpeira","***.131.601-**","RUBENS MARTINS MOURAO","NIQUELÂNDIA - GO","QUARTZO","Artesanato  mineral","Sim","30/09/2020"
"Gerência Regional / TO","864597/2007","Requerimento de Autorização de Pesquisa","Autorização de Pesquisa","***.512.658-**","Adão Heleno Rodrigues","ARRAIAS - TO, PARANÃ - TO","MINÉRIO DE FERRO","Industrial","Sim","19/11/2008"
"Gerência Regional / GO","861249/1992","Requerimento de Autorização de Pesquisa","Concessão de Lavra","80.084.809/0001-88","COLORMINAS COLORIFICIO E MINERACAO LTDA","SANTO ANTÔNIO DO DESCOBERTO - GO","QUARTZITO","Demais substâncias","Sim","02/09/1996"
"Gerência Regional / GO","861234/1979","Requerimento de Autorização de Pesquisa","Requerimento de Lavra","80.084.809/0001-88","COLORMINAS COLORIFICIO E MINERACAO LTDA","TROMBAS - GO","CAULIM","Demais substâncias","Sim","04/07/2000"
"Gerência Regional / GO","860300/1993","Requerimento de Autorização de Pesquisa","Concessão de Lavra","80.084.809/0001-88","COLORMINAS COLORIFICIO E MINERACAO LTDA","SILVÂNIA - GO","ARGILA","Demais substâncias","Sim","26/08/1998"
"Gerência Regional / GO","861497/2016","Requerimento de Autorização de Pesquisa","Requerimento de Lavra","***.067.938-**","GREGORIO VASSILIVE FERREIRA","SÃO SIMÃO - GO","AREIA","Construção civil","Sim","21/08/2020"
"Gerência Regional / GO","861497/2016","Requerimento de Autorização de Pesquisa","Requerimento de Lavra","***.067.938-**","GREGORIO VASSILIVE FERREIRA","SÃO SIMÃO - GO","AREIA","Construção civil","Sim","21/08/2020"
"Gerência Regional / GO","861497/2016","Requerimento de Autorização de Pesquisa","Requerimento de Lavra","***.067.938-**","GREGORIO VASSILIVE FERREIRA","SÃO SIMÃO - GO","AREIA","Construção civil","Sim","21/08/2020"
"Gerência Regional / GO","861497/2016","Requerimento de Autorização de Pesquisa","Requerimento de Lavra","***.067.938-**","GREGORIO VASSILIVE FERREIRA","SÃO SIMÃO - GO","AREIA","Construção civil","Sim","21/08/2020"
"Gerência Regional / GO","861497/2016","Requerimento de Autorização de Pesquisa","Requerimento de Lavra","***.067.938-**","GREGORIO VASSILIVE FERREIRA","SÃO SIMÃO - GO","AREIA","Construção civil","Sim","21/08/2020"
"Gerência Regional / GO","861497/2016","Requerimento de Autorização de Pesquisa","Requerimento de Lavra","***.067.938-**","GREGORIO VASSILIVE FERREIRA","SÃO SIMÃO - GO","AREIA","Construção civil","Sim","21/08/2020"
"Gerência Regional / GO","861296/2015","Requerimento de Disponibilidade para pesquisa","Autorização de Pesquisa","***.131.601-**","RUBENS MARTINS MOURAO","ABADIA DE GOIÁS - GO, TRINDADE - GO","ILMENITA","Industrial","Sim","16/11/2020"
"Gerência Regional / GO","861051/1997","Requerimento de Autorização de Pesquisa","Autorização de Pesquisa","***.404.098-**","AURIBERTA ALVES DO NASCIMENTO CAMPOS SILVA","CAVALCANTE - GO","MINÉRIO DE OURO","Demais substâncias","Sim","14/11/2024"
"Gerência Regional / GO","860486/1990","Requerimento de Autorização de Pesquisa","Requerimento de Lavra","03.445.101/0001-64","MINERAÇÃO SOL NASCENTE DE CALDAS LTDA.","CALDAS NOVAS - GO","ÁGUA MINERAL","Demais substâncias","Sim","19/04/1999"
"Gerência Regional / GO","761051/1996","Requerimento de Autorização de Pesquisa","Requerimento de Lavra","80.084.809/0001-88","COLORMINAS COLORIFICIO E MINERACAO LTDA","MONTIVIDIU - GO","SILTITO","Demais substâncias","Sim","18/05/2004"
"Gerência Regional / GO","861249/1992","Requerimento de Autorização de Pesquisa","Concessão de Lavra","80.084.809/0001-88","COLORMINAS COLORIFICIO E MINERACAO LTDA","SANTO ANTÔNIO DO DESCOBERTO - GO","QUARTZITO","Demais substâncias","Sim","06/03/2002"
"Gerência Regional / GO","861236/1979","Requerimento de Autorização de Pesquisa","Concessão de Lavra","80.084.809/0001-88","COLORMINAS COLORIFICIO E MINERACAO LTDA","TROMBAS - GO","CAULIM","Demais substâncias","Sim","06/03/2002"
"Gerência Regional / GO","861234/1979","Requerimento de Autorização de Pesquisa","Requerimento de Lavra","80.084.809/0001-88","COLORMINAS COLORIFICIO E MINERACAO LTDA","TROMBAS - GO","CAULIM","Demais substâncias","Sim","18/05/2004"
"Gerência Regional / GO","860300/1993","Requerimento de Autorização de Pesquisa","Concessão de Lavra","80.084.809/0001-88","COLORMINAS COLORIFICIO E MINERACAO LTDA","SILVÂNIA - GO","ARGILA","Demais substâncias","Sim","18/05/2004"
"Gerência Regional / GO","860005/1978","Requerimento de Autorização de Pesquisa","Concessão de Lavra","80.084.809/0001-88","COLORMINAS COLORIFICIO E MINERACAO LTDA","PADRE BERNARDO - GO","FILITO","Demais substâncias","Sim","06/03/2002"
"Gerência Regional / GO","860448/2000","Requerimento de Autorização de Pesquisa","Concessão de Lavra","03.910.327/0001-99","PEDREIRA RIO CLARO LTDA","JATAÍ - GO","BASALTO","Construção civil","Sim","22/06/2001"
"Gerência Regional / GO","860478/1987","Requerimento de Autorização de Pesquisa","Autorização de Pesquisa","86.812.187/0001-43","QGB PARTICIPACOES S/A","JATAÍ - GO","ÁGUA MINERAL","Demais substâncias","Sim","14/11/1997"
"Gerência Regional / GO","860614/2017","Requerimento de Cessão parcial","Requerimento de Lavra","86.924.701/0001-32","JOFEGE MINERACAO LTDA","VILA PROPÍCIO - GO","CALCÁRIO","Fabricação de cimento","Sim","29/10/2018"
"Gerência Regional / GO","861497/2016","Requerimento de Autorização de Pesquisa","Requerimento de Lavra","***.067.938-**","GREGORIO VASSILIVE FERREIRA","SÃO SIMÃO - GO","AREIA","Construção civil","Sim","21/08/2020"
"Gerência Regional / GO","861213/2012","Requerimento de Lavra Garimpeira","Lavra Garimpeira","***.604.761-**","Ademir Martins Costa","CAMPOS VERDES - GO","ESMERALDA","Gema","Sim","19/02/2018"
"Gerência Regional / GO","860831/1991","Requerimento de Lavra Garimpeira","Lavra Garimpeira","***.115.037-**","TEMISTOCLES MOURA TORRES","CAMPOS VERDES - GO","ESMERALDA","Demais substâncias","Sim","06/05/2005"
"Gerência Regional / GO","861296/2015","Requerimento de Disponibilidade para pesquisa","Autorização de Pesquisa","***.131.601-**","RUBENS MARTINS MOURAO","ABADIA DE GOIÁS - GO, TRINDADE - GO","ILMENITA","Industrial","Sim","16/11/2020"
"Gerência Regional / GO","861051/1997","Requerimento de Autorização de Pesquisa","Autorização de Pesquisa","***.404.098-**","AURIBERTA ALVES DO NASCIMENTO CAMPOS SILVA","CAVALCANTE - GO","MINÉRIO DE OURO","Demais substâncias","Sim","27/05/2005"
"Gerência Regional / GO","860168/1990","Requerimento de Lavra Garimpeira","Lavra Garimpeira","03.081.840/0001-14","HELTON DE OLIVEIRA AGUIAR","FAINA - GO","OURO","Demais substâncias","Sim","23/03/2000"
"Gerência Regional / GO","861082/1987","Requerimento de Autorização de Pesquisa","Concessão de Lavra","03.117.381/0001-81","AFFEGO LTDA","CALDAS NOVAS - GO","ÁGUA MINERAL","Demais substâncias","Sim","01/12/1999"
"Gerência Regional / GO","860486/1990","Requerimento de Autorização de Pesquisa","Requerimento de Lavra","03.445.101/0001-64","MINERAÇÃO SOL NASCENTE DE CALDAS LTDA.","CALDAS NOVAS - GO","ÁGUA MINERAL","Demais substâncias","Sim","14/03/2000"
"Gerência Regional / GO","860660/2000","Requerimento de Autorização de Pesquisa","Concessão de Lavra","25.027.442/0001-52","Delvani Rodrigues de Souza Lima","PALMEIRAS DE GOIÁS - GO","ARGILA","Cerâmica vermelha","Sim","07/06/2001"
"Gerência Regional / GO","861340/2021","Requerimento de Lavra - Leilão","Requerimento de Lavra","03.910.327/0001-99","PEDREIRA RIO CLARO LTDA","JATAÍ - GO","BASALTO","Brita","Sim","07/10/2021"
"Gerência Regional / GO","860450/1999","Requerimento de Autorização de Pesquisa","Concessão de Lavra","02.683.168/0001-74","GRANIPI - COMERCIO E IND. LTDA","PIRANHAS - GO","GRANITO","Demais substâncias","Sim","19/02/2004"
"Gerência Regional / GO","860653/2018","Requerimento de Autorização de Pesquisa","Autorização de Pesquisa","04.760.993/0001-50","TOLEDO MINERACAO LTDA","CAVALCANTE - GO","QUARTZITO","Revestimento","Sim","08/03/2019"
"Gerência Regional / GO","860599/2018","Requerimento de Autorização de Pesquisa","Autorização de Pesquisa","04.760.993/0001-50","TOLEDO MINERACAO LTDA","CAMPINAÇU - GO","QUARTZITO","Revestimento","Sim","08/03/2019"
"Gerência Regional / GO","860382/2018","Requerimento de Autorização de Pesquisa","Autorização de Pesquisa","04.760.993/0001-50","TOLEDO MINERACAO LTDA","CAVALCANTE - GO","MINÉRIO DE OURO","Industrial","Sim","08/03/2019"
"Gerência Regional / GO","860381/2018","Requerimento de Autorização de Pesquisa","Autorização de Pesquisa","04.760.993/0001-50","TOLEDO MINERACAO LTDA","CAVALCANTE - GO","MINÉRIO DE OURO","Industrial","Sim","08/03/2019"
"Gerência Regional / GO","860484/2003","Requerimento de Autorização de Pesquisa","Requerimento de Lavra","05.778.572/0001-10","COMERCIO VAREJISTA E ATACADISTA DE MATERIAIS DE CONSTRUCAO LTDA","JATAÍ - GO","AREIA, ARGILA","Construção civil, Demais substâncias","Sim","16/09/2003"
"Gerência Regional / GO","860483/2016","Requerimento de Autorização de Pesquisa","Requerimento de Lavra","37.291.887/0001-24","VITACAL COMERCIO E REPRESENTACOES LIMITADA","INDIARA - GO","CALCÁRIO, FOSFATO, MÁRMORE","Fabricação de cimento, Fertilizantes, Industrial","Sim","15/03/2021"
"Gerência Regional / GO","860782/1999","Requerimento de Autorização de Pesquisa","Concessão de Lavra","03.438.630/0001-30","AREIA BARRA AZUL EXTRACAO E COMERCIO LTDA","CUMARI - GO","AREIA","Demais substâncias","Sim","22/12/2000"
"Gerência Regional / GO","860676/1999","Requerimento de Autorização de Pesquisa","Concessão de Lavra","03.438.630/0001-30","AREIA BARRA AZUL EXTRACAO E COMERCIO LTDA","CUMARI - GO","AREIA","Demais substâncias","Sim","22/12/2000"
"Gerência Regional / GO","860434/2001","Requerimento de Autorização de Pesquisa","Concessão de Lavra","04.261.672/0001-01","EBCBM LTDA","INDIARA - GO, JANDAIA - GO","AREIA","Construção civil","Sim","20/08/2001"
"Gerência Regional / GO","860433/2001","Requerimento de Autorização de Pesquisa","Concessão de Lavra","04.261.672/0001-01","EBCBM LTDA","INDIARA - GO, JANDAIA - GO","AREIA","Construção civil","Sim","20/08/2001"
"Gerência Regional / GO","860407/1998","Requerimento de Autorização de Pesquisa","Concessão de Lavra","06.978.870/0001-16","WESLEY JOSE DA SILVA","ARAGUARI - MG, CUMARI - GO","AREIA","Demais substâncias","Sim","16/05/2005"
"Gerência Regional / GO","860406/1998","Requerimento de Autorização de Pesquisa","Concessão de Lavra","06.978.870/0001-16","WESLEY JOSE DA SILVA","ARAGUARI - MG, CUMARI - GO","AREIA","Demais substâncias","Sim","28/10/2002"
"Gerência Regional / GO","860411/1998","Requerimento de Autorização de Pesquisa","Concessão de Lavra","06.978.870/0001-16","WESLEY JOSE DA SILVA","ARAGUARI - MG, CUMARI - GO","AREIA","Demais substâncias","Sim","03/06/2005"
"Gerência Regional / GO","860410/1998","Requerimento de Autorização de Pesquisa","Concessão de Lavra","06.978.870/0001-16","WESLEY JOSE DA SILVA","ARAGUARI - MG, CUMARI - GO","AREIA","Demais substâncias","Sim","04/10/2001"
"Gerência Regional / GO","860409/1998","Requerimento de Autorização de Pesquisa","Concessão de Lavra","06.978.870/0001-16","WESLEY JOSE DA SILVA","ARAGUARI - MG, CUMARI - GO","AREIA","Demais substâncias","Sim","28/10/2002"
"Gerência Regional / GO","860362/2000","Requerimento de Autorização de Pesquisa","Concessão de Lavra","07.478.600/0001-09","CERAMIKALYS INDUSTRIA CERAMICA E COMERCIO LTDA","COCALZINHO DE GOIÁS - GO","AREIA","Construção civil","Sim","22/12/2000"
"Gerência Regional / GO","861349/2007","Requerimento de Autorização de Pesquisa","Requerimento de Lavra","07.478.600/0001-09","CERAMIKALYS INDUSTRIA CERAMICA E COMERCIO LTDA","ÁGUAS LINDAS DE GOIÁS - GO, COCALZINHO DE GOIÁS - GO","AREIA, MINÉRIO DE OURO","Construção civil, Industrial","Sim","03/02/2015"
"Gerência Regional / GO","861349/2007","Requerimento de Autorização de Pesquisa","Requerimento de Lavra","07.478.600/0001-09","CERAMIKALYS INDUSTRIA CERAMICA E COMERCIO LTDA","ÁGUAS LINDAS DE GOIÁS - GO, COCALZINHO DE GOIÁS - GO","AREIA, MINÉRIO DE OURO","Construção civil, Industrial","Sim","24/05/2019"
"Gerência Regional / GO","860762/2003","Requerimento de Autorização de Pesquisa","Concessão de Lavra","07.478.600/0001-09","CERAMIKALYS INDUSTRIA CERAMICA E COMERCIO LTDA","ÁGUAS LINDAS DE GOIÁS - GO, COCALZINHO DE GOIÁS - GO","AREIA","Construção civil","Sim","14/01/2005"
"Gerência Regional / GO","861887/1994","Requerimento de Autorização de Pesquisa","Concessão de Lavra","03.991.800/0001-00","PEDRA BRITADA INDUSTRIA E COMERCIO LIMITADA","GOIANÁPOLIS - GO, TEREZÓPOLIS DE GOIÁS - GO","GRANULITO","Demais substâncias","Sim","11/12/1998"
"Gerência Regional / GO","861887/1994","Requerimento de Autorização de Pesquisa","Concessão de Lavra","03.991.800/0001-00","PEDRA BRITADA INDUSTRIA E COMERCIO LIMITADA","GOIANÁPOLIS - GO, TEREZÓPOLIS DE GOIÁS - GO","GRANULITO","Demais substâncias","Sim","19/02/2004"
"Gerência Regional / GO","860529/1997","Requerimento de Autorização de Pesquisa","Concessão de Lavra","03.899.875/0001-65","MINERADORA AREIA CRISTAL LTDA","CRISTALINA - GO","AREIA","Construção civil","Sim","10/04/2000"
"Gerência Regional / GO","860561/1998","Requerimento de Autorização de Pesquisa","Concessão de Lavra","04.075.924/0001-08","Brasília Mineração Indústria Comércio Exp. de Rochas e Metais Ltda.","MONTE ALEGRE DE GOIÁS - GO","GRANITO","Demais substâncias","Sim","08/08/2002"
"Gerência Regional / GO","860544/1999","Requerimento de Autorização de Pesquisa","Concessão de Lavra","00.063.878/0001-76","MINERACAO NOVO BRASIL GRANITOS EIRELI","JAUPACI - GO","GRANITO","Demais substâncias","Sim","05/04/2005"
"Gerência Regional / GO","860246/2001","Requerimento de Autorização de Pesquisa","Concessão de Lavra","26.898.916/0001-02","ARQUIMEDES & FIGUEIREDO LTDA","PIRENÓPOLIS - GO","QUARTZITO","Demais substâncias","Sim","11/03/2002"
"Gerência Regional / GO","860617/2016","Requerimento de Autorização de Pesquisa","Autorização de Pesquisa","***.314.771-**","JOSE PEDRO VAZ NETO","DAVINÓPOLIS - GO","AREIA, CASCALHO, DIAMANTE","Construção civil, Construção civil, Industrial","Sim","05/10/2020"
"Gerência Regional / GO","860617/2016","Requerimento de Autorização de Pesquisa","Autorização de Pesquisa","***.314.771-**","JOSE PEDRO VAZ NETO","DAVINÓPOLIS - GO","AREIA, CASCALHO, DIAMANTE","Construção civil, Construção civil, Industrial","Sim","05/10/2020"
"Gerência Regional / GO","860617/2016","Requerimento de Autorização de Pesquisa","Autorização de Pesquisa","***.314.771-**","JOSE PEDRO VAZ NETO","DAVINÓPOLIS - GO","AREIA, CASCALHO, DIAMANTE","Construção civil, Construção civil, Industrial","Sim","05/10/2020"
"Gerência Regional / GO","860408/1998","Requerimento de Autorização de Pesquisa","Concessão de Lavra","06.978.870/0001-16","WESLEY JOSE DA SILVA","ARAGUARI - MG, CUMARI - GO","AREIA","Demais substâncias","Sim","08/05/2008"
"Gerência Regional / GO","860457/2004","Requerimento de Autorização de Pesquisa","Concessão de Lavra","07.478.600/0001-09","CERAMIKALYS INDUSTRIA CERAMICA E COMERCIO LTDA","ÁGUAS LINDAS DE GOIÁS - GO, COCALZINHO DE GOIÁS - GO","AREIA, ARGILA, MINÉRIO DE OURO","Construção civil, Industrial, Industrial","Sim","06/09/2005"
"Gerência Regional / GO","860329/2002","Requerimento de Autorização de Pesquisa","Concessão de Lavra","05.163.702/0001-00","MG MINERACAO GREEN GOLD EIRELI","CRISTALINA - GO","AREIA, CASCALHO","Demais substâncias, Demais substâncias","Sim","17/12/2002"
"Gerência Regional / GO","860329/2002","Requerimento de Autorização de Pesquisa","Concessão de Lavra","05.163.702/0001-00","MG MINERACAO GREEN GOLD EIRELI","CRISTALINA - GO","AREIA, CASCALHO","Demais substâncias, Demais substâncias","Sim","27/10/2021"
"Gerência Regional / GO","860282/2004","Requerimento de Autorização de Pesquisa","Concessão de Lavra","05.163.702/0001-00","MG MINERACAO GREEN GOLD EIRELI","CRISTALINA - GO","AREIA, CASCALHO, QUARTZO","Construção civil, Construção civil, Industrial","Sim","20/07/2004"
"Gerência Regional / GO","860281/2004","Requerimento de Autorização de Pesquisa","Concessão de Lavra","05.163.702/0001-00","MG MINERACAO GREEN GOLD EIRELI","CRISTALINA - GO","AREIA, QUARTZO","Construção civil, Industrial","Sim","31/08/2006"
"Gerência Regional / GO","860134/1994","Requerimento de Autorização de Pesquisa","Requerimento de Lavra","05.163.702/0001-00","MG MINERACAO GREEN GOLD EIRELI","CRISTALINA - GO","AREIA, ARGILA, MÁRMORE, QUARTZITO, QUARTZO","Construção civil, Construção civil, Demais substâncias, Demais substâncias, Revestimento","Sim","23/01/2017"
"Gerência Regional / GO","860134/1994","Requerimento de Autorização de Pesquisa","Requerimento de Lavra","05.163.702/0001-00","MG MINERACAO GREEN GOLD EIRELI","CRISTALINA - GO","AREIA, ARGILA, MÁRMORE, QUARTZITO, QUARTZO","Construção civil, Construção civil, Demais substâncias, Demais substâncias, Revestimento","Sim","27/01/2015"
"Gerência Regional / GO","860134/1994","Requerimento de Autorização de Pesquisa","Requerimento de Lavra","05.163.702/0001-00","MG MINERACAO GREEN GOLD EIRELI","CRISTALINA - GO","AREIA, ARGILA, MÁRMORE, QUARTZITO, QUARTZO","Construção civil, Construção civil, Demais substâncias, Demais substâncias, Revestimento","Sim","08/09/2011"
"Gerência Regional / GO","860134/1994","Requerimento de Autorização de Pesquisa","Requerimento de Lavra","05.163.702/0001-00","MG MINERACAO GREEN GOLD EIRELI","CRISTALINA - GO","AREIA, ARGILA, MÁRMORE, QUARTZITO, QUARTZO","Construção civil, Construção civil, Demais substâncias, Demais substâncias, Revestimento","Sim","11/06/2014"
"Gerência Regional / GO","860134/1994","Requerimento de Autorização de Pesquisa","Requerimento de Lavra","05.163.702/0001-00","MG MINERACAO GREEN GOLD EIRELI","CRISTALINA - GO","AREIA, ARGILA, MÁRMORE, QUARTZITO, QUARTZO","Construção civil, Construção civil, Demais substâncias, Demais substâncias, Revestimento","Sim","03/06/2014"
"Gerência Regional / GO","860134/1994","Requerimento de Autorização de Pesquisa","Requerimento de Lavra","05.163.702/0001-00","MG MINERACAO GREEN GOLD EIRELI","CRISTALINA - GO","AREIA, ARGILA, MÁRMORE, QUARTZITO, QUARTZO","Construção civil, Construção civil, Demais substâncias, Demais substâncias, Revestimento","Sim","20/07/2004"
"Gerência Regional / GO","860134/1994","Requerimento de Autorização de Pesquisa","Requerimento de Lavra","05.163.702/0001-00","MG MINERACAO GREEN GOLD EIRELI","CRISTALINA - GO","AREIA, ARGILA, MÁRMORE, QUARTZITO, QUARTZO","Construção civil, Construção civil, Demais substâncias, Demais substâncias, Revestimento","Sim","18/12/2003"
"Gerência Regional / GO","860132/1994","Requerimento de Autorização de Pesquisa","Autorização de Pesquisa","05.163.702/0001-00","MG MINERACAO GREEN GOLD EIRELI","CRISTALINA - GO","MÁRMORE, QUARTZO","Demais substâncias, Demais substâncias","Sim","11/05/2017"
"Gerência Regional / GO","860132/1994","Requerimento de Autorização de Pesquisa","Autorização de Pesquisa","05.163.702/0001-00","MG MINERACAO GREEN GOLD EIRELI","CRISTALINA - GO","MÁRMORE, QUARTZO","Demais substâncias, Demais substâncias","Sim","10/04/2019"
"Gerência Regional / GO","860070/2001","Requerimento de Autorização de Pesquisa","Concessão de Lavra","05.163.702/0001-00","MG MINERACAO GREEN GOLD EIRELI","CRISTALINA - GO","AREIA","Demais substâncias","Sim","07/12/2009"
"Gerência Regional / GO","860070/2001","Requerimento de Autorização de Pesquisa","Concessão de Lavra","05.163.702/0001-00","MG MINERACAO GREEN GOLD EIRELI","CRISTALINA - GO","AREIA","Demais substâncias","Sim","30/09/2019"
"Gerência Regional / GO","860070/2001","Requerimento de Autorização de Pesquisa","Concessão de Lavra","05.163.702/0001-00","MG MINERACAO GREEN GOLD EIRELI","CRISTALINA - GO","AREIA","Demais substâncias","Sim","22/02/2006"
"Gerência Regional / GO","862216/2005","Requerimento de Autorização de Pesquisa","Concessão de Lavra","05.163.702/0001-00","MG MINERACAO GREEN GOLD EIRELI","CRISTALINA - GO","AREIA, QUARTZO","Construção civil, Industrial","Sim","24/05/2010"
"Gerência Regional / GO","861315/2003","Requerimento de Autorização de Pesquisa","Concessão de Lavra","05.163.702/0001-00","MG MINERACAO GREEN GOLD EIRELI","CRISTALINA - GO","AREIA","Demais substâncias","Sim","01/06/2004"
"Gerência Regional / GO","861315/2003","Requerimento de Autorização de Pesquisa","Concessão de Lavra","05.163.702/0001-00","MG MINERACAO GREEN GOLD EIRELI","CRISTALINA - GO","AREIA","Demais substâncias","Sim","13/05/2010"
"Gerência Regional / GO","861152/2003","Requerimento de Autorização de Pesquisa","Concessão de Lavra","05.163.702/0001-00","MG MINERACAO GREEN GOLD EIRELI","CRISTALINA - GO","AREIA","Construção civil","Sim","31/08/2006"
"Gerência Regional / GO","860725/2006","Requerimento de Autorização de Pesquisa","Concessão de Lavra","05.163.702/0001-00","MG MINERACAO GREEN GOLD EIRELI","CRISTALINA - GO","AREIA, QUARTZO","Construção civil, Industrial","Sim","04/05/2009"
"Gerência Regional / GO","860619/1998","Requerimento de Lavra Garimpeira","Requerimento de Lavra","05.163.702/0001-00","MG MINERACAO GREEN GOLD EIRELI","CRISTALINA - GO","AREIA, QUARTZO","Construção civil, Industrial","Sim","18/03/2008"
"Gerência Regional / GO","861204/2013","Requerimento de Cessão parcial","Concessão de Lavra","06.220.490/0001-18","Calcario Uruaçu Ltda","NIQUELÂNDIA - GO","CALCÁRIO, CALCÁRIO DOLOMÍTICO, MINÉRIO DE OURO","Corretivo de solo, Corretivo de solo, Industrial","Sim","13/06/2016"
"Gerência Regional / GO","861118/2021","Requerimento de Pesquisa - Leilão","Autorização de Pesquisa","06.220.490/0001-18","Calcario Uruaçu Ltda","NIQUELÂNDIA - GO","MINÉRIO DE OURO","Industrial","Sim","30/09/2024"
"Gerência Regional / GO","860811/2010","Requerimento de Autorização de Pesquisa","Concessão de Lavra","06.220.490/0001-18","Calcario Uruaçu Ltda","NIQUELÂNDIA - GO","CALCÁRIO, MINÉRIO DE OURO","Corretivo de solo, Industrial","Sim","09/08/2013"
"Gerência Regional / GO","860525/2004","Requerimento de Autorização de Pesquisa","Concessão de Lavra","06.220.490/0001-18","Calcario Uruaçu Ltda","NIQUELÂNDIA - GO","CALCÁRIO DOLOMÍTICO, DOLOMITO","Corretivo de solo, Corretivo de solo","Sim","22/09/2004"
"Gerência Regional / GO","860508/2013","Requerimento de Autorização de Pesquisa","Requerimento de Lavra","06.220.490/0001-18","Calcario Uruaçu Ltda","NIQUELÂNDIA - GO","CALCÁRIO DOLOMÍTICO, MINÉRIO DE OURO","Corretivo de solo, Industrial","Sim","08/03/2019"
"Gerência Regional / GO","860484/2003","Requerimento de Autorização de Pesquisa","Requerimento de Lavra","05.778.572/0001-10","COMERCIO VAREJISTA E ATACADISTA DE MATERIAIS DE CONSTRUCAO LTDA","JATAÍ - GO","AREIA, ARGILA","Construção civil, Demais substâncias","Sim","07/01/2005"
"Gerência Regional / GO","861551/2011","Requerimento de Autorização de Pesquisa","Concessão de Lavra","05.778.572/0001-10","COMERCIO VAREJISTA E ATACADISTA DE MATERIAIS DE CONSTRUCAO LTDA","SERRANÓPOLIS - GO","AREIA, MINÉRIO DE OURO","Construção civil, Industrial","Sim","15/09/2014"
"Gerência Regional / GO","860973/2006","Requerimento de Autorização de Pesquisa","Direito de Requerer a Lavra","05.778.572/0001-10","COMERCIO VAREJISTA E ATACADISTA DE MATERIAIS DE CONSTRUCAO LTDA","JATAÍ - GO","AREIA, MINÉRIO DE OURO","Construção civil, Industrial","Sim","11/12/2009"
"Gerência Regional / GO","860881/2014","Requerimento de Cessão parcial","Requerimento de Lavra","05.778.572/0001-10","COMERCIO VAREJISTA E ATACADISTA DE MATERIAIS DE CONSTRUCAO LTDA","SERRANÓPOLIS - GO","AREIA","Construção civil","Sim","28/12/2017"
"Gerência Regional / GO","861240/2021","Requerimento de Autorização de Pesquisa","Autorização de Pesquisa","***.886.967-**","DELIO NUNES DE JESUS","CACHOEIRA DE GOIÁS - GO","CALCÁRIO, MINÉRIO DE OURO","Corretivo de solo, Industrial","Sim","19/09/2024"
"Gerência Regional / GO","860988/2023","Requerimento de Cessão parcial","Autorização de Pesquisa","***.886.967-**","DELIO NUNES DE JESUS","CACHOEIRA DE GOIÁS - GO","CALCÁRIO, MINÉRIO DE OURO","Corretivo de solo, Industrial","Sim","09/06/2026"
"Gerência Regional / GO","860063/2002","Requerimento de Autorização de Pesquisa","Concessão de Lavra","21.962.006/0001-10","Loguiminas Serviços e Mineração Ltda","GUARANI DE GOIÁS - GO","DOLOMITO","Demais substâncias","Sim","29/08/2007"
"Gerência Regional / MG","832887/2010","Requerimento de Autorização de Pesquisa","Requerimento de Lavra","02.176.213/0001-02","Areia Bergamo Araguari Ltda","CORUMBAÍBA - GO","AREIA, CASCALHO, DIAMANTE","Construção civil, Construção civil, Industrial","Sim","11/10/2016"
"Gerência Regional / MG","830675/2014","Requerimento de Cessão parcial","Requerimento de Lavra","02.176.213/0001-02","Areia Bergamo Araguari Ltda","ARAGUARI - MG, CORUMBAÍBA - GO","AREIA, CASCALHO, DIAMANTE","Construção civil, Construção civil, Industrial","Sim","31/10/2022"
"Gerência Regional / GO","860122/2019","Requerimento de Autorização de Pesquisa","Autorização de Pesquisa","37.291.887/0001-24","VITACAL COMERCIO E REPRESENTACOES LIMITADA","MIMOSO DE GOIÁS - GO","CALCÁRIO, CALCÁRIO","Corretivo de solo, Fabricação de cimento","Sim","04/11/2019"
"Gerência Regional / GO","860040/2004","Requerimento de Autorização de Pesquisa","Requerimento de Lavra","37.291.887/0001-24","VITACAL COMERCIO E REPRESENTACOES LIMITADA","CEZARINA - GO","CALCÁRIO CALCÍTICO, MINÉRIO DE OURO","Brita, Industrial","Sim","07/04/2005"
"Gerência Regional / GO","860738/2003","Requerimento de Autorização de Pesquisa","Requerimento de Lavra","37.291.887/0001-24","VITACAL COMERCIO E REPRESENTACOES LIMITADA","ANICUNS - GO","MINÉRIO DE OURO","Industrial","Sim","05/11/2003"
"Gerência Regional / GO","860483/2016","Requerimento de Autorização de Pesquisa","Requerimento de Lavra","37.291.887/0001-24","VITACAL COMERCIO E REPRESENTACOES LIMITADA","INDIARA - GO","CALCÁRIO, FOSFATO, MÁRMORE","Fabricação de cimento, Fertilizantes, Industrial","Sim","28/08/2019"
"Gerência Regional / GO","860124/2019","Requerimento de Autorização de Pesquisa","Autorização de Pesquisa","37.291.887/0001-24","VITACAL COMERCIO E REPRESENTACOES LIMITADA","PIRENÓPOLIS - GO, VILA PROPÍCIO - GO","CALCÁRIO, CALCÁRIO, FOSFATO","Corretivo de solo, Fabricação de cimento, Fertilizantes","Sim","04/11/2019"
"Gerência Regional / GO","861597/2013","Requerimento de Autorização de Pesquisa","Autorização de Pesquisa","03.438.630/0001-30","AREIA BARRA AZUL EXTRACAO E COMERCIO LTDA","CACHOEIRA DOURADA - GO, CACHOEIRA DOURADA - MG, ITUMBIARA - GO","AREIA, DIAMANTE","Construção civil, Industrial","Sim","06/10/2016"
"Gerência Regional / GO","860782/1999","Requerimento de Autorização de Pesquisa","Concessão de Lavra","03.438.630/0001-30","AREIA BARRA AZUL EXTRACAO E COMERCIO LTDA","CUMARI - GO","AREIA","Demais substâncias","Sim","22/02/2006"
"Gerência Regional / GO","860676/1999","Requerimento de Autorização de Pesquisa","Concessão de Lavra","03.438.630/0001-30","AREIA BARRA AZUL EXTRACAO E COMERCIO LTDA","CUMARI - GO","AREIA","Demais substâncias","Sim","02/06/2005"
"Gerência Regional / GO","860309/2004","Requerimento de Autorização de Pesquisa","Requerimento de Lavra","03.438.630/0001-30","AREIA BARRA AZUL EXTRACAO E COMERCIO LTDA","ARAGUARI - MG, CUMARI - GO","AREIA, CASCALHO, DIAMANTE INDUSTRIAL","Construção civil, Construção civil, Industrial","Sim","04/05/2009"
"Gerência Regional / GO","860302/1993","Requerimento de Autorização de Pesquisa","Concessão de Lavra","02.718.764/0001-42","MINERAÇÃO ARARAS LTDA","PIRENÓPOLIS - GO","QUARTZITO","Demais substâncias","Sim","20/03/2000"
"Gerência Regional / GO","860136/2003","Requerimento de Autorização de Pesquisa","Concessão de Lavra","04.261.672/0001-01","EBCBM LTDA","JANDAIA - GO","AREIA","Construção civil","Sim","15/05/2003"
"Gerência Regional / GO","860135/2003","Requerimento de Autorização de Pesquisa","Concessão de Lavra","04.261.672/0001-01","EBCBM LTDA","INDIARA - GO, JANDAIA - GO","AREIA","Construção civil","Sim","15/05/2003"
"Gerência Regional / GO","861178/2000","Requerimento de Autorização de Pesquisa","Concessão de Lavra","04.261.672/0001-01","EBCBM LTDA","INDIARA - GO, JANDAIA - GO","AREIA, MINÉRIO DE OURO","Construção civil, Metalurgia","Sim","01/07/2003"
"Gerência Regional / GO","860437/2001","Requerimento de Autorização de Pesquisa","Concessão de Lavra","04.261.672/0001-01","EBCBM LTDA","INDIARA - GO, JANDAIA - GO","AREIA","Construção civil","Sim","20/08/2001"
"Gerência Regional / GO","860436/2001","Requerimento de Autorização de Pesquisa","Concessão de Lavra","04.261.672/0001-01","EBCBM LTDA","INDIARA - GO, JANDAIA - GO","AREIA","Construção civil","Sim","20/08/2001"
"Gerência Regional / GO","860435/2001","Requerimento de Autorização de Pesquisa","Concessão de Lavra","04.261.672/0001-01","EBCBM LTDA","INDIARA - GO, JANDAIA - GO","AREIA","Construção civil","Sim","20/08/2001"
"Gerência Regional / GO","860434/2001","Requerimento de Autorização de Pesquisa","Concessão de Lavra","04.261.672/0001-01","EBCBM LTDA","INDIARA - GO, JANDAIA - GO","AREIA","Construção civil","Sim","22/02/2013"
"Gerência Regional / GO","860433/2001","Requerimento de Autorização de Pesquisa","Concessão de Lavra","04.261.672/0001-01","EBCBM LTDA","INDIARA - GO, JANDAIA - GO","AREIA","Construção civil","Sim","22/02/2013"
"Gerência Regional / GO","860275/2002","Requerimento de Autorização de Pesquisa","Requerimento de Lavra","04.656.140/0001-73","RS TREINAMENTO E CONSULTORIA LTDA","PIRENÓPOLIS - GO","MINÉRIO DE OURO","Industrial","Sim","19/06/2007"
"Gerência Regional / GO","860048/2002","Requerimento de Autorização de Pesquisa","Requerimento de Lavra","04.656.140/0001-73","RS TREINAMENTO E CONSULTORIA LTDA","GOIANÁPOLIS - GO, GOIÂNIA - GO","GNAISSE","Demais substâncias","Sim","05/04/2007"
"Gerência Regional / GO","860873/2001","Requerimento de Autorização de Pesquisa","Direito de Requerer a Lavra","04.656.140/0001-73","RS TREINAMENTO E CONSULTORIA LTDA","GOIÂNIA - GO, SENADOR CANEDO - GO","AREIA, MINÉRIO DE OURO","Construção civil, Industrial","Sim","19/06/2007"
"Gerência Regional / GO","860407/1998","Requerimento de Autorização de Pesquisa","Concessão de Lavra","06.978.870/0001-16","WESLEY JOSE DA SILVA","ARAGUARI - MG, CUMARI - GO","AREIA","Demais substâncias","Sim","28/10/2002"
"Gerência Regional / GO","860406/1998","Requerimento de Autorização de Pesquisa","Concessão de Lavra","06.978.870/0001-16","WESLEY JOSE DA SILVA","ARAGUARI - MG, CUMARI - GO","AREIA","Demais substâncias","Sim","03/06/2005"
"Gerência Regional / GO","860764/1995","Requerimento de Autorização de Pesquisa","Concessão de Lavra","06.978.870/0001-16","WESLEY JOSE DA SILVA","ARAGUARI - MG, CUMARI - GO","AREIA","Construção civil","Sim","20/03/2000"
"Gerência Regional / GO","860411/1998","Requerimento de Autorização de Pesquisa","Concessão de Lavra","06.978.870/0001-16","WESLEY JOSE DA SILVA","ARAGUARI - MG, CUMARI - GO","AREIA","Demais substâncias","Sim","04/10/2001"
"Gerência Regional / GO","860410/1998","Requerimento de Autorização de Pesquisa","Concessão de Lavra","06.978.870/0001-16","WESLEY JOSE DA SILVA","ARAGUARI - MG, CUMARI - GO","AREIA","Demais substâncias","Sim","03/06/2005"
"Gerência Regional / GO","860409/1998","Requerimento de Autorização de Pesquisa","Concessão de Lavra","06.978.870/0001-16","WESLEY JOSE DA SILVA","ARAGUARI - MG, CUMARI - GO","AREIA","Demais substâncias","Sim","03/06/2005"
"Gerência Regional / GO","860416/2004","Requerimento de Autorização de Pesquisa","Concessão de Lavra","07.478.600/0001-09","CERAMIKALYS INDUSTRIA CERAMICA E COMERCIO LTDA","COCALZINHO DE GOIÁS - GO","ARGILA","Demais substâncias","Sim","29/03/2006"
"Gerência Regional / GO","860362/2000","Requerimento de Autorização de Pesquisa","Concessão de Lavra","07.478.600/0001-09","CERAMIKALYS INDUSTRIA CERAMICA E COMERCIO LTDA","COCALZINHO DE GOIÁS - GO","AREIA","Construção civil","Sim","22/07/2019"
"Gerência Regional / GO","862091/2008","Requerimento de Autorização de Pesquisa","Concessão de Lavra","07.478.600/0001-09","CERAMIKALYS INDUSTRIA CERAMICA E COMERCIO LTDA","PADRE BERNARDO - GO","ARGILA, MINÉRIO DE OURO","Industrial, Industrial","Sim","28/10/2011"
"Gerência Regional / GO","861349/2007","Requerimento de Autorização de Pesquisa","Requerimento de Lavra","07.478.600/0001-09","CERAMIKALYS INDUSTRIA CERAMICA E COMERCIO LTDA","ÁGUAS LINDAS DE GOIÁS - GO, COCALZINHO DE GOIÁS - GO","AREIA, MINÉRIO DE OURO","Construção civil, Industrial","Sim","08/03/2019"
"Gerência Regional / GO","860762/2003","Requerimento de Autorização de Pesquisa","Concessão de Lavra","07.478.600/0001-09","CERAMIKALYS INDUSTRIA CERAMICA E COMERCIO LTDA","ÁGUAS LINDAS DE GOIÁS - GO, COCALZINHO DE GOIÁS - GO","AREIA","Construção civil","Sim","30/09/2019"
"Gerência Regional / GO","860712/2005","Requerimento de Autorização de Pesquisa","Concessão de Lavra","07.478.600/0001-09","CERAMIKALYS INDUSTRIA CERAMICA E COMERCIO LTDA","ÁGUAS LINDAS DE GOIÁS - GO, COCALZINHO DE GOIÁS - GO","ARGILA, CALCÁRIO, MINÉRIO DE OURO, QUARTZITO","Fabricação de cimento, Industrial, Industrial, Industrial","Sim","04/10/2005"
"Gerência Regional / GO","860188/1999","Requerimento de Autorização de Pesquisa","Concessão de Lavra","03.304.233/0001-76","INDUSTRIA E COMERCIO DE BEBIDAS PANOFF LTDA","MARZAGÃO - GO","ÁGUA MINERAL","Demais substâncias","Sim","16/05/2003"
"Gerência Regional / GO","861887/1994","Requerimento de Autorização de Pesquisa","Concessão de Lavra","03.991.800/0001-00","PEDRA BRITADA INDUSTRIA E COMERCIO LIMITADA","GOIANÁPOLIS - GO, TEREZÓPOLIS DE GOIÁS - GO","GRANULITO","Demais substâncias","Sim","01/10/2002"
"Gerência Regional / GO","860820/2000","Requerimento de Autorização de Pesquisa","Concessão de Lavra","05.929.196/0001-17","CAIAPO INDUSTRIA E COMERCIO DE AGUA MINERAL LTDA","JATAÍ - GO","ÁGUA MINERAL","Engarrafamento","Sim","19/02/2004"
"Gerência Regional / GO","860086/1989","Requerimento de Autorização de Pesquisa","Concessão de Lavra","05.979.543/0001-16","PEDREIRA ANAPOLIS LTDA","ANÁPOLIS - GO","GNAISSE","Demais substâncias","Sim","05/03/2004"
"Gerência Regional / GO","860099/2001","Requerimento de Autorização de Pesquisa","Concessão de Lavra","16.002.933/0001-58","C. DO V. ROCHELLE - MINERADORA DO VALE","RIO VERDE - GO","ÁGUA MINERAL","Industrial","Sim","23/06/2004"
"Gerência Regional / GO","860164/2019","Requerimento de Autorização de Pesquisa","Autorização de Pesquisa","06.220.490/0001-18","Calcario Uruaçu Ltda","URUAÇU - GO","MINÉRIO DE CHUMBO, MINÉRIO DE ZINCO","Industrial, Industrial","Sim","01/02/2023"
"Gerência Regional / GO","860688/2006","Requerimento de Autorização de Pesquisa","Requerimento de Lavra","05.778.572/0001-10","COMERCIO VAREJISTA E ATACADISTA DE MATERIAIS DE CONSTRUCAO LTDA","JATAÍ - GO","AREIA, DIAMANTE, MINÉRIO DE OURO","Construção civil, Industrial, Industrial","Sim","16/07/2009"
"Gerência Regional / GO","860037/2015","Requerimento de Autorização de Pesquisa","Concessão de Lavra","00.266.761/0001-90","MINERACAO ALAZAO LTDA","MONTIVIDIU DO NORTE - GO","GRANITO","Revestimento","Sim","06/10/2016"
"Gerência Regional / GO","860076/2004","Requerimento de Autorização de Pesquisa","Concessão de Lavra","21.962.006/0001-10","Loguiminas Serviços e Mineração Ltda","SÃO DOMINGOS - GO","DOLOMITO","Demais substâncias","Sim","22/03/2007"
"Gerência Regional / GO","862112/2011","Requerimento de Disponibilidade para pesquisa","Requerimento de Lavra","07.439.248/0001-00","Rony Felix Rodovalho Me","ABADIA DOS DOURADOS - MG, DAVINÓPOLIS - GO","AREIA, CASCALHO, DIAMANTE","Construção civil, Construção civil, Gema","Sim","14/06/2017"
"Gerência Regional / GO","860123/2019","Requerimento de Autorização de Pesquisa","Autorização de Pesquisa","37.291.887/0001-24","VITACAL COMERCIO E REPRESENTACOES LIMITADA","MIMOSO DE GOIÁS - GO","CALCÁRIO, CALCÁRIO","Corretivo de solo, Fabricação de cimento","Sim","04/11/2019"
"Gerência Regional / GO","860308/2004","Requerimento de Autorização de Pesquisa","Concessão de Lavra","03.438.630/0001-30","AREIA BARRA AZUL EXTRACAO E COMERCIO LTDA","ARAGUARI - MG, CUMARI - GO","AREIA, CASCALHO, DIAMANTE INDUSTRIAL","Construção civil, Construção civil, Industrial","Sim","04/05/2009"
"Gerência Regional / GO","860303/1993","Requerimento de Autorização de Pesquisa","Concessão de Lavra","02.718.764/0001-42","MINERAÇÃO ARARAS LTDA","PIRENÓPOLIS - GO","QUARTZITO","Demais substâncias","Sim","20/03/2000"
"Gerência Regional / GO","860694/2004","Requerimento de Autorização de Pesquisa","Concessão de Lavra","37.637.063/0001-63","SAN SEBASTIAN EMPREENDIMENTOS GERAIS LTDA","HIDROLÂNDIA - GO","ÁGUA MINERAL","Industrial","Sim","04/08/2006"
"Gerência Regional / GO","860003/2017","Requerimento de Autorização de Pesquisa","Autorização de Pesquisa","***.313.381-**","SALVADOR RODRIGUES SOBRINHO","CAVALCANTE - GO, MINAÇU - GO","MINÉRIO DE OURO","Industrial","Sim","13/11/2019"
"Gerência Regional / GO","860529/1997","Requerimento de Autorização de Pesquisa","Concessão de Lavra","03.899.875/0001-65","MINERADORA AREIA CRISTAL LTDA","CRISTALINA - GO","AREIA","Construção civil","Sim","28/09/2000"
"Gerência Regional / GO","860561/1998","Requerimento de Autorização de Pesquisa","Concessão de Lavra","04.075.924/0001-08","Brasília Mineração Indústria Comércio Exp. de Rochas e Metais Ltda.","MONTE ALEGRE DE GOIÁS - GO","GRANITO","Demais substâncias","Sim","21/11/2000"
"Gerência Regional / GO","860544/1999","Requerimento de Autorização de Pesquisa","Concessão de Lavra","00.063.878/0001-76","MINERACAO NOVO BRASIL GRANITOS EIRELI","JAUPACI - GO","GRANITO","Demais substâncias","Sim","21/02/2013"
"Gerência Regional / GO","860246/2001","Requerimento de Autorização de Pesquisa","Concessão de Lavra","26.898.916/0001-02","ARQUIMEDES & FIGUEIREDO LTDA","PIRENÓPOLIS - GO","QUARTZITO","Demais substâncias","Sim","18/12/2003"
"Gerência Regional / GO","860432/2001","Requerimento de Autorização de Pesquisa","Concessão de Lavra","04.261.672/0001-01","EBCBM LTDA","INDIARA - GO, JANDAIA - GO","AREIA","Construção civil","Sim","20/08/2001"
"Gerência Regional / GO","860617/2016","Requerimento de Autorização de Pesquisa","Autorização de Pesquisa","***.314.771-**","JOSE PEDRO VAZ NETO","DAVINÓPOLIS - GO","AREIA, CASCALHO, DIAMANTE","Construção civil, Construção civil, Industrial","Sim","05/10/2020"
"Gerência Regional / GO","860175/2004","Requerimento de Autorização de Pesquisa","Requerimento de Lavra","***.390.201-**","LUIZ HUMBERTO DE OLIVEIRA","VICENTINÓPOLIS - GO","BASALTO","Revestimento","Sim","07/10/2011"
"Gerência Regional / GO","860705/2018","Requerimento de Autorização de Pesquisa","Autorização de Pesquisa","***.525.571-**","LENISMAR CABRAL DE OLIVEIRA","CATALÃO - GO","FOSFATO","Fertilizantes","Sim","01/02/2023"
"Gerência Regional / GO","860700/2000","Requerimento de Autorização de Pesquisa","Concessão de Lavra","04.752.475/0001-95","COMERCIO E ENGARRAFAMENTO DE AGUA MINERAL SARA LTDA","GOIÁS - GO","ÁGUA MINERAL","Industrial","Sim","05/11/2003"
"Gerência Regional / GO","860183/2001","Requerimento de Autorização de Pesquisa","Concessão de Lavra","02.319.226/0001-85","AGUA SANTA EMPREENDIMENTOS LTDA","ARAGARÇAS - GO","ÁGUA MINERAL","Balneoterapia","Sim","09/03/2005"
"Gerência Regional / GO","860276/2002","Requerimento de Autorização de Pesquisa","Requerimento de Lavra","04.656.140/0001-73","RS TREINAMENTO E CONSULTORIA LTDA","PIRENÓPOLIS - GO","MINÉRIO DE OURO","Industrial","Sim","19/04/2007"
"Gerência Regional / GO","860985/2004","Requerimento de Autorização de Pesquisa","Concessão de Lavra","06.137.876/0001-60","TRANSAREIA LTDA","CACHOEIRA DOURADA - GO, CAPINÓPOLIS - MG","AREIA, CASCALHO","Construção civil, Demais substâncias","Sim","14/01/2005"
"Gerência Regional / GO","861155/2003","Requerimento de Autorização de Pesquisa","Concessão de Lavra","07.191.574/0001-33","MARIZA AGUAS MINERAIS LTDA","HIDROLÂNDIA - GO","ÁGUA MINERAL","Industrial","Sim","07/04/2005"
"Gerência Regional / GO","860408/1998","Requerimento de Autorização de Pesquisa","Concessão de Lavra","06.978.870/0001-16","WESLEY JOSE DA SILVA","ARAGUARI - MG, CUMARI - GO","AREIA","Demais substâncias","Sim","10/06/2002"
"Gerência Regional / GO","860457/2004","Requerimento de Autorização de Pesquisa","Concessão de Lavra","07.478.600/0001-09","CERAMIKALYS INDUSTRIA CERAMICA E COMERCIO LTDA","ÁGUAS LINDAS DE GOIÁS - GO, COCALZINHO DE GOIÁS - GO","AREIA, ARGILA, MINÉRIO DE OURO","Construção civil, Industrial, Industrial","Sim","27/12/2023"
"Gerência Regional / GO","860700/2022","Requerimento de Autorização de Pesquisa","Autorização de Pesquisa","***.422.971-**","GERSON MARTINS DA COSTA NETO","VILA PROPÍCIO - GO","OURO","Industrial","Sim","28/04/2023"
"Gerência Regional / GO","860329/2002","Requerimento de Autorização de Pesquisa","Concessão de Lavra","05.163.702/0001-00","MG MINERACAO GREEN GOLD EIRELI","CRISTALINA - GO","AREIA, CASCALHO","Demais substâncias, Demais substâncias","Sim","14/09/2009"
"Gerência Regional / GO","860282/2004","Requerimento de Autorização de Pesquisa","Concessão de Lavra","05.163.702/0001-00","MG MINERACAO GREEN GOLD EIRELI","CRISTALINA - GO","AREIA, CASCALHO, QUARTZO","Construção civil, Construção civil, Industrial","Sim","31/08/2006"
"Gerência Regional / GO","860281/2004","Requerimento de Autorização de Pesquisa","Concessão de Lavra","05.163.702/0001-00","MG MINERACAO GREEN GOLD EIRELI","CRISTALINA - GO","AREIA, QUARTZO","Construção civil, Industrial","Sim","01/06/2004"
"Gerência Regional / GO","860134/1994","Requerimento de Autorização de Pesquisa","Requerimento de Lavra","05.163.702/0001-00","MG MINERACAO GREEN GOLD EIRELI","CRISTALINA - GO","AREIA, ARGILA, MÁRMORE, QUARTZITO, QUARTZO","Construção civil, Construção civil, Demais substâncias, Demais substâncias, Revestimento","Sim","17/07/2003"
"Gerência Regional / GO","860132/1994","Requerimento de Autorização de Pesquisa","Autorização de Pesquisa","05.163.702/0001-00","MG MINERACAO GREEN GOLD EIRELI","CRISTALINA - GO","MÁRMORE, QUARTZO","Demais substâncias, Demais substâncias","Sim","13/05/2022"
"Gerência Regional / GO","860070/2001","Requerimento de Autorização de Pesquisa","Concessão de Lavra","05.163.702/0001-00","MG MINERACAO GREEN GOLD EIRELI","CRISTALINA - GO","AREIA","Demais substâncias","Sim","01/06/2004"
"Gerência Regional / GO","862216/2005","Requerimento de Autorização de Pesquisa","Concessão de Lavra","05.163.702/0001-00","MG MINERACAO GREEN GOLD EIRELI","CRISTALINA - GO","AREIA, QUARTZO","Construção civil, Industrial","Sim","30/09/2019"
"Gerência Regional / GO","861747/2011","Requerimento de Cessão parcial","Concessão de Lavra","05.163.702/0001-00","MG MINERACAO GREEN GOLD EIRELI","CRISTALINA - GO","AREIA","Construção civil","Sim","18/04/2013"
"Gerência Regional / GO","861315/2003","Requerimento de Autorização de Pesquisa","Concessão de Lavra","05.163.702/0001-00","MG MINERACAO GREEN GOLD EIRELI","CRISTALINA - GO","AREIA","Demais substâncias","Sim","30/09/2019"
"Gerência Regional / GO","861152/2003","Requerimento de Autorização de Pesquisa","Concessão de Lavra","05.163.702/0001-00","MG MINERACAO GREEN GOLD EIRELI","CRISTALINA - GO","AREIA","Construção civil","Sim","27/10/2021"
"Gerência Regional / GO","860725/2006","Requerimento de Autorização de Pesquisa","Concessão de Lavra","05.163.702/0001-00","MG MINERACAO GREEN GOLD EIRELI","CRISTALINA - GO","AREIA, QUARTZO","Construção civil, Industrial","Sim","01/07/2015"
"Gerência Regional / GO","860619/1998","Requerimento de Lavra Garimpeira","Requerimento de Lavra","05.163.702/0001-00","MG MINERACAO GREEN GOLD EIRELI","CRISTALINA - GO","AREIA, QUARTZO","Construção civil, Industrial","Sim","04/03/2013"
"Gerência Regional / GO","860583/2006","Requerimento de Lavra Garimpeira","Concessão de Lavra","05.163.702/0001-00","MG MINERACAO GREEN GOLD EIRELI","CRISTALINA - GO","AREIA, QUARTZO","Construção civil, Gema","Sim","24/05/2010"
"Gerência Regional / GO","860492/2014","Requerimento de Cessão parcial","Requerimento de Lavra","05.163.702/0001-00","MG MINERACAO GREEN GOLD EIRELI","CRISTALINA - GO","AREIA, QUARTZITO","Brita, Construção civil","Sim","23/01/2017"
"Gerência Regional / GO","860435/2014","Requerimento de Cessão parcial","Concessão de Lavra","05.163.702/0001-00","MG MINERACAO GREEN GOLD EIRELI","CRISTALINA - GO","AREIA, QUARTZITO","Brita, Construção civil","Sim","23/01/2017"
"Gerência Regional / GO","860434/2014","Requerimento de Cessão parcial","Concessão de Lavra","05.163.702/0001-00","MG MINERACAO GREEN GOLD EIRELI","CRISTALINA - GO","AREIA, CASCALHO, QUARTZITO","Brita, Construção civil, Construção civil","Sim","23/01/2017"
"Gerência Regional / GO","860460/2003","Requerimento de Autorização de Pesquisa","Concessão de Lavra","08.528.222/0001-93","BRITAGRAN BRITAS E GRANITOS MINERADORA LTDA","NOVA VENEZA - GO","GRANITO, GRANITO P/ REVESTIMENTO","Revestimento, Revestimento","Sim","22/03/2007"
"Gerência Regional / GO","860237/2001","Requerimento de Autorização de Pesquisa","Concessão de Lavra","08.528.222/0001-93","BRITAGRAN BRITAS E GRANITOS MINERADORA LTDA","NOVA VENEZA - GO","GNAISSE","Demais substâncias","Sim","22/09/2003"
"Gerência Regional / GO","860237/2001","Requerimento de Autorização de Pesquisa","Concessão de Lavra","08.528.222/0001-93","BRITAGRAN BRITAS E GRANITOS MINERADORA LTDA","NOVA VENEZA - GO","GNAISSE","Demais substâncias","Sim","21/03/2007"
"Gerência Regional / GO","860875/2006","Requerimento de Autorização de Pesquisa","Requerimento de Lavra","08.164.804/0001-38","LMF IRMAOS EXTRACAO COMERCIO E TRANSPORTE DE AREIA LTDA","PIRES DO RIO - GO, URUTAÍ - GO","AREIA, CASCALHO","Construção civil, Construção civil","Sim","05/06/2008"
"Gerência Regional / GO","860902/2013","Requerimento de Cessão parcial","Requerimento de Lavra","05.036.167/0001-26","SEBA COMERCIO E INDUSTRIA LTDA","CALDAS NOVAS - GO, IPAMERI - GO","AREIA","Construção civil","Sim","06/10/2016"
"Gerência Regional / GO","860896/2013","Requerimento de Cessão parcial","Requerimento de Lavra","05.036.167/0001-26","SEBA COMERCIO E INDUSTRIA LTDA","CALDAS NOVAS - GO, IPAMERI - GO","AREIA","Construção civil","Sim","24/12/2013"
"Gerência Regional / GO","861555/2011","Requerimento de Autorização de Pesquisa","Requerimento de Lavra","05.036.167/0001-26","SEBA COMERCIO E INDUSTRIA LTDA","CALDAS NOVAS - GO, IPAMERI - GO","AREIA, MINÉRIO DE OURO","Construção civil, Industrial","Sim","06/10/2016"
"Gerência Regional / GO","861550/2011","Requerimento de Autorização de Pesquisa","Requerimento de Lavra","05.036.167/0001-26","SEBA COMERCIO E INDUSTRIA LTDA","CALDAS NOVAS - GO, IPAMERI - GO","AREIA, MINÉRIO DE OURO","Construção civil, Industrial","Sim","24/06/2013"
"Gerência Regional / GO","860244/2017","Requerimento de Autorização de Pesquisa","Autorização de Pesquisa","03.888.604/0001-04","MINERADORA DE CALCARIO SERRA DOURADA LTDA","CAMPINAÇU - GO","CALCÁRIO","Fabricação de cimento","Sim","04/05/2020"
"Gerência Regional / GO","862291/2011","Requerimento de Autorização de Pesquisa","Autorização de Pesquisa","04.416.339/0001-24","MARBELLE BRAZIL LTDA","PORANGATU - GO","MINÉRIO DE OURO","Industrial","Sim","29/05/2015"
"Gerência Regional / GO","862291/2011","Requerimento de Autorização de Pesquisa","Autorização de Pesquisa","04.416.339/0001-24","MARBELLE BRAZIL LTDA","PORANGATU - GO","MINÉRIO DE OURO","Industrial","Sim","28/04/2023"
"Gerência Regional / GO","861118/2010","Requerimento de Autorização de Pesquisa","Requerimento de Lavra","02.377.287/0001-07","MINAS RIO MINERADORA LTDA","NIQUELÂNDIA - GO","ARGILA, BAUXITA","Industrial, Industrial","Sim","22/04/2015"
"Gerência Regional / GO","861118/2010","Requerimento de Autorização de Pesquisa","Requerimento de Lavra","02.377.287/0001-07","MINAS RIO MINERADORA LTDA","NIQUELÂNDIA - GO","ARGILA, BAUXITA","Industrial, Industrial","Sim","25/04/2013"
"Gerência Regional / GO","861118/2010","Requerimento de Autorização de Pesquisa","Requerimento de Lavra","02.377.287/0001-07","MINAS RIO MINERADORA LTDA","NIQUELÂNDIA - GO","ARGILA, BAUXITA","Industrial, Industrial","Sim","23/01/2012"
"Gerência Regional / GO","861118/2010","Requerimento de Autorização de Pesquisa","Requerimento de Lavra","02.377.287/0001-07","MINAS RIO MINERADORA LTDA","NIQUELÂNDIA - GO","ARGILA, BAUXITA","Industrial, Industrial","Sim","14/04/2011"
"Gerência Regional / GO","860333/2010","Requerimento de Autorização de Pesquisa","Requerimento de Lavra","02.377.287/0001-07","MINAS RIO MINERADORA LTDA","NIQUELÂNDIA - GO","BAUXITA","Industrial","Sim","14/04/2011"
"Gerência Regional / GO","860333/2010","Requerimento de Autorização de Pesquisa","Requerimento de Lavra","02.377.287/0001-07","MINAS RIO MINERADORA LTDA","NIQUELÂNDIA - GO","BAUXITA","Industrial","Sim","07/12/2015"
"Gerência Regional / GO","860333/2010","Requerimento de Autorização de Pesquisa","Requerimento de Lavra","02.377.287/0001-07","MINAS RIO MINERADORA LTDA","NIQUELÂNDIA - GO","BAUXITA","Industrial","Sim","22/04/2015"
"Gerência Regional / GO","860333/2010","Requerimento de Autorização de Pesquisa","Requerimento de Lavra","02.377.287/0001-07","MINAS RIO MINERADORA LTDA","NIQUELÂNDIA - GO","BAUXITA","Industrial","Sim","25/04/2013"
"Gerência Regional / GO","860332/2010","Requerimento de Autorização de Pesquisa","Requerimento de Lavra","02.377.287/0001-07","MINAS RIO MINERADORA LTDA","NIQUELÂNDIA - GO","BAUXITA","Industrial","Sim","14/04/2011"
"Gerência Regional / GO","860332/2010","Requerimento de Autorização de Pesquisa","Requerimento de Lavra","02.377.287/0001-07","MINAS RIO MINERADORA LTDA","NIQUELÂNDIA - GO","BAUXITA","Industrial","Sim","07/12/2015"
"Gerência Regional / GO","860332/2010","Requerimento de Autorização de Pesquisa","Requerimento de Lavra","02.377.287/0001-07","MINAS RIO MINERADORA LTDA","NIQUELÂNDIA - GO","BAUXITA","Industrial","Sim","22/04/2015"
"Gerência Regional / GO","860332/2010","Requerimento de Autorização de Pesquisa","Requerimento de Lavra","02.377.287/0001-07","MINAS RIO MINERADORA LTDA","NIQUELÂNDIA - GO","BAUXITA","Industrial","Sim","25/04/2013"
"Gerência Regional / GO","860331/2010","Requerimento de Autorização de Pesquisa","Requerimento de Lavra","02.377.287/0001-07","MINAS RIO MINERADORA LTDA","NIQUELÂNDIA - GO","BAUXITA","Industrial","Sim","14/04/2011"
"Gerência Regional / GO","860331/2010","Requerimento de Autorização de Pesquisa","Requerimento de Lavra","02.377.287/0001-07","MINAS RIO MINERADORA LTDA","NIQUELÂNDIA - GO","BAUXITA","Industrial","Sim","07/12/2015"
"Gerência Regional / GO","860331/2010","Requerimento de Autorização de Pesquisa","Requerimento de Lavra","02.377.287/0001-07","MINAS RIO MINERADORA LTDA","NIQUELÂNDIA - GO","BAUXITA","Industrial","Sim","22/04/2015"
"Gerência Regional / GO","860331/2010","Requerimento de Autorização de Pesquisa","Requerimento de Lavra","02.377.287/0001-07","MINAS RIO MINERADORA LTDA","NIQUELÂNDIA - GO","BAUXITA","Industrial","Sim","25/04/2013"
"Gerência Regional / GO","860330/2010","Requerimento de Autorização de Pesquisa","Requerimento de Lavra","02.377.287/0001-07","MINAS RIO MINERADORA LTDA","NIQUELÂNDIA - GO","ARGILA, BAUXITA","Industrial, Industrial","Sim","14/04/2011"
"Gerência Regional / GO","860330/2010","Requerimento de Autorização de Pesquisa","Requerimento de Lavra","02.377.287/0001-07","MINAS RIO MINERADORA LTDA","NIQUELÂNDIA - GO","ARGILA, BAUXITA","Industrial, Industrial","Sim","07/12/2015"
"Gerência Regional / GO","860330/2010","Requerimento de Autorização de Pesquisa","Requerimento de Lavra","02.377.287/0001-07","MINAS RIO MINERADORA LTDA","NIQUELÂNDIA - GO","ARGILA, BAUXITA","Industrial, Industrial","Sim","22/04/2015"
"Gerência Regional / GO","860330/2010","Requerimento de Autorização de Pesquisa","Requerimento de Lavra","02.377.287/0001-07","MINAS RIO MINERADORA LTDA","NIQUELÂNDIA - GO","ARGILA, BAUXITA","Industrial, Industrial","Sim","25/04/2013"
"Gerência Regional / GO","860329/2010","Requerimento de Autorização de Pesquisa","Requerimento de Lavra","02.377.287/0001-07","MINAS RIO MINERADORA LTDA","NIQUELÂNDIA - GO","ARGILA, BAUXITA","Industrial, Industrial","Sim","14/04/2011"
"Gerência Regional / GO","860329/2010","Requerimento de Autorização de Pesquisa","Requerimento de Lavra","02.377.287/0001-07","MINAS RIO MINERADORA LTDA","NIQUELÂNDIA - GO","ARGILA, BAUXITA","Industrial, Industrial","Sim","07/12/2015"
"Gerência Regional / GO","860329/2010","Requerimento de Autorização de Pesquisa","Requerimento de Lavra","02.377.287/0001-07","MINAS RIO MINERADORA LTDA","NIQUELÂNDIA - GO","ARGILA, BAUXITA","Industrial, Industrial","Sim","22/04/2015"
"Gerência Regional / GO","860329/2010","Requerimento de Autorização de Pesquisa","Requerimento de Lavra","02.377.287/0001-07","MINAS RIO MINERADORA LTDA","NIQUELÂNDIA - GO","ARGILA, BAUXITA","Industrial, Industrial","Sim","25/04/2013"
"Gerência Regional / GO","860328/2010","Requerimento de Autorização de Pesquisa","Requerimento de Lavra","02.377.287/0001-07","MINAS RIO MINERADORA LTDA","NIQUELÂNDIA - GO","ARGILA, BAUXITA","Industrial, Industrial","Sim","07/12/2015"
"Gerência Regional / GO","860328/2010","Requerimento de Autorização de Pesquisa","Requerimento de Lavra","02.377.287/0001-07","MINAS RIO MINERADORA LTDA","NIQUELÂNDIA - GO","ARGILA, BAUXITA","Industrial, Industrial","Sim","22/04/2015"
"Gerência Regional / GO","860328/2010","Requerimento de Autorização de Pesquisa","Requerimento de Lavra","02.377.287/0001-07","MINAS RIO MINERADORA LTDA","NIQUELÂNDIA - GO","ARGILA, BAUXITA","Industrial, Industrial","Sim","25/04/2013"
"Gerência Regional / GO","860328/2010","Requerimento de Autorização de Pesquisa","Requerimento de Lavra","02.377.287/0001-07","MINAS RIO MINERADORA LTDA","NIQUELÂNDIA - GO","ARGILA, BAUXITA","Industrial, Industrial","Sim","23/01/2012"
"Gerência Regional / GO","860327/2010","Requerimento de Autorização de Pesquisa","Requerimento de Lavra","02.377.287/0001-07","MINAS RIO MINERADORA LTDA","NIQUELÂNDIA - GO","ARGILA, BAUXITA","Industrial, Industrial","Sim","22/04/2015"
"Gerência Regional / GO","860327/2010","Requerimento de Autorização de Pesquisa","Requerimento de Lavra","02.377.287/0001-07","MINAS RIO MINERADORA LTDA","NIQUELÂNDIA - GO","ARGILA, BAUXITA","Industrial, Industrial","Sim","25/04/2013"
"Gerência Regional / GO","860327/2010","Requerimento de Autorização de Pesquisa","Requerimento de Lavra","02.377.287/0001-07","MINAS RIO MINERADORA LTDA","NIQUELÂNDIA - GO","ARGILA, BAUXITA","Industrial, Industrial","Sim","23/01/2012"
"Gerência Regional / GO","860327/2010","Requerimento de Autorização de Pesquisa","Requerimento de Lavra","02.377.287/0001-07","MINAS RIO MINERADORA LTDA","NIQUELÂNDIA - GO","ARGILA, BAUXITA","Industrial, Industrial","Sim","14/04/2011"
"Gerência Regional / GO","860326/2010","Requerimento de Autorização de Pesquisa","Requerimento de Lavra","02.377.287/0001-07","MINAS RIO MINERADORA LTDA","NIQUELÂNDIA - GO","ARGILA, BAUXITA, BAUXITA","Abrasivo, Industrial, Industrial","Sim","07/12/2015"
"Gerência Regional / GO","860326/2010","Requerimento de Autorização de Pesquisa","Requerimento de Lavra","02.377.287/0001-07","MINAS RIO MINERADORA LTDA","NIQUELÂNDIA - GO","ARGILA, BAUXITA, BAUXITA","Abrasivo, Industrial, Industrial","Sim","22/04/2015"
"Gerência Regional / GO","860326/2010","Requerimento de Autorização de Pesquisa","Requerimento de Lavra","02.377.287/0001-07","MINAS RIO MINERADORA LTDA","NIQUELÂNDIA - GO","ARGILA, BAUXITA, BAUXITA","Abrasivo, Industrial, Industrial","Sim","25/04/2013"
"Gerência Regional / GO","860326/2010","Requerimento de Autorização de Pesquisa","Requerimento de Lavra","02.377.287/0001-07","MINAS RIO MINERADORA LTDA","NIQUELÂNDIA - GO","ARGILA, BAUXITA, BAUXITA","Abrasivo, Industrial, Industrial","Sim","23/01/2012"
"Gerência Regional / GO","860325/2010","Requerimento de Autorização de Pesquisa","Requerimento de Lavra","02.377.287/0001-07","MINAS RIO MINERADORA LTDA","NIQUELÂNDIA - GO","BAUXITA","Industrial","Sim","22/04/2015"
"Gerência Regional / GO","860325/2010","Requerimento de Autorização de Pesquisa","Requerimento de Lavra","02.377.287/0001-07","MINAS RIO MINERADORA LTDA","NIQUELÂNDIA - GO","BAUXITA","Industrial","Sim","25/04/2013"
"Gerência Regional / GO","860325/2010","Requerimento de Autorização de Pesquisa","Requerimento de Lavra","02.377.287/0001-07","MINAS RIO MINERADORA LTDA","NIQUELÂNDIA - GO","BAUXITA","Industrial","Sim","23/01/2012"
"Gerência Regional / GO","860325/2010","Requerimento de Autorização de Pesquisa","Requerimento de Lavra","02.377.287/0001-07","MINAS RIO MINERADORA LTDA","NIQUELÂNDIA - GO","BAUXITA","Industrial","Sim","14/04/2011"
"Gerência Regional / GO","860969/2003","Requerimento de Autorização de Pesquisa","Requerimento de Lavra","07.255.397/0001-01","Mineradora Invi Ltda","JUSSARA - GO, MONTES CLAROS DE GOIÁS - GO","MINÉRIO DE COBALTO, MINÉRIO DE NÍQUEL","Industrial, Metalurgia","Sim","16/05/2011"
"Gerência Regional / GO","860968/2003","Requerimento de Autorização de Pesquisa","Requerimento de Lavra","07.255.397/0001-01","Mineradora Invi Ltda","JUSSARA - GO, MONTES CLAROS DE GOIÁS - GO","MINÉRIO DE COBALTO, MINÉRIO DE NÍQUEL","Industrial, Metalurgia","Sim","27/02/2020"
"Gerência Regional / GO","860885/2017","Requerimento de Autorização de Pesquisa","Direito de Requerer a Lavra","07.436.787/0001-88","VERMONT MINERACAO EXPORTACAO E IMPORTACAO LTDA","URUAÇU - GO","MINÉRIO DE OURO","Industrial","Sim","19/03/2018"
"Gerência Regional / GO","860885/2017","Requerimento de Autorização de Pesquisa","Direito de Requerer a Lavra","07.436.787/0001-88","VERMONT MINERACAO EXPORTACAO E IMPORTACAO LTDA","URUAÇU - GO","MINÉRIO DE OURO","Industrial","Sim","15/05/2025"
"Gerência Regional / GO","860885/2017","Requerimento de Autorização de Pesquisa","Direito de Requerer a Lavra","07.436.787/0001-88","VERMONT MINERACAO EXPORTACAO E IMPORTACAO LTDA","URUAÇU - GO","MINÉRIO DE OURO","Industrial","Sim","03/05/2022"
"Gerência Regional / GO","860407/2005","Requerimento de Autorização de Pesquisa","Concessão de Lavra","05.163.702/0001-00","MG MINERACAO GREEN GOLD EIRELI","CRISTALINA - GO","AREIA","Construção civil","Sim","23/09/2010"
"Gerência Regional / GO","860741/1998","Requerimento de Autorização de Pesquisa","Concessão de Lavra","03.143.693/0001-60","BRICOL - BRITAS CORUMBÁ LTDA","CORUMBÁ DE GOIÁS - GO","XISTO","Demais substâncias","Sim","24/06/1999"
"Gerência Regional / GO","861082/2000","Requerimento de Autorização de Pesquisa","Concessão de Lavra","08.528.222/0001-93","BRITAGRAN BRITAS E GRANITOS MINERADORA LTDA","NOVA VENEZA - GO","GNAISSE","Demais substâncias","Sim","22/09/2003"
"Gerência Regional / GO","861082/2000","Requerimento de Autorização de Pesquisa","Concessão de Lavra","08.528.222/0001-93","BRITAGRAN BRITAS E GRANITOS MINERADORA LTDA","NOVA VENEZA - GO","GNAISSE","Demais substâncias","Sim","21/03/2007"
"Gerência Regional / GO","860404/2004","Requerimento de Autorização de Pesquisa","Requerimento de Lavra","08.164.804/0001-38","LMF IRMAOS EXTRACAO COMERCIO E TRANSPORTE DE AREIA LTDA","PIRES DO RIO - GO, URUTAÍ - GO","AREIA, CASCALHO","Industrial, Industrial","Sim","04/05/2007"
"Gerência Regional / GO","860161/1987","Requerimento de Autorização de Pesquisa","Concessão de Lavra","06.117.381/0001-70","MINERACAO AGUA QUENTE LTDA","CALDAS NOVAS - GO","ÁGUA MINERAL","Demais substâncias","Sim","04/06/1998"
"Gerência Regional / GO","860460/2003","Requerimento de Autorização de Pesquisa","Concessão de Lavra","08.528.222/0001-93","BRITAGRAN BRITAS E GRANITOS MINERADORA LTDA","NOVA VENEZA - GO","GRANITO, GRANITO P/ REVESTIMENTO","Revestimento, Revestimento","Sim","23/02/2011"
"Gerência Regional / GO","860237/2001","Requerimento de Autorização de Pesquisa","Concessão de Lavra","08.528.222/0001-93","BRITAGRAN BRITAS E GRANITOS MINERADORA LTDA","NOVA VENEZA - GO","GNAISSE","Demais substâncias","Sim","09/10/2003"
"Gerência Regional / GO","860875/2006","Requerimento de Autorização de Pesquisa","Requerimento de Lavra","08.164.804/0001-38","LMF IRMAOS EXTRACAO COMERCIO E TRANSPORTE DE AREIA LTDA","PIRES DO RIO - GO, URUTAÍ - GO","AREIA, CASCALHO","Construção civil, Construção civil","Sim","05/12/2025"
"Gerência Regional / GO","860902/2013","Requerimento de Cessão parcial","Requerimento de Lavra","05.036.167/0001-26","SEBA COMERCIO E INDUSTRIA LTDA","CALDAS NOVAS - GO, IPAMERI - GO","AREIA","Construção civil","Sim","24/12/2013"
"Gerência Regional / GO","860896/2013","Requerimento de Cessão parcial","Requerimento de Lavra","05.036.167/0001-26","SEBA COMERCIO E INDUSTRIA LTDA","CALDAS NOVAS - GO, IPAMERI - GO","AREIA","Construção civil","Sim","06/10/2016"
"Gerência Regional / GO","860805/2023","Requerimento de Cessão parcial","Requerimento de Lavra","05.036.167/0001-26","SEBA COMERCIO E INDUSTRIA LTDA","CORUMBAÍBA - GO, IPAMERI - GO","AREIA","Construção civil","Sim","09/06/2026"
"Gerência Regional / GO","860758/2004","Requerimento de Autorização de Pesquisa","Concessão de Lavra","05.036.167/0001-26","SEBA COMERCIO E INDUSTRIA LTDA","CALDAS NOVAS - GO, IPAMERI - GO","AREIA, DIAMANTE","Construção civil, Industrial","Sim","16/07/2009"
"Gerência Regional / GO","860750/2018","Requerimento de Autorização de Pesquisa","Autorização de Pesquisa","05.036.167/0001-26","SEBA COMERCIO E INDUSTRIA LTDA","CALDAS NOVAS - GO, CORUMBAÍBA - GO, IPAMERI - GO","AREIA, DIAMANTE, DIATOMITO","Construção civil, Industrial, Industrial","Sim","02/08/2021"
"Gerência Regional / GO","860554/2003","Requerimento de Autorização de Pesquisa","Concessão de Lavra","05.036.167/0001-26","SEBA COMERCIO E INDUSTRIA LTDA","CALDAS NOVAS - GO, PIRES DO RIO - GO","AREIA, DIAMANTE INDUSTRIAL","Construção civil, Industrial","Sim","17/03/2009"
"Gerência Regional / GO","860504/2004","Requerimento de Autorização de Pesquisa","Concessão de Lavra","05.036.167/0001-26","SEBA COMERCIO E INDUSTRIA LTDA","CALDAS NOVAS - GO, IPAMERI - GO","AREIA, DIAMANTE INDUSTRIAL","Construção civil, Industrial","Sim","29/07/2009"
"Gerência Regional / GO","860503/2004","Requerimento de Autorização de Pesquisa","Concessão de Lavra","05.036.167/0001-26","SEBA COMERCIO E INDUSTRIA LTDA","CALDAS NOVAS - GO, IPAMERI - GO","AREIA, DIAMANTE INDUSTRIAL","Construção civil, Industrial","Sim","29/07/2009"
"Gerência Regional / GO","860221/2006","Requerimento de Autorização de Pesquisa","Concessão de Lavra","05.036.167/0001-26","SEBA COMERCIO E INDUSTRIA LTDA","CALDAS NOVAS - GO, PIRES DO RIO - GO","AREIA, CASCALHO, DIAMANTE INDUSTRIAL","Construção civil, Construção civil, Industrial","Sim","17/03/2009"
"Gerência Regional / GO","861708/2011","Requerimento de Autorização de Pesquisa","Concessão de Lavra","05.036.167/0001-26","SEBA COMERCIO E INDUSTRIA LTDA","CALDAS NOVAS - GO, IPAMERI - GO, PIRES DO RIO - GO","AREIA, CASCALHO, MINÉRIO DE OURO","Construção civil, Construção civil, Industrial","Sim","08/03/2017"
"Gerência Regional / GO","861555/2011","Requerimento de Autorização de Pesquisa","Requerimento de Lavra","05.036.167/0001-26","SEBA COMERCIO E INDUSTRIA LTDA","CALDAS NOVAS - GO, IPAMERI - GO","AREIA, MINÉRIO DE OURO","Construção civil, Industrial","Sim","24/06/2013"
"Gerência Regional / GO","861554/2011","Requerimento de Autorização de Pesquisa","Concessão de Lavra","05.036.167/0001-26","SEBA COMERCIO E INDUSTRIA LTDA","CALDAS NOVAS - GO, IPAMERI - GO","AREIA, MINÉRIO DE OURO","Construção civil, Industrial","Sim","21/05/2018"
"Gerência Regional / GO","861550/2011","Requerimento de Autorização de Pesquisa","Requerimento de Lavra","05.036.167/0001-26","SEBA COMERCIO E INDUSTRIA LTDA","CALDAS NOVAS - GO, IPAMERI - GO","AREIA, MINÉRIO DE OURO","Construção civil, Industrial","Sim","06/10/2016"
"Gerência Regional / GO","861412/2016","Requerimento de Cessão parcial","Concessão de Lavra","05.036.167/0001-26","SEBA COMERCIO E INDUSTRIA LTDA","CALDAS NOVAS - GO, IPAMERI - GO, PIRES DO RIO - GO","AREIA","Construção civil","Sim","28/08/2019"
"Gerência Regional / GO","803240/1978","Requerimento de Autorização de Pesquisa","Concessão de Lavra","73.956.088/0001-93","ZEUS MINERACAO LTDA","CAVALCANTE - GO","MANGANÊS","Demais substâncias","Sim","11/09/2020"
"Gerência Regional / GO","861449/2007","Requerimento de Autorização de Pesquisa","Concessão de Lavra","73.956.088/0001-93","ZEUS MINERACAO LTDA","CAVALCANTE - GO","MINÉRIO DE MANGANÊS","Industrial","Sim","31/12/2008"
"Gerência Regional / GO","860244/2019","Requerimento de Autorização de Pesquisa","Autorização de Pesquisa","73.956.088/0001-93","ZEUS MINERACAO LTDA","CAVALCANTE - GO","MINÉRIO DE MANGANÊS","Industrial","Sim","17/02/2020"
"Gerência Regional / GO","860622/2014","Requerimento de Autorização de Pesquisa","Requerimento de Lavra","03.888.604/0001-04","MINERADORA DE CALCARIO SERRA DOURADA LTDA","JUSSARA - GO","GRANITO","Brita","Sim","06/04/2016"
"Gerência Regional / GO","860244/2017","Requerimento de Autorização de Pesquisa","Autorização de Pesquisa","03.888.604/0001-04","MINERADORA DE CALCARIO SERRA DOURADA LTDA","CAMPINAÇU - GO","CALCÁRIO","Fabricação de cimento","Sim","01/02/2023"
"Gerência Regional / GO","860586/2019","Requerimento de Autorização de Pesquisa","Autorização de Pesquisa","07.075.244/0001-82","MINERACAO ARAGUAIA LTDA","CAMPOS BELOS - GO, LAVANDEIRA - TO","CALCÁRIO, CALCÁRIO, CALCÁRIO, CALCÁRIO, CALCÁRIO, FOSFATO","Brita, Corretivo de solo, Fabricação de cal, Fabricação de cimento, Fertilizantes, Revestimento","Sim","03/03/2023"
"Gerência Regional / GO","862291/2011","Requerimento de Autorização de Pesquisa","Autorização de Pesquisa","04.416.339/0001-24","MARBELLE BRAZIL LTDA","PORANGATU - GO","MINÉRIO DE OURO","Industrial","Sim","31/03/2014"
"Gerência Regional / GO","860916/2018","Requerimento de Autorização de Pesquisa","Autorização de Pesquisa","04.416.339/0001-24","MARBELLE BRAZIL LTDA","MINAÇU - GO","GRANITO, MINÉRIO DE OURO","Industrial, Revestimento","Sim","19/04/2023"
"Gerência Regional / GO","860336/2016","Requerimento de Autorização de Pesquisa","Autorização de Pesquisa","08.959.093/0001-98","TERRATIVA MINERAIS LTDA","AMARALINA - GO, MUTUNÓPOLIS - GO","MINÉRIO DE MANGANÊS","Industrial","Sim","29/10/2018"
"Gerência Regional / GO","862132/2011","Requerimento de Disponibilidade para pesquisa","Requerimento de Lavra","02.377.287/0001-07","MINAS RIO MINERADORA LTDA","BARRO ALTO - GO","ARGILA, MINÉRIO DE ALUMÍNIO","Industrial, Industrial","Sim","07/12/2015"
"Gerência Regional / GO","862130/2011","Requerimento de Disponibilidade para pesquisa","Requerimento de Lavra","02.377.287/0001-07","MINAS RIO MINERADORA LTDA","BARRO ALTO - GO, SANTA RITA DO NOVO DESTINO - GO","ARGILA, MINÉRIO DE ALUMÍNIO","Industrial, Industrial","Sim","07/12/2015"
"Gerência Regional / GO","862129/2011","Requerimento de Disponibilidade para pesquisa","Requerimento de Lavra","02.377.287/0001-07","MINAS RIO MINERADORA LTDA","BARRO ALTO - GO","ARGILA","Industrial","Sim","07/12/2015"
"Gerência Regional / GO","862030/2011","Requerimento de Autorização de Pesquisa","Autorização de Pesquisa","02.377.287/0001-07","MINAS RIO MINERADORA LTDA","SANTA RITA DO NOVO DESTINO - GO","BAUXITA","Industrial","Sim","08/03/2017"
"Gerência Regional / GO","861118/2010","Requerimento de Autorização de Pesquisa","Requerimento de Lavra","02.377.287/0001-07","MINAS RIO MINERADORA LTDA","NIQUELÂNDIA - GO","ARGILA, BAUXITA","Industrial, Industrial","Sim","07/12/2015"
"Gerência Regional / GO","860333/2010","Requerimento de Autorização de Pesquisa","Requerimento de Lavra","02.377.287/0001-07","MINAS RIO MINERADORA LTDA","NIQUELÂNDIA - GO","BAUXITA","Industrial","Sim","23/01/2012"
"Gerência Regional / GO","860332/2010","Requerimento de Autorização de Pesquisa","Requerimento de Lavra","02.377.287/0001-07","MINAS RIO MINERADORA LTDA","NIQUELÂNDIA - GO","BAUXITA","Industrial","Sim","23/01/2012"
"Gerência Regional / GO","860331/2010","Requerimento de Autorização de Pesquisa","Requerimento de Lavra","02.377.287/0001-07","MINAS RIO MINERADORA LTDA","NIQUELÂNDIA - GO","BAUXITA","Industrial","Sim","23/01/2012"
"Gerência Regional / GO","860330/2010","Requerimento de Autorização de Pesquisa","Requerimento de Lavra","02.377.287/0001-07","MINAS RIO MINERADORA LTDA","NIQUELÂNDIA - GO","ARGILA, BAUXITA","Industrial, Industrial","Sim","23/01/2012"
"Gerência Regional / GO","860329/2010","Requerimento de Autorização de Pesquisa","Requerimento de Lavra","02.377.287/0001-07","MINAS RIO MINERADORA LTDA","NIQUELÂNDIA - GO","ARGILA, BAUXITA","Industrial, Industrial","Sim","23/01/2012"
"Gerência Regional / GO","860328/2010","Requerimento de Autorização de Pesquisa","Requerimento de Lavra","02.377.287/0001-07","MINAS RIO MINERADORA LTDA","NIQUELÂNDIA - GO","ARGILA, BAUXITA","Industrial, Industrial","Sim","14/04/2011"
"Gerência Regional / GO","860327/2010","Requerimento de Autorização de Pesquisa","Requerimento de Lavra","02.377.287/0001-07","MINAS RIO MINERADORA LTDA","NIQUELÂNDIA - GO","ARGILA, BAUXITA","Industrial, Industrial","Sim","07/12/2015"
"Gerência Regional / GO","860326/2010","Requerimento de Autorização de Pesquisa","Requerimento de Lavra","02.377.287/0001-07","MINAS RIO MINERADORA LTDA","NIQUELÂNDIA - GO","ARGILA, BAUXITA, BAUXITA","Abrasivo, Industrial, Industrial","Sim","14/04/2011"
"Gerência Regional / GO","860325/2010","Requerimento de Autorização de Pesquisa","Requerimento de Lavra","02.377.287/0001-07","MINAS RIO MINERADORA LTDA","NIQUELÂNDIA - GO","BAUXITA","Industrial","Sim","07/12/2015"
"Gerência Regional / GO","860209/2012","Requerimento de Autorização de Pesquisa","Requerimento de Lavra","02.377.287/0001-07","MINAS RIO MINERADORA LTDA","BARRO ALTO - GO","ARGILA, BAUXITA","Industrial, Industrial","Sim","07/12/2015"
"Gerência Regional / GO","860060/2012","Requerimento de Autorização de Pesquisa","Autorização de Pesquisa","02.377.287/0001-07","MINAS RIO MINERADORA LTDA","BARRO ALTO - GO","ARGILA, BAUXITA","Industrial, Industrial","Sim","15/07/2016"
"Gerência Regional / GO","861049/2003","Requerimento de Autorização de Pesquisa","Requerimento de Lavra","07.255.397/0001-01","Mineradora Invi Ltda","IPORÁ - GO","MINÉRIO DE COBALTO, MINÉRIO DE NÍQUEL","Industrial, Metalurgia","Sim","19/06/2006"
"Gerência Regional / GO","860969/2003","Requerimento de Autorização de Pesquisa","Requerimento de Lavra","07.255.397/0001-01","Mineradora Invi Ltda","JUSSARA - GO, MONTES CLAROS DE GOIÁS - GO","MINÉRIO DE COBALTO, MINÉRIO DE NÍQUEL","Industrial, Metalurgia","Sim","27/02/2020"
"Gerência Regional / GO","860968/2003","Requerimento de Autorização de Pesquisa","Requerimento de Lavra","07.255.397/0001-01","Mineradora Invi Ltda","JUSSARA - GO, MONTES CLAROS DE GOIÁS - GO","MINÉRIO DE COBALTO, MINÉRIO DE NÍQUEL","Industrial, Metalurgia","Sim","16/05/2011"
"Gerência Regional / GO","860859/2003","Requerimento de Autorização de Pesquisa","Requerimento de Lavra","07.255.397/0001-01","Mineradora Invi Ltda","SANTA FÉ DE GOIÁS - GO","MINÉRIO DE COBALTO, MINÉRIO DE NÍQUEL","Industrial, Metalurgia","Sim","19/06/2006"
"Gerência Regional / GO","860858/2003","Requerimento de Autorização de Pesquisa","Requerimento de Lavra","07.255.397/0001-01","Mineradora Invi Ltda","SANTA FÉ DE GOIÁS - GO","MINÉRIO DE COBALTO, MINÉRIO DE NÍQUEL","Industrial, Metalurgia","Sim","19/06/2006"
"Gerência Regional / GO","861150/2003","Requerimento de Autorização de Pesquisa","Requerimento de Lavra","07.255.397/0001-01","Mineradora Invi Ltda","IPORÁ - GO","MINÉRIO DE COBALTO, MINÉRIO DE NÍQUEL","Industrial, Metalurgia","Sim","19/06/2006"
"Gerência Regional / GO","862810/2008","Requerimento de Autorização de Pesquisa","Requerimento de Lavra","76.381.482/0001-39","EMPREITEIRA MOTTA JUNIOR LTDA","TURVÂNIA - GO","ARGILA","Industrial","Sim","27/11/2019"
"Gerência Regional / GO","860885/2017","Requerimento de Autorização de Pesquisa","Direito de Requerer a Lavra","07.436.787/0001-88","VERMONT MINERACAO EXPORTACAO E IMPORTACAO LTDA","URUAÇU - GO","MINÉRIO DE OURO","Industrial","Sim","13/11/2019"
"Gerência Regional / GO","860407/2005","Requerimento de Autorização de Pesquisa","Concessão de Lavra","05.163.702/0001-00","MG MINERACAO GREEN GOLD EIRELI","CRISTALINA - GO","AREIA","Construção civil","Sim","30/09/2019"
"Gerência Regional / GO","860741/1998","Requerimento de Autorização de Pesquisa","Concessão de Lavra","03.143.693/0001-60","BRICOL - BRITAS CORUMBÁ LTDA","CORUMBÁ DE GOIÁS - GO","XISTO","Demais substâncias","Sim","09/11/1999"
"Gerência Regional / GO","861082/2000","Requerimento de Autorização de Pesquisa","Concessão de Lavra","08.528.222/0001-93","BRITAGRAN BRITAS E GRANITOS MINERADORA LTDA","NOVA VENEZA - GO","GNAISSE","Demais substâncias","Sim","09/10/2003"
"Gerência Regional / GO","860404/2004","Requerimento de Autorização de Pesquisa","Requerimento de Lavra","08.164.804/0001-38","LMF IRMAOS EXTRACAO COMERCIO E TRANSPORTE DE AREIA LTDA","PIRES DO RIO - GO, URUTAÍ - GO","AREIA, CASCALHO","Industrial, Industrial","Sim","27/12/2023"
"Gerência Regional / GO","860367/2005","Requerimento de Autorização de Pesquisa","Requerimento de Lavra","08.217.604/0001-04","ALMEIDA E BARBOSA DE OLIVEIRA","GOIANDIRA - GO","AREIA, CASCALHO, DIAMANTE INDUSTRIAL","Construção civil, Construção civil, Industrial","Sim","11/06/2007"
"Gerência Regional / GO","861017/2004","Requerimento de Autorização de Pesquisa","Concessão de Lavra","05.036.167/0001-26","SEBA COMERCIO E INDUSTRIA LTDA","CALDAS NOVAS - GO, IPAMERI - GO","AREIA","Construção civil","Sim","19/11/2007"
"Gerência Regional / GO","860696/1999","Requerimento de Autorização de Pesquisa","Concessão de Lavra","08.767.239/0001-01","IZABEL OLIVIER HECKLER","PADRE BERNARDO - GO, VILA PROPÍCIO - GO","AREIA, MINÉRIO DE OURO","Construção civil, Metalurgia","Sim","11/10/2007"
"Gerência Regional / GO","860737/2006","Requerimento de Autorização de Pesquisa","Requerimento de Lavra","09.000.843/0001-62","Seven Gold Mineração Indústria e Comércio Ltda","CAVALCANTE - GO","MINÉRIO DE OURO","Industrial","Sim","04/10/2007"
"Gerência Regional / GO","861701/2005","Requerimento de Autorização de Pesquisa","Concessão de Lavra","08.285.230/0001-56","MINERACAO E AGROPECUARIA SILVANIA LTDA","SILVÂNIA - GO","CAULIM","Industrial","Sim","28/12/2007"
"Gerência Regional / GO","860161/1987","Requerimento de Autorização de Pesquisa","Concessão de Lavra","06.117.381/0001-70","MINERACAO AGUA QUENTE LTDA","CALDAS NOVAS - GO","ÁGUA MINERAL","Demais substâncias","Sim","20/03/2008"
"Gerência Regional / GO","861248/2011","Requerimento de Autorização de Pesquisa","Requerimento de Lavra","03.888.604/0001-04","MINERADORA DE CALCARIO SERRA DOURADA LTDA","TRINDADE - GO","GNAISSE, MINÉRIO DE OURO","Brita, Industrial","Sim","15/12/2015"
"Gerência Regional / GO","860295/2015","Requerimento de Autorização de Pesquisa","Autorização de Pesquisa","07.969.673/0001-01","Brazil Americas Investments & Participation Mineração Ltda.","IPAMERI - GO","MINÉRIO DE OURO","Industrial","Sim","22/08/2018"
"Gerência Regional / GO","860213/2001","Requerimento de Autorização de Pesquisa","Concessão de Lavra","07.033.559/0001-67","MINERACAO DOMA LTDA","ITAPURANGA - GO, URUANA - GO","AREIA, CASCALHO","Construção civil, Construção civil","Sim","19/11/2003"
"Gerência Regional / GO","860930/1986","Requerimento de Autorização de Pesquisa","Concessão de Lavra","06.230.789/0001-53","THERMAS SESI EMPREENDIMENTOS S/A","CALDAS NOVAS - GO","ÁGUA MINERAL","Demais substâncias","Sim","13/10/1997"
"Gerência Regional / GO","860370/2000","Requerimento de Autorização de Pesquisa","Concessão de Lavra","05.486.247/0001-83","DLS EXTRACAO E COMERCIO DE AREIA E CASCALHO LTDA","SANTA CRUZ DE GOIÁS - GO","AREIA, CASCALHO","Construção civil, Construção civil","Sim","03/12/2001"
"Gerência Regional / GO","860337/2016","Requerimento de Autorização de Pesquisa","Autorização de Pesquisa","08.959.093/0001-98","TERRATIVA MINERAIS LTDA","AMARALINA - GO","MINÉRIO DE MANGANÊS","Industrial","Sim","29/10/2018"
"Gerência Regional / GO","860213/2001","Requerimento de Autorização de Pesquisa","Concessão de Lavra","07.033.559/0001-67","MINERACAO DOMA LTDA","ITAPURANGA - GO, URUANA - GO","AREIA, CASCALHO","Construção civil, Construção civil","Sim","22/03/2005"
"Gerência Regional / GO","860930/1986","Requerimento de Autorização de Pesquisa","Concessão de Lavra","06.230.789/0001-53","THERMAS SESI EMPREENDIMENTOS S/A","CALDAS NOVAS - GO","ÁGUA MINERAL","Demais substâncias","Sim","08/06/2005"
"Gerência Regional / GO","861149/2003","Requerimento de Autorização de Pesquisa","Requerimento de Lavra","07.255.397/0001-01","Mineradora Invi Ltda","DIORAMA - GO, JAUPACI - GO","MINÉRIO DE COBALTO, MINÉRIO DE NÍQUEL","Industrial, Metalurgia","Sim","19/06/2006"
"Gerência Regional / GO","860982/1999","Requerimento de Autorização de Pesquisa","Concessão de Lavra","03.791.771/0001-32","Agua Mineral Itiquira Ltda","BRASÍLIA - DF, FORMOSA - GO","ÁGUA MINERAL","Engarrafamento","Sim","24/10/2005"
"Gerência Regional / GO","860370/2000","Requerimento de Autorização de Pesquisa","Concessão de Lavra","05.486.247/0001-83","DLS EXTRACAO E COMERCIO DE AREIA E CASCALHO LTDA","SANTA CRUZ DE GOIÁS - GO","AREIA, CASCALHO","Construção civil, Construção civil","Sim","05/03/2007"
"Gerência Regional / GO","860312/1994","Requerimento de Lavra Garimpeira","Concessão de Lavra","08.529.201/0001-92","MB CAPITAL TRANSPORTE DE AREIA LTDA ME","HIDROLINA - GO, SANTA RITA DO NOVO DESTINO - GO","AREIA","Demais substâncias","Sim","15/05/2007"
"Gerência Regional / GO","860311/1994","Requerimento de Lavra Garimpeira","Concessão de Lavra","08.529.201/0001-92","MB CAPITAL TRANSPORTE DE AREIA LTDA ME","HIDROLINA - GO, SANTA RITA DO NOVO DESTINO - GO","AREIA","Demais substâncias","Sim","15/05/2007"
"Gerência Regional / GO","860314/1994","Requerimento de Lavra Garimpeira","Concessão de Lavra","08.529.201/0001-92","MB CAPITAL TRANSPORTE DE AREIA LTDA ME","HIDROLINA - GO, SANTA RITA DO NOVO DESTINO - GO","AREIA","Demais substâncias","Sim","15/05/2007"
"Gerência Regional / GO","860890/2018","Requerimento de Autorização de Pesquisa","Autorização de Pesquisa","***.648.978-**","ROBERTO NESZLINGER","CAMPO ALEGRE DE GOIÁS - GO, IPAMERI - GO","MINÉRIO DE OURO","Industrial","Sim","28/08/2019"
"Gerência Regional / GO","861050/2010","Requerimento de Autorização de Pesquisa","Concessão de Lavra","05.486.247/0001-83","DLS EXTRACAO E COMERCIO DE AREIA E CASCALHO LTDA","SANTA CRUZ DE GOIÁS - GO","AREIA, MINÉRIO DE OURO","Construção civil, Industrial","Sim","22/01/2025"
"Gerência Regional / GO","861050/2010","Requerimento de Autorização de Pesquisa","Concessão de Lavra","05.486.247/0001-83","DLS EXTRACAO E COMERCIO DE AREIA E CASCALHO LTDA","SANTA CRUZ DE GOIÁS - GO","AREIA, MINÉRIO DE OURO","Construção civil, Industrial","Sim","07/12/2012"
"Gerência Regional / GO","861390/2006","Requerimento de Autorização de Pesquisa","Concessão de Lavra","08.512.615/0001-09","Amin Salomão","SILVÂNIA - GO","AREIA","Construção civil","Sim","22/11/2021"
"Gerência Regional / GO","861390/2006","Requerimento de Autorização de Pesquisa","Concessão de Lavra","08.512.615/0001-09","Amin Salomão","SILVÂNIA - GO","AREIA","Construção civil","Sim","05/08/2022"
"Gerência Regional / GO","860064/2002","Requerimento de Autorização de Pesquisa","Concessão de Lavra","07.638.538/0001-75","CALBRAX CALCARIO AGRICOLA LTDA","IACIARA - GO","DOLOMITO","Industrial","Sim","17/04/2007"
"Gerência Regional / GO","860036/2007","Requerimento de Autorização de Pesquisa","Concessão de Lavra","09.004.478/0001-64","AREIAL OURO BRANCO LTDA","ABADIÂNIA - GO","QUARTZITO, QUARTZITO","Industrial, Revestimento","Sim","17/11/2008"
"Gerência Regional / GO","860895/2010","Requerimento de Autorização de Pesquisa","Requerimento de Lavra","09.167.564/0001-98","LGV MINERACAO LTDA","GAMELEIRA DE GOIÁS - GO","ILMENITA, QUARTZITO","Brita, Industrial","Sim","20/11/2013"
"Gerência Regional / GO","815117/1969","Requerimento de Autorização de Pesquisa","Requerimento de Lavra","09.433.698/0001-03","Companhia Niquel Santa Fé","IPORÁ - GO, ISRAELÂNDIA - GO","NÍQUEL","Demais substâncias","Sim","22/11/2002"
"Gerência Regional / GO","815116/1969","Requerimento de Autorização de Pesquisa","Requerimento de Lavra","09.433.698/0001-03","Companhia Niquel Santa Fé","IPORÁ - GO","NÍQUEL","Demais substâncias","Sim","01/12/2008"
"Gerência Regional / GO","815113/1969","Requerimento de Autorização de Pesquisa","Requerimento de Lavra","09.433.698/0001-03","Companhia Niquel Santa Fé","IPORÁ - GO","NÍQUEL","Demais substâncias","Sim","01/12/2008"
"Gerência Regional / GO","809032/1968","Requerimento de Autorização de Pesquisa","Requerimento de Lavra","09.433.698/0001-03","Companhia Niquel Santa Fé","JUSSARA - GO","MINÉRIO DE NÍQUEL","Industrial","Sim","01/12/2008"
"Gerência Regional / GO","808541/1970","Requerimento de Autorização de Pesquisa","Requerimento de Lavra","09.433.698/0001-03","Companhia Niquel Santa Fé","JUSSARA - GO","MINÉRIO DE NÍQUEL","Industrial","Sim","27/11/2002"
"Gerência Regional / GO","808540/1970","Requerimento de Autorização de Pesquisa","Requerimento de Lavra","09.433.698/0001-03","Companhia Niquel Santa Fé","JUSSARA - GO","MINÉRIO DE NÍQUEL","Industrial","Sim","27/11/2002"
"Gerência Regional / GO","808539/1970","Requerimento de Autorização de Pesquisa","Autorização de Pesquisa","09.433.698/0001-03","Companhia Niquel Santa Fé","JUSSARA - GO","MINÉRIO DE NÍQUEL","Industrial","Sim","27/11/2002"
"Gerência Regional / GO","808538/1970","Requerimento de Autorização de Pesquisa","Requerimento de Lavra","09.433.698/0001-03","Companhia Niquel Santa Fé","JUSSARA - GO","MINÉRIO DE NÍQUEL","Industrial","Sim","27/11/2002"
"Gerência Regional / GO","806139/1973","Requerimento de Autorização de Pesquisa","Requerimento de Lavra","09.433.698/0001-03","Companhia Niquel Santa Fé","JUSSARA - GO","MINÉRIO DE NÍQUEL","Industrial","Sim","27/11/2002"
"Gerência Regional / GO","860631/2018","Requerimento de Autorização de Pesquisa","Autorização de Pesquisa","09.167.564/0001-98","LGV MINERACAO LTDA","NIQUELÂNDIA - GO","ILMENITA","Industrial","Sim","24/11/2023"
"Gerência Regional / GO","861066/2016","Requerimento de Autorização de Pesquisa","Autorização de Pesquisa","***.817.111-**","FRANK WANDERSON DA SILVA PORTILHO","ITAPIRAPUÃ - GO, MATRINCHÃ - GO","AREIA, MINÉRIO DE OURO","Construção civil, Industrial","Sim","23/10/2020"
"Gerência Regional / GO","860890/2018","Requerimento de Autorização de Pesquisa","Autorização de Pesquisa","***.648.978-**","ROBERTO NESZLINGER","CAMPO ALEGRE DE GOIÁS - GO, IPAMERI - GO","MINÉRIO DE OURO","Industrial","Sim","24/11/2023"
"Gerência Regional / GO","860292/2012","Requerimento de Autorização de Pesquisa","Autorização de Pesquisa","***.992.961-**","Gilvan Sebastião Santos ","TRINDADE - GO","MINÉRIO DE OURO","Industrial","Sim","22/12/2016"
"Gerência Regional / GO","861788/2007","Requerimento de Autorização de Pesquisa","Direito de Requerer a Lavra","***.973.296-**","Ayrton Martins de Resende","ISRAELÂNDIA - GO","AREIA, CASCALHO, DIAMANTE INDUSTRIAL","Construção civil, Construção civil, Industrial","Sim","22/03/2010"
"Gerência Regional / GO","861050/2010","Requerimento de Autorização de Pesquisa","Concessão de Lavra","05.486.247/0001-83","DLS EXTRACAO E COMERCIO DE AREIA E CASCALHO LTDA","SANTA CRUZ DE GOIÁS - GO","AREIA, MINÉRIO DE OURO","Construção civil, Industrial","Sim","25/09/2013"
"Gerência Regional / GO","861390/2006","Requerimento de Autorização de Pesquisa","Concessão de Lavra","08.512.615/0001-09","Amin Salomão","SILVÂNIA - GO","AREIA","Construção civil","Sim","26/03/2007"
"Gerência Regional / GO","860313/1994","Requerimento de Lavra Garimpeira","Concessão de Lavra","08.529.201/0001-92","MB CAPITAL TRANSPORTE DE AREIA LTDA ME","HIDROLINA - GO, SANTA RITA DO NOVO DESTINO - GO","AREIA","Demais substâncias","Sim","15/05/2007"
"Gerência Regional / GO","861337/2010","Requerimento de Autorização de Pesquisa","Requerimento de Lavra","02.511.338/0001-33","Empresas Fm Agropecuaria, Industria, Comercio e Servicos Ltda","JARAGUÁ - GO","AREIA, CASCALHO, MINÉRIO DE OURO","Construção civil, Construção civil, Industrial","Sim","06/07/2011"
"Gerência Regional / GO","861108/2007","Requerimento de Autorização de Pesquisa","Concessão de Lavra","08.512.608/0001-07","MINERACAO FELIX LTDA.","SILVÂNIA - GO","AREIA","Construção civil","Sim","28/12/2007"
"Gerência Regional / GO","860247/2016","Requerimento de Autorização de Pesquisa","Autorização de Pesquisa","***.108.141-**","Junior da Silva Ribeiro","NIQUELÂNDIA - GO, SANTA RITA DO NOVO DESTINO - GO, URUAÇU - GO","AREIA, MINÉRIO DE OURO","Construção civil, Industrial","Sim","28/11/2017"
"Gerência Regional / GO","860460/2011","Requerimento de Lavra Garimpeira","Lavra Garimpeira","***.795.181-**","Daniel Alexandre da Silva","URUAÇU - GO","AMETISTA","Gema","Sim","22/04/2015"
"Gerência Regional / GO","861876/2010","Requerimento de Cessão parcial","Requerimento de Lavra","08.665.973/0001-51","MARCOS PAULO FERREIRA","NIQUELÂNDIA - GO","AREIA, CASCALHO, MINÉRIO DE OURO","Construção civil, Construção civil, Industrial","Sim","07/12/2012"
"Gerência Regional / GO","860064/2002","Requerimento de Autorização de Pesquisa","Concessão de Lavra","07.638.538/0001-75","CALBRAX CALCARIO AGRICOLA LTDA","IACIARA - GO","DOLOMITO","Industrial","Sim","29/07/2009"
"Gerência Regional / GO","860440/2019","Requerimento de Autorização de Pesquisa","Autorização de Pesquisa","09.164.776/0001-11","COOPERATIVA BRASILEIRA DE DIAMANTES","ITAPIRAPUÃ - GO","AREIA, MINÉRIO DE OURO","Construção civil, Industrial","Sim","31/03/2023"
"Gerência Regional / GO","860036/2007","Requerimento de Autorização de Pesquisa","Concessão de Lavra","09.004.478/0001-64","AREIAL OURO BRANCO LTDA","ABADIÂNIA - GO","QUARTZITO, QUARTZITO","Industrial, Revestimento","Sim","27/08/2010"
"Gerência Regional / GO","861529/2008","Requerimento de Autorização de Pesquisa","Autorização de Pesquisa","***.967.151-**","CATHARINA RASSI JORGE","INDIARA - GO","MINÉRIO DE OURO","Industrial","Sim","27/01/2015"
"Gerência Regional / GO","860895/2010","Requerimento de Autorização de Pesquisa","Requerimento de Lavra","09.167.564/0001-98","LGV MINERACAO LTDA","GAMELEIRA DE GOIÁS - GO","ILMENITA, QUARTZITO","Brita, Industrial","Sim","08/03/2017"
"Gerência Regional / GO","860694/2005","Requerimento de Autorização de Pesquisa","Concessão de Lavra","10.261.177/0001-03","Pedra Ferro Mineração Ltda.","PARAÚNA - GO","BASALTO","Industrial","Sim","19/03/2013"
"Gerência Regional / GO","815131/1969","Requerimento de Autorização de Pesquisa","Concessão de Lavra","09.433.698/0001-03","Companhia Niquel Santa Fé","IPORÁ - GO, ISRAELÂNDIA - GO","NÍQUEL","Demais substâncias","Sim","01/12/2008"
"Gerência Regional / GO","815130/1969","Requerimento de Autorização de Pesquisa","Concessão de Lavra","09.433.698/0001-03","Companhia Niquel Santa Fé","IPORÁ - GO","NÍQUEL","Demais substâncias","Sim","01/12/2008"
"Gerência Regional / GO","815129/1969","Requerimento de Autorização de Pesquisa","Concessão de Lavra","09.433.698/0001-03","Companhia Niquel Santa Fé","IPORÁ - GO","NÍQUEL","Demais substâncias","Sim","01/12/2008"
"Gerência Regional / GO","815117/1969","Requerimento de Autorização de Pesquisa","Requerimento de Lavra","09.433.698/0001-03","Companhia Niquel Santa Fé","IPORÁ - GO, ISRAELÂNDIA - GO","NÍQUEL","Demais substâncias","Sim","01/12/2008"
"Gerência Regional / GO","815116/1969","Requerimento de Autorização de Pesquisa","Requerimento de Lavra","09.433.698/0001-03","Companhia Niquel Santa Fé","IPORÁ - GO","NÍQUEL","Demais substâncias","Sim","22/11/2002"
"Gerência Regional / GO","815113/1969","Requerimento de Autorização de Pesquisa","Requerimento de Lavra","09.433.698/0001-03","Companhia Niquel Santa Fé","IPORÁ - GO","NÍQUEL","Demais substâncias","Sim","22/11/2002"
"Gerência Regional / GO","809032/1968","Requerimento de Autorização de Pesquisa","Requerimento de Lavra","09.433.698/0001-03","Companhia Niquel Santa Fé","JUSSARA - GO","MINÉRIO DE NÍQUEL","Industrial","Sim","27/11/2002"
"Gerência Regional / GO","808589/1974","Requerimento de Autorização de Pesquisa","Concessão de Lavra","09.433.698/0001-03","Companhia Niquel Santa Fé","IPORÁ - GO, JAUPACI - GO","SILICATOS DE NÍQUEL","Demais substâncias","Sim","01/12/2008"
"Gerência Regional / GO","808588/1974","Requerimento de Autorização de Pesquisa","Concessão de Lavra","09.433.698/0001-03","Companhia Niquel Santa Fé","DIORAMA - GO, IPORÁ - GO, JAUPACI - GO","SILICATOS DE NÍQUEL","Demais substâncias","Sim","01/12/2008"
"Gerência Regional / GO","808587/1974","Requerimento de Autorização de Pesquisa","Concessão de Lavra","09.433.698/0001-03","Companhia Niquel Santa Fé","DIORAMA - GO, IPORÁ - GO","SILICATOS DE NÍQUEL","Demais substâncias","Sim","01/12/2008"
"Gerência Regional / GO","808541/1970","Requerimento de Autorização de Pesquisa","Requerimento de Lavra","09.433.698/0001-03","Companhia Niquel Santa Fé","JUSSARA - GO","MINÉRIO DE NÍQUEL","Industrial","Sim","01/12/2008"
"Gerência Regional / GO","808540/1970","Requerimento de Autorização de Pesquisa","Requerimento de Lavra","09.433.698/0001-03","Companhia Niquel Santa Fé","JUSSARA - GO","MINÉRIO DE NÍQUEL","Industrial","Sim","01/12/2008"
"Gerência Regional / GO","808539/1970","Requerimento de Autorização de Pesquisa","Autorização de Pesquisa","09.433.698/0001-03","Companhia Niquel Santa Fé","JUSSARA - GO","MINÉRIO DE NÍQUEL","Industrial","Sim","01/12/2008"
"Gerência Regional / GO","808538/1970","Requerimento de Autorização de Pesquisa","Requerimento de Lavra","09.433.698/0001-03","Companhia Niquel Santa Fé","JUSSARA - GO","MINÉRIO DE NÍQUEL","Industrial","Sim","01/12/2008"
"Gerência Regional / GO","806139/1973","Requerimento de Autorização de Pesquisa","Requerimento de Lavra","09.433.698/0001-03","Companhia Niquel Santa Fé","JUSSARA - GO","MINÉRIO DE NÍQUEL","Industrial","Sim","01/12/2008"
"Gerência Regional / GO","805835/1971","Requerimento de Autorização de Pesquisa","Concessão de Lavra","09.433.698/0001-03","Companhia Niquel Santa Fé","SANTA FÉ DE GOIÁS - GO","VERMICULITA","Demais substâncias","Sim","01/12/2008"
"Gerência Regional / GO","860810/1991","Requerimento de Lavra Garimpeira","Lavra Garimpeira","***.268.951-**","JOSETE RORIZ DE OLIVEIRA","CAMPOS VERDES - GO","ESMERALDA","Demais substâncias","Sim","11/09/2009"
"Gerência Regional / GO","860975/2004","Requerimento de Autorização de Pesquisa","Concessão de Lavra","08.784.926/0001-27","Ds Godinho","PIRENÓPOLIS - GO","QUARTZITO","Revestimento","Sim","01/09/2009"
"Gerência Regional / GO","860233/2019","Requerimento de Autorização de Pesquisa","Autorização de Pesquisa","04.257.245/0001-50","VITORIA MINING - MINERACAO IMPORTACAO E EXPORTACAO LTDA","COLINAS DO SUL - GO","MINÉRIO DE OURO","Industrial","Sim","14/09/2021"
"Gerência Regional / GO","861003/2012","Requerimento de Autorização de Pesquisa","Autorização de Pesquisa","04.093.361/0001-80","Gotabri Mineração e Transportes Ltda. Epp","AVELINÓPOLIS - GO","GNAISSE","Brita","Sim","16/07/2013"
"Gerência Regional / GO","861292/2015","Requerimento de Autorização de Pesquisa","Requerimento de Lavra","37.021.524/0001-79","LUIZ HUMBERTO DE OLIVEIRA","JOVIÂNIA - GO","BASALTO, BASALTO, BASALTO","Brita, Pedra de talhe, Revestimento","Sim","19/03/2018"
"Gerência Regional / GO","860807/2018","Requerimento de Autorização de Pesquisa","Autorização de Pesquisa","10.476.221/0001-94","EMPRESA BRASILEIRA DE AGREGADOS MINERAIS S/A","CATALÃO - GO","GNAISSE","Brita","Sim","19/04/2023"
"Gerência Regional / GO","860585/2019","Requerimento de Autorização de Pesquisa","Autorização de Pesquisa","07.122.743/0001-83","BREEX MINING E TECNOLOGIA MINERAL LTDA","CAMPOS BELOS - GO","CALCÁRIO, CALCÁRIO, CALCÁRIO, CALCÁRIO, CALCÁRIO, FOSFATO","Brita, Corretivo de solo, Fabricação de cal, Fabricação de cimento, Fertilizantes, Revestimento","Sim","28/10/2025"
"Gerência Regional / GO","860702/1988","Requerimento de Autorização de Pesquisa","Concessão de Lavra","06.117.379/0001-09","MINERACAO THERMAS PARANOA LTDA","CALDAS NOVAS - GO","ÁGUA MINERAL","Demais substâncias","Sim","14/04/2011"
"Gerência Regional / GO","861299/2009","Requerimento de Autorização de Pesquisa","Concessão de Lavra","11.338.568/0001-33","AREIA GOIAS MINERACAO LTDA","SENADOR CANEDO - GO","MINÉRIO DE OURO, QUARTZITO","Industrial, Industrial","Sim","23/09/2010"
"Gerência Regional / GO","860004/2011","Requerimento de Autorização de Pesquisa","Autorização de Pesquisa","***.309.533-**","Arquilene Regina Mota de Sousa","ÁGUAS LINDAS DE GOIÁS - GO, COCALZINHO DE GOIÁS - GO","AREIA, ARGILA, CALCÁRIO, MINÉRIO DE OURO","Construção civil, Construção civil, Fabricação de cimento, Industrial","Sim","29/05/2015"
"Gerência Regional / GO","860667/1986","Requerimento de Autorização de Pesquisa","Concessão de Lavra","07.657.644/0001-04","MINERADORA PAMWILL LTDA","CALDAS NOVAS - GO","ÁGUA MINERAL","Demais substâncias","Sim","22/05/1997"
"Gerência Regional / GO","860152/2009","Requerimento de Autorização de Pesquisa","Requerimento de Lavra","10.725.916/0001-62","MINERACAO BATALHA E PARTICIPACOES LTDA","IPAMERI - GO","CALCÁRIO, CALCÁRIO, CALCÁRIO","Brita, Corretivo de solo, Fabricação de cal","Sim","12/07/2010"
"Gerência Regional / GO","813379/1970","Requerimento de Autorização de Pesquisa","Concessão de Lavra","10.936.580/0001-87","MINERACAO BOA VISTA LTDA","ÁGUA FRIA DE GOIÁS - GO, NIQUELÂNDIA - GO, SÃO JOÃO D'ALIANÇA - GO","MANGANÊS","Demais substâncias","Sim","14/09/2009"
"Gerência Regional / GO","861886/2024","Requerimento de Pesquisa - Leilão","Autorização de Pesquisa","10.952.209/0001-09","GL MINERACAO LTDA","GOUVELÂNDIA - GO, INACIOLÂNDIA - GO, IPIAÇU - MG","AREIA, CALCEDÔNIA, CASCALHO, DIAMANTE","Artesanato  mineral, Construção civil, Construção civil, Industrial","Sim","17/03/2026"
"Gerência Regional / GO","862049/2007","Requerimento de Autorização de Pesquisa","Autorização de Pesquisa","11.085.724/0001-00","Adher Empreendimentos Ltda.","CAVALCANTE - GO","MINÉRIO DE FERRO","Industrial","Sim","06/07/2011"
"Gerência Regional / GO","861236/2024","Requerimento de Autorização de Pesquisa","Autorização de Pesquisa","10.962.529/0001-40","CALMAP INDUSTRIA DE CALCARIO LTDA","SÃO DOMINGOS - GO","MINÉRIO DE OURO","Industrial","Sim","04/09/2025"
"Gerência Regional / GO","860753/2024","Requerimento de Autorização de Pesquisa","Autorização de Pesquisa","10.962.529/0001-40","CALMAP INDUSTRIA DE CALCARIO LTDA","DIVINÓPOLIS DE GOIÁS - GO, SÃO DOMINGOS - GO","CALCÁRIO, CALCÁRIO","Corretivo de solo, Fabricação de cal","Sim","23/04/2025"
"Gerência Regional / GO","860528/2023","Requerimento de Autorização de Pesquisa","Autorização de Pesquisa","10.962.529/0001-40","CALMAP INDUSTRIA DE CALCARIO LTDA","MIMOSO DE GOIÁS - GO","CALCÁRIO, CALCÁRIO","Corretivo de solo, Fabricação de cimento","Sim","08/08/2024"
"Gerência Regional / GO","860630/2003","Requerimento de Autorização de Pesquisa","Concessão de Lavra","11.388.431/0001-93","PEDRAS MULTICORES LTDA","PIRENÓPOLIS - GO","QUARTZITO","Industrial","Sim","17/03/2010"
"Gerência Regional / GO","860718/2023","Requerimento de Autorização de Pesquisa","Autorização de Pesquisa","09.667.133/0001-90","COOPERATIVA DOS GARIMPEIROS DE APIACAS - COOGAP","JUSSARA - GO","MINÉRIO DE OURO","Industrial","Sim","15/04/2024"
"Gerência Regional / GO","860186/2023","Requerimento de Autorização de Pesquisa","Autorização de Pesquisa","09.667.133/0001-90","COOPERATIVA DOS GARIMPEIROS DE APIACAS - COOGAP","FAINA - GO","MINÉRIO DE OURO","Industrial","Sim","15/04/2024"
"Gerência Regional / GO","861479/2012","Requerimento de Autorização de Pesquisa","Requerimento de Lavra","11.499.461/0001-77","FIVE STAR MINERACAO LTDA.","OUVIDOR - GO","DIAMANTE","Gema","Sim","05/12/2014"
"Gerência Regional / GO","860454/2016","Requerimento de Autorização de Pesquisa","Autorização de Pesquisa","11.499.461/0001-77","FIVE STAR MINERACAO LTDA.","CAIAPÔNIA - GO","FOSFATO","Fertilizantes","Sim","24/04/2017"
"Gerência Regional / GO","860452/2016","Requerimento de Autorização de Pesquisa","Autorização de Pesquisa","11.499.461/0001-77","FIVE STAR MINERACAO LTDA.","PALESTINA DE GOIÁS - GO","FOSFATO","Fertilizantes","Sim","24/04/2017"
"Gerência Regional / GO","860443/2017","Requerimento de Autorização de Pesquisa","Autorização de Pesquisa","11.499.461/0001-77","FIVE STAR MINERACAO LTDA.","CATALÃO - GO","DIAMANTE","Industrial","Sim","27/06/2018"
"Gerência Regional / GO","860442/2017","Requerimento de Autorização de Pesquisa","Autorização de Pesquisa","11.499.461/0001-77","FIVE STAR MINERACAO LTDA.","CAMPO ALEGRE DE GOIÁS - GO, CATALÃO - GO","DIAMANTE","Industrial","Sim","27/06/2018"
"Gerência Regional / GO","860026/2020","Requerimento de Autorização de Pesquisa","Requerimento de Lavra","***.797.371-**","LUCILEY ALVES ROSA","PARAÚNA - GO","AREIA, MINÉRIO DE OURO","Construção civil, Industrial","Sim","24/11/2023"
"Gerência Regional / GO","861292/2015","Requerimento de Autorização de Pesquisa","Requerimento de Lavra","37.021.524/0001-79","LUIZ HUMBERTO DE OLIVEIRA","JOVIÂNIA - GO","BASALTO, BASALTO, BASALTO","Brita, Pedra de talhe, Revestimento","Sim","13/06/2022"
"Gerência Regional / GO","860175/2004","Requerimento de Autorização de Pesquisa","Requerimento de Lavra","37.021.524/0001-79","LUIZ HUMBERTO DE OLIVEIRA","VICENTINÓPOLIS - GO","BASALTO","Revestimento","Sim","07/10/2011"
"Gerência Regional / GO","862393/2011","Requerimento de Mudança de Regime para Aut. de Pesquisa","Concessão de Lavra","37.021.524/0001-79","LUIZ HUMBERTO DE OLIVEIRA","VICENTINÓPOLIS - GO","BASALTO, BASALTO","Pedra de talhe, Revestimento","Sim","17/11/2015"
"Gerência Regional / GO","860293/2010","Requerimento de Disponibilidade para pesquisa","Autorização de Pesquisa","07.161.220/0001-46","Brom S A","HIDROLÂNDIA - GO","MINÉRIO DE FERRO","Industrial","Sim","29/11/2010"
"Gerência Regional / GO","861193/2016","Requerimento de Autorização de Pesquisa","Autorização de Pesquisa","***.561.706-**","Cláudio Dornelas Gonçalves ","ABADIA DOS DOURADOS - MG, OUVIDOR - GO","DIAMANTE","Industrial","Sim","27/06/2018"
"Gerência Regional / GO","815132/1969","Requerimento de Autorização de Pesquisa","Concessão de Lavra","09.433.698/0001-03","Companhia Niquel Santa Fé","IPORÁ - GO","NÍQUEL","Demais substâncias","Sim","01/12/2008"
"Gerência Regional / GO","860610/2007","Requerimento de Autorização de Pesquisa","Requerimento de Lavra","08.869.447/0001-03","D & S DISTRIBUIDORA DE AREIA LTDA","PIRENÓPOLIS - GO","AREIA, MINÉRIO DE OURO","Construção civil, Industrial","Sim","28/10/2016"
"Gerência Regional / GO","860811/1991","Requerimento de Lavra Garimpeira","Lavra Garimpeira","***.268.951-**","JOSETE RORIZ DE OLIVEIRA","CAMPOS VERDES - GO","ESMERALDA","Demais substâncias","Sim","11/09/2009"
"Gerência Regional / GO","860807/2018","Requerimento de Autorização de Pesquisa","Autorização de Pesquisa","10.476.221/0001-94","EMPRESA BRASILEIRA DE AGREGADOS MINERAIS S/A","CATALÃO - GO","GNAISSE","Brita","Sim","07/03/2024"
"Gerência Regional / GO","861359/2006","Requerimento de Autorização de Pesquisa","Requerimento de Lavra","08.784.926/0001-27","Ds Godinho","PIRENÓPOLIS - GO","QUARTZITO","Pedra de talhe","Sim","23/02/2011"
"Gerência Regional / GO","860585/2019","Requerimento de Autorização de Pesquisa","Autorização de Pesquisa","07.122.743/0001-83","BREEX MINING E TECNOLOGIA MINERAL LTDA","CAMPOS BELOS - GO","CALCÁRIO, CALCÁRIO, CALCÁRIO, CALCÁRIO, CALCÁRIO, FOSFATO","Brita, Corretivo de solo, Fabricação de cal, Fabricação de cimento, Fertilizantes, Revestimento","Sim","08/03/2022"
"Gerência Regional / GO","861754/2008","Requerimento de Autorização de Pesquisa","Requerimento de Lavra","04.093.361/0001-80","Gotabri Mineração e Transportes Ltda. Epp","AVELINÓPOLIS - GO","GNAISSE","Brita","Sim","13/11/2009"
"Gerência Regional / GO","860702/1988","Requerimento de Autorização de Pesquisa","Concessão de Lavra","06.117.379/0001-09","MINERACAO THERMAS PARANOA LTDA","CALDAS NOVAS - GO","ÁGUA MINERAL","Demais substâncias","Sim","09/12/2010"
"Gerência Regional / GO","860256/2005","Requerimento de Autorização de Pesquisa","Concessão de Lavra","08.640.137/0001-12","Manoel Aires Filho & Cia Ltda","LUZIÂNIA - GO","ÁGUA MINERAL","Industrial","Sim","04/09/2014"
"Gerência Regional / GO","861105/2023","Requerimento de Autorização de Pesquisa","Autorização de Pesquisa","10.725.916/0001-62","MINERACAO BATALHA E PARTICIPACOES LTDA","ANICUNS - GO","CALCÁRIO CALCÍTICO","Fabricação de cimento","Sim","15/05/2025"
"Gerência Regional / GO","860666/2010","Requerimento de Autorização de Pesquisa","Requerimento de Lavra","10.608.965/0001-15","Mw Mineradora & Transportadora Ltda","HIDROLINA - GO, SÃO LUIZ DO NORTE - GO","AREIA, CASCALHO, MINÉRIO DE OURO","Construção civil, Construção civil, Industrial","Sim","25/11/2014"
"Gerência Regional / GO","860618/2016","Requerimento de Autorização de Pesquisa","Autorização de Pesquisa","***.650.851-**","Cleunice Gundim Mendonça","SILVÂNIA - GO, VIANÓPOLIS - GO","AREIA, DIAMANTE","Construção civil, Industrial","Sim","12/12/2019"
"Gerência Regional / GO","814258/1970","Requerimento de Autorização de Pesquisa","Concessão de Lavra","10.936.580/0001-87","MINERACAO BOA VISTA LTDA","SÃO JOÃO D'ALIANÇA - GO","MANGANÊS","Demais substâncias","Sim","14/09/2009"
"Gerência Regional / MG","831426/2017","Requerimento de Autorização de Pesquisa","Requerimento de Lavra","10.952.209/0001-09","GL MINERACAO LTDA","CACHOEIRA DOURADA - GO, CACHOEIRA DOURADA - MG","AREIA, CASCALHO, DIAMANTE, MINÉRIO DE OURO","Construção civil, Construção civil, Industrial, Industrial","Sim","30/09/2024"
"Gerência Regional / GO","860469/2003","Requerimento de Autorização de Pesquisa","Requerimento de Lavra","11.101.882/0001-06","Vitória Indústria e Comércio de Água Mineral Ltda.","ANÁPOLIS - GO","ÁGUA MINERAL","Industrial","Sim","22/03/2010"
"Gerência Regional / GO","862050/2007","Requerimento de Autorização de Pesquisa","Autorização de Pesquisa","11.085.724/0001-00","Adher Empreendimentos Ltda.","CAVALCANTE - GO","MINÉRIO DE FERRO","Industrial","Sim","06/07/2011"
"Gerência Regional / GO","861070/2021","Requerimento de Pesquisa - Leilão","Autorização de Pesquisa","***.800.601-**","GUILHERME FERREIRA NETO","JARAGUÁ - GO, URUANA - GO","AREIA","Construção civil","Sim","03/05/2022"
"Gerência Regional / GO","860513/1986","Requerimento de Autorização de Pesquisa","Concessão de Lavra","11.022.569/0001-74","MINERGO-MINERACAO GOIANA LTDA","CALDAS NOVAS - GO","ÁGUA MINERAL","Demais substâncias","Sim","01/02/2011"
"Gerência Regional / GO","860631/2003","Requerimento de Autorização de Pesquisa","Concessão de Lavra","11.388.431/0001-93","PEDRAS MULTICORES LTDA","PIRENÓPOLIS - GO","QUARTZITO","Industrial","Sim","17/03/2010"
"Gerência Regional / GO","861299/2009","Requerimento de Autorização de Pesquisa","Concessão de Lavra","11.338.568/0001-33","AREIA GOIAS MINERACAO LTDA","SENADOR CANEDO - GO","MINÉRIO DE OURO, QUARTZITO","Industrial, Industrial","Sim","14/04/2011"
"Gerência Regional / GO","860004/2011","Requerimento de Autorização de Pesquisa","Autorização de Pesquisa","***.309.533-**","Arquilene Regina Mota de Sousa","ÁGUAS LINDAS DE GOIÁS - GO, COCALZINHO DE GOIÁS - GO","AREIA, ARGILA, CALCÁRIO, MINÉRIO DE OURO","Construção civil, Construção civil, Fabricação de cimento, Industrial","Sim","24/06/2016"
"Gerência Regional / GO","860667/1986","Requerimento de Autorização de Pesquisa","Concessão de Lavra","07.657.644/0001-04","MINERADORA PAMWILL LTDA","CALDAS NOVAS - GO","ÁGUA MINERAL","Demais substâncias","Sim","22/03/2016"
"Gerência Regional / GO","861299/2006","Requerimento de Autorização de Pesquisa","Concessão de Lavra","11.211.244/0001-30","EXTRACAO DE AREIA BOA ESPERANCA","JATAÍ - GO","AREIA","Construção civil","Sim","19/08/2010"
"Gerência Regional / GO","861144/2006","Requerimento de Autorização de Pesquisa","Requerimento de Lavra","08.990.453/0001-14","BRUEN MINERACAO LTDA","JARAGUÁ - GO","AREIA, CASCALHO","Construção civil, Construção civil","Sim","24/05/2010"
"Gerência Regional / GO","860168/2009","Requerimento de Cessão parcial","Requerimento de Lavra","11.222.582/0001-77","ROMULO BOECHAT LOPES RAIMONDI","GOIÁS - GO, ITAPIRAPUÃ - GO","AREIA","Construção civil","Sim","09/02/2011"
"Gerência Regional / GO","860073/2021","Requerimento de Autorização de Pesquisa","Autorização de Pesquisa","***.797.371-**","LUCILEY ALVES ROSA","PARAÚNA - GO","AREIA, MINÉRIO DE OURO","Construção civil, Industrial","Sim","30/09/2024"
"Gerência Regional / GO","861746/2011","Requerimento de Autorização de Pesquisa","Requerimento de Lavra","37.021.524/0001-79","LUIZ HUMBERTO DE OLIVEIRA","GOIATUBA - GO, JOVIÂNIA - GO","BASALTO, MINÉRIO DE OURO","Industrial, Revestimento","Sim","15/03/2016"
"Gerência Regional / GO","860065/1986","Requerimento de Autorização de Pesquisa","Concessão de Lavra","07.617.060/0001-05","ERSPINDOLA MINERACAO LTDA","CALDAS NOVAS - GO","ÁGUA MINERAL, ÁGUAS TERMAIS","Demais substâncias, Demais substâncias","Sim","18/03/1997"
"Gerência Regional / GO","860065/1986","Requerimento de Autorização de Pesquisa","Concessão de Lavra","07.617.060/0001-05","ERSPINDOLA MINERACAO LTDA","CALDAS NOVAS - GO","ÁGUA MINERAL, ÁGUAS TERMAIS","Demais substâncias, Demais substâncias","Sim","22/09/2011"
"Gerência Regional / GO","861578/1995","Requerimento de Autorização de Pesquisa","Concessão de Lavra","11.857.678/0001-01","BL-EXTRACAO DE AREIA LTDA","PIRACANJUBA - GO","AREIA","Demais substâncias","Sim","13/07/2001"
"Gerência Regional / GO","861576/1995","Requerimento de Autorização de Pesquisa","Concessão de Lavra","11.857.678/0001-01","BL-EXTRACAO DE AREIA LTDA","PIRACANJUBA - GO, PROFESSOR JAMIL - GO","AREIA","Demais substâncias","Sim","13/07/2001"
"Gerência Regional / GO","861575/1995","Requerimento de Autorização de Pesquisa","Concessão de Lavra","11.857.678/0001-01","BL-EXTRACAO DE AREIA LTDA","PIRACANJUBA - GO, PROFESSOR JAMIL - GO","AREIA","Demais substâncias","Sim","13/07/2001"
"Gerência Regional / GO","860337/1998","Requerimento de Autorização de Pesquisa","Concessão de Lavra","11.857.678/0001-01","BL-EXTRACAO DE AREIA LTDA","PIRACANJUBA - GO","AREIA","Construção civil","Sim","09/12/2010"
"Gerência Regional / GO","860336/1998","Requerimento de Autorização de Pesquisa","Concessão de Lavra","11.857.678/0001-01","BL-EXTRACAO DE AREIA LTDA","PIRACANJUBA - GO, PROFESSOR JAMIL - GO","AREIA","Construção civil","Sim","09/12/2010"
"Gerência Regional / GO","860007/1999","Requerimento de Autorização de Pesquisa","Concessão de Lavra","11.857.678/0001-01","BL-EXTRACAO DE AREIA LTDA","PIRACANJUBA - GO, PROFESSOR JAMIL - GO","AREIA","Demais substâncias","Sim","13/07/2001"
"Gerência Regional / GO","861581/1995","Requerimento de Autorização de Pesquisa","Concessão de Lavra","11.857.678/0001-01","BL-EXTRACAO DE AREIA LTDA","PIRACANJUBA - GO, PROFESSOR JAMIL - GO","AREIA","Demais substâncias","Sim","10/06/2002"
"Gerência Regional / GO","861580/1995","Requerimento de Autorização de Pesquisa","Concessão de Lavra","11.857.678/0001-01","BL-EXTRACAO DE AREIA LTDA","PIRACANJUBA - GO, PROFESSOR JAMIL - GO","AREIA","Demais substâncias","Sim","13/07/2001"
"Gerência Regional / GO","861616/2012","Requerimento de Autorização de Pesquisa","Requerimento de Lavra","12.770.271/0001-05","Mineradora Capital Ltda","AMARALINA - GO, MUNDO NOVO - GO, UIRAPURU - GO","AREIA, MINÉRIO DE OURO","Construção civil, Industrial","Sim","08/09/2016"
"Gerência Regional / GO","860011/2003","Requerimento de Autorização de Pesquisa","Requerimento de Lavra","07.551.556/0001-15","AREIAL DISTRIBUIDORA E TRANSPORTE LTDA","BURITI DE GOIÁS - GO, SANCLERLÂNDIA - GO","AREIA, MINÉRIO DE OURO","Construção civil, Industrial","Sim","21/07/2008"
"Gerência Regional / GO","861036/2006","Requerimento de Autorização de Pesquisa","Concessão de Lavra","10.486.442/0001-43","MIGUEL ALVES DE FREITAS","GAMELEIRA DE GOIÁS - GO, SILVÂNIA - GO","AREIA","Construção civil","Sim","05/04/2007"
"Gerência Regional / GO","860517/1986","Requerimento de Autorização de Pesquisa","Concessão de Lavra","07.617.060/0001-05","ERSPINDOLA MINERACAO LTDA","CALDAS NOVAS - GO","ÁGUAS TERMAIS","Demais substâncias","Sim","22/09/2011"
"Gerência Regional / GO","860517/1986","Requerimento de Autorização de Pesquisa","Concessão de Lavra","07.617.060/0001-05","ERSPINDOLA MINERACAO LTDA","CALDAS NOVAS - GO","ÁGUAS TERMAIS","Demais substâncias","Sim","14/04/2011"
"Gerência Regional / GO","861579/1995","Requerimento de Autorização de Pesquisa","Concessão de Lavra","11.857.678/0001-01","BL-EXTRACAO DE AREIA LTDA","PIRACANJUBA - GO","AREIA","Demais substâncias","Sim","09/12/2010"
"Gerência Regional / GO","861379/2007","Requerimento de Autorização de Pesquisa","Concessão de Lavra","13.083.254/0001-62","MINERACAO 3R LTDA","PADRE BERNARDO - GO","CALCÁRIO, CALCÁRIO","Brita, Fabricação de cimento","Sim","28/06/2012"
"Gerência Regional / GO","860771/1991","Requerimento de Lavra Garimpeira","Lavra Garimpeira","***.014.675-**","CLEITON ROBERTO DE SOUZA","CAMPOS VERDES - GO","ESMERALDA","Demais substâncias","Sim","08/03/2017"
"Gerência Regional / GO","860771/1991","Requerimento de Lavra Garimpeira","Lavra Garimpeira","***.014.675-**","CLEITON ROBERTO DE SOUZA","CAMPOS VERDES - GO","ESMERALDA","Demais substâncias","Sim","16/12/2021"
"Gerência Regional / GO","861648/2009","Requerimento de Autorização de Pesquisa","Concessão de Lavra","13.707.719/0001-09","ARMAZEM DA AREIA LTDA","SENADOR CANEDO - GO","CASCALHO, QUARTZITO, QUARTZITO","Brita, Construção civil, Industrial","Sim","06/07/2011"
"Gerência Regional / GO","861455/2010","Requerimento de Autorização de Pesquisa","Requerimento de Lavra","97.548.268/0001-02","Sandelf Industria Mineradora Ltda","FORMOSA - GO","CALCÁRIO, QUARTZITO","Brita, Fabricação de cimento","Sim","07/10/2011"
"Gerência Regional / GO","860372/2008","Requerimento de Autorização de Pesquisa","Concessão de Lavra","10.486.442/0001-43","MIGUEL ALVES DE FREITAS","GAMELEIRA DE GOIÁS - GO, SILVÂNIA - GO","AREIA","Construção civil","Sim","21/09/2010"
"Gerência Regional / GO","860065/1986","Requerimento de Autorização de Pesquisa","Concessão de Lavra","07.617.060/0001-05","ERSPINDOLA MINERACAO LTDA","CALDAS NOVAS - GO","ÁGUA MINERAL, ÁGUAS TERMAIS","Demais substâncias, Demais substâncias","Sim","14/04/2011"
"Gerência Regional / GO","861295/2004","Requerimento de Autorização de Pesquisa","Concessão de Lavra","10.338.305/0001-61","Santa Vitória Energia e Mineração Ltda","SANTA CRUZ DE GOIÁS - GO","AREIA","Construção civil","Sim","16/05/2011"
"Gerência Regional / GO","861578/1995","Requerimento de Autorização de Pesquisa","Concessão de Lavra","11.857.678/0001-01","BL-EXTRACAO DE AREIA LTDA","PIRACANJUBA - GO","AREIA","Demais substâncias","Sim","09/12/2010"
"Gerência Regional / GO","861576/1995","Requerimento de Autorização de Pesquisa","Concessão de Lavra","11.857.678/0001-01","BL-EXTRACAO DE AREIA LTDA","PIRACANJUBA - GO, PROFESSOR JAMIL - GO","AREIA","Demais substâncias","Sim","09/12/2010"
"Gerência Regional / GO","861575/1995","Requerimento de Autorização de Pesquisa","Concessão de Lavra","11.857.678/0001-01","BL-EXTRACAO DE AREIA LTDA","PIRACANJUBA - GO, PROFESSOR JAMIL - GO","AREIA","Demais substâncias","Sim","09/12/2010"
"Gerência Regional / GO","861043/2013","Requerimento de Autorização de Pesquisa","Requerimento de Lavra","11.857.678/0001-01","BL-EXTRACAO DE AREIA LTDA","CÓRREGO DO OURO - GO, MOIPORÁ - GO","AREIA, DIAMANTE","Construção civil, Industrial","Sim","08/11/2019"
"Gerência Regional / GO","860571/2017","Requerimento de Cessão parcial","Concessão de Lavra","11.857.678/0001-01","BL-EXTRACAO DE AREIA LTDA","GOIÁS - GO, MATRINCHÃ - GO","AREIA","Construção civil","Sim","12/12/2019"
"Gerência Regional / GO","860337/1998","Requerimento de Autorização de Pesquisa","Concessão de Lavra","11.857.678/0001-01","BL-EXTRACAO DE AREIA LTDA","PIRACANJUBA - GO","AREIA","Construção civil","Sim","13/07/2001"
"Gerência Regional / GO","860336/1998","Requerimento de Autorização de Pesquisa","Concessão de Lavra","11.857.678/0001-01","BL-EXTRACAO DE AREIA LTDA","PIRACANJUBA - GO, PROFESSOR JAMIL - GO","AREIA","Construção civil","Sim","13/07/2001"
"Gerência Regional / GO","860007/1999","Requerimento de Autorização de Pesquisa","Concessão de Lavra","11.857.678/0001-01","BL-EXTRACAO DE AREIA LTDA","PIRACANJUBA - GO, PROFESSOR JAMIL - GO","AREIA","Demais substâncias","Sim","09/12/2010"
"Gerência Regional / GO","861581/1995","Requerimento de Autorização de Pesquisa","Concessão de Lavra","11.857.678/0001-01","BL-EXTRACAO DE AREIA LTDA","PIRACANJUBA - GO, PROFESSOR JAMIL - GO","AREIA","Demais substâncias","Sim","09/12/2010"
"Gerência Regional / GO","861580/1995","Requerimento de Autorização de Pesquisa","Concessão de Lavra","11.857.678/0001-01","BL-EXTRACAO DE AREIA LTDA","PIRACANJUBA - GO, PROFESSOR JAMIL - GO","AREIA","Demais substâncias","Sim","09/12/2010"
"Gerência Regional / MG","833054/2008","Requerimento de Autorização de Pesquisa","Autorização de Pesquisa","12.056.600/0001-50","Bemisa Brasil Exploração Mineral S A","UNAÍ - MG","MINÉRIO DE CHUMBO, MINÉRIO DE ZINCO","Industrial, Industrial","Sim","25/01/2011"
"Gerência Regional / GO","860726/2021","Requerimento de Pesquisa - Leilão","Autorização de Pesquisa","12.056.600/0001-50","Bemisa Brasil Exploração Mineral S A","NIQUELÂNDIA - GO","MINÉRIO DE OURO","Industrial","Sim","28/07/2022"
"Gerência Regional / GO","860418/2009","Requerimento de Autorização de Pesquisa","Autorização de Pesquisa","12.056.600/0001-50","Bemisa Brasil Exploração Mineral S A","MINAÇU - GO, PALMEIRÓPOLIS - TO","MINÉRIO DE NÍQUEL","Industrial","Sim","28/01/2011"
"Gerência Regional / GO","860414/2009","Requerimento de Autorização de Pesquisa","Autorização de Pesquisa","12.056.600/0001-50","Bemisa Brasil Exploração Mineral S A","MINAÇU - GO","MINÉRIO DE NÍQUEL","Industrial","Sim","28/01/2011"
"Gerência Regional / GO","860455/2008","Requerimento de Autorização de Pesquisa","Requerimento de Lavra","08.281.097/0001-60","Sri Mineração Ltda Me","JARAGUÁ - GO","AREIA, CASCALHO","Construção civil, Construção civil","Sim","16/05/2011"
"Gerência Regional / GO","860236/2012","Requerimento de Autorização de Pesquisa","Requerimento de Lavra","12.770.271/0001-05","Mineradora Capital Ltda","HIDROLINA - GO, SANTA RITA DO NOVO DESTINO - GO","AREIA, CASCALHO","Construção civil, Construção civil","Sim","28/08/2019"
"Gerência Regional / GO","861616/2012","Requerimento de Autorização de Pesquisa","Requerimento de Lavra","12.770.271/0001-05","Mineradora Capital Ltda","AMARALINA - GO, MUNDO NOVO - GO, UIRAPURU - GO","AREIA, MINÉRIO DE OURO","Construção civil, Industrial","Sim","19/02/2018"
"Gerência Regional / GO","862667/2011","Requerimento de Autorização de Pesquisa","Requerimento de Lavra","12.358.813/0001-37","TP Extração Mineral Ltda. - ME","CATALÃO - GO, DAVINÓPOLIS - GO, OUVIDOR - GO","AREIA","Construção civil","Sim","05/12/2025"
"Gerência Regional / GO","861083/2010","Requerimento de Cessão parcial","Concessão de Lavra","13.083.254/0001-62","MINERACAO 3R LTDA","PADRE BERNARDO - GO","CALCÁRIO","Brita","Sim","16/05/2011"
"Gerência Regional / GO","860238/2021","Requerimento de Autorização de Pesquisa","Autorização de Pesquisa","***.693.447-**","WARLES DE MIRANDA SALUME","PIRENÓPOLIS - GO","AREIA, MINÉRIO DE OURO","Construção civil, Industrial","Sim","01/02/2023"
"Gerência Regional / GO","860388/2018","Requerimento de Autorização de Pesquisa","Requerimento de Lavra","13.301.570/0001-63","LUCILEY ALVES ROSA","EDEALINA - GO, PONTALINA - GO","AREIA","Construção civil","Sim","05/02/2025"
"Gerência Regional / GO","860354/2008","Requerimento de Autorização de Pesquisa","Autorização de Pesquisa","13.420.503/0001-68","Campinorte Mineração S.a","URUAÇU - GO","MINÉRIO DE BISMUTO, MINÉRIO DE OURO","Industrial, Industrial","Sim","22/12/2011"
"Gerência Regional / GO","860225/2022","Requerimento de Mudança de Regime para Aut. de Pesquisa","Autorização de Pesquisa","13.420.503/0001-68","Campinorte Mineração S.a","CAMPINORTE - GO, URUAÇU - GO","MINÉRIO DE OURO","Industrial","Sim","03/05/2022"
"Gerência Regional / GO","862096/2007","Requerimento de Autorização de Pesquisa","Autorização de Pesquisa","13.420.503/0001-68","Campinorte Mineração S.a","URUAÇU - GO","MINÉRIO DE BISMUTO, MINÉRIO DE OURO","Industrial, Industrial","Sim","22/12/2011"
"Gerência Regional / GO","862095/2007","Requerimento de Autorização de Pesquisa","Requerimento de Lavra","13.420.503/0001-68","Campinorte Mineração S.a","CAMPINORTE - GO, URUAÇU - GO","CALCÁRIO, MINÉRIO DE BISMUTO, MINÉRIO DE OURO","Corretivo de solo, Industrial, Industrial","Sim","22/12/2011"
"Gerência Regional / GO","862094/2007","Requerimento de Autorização de Pesquisa","Autorização de Pesquisa","13.420.503/0001-68","Campinorte Mineração S.a","CAMPINORTE - GO, URUAÇU - GO","MINÉRIO DE BISMUTO, MINÉRIO DE OURO","Industrial, Industrial","Sim","22/12/2011"
"Gerência Regional / GO","862092/2007","Requerimento de Autorização de Pesquisa","Requerimento de Lavra","13.420.503/0001-68","Campinorte Mineração S.a","CAMPINORTE - GO, URUAÇU - GO","CALCÁRIO, MINÉRIO DE BISMUTO, MINÉRIO DE OURO","Corretivo de solo, Industrial, Industrial","Sim","22/12/2011"
"Gerência Regional / GO","862091/2007","Requerimento de Autorização de Pesquisa","Requerimento de Lavra","13.420.503/0001-68","Campinorte Mineração S.a","CAMPINORTE - GO, URUAÇU - GO","CALCÁRIO, MINÉRIO DE BISMUTO, MINÉRIO DE OURO","Corretivo de solo, Industrial, Industrial","Sim","22/12/2011"
"Gerência Regional / GO","862090/2007","Requerimento de Autorização de Pesquisa","Requerimento de Lavra","13.420.503/0001-68","Campinorte Mineração S.a","CAMPINORTE - GO, URUAÇU - GO","CALCÁRIO, MINÉRIO DE BISMUTO, MINÉRIO DE OURO","Corretivo de solo, Industrial, Industrial","Sim","22/12/2011"
"Gerência Regional / GO","862089/2007","Requerimento de Autorização de Pesquisa","Autorização de Pesquisa","13.420.503/0001-68","Campinorte Mineração S.a","URUAÇU - GO","MINÉRIO DE BISMUTO, MINÉRIO DE OURO","Industrial, Industrial","Sim","22/12/2011"
"Gerência Regional / GO","861628/2009","Requerimento de Autorização de Pesquisa","Autorização de Pesquisa","13.420.503/0001-68","Campinorte Mineração S.a","CAMPINORTE - GO, URUAÇU - GO","MINÉRIO DE BISMUTO, MINÉRIO DE OURO","Industrial, Industrial","Sim","22/12/2011"
"Gerência Regional / GO","860041/2012","Requerimento de Disponibilidade para pesquisa","Requerimento de Lavra","13.353.018/0001-19","Mineradora L & M Fronteira Ltda","SANTO ANTÔNIO DO DESCOBERTO - GO","ARENITO, MINÉRIO DE FERRO, MINÉRIO DE MANGANÊS","Construção civil, Industrial, Industrial","Sim","10/08/2017"
"Gerência Regional / GO","860011/2003","Requerimento de Autorização de Pesquisa","Requerimento de Lavra","07.551.556/0001-15","AREIAL DISTRIBUIDORA E TRANSPORTE LTDA","BURITI DE GOIÁS - GO, SANCLERLÂNDIA - GO","AREIA, MINÉRIO DE OURO","Construção civil, Industrial","Sim","20/04/2012"
"Gerência Regional / GO","860094/2009","Requerimento de Autorização de Pesquisa","Concessão de Lavra","10.801.245/0001-71","Agropecuaria Andorinhas do Cerrado Ltda","NOVO GAMA - GO","ÁGUA MINERAL","Engarrafamento","Sim","12/07/2010"
"Gerência Regional / GO","861036/2006","Requerimento de Autorização de Pesquisa","Concessão de Lavra","10.486.442/0001-43","MIGUEL ALVES DE FREITAS","GAMELEIRA DE GOIÁS - GO, SILVÂNIA - GO","AREIA","Construção civil","Sim","16/05/2011"
"Gerência Regional / GO","861061/2013","Requerimento de Cessão parcial","Requerimento de Lavra","11.461.800/0001-26","QUARTZITI MINERADORA LTDA","CORUMBÁ DE GOIÁS - GO","AREIA, QUARTZITO, QUARTZO","Construção civil, Industrial, Industrial","Sim","27/06/2018"
"Gerência Regional / GO","860517/1986","Requerimento de Autorização de Pesquisa","Concessão de Lavra","07.617.060/0001-05","ERSPINDOLA MINERACAO LTDA","CALDAS NOVAS - GO","ÁGUAS TERMAIS","Demais substâncias","Sim","18/03/1997"
"Gerência Regional / GO","860462/2011","Requerimento de Cessão parcial","Requerimento de Lavra","10.274.535/0001-04","Ricardo Luiz de Morais Lobo","CORUMBÁ DE GOIÁS - GO, PIRENÓPOLIS - GO","AREIA, MINÉRIO DE OURO","Construção civil, Industrial","Sim","27/11/2019"
"Gerência Regional / GO","861579/1995","Requerimento de Autorização de Pesquisa","Concessão de Lavra","11.857.678/0001-01","BL-EXTRACAO DE AREIA LTDA","PIRACANJUBA - GO","AREIA","Demais substâncias","Sim","13/07/2001"
"Gerência Regional / GO","861308/2011","Requerimento de Autorização de Pesquisa","Autorização de Pesquisa","***.454.871-**","Tatiane Maria da Costa","PIRACANJUBA - GO, PROFESSOR JAMIL - GO","MINÉRIO DE OURO","Industrial","Sim","16/11/2012"
"Gerência Regional / GO","860172/2000","Requerimento de Autorização de Pesquisa","Requerimento de Lavra","03.620.630/0001-57","Mqa Mineradora Quartzo Azul Ltda","ALEXÂNIA - GO","GRANITO","Demais substâncias","Sim","08/11/2019"
"Gerência Regional / GO","860409/2009","Requerimento de Autorização de Pesquisa","Autorização de Pesquisa","12.056.600/0001-50","Bemisa Brasil Exploração Mineral S A","MINAÇU - GO","MINÉRIO DE NÍQUEL","Industrial","Sim","28/01/2011"
"Gerência Regional / GO","860437/2015","Requerimento de Autorização de Pesquisa","Autorização de Pesquisa","12.347.581/0001-11","MULTIPLA MINERACAO LTDA","HIDROLÂNDIA - GO, PROFESSOR JAMIL - GO","GRANITO","Revestimento","Sim","21/11/2018"
"Gerência Regional / GO","861392/2006","Requerimento de Autorização de Pesquisa","Requerimento de Lavra","08.281.097/0001-60","Sri Mineração Ltda Me","JARAGUÁ - GO, SÃO FRANCISCO DE GOIÁS - GO","AREIA","Construção civil","Sim","04/08/2011"
"Gerência Regional / GO","860538/2023","Requerimento de Autorização de Pesquisa","Autorização de Pesquisa","12.770.271/0001-05","Mineradora Capital Ltda","HIDROLINA - GO, SANTA RITA DO NOVO DESTINO - GO","AREIA, MINÉRIO DE OURO","Construção civil, Industrial","Sim","29/05/2025"
"Gerência Regional / GO","861379/2007","Requerimento de Autorização de Pesquisa","Concessão de Lavra","13.083.254/0001-62","MINERACAO 3R LTDA","PADRE BERNARDO - GO","CALCÁRIO, CALCÁRIO","Brita, Fabricação de cimento","Sim","23/09/2010"
"Gerência Regional / GO","860771/1991","Requerimento de Lavra Garimpeira","Lavra Garimpeira","***.014.675-**","CLEITON ROBERTO DE SOUZA","CAMPOS VERDES - GO","ESMERALDA","Demais substâncias","Sim","28/11/2017"
"Gerência Regional / GO","861160/2006","Requerimento de Autorização de Pesquisa","Concessão de Lavra","00.798.066/0001-79","JESIEL MORAES MENEZES","JATAÍ - GO","AREIA, MINÉRIO DE OURO","Construção civil, Industrial","Sim","18/01/2012"
"Gerência Regional / GO","862721/2008","Requerimento de Cessão parcial","Requerimento de Lavra","13.325.996/0001-57","MINERADORA AROEIRA LTDA","SILVÂNIA - GO","AREIA","Construção civil","Sim","31/05/2011"
"Gerência Regional / GO","861648/2009","Requerimento de Autorização de Pesquisa","Concessão de Lavra","13.707.719/0001-09","ARMAZEM DA AREIA LTDA","SENADOR CANEDO - GO","CASCALHO, QUARTZITO, QUARTZITO","Brita, Construção civil, Industrial","Sim","20/01/2011"
"Gerência Regional / GO","861455/2010","Requerimento de Autorização de Pesquisa","Requerimento de Lavra","97.548.268/0001-02","Sandelf Industria Mineradora Ltda","FORMOSA - GO","CALCÁRIO, QUARTZITO","Brita, Fabricação de cimento","Sim","08/09/2011"
"Gerência Regional / GO","861856/2005","Requerimento de Autorização de Pesquisa","Requerimento de Lavra","07.944.690/0001-86","Mineração e Comercio de Produtos Minerais Caiapó Ltda","ÁGUAS LINDAS DE GOIÁS - GO, COCALZINHO DE GOIÁS - GO","AREIA, ARGILA REFRATÁRIA, MINÉRIO DE OURO, QUARTZITO, QUARTZITO","Construção civil, Industrial, Industrial, Industrial, Industrial","Sim","31/01/2012"
"Gerência Regional / GO","860740/2020","Requerimento de Autorização de Pesquisa","Requerimento de Lavra","13.301.570/0001-63","LUCILEY ALVES ROSA","PARAÚNA - GO","AREIA, MINÉRIO DE OURO","Construção civil, Industrial","Sim","20/05/2026"
"Gerência Regional / GO","860602/2003","Requerimento de Autorização de Pesquisa","Concessão de Lavra","08.638.106/0001-27","PEDREIRA FORTALEZA DO BAUZINHO LTDA","RIO VERDE - GO, SANTA HELENA DE GOIÁS - GO","BASALTO","Industrial","Sim","05/03/2012"
"Gerência Regional / GO","860467/2008","Requerimento de Autorização de Pesquisa","Concessão de Lavra","14.945.933/0001-66","MINERACAO RG LTDA","BURITI DE GOIÁS - GO, SANCLERLÂNDIA - GO","AREIA","Construção civil","Sim","21/07/2008"
"Gerência Regional / GO","860467/2008","Requerimento de Autorização de Pesquisa","Concessão de Lavra","14.945.933/0001-66","MINERACAO RG LTDA","BURITI DE GOIÁS - GO, SANCLERLÂNDIA - GO","AREIA","Construção civil","Sim","25/11/2014"
"Gerência Regional / GO","860466/2008","Requerimento de Autorização de Pesquisa","Concessão de Lavra","14.945.933/0001-66","MINERACAO RG LTDA","BURITI DE GOIÁS - GO, SANCLERLÂNDIA - GO","AREIA","Construção civil","Sim","21/07/2008"
"Gerência Regional / GO","860466/2008","Requerimento de Autorização de Pesquisa","Concessão de Lavra","14.945.933/0001-66","MINERACAO RG LTDA","BURITI DE GOIÁS - GO, SANCLERLÂNDIA - GO","AREIA","Construção civil","Sim","25/11/2014"
"Gerência Regional / GO","860807/2008","Requerimento de Autorização de Pesquisa","Concessão de Lavra","14.883.253/0001-65","DIVINO CARLOS MARQUES FERNANDES","GOIÁS - GO, ITAPIRAPUÃ - GO","AREIA, MINÉRIO DE OURO","Construção civil, Industrial","Sim","09/02/2011"
"Gerência Regional / GO","860807/2008","Requerimento de Autorização de Pesquisa","Concessão de Lavra","14.883.253/0001-65","DIVINO CARLOS MARQUES FERNANDES","GOIÁS - GO, ITAPIRAPUÃ - GO","AREIA, MINÉRIO DE OURO","Construção civil, Industrial","Sim","31/12/2008"
"Gerência Regional / GO","860807/2008","Requerimento de Autorização de Pesquisa","Concessão de Lavra","14.883.253/0001-65","DIVINO CARLOS MARQUES FERNANDES","GOIÁS - GO, ITAPIRAPUÃ - GO","AREIA, MINÉRIO DE OURO","Construção civil, Industrial","Sim","08/09/2011"
"Gerência Regional / GO","860807/2008","Requerimento de Autorização de Pesquisa","Concessão de Lavra","14.883.253/0001-65","DIVINO CARLOS MARQUES FERNANDES","GOIÁS - GO, ITAPIRAPUÃ - GO","AREIA, MINÉRIO DE OURO","Construção civil, Industrial","Sim","01/06/2009"
"Gerência Regional / GO","861384/2016","Requerimento de Autorização de Pesquisa","Autorização de Pesquisa","15.616.813/0001-88","C A DA CRUZ - EIRELI","ANICUNS - GO, NAZÁRIO - GO","AREIA, DIAMANTE","Construção civil, Industrial","Sim","29/08/2018"
"Gerência Regional / GO","860808/2011","Requerimento de Autorização de Pesquisa","Concessão de Lavra","15.616.813/0001-88","C A DA CRUZ - EIRELI","ITAPURANGA - GO, MORRO AGUDO DE GOIÁS - GO","AREIA, MINÉRIO DE OURO","Construção civil, Industrial","Sim","30/06/2017"
"Gerência Regional / GO","860808/2011","Requerimento de Autorização de Pesquisa","Concessão de Lavra","15.616.813/0001-88","C A DA CRUZ - EIRELI","ITAPURANGA - GO, MORRO AGUDO DE GOIÁS - GO","AREIA, MINÉRIO DE OURO","Construção civil, Industrial","Sim","04/05/2022"
"Gerência Regional / GO","860808/2011","Requerimento de Autorização de Pesquisa","Concessão de Lavra","15.616.813/0001-88","C A DA CRUZ - EIRELI","ITAPURANGA - GO, MORRO AGUDO DE GOIÁS - GO","AREIA, MINÉRIO DE OURO","Construção civil, Industrial","Sim","06/07/2021"
"Gerência Regional / GO","860808/2011","Requerimento de Autorização de Pesquisa","Concessão de Lavra","15.616.813/0001-88","C A DA CRUZ - EIRELI","ITAPURANGA - GO, MORRO AGUDO DE GOIÁS - GO","AREIA, MINÉRIO DE OURO","Construção civil, Industrial","Sim","01/09/2020"
"Gerência Regional / GO","860241/2018","Requerimento de Cessão parcial","Concessão de Lavra","15.616.813/0001-88","C A DA CRUZ - EIRELI","MORRO AGUDO DE GOIÁS - GO","AREIA","Construção civil","Sim","06/07/2021"
"Gerência Regional / GO","860047/2005","Requerimento de Autorização de Pesquisa","Concessão de Lavra","09.216.167/0001-69","MINERACOES DO BRASIL LTDA","CRISTALINA - GO, IPAMERI - GO","CALCÁRIO","Corretivo de solo","Sim","02/07/2009"
"Gerência Regional / GO","861186/2008","Requerimento de Autorização de Pesquisa","Requerimento de Lavra","17.742.494/0001-82","SABLO EXTRACAO E COMERCIO DE AREIA E CASCALHO EIRELI","NOVA GLÓRIA - GO, SANTA ISABEL - GO","AREIA, MINÉRIO DE OURO","Construção civil, Industrial","Sim","20/06/2012"
"Gerência Regional / GO","861185/2008","Requerimento de Autorização de Pesquisa","Requerimento de Lavra","17.742.494/0001-82","SABLO EXTRACAO E COMERCIO DE AREIA E CASCALHO EIRELI","NOVA GLÓRIA - GO, SANTA ISABEL - GO","AREIA, CASCALHO, MINÉRIO DE OURO","Construção civil, Construção civil, Industrial","Sim","20/06/2012"
"Gerência Regional / GO","860945/2017","Requerimento de Disponibilidade para pesquisa","Autorização de Pesquisa","07.715.130/0001-50","Cooperativa dos Extratores de Minerios do Sul do Pará","AMARALINA - GO, MARA ROSA - GO","MINÉRIO DE OURO","Industrial","Sim","17/02/2020"
"Gerência Regional / GO","861835/2010","Requerimento de Autorização de Pesquisa","Concessão de Lavra","17.833.812/0001-10","DANTAS MINERIOS LTDA","GUAPÓ - GO","GNAISSE","Revestimento","Sim","04/08/2011"
"Gerência Regional / GO","861835/2010","Requerimento de Autorização de Pesquisa","Concessão de Lavra","17.833.812/0001-10","DANTAS MINERIOS LTDA","GUAPÓ - GO","GNAISSE","Revestimento","Sim","01/11/2012"
"Gerência Regional / GO","861835/2010","Requerimento de Autorização de Pesquisa","Concessão de Lavra","17.833.812/0001-10","DANTAS MINERIOS LTDA","GUAPÓ - GO","GNAISSE","Revestimento","Sim","29/03/2012"
"Gerência Regional / GO","861460/2009","Requerimento de Cessão parcial","Requerimento de Lavra","14.883.253/0001-65","DIVINO CARLOS MARQUES FERNANDES","GOIÁS - GO","AREIA","Construção civil","Sim","13/05/2010"
"Gerência Regional / GO","861460/2009","Requerimento de Cessão parcial","Requerimento de Lavra","14.883.253/0001-65","DIVINO CARLOS MARQUES FERNANDES","GOIÁS - GO","AREIA","Construção civil","Sim","13/06/2022"
"Gerência Regional / MG","834316/2011","Requerimento de Autorização de Pesquisa","Autorização de Pesquisa","***.543.646-**","Nivaldo Lisboa Soares","ABADIA DOS DOURADOS - MG, OUVIDOR - GO, TRÊS RANCHOS - GO","AREIA, DIAMANTE","Construção civil, Gema","Sim","09/05/2014"
"Gerência Regional / GO","860776/2008","Requerimento de Autorização de Pesquisa","Requerimento de Lavra","12.253.540/0001-66","Honorato Materiais Para Construção Ltda","ABADIA DOS DOURADOS - MG, COROMANDEL - MG, DAVINÓPOLIS - GO","AREIA, CASCALHO, DIAMANTE","Construção civil, Construção civil, Industrial","Sim","14/02/2014"
"Gerência Regional / GO","861095/2022","Requerimento de Pesquisa - Leilão","Autorização de Pesquisa","***.896.366-**","EDSON DA SILVA SOUZA MOTA","ÁGUAS LINDAS DE GOIÁS - GO, SANTO ANTÔNIO DO DESCOBERTO - GO","MINÉRIO DE OURO","Industrial","Sim","28/04/2023"
"Gerência Regional / GO","860621/2021","Requerimento de Pesquisa - Leilão","Autorização de Pesquisa","13.420.503/0001-68","Campinorte Mineração S.a","CAMPINORTE - GO, URUAÇU - GO","MINÉRIO DE OURO","Industrial","Sim","25/02/2022"
"Gerência Regional / GO","860602/2003","Requerimento de Autorização de Pesquisa","Concessão de Lavra","08.638.106/0001-27","PEDREIRA FORTALEZA DO BAUZINHO LTDA","RIO VERDE - GO, SANTA HELENA DE GOIÁS - GO","BASALTO","Industrial","Sim","26/08/2004"
"Gerência Regional / GO","860374/2016","Requerimento de Disponibilidade para pesquisa","Concessão de Lavra","13.353.018/0001-19","Mineradora L & M Fronteira Ltda","SANTO ANTÔNIO DO DESCOBERTO - GO","AREIA, ARENITO, SAIBRO","Construção civil, Construção civil, Construção civil","Sim","10/08/2017"
"Gerência Regional / GO","860467/2008","Requerimento de Autorização de Pesquisa","Concessão de Lavra","14.945.933/0001-66","MINERACAO RG LTDA","BURITI DE GOIÁS - GO, SANCLERLÂNDIA - GO","AREIA","Construção civil","Sim","18/04/2013"
"Gerência Regional / GO","860466/2008","Requerimento de Autorização de Pesquisa","Concessão de Lavra","14.945.933/0001-66","MINERACAO RG LTDA","BURITI DE GOIÁS - GO, SANCLERLÂNDIA - GO","AREIA","Construção civil","Sim","18/04/2013"
"Gerência Regional / GO","860807/2008","Requerimento de Autorização de Pesquisa","Concessão de Lavra","14.883.253/0001-65","DIVINO CARLOS MARQUES FERNANDES","GOIÁS - GO, ITAPIRAPUÃ - GO","AREIA, MINÉRIO DE OURO","Construção civil, Industrial","Sim","16/11/2012"
"Gerência Regional / GO","861428/2008","Requerimento de Autorização de Pesquisa","Concessão de Lavra","15.616.813/0001-88","C A DA CRUZ - EIRELI","SANTA CRUZ DE GOIÁS - GO","AREIA","Construção civil","Sim","05/10/2012"
"Gerência Regional / GO","861384/2016","Requerimento de Autorização de Pesquisa","Autorização de Pesquisa","15.616.813/0001-88","C A DA CRUZ - EIRELI","ANICUNS - GO, NAZÁRIO - GO","AREIA, DIAMANTE","Construção civil, Industrial","Sim","04/05/2022"
"Gerência Regional / GO","861101/2016","Requerimento de Autorização de Pesquisa","Requerimento de Lavra","15.616.813/0001-88","C A DA CRUZ - EIRELI","PIRES DO RIO - GO, SANTA CRUZ DE GOIÁS - GO","AREIA","Construção civil","Sim","04/05/2022"
"Gerência Regional / GO","860808/2011","Requerimento de Autorização de Pesquisa","Concessão de Lavra","15.616.813/0001-88","C A DA CRUZ - EIRELI","ITAPURANGA - GO, MORRO AGUDO DE GOIÁS - GO","AREIA, MINÉRIO DE OURO","Construção civil, Industrial","Sim","27/06/2018"
"Gerência Regional / GO","860386/2018","Requerimento de Autorização de Pesquisa","Requerimento de Lavra","15.616.813/0001-88","C A DA CRUZ - EIRELI","PIRACANJUBA - GO, PROFESSOR JAMIL - GO","AREIA","Construção civil","Sim","04/05/2022"
"Gerência Regional / GO","860241/2018","Requerimento de Cessão parcial","Concessão de Lavra","15.616.813/0001-88","C A DA CRUZ - EIRELI","MORRO AGUDO DE GOIÁS - GO","AREIA","Construção civil","Sim","04/05/2022"
"Gerência Regional / GO","860022/2011","Requerimento de Autorização de Pesquisa","Concessão de Lavra","15.616.813/0001-88","C A DA CRUZ - EIRELI","SANTA CRUZ DE GOIÁS - GO","AREIA","Construção civil","Sim","29/01/2014"
"Gerência Regional / GO","861440/2010","Requerimento de Autorização de Pesquisa","Concessão de Lavra","15.616.813/0001-88","C A DA CRUZ - EIRELI","PIRES DO RIO - GO, SANTA CRUZ DE GOIÁS - GO","AREIA","Construção civil","Sim","27/02/2015"
"Gerência Regional / GO","861049/2024","Requerimento de Cessão parcial","Direito de Requerer a Lavra","09.688.553/0001-53","ARERRIOS MINERACAO E TRANSPORTE LTDA","ITAPIRAPUÃ - GO, MATRINCHÃ - GO","AREIA","Construção civil","Sim","27/01/2026"
"Gerência Regional / GO","860734/2009","Requerimento de Autorização de Pesquisa","Concessão de Lavra","09.688.553/0001-53","ARERRIOS MINERACAO E TRANSPORTE LTDA","ITAPIRAPUÃ - GO, MATRINCHÃ - GO","AREIA","Construção civil","Sim","01/11/2012"
"Gerência Regional / GO","860333/2020","Requerimento de Mudança de Regime para Aut. de Pesquisa","Concessão de Lavra","09.688.553/0001-53","ARERRIOS MINERACAO E TRANSPORTE LTDA","GOIÁS - GO","AREIA","Construção civil","Sim","29/03/2022"
"Gerência Regional / GO","860047/2005","Requerimento de Autorização de Pesquisa","Concessão de Lavra","09.216.167/0001-69","MINERACOES DO BRASIL LTDA","CRISTALINA - GO, IPAMERI - GO","CALCÁRIO","Corretivo de solo","Sim","05/12/2025"
"Gerência Regional / GO","860255/2017","Requerimento de Autorização de Pesquisa","Autorização de Pesquisa","16.989.749/0001-43","RIO DO OURO MINERACAO LTDA","FAINA - GO","MINÉRIO DE OURO","Industrial","Sim","04/04/2022"
"Gerência Regional / GO","860510/2018","Requerimento de Disponibilidade para pesquisa","Direito de Requerer a Lavra","17.742.494/0001-82","SABLO EXTRACAO E COMERCIO DE AREIA E CASCALHO EIRELI","NOVA GLÓRIA - GO, SANTA ISABEL - GO","AREIA","Construção civil","Sim","23/10/2024"
"Gerência Regional / GO","860242/2022","Requerimento de Disponibilidade para pesquisa","Autorização de Pesquisa","17.742.494/0001-82","SABLO EXTRACAO E COMERCIO DE AREIA E CASCALHO EIRELI","NOVA GLÓRIA - GO, SANTA ISABEL - GO","AREIA","Construção civil","Sim","19/04/2023"
"Gerência Regional / GO","861186/2008","Requerimento de Autorização de Pesquisa","Requerimento de Lavra","17.742.494/0001-82","SABLO EXTRACAO E COMERCIO DE AREIA E CASCALHO EIRELI","NOVA GLÓRIA - GO, SANTA ISABEL - GO","AREIA, MINÉRIO DE OURO","Construção civil, Industrial","Sim","25/04/2013"
"Gerência Regional / GO","861185/2008","Requerimento de Autorização de Pesquisa","Requerimento de Lavra","17.742.494/0001-82","SABLO EXTRACAO E COMERCIO DE AREIA E CASCALHO EIRELI","NOVA GLÓRIA - GO, SANTA ISABEL - GO","AREIA, CASCALHO, MINÉRIO DE OURO","Construção civil, Construção civil, Industrial","Sim","25/04/2013"
"Gerência Regional / GO","862475/2008","Requerimento de Autorização de Pesquisa","Requerimento de Lavra","17.398.980/0001-25","VALEMAR - VALE DO MARANHAO MINERACAO LTDA","PADRE BERNARDO - GO","CALCÁRIO, CALCÁRIO DOLOMÍTICO, MINÉRIO DE OURO","Brita, Corretivo de solo, Industrial","Sim","12/12/2019"
"Gerência Regional / GO","861151/2008","Requerimento de Autorização de Pesquisa","Concessão de Lavra","17.398.980/0001-25","VALEMAR - VALE DO MARANHAO MINERACAO LTDA","MIMOSO DE GOIÁS - GO","MINÉRIO DE FERRO","Industrial","Sim","25/04/2013"
"Gerência Regional / GO","860945/2017","Requerimento de Disponibilidade para pesquisa","Autorização de Pesquisa","07.715.130/0001-50","Cooperativa dos Extratores de Minerios do Sul do Pará","AMARALINA - GO, MARA ROSA - GO","MINÉRIO DE OURO","Industrial","Sim","26/03/2019"
"Gerência Regional / GO","861691/2012","Requerimento de Cessão parcial","Concessão de Lavra","17.833.812/0001-10","DANTAS MINERIOS LTDA","GUAPÓ - GO","GNAISSE","Brita","Sim","14/08/2013"
"Gerência Regional / GO","861690/2012","Requerimento de Cessão parcial","Concessão de Lavra","17.833.812/0001-10","DANTAS MINERIOS LTDA","GUAPÓ - GO","GNAISSE","Brita","Sim","14/08/2013"
"Gerência Regional / GO","861835/2010","Requerimento de Autorização de Pesquisa","Concessão de Lavra","17.833.812/0001-10","DANTAS MINERIOS LTDA","GUAPÓ - GO","GNAISSE","Revestimento","Sim","14/08/2013"
"Gerência Regional / GO","861176/2022","Requerimento de Pesquisa - Leilão","Autorização de Pesquisa","***.483.081-**","ADRIANO JOSE DE MOURA SOUSA","NIQUELÂNDIA - GO","MINÉRIO DE MANGANÊS, MINÉRIO DE OURO","Industrial, Industrial","Sim","19/04/2023"
"Gerência Regional / GO","860527/2013","Requerimento de Autorização de Pesquisa","Autorização de Pesquisa","18.308.541/0001-47","P-TEC AGRO MINERACAO SPE LTDA.","DIVINÓPOLIS DE GOIÁS - GO, SÃO DOMINGOS - GO","FOSFATO","Fertilizantes","Sim","14/10/2014"
"Gerência Regional / GO","860526/2013","Requerimento de Autorização de Pesquisa","Autorização de Pesquisa","18.308.541/0001-47","P-TEC AGRO MINERACAO SPE LTDA.","MONTE ALEGRE DE GOIÁS - GO","FOSFATO","Fertilizantes","Sim","14/10/2014"
"Gerência Regional / GO","860991/2012","Requerimento de Disponibilidade para pesquisa","Autorização de Pesquisa","18.308.541/0001-47","P-TEC AGRO MINERACAO SPE LTDA.","MONTE ALEGRE DE GOIÁS - GO","CALCÁRIO, FOSFATO","Corretivo de solo, Fertilizantes","Sim","24/12/2013"
"Gerência Regional / GO","860529/2013","Requerimento de Autorização de Pesquisa","Autorização de Pesquisa","18.308.541/0001-47","P-TEC AGRO MINERACAO SPE LTDA.","SÃO DOMINGOS - GO","FOSFATO","Fertilizantes","Sim","14/10/2014"
"Gerência Regional / GO","861252/2016","Requerimento de Autorização de Pesquisa","Autorização de Pesquisa","***.075.558-**","Joao Francisco Souza Rodrigues","INDIARA - GO","CALCÁRIO","Fabricação de cal","Sim","11/06/2019"
"Gerência Regional / GO","860205/2018","Requerimento de Autorização de Pesquisa","Autorização de Pesquisa","17.789.890/0001-65","ATLAS LITIO BRASIL LTDA.","MONTES CLAROS DE GOIÁS - GO","MINÉRIO DE COBALTO, MINÉRIO DE COBRE, MINÉRIO DE NÍQUEL","Industrial, Industrial, Industrial","Sim","19/04/2023"
"Gerência Regional / GO","860435/2009","Requerimento de Autorização de Pesquisa","Concessão de Lavra","13.157.337/0001-59","WERLON ALVES CORDEIRO","AURILÂNDIA - GO","AREIA, MINÉRIO DE OURO","Construção civil, Industrial","Sim","20/11/2013"
"Gerência Regional / GO","860205/2010","Requerimento de Autorização de Pesquisa","Direito de Requerer a Lavra","19.103.623/0001-18","COCAL GOLD MINING LTDA","NIQUELÂNDIA - GO","MINÉRIO DE OURO","Industrial","Sim","11/12/2013"
"Gerência Regional / GO","860421/2007","Requerimento de Autorização de Pesquisa","Concessão de Lavra","14.687.879/0001-04","F. G. Mineradora Ltda","HIDROLÂNDIA - GO","AREIA, CASCALHO, MINÉRIO DE OURO","Construção civil, Construção civil, Industrial","Sim","29/03/2012"
"Gerência Regional / GO","860158/2009","Requerimento de Autorização de Pesquisa","Concessão de Lavra","14.747.535/0001-35","F. G. MINERACAO E TRANSPORTE LTDA","SILVÂNIA - GO","AREIA","Construção civil","Sim","16/03/2012"
"Gerência Regional / GO","861231/2015","Requerimento de Autorização de Pesquisa","Requerimento de Lavra","***.129.571-**","Derci Martins Rosa ","ISRAELÂNDIA - GO, JAUPACI - GO","GRANITO","Revestimento","Sim","24/04/2017"
"Gerência Regional / GO","861205/2015","Requerimento de Autorização de Pesquisa","Autorização de Pesquisa","***.754.376-**","FREDERICO ARANTES SANTOS","CACHOEIRA DOURADA - GO, CAPINÓPOLIS - MG","AREIA, CASCALHO, DIAMANTE, DIAMANTE","Construção civil, Construção civil, Gema, Industrial","Sim","13/11/2019"
"Gerência Regional / GO","860418/2012","Requerimento de Cessão parcial","Direito de Requerer a Lavra","***.036.281-**","Marlúcia de Oliveira Ribeiro","AURILÂNDIA - GO, FIRMINÓPOLIS - GO, SÃO LUÍS DE MONTES BELOS - GO","AREIA, CASCALHO, MINÉRIO DE OURO","Construção civil, Construção civil, Industrial","Sim","25/09/2013"
"Gerência Regional / GO","860790/2015","Requerimento de Autorização de Pesquisa","Concessão de Lavra","13.201.433/0001-57","ESTONE'S HANGER AREIA E SIMILARES LTDA","ABADIÂNIA - GO","AREIA, DIAMANTE","Construção civil, Industrial","Sim","24/05/2021"
"Gerência Regional / GO","860470/2025","Requerimento de Autorização de Pesquisa","Autorização de Pesquisa","14.945.933/0001-66","MINERACAO RG LTDA","BURITI DE GOIÁS - GO, SANCLERLÂNDIA - GO","AREIA, MINÉRIO DE OURO","Construção civil, Industrial","Sim","14/04/2026"
"Gerência Regional / GO","861027/2012","Requerimento de Cessão parcial","Requerimento de Lavra","02.433.282/0001-46","Mineração Filadelfia Ltda Me","QUIRINÓPOLIS - GO, RIO VERDE - GO","AREIA","Construção civil","Sim","14/11/2016"
"Gerência Regional / GO","861066/2002","Requerimento de Autorização de Pesquisa","Requerimento de Lavra","06.998.258/0001-05","Soares Ybarra Águas Minerais Ltda. Me","FLORES DE GOIÁS - GO","ÁGUA MINERAL","Engarrafamento","Sim","05/07/2012"
"Gerência Regional / GO","861460/2009","Requerimento de Cessão parcial","Requerimento de Lavra","14.883.253/0001-65","DIVINO CARLOS MARQUES FERNANDES","GOIÁS - GO","AREIA","Construção civil","Sim","27/08/2010"
"Gerência Regional / GO","860816/2010","Requerimento de Autorização de Pesquisa","Concessão de Lavra","12.334.860/0001-40","JJX: FORTES INDUSTRIA, COMERCIO, CONSTRUCOES E MINERACAO LTDA","FORMOSA - GO","AREIA, CASCALHO","Construção civil, Construção civil","Sim","19/03/2013"
"Gerência Regional / GO","861429/2008","Requerimento de Autorização de Pesquisa","Concessão de Lavra","15.616.813/0001-88","C A DA CRUZ - EIRELI","SANTA CRUZ DE GOIÁS - GO","AREIA","Construção civil","Sim","05/10/2012"
"Gerência Regional / GO","860032/2008","Requerimento de Autorização de Pesquisa","Requerimento de Lavra","10.572.270/0001-20","Euripedes Rodrigues da Silva Me","NIQUELÂNDIA - GO","FILITO","Industrial","Sim","15/12/2015"
"Gerência Regional / GO","860313/2012","Requerimento de Autorização de Pesquisa","Requerimento de Lavra","09.688.553/0001-53","ARERRIOS MINERACAO E TRANSPORTE LTDA","ITAPIRAPUÃ - GO, MATRINCHÃ - GO","AREIA","Construção civil","Sim","08/09/2016"
"Gerência Regional / GO","860313/2012","Requerimento de Autorização de Pesquisa","Requerimento de Lavra","09.688.553/0001-53","ARERRIOS MINERACAO E TRANSPORTE LTDA","ITAPIRAPUÃ - GO, MATRINCHÃ - GO","AREIA","Construção civil","Sim","31/07/2023"
"Gerência Regional / GO","861350/2007","Requerimento de Autorização de Pesquisa","Concessão de Lavra","06.155.950/0001-71","F2 IRMAOS FERRARI TRANSPORTES LTDA","NIQUELÂNDIA - GO","AREIA, CASCALHO, MINÉRIO DE OURO","Construção civil, Construção civil, Industrial","Sim","10/12/2008"
"Gerência Regional / GO","861350/2007","Requerimento de Autorização de Pesquisa","Concessão de Lavra","06.155.950/0001-71","F2 IRMAOS FERRARI TRANSPORTES LTDA","NIQUELÂNDIA - GO","AREIA, CASCALHO, MINÉRIO DE OURO","Construção civil, Construção civil, Industrial","Sim","26/08/2015"
"Gerência Regional / GO","861676/2011","Requerimento de Autorização de Pesquisa","Concessão de Lavra","02.759.124/0001-80","DRAGA SAO GERALDO LTDA","CAMPESTRE DE GOIÁS - GO, PALMEIRAS DE GOIÁS - GO","AREIA, MINÉRIO DE OURO","Construção civil, Industrial","Sim","04/03/2013"
"Gerência Regional / GO","860540/2001","Requerimento de Autorização de Pesquisa","Concessão de Lavra","14.134.311/0001-58","AGUA MINERAL BEIRA DA MATA INDUSTRIA E COMERCIO LTDA","HIDROLÂNDIA - GO","ÁGUA POTÁVEL DE MESA","Industrial","Sim","20/10/2004"
"Gerência Regional / GO","862384/2007","Requerimento de Autorização de Pesquisa","Concessão de Lavra","17.196.423/0001-21","TRIMINING - MINERACAO DO BRASIL LTDA","NIQUELÂNDIA - GO","MINÉRIO DE MANGANÊS, MINÉRIO DE OURO","Industrial, Industrial","Sim","14/09/2009"
"Gerência Regional / GO","860881/2008","Requerimento de Autorização de Pesquisa","Concessão de Lavra","17.742.494/0001-82","SABLO EXTRACAO E COMERCIO DE AREIA E CASCALHO EIRELI","SÃO LUIZ DO NORTE - GO","AREIA, MINÉRIO DE OURO","Construção civil, Industrial","Sim","21/10/2009"
"Gerência Regional / GO","860881/2008","Requerimento de Autorização de Pesquisa","Concessão de Lavra","17.742.494/0001-82","SABLO EXTRACAO E COMERCIO DE AREIA E CASCALHO EIRELI","SÃO LUIZ DO NORTE - GO","AREIA, MINÉRIO DE OURO","Construção civil, Industrial","Sim","19/04/2023"
"Gerência Regional / GO","860881/2008","Requerimento de Autorização de Pesquisa","Concessão de Lavra","17.742.494/0001-82","SABLO EXTRACAO E COMERCIO DE AREIA E CASCALHO EIRELI","SÃO LUIZ DO NORTE - GO","AREIA, MINÉRIO DE OURO","Construção civil, Industrial","Sim","20/08/2018"
"Gerência Regional / GO","860948/2005","Requerimento de Autorização de Pesquisa","Requerimento de Lavra","17.487.754/0001-10","JR EXTRACAO MINERAL LTDA.","GOIANDIRA - GO, IPAMERI - GO","AREIA, DIAMANTE INDUSTRIAL","Construção civil, Industrial","Sim","01/11/2012"
"Gerência Regional / GO","861893/2010","Requerimento de Autorização de Pesquisa","Requerimento de Lavra","18.461.235/0001-46","AREIAL MONTES CLAROS LTDA","JUSSARA - GO, MONTES CLAROS DE GOIÁS - GO","DIAMANTE","Industrial","Sim","31/05/2013"
"Gerência Regional / GO","861893/2010","Requerimento de Autorização de Pesquisa","Requerimento de Lavra","18.461.235/0001-46","AREIAL MONTES CLAROS LTDA","JUSSARA - GO, MONTES CLAROS DE GOIÁS - GO","DIAMANTE","Industrial","Sim","20/03/2020"
"Gerência Regional / GO","860192/2017","Requerimento de Autorização de Pesquisa","Concessão de Lavra","16.949.392/0001-70","PHANTHOM GREEN MINERADORA LTDA-ME","CÓRREGO DO OURO - GO","AREIA","Construção civil","Sim","20/03/2020"
"Gerência Regional / GO","860192/2017","Requerimento de Autorização de Pesquisa","Concessão de Lavra","16.949.392/0001-70","PHANTHOM GREEN MINERADORA LTDA-ME","CÓRREGO DO OURO - GO","AREIA","Construção civil","Sim","16/11/2020"
"Gerência Regional / GO","860155/2009","Requerimento de Autorização de Pesquisa","Concessão de Lavra","16.949.392/0001-70","PHANTHOM GREEN MINERADORA LTDA-ME","AURILÂNDIA - GO, SÃO LUÍS DE MONTES BELOS - GO","AREIA, CASCALHO, MINÉRIO DE OURO","Construção civil, Construção civil, Industrial","Sim","21/11/2019"
"Gerência Regional / GO","860155/2009","Requerimento de Autorização de Pesquisa","Concessão de Lavra","16.949.392/0001-70","PHANTHOM GREEN MINERADORA LTDA-ME","AURILÂNDIA - GO, SÃO LUÍS DE MONTES BELOS - GO","AREIA, CASCALHO, MINÉRIO DE OURO","Construção civil, Construção civil, Industrial","Sim","18/04/2013"
"Gerência Regional / GO","860155/2009","Requerimento de Autorização de Pesquisa","Concessão de Lavra","16.949.392/0001-70","PHANTHOM GREEN MINERADORA LTDA-ME","AURILÂNDIA - GO, SÃO LUÍS DE MONTES BELOS - GO","AREIA, CASCALHO, MINÉRIO DE OURO","Construção civil, Construção civil, Industrial","Sim","27/09/2012"
"Gerência Regional / GO","860160/2011","Requerimento de Autorização de Pesquisa","Requerimento de Lavra","07.436.682/0001-29","Mineradora & Transportadora Brasil Central Ltda Me","MUNDO NOVO - GO, SÃO MIGUEL DO ARAGUAIA - GO","AREIA, MINÉRIO DE OURO","Construção civil, Industrial","Sim","13/05/2014"
"Gerência Regional / GO","860158/2011","Requerimento de Autorização de Pesquisa","Requerimento de Lavra","07.436.682/0001-29","Mineradora & Transportadora Brasil Central Ltda Me","BONÓPOLIS - GO, MUNDO NOVO - GO","AREIA, MINÉRIO DE OURO","Construção civil, Industrial","Sim","28/10/2011"
"Gerência Regional / GO","860158/2011","Requerimento de Autorização de Pesquisa","Requerimento de Lavra","07.436.682/0001-29","Mineradora & Transportadora Brasil Central Ltda Me","BONÓPOLIS - GO, MUNDO NOVO - GO","AREIA, MINÉRIO DE OURO","Construção civil, Industrial","Sim","28/10/2016"
"Gerência Regional / GO","860609/2014","Requerimento de Autorização de Pesquisa","Requerimento de Lavra","18.090.544/0001-57","GONCALVES E ALMEIDA LTDA","PIRANHAS - GO","AREIA, MINÉRIO DE OURO","Construção civil, Industrial","Sim","16/10/2015"
"Gerência Regional / GO","860609/2014","Requerimento de Autorização de Pesquisa","Requerimento de Lavra","18.090.544/0001-57","GONCALVES E ALMEIDA LTDA","PIRANHAS - GO","AREIA, MINÉRIO DE OURO","Construção civil, Industrial","Sim","15/06/2018"
"Gerência Regional / GO","862096/2012","Requerimento de Autorização de Pesquisa","Requerimento de Lavra","18.090.544/0001-57","GONCALVES E ALMEIDA LTDA","BOM JARDIM DE GOIÁS - GO, PIRANHAS - GO","AREIA, DIAMANTE","Construção civil, Industrial","Sim","04/09/2014"
"Gerência Regional / GO","862096/2012","Requerimento de Autorização de Pesquisa","Requerimento de Lavra","18.090.544/0001-57","GONCALVES E ALMEIDA LTDA","BOM JARDIM DE GOIÁS - GO, PIRANHAS - GO","AREIA, DIAMANTE","Construção civil, Industrial","Sim","15/06/2018"
"Gerência Regional / GO","861672/2011","Requerimento de Cessão parcial","Requerimento de Lavra","18.090.544/0001-57","GONCALVES E ALMEIDA LTDA","GOIÁS - GO, ITAPIRAPUÃ - GO","AREIA","Construção civil","Sim","08/09/2011"
"Gerência Regional / GO","861672/2011","Requerimento de Cessão parcial","Requerimento de Lavra","18.090.544/0001-57","GONCALVES E ALMEIDA LTDA","GOIÁS - GO, ITAPIRAPUÃ - GO","AREIA","Construção civil","Sim","14/06/2017"
"Gerência Regional / GO","861384/2013","Requerimento de Autorização de Pesquisa","Requerimento de Lavra","18.090.544/0001-57","GONCALVES E ALMEIDA LTDA","BOM JARDIM DE GOIÁS - GO, PIRANHAS - GO","AREIA, DIAMANTE","Construção civil, Industrial","Sim","23/01/2015"
"Gerência Regional / GO","860076/2012","Requerimento de Autorização de Pesquisa","Requerimento de Lavra","14.526.202/0001-86","AREIAL J. R LTDA","GOIÁS - GO, MATRINCHÃ - GO","AREIA, MINÉRIO DE OURO","Construção civil, Industrial","Sim","21/08/2017"
"Gerência Regional / GO","860956/2002","Requerimento de Autorização de Pesquisa","Concessão de Lavra","14.526.202/0001-86","AREIAL J. R LTDA","CAMPESTRE DE GOIÁS - GO, PALMEIRAS DE GOIÁS - GO","AREIA","Demais substâncias","Sim","01/04/2005"
"Gerência Regional / GO","860465/2008","Requerimento de Autorização de Pesquisa","Concessão de Lavra","22.575.504/0001-72","MINERACAO JS LTDA","BURITI DE GOIÁS - GO, SANCLERLÂNDIA - GO","AREIA","Construção civil","Sim","21/07/2008"
"Gerência Regional / GO","860465/2008","Requerimento de Autorização de Pesquisa","Concessão de Lavra","22.575.504/0001-72","MINERACAO JS LTDA","BURITI DE GOIÁS - GO, SANCLERLÂNDIA - GO","AREIA","Construção civil","Sim","17/11/2015"
"Gerência Regional / GO","860988/2013","Requerimento de Autorização de Pesquisa","Requerimento de Lavra","18.816.726/0001-62","AREAL CEDRO LTDA","CÓRREGO DO OURO - GO, SANCLERLÂNDIA - GO","AREIA, DIAMANTE","Construção civil, Industrial","Sim","23/01/2015"
"Gerência Regional / GO","860170/2009","Requerimento de Autorização de Pesquisa","Requerimento de Lavra","18.461.235/0001-46","AREIAL MONTES CLAROS LTDA","GOIÁS - GO, ITAPIRAPUÃ - GO","AREIA, MINÉRIO DE OURO","Construção civil, Industrial","Sim","03/06/2014"
"Gerência Regional / GO","860269/2017","Requerimento de Autorização de Pesquisa","Autorização de Pesquisa","16.949.392/0001-70","PHANTHOM GREEN MINERADORA LTDA-ME","CÓRREGO DO OURO - GO, FAZENDA NOVA - GO, ISRAELÂNDIA - GO, MOIPORÁ - GO","MINÉRIO DE OURO","Industrial","Sim","28/11/2017"
"Gerência Regional / GO","860874/1999","Requerimento de Autorização de Pesquisa","Concessão de Lavra","19.442.547/0001-75","CRISTAL INDUSTRIA E COMERCIO DE AGUA MINERAL E SERVICOS LTDA","APARECIDA DE GOIÂNIA - GO","ÁGUA MINERAL","Demais substâncias","Sim","20/08/2003"
"Gerência Regional / GO","860161/2011","Requerimento de Autorização de Pesquisa","Requerimento de Lavra","07.436.682/0001-29","Mineradora & Transportadora Brasil Central Ltda Me","BONÓPOLIS - GO, MUNDO NOVO - GO","AREIA, MINÉRIO DE OURO","Construção civil, Industrial","Sim","11/06/2014"
"Gerência Regional / GO","860569/2013","Requerimento de Autorização de Pesquisa","Direito de Requerer a Lavra","19.325.805/0001-33","Vale do Itiquira Agregados Minerais Ltda","PLANALTINA - GO","ARGILA, QUARTZITO","Industrial, Industrial","Sim","11/06/2019"
"Gerência Regional / GO","860578/2013","Requerimento de Autorização de Pesquisa","Requerimento de Lavra","05.045.148/0001-66","TWA MINERACAO LTDA","CRISTALINA - GO, LUZIÂNIA - GO","AREIA, QUARTZITO","Construção civil, Industrial","Sim","21/07/2014"
"Gerência Regional / GO","860097/2010","Requerimento de Autorização de Pesquisa","Concessão de Lavra","20.677.187/0001-70","JC AREIA LTDA","ARAGUAPAZ - GO, FAINA - GO","AREIA, MINÉRIO DE OURO","Construção civil, Industrial","Sim","25/02/2022"
"Gerência Regional / GO","860313/2012","Requerimento de Autorização de Pesquisa","Requerimento de Lavra","09.688.553/0001-53","ARERRIOS MINERACAO E TRANSPORTE LTDA","ITAPIRAPUÃ - GO, MATRINCHÃ - GO","AREIA","Construção civil","Sim","17/07/2015"
"Gerência Regional / GO","861350/2007","Requerimento de Autorização de Pesquisa","Concessão de Lavra","06.155.950/0001-71","F2 IRMAOS FERRARI TRANSPORTES LTDA","NIQUELÂNDIA - GO","AREIA, CASCALHO, MINÉRIO DE OURO","Construção civil, Construção civil, Industrial","Sim","23/09/2010"
"Gerência Regional / GO","861676/2011","Requerimento de Autorização de Pesquisa","Concessão de Lavra","02.759.124/0001-80","DRAGA SAO GERALDO LTDA","CAMPESTRE DE GOIÁS - GO, PALMEIRAS DE GOIÁS - GO","AREIA, MINÉRIO DE OURO","Construção civil, Industrial","Sim","18/09/2013"
"Gerência Regional / GO","860570/2016","Requerimento de Autorização de Pesquisa","Autorização de Pesquisa","16.989.749/0001-43","RIO DO OURO MINERACAO LTDA","FAINA - GO","ILMENITA","Industrial","Sim","04/04/2022"
"Gerência Regional / GO","860540/2001","Requerimento de Autorização de Pesquisa","Concessão de Lavra","14.134.311/0001-58","AGUA MINERAL BEIRA DA MATA INDUSTRIA E COMERCIO LTDA","HIDROLÂNDIA - GO","ÁGUA POTÁVEL DE MESA","Industrial","Sim","30/04/2013"
"Gerência Regional / GO","862384/2007","Requerimento de Autorização de Pesquisa","Concessão de Lavra","17.196.423/0001-21","TRIMINING - MINERACAO DO BRASIL LTDA","NIQUELÂNDIA - GO","MINÉRIO DE MANGANÊS, MINÉRIO DE OURO","Industrial, Industrial","Sim","04/03/2013"
"Gerência Regional / GO","861581/2010","Requerimento de Autorização de Pesquisa","Concessão de Lavra","17.363.462/0001-76","MINERADORA VITORIA LTDA","GOIANIRA - GO","GRANITO, ILMENITA","Brita, Industrial","Sim","04/03/2013"
"Gerência Regional / GO","860881/2008","Requerimento de Autorização de Pesquisa","Concessão de Lavra","17.742.494/0001-82","SABLO EXTRACAO E COMERCIO DE AREIA E CASCALHO EIRELI","SÃO LUIZ DO NORTE - GO","AREIA, MINÉRIO DE OURO","Construção civil, Industrial","Sim","27/09/2012"
"Gerência Regional / GO","862875/2011","Requerimento de Autorização de Pesquisa","Requerimento de Lavra","17.398.980/0001-25","VALEMAR - VALE DO MARANHAO MINERACAO LTDA","MIMOSO DE GOIÁS - GO, PADRE BERNARDO - GO","ILMENITA, MINÉRIO DE FERRO","Industrial, Industrial","Sim","02/07/2020"
"Gerência Regional / GO","860948/2005","Requerimento de Autorização de Pesquisa","Requerimento de Lavra","17.487.754/0001-10","JR EXTRACAO MINERAL LTDA.","GOIANDIRA - GO, IPAMERI - GO","AREIA, DIAMANTE INDUSTRIAL","Construção civil, Industrial","Sim","27/06/2013"
"Gerência Regional / GO","862784/2011","Requerimento de Autorização de Pesquisa","Autorização de Pesquisa","17.909.700/0001-04","Sul Americana Mineração, Investimento e Participações Eireli Me","ALEXÂNIA - GO","MINÉRIO DE OURO","Industrial","Sim","24/10/2014"
"Gerência Regional / GO","860753/2009","Requerimento de Cessão parcial","Concessão de Lavra","05.959.672/0001-42","MENEZES ASSIS MATERIAIS PARA CONSTRUCAO LTDA","JATAÍ - GO","AREIA","Construção civil","Sim","16/03/2021"
"Gerência Regional / GO","861692/2012","Requerimento de Cessão parcial","Concessão de Lavra","17.833.812/0001-10","DANTAS MINERIOS LTDA","GUAPÓ - GO","GNAISSE","Brita","Sim","16/07/2013"
"Gerência Regional / GO","861281/2021","Requerimento de Pesquisa - Leilão","Autorização de Pesquisa","***.865.631-**","EDSON CANDIDO DE SOUSA","HIDROLÂNDIA - GO, PIRACANJUBA - GO, PROFESSOR JAMIL - GO","AREIA, CASCALHO, MINÉRIO DE OURO","Construção civil, Construção civil, Industrial","Sim","17/11/2023"
"Gerência Regional / GO","860678/2013","Requerimento de Autorização de Pesquisa","Direito de Requerer a Lavra","***.388.391-**","Ary Henrique de Souza Junior","BRASÍLIA - DF, PADRE BERNARDO - GO","CALCÁRIO, CALCÁRIO, CALCÁRIO","Corretivo de solo, Fabricação de cal, Fabricação de cimento","Sim","14/08/2013"
"Gerência Regional / GO","861302/2007","Requerimento de Lavra Garimpeira","Lavra Garimpeira","***.483.081-**","ADRIANO JOSE DE MOURA SOUSA","NIQUELÂNDIA - GO","MINÉRIO DE OURO","Industrial","Sim","09/08/2013"
"Gerência Regional / GO","860528/2013","Requerimento de Autorização de Pesquisa","Autorização de Pesquisa","18.308.541/0001-47","P-TEC AGRO MINERACAO SPE LTDA.","CAMPOS BELOS - GO, SÃO DOMINGOS - GO","FOSFATO","Fertilizantes","Sim","14/10/2014"
"Gerência Regional / GO","861253/2016","Requerimento de Autorização de Pesquisa","Autorização de Pesquisa","***.075.558-**","Joao Francisco Souza Rodrigues","INDIARA - GO","CALCÁRIO","Fabricação de cal","Sim","11/06/2019"
"Gerência Regional / GO","861374/2012","Requerimento de Mudança de Regime para Aut. de Pesquisa","Concessão de Lavra","15.923.130/0001-73","AREAL RM COMERCIO DE MATERIAL PARA CONSTRUCAO EIRELI","FORMOSA - GO","AREIA, FILITO, QUARTZITO","Brita, Construção civil, Industrial","Sim","04/07/2014"
"Gerência Regional / GO","861535/2013","Requerimento de Autorização de Pesquisa","Requerimento de Lavra","04.884.350/0001-19","Mineração Globo Ltda","HIDROLÂNDIA - GO","QUARTZITO","Revestimento","Sim","31/03/2014"
"Gerência Regional / GO","860879/2015","Requerimento de Autorização de Pesquisa","Concessão de Lavra","10.874.032/0001-70","AREIA PONTO FORTE LTDA","SANTA VITÓRIA - MG, SÃO SIMÃO - GO","AREIA, CASCALHO, DIAMANTE, DIAMANTE","Construção civil, Construção civil, Gema, Industrial","Sim","27/06/2018"
"Gerência Regional / GO","861290/2015","Requerimento de Autorização de Pesquisa","Concessão de Lavra","13.157.337/0001-59","WERLON ALVES CORDEIRO","AURILÂNDIA - GO, FIRMINÓPOLIS - GO","AREIA","Construção civil","Sim","28/08/2019"
"Gerência Regional / GO","860411/2013","Requerimento de Disponibilidade para pesquisa","Direito de Requerer a Lavra","19.103.623/0001-18","COCAL GOLD MINING LTDA","NIQUELÂNDIA - GO","CASCALHO, OURO","Construção civil, Industrial","Sim","11/12/2013"
"Gerência Regional / GO","860636/2010","Requerimento de Autorização de Pesquisa","Concessão de Lavra","19.026.684/0001-29","RAMOS E GOMES MINERACAO LTDA","ALEXÂNIA - GO","MINÉRIO DE OURO, QUARTZITO","Industrial, Industrial","Sim","24/12/2013"
"Gerência Regional / GO","860317/2011","Requerimento de Autorização de Pesquisa","Requerimento de Lavra","02.187.654/0001-00","Invest Renda, Mineração, Comércio, Importação e Exportação ","ARUANÃ - GO","AREIA","Construção civil","Sim","25/04/2014"
"Gerência Regional / GO","861893/2010","Requerimento de Autorização de Pesquisa","Requerimento de Lavra","18.461.235/0001-46","AREIAL MONTES CLAROS LTDA","JUSSARA - GO, MONTES CLAROS DE GOIÁS - GO","DIAMANTE","Industrial","Sim","09/04/2014"
"Gerência Regional / GO","860192/2017","Requerimento de Autorização de Pesquisa","Concessão de Lavra","16.949.392/0001-70","PHANTHOM GREEN MINERADORA LTDA-ME","CÓRREGO DO OURO - GO","AREIA","Construção civil","Sim","12/12/2019"
"Gerência Regional / GO","860155/2009","Requerimento de Autorização de Pesquisa","Concessão de Lavra","16.949.392/0001-70","PHANTHOM GREEN MINERADORA LTDA-ME","AURILÂNDIA - GO, SÃO LUÍS DE MONTES BELOS - GO","AREIA, CASCALHO, MINÉRIO DE OURO","Construção civil, Construção civil, Industrial","Sim","14/05/2012"
"Gerência Regional / GO","860887/2018","Requerimento de Autorização de Pesquisa","Requerimento de Lavra","16.949.392/0001-70","PHANTHOM GREEN MINERADORA LTDA-ME","CÓRREGO DO OURO - GO, SANCLERLÂNDIA - GO, SÃO LUÍS DE MONTES BELOS - GO","AREIA","Construção civil","Sim","18/03/2022"
"Gerência Regional / GO","860764/2015","Requerimento de Autorização de Pesquisa","Requerimento de Lavra","16.949.392/0001-70","PHANTHOM GREEN MINERADORA LTDA-ME","PIRACANJUBA - GO","AREIA, GRANITO","Construção civil, Revestimento","Sim","15/05/2019"
"Gerência Regional / GO","860762/2015","Requerimento de Autorização de Pesquisa","Requerimento de Lavra","16.949.392/0001-70","PHANTHOM GREEN MINERADORA LTDA-ME","CROMÍNIA - GO, PROFESSOR JAMIL - GO","AREIA","Construção civil","Sim","24/05/2019"
"Gerência Regional / GO","860628/2019","Requerimento de Autorização de Pesquisa","Autorização de Pesquisa","16.949.392/0001-70","PHANTHOM GREEN MINERADORA LTDA-ME","CRISTALINA - GO, LUZIÂNIA - GO","MINÉRIO DE OURO","Industrial","Sim","23/10/2024"
"Gerência Regional / GO","860625/2019","Requerimento de Autorização de Pesquisa","Autorização de Pesquisa","16.949.392/0001-70","PHANTHOM GREEN MINERADORA LTDA-ME","CÓRREGO DO OURO - GO, SANCLERLÂNDIA - GO","MINÉRIO DE OURO","Industrial","Sim","13/06/2024"
"Gerência Regional / GO","860356/2014","Requerimento de Autorização de Pesquisa","Requerimento de Lavra","16.949.392/0001-70","PHANTHOM GREEN MINERADORA LTDA-ME","CÓRREGO DO OURO - GO, SÃO LUÍS DE MONTES BELOS - GO","AREIA, CASCALHO, DIAMANTE","Construção civil, Construção civil, Industrial","Sim","24/05/2019"
"Gerência Regional / GO","860355/2014","Requerimento de Autorização de Pesquisa","Concessão de Lavra","16.949.392/0001-70","PHANTHOM GREEN MINERADORA LTDA-ME","AURILÂNDIA - GO","AREIA, CASCALHO, DIAMANTE","Construção civil, Construção civil, Industrial","Sim","24/05/2019"
"Gerência Regional / GO","860882/2012","Requerimento de Autorização de Pesquisa","Autorização de Pesquisa","16.500.188/0001-77","GREENCAL EXTRACAO DE MINERIOS LTDA","SANTA RITA DO ARAGUAIA - GO","MINÉRIO DE MANGANÊS","Industrial","Sim","13/05/2014"
"Gerência Regional / GO","860160/2011","Requerimento de Autorização de Pesquisa","Requerimento de Lavra","07.436.682/0001-29","Mineradora & Transportadora Brasil Central Ltda Me","MUNDO NOVO - GO, SÃO MIGUEL DO ARAGUAIA - GO","AREIA, MINÉRIO DE OURO","Construção civil, Industrial","Sim","28/10/2016"
"Gerência Regional / GO","860158/2011","Requerimento de Autorização de Pesquisa","Requerimento de Lavra","07.436.682/0001-29","Mineradora & Transportadora Brasil Central Ltda Me","BONÓPOLIS - GO, MUNDO NOVO - GO","AREIA, MINÉRIO DE OURO","Construção civil, Industrial","Sim","15/09/2014"
"Gerência Regional / GO","860240/2017","Requerimento de Autorização de Pesquisa","Autorização de Pesquisa","05.045.148/0001-66","TWA MINERACAO LTDA","SÃO DOMINGOS - GO","MINÉRIO DE OURO","Industrial","Sim","28/12/2017"
"Gerência Regional / GO","860234/2018","Requerimento de Autorização de Pesquisa","Autorização de Pesquisa","05.045.148/0001-66","TWA MINERACAO LTDA","CAMPINAÇU - GO, MINAÇU - GO","CAULIM, CIANITA, CIANITA, FELDSPATO, QUARTZO, QUARTZO","Gema, Industrial, Industrial, Industrial, Industrial, Pedra de coleção","Sim","04/07/2019"
"Gerência Regional / GO","861535/2012","Requerimento de Autorização de Pesquisa","Requerimento de Lavra","05.045.148/0001-66","TWA MINERACAO LTDA","CRISTALINA - GO","AREIA, MINÉRIO DE OURO","Construção civil, Industrial","Sim","13/08/2019"
"Gerência Regional / GO","860609/2014","Requerimento de Autorização de Pesquisa","Requerimento de Lavra","18.090.544/0001-57","GONCALVES E ALMEIDA LTDA","PIRANHAS - GO","AREIA, MINÉRIO DE OURO","Construção civil, Industrial","Sim","05/07/2016"
"Gerência Regional / GO","860357/2018","Requerimento de Cessão parcial","Requerimento de Lavra","18.090.544/0001-57","GONCALVES E ALMEIDA LTDA","PIRANHAS - GO","AREIA","Construção civil","Sim","08/11/2019"
"Gerência Regional / GO","862096/2012","Requerimento de Autorização de Pesquisa","Requerimento de Lavra","18.090.544/0001-57","GONCALVES E ALMEIDA LTDA","BOM JARDIM DE GOIÁS - GO, PIRANHAS - GO","AREIA, DIAMANTE","Construção civil, Industrial","Sim","24/06/2016"
"Gerência Regional / GO","861672/2011","Requerimento de Cessão parcial","Requerimento de Lavra","18.090.544/0001-57","GONCALVES E ALMEIDA LTDA","GOIÁS - GO, ITAPIRAPUÃ - GO","AREIA","Construção civil","Sim","16/11/2012"
"Gerência Regional / GO","861384/2013","Requerimento de Autorização de Pesquisa","Requerimento de Lavra","18.090.544/0001-57","GONCALVES E ALMEIDA LTDA","BOM JARDIM DE GOIÁS - GO, PIRANHAS - GO","AREIA, DIAMANTE","Construção civil, Industrial","Sim","04/05/2016"
"Gerência Regional / GO","860473/2005","Requerimento de Autorização de Pesquisa","Concessão de Lavra","14.526.202/0001-86","AREIAL J. R LTDA","CEZARINA - GO, VARJÃO - GO","AREIA, MINÉRIO DE OURO","Construção civil, Ourivesaria","Sim","19/05/2016"
"Gerência Regional / GO","860076/2012","Requerimento de Autorização de Pesquisa","Requerimento de Lavra","14.526.202/0001-86","AREIAL J. R LTDA","GOIÁS - GO, MATRINCHÃ - GO","AREIA, MINÉRIO DE OURO","Construção civil, Industrial","Sim","11/05/2017"
"Gerência Regional / GO","860053/2025","Requerimento de Mudança de Regime para Aut. de Pesquisa","Autorização de Pesquisa","14.526.202/0001-86","AREIAL J. R LTDA","GUAPÓ - GO, PALMEIRAS DE GOIÁS - GO","AREIA","Construção civil","Sim","17/03/2026"
"Gerência Regional / GO","860001/2005","Requerimento de Autorização de Pesquisa","Concessão de Lavra","14.526.202/0001-86","AREIAL J. R LTDA","GUAPÓ - GO, PALMEIRAS DE GOIÁS - GO","AREIA, OURO","Construção civil, Industrial","Sim","19/05/2016"
"Gerência Regional / GO","861096/2021","Requerimento de Autorização de Pesquisa","Autorização de Pesquisa","14.526.202/0001-86","AREIAL J. R LTDA","VARJÃO - GO","AREIA, OURO","Construção civil, Industrial","Sim","05/02/2025"
"Gerência Regional / GO","860956/2002","Requerimento de Autorização de Pesquisa","Concessão de Lavra","14.526.202/0001-86","AREIAL J. R LTDA","CAMPESTRE DE GOIÁS - GO, PALMEIRAS DE GOIÁS - GO","AREIA","Demais substâncias","Sim","19/05/2016"
"Gerência Regional / GO","860307/2006","Requerimento de Autorização de Pesquisa","Requerimento de Lavra","04.363.648/0001-83","Marindia Zanon Epp","ALVORADA DO NORTE - GO","CALCÁRIO, CALCÁRIO DOLOMÍTICO, DOLOMITO","Demais substâncias, Demais substâncias, Industrial","Sim","22/04/2015"
"Gerência Regional / GO","860805/2016","Requerimento de Cessão parcial","Requerimento de Lavra","12.135.882/0001-81","Areia & Cia Ltda Me","SANTA CRUZ DE GOIÁS - GO","AREIA","Construção civil","Sim","29/10/2018"
"Gerência Regional / GO","860902/2018","Requerimento de Autorização de Pesquisa","Requerimento de Lavra","***.166.001-**","Valdeci José de Barros ","CORUMBAÍBA - GO","AREIA","Construção civil","Sim","14/09/2021"
"Gerência Regional / GO","860465/2008","Requerimento de Autorização de Pesquisa","Concessão de Lavra","22.575.504/0001-72","MINERACAO JS LTDA","BURITI DE GOIÁS - GO, SANCLERLÂNDIA - GO","AREIA","Construção civil","Sim","29/04/2015"
"Gerência Regional / GO","861010/2015","Requerimento de Autorização de Pesquisa","Autorização de Pesquisa","***.478.431-**","GISELA TOSTES CRUZ DE CASTRO PESSOA","FORMOSA - GO","AREIA, CASCALHO, MINÉRIO DE OURO, QUARTZITO","Construção civil, Construção civil, Industrial, Industrial","Sim","17/08/2016"
"Gerência Regional / GO","861527/2014","Requerimento de Cessão parcial","Requerimento de Lavra","18.816.726/0001-62","AREAL CEDRO LTDA","CÓRREGO DO OURO - GO, SANCLERLÂNDIA - GO","AREIA","Construção civil","Sim","23/01/2017"
"Gerência Regional / GO","860988/2013","Requerimento de Autorização de Pesquisa","Requerimento de Lavra","18.816.726/0001-62","AREAL CEDRO LTDA","CÓRREGO DO OURO - GO, SANCLERLÂNDIA - GO","AREIA, DIAMANTE","Construção civil, Industrial","Sim","23/01/2017"
"Gerência Regional / GO","861278/2013","Requerimento de Autorização de Pesquisa","Requerimento de Lavra","19.305.177/0001-24","AGROPECUARIA FORTALEZA PARTICIPACOES LTDA","RIO VERDE - GO","AREIA","Construção civil","Sim","01/09/2014"
"Gerência Regional / GO","861427/2013","Requerimento de Autorização de Pesquisa","Autorização de Pesquisa","02.187.654/0001-00","Invest Renda, Mineração, Comércio, Importação e Exportação ","ARUANÃ - GO","AREIA, DIAMANTE, DIAMANTE","Construção civil, Gema, Industrial","Sim","19/10/2015"
"Gerência Regional / GO","860269/2009","Requerimento de Autorização de Pesquisa","Concessão de Lavra","18.488.698/0001-00","QUARTZOEST MINERACAO E TRANSPORTE LTDA","PIRENÓPOLIS - GO","AREIA, MINÉRIO DE OURO","Construção civil, Industrial","Sim","24/04/2017"
"Gerência Regional / GO","860170/2009","Requerimento de Autorização de Pesquisa","Requerimento de Lavra","18.461.235/0001-46","AREIAL MONTES CLAROS LTDA","GOIÁS - GO, ITAPIRAPUÃ - GO","AREIA, MINÉRIO DE OURO","Construção civil, Industrial","Sim","28/06/2012"
"Gerência Regional / GO","860269/2017","Requerimento de Autorização de Pesquisa","Autorização de Pesquisa","16.949.392/0001-70","PHANTHOM GREEN MINERADORA LTDA-ME","CÓRREGO DO OURO - GO, FAZENDA NOVA - GO, ISRAELÂNDIA - GO, MOIPORÁ - GO","MINÉRIO DE OURO","Industrial","Sim","09/04/2024"
"Gerência Regional / GO","860874/1999","Requerimento de Autorização de Pesquisa","Concessão de Lavra","19.442.547/0001-75","CRISTAL INDUSTRIA E COMERCIO DE AGUA MINERAL E SERVICOS LTDA","APARECIDA DE GOIÂNIA - GO","ÁGUA MINERAL","Demais substâncias","Sim","30/07/2014"
"Gerência Regional / GO","860161/2011","Requerimento de Autorização de Pesquisa","Requerimento de Lavra","07.436.682/0001-29","Mineradora & Transportadora Brasil Central Ltda Me","BONÓPOLIS - GO, MUNDO NOVO - GO","AREIA, MINÉRIO DE OURO","Construção civil, Industrial","Sim","28/10/2016"
"Gerência Regional / GO","861594/2010","Requerimento de Cessão parcial","Requerimento de Lavra","15.613.072/0001-81","Areal Rio Vermelho Eireli Me ","GOIÁS - GO","AREIA, MINÉRIO DE OURO","Construção civil, Industrial","Sim","25/04/2016"
"Gerência Regional / GO","860569/2013","Requerimento de Autorização de Pesquisa","Direito de Requerer a Lavra","19.325.805/0001-33","Vale do Itiquira Agregados Minerais Ltda","PLANALTINA - GO","ARGILA, QUARTZITO","Industrial, Industrial","Sim","25/11/2014"
"Gerência Regional / GO","860578/2013","Requerimento de Autorização de Pesquisa","Requerimento de Lavra","05.045.148/0001-66","TWA MINERACAO LTDA","CRISTALINA - GO, LUZIÂNIA - GO","AREIA, QUARTZITO","Construção civil, Industrial","Sim","22/05/2018"
"Gerência Regional / GO","860656/2014","Requerimento de Autorização de Pesquisa","Concessão de Lavra","20.183.888/0001-52","NOVA ERA EXTRACAO E TRANSPORTES DE AREIA LTDA","CEZARINA - GO, PONTALINA - GO","AREIA","Construção civil","Sim","29/05/2015"
"Gerência Regional / GO","860924/2016","Requerimento de Autorização de Pesquisa","Concessão de Lavra","18.090.544/0001-57","GONCALVES E ALMEIDA LTDA","PIRANHAS - GO","AREIA, DIAMANTE","Construção civil, Industrial","Sim","29/08/2018"
"Gerência Regional / GO","861176/2012","Requerimento de Cessão parcial","Requerimento de Lavra","19.658.922/0001-19","T. OLIVEIRA DOS SANTOS LTDA","FAINA - GO","AREIA","Construção civil","Sim","23/09/2014"
"Gerência Regional / GO","861270/2021","Requerimento de Pesquisa - Oferta Pública ","Autorização de Pesquisa","14.689.283/0001-35","JUAN DEMETRIO SANCHEZ VILLEGAS","CATALÃO - GO","AREIA, ARGILA, CASCALHO, DIAMANTE, DIAMANTE","Cerâmica vermelha, Construção civil, Construção civil, Gema, Industrial","Sim","30/09/2024"
"Gerência Regional / GO","860567/2012","Requerimento de Cessão parcial","Concessão de Lavra","20.929.582/0001-00","MINERACAO SANT'ANA EIRELI","MONTE ALEGRE DE GOIÁS - GO","AREIA","Industrial","Sim","10/11/2014"
"Gerência Regional / GO","860097/2010","Requerimento de Autorização de Pesquisa","Concessão de Lavra","20.677.187/0001-70","JC AREIA LTDA","ARAGUAPAZ - GO, FAINA - GO","AREIA, MINÉRIO DE OURO","Construção civil, Industrial","Sim","15/12/2015"
"Gerência Regional / GO","860718/2018","Requerimento de Autorização de Pesquisa","Requerimento de Lavra","14.526.202/0001-86","AREIAL J. R LTDA","EDÉIA - GO","AREIA","Construção civil","Sim","08/01/2024"
"Gerência Regional / GO","861449/2012","Requerimento de Autorização de Pesquisa","Direito de Requerer a Lavra","***.238.616-**","CLAUDIO HONOR RIBEIRO","ANHANGUERA - GO, ARAGUARI - MG, CUMARI - GO","AREIA","Construção civil","Sim","26/08/2015"
"Gerência Regional / GO","861449/2012","Requerimento de Autorização de Pesquisa","Direito de Requerer a Lavra","***.238.616-**","CLAUDIO HONOR RIBEIRO","ANHANGUERA - GO, ARAGUARI - MG, CUMARI - GO","AREIA","Construção civil","Sim","24/10/2014"
"Gerência Regional / GO","861449/2012","Requerimento de Autorização de Pesquisa","Direito de Requerer a Lavra","***.238.616-**","CLAUDIO HONOR RIBEIRO","ANHANGUERA - GO, ARAGUARI - MG, CUMARI - GO","AREIA","Construção civil","Sim","13/10/2021"
"Gerência Regional / GO","861449/2012","Requerimento de Autorização de Pesquisa","Direito de Requerer a Lavra","***.238.616-**","CLAUDIO HONOR RIBEIRO","ANHANGUERA - GO, ARAGUARI - MG, CUMARI - GO","AREIA","Construção civil","Sim","13/10/2021"
"Gerência Regional / GO","861449/2012","Requerimento de Autorização de Pesquisa","Direito de Requerer a Lavra","***.238.616-**","CLAUDIO HONOR RIBEIRO","ANHANGUERA - GO, ARAGUARI - MG, CUMARI - GO","AREIA","Construção civil","Sim","25/02/2021"
"Gerência Regional / GO","861449/2012","Requerimento de Autorização de Pesquisa","Direito de Requerer a Lavra","***.238.616-**","CLAUDIO HONOR RIBEIRO","ANHANGUERA - GO, ARAGUARI - MG, CUMARI - GO","AREIA","Construção civil","Sim","25/02/2021"
"Gerência Regional / GO","861449/2012","Requerimento de Autorização de Pesquisa","Direito de Requerer a Lavra","***.238.616-**","CLAUDIO HONOR RIBEIRO","ANHANGUERA - GO, ARAGUARI - MG, CUMARI - GO","AREIA","Construção civil","Sim","25/02/2021"
"Gerência Regional / GO","861449/2012","Requerimento de Autorização de Pesquisa","Direito de Requerer a Lavra","***.238.616-**","CLAUDIO HONOR RIBEIRO","ANHANGUERA - GO, ARAGUARI - MG, CUMARI - GO","AREIA","Construção civil","Sim","25/02/2021"
"Gerência Regional / GO","861449/2012","Requerimento de Autorização de Pesquisa","Direito de Requerer a Lavra","***.238.616-**","CLAUDIO HONOR RIBEIRO","ANHANGUERA - GO, ARAGUARI - MG, CUMARI - GO","AREIA","Construção civil","Sim","25/02/2021"
"Gerência Regional / GO","861449/2012","Requerimento de Autorização de Pesquisa","Direito de Requerer a Lavra","***.238.616-**","CLAUDIO HONOR RIBEIRO","ANHANGUERA - GO, ARAGUARI - MG, CUMARI - GO","AREIA","Construção civil","Sim","25/02/2021"
"Gerência Regional / GO","860560/2011","Requerimento de Autorização de Pesquisa","Requerimento de Lavra","14.812.123/0001-31","HELIO SILVESTRE DE OLIVEIRA","BURITI DE GOIÁS - GO, CÓRREGO DO OURO - GO","AREIA, CASCALHO, MINÉRIO DE OURO","Construção civil, Construção civil, Industrial","Sim","14/04/2015"
"Gerência Regional / GO","861648/2013","Requerimento de Autorização de Pesquisa","Concessão de Lavra","21.766.307/0001-78","MINERAÇÃO MS LTDA","GOIÁS - GO","AREIA, DIAMANTE","Construção civil, Industrial","Sim","10/11/2014"
"Gerência Regional / GO","861771/2010","Requerimento de Autorização de Pesquisa","Requerimento de Lavra","09.548.841/0001-02","Carvalho Serviços Comerciais Ltda Me","CÓRREGO DO OURO - GO, MOIPORÁ - GO","AREIA, MINÉRIO DE OURO","Construção civil, Industrial","Sim","20/11/2013"
"Gerência Regional / GO","861771/2010","Requerimento de Autorização de Pesquisa","Requerimento de Lavra","09.548.841/0001-02","Carvalho Serviços Comerciais Ltda Me","CÓRREGO DO OURO - GO, MOIPORÁ - GO","AREIA, MINÉRIO DE OURO","Construção civil, Industrial","Sim","15/06/2015"
"Gerência Regional / GO","861056/2007","Requerimento de Autorização de Pesquisa","Concessão de Lavra","22.575.504/0001-72","MINERACAO JS LTDA","BURITI DE GOIÁS - GO, SANCLERLÂNDIA - GO","AREIA, MINÉRIO DE OURO","Construção civil, Industrial","Sim","17/11/2015"
"Gerência Regional / GO","860393/2018","Requerimento de Autorização de Pesquisa","Autorização de Pesquisa","23.102.872/0001-66","COOPERATIVA DE GARIMPEIROS E MINERADORES DE OURILANDIA E REGIAO - COOPEROURI","GOIÁS - GO, ITAPIRAPUÃ - GO","AREIA, CASCALHO, MINÉRIO DE OURO, QUARTZO, QUARTZO","Artesanato  mineral, Construção civil, Construção civil, Gema, Industrial","Sim","11/05/2023"
"Gerência Regional / GO","860430/2016","Requerimento de Disponibilidade para pesquisa","Concessão de Lavra","18.862.543/0001-83","MONTE SIAO MINERACAO LTDA","PORANGATU - GO","GRANITO","Revestimento","Sim","28/11/2017"
"Gerência Regional / GO","860211/2011","Requerimento de Autorização de Pesquisa","Concessão de Lavra","17.671.818/0001-39","EXTRACAO DE AREIA E TRANSPORTES PIRACANJUBA LTDA","BURITI ALEGRE - GO","AREIA, CASCALHO","Construção civil, Construção civil","Sim","25/04/2014"
"Gerência Regional / GO","860215/2011","Requerimento de Autorização de Pesquisa","Concessão de Lavra","17.671.818/0001-39","EXTRACAO DE AREIA E TRANSPORTES PIRACANJUBA LTDA","ÁGUA LIMPA - GO, BURITI ALEGRE - GO","AREIA, CASCALHO","Construção civil, Construção civil","Sim","25/04/2014"
"Gerência Regional / GO","861355/2012","Requerimento de Disponibilidade para pesquisa","Concessão de Lavra","24.216.534/0001-18","AREIAL E TERRAPLANAGEM SILVEIRA LTDA","GOIÁS - GO","AREIA","Construção civil","Sim","15/07/2016"
"Gerência Regional / GO","861355/2012","Requerimento de Disponibilidade para pesquisa","Concessão de Lavra","24.216.534/0001-18","AREIAL E TERRAPLANAGEM SILVEIRA LTDA","GOIÁS - GO","AREIA","Construção civil","Sim","27/10/2021"
"Gerência Regional / GO","860227/2019","Requerimento de Autorização de Pesquisa","Requerimento de Lavra","04.791.723/0001-07","NC - COMERCIO VAREJISTA DE AREIAS LTDA","HIDROLÂNDIA - GO, PIRACANJUBA - GO","AREIA","Construção civil","Sim","23/10/2024"
"Gerência Regional / GO","860281/2012","Requerimento de Autorização de Pesquisa","Concessão de Lavra","27.468.408/0001-49","MINERACAO MOURA LTDA","GUAPÓ - GO","AREIA, GNAISSE, GNAISSE","Brita, Construção civil, Revestimento","Sim","11/05/2017"
"Gerência Regional / GO","861769/2013","Requerimento de Autorização de Pesquisa","Requerimento de Lavra","23.457.651/0001-00","NOVA POTASH AGRICULTURA S.A","GOIÁS - GO","SIENITO","Industrial","Sim","08/03/2017"
"Gerência Regional / GO","861689/2013","Requerimento de Autorização de Pesquisa","Autorização de Pesquisa","23.457.651/0001-00","NOVA POTASH AGRICULTURA S.A","SANTO ANTÔNIO DA BARRA - GO","BASALTO","Revestimento","Sim","08/03/2017"
"Gerência Regional / GO","860957/2013","Requerimento de Autorização de Pesquisa","Autorização de Pesquisa","23.457.651/0001-00","NOVA POTASH AGRICULTURA S.A","GOIÁS - GO","SIENITO","Industrial","Sim","28/04/2023"
"Gerência Regional / GO","860921/2016","Requerimento de Disponibilidade para pesquisa","Autorização de Pesquisa","23.457.651/0001-00","NOVA POTASH AGRICULTURA S.A","RIO VERDE - GO","SIENITO","Industrial","Sim","28/04/2023"
"Gerência Regional / GO","860915/2016","Requerimento de Disponibilidade para pesquisa","Autorização de Pesquisa","23.457.651/0001-00","NOVA POTASH AGRICULTURA S.A","RIO VERDE - GO","SIENITO","Industrial","Sim","28/04/2023"
"Gerência Regional / GO","860914/2016","Requerimento de Disponibilidade para pesquisa","Autorização de Pesquisa","23.457.651/0001-00","NOVA POTASH AGRICULTURA S.A","RIO VERDE - GO","SIENITO","Industrial","Sim","25/09/2017"
"Gerência Regional / GO","860514/2016","Requerimento de Autorização de Pesquisa","Autorização de Pesquisa","23.457.651/0001-00","NOVA POTASH AGRICULTURA S.A","GOIÁS - GO","SIENITO","Industrial","Sim","25/09/2017"
"Gerência Regional / GO","860513/2016","Requerimento de Autorização de Pesquisa","Autorização de Pesquisa","23.457.651/0001-00","NOVA POTASH AGRICULTURA S.A","GOIÁS - GO","SIENITO","Industrial","Sim","25/09/2017"
"Gerência Regional / GO","860334/2017","Requerimento de Autorização de Pesquisa","Autorização de Pesquisa","23.457.651/0001-00","NOVA POTASH AGRICULTURA S.A","GOIÁS - GO","SIENITO","Industrial","Sim","16/10/2017"
"Gerência Regional / GO","860934/2006","Requerimento de Autorização de Pesquisa","Concessão de Lavra","25.454.292/0001-63","LEANDRO RODRIGO DE SOUSA LTDA","SILVÂNIA - GO","AREIA, MINÉRIO DE OURO","Construção civil, Industrial","Sim","06/09/2022"
"Gerência Regional / GO","860749/2017","Requerimento de Autorização de Pesquisa","Autorização de Pesquisa","***.824.131-**","TALES DE MELO","MARA ROSA - GO","MINÉRIO DE OURO","Industrial","Sim","05/11/2021"
"Gerência Regional / GO","860749/2017","Requerimento de Autorização de Pesquisa","Autorização de Pesquisa","***.824.131-**","TALES DE MELO","MARA ROSA - GO","MINÉRIO DE OURO","Industrial","Sim","28/12/2017"
"Gerência Regional / GO","860749/2017","Requerimento de Autorização de Pesquisa","Autorização de Pesquisa","***.824.131-**","TALES DE MELO","MARA ROSA - GO","MINÉRIO DE OURO","Industrial","Sim","05/11/2021"
"Gerência Regional / GO","860749/2017","Requerimento de Autorização de Pesquisa","Autorização de Pesquisa","***.824.131-**","TALES DE MELO","MARA ROSA - GO","MINÉRIO DE OURO","Industrial","Sim","05/11/2021"
"Gerência Regional / GO","860749/2017","Requerimento de Autorização de Pesquisa","Autorização de Pesquisa","***.824.131-**","TALES DE MELO","MARA ROSA - GO","MINÉRIO DE OURO","Industrial","Sim","05/11/2021"
"Gerência Regional / GO","860749/2017","Requerimento de Autorização de Pesquisa","Autorização de Pesquisa","***.824.131-**","TALES DE MELO","MARA ROSA - GO","MINÉRIO DE OURO","Industrial","Sim","05/11/2021"
"Gerência Regional / GO","860749/2017","Requerimento de Autorização de Pesquisa","Autorização de Pesquisa","***.824.131-**","TALES DE MELO","MARA ROSA - GO","MINÉRIO DE OURO","Industrial","Sim","05/11/2021"
"Gerência Regional / GO","860749/2017","Requerimento de Autorização de Pesquisa","Autorização de Pesquisa","***.824.131-**","TALES DE MELO","MARA ROSA - GO","MINÉRIO DE OURO","Industrial","Sim","05/11/2021"
"Gerência Regional / GO","860749/2017","Requerimento de Autorização de Pesquisa","Autorização de Pesquisa","***.824.131-**","TALES DE MELO","MARA ROSA - GO","MINÉRIO DE OURO","Industrial","Sim","05/11/2021"
"Gerência Regional / GO","860749/2017","Requerimento de Autorização de Pesquisa","Autorização de Pesquisa","***.824.131-**","TALES DE MELO","MARA ROSA - GO","MINÉRIO DE OURO","Industrial","Sim","05/11/2021"
"Gerência Regional / GO","860749/2017","Requerimento de Autorização de Pesquisa","Autorização de Pesquisa","***.824.131-**","TALES DE MELO","MARA ROSA - GO","MINÉRIO DE OURO","Industrial","Sim","05/11/2021"
"Gerência Regional / GO","860824/2017","Requerimento de Autorização de Pesquisa","Autorização de Pesquisa","***.824.131-**","TALES DE MELO","MUTUNÓPOLIS - GO, PORANGATU - GO","MINÉRIO DE COBRE, MINÉRIO DE OURO","Industrial, Industrial","Sim","05/11/2021"
"Gerência Regional / GO","860824/2017","Requerimento de Autorização de Pesquisa","Autorização de Pesquisa","***.824.131-**","TALES DE MELO","MUTUNÓPOLIS - GO, PORANGATU - GO","MINÉRIO DE COBRE, MINÉRIO DE OURO","Industrial, Industrial","Sim","05/11/2021"
"Gerência Regional / GO","860824/2017","Requerimento de Autorização de Pesquisa","Autorização de Pesquisa","***.824.131-**","TALES DE MELO","MUTUNÓPOLIS - GO, PORANGATU - GO","MINÉRIO DE COBRE, MINÉRIO DE OURO","Industrial, Industrial","Sim","05/11/2021"
"Gerência Regional / GO","860824/2017","Requerimento de Autorização de Pesquisa","Autorização de Pesquisa","***.824.131-**","TALES DE MELO","MUTUNÓPOLIS - GO, PORANGATU - GO","MINÉRIO DE COBRE, MINÉRIO DE OURO","Industrial, Industrial","Sim","05/11/2021"
"Gerência Regional / GO","860824/2017","Requerimento de Autorização de Pesquisa","Autorização de Pesquisa","***.824.131-**","TALES DE MELO","MUTUNÓPOLIS - GO, PORANGATU - GO","MINÉRIO DE COBRE, MINÉRIO DE OURO","Industrial, Industrial","Sim","05/11/2021"
"Gerência Regional / GO","860824/2017","Requerimento de Autorização de Pesquisa","Autorização de Pesquisa","***.824.131-**","TALES DE MELO","MUTUNÓPOLIS - GO, PORANGATU - GO","MINÉRIO DE COBRE, MINÉRIO DE OURO","Industrial, Industrial","Sim","05/11/2021"
"Gerência Regional / GO","860824/2017","Requerimento de Autorização de Pesquisa","Autorização de Pesquisa","***.824.131-**","TALES DE MELO","MUTUNÓPOLIS - GO, PORANGATU - GO","MINÉRIO DE COBRE, MINÉRIO DE OURO","Industrial, Industrial","Sim","05/11/2021"
"Gerência Regional / GO","860824/2017","Requerimento de Autorização de Pesquisa","Autorização de Pesquisa","***.824.131-**","TALES DE MELO","MUTUNÓPOLIS - GO, PORANGATU - GO","MINÉRIO DE COBRE, MINÉRIO DE OURO","Industrial, Industrial","Sim","05/11/2021"
"Gerência Regional / GO","860824/2017","Requerimento de Autorização de Pesquisa","Autorização de Pesquisa","***.824.131-**","TALES DE MELO","MUTUNÓPOLIS - GO, PORANGATU - GO","MINÉRIO DE COBRE, MINÉRIO DE OURO","Industrial, Industrial","Sim","05/11/2021"
"Gerência Regional / GO","860824/2017","Requerimento de Autorização de Pesquisa","Autorização de Pesquisa","***.824.131-**","TALES DE MELO","MUTUNÓPOLIS - GO, PORANGATU - GO","MINÉRIO DE COBRE, MINÉRIO DE OURO","Industrial, Industrial","Sim","05/11/2021"
"Gerência Regional / GO","860824/2017","Requerimento de Autorização de Pesquisa","Autorização de Pesquisa","***.824.131-**","TALES DE MELO","MUTUNÓPOLIS - GO, PORANGATU - GO","MINÉRIO DE COBRE, MINÉRIO DE OURO","Industrial, Industrial","Sim","05/11/2021"
"Gerência Regional / GO","860824/2017","Requerimento de Autorização de Pesquisa","Autorização de Pesquisa","***.824.131-**","TALES DE MELO","MUTUNÓPOLIS - GO, PORANGATU - GO","MINÉRIO DE COBRE, MINÉRIO DE OURO","Industrial, Industrial","Sim","05/11/2021"
"Gerência Regional / GO","860824/2017","Requerimento de Autorização de Pesquisa","Autorização de Pesquisa","***.824.131-**","TALES DE MELO","MUTUNÓPOLIS - GO, PORANGATU - GO","MINÉRIO DE COBRE, MINÉRIO DE OURO","Industrial, Industrial","Sim","05/11/2021"
"Gerência Regional / GO","860851/2010","Requerimento de Autorização de Pesquisa","Concessão de Lavra","27.748.087/0001-36","NOVA ESPERANCA EXTRACAO E MINERACAO DE AREIAS LTDA","CORUMBÁ DE GOIÁS - GO","AREIA, MINÉRIO DE OURO, QUARTZITO","Construção civil, Industrial, Industrial","Sim","05/07/2012"
"Gerência Regional / GO","860851/2010","Requerimento de Autorização de Pesquisa","Concessão de Lavra","27.748.087/0001-36","NOVA ESPERANCA EXTRACAO E MINERACAO DE AREIAS LTDA","CORUMBÁ DE GOIÁS - GO","AREIA, MINÉRIO DE OURO, QUARTZITO","Construção civil, Industrial, Industrial","Sim","19/01/2012"
"Gerência Regional / GO","861463/2011","Requerimento de Autorização de Pesquisa","Requerimento de Lavra","11.430.844/0001-99","Associação Pai Eterno e Perpetuo Socorro","IPORÁ - GO","GRANITO","Revestimento","Sim","04/03/2013"
"Gerência Regional / GO","861449/2012","Requerimento de Autorização de Pesquisa","Direito de Requerer a Lavra","***.238.616-**","CLAUDIO HONOR RIBEIRO","ANHANGUERA - GO, ARAGUARI - MG, CUMARI - GO","AREIA","Construção civil","Sim","25/02/2021"
"Gerência Regional / GO","862000/2005","Requerimento de Autorização de Pesquisa","Requerimento de Lavra","04.363.648/0001-83","Marindia Zanon Epp","ALVORADA DO NORTE - GO","CALCÁRIO","Industrial","Sim","22/04/2015"
"Gerência Regional / GO","860270/2022","Requerimento de Autorização de Pesquisa","Autorização de Pesquisa","***.412.521-**","DORNIL ESPINDOLA COELHO NETO","SANTA TEREZA DE GOIÁS - GO, TROMBAS - GO","AREIA, MINÉRIO DE OURO","Construção civil, Industrial","Sim","17/11/2023"
"Gerência Regional / GO","861526/2014","Requerimento de Autorização de Pesquisa","Requerimento de Lavra","12.135.882/0001-81","Areia & Cia Ltda Me","SANTA CRUZ DE GOIÁS - GO","AREIA, DIAMANTE","Construção civil, Industrial","Sim","14/11/2016"
"Gerência Regional / GO","860334/2016","Requerimento de Autorização de Pesquisa","Autorização de Pesquisa","21.516.092/0001-37","Phm Mineração e Participações Ltda.","JARAGUÁ - GO, RIANÁPOLIS - GO, SANTA ISABEL - GO","ILMENITA","Industrial","Sim","25/02/2021"
"Gerência Regional / GO","860250/2012","Requerimento de Autorização de Pesquisa","Autorização de Pesquisa","***.962.511-**","JOAO CORDEIRO VASCO","ARRAIAS - TO, MONTE ALEGRE DE GOIÁS - GO","MINÉRIO DE OURO","Industrial","Sim","25/01/2018"
"Gerência Regional / GO","860690/2016","Requerimento de Autorização de Pesquisa","Autorização de Pesquisa","***.637.371-**","RENILDO MELQUIDES FARIA","IPAMERI - GO, PIRES DO RIO - GO, URUTAÍ - GO","AREIA, CASCALHO, MINÉRIO DE OURO","Construção civil, Construção civil, Industrial","Sim","17/02/2020"
"Gerência Regional / GO","860560/2011","Requerimento de Autorização de Pesquisa","Requerimento de Lavra","14.812.123/0001-31","HELIO SILVESTRE DE OLIVEIRA","BURITI DE GOIÁS - GO, CÓRREGO DO OURO - GO","AREIA, CASCALHO, MINÉRIO DE OURO","Construção civil, Construção civil, Industrial","Sim","27/12/2023"
"Gerência Regional / GO","861648/2013","Requerimento de Autorização de Pesquisa","Concessão de Lavra","21.766.307/0001-78","MINERAÇÃO MS LTDA","GOIÁS - GO","AREIA, DIAMANTE","Construção civil, Industrial","Sim","29/04/2015"
"Gerência Regional / GO","861117/2012","Requerimento de Autorização de Pesquisa","Requerimento de Lavra","22.085.274/0001-63","Sandbox Ecomineração de Areia Eirelli","ACREÚNA - GO, INDIARA - GO, JANDAIA - GO","AREIA, CASCALHO","Construção civil, Construção civil","Sim","24/04/2015"
"Gerência Regional / GO","860405/2014","Requerimento de Autorização de Pesquisa","Concessão de Lavra","08.678.980/0001-98","CEMAN MINERACAO LTDA","ALTO HORIZONTE - GO","GRANITO, MINÉRIO DE MANGANÊS","Industrial, Revestimento","Sim","24/04/2015"
"Gerência Regional / GO","861152/2010","Requerimento de Autorização de Pesquisa","Requerimento de Lavra","13.734.459/0001-60","MINERACAO PARAISO LTDA","ALOÂNDIA - GO, MORRINHOS - GO, PONTALINA - GO","AREIA, CASCALHO, MINÉRIO DE OURO","Construção civil, Construção civil, Industrial","Sim","17/11/2015"
"Gerência Regional / GO","860287/2022","Requerimento de Autorização de Pesquisa","Autorização de Pesquisa","15.730.805/0001-68","MINERALLIS CAPITAL CONSULTORIA & INTERMEDIACAO DE NEGOCIOS LTDA","MINEIROS - GO, PORTELÂNDIA - GO","FOSFATO, GIPSITA","Fertilizantes, Industrial","Sim","15/04/2024"
"Gerência Regional / GO","861040/2008","Requerimento de Autorização de Pesquisa","Concessão de Lavra","21.575.577/0001-00","Eurípedes Assis de Oliveira Me","SILVÂNIA - GO","AREIA","Construção civil","Sim","24/07/2015"
"Gerência Regional / GO","861771/2010","Requerimento de Autorização de Pesquisa","Requerimento de Lavra","09.548.841/0001-02","Carvalho Serviços Comerciais Ltda Me","CÓRREGO DO OURO - GO, MOIPORÁ - GO","AREIA, MINÉRIO DE OURO","Construção civil, Industrial","Sim","04/07/2014"
"Gerência Regional / GO","861056/2007","Requerimento de Autorização de Pesquisa","Concessão de Lavra","22.575.504/0001-72","MINERACAO JS LTDA","BURITI DE GOIÁS - GO, SANCLERLÂNDIA - GO","AREIA, MINÉRIO DE OURO","Construção civil, Industrial","Sim","20/06/2012"
"Gerência Regional / GO","861011/2015","Requerimento de Autorização de Pesquisa","Autorização de Pesquisa","***.478.431-**","GISELA TOSTES CRUZ DE CASTRO PESSOA","FORMOSA - GO","AREIA, CASCALHO, MINÉRIO DE OURO, QUARTZITO","Construção civil, Construção civil, Industrial, Industrial","Sim","17/08/2016"
"Gerência Regional / GO","860393/2018","Requerimento de Autorização de Pesquisa","Autorização de Pesquisa","23.102.872/0001-66","COOPERATIVA DE GARIMPEIROS E MINERADORES DE OURILANDIA E REGIAO - COOPEROURI","GOIÁS - GO, ITAPIRAPUÃ - GO","AREIA, CASCALHO, MINÉRIO DE OURO, QUARTZO, QUARTZO","Artesanato  mineral, Construção civil, Construção civil, Gema, Industrial","Sim","12/05/2023"
"Gerência Regional / GO","861202/2013","Requerimento de Autorização de Pesquisa","Requerimento de Lavra","23.435.208/0001-39","GRAN MARBLIE MINERADORA LTDA","BELA VISTA DE GOIÁS - GO","DIAMANTE, GRANITO, XISTO, XISTO","Brita, Industrial, Revestimento, Revestimento","Sim","24/04/2017"
"Gerência Regional / GO","861701/2012","Requerimento de Autorização de Pesquisa","Requerimento de Lavra","18.816.726/0001-62","AREAL CEDRO LTDA","SANCLERLÂNDIA - GO, SÃO LUÍS DE MONTES BELOS - GO","AREIA","Construção civil","Sim","27/12/2023"
"Gerência Regional / GO","860430/2016","Requerimento de Disponibilidade para pesquisa","Concessão de Lavra","18.862.543/0001-83","MONTE SIAO MINERACAO LTDA","PORANGATU - GO","GRANITO","Revestimento","Sim","28/08/2018"
"Gerência Regional / GO","860212/2011","Requerimento de Autorização de Pesquisa","Concessão de Lavra","17.671.818/0001-39","EXTRACAO DE AREIA E TRANSPORTES PIRACANJUBA LTDA","ÁGUA LIMPA - GO, BURITI ALEGRE - GO","AREIA, CASCALHO","Construção civil, Construção civil","Sim","02/09/2016"
"Gerência Regional / GO","860211/2011","Requerimento de Autorização de Pesquisa","Concessão de Lavra","17.671.818/0001-39","EXTRACAO DE AREIA E TRANSPORTES PIRACANJUBA LTDA","BURITI ALEGRE - GO","AREIA, CASCALHO","Construção civil, Construção civil","Sim","02/09/2016"
"Gerência Regional / GO","860216/2011","Requerimento de Autorização de Pesquisa","Concessão de Lavra","17.671.818/0001-39","EXTRACAO DE AREIA E TRANSPORTES PIRACANJUBA LTDA","ÁGUA LIMPA - GO, BURITI ALEGRE - GO","AREIA, CASCALHO","Construção civil, Construção civil","Sim","02/09/2016"
"Gerência Regional / GO","860215/2011","Requerimento de Autorização de Pesquisa","Concessão de Lavra","17.671.818/0001-39","EXTRACAO DE AREIA E TRANSPORTES PIRACANJUBA LTDA","ÁGUA LIMPA - GO, BURITI ALEGRE - GO","AREIA, CASCALHO","Construção civil, Construção civil","Sim","02/09/2016"
"Gerência Regional / GO","860844/2014","Requerimento de Autorização de Pesquisa","Autorização de Pesquisa","24.114.203/0001-77","Triunfo Mineraçao Ltda Epp","TROMBAS - GO","FOSFATO","Fertilizantes","Sim","13/06/2016"
"Gerência Regional / GO","860113/2015","Requerimento de Autorização de Pesquisa","Autorização de Pesquisa","24.233.624/0001-17","ARARAS MINERACAO S.A.","NOVA IGUAÇU DE GOIÁS - GO, PILAR DE GOIÁS - GO, SANTA TEREZINHA DE GOIÁS - GO","MINÉRIO DE OURO","Industrial","Sim","15/03/2016"
"Gerência Regional / GO","860845/2017","Requerimento de Autorização de Pesquisa","Autorização de Pesquisa","10.465.539/0001-70","Cristal Mineradora e Comercio Ltda Epp","CAVALCANTE - GO, TERESINA DE GOIÁS - GO","MINÉRIO DE MANGANÊS","Industrial","Sim","22/05/2018"
"Gerência Regional / GO","861355/2012","Requerimento de Disponibilidade para pesquisa","Concessão de Lavra","24.216.534/0001-18","AREIAL E TERRAPLANAGEM SILVEIRA LTDA","GOIÁS - GO","AREIA","Construção civil","Sim","24/12/2013"
"Gerência Regional / GO","860766/2008","Requerimento de Autorização de Pesquisa","Autorização de Pesquisa","25.083.952/0001-47","MINERACAO RIO SUL LTDA.","COLINAS DO SUL - GO","MINÉRIO DE MANGANÊS","Industrial","Sim","01/10/2025"
"Gerência Regional / GO","860761/2008","Requerimento de Autorização de Pesquisa","Autorização de Pesquisa","25.083.952/0001-47","MINERACAO RIO SUL LTDA.","COLINAS DO SUL - GO","MINÉRIO DE MANGANÊS","Industrial","Sim","26/09/2025"
"Gerência Regional / GO","861071/2011","Requerimento de Autorização de Pesquisa","Concessão de Lavra","25.227.736/0001-28","Mineração Novo Horizonte Me","CRISTALINA - GO","CALCÁRIO, CALCÁRIO DOLOMÍTICO","Corretivo de solo, Fabricação de cal","Sim","06/07/2017"
"Gerência Regional / GO","860948/2018","Requerimento de Autorização de Pesquisa","Autorização de Pesquisa","10.786.100/0001-49","3 S Ltda","AMORINÓPOLIS - GO, IPORÁ - GO","MINÉRIO DE OURO","Industrial","Sim","14/09/2021"
"Gerência Regional / GO","860027/2020","Requerimento de Autorização de Pesquisa","Autorização de Pesquisa","10.786.100/0001-49","3 S Ltda","AMORINÓPOLIS - GO, IPORÁ - GO","MINÉRIO DE OURO","Industrial","Sim","10/05/2021"
"Gerência Regional / GO","860227/2019","Requerimento de Autorização de Pesquisa","Requerimento de Lavra","04.791.723/0001-07","NC - COMERCIO VAREJISTA DE AREIAS LTDA","HIDROLÂNDIA - GO, PIRACANJUBA - GO","AREIA","Construção civil","Sim","22/01/2025"
"Gerência Regional / GO","860905/2024","Requerimento de Autorização de Pesquisa","Autorização de Pesquisa","08.829.496/0001-12","MINERACAO LESTE DE MINAS LTDA","POSSE - GO","MÁRMORE","Revestimento","Sim","04/09/2025"
"Gerência Regional / GO","860079/2022","Requerimento de Autorização de Pesquisa","Autorização de Pesquisa","08.829.496/0001-12","MINERACAO LESTE DE MINAS LTDA","COLINAS DO SUL - GO","QUARTZO","Artesanato  mineral","Sim","05/02/2025"
"Gerência Regional / GO","861066/2021","Requerimento de Pesquisa - Leilão","Autorização de Pesquisa","24.628.608/0001-23","IVAN VIEIRA DO NASCIMENTO","GUARANI DE GOIÁS - GO, IACIARA - GO","AREIA","Construção civil","Sim","29/03/2022"
"Gerência Regional / GO","862911/2011","Requerimento de Autorização de Pesquisa","Autorização de Pesquisa","26.373.959/0001-66","Mineração Cristalina Ltda","CRISTALINA - GO","MINÉRIO DE OURO","Industrial","Sim","13/07/2017"
"Gerência Regional / GO","862910/2011","Requerimento de Autorização de Pesquisa","Autorização de Pesquisa","26.373.959/0001-66","Mineração Cristalina Ltda","CRISTALINA - GO","MINÉRIO DE OURO","Industrial","Sim","13/07/2017"
"Gerência Regional / GO","862916/2011","Requerimento de Autorização de Pesquisa","Autorização de Pesquisa","26.373.959/0001-66","Mineração Cristalina Ltda","CRISTALINA - GO","MINÉRIO DE OURO","Industrial","Sim","13/07/2017"
"Gerência Regional / GO","862915/2011","Requerimento de Autorização de Pesquisa","Autorização de Pesquisa","26.373.959/0001-66","Mineração Cristalina Ltda","CRISTALINA - GO","MINÉRIO DE OURO","Industrial","Sim","13/07/2017"
"Gerência Regional / TO","864247/2018","Requerimento de Autorização de Pesquisa","Autorização de Pesquisa","22.911.640/0001-96","SEMA - SONDAGENS, MINERACAO E MEIO AMBIENTE LTDA","PARANÃ - TO","QUARTZITO","Revestimento","Sim","31/12/2024"
"Gerência Regional / GO","860827/2013","Requerimento de Autorização de Pesquisa","Requerimento de Lavra","25.355.031/0001-96","JERIBA MINERACAO DE PEDRAS ORNAMENTAIS, EXTRACAO, IMPORTACAO E EXPORTACAO LTDA","CRIXÁS - GO","DIABÁSIO, GRANITO","Revestimento, Revestimento","Sim","16/11/2018"
"Gerência Regional / GO","860184/2016","Requerimento de Autorização de Pesquisa","Concessão de Lavra","25.355.031/0001-96","JERIBA MINERACAO DE PEDRAS ORNAMENTAIS, EXTRACAO, IMPORTACAO E EXPORTACAO LTDA","CRIXÁS - GO","DIABÁSIO","Revestimento","Sim","16/11/2018"
"Gerência Regional / GO","860281/2012","Requerimento de Autorização de Pesquisa","Concessão de Lavra","27.468.408/0001-49","MINERACAO MOURA LTDA","GUAPÓ - GO","AREIA, GNAISSE, GNAISSE","Brita, Construção civil, Revestimento","Sim","27/01/2015"
"Gerência Regional / GO","860077/2015","Requerimento de Autorização de Pesquisa","Autorização de Pesquisa","27.468.408/0001-49","MINERACAO MOURA LTDA","GUAPÓ - GO","ÁGUA MINERAL","Engarrafamento","Sim","11/05/2017"
"Gerência Regional / GO","861595/2014","Requerimento de Cessão parcial","Concessão de Lavra","27.468.408/0001-49","MINERACAO MOURA LTDA","GUAPÓ - GO","AREIA, GNAISSE, GNAISSE","Brita, Construção civil, Revestimento","Sim","11/05/2017"
"Gerência Regional / GO","861594/2014","Requerimento de Cessão parcial","Concessão de Lavra","27.468.408/0001-49","MINERACAO MOURA LTDA","GUAPÓ - GO","AREIA, GNAISSE, GNAISSE","Brita, Construção civil, Revestimento","Sim","11/05/2017"
"Gerência Regional / GO","861592/2014","Requerimento de Cessão parcial","Concessão de Lavra","27.468.408/0001-49","MINERACAO MOURA LTDA","GUAPÓ - GO","AREIA, GNAISSE, GNAISSE","Brita, Construção civil, Revestimento","Sim","11/05/2017"
"Gerência Regional / GO","860665/2007","Requerimento de Autorização de Pesquisa","Requerimento de Lavra","28.188.719/0001-17","CNC CARBONATOS NIQUELANDIA E COLINAS EXPLORACAO E COMERCIALIZACAO DE MINERIOS LTDA","COLINAS DO SUL - GO","CALCÁRIO CALCÍTICO, CALCÁRIO DOLOMÍTICO, MINÉRIO DE OURO","Corretivo de solo, Corretivo de solo, Industrial","Sim","21/11/2019"
"Gerência Regional / GO","861769/2013","Requerimento de Autorização de Pesquisa","Requerimento de Lavra","23.457.651/0001-00","NOVA POTASH AGRICULTURA S.A","GOIÁS - GO","SIENITO","Industrial","Sim","28/04/2023"
"Gerência Regional / GO","861689/2013","Requerimento de Autorização de Pesquisa","Autorização de Pesquisa","23.457.651/0001-00","NOVA POTASH AGRICULTURA S.A","SANTO ANTÔNIO DA BARRA - GO","BASALTO","Revestimento","Sim","28/04/2023"
"Gerência Regional / GO","861463/2016","Requerimento de Autorização de Pesquisa","Autorização de Pesquisa","23.457.651/0001-00","NOVA POTASH AGRICULTURA S.A","RIO VERDE - GO, SANTO ANTÔNIO DA BARRA - GO","BASALTO","Revestimento","Sim","24/05/2019"
"Gerência Regional / GO","861369/2016","Requerimento de Autorização de Pesquisa","Autorização de Pesquisa","23.457.651/0001-00","NOVA POTASH AGRICULTURA S.A","GOIÁS - GO","BASALTO","Revestimento","Sim","24/05/2019"
"Gerência Regional / GO","860957/2013","Requerimento de Autorização de Pesquisa","Autorização de Pesquisa","23.457.651/0001-00","NOVA POTASH AGRICULTURA S.A","GOIÁS - GO","SIENITO","Industrial","Sim","08/03/2017"
"Gerência Regional / GO","860923/2016","Requerimento de Disponibilidade para pesquisa","Autorização de Pesquisa","23.457.651/0001-00","NOVA POTASH AGRICULTURA S.A","RIO VERDE - GO","SIENITO","Industrial","Sim","13/08/2019"
"Gerência Regional / GO","860921/2016","Requerimento de Disponibilidade para pesquisa","Autorização de Pesquisa","23.457.651/0001-00","NOVA POTASH AGRICULTURA S.A","RIO VERDE - GO","SIENITO","Industrial","Sim","05/10/2018"
"Gerência Regional / GO","860915/2016","Requerimento de Disponibilidade para pesquisa","Autorização de Pesquisa","23.457.651/0001-00","NOVA POTASH AGRICULTURA S.A","RIO VERDE - GO","SIENITO","Industrial","Sim","25/09/2017"
"Gerência Regional / GO","860914/2016","Requerimento de Disponibilidade para pesquisa","Autorização de Pesquisa","23.457.651/0001-00","NOVA POTASH AGRICULTURA S.A","RIO VERDE - GO","SIENITO","Industrial","Sim","28/04/2023"
"Gerência Regional / GO","860517/2016","Requerimento de Autorização de Pesquisa","Autorização de Pesquisa","23.457.651/0001-00","NOVA POTASH AGRICULTURA S.A","GOIÁS - GO","SIENITO","Industrial","Sim","24/05/2019"
"Gerência Regional / GO","860514/2016","Requerimento de Autorização de Pesquisa","Autorização de Pesquisa","23.457.651/0001-00","NOVA POTASH AGRICULTURA S.A","GOIÁS - GO","SIENITO","Industrial","Sim","28/04/2023"
"Gerência Regional / GO","860513/2016","Requerimento de Autorização de Pesquisa","Autorização de Pesquisa","23.457.651/0001-00","NOVA POTASH AGRICULTURA S.A","GOIÁS - GO","SIENITO","Industrial","Sim","28/04/2023"
"Gerência Regional / GO","860353/2017","Requerimento de Autorização de Pesquisa","Autorização de Pesquisa","23.457.651/0001-00","NOVA POTASH AGRICULTURA S.A","GOIÁS - GO","SIENITO","Industrial","Sim","24/05/2019"
"Gerência Regional / GO","860335/2017","Requerimento de Autorização de Pesquisa","Autorização de Pesquisa","23.457.651/0001-00","NOVA POTASH AGRICULTURA S.A","GOIÁS - GO","SIENITO","Industrial","Sim","24/05/2019"
"Gerência Regional / GO","860334/2017","Requerimento de Autorização de Pesquisa","Autorização de Pesquisa","23.457.651/0001-00","NOVA POTASH AGRICULTURA S.A","GOIÁS - GO","SIENITO","Industrial","Sim","28/04/2023"
"Gerência Regional / GO","860022/2017","Requerimento de Autorização de Pesquisa","Autorização de Pesquisa","23.457.651/0001-00","NOVA POTASH AGRICULTURA S.A","SANTO ANTÔNIO DA BARRA - GO","BASALTO","Revestimento","Sim","24/05/2019"
"Gerência Regional / GO","860020/2017","Requerimento de Autorização de Pesquisa","Autorização de Pesquisa","23.457.651/0001-00","NOVA POTASH AGRICULTURA S.A","GOIÁS - GO","BASALTO","Revestimento","Sim","24/05/2019"
"Gerência Regional / GO","860019/2017","Requerimento de Autorização de Pesquisa","Autorização de Pesquisa","23.457.651/0001-00","NOVA POTASH AGRICULTURA S.A","GOIÁS - GO","BASALTO","Revestimento","Sim","05/10/2018"
"Gerência Regional / GO","860934/2006","Requerimento de Autorização de Pesquisa","Concessão de Lavra","25.454.292/0001-63","LEANDRO RODRIGO DE SOUSA LTDA","SILVÂNIA - GO","AREIA, MINÉRIO DE OURO","Construção civil, Industrial","Sim","19/04/2007"
"Gerência Regional / GO","860749/2017","Requerimento de Autorização de Pesquisa","Autorização de Pesquisa","***.824.131-**","TALES DE MELO","MARA ROSA - GO","MINÉRIO DE OURO","Industrial","Sim","05/11/2021"
"Gerência Regional / GO","860824/2017","Requerimento de Autorização de Pesquisa","Autorização de Pesquisa","***.824.131-**","TALES DE MELO","MUTUNÓPOLIS - GO, PORANGATU - GO","MINÉRIO DE COBRE, MINÉRIO DE OURO","Industrial, Industrial","Sim","05/11/2021"
"Gerência Regional / GO","860851/2010","Requerimento de Autorização de Pesquisa","Concessão de Lavra","27.748.087/0001-36","NOVA ESPERANCA EXTRACAO E MINERACAO DE AREIAS LTDA","CORUMBÁ DE GOIÁS - GO","AREIA, MINÉRIO DE OURO, QUARTZITO","Construção civil, Industrial, Industrial","Sim","08/08/2024"
"Gerência Regional / GO","860878/2016","Requerimento de Autorização de Pesquisa","Autorização de Pesquisa","11.430.844/0001-99","Associação Pai Eterno e Perpetuo Socorro","NIQUELÂNDIA - GO","MINÉRIO DE NÍQUEL, MINÉRIO DE OURO","Industrial, Industrial","Sim","25/01/2018"
"Gerência Regional / GO","860610/2016","Requerimento de Autorização de Pesquisa","Autorização de Pesquisa","11.430.844/0001-99","Associação Pai Eterno e Perpetuo Socorro","NIQUELÂNDIA - GO","MINÉRIO DE NÍQUEL, MINÉRIO DE OURO","Industrial, Industrial","Sim","25/01/2018"
"Gerência Regional / GO","861494/2015","Requerimento de Autorização de Pesquisa","Autorização de Pesquisa","11.430.844/0001-99","Associação Pai Eterno e Perpetuo Socorro","NIQUELÂNDIA - GO","MINÉRIO DE OURO","Industrial","Sim","25/01/2018"
"Gerência Regional / GO","861463/2011","Requerimento de Autorização de Pesquisa","Requerimento de Lavra","11.430.844/0001-99","Associação Pai Eterno e Perpetuo Socorro","IPORÁ - GO","GRANITO","Revestimento","Sim","08/11/2019"
"Gerência Regional / GO","860883/2016","Requerimento de Autorização de Pesquisa","Autorização de Pesquisa","11.430.844/0001-99","Associação Pai Eterno e Perpetuo Socorro","NIQUELÂNDIA - GO","MINÉRIO DE NÍQUEL, MINÉRIO DE OURO","Industrial, Industrial","Sim","25/01/2018"
"Gerência Regional / GO","860882/2016","Requerimento de Autorização de Pesquisa","Autorização de Pesquisa","11.430.844/0001-99","Associação Pai Eterno e Perpetuo Socorro","NIQUELÂNDIA - GO","MINÉRIO DE NÍQUEL, MINÉRIO DE OURO","Industrial, Industrial","Sim","25/01/2018"
"Gerência Regional / GO","861062/2016","Requerimento de Autorização de Pesquisa","Autorização de Pesquisa","***.823.726-**","ALICE MARIA PEREIRA SILVA","CAÇU - GO, ITARUMÃ - GO, SANTA VITÓRIA - MG","DIAMANTE, DIAMANTE","Gema, Industrial","Sim","05/05/2026"
"Gerência Regional / GO","861062/2016","Requerimento de Autorização de Pesquisa","Autorização de Pesquisa","***.823.726-**","ALICE MARIA PEREIRA SILVA","CAÇU - GO, ITARUMÃ - GO, SANTA VITÓRIA - MG","DIAMANTE, DIAMANTE","Gema, Industrial","Sim","05/05/2026"
"Gerência Regional / GO","861062/2016","Requerimento de Autorização de Pesquisa","Autorização de Pesquisa","***.823.726-**","ALICE MARIA PEREIRA SILVA","CAÇU - GO, ITARUMÃ - GO, SANTA VITÓRIA - MG","DIAMANTE, DIAMANTE","Gema, Industrial","Sim","05/05/2026"
"Gerência Regional / GO","861062/2016","Requerimento de Autorização de Pesquisa","Autorização de Pesquisa","***.823.726-**","ALICE MARIA PEREIRA SILVA","CAÇU - GO, ITARUMÃ - GO, SANTA VITÓRIA - MG","DIAMANTE, DIAMANTE","Gema, Industrial","Sim","05/05/2026"
"Gerência Regional / GO","861062/2016","Requerimento de Autorização de Pesquisa","Autorização de Pesquisa","***.823.726-**","ALICE MARIA PEREIRA SILVA","CAÇU - GO, ITARUMÃ - GO, SANTA VITÓRIA - MG","DIAMANTE, DIAMANTE","Gema, Industrial","Sim","05/05/2026"
"Gerência Regional / GO","861062/2016","Requerimento de Autorização de Pesquisa","Autorização de Pesquisa","***.823.726-**","ALICE MARIA PEREIRA SILVA","CAÇU - GO, ITARUMÃ - GO, SANTA VITÓRIA - MG","DIAMANTE, DIAMANTE","Gema, Industrial","Sim","05/05/2026"
"Gerência Regional / GO","861062/2016","Requerimento de Autorização de Pesquisa","Autorização de Pesquisa","***.823.726-**","ALICE MARIA PEREIRA SILVA","CAÇU - GO, ITARUMÃ - GO, SANTA VITÓRIA - MG","DIAMANTE, DIAMANTE","Gema, Industrial","Sim","05/05/2026"
"Gerência Regional / GO","861062/2016","Requerimento de Autorização de Pesquisa","Autorização de Pesquisa","***.823.726-**","ALICE MARIA PEREIRA SILVA","CAÇU - GO, ITARUMÃ - GO, SANTA VITÓRIA - MG","DIAMANTE, DIAMANTE","Gema, Industrial","Sim","05/05/2026"
"Gerência Regional / GO","861062/2016","Requerimento de Autorização de Pesquisa","Autorização de Pesquisa","***.823.726-**","ALICE MARIA PEREIRA SILVA","CAÇU - GO, ITARUMÃ - GO, SANTA VITÓRIA - MG","DIAMANTE, DIAMANTE","Gema, Industrial","Sim","05/05/2026"
"Gerência Regional / GO","861062/2016","Requerimento de Autorização de Pesquisa","Autorização de Pesquisa","***.823.726-**","ALICE MARIA PEREIRA SILVA","CAÇU - GO, ITARUMÃ - GO, SANTA VITÓRIA - MG","DIAMANTE, DIAMANTE","Gema, Industrial","Sim","05/05/2026"
"Gerência Regional / GO","861506/2015","Requerimento de Autorização de Pesquisa","Requerimento de Lavra","24.143.457/0001-13","RAVAZE MINERACAO LTDA","IVOLÂNDIA - GO, PALESTINA DE GOIÁS - GO","AREIA, DIAMANTE","Construção civil, Industrial","Sim","10/05/2017"
"Gerência Regional / GO","860750/2017","Requerimento de Autorização de Pesquisa","Autorização de Pesquisa","***.824.131-**","TALES DE MELO","AMARALINA - GO, MARA ROSA - GO","MINÉRIO DE OURO","Industrial","Sim","28/12/2017"
"Gerência Regional / GO","860750/2017","Requerimento de Autorização de Pesquisa","Autorização de Pesquisa","***.824.131-**","TALES DE MELO","AMARALINA - GO, MARA ROSA - GO","MINÉRIO DE OURO","Industrial","Sim","18/03/2022"
"Gerência Regional / GO","860750/2017","Requerimento de Autorização de Pesquisa","Autorização de Pesquisa","***.824.131-**","TALES DE MELO","AMARALINA - GO, MARA ROSA - GO","MINÉRIO DE OURO","Industrial","Sim","18/03/2022"
"Gerência Regional / GO","860823/2017","Requerimento de Autorização de Pesquisa","Autorização de Pesquisa","***.823.831-**","TARRIGAN DE MELO","MUTUNÓPOLIS - GO, PORANGATU - GO","MINÉRIO DE COBRE, MINÉRIO DE OURO","Industrial, Industrial","Sim","23/03/2022"
"Gerência Regional / GO","860823/2017","Requerimento de Autorização de Pesquisa","Autorização de Pesquisa","***.823.831-**","TARRIGAN DE MELO","MUTUNÓPOLIS - GO, PORANGATU - GO","MINÉRIO DE COBRE, MINÉRIO DE OURO","Industrial, Industrial","Sim","23/03/2022"
"Gerência Regional / GO","860823/2017","Requerimento de Autorização de Pesquisa","Autorização de Pesquisa","***.823.831-**","TARRIGAN DE MELO","MUTUNÓPOLIS - GO, PORANGATU - GO","MINÉRIO DE COBRE, MINÉRIO DE OURO","Industrial, Industrial","Sim","23/03/2022"
"Gerência Regional / GO","860823/2017","Requerimento de Autorização de Pesquisa","Autorização de Pesquisa","***.823.831-**","TARRIGAN DE MELO","MUTUNÓPOLIS - GO, PORANGATU - GO","MINÉRIO DE COBRE, MINÉRIO DE OURO","Industrial, Industrial","Sim","23/03/2022"
"Gerência Regional / GO","860823/2017","Requerimento de Autorização de Pesquisa","Autorização de Pesquisa","***.823.831-**","TARRIGAN DE MELO","MUTUNÓPOLIS - GO, PORANGATU - GO","MINÉRIO DE COBRE, MINÉRIO DE OURO","Industrial, Industrial","Sim","23/03/2022"
"Gerência Regional / GO","860513/2020","Requerimento de Autorização de Pesquisa","Autorização de Pesquisa","28.877.196/0001-16","MINERADORA GOLD DIESEL S.A.","GUARINOS - GO, PILAR DE GOIÁS - GO, SANTA TEREZINHA DE GOIÁS - GO","MINÉRIO DE OURO","Industrial","Sim","07/10/2021"
"Gerência Regional / GO","860513/2020","Requerimento de Autorização de Pesquisa","Autorização de Pesquisa","28.877.196/0001-16","MINERADORA GOLD DIESEL S.A.","GUARINOS - GO, PILAR DE GOIÁS - GO, SANTA TEREZINHA DE GOIÁS - GO","MINÉRIO DE OURO","Industrial","Sim","27/01/2026"
"Gerência Regional / GO","860435/2012","Requerimento de Cessão parcial","Concessão de Lavra","27.390.543/0001-19","EDMAR A. MOTA LTDA","FAZENDA NOVA - GO, MOIPORÁ - GO","AREIA, DIAMANTE","Construção civil, Industrial","Sim","23/01/2017"
"Gerência Regional / GO","813474/1973","Requerimento de Autorização de Pesquisa","Concessão de Lavra","27.556.902/0001-65","ACTUALPAR ADMINISTRACAO E PARTICIPACAO LTDA","APARECIDA DE GOIÂNIA - GO","MICAXISTO","Demais substâncias","Sim","05/03/2004"
"Gerência Regional / GO","860238/2010","Requerimento de Autorização de Pesquisa","Requerimento de Lavra","19.500.340/0001-00","HGM MINERACAO E TRANSPORTES LTDA","CIDADE OCIDENTAL - GO, CRISTALINA - GO","AREIA, ARGILA, MINÉRIO DE OURO","Construção civil, Industrial, Industrial","Sim","22/12/2011"
"Gerência Regional / GO","860203/2018","Requerimento de Autorização de Pesquisa","Concessão de Lavra","30.323.122/0001-80","FETZ MINERADORA LTDA.","RIO VERDE - GO","BASALTO","Revestimento","Sim","22/10/2020"
"Gerência Regional / GO","861279/2013","Requerimento de Autorização de Pesquisa","Requerimento de Lavra","33.419.930/0001-33","TERRA NOVA MINERACAO LTDA","RIO VERDE - GO, SANTO ANTÔNIO DA BARRA - GO","BASALTO, FOSFATO","Brita, Fertilizantes","Sim","29/08/2018"
"Gerência Regional / GO","861836/2013","Requerimento de Autorização de Pesquisa","Autorização de Pesquisa","33.507.961/0001-46","OURO FINO DE GOIAS MINERACAO E PARTICIPACOES S.A","NIQUELÂNDIA - GO","MINÉRIO DE OURO","Industrial","Sim","06/05/2016"
"Gerência Regional / GO","861836/2013","Requerimento de Autorização de Pesquisa","Autorização de Pesquisa","33.507.961/0001-46","OURO FINO DE GOIAS MINERACAO E PARTICIPACOES S.A","NIQUELÂNDIA - GO","MINÉRIO DE OURO","Industrial","Sim","30/09/2015"
"Gerência Regional / GO","861628/2013","Requerimento de Autorização de Pesquisa","Requerimento de Lavra","33.507.961/0001-46","OURO FINO DE GOIAS MINERACAO E PARTICIPACOES S.A","NIQUELÂNDIA - GO","MINÉRIO DE OURO","Industrial","Sim","02/12/2019"
"Gerência Regional / GO","861628/2013","Requerimento de Autorização de Pesquisa","Requerimento de Lavra","33.507.961/0001-46","OURO FINO DE GOIAS MINERACAO E PARTICIPACOES S.A","NIQUELÂNDIA - GO","MINÉRIO DE OURO","Industrial","Sim","06/05/2016"
"Gerência Regional / GO","860645/2015","Requerimento de Autorização de Pesquisa","Direito de Requerer a Lavra","33.507.961/0001-46","OURO FINO DE GOIAS MINERACAO E PARTICIPACOES S.A","NIQUELÂNDIA - GO","MINÉRIO DE OURO","Industrial","Sim","02/12/2019"
"Gerência Regional / GO","860602/2014","Requerimento de Autorização de Pesquisa","Autorização de Pesquisa","33.507.961/0001-46","OURO FINO DE GOIAS MINERACAO E PARTICIPACOES S.A","NIQUELÂNDIA - GO","MINÉRIO DE OURO","Industrial","Sim","30/09/2015"
"Gerência Regional / GO","860602/2014","Requerimento de Autorização de Pesquisa","Autorização de Pesquisa","33.507.961/0001-46","OURO FINO DE GOIAS MINERACAO E PARTICIPACOES S.A","NIQUELÂNDIA - GO","MINÉRIO DE OURO","Industrial","Sim","02/12/2019"
"Gerência Regional / GO","860404/2014","Requerimento de Autorização de Pesquisa","Direito de Requerer a Lavra","33.507.961/0001-46","OURO FINO DE GOIAS MINERACAO E PARTICIPACOES S.A","NIQUELÂNDIA - GO","MINÉRIO DE OURO","Industrial","Sim","30/09/2015"
"Gerência Regional / GO","860404/2014","Requerimento de Autorização de Pesquisa","Direito de Requerer a Lavra","33.507.961/0001-46","OURO FINO DE GOIAS MINERACAO E PARTICIPACOES S.A","NIQUELÂNDIA - GO","MINÉRIO DE OURO","Industrial","Sim","02/12/2019"
"Gerência Regional / GO","860214/2011","Requerimento de Autorização de Pesquisa","Concessão de Lavra","17.671.818/0001-39","EXTRACAO DE AREIA E TRANSPORTES PIRACANJUBA LTDA","BURITI ALEGRE - GO","AREIA, CASCALHO","Construção civil, Construção civil","Sim","02/09/2016"
"Gerência Regional / GO","861064/2014","Requerimento de Cessão parcial","Concessão de Lavra","22.131.400/0001-79","AD3 PARTICIPACOES LTDA","GOIÁS - GO","AREIA","Construção civil","Sim","15/07/2016"
"Gerência Regional / GO","861428/2013","Requerimento de Cessão parcial","Requerimento de Lavra","22.160.712/0001-00","Jf Areal Eireli Me","SANTA CRUZ DE GOIÁS - GO","AREIA","Construção civil","Sim","29/01/2016"
"Gerência Regional / GO","861212/2012","Requerimento de Lavra Garimpeira","Lavra Garimpeira","***.612.141-**","WIVIAN AMARAL RIOS","CAMPOS VERDES - GO","ESMERALDA","Gema","Sim","13/06/2016"
"Gerência Regional / GO","860257/2017","Requerimento de Autorização de Pesquisa","Concessão de Lavra","16.699.143/0001-73","NATALIA ANDRADE RIBEIRO NR MINERAÇÃO","CRISTALINA - GO","AREIA, QUARTZO","Construção civil, Industrial","Sim","21/11/2019"
"Gerência Regional / GO","860567/2017","Requerimento de Autorização de Pesquisa","Autorização de Pesquisa","37.859.048/0001-60","Ancora Engenharia Ltda","GOIÂNIA - GO, SENADOR CANEDO - GO","QUARTZITO","Revestimento","Sim","19/03/2018"
"Gerência Regional / GO","860962/2015","Requerimento de Autorização de Pesquisa","Autorização de Pesquisa","24.114.203/0001-77","Triunfo Mineraçao Ltda Epp","CAVALCANTE - GO","MINÉRIO DE MANGANÊS","Industrial","Sim","06/04/2016"
"Gerência Regional / GO","860114/2015","Requerimento de Autorização de Pesquisa","Autorização de Pesquisa","24.233.624/0001-17","ARARAS MINERACAO S.A.","PILAR DE GOIÁS - GO, SANTA TEREZINHA DE GOIÁS - GO","MINÉRIO DE OURO","Industrial","Sim","15/03/2016"
"Gerência Regional / GO","861620/2021","Requerimento de Mudança de Regime para Aut. de Pesquisa","Requerimento de Lavra","24.216.534/0001-18","AREIAL E TERRAPLANAGEM SILVEIRA LTDA","GOIÁS - GO","AREIA","Construção civil","Sim","17/03/2026"
"Gerência Regional / GO","861752/2013","Requerimento de Autorização de Pesquisa","Concessão de Lavra","25.001.607/0001-17","COMERCIO DE ENGARRAFAMENTO DE AGUA MINERAL JADE EIRELI","ITABERAÍ - GO","ÁGUA MINERAL","Engarrafamento","Sim","11/08/2016"
"Gerência Regional / GO","862889/2011","Requerimento de Autorização de Pesquisa","Concessão de Lavra","18.491.706/0001-69","MINERACAO CRISTAL COMERCIO DE AREIA & CASCALHO LTDA","URUAÇU - GO","AREIA, CASCALHO","Construção civil, Construção civil","Sim","11/08/2016"
"Gerência Regional / GO","861062/2016","Requerimento de Autorização de Pesquisa","Autorização de Pesquisa","***.823.726-**","ALICE MARIA PEREIRA SILVA","CAÇU - GO, ITARUMÃ - GO, SANTA VITÓRIA - MG","DIAMANTE, DIAMANTE","Gema, Industrial","Sim","05/05/2026"
"Gerência Regional / GO","860364/2019","Requerimento de Autorização de Pesquisa","Autorização de Pesquisa","25.260.776/0001-71","NEW STONES MINERACAO LTDA","COLINAS DO SUL - GO","MINÉRIO DE OURO, QUARTZO","Industrial, Industrial","Sim","31/03/2023"
"Gerência Regional / GO","860370/2014","Requerimento de Autorização de Pesquisa","Requerimento de Lavra","04.791.723/0001-07","NC - COMERCIO VAREJISTA DE AREIAS LTDA","PIRACANJUBA - GO","AREIA","Construção civil","Sim","23/01/2017"
"Gerência Regional / GO","860906/2024","Requerimento de Autorização de Pesquisa","Autorização de Pesquisa","08.829.496/0001-12","MINERACAO LESTE DE MINAS LTDA","POSSE - GO","MÁRMORE","Revestimento","Sim","04/09/2025"
"Gerência Regional / GO","861357/2015","Requerimento de Autorização de Pesquisa","Requerimento de Lavra","26.895.654/0001-14","L & L DISTRIBUIDORA DE AREIA E TRANSPORTES EIRELI","AURILÂNDIA - GO","AREIA","Construção civil","Sim","15/05/2019"
"Gerência Regional / GO","861067/2021","Requerimento de Pesquisa - Leilão","Autorização de Pesquisa","24.628.608/0001-23","IVAN VIEIRA DO NASCIMENTO","GUARANI DE GOIÁS - GO, IACIARA - GO","AREIA","Construção civil","Sim","29/03/2022"
"Gerência Regional / GO","862914/2011","Requerimento de Autorização de Pesquisa","Autorização de Pesquisa","26.373.959/0001-66","Mineração Cristalina Ltda","CRISTALINA - GO","MINÉRIO DE OURO","Industrial","Sim","13/07/2017"
"Gerência Regional / GO","860039/2022","Requerimento de Autorização de Pesquisa","Autorização de Pesquisa","26.775.934/0001-99","KALINA C DA SILVA BEZERRA PROJETOS MINERAIS LTDA","CAMPINAÇU - GO, FORMOSO - GO, MINAÇU - GO, TROMBAS - GO","BERILO, MOSCOVITA, OURO, TURMALINA","Gema, Gema, Industrial, Industrial","Sim","14/04/2026"
"Gerência Regional / GO","861506/2015","Requerimento de Autorização de Pesquisa","Requerimento de Lavra","24.143.457/0001-13","RAVAZE MINERACAO LTDA","IVOLÂNDIA - GO, PALESTINA DE GOIÁS - GO","AREIA, DIAMANTE","Construção civil, Industrial","Sim","13/08/2019"
"Gerência Regional / GO","860064/2022","Requerimento de Autorização de Pesquisa","Autorização de Pesquisa","***.593.681-**","ANA RITA DE FONTES SIQUEIRA","PIRENÓPOLIS - GO","AREIA, MINÉRIO DE OURO, QUARTZITO","Construção civil, Industrial, Industrial","Sim","24/11/2023"
"Gerência Regional / GO","860259/2025","Requerimento de Autorização de Pesquisa","Autorização de Pesquisa","27.179.107/0001-03","MINERACAO DE AREIA BARROS - EIRELI","RIO VERDE - GO","AREIA, MINÉRIO DE OURO","Construção civil, Industrial","Sim","27/01/2026"
"Gerência Regional / GO","861313/2015","Requerimento de Disponibilidade para pesquisa","Concessão de Lavra","27.468.408/0001-49","MINERACAO MOURA LTDA","GUAPÓ - GO","AREIA, MINÉRIO DE OURO","Construção civil, Industrial","Sim","11/05/2017"
"Gerência Regional / GO","860028/2017","Requerimento de Disponibilidade para lavra","Concessão de Lavra","27.541.433/0001-00","JET EXTRACAO DE AREIA LTDA","CAMPESTRE DE GOIÁS - GO, PALMEIRAS DE GOIÁS - GO","AREIA","Construção civil","Sim","25/09/2017"
"Gerência Regional / GO","860364/2010","Requerimento de Autorização de Pesquisa","Concessão de Lavra","27.710.993/0001-41","UNIÃO MINERADORA LTDA ME","PADRE BERNARDO - GO","CALCÁRIO, CALCÁRIO CALCÍTICO, QUARTZITO","Corretivo de solo, Fabricação de cimento, Revestimento","Sim","10/08/2017"
"Gerência Regional / GO","860851/2016","Requerimento de Autorização de Pesquisa","Autorização de Pesquisa","***.724.955-**","JOSE DIEGO CORREIA DOS SANTOS","CAVALCANTE - GO","MINÉRIO DE OURO","Industrial","Sim","21/08/2017"
"Gerência Regional / GO","860234/2016","Requerimento de Autorização de Pesquisa","Requerimento de Lavra","15.104.852/0001-04","SANTASOPHIE AGROPECUARIA LTDA","BONÓPOLIS - GO, MUNDO NOVO - GO","AREIA, DIAMANTE","Construção civil, Industrial","Sim","10/08/2017"
"Gerência Regional / GO","862280/2011","Requerimento de Autorização de Pesquisa","Requerimento de Lavra","09.426.949/0001-22","GRAN FORT SOCIEDADE UNIPESSOAL LTDA","CAMPESTRE DE GOIÁS - GO, PALMEIRAS DE GOIÁS - GO","AREIA, MINÉRIO DE OURO","Construção civil, Industrial","Sim","15/06/2018"
"Gerência Regional / GO","860666/2007","Requerimento de Autorização de Pesquisa","Requerimento de Lavra","28.188.719/0001-17","CNC CARBONATOS NIQUELANDIA E COLINAS EXPLORACAO E COMERCIALIZACAO DE MINERIOS LTDA","NIQUELÂNDIA - GO","CALCÁRIO CALCÍTICO, CALCÁRIO DOLOMÍTICO, MINÉRIO DE OURO","Corretivo de solo, Corretivo de solo, Industrial","Sim","21/11/2019"
"Gerência Regional / GO","862631/2008","Requerimento de Cessão parcial","Concessão de Lavra","25.454.292/0001-63","LEANDRO RODRIGO DE SOUSA LTDA","SILVÂNIA - GO","AREIA","Construção civil","Sim","12/01/2018"
"Gerência Regional / GO","860750/2017","Requerimento de Autorização de Pesquisa","Autorização de Pesquisa","***.824.131-**","TALES DE MELO","AMARALINA - GO, MARA ROSA - GO","MINÉRIO DE OURO","Industrial","Sim","18/03/2022"
"Gerência Regional / GO","860823/2017","Requerimento de Autorização de Pesquisa","Autorização de Pesquisa","***.823.831-**","TARRIGAN DE MELO","MUTUNÓPOLIS - GO, PORANGATU - GO","MINÉRIO DE COBRE, MINÉRIO DE OURO","Industrial, Industrial","Sim","23/03/2022"
"Gerência Regional / GO","861231/2014","Requerimento de Autorização de Pesquisa","Requerimento de Lavra","28.454.986/0001-99","REI DA AREIA LTDA","CAIAPÔNIA - GO, IVOLÂNDIA - GO","AREIA, DIAMANTE","Construção civil, Industrial","Sim","27/11/2019"
"Gerência Regional / GO","860396/2010","Requerimento de Autorização de Pesquisa","Autorização de Pesquisa","28.644.005/0001-76","STTONES & ESPATO BRASIL LTDA","JAÚ DO TOCANTINS - TO, MONTIVIDIU DO NORTE - GO","GRANITO, MINÉRIO DE OURO","Industrial, Revestimento","Sim","30/05/2019"
"Gerência Regional / GO","860513/2020","Requerimento de Autorização de Pesquisa","Autorização de Pesquisa","28.877.196/0001-16","MINERADORA GOLD DIESEL S.A.","GUARINOS - GO, PILAR DE GOIÁS - GO, SANTA TEREZINHA DE GOIÁS - GO","MINÉRIO DE OURO","Industrial","Sim","03/05/2022"
"Gerência Regional / GO","862668/2011","Requerimento de Cessão parcial","Concessão de Lavra","27.748.087/0001-36","NOVA ESPERANCA EXTRACAO E MINERACAO DE AREIAS LTDA","CORUMBÁ DE GOIÁS - GO","AREIA, QUARTZITO","Construção civil, Industrial","Sim","08/08/2024"
"Gerência Regional / GO","860435/2012","Requerimento de Cessão parcial","Concessão de Lavra","27.390.543/0001-19","EDMAR A. MOTA LTDA","FAZENDA NOVA - GO, MOIPORÁ - GO","AREIA, DIAMANTE","Construção civil, Industrial","Sim","21/05/2018"
"Gerência Regional / GO","860879/2016","Requerimento de Autorização de Pesquisa","Autorização de Pesquisa","11.430.844/0001-99","Associação Pai Eterno e Perpetuo Socorro","NIQUELÂNDIA - GO","MINÉRIO DE NÍQUEL, MINÉRIO DE OURO","Industrial, Industrial","Sim","25/01/2018"
"Gerência Regional / GO","860658/2012","Requerimento de Autorização de Pesquisa","Autorização de Pesquisa","29.159.796/0001-01","PEDREIRA CATHALÃO LTDA","CATALÃO - GO","ILMENITA","Industrial","Sim","20/08/2018"
"Gerência Regional / GO","862740/2011","Requerimento de Autorização de Pesquisa","Concessão de Lavra","29.541.600/0001-49","DOMUS AUREA MINERACAO LTDA","CRIXÁS - GO","MINÉRIO DE OURO","Industrial","Sim","06/03/2018"
"Gerência Regional / GO","862739/2011","Requerimento de Autorização de Pesquisa","Concessão de Lavra","29.541.600/0001-49","DOMUS AUREA MINERACAO LTDA","CRIXÁS - GO","MINÉRIO DE OURO","Industrial","Sim","06/03/2018"
"Gerência Regional / GO","813474/1973","Requerimento de Autorização de Pesquisa","Concessão de Lavra","27.556.902/0001-65","ACTUALPAR ADMINISTRACAO E PARTICIPACAO LTDA","APARECIDA DE GOIÂNIA - GO","MICAXISTO","Demais substâncias","Sim","20/08/2019"
"Gerência Regional / GO","860238/2010","Requerimento de Autorização de Pesquisa","Requerimento de Lavra","19.500.340/0001-00","HGM MINERACAO E TRANSPORTES LTDA","CIDADE OCIDENTAL - GO, CRISTALINA - GO","AREIA, ARGILA, MINÉRIO DE OURO","Construção civil, Industrial, Industrial","Sim","23/10/2024"
"Gerência Regional / GO","860203/2018","Requerimento de Autorização de Pesquisa","Concessão de Lavra","30.323.122/0001-80","FETZ MINERADORA LTDA.","RIO VERDE - GO","BASALTO","Revestimento","Sim","12/12/2019"
"Gerência Regional / TO","864219/2020","Requerimento de Autorização de Pesquisa","Autorização de Pesquisa","23.877.808/0001-57","AFLA INVESTIMENTOS E PARTICIPAÇÕES LTDA","JAÚ DO TOCANTINS - TO, MONTIVIDIU DO NORTE - GO","CALCÁRIO, MINÉRIO DE OURO","Corretivo de solo, Industrial","Sim","20/05/2022"
"Gerência Regional / GO","860255/2018","Requerimento de Autorização de Pesquisa","Autorização de Pesquisa","23.877.808/0001-57","AFLA INVESTIMENTOS E PARTICIPAÇÕES LTDA","AMARALINA - GO, MARA ROSA - GO","MINÉRIO DE OURO","Industrial","Sim","26/03/2019"
"Gerência Regional / GO","860556/2016","Requerimento de Autorização de Pesquisa","Requerimento de Lavra","30.326.153/0001-94","JONAS DIAS DOS SANTOS - DRAGA LL COMERCIO E SERVICOS","MONTE ALEGRE DE GOIÁS - GO","AREIA","Construção civil","Sim","08/03/2019"
"Gerência Regional / GO","861143/2021","Requerimento de Pesquisa - Leilão","Autorização de Pesquisa","30.294.129/0001-10","M2M COMÉRCIO DE MARMORES E GRANITOS LTDA","PORANGATU - GO","GRANITO","Revestimento","Sim","03/03/2023"
"Gerência Regional / GO","860002/2017","Requerimento de Autorização de Pesquisa","Autorização de Pesquisa","30.294.129/0001-10","M2M COMÉRCIO DE MARMORES E GRANITOS LTDA","PORANGATU - GO","MINÉRIO DE OURO","Industrial","Sim","05/10/2020"
"Gerência Regional / GO","860409/2018","Requerimento de Cessão parcial","Requerimento de Lavra","33.419.930/0001-33","TERRA NOVA MINERACAO LTDA","SANTO ANTÔNIO DA BARRA - GO","BASALTO, FOSFATO","Brita, Fertilizantes","Sim","04/07/2019"
"Gerência Regional / GO","861724/2012","Requerimento de Autorização de Pesquisa","Requerimento de Lavra","33.419.930/0001-33","TERRA NOVA MINERACAO LTDA","CAIAPÔNIA - GO","BASALTO, FOSFATO","Brita, Fertilizantes","Sim","04/07/2019"
"Gerência Regional / GO","861279/2013","Requerimento de Autorização de Pesquisa","Requerimento de Lavra","33.419.930/0001-33","TERRA NOVA MINERACAO LTDA","RIO VERDE - GO, SANTO ANTÔNIO DA BARRA - GO","BASALTO, FOSFATO","Brita, Fertilizantes","Sim","04/07/2019"
"Gerência Regional / GO","860334/2018","Requerimento de Autorização de Pesquisa","Autorização de Pesquisa","28.648.288/0001-24","HIPERCAL EMPREENDIMENTOS LTDA","VILA PROPÍCIO - GO","CALCÁRIO","Fabricação de cimento","Sim","04/05/2020"
"Gerência Regional / GO","860333/2018","Requerimento de Autorização de Pesquisa","Autorização de Pesquisa","28.648.288/0001-24","HIPERCAL EMPREENDIMENTOS LTDA","COCALZINHO DE GOIÁS - GO","CALCÁRIO","Fabricação de cimento","Sim","04/05/2020"
"Gerência Regional / GO","860332/2018","Requerimento de Autorização de Pesquisa","Autorização de Pesquisa","28.648.288/0001-24","HIPERCAL EMPREENDIMENTOS LTDA","BARRO ALTO - GO, NIQUELÂNDIA - GO","CALCÁRIO","Fabricação de cimento","Sim","04/05/2020"
"Gerência Regional / GO","860310/2017","Requerimento de Autorização de Pesquisa","Autorização de Pesquisa","28.648.288/0001-24","HIPERCAL EMPREENDIMENTOS LTDA","GOIANÉSIA - GO","CALCÁRIO","Corretivo de solo","Sim","04/05/2020"
"Gerência Regional / GO","860214/2018","Requerimento de Autorização de Pesquisa","Autorização de Pesquisa","28.648.288/0001-24","HIPERCAL EMPREENDIMENTOS LTDA","NIQUELÂNDIA - GO","CALCÁRIO","Fabricação de cimento","Sim","04/05/2020"
"Gerência Regional / GO","860091/2019","Requerimento de Autorização de Pesquisa","Autorização de Pesquisa","28.648.288/0001-24","HIPERCAL EMPREENDIMENTOS LTDA","MIMOSO DE GOIÁS - GO","CALCÁRIO, MÁRMORE","Fabricação de cimento, Revestimento","Sim","21/11/2019"
"Gerência Regional / GO","860087/2019","Requerimento de Autorização de Pesquisa","Autorização de Pesquisa","28.648.288/0001-24","HIPERCAL EMPREENDIMENTOS LTDA","MIMOSO DE GOIÁS - GO","CALCÁRIO, MÁRMORE","Fabricação de cimento, Revestimento","Sim","21/11/2019"
"Gerência Regional / GO","860084/2019","Requerimento de Autorização de Pesquisa","Autorização de Pesquisa","28.648.288/0001-24","HIPERCAL EMPREENDIMENTOS LTDA","MIMOSO DE GOIÁS - GO","CALCÁRIO, MÁRMORE","Fabricação de cimento, Revestimento","Sim","21/11/2019"
"Gerência Regional / GO","860083/2019","Requerimento de Autorização de Pesquisa","Autorização de Pesquisa","28.648.288/0001-24","HIPERCAL EMPREENDIMENTOS LTDA","VILA PROPÍCIO - GO","CALCÁRIO, MÁRMORE","Fabricação de cimento, Revestimento","Sim","21/11/2019"
"Gerência Regional / GO","860051/2016","Requerimento de Autorização de Pesquisa","Autorização de Pesquisa","28.648.288/0001-24","HIPERCAL EMPREENDIMENTOS LTDA","NIQUELÂNDIA - GO","CALCÁRIO","Fabricação de cimento","Sim","04/05/2020"
"Gerência Regional / GO","860789/2018","Requerimento de Autorização de Pesquisa","Autorização de Pesquisa","28.648.288/0001-24","HIPERCAL EMPREENDIMENTOS LTDA","GOIANÉSIA - GO","CALCÁRIO","Corretivo de solo","Sim","04/05/2020"
"Gerência Regional / GO","860575/2018","Requerimento de Autorização de Pesquisa","Autorização de Pesquisa","28.648.288/0001-24","HIPERCAL EMPREENDIMENTOS LTDA","VILA PROPÍCIO - GO","CALCÁRIO","Fabricação de cimento","Sim","04/05/2020"
"Gerência Regional / GO","860564/2017","Requerimento de Autorização de Pesquisa","Autorização de Pesquisa","28.648.288/0001-24","HIPERCAL EMPREENDIMENTOS LTDA","VILA PROPÍCIO - GO","CALCÁRIO","Fabricação de cimento","Sim","04/05/2020"
"Gerência Regional / GO","860563/2017","Requerimento de Autorização de Pesquisa","Direito de Requerer a Lavra","28.648.288/0001-24","HIPERCAL EMPREENDIMENTOS LTDA","PIRENÓPOLIS - GO, VILA PROPÍCIO - GO","CALCÁRIO","Fabricação de cimento","Sim","04/05/2020"
"Gerência Regional / GO","860530/2018","Requerimento de Autorização de Pesquisa","Autorização de Pesquisa","28.648.288/0001-24","HIPERCAL EMPREENDIMENTOS LTDA","VILA PROPÍCIO - GO","CALCÁRIO","Fabricação de cimento","Sim","04/05/2020"
"Gerência Regional / GO","860428/2019","Requerimento de Autorização de Pesquisa","Autorização de Pesquisa","28.648.288/0001-24","HIPERCAL EMPREENDIMENTOS LTDA","VILA PROPÍCIO - GO","CALCÁRIO","Fabricação de cimento","Sim","04/05/2020"
"Gerência Regional / GO","860268/2018","Requerimento de Autorização de Pesquisa","Autorização de Pesquisa","33.507.961/0001-46","OURO FINO DE GOIAS MINERACAO E PARTICIPACOES S.A","NIQUELÂNDIA - GO, SANTA RITA DO NOVO DESTINO - GO","MINÉRIO DE OURO","Industrial","Sim","02/12/2019"
"Gerência Regional / GO","860242/2018","Requerimento de Autorização de Pesquisa","Autorização de Pesquisa","33.507.961/0001-46","OURO FINO DE GOIAS MINERACAO E PARTICIPACOES S.A","NIQUELÂNDIA - GO","MINÉRIO DE OURO","Industrial","Sim","02/12/2019"
"Gerência Regional / GO","861836/2013","Requerimento de Autorização de Pesquisa","Autorização de Pesquisa","33.507.961/0001-46","OURO FINO DE GOIAS MINERACAO E PARTICIPACOES S.A","NIQUELÂNDIA - GO","MINÉRIO DE OURO","Industrial","Sim","02/12/2019"
"Gerência Regional / GO","861628/2013","Requerimento de Autorização de Pesquisa","Requerimento de Lavra","33.507.961/0001-46","OURO FINO DE GOIAS MINERACAO E PARTICIPACOES S.A","NIQUELÂNDIA - GO","MINÉRIO DE OURO","Industrial","Sim","26/08/2015"
"Gerência Regional / GO","861034/2021","Requerimento de Pesquisa - Leilão","Autorização de Pesquisa","33.507.961/0001-46","OURO FINO DE GOIAS MINERACAO E PARTICIPACOES S.A","NIQUELÂNDIA - GO","MINÉRIO DE MANGANÊS, OURO","Industrial, Industrial","Sim","03/05/2022"
"Gerência Regional / GO","860645/2015","Requerimento de Autorização de Pesquisa","Direito de Requerer a Lavra","33.507.961/0001-46","OURO FINO DE GOIAS MINERACAO E PARTICIPACOES S.A","NIQUELÂNDIA - GO","MINÉRIO DE OURO","Industrial","Sim","06/05/2016"
"Gerência Regional / GO","860602/2014","Requerimento de Autorização de Pesquisa","Autorização de Pesquisa","33.507.961/0001-46","OURO FINO DE GOIAS MINERACAO E PARTICIPACOES S.A","NIQUELÂNDIA - GO","MINÉRIO DE OURO","Industrial","Sim","06/05/2016"
"Gerência Regional / GO","860547/2019","Requerimento de Autorização de Pesquisa","Autorização de Pesquisa","33.507.961/0001-46","OURO FINO DE GOIAS MINERACAO E PARTICIPACOES S.A","NIQUELÂNDIA - GO","MINÉRIO DE OURO","Industrial","Sim","02/12/2019"
"Gerência Regional / GO","860404/2014","Requerimento de Autorização de Pesquisa","Direito de Requerer a Lavra","33.507.961/0001-46","OURO FINO DE GOIAS MINERACAO E PARTICIPACOES S.A","NIQUELÂNDIA - GO","MINÉRIO DE OURO","Industrial","Sim","06/05/2016"
"Gerência Regional / GO","860320/2019","Requerimento de Autorização de Pesquisa","Autorização de Pesquisa","33.507.961/0001-46","OURO FINO DE GOIAS MINERACAO E PARTICIPACOES S.A","NIQUELÂNDIA - GO","MINÉRIO DE OURO","Industrial","Sim","02/12/2019"
"Gerência Regional / GO","860271/2018","Requerimento de Autorização de Pesquisa","Autorização de Pesquisa","33.507.961/0001-46","OURO FINO DE GOIAS MINERACAO E PARTICIPACOES S.A","NIQUELÂNDIA - GO","MINÉRIO DE OURO","Industrial","Sim","02/12/2019"
"Gerência Regional / GO","860397/2011","Requerimento de Autorização de Pesquisa","Requerimento de Lavra","36.601.506/0001-01","MINERACAO RIO TIGRE LTDA","PADRE BERNARDO - GO","CALCÁRIO","Fabricação de cimento","Sim","15/03/2021"
"Gerência Regional / GO","860397/2011","Requerimento de Autorização de Pesquisa","Requerimento de Lavra","36.601.506/0001-01","MINERACAO RIO TIGRE LTDA","PADRE BERNARDO - GO","CALCÁRIO","Fabricação de cimento","Sim","21/11/2019"
"Gerência Regional / GO","860423/2020","Requerimento de Autorização de Pesquisa","Autorização de Pesquisa","36.903.503/0001-14","VALE DA SERRA MINERACAO LTDA","CAMPINAÇU - GO, MINAÇU - GO","TERRAS RARAS","Industrial","Sim","15/04/2024"
"Gerência Regional / GO","804365/1975","Requerimento de Autorização de Pesquisa","Concessão de Lavra","29.541.600/0001-49","DOMUS AUREA MINERACAO LTDA","CRIXÁS - GO","CIANITA, MINÉRIO DE OURO","Demais substâncias, Industrial","Sim","30/05/2008"
"Gerência Regional / GO","804365/1975","Requerimento de Autorização de Pesquisa","Concessão de Lavra","29.541.600/0001-49","DOMUS AUREA MINERACAO LTDA","CRIXÁS - GO","CIANITA, MINÉRIO DE OURO","Demais substâncias, Industrial","Sim","06/03/2018"
"Gerência Regional / GO","804365/1975","Requerimento de Autorização de Pesquisa","Concessão de Lavra","29.541.600/0001-49","DOMUS AUREA MINERACAO LTDA","CRIXÁS - GO","CIANITA, MINÉRIO DE OURO","Demais substâncias, Industrial","Sim","27/06/2011"
"Gerência Regional / GO","860291/2016","Requerimento de Autorização de Pesquisa","Requerimento de Lavra","27.556.902/0001-65","ACTUALPAR ADMINISTRACAO E PARTICIPACAO LTDA","APARECIDA DE GOIÂNIA - GO, HIDROLÂNDIA - GO","XISTO","Brita","Sim","08/03/2019"
"Gerência Regional / GO","860943/1991","Requerimento de Lavra Garimpeira","Lavra Garimpeira","***.513.791-**","MARIA HELENA TORRES BATISTA CARRILHO","CAMPOS VERDES - GO","ESMERALDA","Demais substâncias","Sim","28/12/2017"
"Gerência Regional / GO","860943/1991","Requerimento de Lavra Garimpeira","Lavra Garimpeira","***.513.791-**","MARIA HELENA TORRES BATISTA CARRILHO","CAMPOS VERDES - GO","ESMERALDA","Demais substâncias","Sim","14/02/2014"
"Gerência Regional / GO","861292/2016","Requerimento de Autorização de Pesquisa","Direito de Requerer a Lavra","30.314.158/0001-05","AREIÃO SANTA FÉ EIRELI","SILVÂNIA - GO, VIANÓPOLIS - GO","AREIA, ARGILA","Construção civil, Industrial","Sim","29/08/2018"
"Gerência Regional / GO","861287/2011","Requerimento de Autorização de Pesquisa","Requerimento de Lavra","28.207.333/0001-05","HELIO SILVESTRE DE OLIVEIRA","CÓRREGO DO OURO - GO","AREIA, CASCALHO, MINÉRIO DE OURO","Construção civil, Construção civil, Industrial","Sim","15/03/2016"
"Gerência Regional / GO","862359/2007","Requerimento de Autorização de Pesquisa","Requerimento de Lavra","11.582.320/0001-13","RICK & MILLA ESCAVAÇÕES LTDA","LUZIÂNIA - GO, ORIZONA - GO","AREIA, CASCALHO, MINÉRIO DE OURO","Construção civil, Construção civil, Industrial","Sim","08/11/2019"
"Gerência Regional / GO","812761/1973","Requerimento de Autorização de Pesquisa","Concessão de Lavra","33.846.902/0001-00","AG MINERACAO LTDA","BRASÍLIA - DF, SANTO ANTÔNIO DO DESCOBERTO - GO","MANGANÊS","Demais substâncias","Sim","16/04/2020"
"Gerência Regional / GO","860829/2015","Requerimento de Autorização de Pesquisa","Requerimento de Lavra","32.552.547/0001-96","CALCÁRIO GUARANI EIRELI","GUARANI DE GOIÁS - GO","CALCÁRIO, CALCÁRIO, CALCÁRIO, DOLOMITO","Corretivo de solo, Corretivo de solo, Fabricação de cal, Fabricação de cimento","Sim","22/12/2016"
"Gerência Regional / TO","864508/2010","Requerimento de Autorização de Pesquisa","Autorização de Pesquisa","***.639.061-**","Amanda Santos Fonseca","CAVALCANTE - GO, PARANÃ - TO","MINÉRIO DE OURO","Industrial","Sim","27/09/2012"
"Gerência Regional / TO","864508/2010","Requerimento de Autorização de Pesquisa","Autorização de Pesquisa","***.639.061-**","Amanda Santos Fonseca","CAVALCANTE - GO, PARANÃ - TO","MINÉRIO DE OURO","Industrial","Sim","22/08/2018"
"Gerência Regional / TO","864508/2010","Requerimento de Autorização de Pesquisa","Autorização de Pesquisa","***.639.061-**","Amanda Santos Fonseca","CAVALCANTE - GO, PARANÃ - TO","MINÉRIO DE OURO","Industrial","Sim","30/10/2023"
"Gerência Regional / TO","864508/2010","Requerimento de Autorização de Pesquisa","Autorização de Pesquisa","***.639.061-**","Amanda Santos Fonseca","CAVALCANTE - GO, PARANÃ - TO","MINÉRIO DE OURO","Industrial","Sim","24/08/2021"
"Gerência Regional / TO","864508/2010","Requerimento de Autorização de Pesquisa","Autorização de Pesquisa","***.639.061-**","Amanda Santos Fonseca","CAVALCANTE - GO, PARANÃ - TO","MINÉRIO DE OURO","Industrial","Sim","17/12/2019"
"Gerência Regional / GO","861631/2021","Requerimento de Autorização de Pesquisa","Autorização de Pesquisa","36.903.503/0001-14","VALE DA SERRA MINERACAO LTDA","NIQUELÂNDIA - GO","MINÉRIO DE OURO","Industrial","Sim","09/04/2024"
"Gerência Regional / GO","860511/2018","Requerimento de Disponibilidade para pesquisa","Requerimento de Lavra","37.873.043/0001-91","MINERACAO ATLANTA LTDA","FAZENDA NOVA - GO, MONTES CLAROS DE GOIÁS - GO","AREIA","Construção civil","Sim","15/10/2020"
"Gerência Regional / GO","860511/2018","Requerimento de Disponibilidade para pesquisa","Requerimento de Lavra","37.873.043/0001-91","MINERACAO ATLANTA LTDA","FAZENDA NOVA - GO, MONTES CLAROS DE GOIÁS - GO","AREIA","Construção civil","Sim","20/08/2026"
"Gerência Regional / GO","860511/2018","Requerimento de Disponibilidade para pesquisa","Requerimento de Lavra","37.873.043/0001-91","MINERACAO ATLANTA LTDA","FAZENDA NOVA - GO, MONTES CLAROS DE GOIÁS - GO","AREIA","Construção civil","Sim","06/07/2021"
"Gerência Regional / GO","860511/2018","Requerimento de Disponibilidade para pesquisa","Requerimento de Lavra","37.873.043/0001-91","MINERACAO ATLANTA LTDA","FAZENDA NOVA - GO, MONTES CLAROS DE GOIÁS - GO","AREIA","Construção civil","Sim","15/10/2020"
"Gerência Regional / GO","860511/2018","Requerimento de Disponibilidade para pesquisa","Requerimento de Lavra","37.873.043/0001-91","MINERACAO ATLANTA LTDA","FAZENDA NOVA - GO, MONTES CLAROS DE GOIÁS - GO","AREIA","Construção civil","Sim","15/10/2020"
"Gerência Regional / GO","860243/2022","Requerimento de Disponibilidade para pesquisa","Requerimento de Lavra","37.873.043/0001-91","MINERACAO ATLANTA LTDA","JUSSARA - GO, MONTES CLAROS DE GOIÁS - GO","AREIA, CASCALHO, DIAMANTE, DIAMANTE","Construção civil, Construção civil, Gema, Industrial","Sim","14/11/2024"
"Gerência Regional / GO","862696/2008","Requerimento de Autorização de Pesquisa","Requerimento de Lavra","10.767.496/0001-87","CANAA EMPREENDIMENTOS EIRELI","CACHOEIRA DE GOIÁS - GO, PARAÚNA - GO","AREIA, MINÉRIO DE OURO","Construção civil, Industrial","Sim","19/01/2012"
"Gerência Regional / GO","862696/2008","Requerimento de Autorização de Pesquisa","Requerimento de Lavra","10.767.496/0001-87","CANAA EMPREENDIMENTOS EIRELI","CACHOEIRA DE GOIÁS - GO, PARAÚNA - GO","AREIA, MINÉRIO DE OURO","Construção civil, Industrial","Sim","07/10/2021"
"Gerência Regional / GO","861411/2010","Requerimento de Autorização de Pesquisa","Requerimento de Lavra","10.767.496/0001-87","CANAA EMPREENDIMENTOS EIRELI","CACHOEIRA DE GOIÁS - GO, PARAÚNA - GO","AREIA, MINÉRIO DE OURO","Construção civil, Industrial","Sim","25/04/2014"
"Gerência Regional / GO","861411/2010","Requerimento de Autorização de Pesquisa","Requerimento de Lavra","10.767.496/0001-87","CANAA EMPREENDIMENTOS EIRELI","CACHOEIRA DE GOIÁS - GO, PARAÚNA - GO","AREIA, MINÉRIO DE OURO","Construção civil, Industrial","Sim","07/10/2021"
"Gerência Regional / GO","862856/2011","Requerimento de Cessão parcial","Requerimento de Lavra","10.767.496/0001-87","CANAA EMPREENDIMENTOS EIRELI","CACHOEIRA DE GOIÁS - GO","AREIA","Construção civil","Sim","27/11/2019"
"Gerência Regional / GO","862855/2011","Requerimento de Cessão parcial","Requerimento de Lavra","10.767.496/0001-87","CANAA EMPREENDIMENTOS EIRELI","CACHOEIRA DE GOIÁS - GO","AREIA","Construção civil","Sim","27/11/2019"
"Gerência Regional / GO","860397/2011","Requerimento de Autorização de Pesquisa","Requerimento de Lavra","36.601.506/0001-01","MINERACAO RIO TIGRE LTDA","PADRE BERNARDO - GO","CALCÁRIO","Fabricação de cimento","Sim","01/03/2016"
"Gerência Regional / GO","860968/2006","Requerimento de Autorização de Pesquisa","Direito de Requerer a Lavra","36.903.503/0001-14","VALE DA SERRA MINERACAO LTDA","URUAÇU - GO","MINÉRIO DE MANGANÊS","Industrial","Sim","29/07/2020"
"Gerência Regional / GO","860423/2020","Requerimento de Autorização de Pesquisa","Autorização de Pesquisa","36.903.503/0001-14","VALE DA SERRA MINERACAO LTDA","CAMPINAÇU - GO, MINAÇU - GO","TERRAS RARAS","Industrial","Sim","28/07/2023"
"Gerência Regional / GO","860124/2020","Requerimento de Autorização de Pesquisa","Autorização de Pesquisa","32.060.982/0001-01","PERTH RECURSOS MINERAIS LTDA","MINAÇU - GO","MINÉRIO DE COBRE","Industrial","Sim","23/03/2022"
"Gerência Regional / GO","860123/2020","Requerimento de Autorização de Pesquisa","Autorização de Pesquisa","32.060.982/0001-01","PERTH RECURSOS MINERAIS LTDA","MINAÇU - GO, PALMEIRÓPOLIS - TO","MINÉRIO DE COBRE","Industrial","Sim","23/03/2022"
"Gerência Regional / TO","864203/2018","Requerimento de Autorização de Pesquisa","Autorização de Pesquisa","32.060.982/0001-01","PERTH RECURSOS MINERAIS LTDA","MINAÇU - GO, PALMEIRÓPOLIS - TO","MINÉRIO DE CHUMBO, MINÉRIO DE COBRE, MINÉRIO DE ZINCO","Industrial, Industrial, Industrial","Sim","21/02/2022"
"Gerência Regional / TO","864202/2018","Requerimento de Autorização de Pesquisa","Autorização de Pesquisa","32.060.982/0001-01","PERTH RECURSOS MINERAIS LTDA","MINAÇU - GO, PALMEIRÓPOLIS - TO","MINÉRIO DE CHUMBO, MINÉRIO DE COBRE, MINÉRIO DE ZINCO","Industrial, Industrial, Industrial","Sim","21/02/2022"
"Gerência Regional / GO","804365/1975","Requerimento de Autorização de Pesquisa","Concessão de Lavra","29.541.600/0001-49","DOMUS AUREA MINERACAO LTDA","CRIXÁS - GO","CIANITA, MINÉRIO DE OURO","Demais substâncias, Industrial","Sim","29/04/2004"
"Gerência Regional / GO","860291/2016","Requerimento de Autorização de Pesquisa","Requerimento de Lavra","27.556.902/0001-65","ACTUALPAR ADMINISTRACAO E PARTICIPACAO LTDA","APARECIDA DE GOIÂNIA - GO, HIDROLÂNDIA - GO","XISTO","Brita","Sim","06/03/2018"
"Gerência Regional / GO","860038/2018","Requerimento de Autorização de Pesquisa","Autorização de Pesquisa","***.744.625-**","IDAIANE COSTA VIEIRA","SÃO DOMINGOS - GO","MINÉRIO DE OURO","Industrial","Sim","28/08/2018"
"Gerência Regional / GO","860074/2015","Requerimento de Autorização de Pesquisa","Concessão de Lavra","29.709.464/0001-53","29.709.464 MARCONDES LOPES DE SOUZA","SÃO LUÍS DE MONTES BELOS - GO","AREIA, DIAMANTE","Construção civil, Industrial","Sim","28/08/2019"
"Gerência Regional / GO","860943/1991","Requerimento de Lavra Garimpeira","Lavra Garimpeira","***.513.791-**","MARIA HELENA TORRES BATISTA CARRILHO","CAMPOS VERDES - GO","ESMERALDA","Demais substâncias","Sim","24/04/2018"
"Gerência Regional / GO","861301/2015","Requerimento de Disponibilidade para pesquisa","Concessão de Lavra","29.962.596/0001-92","RAFAEL DE FREITAS CURY LTDA","JARAGUÁ - GO","AREIA, CAULIM","Construção civil, Industrial","Sim","20/03/2020"
"Gerência Regional / GO","861292/2016","Requerimento de Autorização de Pesquisa","Direito de Requerer a Lavra","30.314.158/0001-05","AREIÃO SANTA FÉ EIRELI","SILVÂNIA - GO, VIANÓPOLIS - GO","AREIA, ARGILA","Construção civil, Industrial","Sim","16/06/2020"
"Gerência Regional / GO","861447/2009","Requerimento de Autorização de Pesquisa","Requerimento de Lavra","19.500.340/0001-00","HGM MINERACAO E TRANSPORTES LTDA","PLANALTINA - GO","AREIA, MINÉRIO DE OURO","Construção civil, Industrial","Sim","20/08/2018"
"Gerência Regional / GO","860455/2017","Requerimento de Autorização de Pesquisa","Autorização de Pesquisa","30.323.122/0001-80","FETZ MINERADORA LTDA.","RIO VERDE - GO","BASALTO","Brita","Sim","03/02/2022"
"Gerência Regional / GO","860723/2017","Requerimento de Autorização de Pesquisa","Concessão de Lavra","28.178.110/0001-67","JAS IND e COM de AGUA MINERAL E PRODUTOS PLASTICOS EIRELI","HIDROLÂNDIA - GO","ÁGUA MINERAL","Engarrafamento","Sim","21/11/2019"
"Gerência Regional / GO","862004/2013","Requerimento de Autorização de Pesquisa","Concessão de Lavra","27.616.215/0001-98","NSO INDUSTRIA DE BEBIDAS EIRELI","GOIÁS - GO","ÁGUA MINERAL","Engarrafamento","Sim","20/09/2018"
"Gerência Regional / GO","861829/2024","Requerimento de Pesquisa - Leilão","Autorização de Pesquisa","***.722.641-**","TALLIS MARTINS LOPES DE ASSUNCAO","JANDAIA - GO, PALMEIRAS DE GOIÁS - GO","AREIA, MINÉRIO DE OURO","Construção civil, Industrial","Sim","28/10/2025"
"Gerência Regional / GO","862726/2008","Requerimento de Cessão parcial","Requerimento de Lavra","06.040.951/0001-70","AMA MATERIAIS PARA CONSTRUÇÃO E MADEIREIRA LTDA","SILVÂNIA - GO, VIANÓPOLIS - GO","AREIA","Construção civil","Sim","08/11/2019"
"Gerência Regional / GO","861452/2015","Requerimento de Autorização de Pesquisa","Concessão de Lavra","31.162.448/0001-35","MEIRE GOMES MENDONÇA NASCIMENTO EIRELI","BELA VISTA DE GOIÁS - GO","ÁGUA MINERAL","Engarrafamento","Sim","05/10/2018"
"Gerência Regional / GO","861287/2011","Requerimento de Autorização de Pesquisa","Requerimento de Lavra","28.207.333/0001-05","HELIO SILVESTRE DE OLIVEIRA","CÓRREGO DO OURO - GO","AREIA, CASCALHO, MINÉRIO DE OURO","Construção civil, Construção civil, Industrial","Sim","28/08/2019"
"Gerência Regional / GO","861968/2024","Requerimento de Autorização de Pesquisa","Autorização de Pesquisa","***.302.881-**","VALDENIR LACERDA MOREIRA","FAINA - GO, GOIÁS - GO","OURO","Industrial","Sim","27/07/2026"
"Gerência Regional / GO","862359/2007","Requerimento de Autorização de Pesquisa","Requerimento de Lavra","11.582.320/0001-13","RICK & MILLA ESCAVAÇÕES LTDA","LUZIÂNIA - GO, ORIZONA - GO","AREIA, CASCALHO, MINÉRIO DE OURO","Construção civil, Construção civil, Industrial","Sim","31/03/2014"
"Gerência Regional / GO","860885/2016","Requerimento de Autorização de Pesquisa","Requerimento de Lavra","30.326.153/0001-94","JONAS DIAS DOS SANTOS - DRAGA LL COMERCIO E SERVICOS","ARRAIAS - TO, MONTE ALEGRE DE GOIÁS - GO","AREIA","Construção civil","Sim","08/03/2019"
"Gerência Regional / GO","860746/2018","Requerimento de Autorização de Pesquisa","Autorização de Pesquisa","32.171.572/0001-20","OURO PRETO AGROCIENCIA EIRELI","ALVORADA DO NORTE - GO","MINÉRIO DE CHUMBO","Industrial","Sim","21/11/2019"
"Gerência Regional / GO","860177/2019","Requerimento de Autorização de Pesquisa","Autorização de Pesquisa","***.587.921-**","KEDMA MARQUES NESSRALLA","BRASÍLIA - DF, FORMOSA - GO","AREIA, QUARTZITO","Construção civil, Industrial","Sim","27/02/2020"
"Gerência Regional / GO","861786/2011","Requerimento de Autorização de Pesquisa","Autorização de Pesquisa","32.877.982/0001-90","PRIME GOLD MINERADORA LTDA","ITABERAÍ - GO","MINÉRIO DE MANGANÊS","Industrial","Sim","11/06/2019"
"Gerência Regional / GO","860187/2016","Requerimento de Autorização de Pesquisa","Requerimento de Lavra","32.914.896/0001-00","DANIELA MARTINS MATOS BARCELOS ","BALIZA - GO","AREIA, CASCALHO, DIAMANTE","Construção civil, Construção civil, Industrial","Sim","24/05/2019"
"Gerência Regional / GO","861603/2014","Requerimento de Disponibilidade para pesquisa","Concessão de Lavra","30.294.129/0001-10","M2M COMÉRCIO DE MARMORES E GRANITOS LTDA","PORANGATU - GO","FELDSPATO, GRANITO, MINÉRIO DE OURO","Industrial, Industrial, Revestimento","Sim","15/05/2019"
"Gerência Regional / GO","860410/2018","Requerimento de Cessão parcial","Requerimento de Lavra","33.419.930/0001-33","TERRA NOVA MINERACAO LTDA","SANTO ANTÔNIO DA BARRA - GO","BASALTO, FOSFATO","Brita, Fertilizantes","Sim","04/07/2019"
"Gerência Regional / GO","812761/1973","Requerimento de Autorização de Pesquisa","Concessão de Lavra","33.846.902/0001-00","AG MINERACAO LTDA","BRASÍLIA - DF, SANTO ANTÔNIO DO DESCOBERTO - GO","MANGANÊS","Demais substâncias","Sim","26/10/2012"
"Gerência Regional / GO","860105/2022","Requerimento de Autorização de Pesquisa","Autorização de Pesquisa","***.598.251-**","MATEUS FUKUSHIMA SPINDOLA","AURILÂNDIA - GO, PARAÚNA - GO","OURO","Industrial","Sim","04/08/2025"
"Gerência Regional / GO","860829/2015","Requerimento de Autorização de Pesquisa","Requerimento de Lavra","32.552.547/0001-96","CALCÁRIO GUARANI EIRELI","GUARANI DE GOIÁS - GO","CALCÁRIO, CALCÁRIO, CALCÁRIO, DOLOMITO","Corretivo de solo, Corretivo de solo, Fabricação de cal, Fabricação de cimento","Sim","08/11/2019"
"Gerência Regional / GO","861345/2016","Requerimento de Autorização de Pesquisa","Concessão de Lavra","31.932.299/0001-46","ACQUAVIE AGUAS MINERAIS E BEBIDAS LTDA","HIDROLÂNDIA - GO","ÁGUA MINERAL","Engarrafamento","Sim","04/11/2019"
"Gerência Regional / GO","860319/2014","Requerimento de Autorização de Pesquisa","Requerimento de Lavra","33.709.757/0001-08","MINERACAO JP, COMERCIO, IMPORTACAO E EXPORTACAO EIRELI","CRIXÁS - GO, UIRAPURU - GO","AREIA","Construção civil","Sim","21/11/2019"
"Gerência Regional / GO","860335/2018","Requerimento de Autorização de Pesquisa","Autorização de Pesquisa","28.648.288/0001-24","HIPERCAL EMPREENDIMENTOS LTDA","NIQUELÂNDIA - GO","CALCÁRIO","Fabricação de cimento","Sim","04/05/2020"
"Gerência Regional / GO","861441/2016","Requerimento de Autorização de Pesquisa","Concessão de Lavra","24.670.613/0001-02","Central Park Lazer e Entretenimento Ltda. EPP","LAGOA SANTA - GO","ÁGUA MINERAL","Balneoterapia","Sim","21/11/2019"
"Gerência Regional / TO","864508/2010","Requerimento de Autorização de Pesquisa","Autorização de Pesquisa","***.639.061-**","Amanda Santos Fonseca","CAVALCANTE - GO, PARANÃ - TO","MINÉRIO DE OURO","Industrial","Sim","01/09/2014"
"Gerência Regional / GO","860812/2022","Requerimento de Autorização de Pesquisa","Autorização de Pesquisa","***.679.371-**","EDIVALDO ALVES SILVA","GUARAÍTA - GO","OURO","Industrial","Sim","17/03/2026"
"Gerência Regional / GO","860482/2013","Requerimento de Disponibilidade para pesquisa","Autorização de Pesquisa","***.132.666-**","Ronaldo Alves Parreira ","NOVA IGUAÇU DE GOIÁS - GO, PILAR DE GOIÁS - GO","MINÉRIO DE MANGANÊS","Industrial","Sim","17/02/2020"
"Gerência Regional / GO","860270/2018","Requerimento de Autorização de Pesquisa","Autorização de Pesquisa","33.507.961/0001-46","OURO FINO DE GOIAS MINERACAO E PARTICIPACOES S.A","NIQUELÂNDIA - GO","MINÉRIO DE OURO","Industrial","Sim","02/12/2019"
"Gerência Regional / GO","860908/2019","Requerimento de Autorização de Pesquisa","Autorização de Pesquisa","27.703.108/0001-05","MARCELLO CAPONE EIRELI","FORMOSA - GO","AREIA, CASCALHO, MINÉRIO DE OURO","Construção civil, Construção civil, Industrial","Sim","18/03/2022"
"Gerência Regional / GO","860366/2002","Requerimento de Autorização de Pesquisa","Concessão de Lavra","35.770.961/0001-60","AGUA MINERAL GUARANI LTDA","HIDROLÂNDIA - GO","ÁGUA MINERAL, ÁGUA MINERAL, MINÉRIO DE OURO","Balneoterapia, Engarrafamento, Industrial","Sim","18/09/2020"
"Gerência Regional / GO","861429/2009","Requerimento de Autorização de Pesquisa","Requerimento de Lavra","36.390.310/0001-07","MINERACAO METROPOLITANA DE GOIANIA LTDA","BELA VISTA DE GOIÁS - GO","ÁGUA MINERAL, CASCALHO, MINÉRIO DE OURO, XISTO","Brita, Construção civil, Engarrafamento, Industrial","Sim","20/03/2020"
"Gerência Regional / GO","860594/2019","Requerimento de Autorização de Pesquisa","Autorização de Pesquisa","***.036.641-**","ROSANAN PEREIRA DE JESUS","NOVA IGUAÇU DE GOIÁS - GO","AREIA","Construção civil","Sim","31/03/2023"
"Gerência Regional / GO","861440/2021","Requerimento de Autorização de Pesquisa","Autorização de Pesquisa","36.601.506/0001-01","MINERACAO RIO TIGRE LTDA","COCALZINHO DE GOIÁS - GO","CALCÁRIO, CALCÁRIO","Brita, Fabricação de cimento","Sim","05/02/2025"
"Gerência Regional / GO","861631/2021","Requerimento de Autorização de Pesquisa","Autorização de Pesquisa","36.903.503/0001-14","VALE DA SERRA MINERACAO LTDA","NIQUELÂNDIA - GO","MINÉRIO DE OURO","Industrial","Sim","17/11/2023"
"Gerência Regional / GO","860261/2020","Requerimento de Autorização de Pesquisa","Direito de Requerer a Lavra","***.487.211-**","ROMILDO ALMEIDA DA SILVA","BRITÂNIA - GO, ITAPIRAPUÃ - GO, MATRINCHÃ - GO","AREIA, MINÉRIO DE OURO","Construção civil, Industrial","Sim","30/09/2024"
"Gerência Regional / GO","860125/2020","Requerimento de Autorização de Pesquisa","Autorização de Pesquisa","32.060.982/0001-01","PERTH RECURSOS MINERAIS LTDA","MINAÇU - GO, PALMEIRÓPOLIS - TO","MINÉRIO DE COBRE","Industrial","Sim","23/03/2022"
"Gerência Regional / GO","860360/2017","Requerimento de Autorização de Pesquisa","Autorização de Pesquisa","37.079.592/0001-99","HANUMAN MINAS LTDA","NIQUELÂNDIA - GO","ÁGUA MINERAL","Balneoterapia","Sim","30/09/2020"
"Gerência Regional / GO","860180/2019","Requerimento de Autorização de Pesquisa","Autorização de Pesquisa","36.158.668/0001-09","TRES IPES EXPLORACAO MINERAL LTDA","ANICUNS - GO","MINÉRIO DE FERRO","Industrial","Sim","05/10/2020"
"Gerência Regional / GO","860730/2021","Requerimento de Pesquisa - Leilão","Autorização de Pesquisa","33.633.415/0001-51","RZZ MINERACAO LTDA","SANTA CRUZ DE GOIÁS - GO","MINÉRIO DE OURO","Industrial","Sim","17/11/2023"
"Gerência Regional / GO","860227/2021","Requerimento de Autorização de Pesquisa","Autorização de Pesquisa","36.009.044/0001-20","CIMENTOS RIO VERDE PARTICIPACOES LTDA","PIRENÓPOLIS - GO, VILA PROPÍCIO - GO","CALCÁRIO, CALCÁRIO, CALCÁRIO, CALCÁRIO, MÁRMORE, MÁRMORE","Brita, Corretivo de solo, Fabricação de cal, Fabricação de cimento, Pedra de talhe, Revestimento","Sim","19/04/2023"
"Gerência Regional / GO","860600/2021","Requerimento de Pesquisa - Oferta Pública ","Autorização de Pesquisa","37.299.462/0001-61","MINERACAO 2M LTDA","ABADIÂNIA - GO","AREIA, MINÉRIO DE OURO, QUARTZITO","Construção civil, Industrial, Revestimento","Sim","30/09/2024"
"Gerência Regional / GO","860511/2018","Requerimento de Disponibilidade para pesquisa","Requerimento de Lavra","37.873.043/0001-91","MINERACAO ATLANTA LTDA","FAZENDA NOVA - GO, MONTES CLAROS DE GOIÁS - GO","AREIA","Construção civil","Sim","15/10/2020"
"Gerência Regional / GO","860243/2022","Requerimento de Disponibilidade para pesquisa","Requerimento de Lavra","37.873.043/0001-91","MINERACAO ATLANTA LTDA","JUSSARA - GO, MONTES CLAROS DE GOIÁS - GO","AREIA, CASCALHO, DIAMANTE, DIAMANTE","Construção civil, Construção civil, Gema, Industrial","Sim","15/04/2024"
"Gerência Regional / GO","860977/2021","Requerimento de Mudança de Regime para Aut. de Pesquisa","Autorização de Pesquisa","37.873.043/0001-91","MINERACAO ATLANTA LTDA","SÃO LUIZ DO NORTE - GO","MINÉRIO DE OURO","Industrial","Sim","19/04/2023"
"Gerência Regional / GO","860976/2021","Requerimento de Mudança de Regime para Aut. de Pesquisa","Autorização de Pesquisa","37.873.043/0001-91","MINERACAO ATLANTA LTDA","SÃO LUIZ DO NORTE - GO","MINÉRIO DE OURO","Industrial","Sim","19/04/2023"
"Gerência Regional / GO","860126/2023","Requerimento de Autorização de Pesquisa","Autorização de Pesquisa","35.138.169/0001-97","E2 MINERAIS E FERTILIZANTES LTDA","NOVO PLANALTO - GO","ILMENITA","Industrial","Sim","04/09/2025"
"Gerência Regional / GO","860136/2016","Requerimento de Disponibilidade para pesquisa","Autorização de Pesquisa","35.138.169/0001-97","E2 MINERAIS E FERTILIZANTES LTDA","JUSSARA - GO","FOSFATO, MINÉRIO DE NÍQUEL, SIENITO","Fertilizantes, Industrial, Revestimento","Sim","05/12/2025"
"Gerência Regional / GO","860927/2018","Requerimento de Mudança de Regime para Aut. de Pesquisa","Autorização de Pesquisa","***.947.001-**","GUILHERME FELIPE LABONDE","PORTELÂNDIA - GO","CALCÁRIO","Corretivo de solo","Sim","13/10/2021"
"Gerência Regional / GO","860545/2021","Requerimento de Autorização de Pesquisa","Autorização de Pesquisa","***.673.901-**","Anna Isadora Coimbra de Oliveira","CRIXÁS - GO","MINÉRIO DE OURO","Industrial","Sim","05/12/2025"
"Gerência Regional / GO","861226/2022","Requerimento de Autorização de Pesquisa","Autorização de Pesquisa","41.905.701/0001-57","MIREP EMPREENDIMENTOS S/A","MONTIVIDIU DO NORTE - GO","MINÉRIO DE OURO","Industrial","Sim","17/03/2026"
"Gerência Regional / GO","862696/2008","Requerimento de Autorização de Pesquisa","Requerimento de Lavra","10.767.496/0001-87","CANAA EMPREENDIMENTOS EIRELI","CACHOEIRA DE GOIÁS - GO, PARAÚNA - GO","AREIA, MINÉRIO DE OURO","Construção civil, Industrial","Sim","27/11/2019"
"Gerência Regional / GO","861411/2010","Requerimento de Autorização de Pesquisa","Requerimento de Lavra","10.767.496/0001-87","CANAA EMPREENDIMENTOS EIRELI","CACHOEIRA DE GOIÁS - GO, PARAÚNA - GO","AREIA, MINÉRIO DE OURO","Construção civil, Industrial","Sim","27/11/2019"
"Gerência Regional / GO","862856/2011","Requerimento de Cessão parcial","Requerimento de Lavra","10.767.496/0001-87","CANAA EMPREENDIMENTOS EIRELI","CACHOEIRA DE GOIÁS - GO","AREIA","Construção civil","Sim","07/10/2021"
"Gerência Regional / GO","862855/2011","Requerimento de Cessão parcial","Requerimento de Lavra","10.767.496/0001-87","CANAA EMPREENDIMENTOS EIRELI","CACHOEIRA DE GOIÁS - GO","AREIA","Construção civil","Sim","07/10/2021"
"Gerência Regional / GO","861018/2024","Requerimento de Autorização de Pesquisa","Autorização de Pesquisa","36.996.159/0001-55","MILK DISCOVERY GEMAS LTDA","NIQUELÂNDIA - GO","QUARTZO","Industrial","Sim","20/05/2026"
"Gerência Regional / GO","860634/2018","Requerimento de Autorização de Pesquisa","Autorização de Pesquisa","43.093.229/0001-20","ALPHA MINERALS BRAZIL PARTICIPACOES LTDA.","PARAÚNA - GO","MINÉRIO DE NÍQUEL","Industrial","Sim","29/08/2024"
"Gerência Regional / GO","861045/2012","Requerimento de Autorização de Pesquisa","Requerimento de Lavra","73.621.831/0001-54","FERNANDO GONCALVES","EDEALINA - GO, PONTALINA - GO","AREIA","Construção civil","Sim","24/03/2016"
"Gerência Regional / GO","860059/2020","Requerimento de Autorização de Pesquisa","Autorização de Pesquisa","43.966.286/0001-77","SDM DO BRASIL MINERACAO AU LTDA","NIQUELÂNDIA - GO","MINÉRIO DE OURO","Industrial","Sim","16/12/2021"
"Gerência Regional / GO","861036/2021","Requerimento de Autorização de Pesquisa","Autorização de Pesquisa","44.035.911/0001-20","AXIA MINERACAO S.A","CAIAPÔNIA - GO, PIRANHAS - GO","MINÉRIO DE COBRE","Industrial","Sim","07/03/2024"
"Gerência Regional / GO","861036/2021","Requerimento de Autorização de Pesquisa","Autorização de Pesquisa","44.035.911/0001-20","AXIA MINERACAO S.A","CAIAPÔNIA - GO, PIRANHAS - GO","MINÉRIO DE COBRE","Industrial","Sim","24/11/2023"
"Gerência Regional / GO","861339/2021","Requerimento de Pesquisa - Leilão","Autorização de Pesquisa","44.035.911/0001-20","AXIA MINERACAO S.A","BOM JARDIM DE GOIÁS - GO, PIRANHAS - GO","MINÉRIO DE COBRE","Industrial","Sim","07/03/2024"
"Gerência Regional / GO","861338/2021","Requerimento de Pesquisa - Leilão","Autorização de Pesquisa","44.035.911/0001-20","AXIA MINERACAO S.A","BOM JARDIM DE GOIÁS - GO, PIRANHAS - GO","MINÉRIO DE COBRE","Industrial","Sim","07/03/2024"
"Gerência Regional / GO","860394/2011","Requerimento de Autorização de Pesquisa","Requerimento de Lavra","20.332.915/0001-01","RUBERPAULO PEREIRA DUARTE LTDA","CEZARINA - GO, MAIRIPOTABA - GO","AREIA, MINÉRIO DE OURO","Construção civil, Industrial","Sim","02/12/2019"
"Gerência Regional / GO","860720/2021","Requerimento de Pesquisa - Leilão","Autorização de Pesquisa","37.873.043/0001-91","MINERACAO ATLANTA LTDA","ARAGARÇAS - GO, MONTES CLAROS DE GOIÁS - GO","AREIA, CASCALHO, DIAMANTE","Construção civil, Construção civil, Industrial","Sim","09/06/2026"
"Gerência Regional / GO","860720/2021","Requerimento de Pesquisa - Leilão","Autorização de Pesquisa","37.873.043/0001-91","MINERACAO ATLANTA LTDA","ARAGARÇAS - GO, MONTES CLAROS DE GOIÁS - GO","AREIA, CASCALHO, DIAMANTE","Construção civil, Construção civil, Industrial","Sim","09/06/2026"
"Gerência Regional / GO","860720/2021","Requerimento de Pesquisa - Leilão","Autorização de Pesquisa","37.873.043/0001-91","MINERACAO ATLANTA LTDA","ARAGARÇAS - GO, MONTES CLAROS DE GOIÁS - GO","AREIA, CASCALHO, DIAMANTE","Construção civil, Construção civil, Industrial","Sim","09/06/2026"
"Gerência Regional / GO","860587/2017","Requerimento de Autorização de Pesquisa","Requerimento de Lavra","03.163.210/0004-31","SARKIS MINERACAO LTDA","VILA PROPÍCIO - GO","CALCÁRIO CALCÍTICO, CALCÁRIO DOLOMÍTICO","Corretivo de solo, Fabricação de cal","Sim","07/10/2021"
"Gerência Regional / GO","860743/2018","Requerimento de Autorização de Pesquisa","Requerimento de Lavra","19.017.399/0001-41","A R DA SILVA - AREIAL SERRADINHO","SANCLERLÂNDIA - GO, SÃO LUÍS DE MONTES BELOS - GO","AREIA, DIAMANTE","Construção civil, Industrial","Sim","24/05/2021"
"Gerência Regional / GO","862854/2011","Requerimento de Cessão parcial","Requerimento de Lavra","10.767.496/0001-87","CANAA EMPREENDIMENTOS EIRELI","CACHOEIRA DE GOIÁS - GO","AREIA","Construção civil","Sim","27/11/2019"
"Gerência Regional / GO","861877/2010","Requerimento de Cessão parcial","Concessão de Lavra","42.145.404/0001-13","TWXX MINERACAO LTDA","NIQUELÂNDIA - GO","AREIA, CASCALHO, MINÉRIO DE OURO","Construção civil, Construção civil, Industrial","Sim","07/12/2012"
"Gerência Regional / GO","861103/2010","Requerimento de Cessão parcial","Concessão de Lavra","15.132.316/0001-04","OURO BRANCO TRANSPORTES E MINERACAO LTDA","NIQUELÂNDIA - GO","AREIA, CASCALHO, MINÉRIO DE OURO","Construção civil, Construção civil, Industrial","Sim","23/09/2010"
"Gerência Regional / GO","861103/2010","Requerimento de Cessão parcial","Concessão de Lavra","15.132.316/0001-04","OURO BRANCO TRANSPORTES E MINERACAO LTDA","NIQUELÂNDIA - GO","AREIA, CASCALHO, MINÉRIO DE OURO","Construção civil, Construção civil, Industrial","Sim","07/03/2024"
"Gerência Regional / GO","861103/2010","Requerimento de Cessão parcial","Concessão de Lavra","15.132.316/0001-04","OURO BRANCO TRANSPORTES E MINERACAO LTDA","NIQUELÂNDIA - GO","AREIA, CASCALHO, MINÉRIO DE OURO","Construção civil, Construção civil, Industrial","Sim","16/12/2015"
"Gerência Regional / GO","861046/2012","Requerimento de Autorização de Pesquisa","Requerimento de Lavra","73.621.831/0001-54","FERNANDO GONCALVES","EDEALINA - GO, PONTALINA - GO","AREIA","Construção civil","Sim","24/03/2016"
"Gerência Regional / GO","861041/2022","Requerimento de Pesquisa - Leilão","Autorização de Pesquisa","***.449.811-**","KLEYTON CANDIDO MONTEIRO","PARAÚNA - GO","MINÉRIO DE OURO","Industrial","Sim","24/11/2023"
"Gerência Regional / GO","860253/2004","Requerimento de Autorização de Pesquisa","Requerimento de Lavra","20.281.112/0001-75","NEILSON GONCALVES DE ALMEIDA JUNIOR","JATAÍ - GO","AREIA, ARGILA, MINÉRIO DE OURO","Construção civil, Construção civil, Metalurgia","Sim","27/11/2020"
"Gerência Regional / GO","860253/2004","Requerimento de Autorização de Pesquisa","Requerimento de Lavra","20.281.112/0001-75","NEILSON GONCALVES DE ALMEIDA JUNIOR","JATAÍ - GO","AREIA, ARGILA, MINÉRIO DE OURO","Construção civil, Construção civil, Metalurgia","Sim","12/12/2023"
"Gerência Regional / GO","860253/2004","Requerimento de Autorização de Pesquisa","Requerimento de Lavra","20.281.112/0001-75","NEILSON GONCALVES DE ALMEIDA JUNIOR","JATAÍ - GO","AREIA, ARGILA, MINÉRIO DE OURO","Construção civil, Construção civil, Metalurgia","Sim","05/10/2010"
"Gerência Regional / MG","833696/1996","Requerimento de Autorização de Pesquisa","Requerimento de Lavra","45.701.942/0001-35","AREAL PARANAIBA LTDA","ANHANGUERA - GO, ARAGUARI - MG","AREIA","Demais substâncias","Sim","13/12/2022"
"Gerência Regional / MG","831925/1997","Requerimento de Autorização de Pesquisa","Requerimento de Lavra","45.701.942/0001-35","AREAL PARANAIBA LTDA","ARAGUARI - MG, CORUMBAÍBA - GO","AREIA, CASCALHO, DIAMANTE INDUSTRIAL","Demais substâncias, Demais substâncias, Demais substâncias","Sim","29/06/2007"
"Gerência Regional / MG","831925/1997","Requerimento de Autorização de Pesquisa","Requerimento de Lavra","45.701.942/0001-35","AREAL PARANAIBA LTDA","ARAGUARI - MG, CORUMBAÍBA - GO","AREIA, CASCALHO, DIAMANTE INDUSTRIAL","Demais substâncias, Demais substâncias, Demais substâncias","Sim","21/11/2001"
"Gerência Regional / MG","831924/1997","Requerimento de Autorização de Pesquisa","Requerimento de Lavra","45.701.942/0001-35","AREAL PARANAIBA LTDA","ARAGUARI - MG, CORUMBAÍBA - GO","AREIA, CASCALHO, DIAMANTE INDUSTRIAL","Demais substâncias, Demais substâncias, Demais substâncias","Sim","26/09/2005"
"Gerência Regional / MG","831924/1997","Requerimento de Autorização de Pesquisa","Requerimento de Lavra","45.701.942/0001-35","AREAL PARANAIBA LTDA","ARAGUARI - MG, CORUMBAÍBA - GO","AREIA, CASCALHO, DIAMANTE INDUSTRIAL","Demais substâncias, Demais substâncias, Demais substâncias","Sim","13/12/2022"
"Gerência Regional / MG","830922/1998","Requerimento de Autorização de Pesquisa","Concessão de Lavra","45.701.942/0001-35","AREAL PARANAIBA LTDA","ARAGUARI - MG, CUMARI - GO","AREIA","Demais substâncias","Sim","20/11/2007"
"Gerência Regional / MG","830609/1998","Requerimento de Autorização de Pesquisa","Requerimento de Lavra","45.701.942/0001-35","AREAL PARANAIBA LTDA","ARAGUARI - MG, CUMARI - GO","AREIA","Demais substâncias","Sim","13/12/2022"
"Gerência Regional / MG","830553/1996","Requerimento de Autorização de Pesquisa","Concessão de Lavra","45.701.942/0001-35","AREAL PARANAIBA LTDA","ARAGUARI - MG, CUMARI - GO","AREIA","Demais substâncias","Sim","04/06/1998"
"Gerência Regional / MG","830553/1996","Requerimento de Autorização de Pesquisa","Concessão de Lavra","45.701.942/0001-35","AREAL PARANAIBA LTDA","ARAGUARI - MG, CUMARI - GO","AREIA","Demais substâncias","Sim","16/06/2023"
"Gerência Regional / GO","861720/2012","Requerimento de Autorização de Pesquisa","Requerimento de Lavra","46.220.818/0001-10","BRASIL CENTRAL MINERACAO LTDA","PADRE BERNARDO - GO","AREIA, QUARTZITO, QUARTZITO","Construção civil, Industrial, Revestimento","Sim","26/03/2019"
"Gerência Regional / GO","860096/1986","Requerimento de Autorização de Pesquisa","Concessão de Lavra","14.304.566/0001-11","PROSPECTOR MINERALS LTDA","FAINA - GO","MINÉRIO DE OURO","Industrial","Sim","28/12/2001"
"Gerência Regional / GO","760742/1996","Requerimento de Autorização de Pesquisa","Requerimento de Lavra","14.304.566/0001-11","PROSPECTOR MINERALS LTDA","FAINA - GO","OURO","Demais substâncias","Sim","23/04/2002"
"Gerência Regional / GO","760742/1996","Requerimento de Autorização de Pesquisa","Requerimento de Lavra","14.304.566/0001-11","PROSPECTOR MINERALS LTDA","FAINA - GO","OURO","Demais substâncias","Sim","05/08/2022"
"Gerência Regional / GO","861586/2009","Requerimento de Disponibilidade para pesquisa","Direito de Requerer a Lavra","14.304.566/0001-11","PROSPECTOR MINERALS LTDA","FAINA - GO","MINÉRIO DE OURO","Industrial","Sim","05/12/2025"
"Gerência Regional / GO","860404/2013","Requerimento de Disponibilidade para pesquisa","Autorização de Pesquisa","14.304.566/0001-11","PROSPECTOR MINERALS LTDA","FAINA - GO","CALCÁRIO, MINÉRIO DE OURO","Corretivo de solo, Industrial","Sim","08/11/2013"
"Gerência Regional / GO","860368/1995","Requerimento de Autorização de Pesquisa","Concessão de Lavra","14.304.566/0001-11","PROSPECTOR MINERALS LTDA","FAINA - GO","MINÉRIO DE OURO","Demais substâncias","Sim","15/05/1998"
"Gerência Regional / GO","860368/1995","Requerimento de Autorização de Pesquisa","Concessão de Lavra","14.304.566/0001-11","PROSPECTOR MINERALS LTDA","FAINA - GO","MINÉRIO DE OURO","Demais substâncias","Sim","06/09/2022"
"Gerência Regional / GO","860368/1995","Requerimento de Autorização de Pesquisa","Concessão de Lavra","14.304.566/0001-11","PROSPECTOR MINERALS LTDA","FAINA - GO","MINÉRIO DE OURO","Demais substâncias","Sim","18/09/2017"
"Gerência Regional / GO","860369/2018","Requerimento de Autorização de Pesquisa","Autorização de Pesquisa","***.751.878-**","MARCO ANTONIO CHAIM","NIQUELÂNDIA - GO","CALCÁRIO CALCÍTICO","Fabricação de cimento","Sim","14/11/2024"
"Gerência Regional / GO","860369/2018","Requerimento de Autorização de Pesquisa","Autorização de Pesquisa","***.751.878-**","MARCO ANTONIO CHAIM","NIQUELÂNDIA - GO","CALCÁRIO CALCÍTICO","Fabricação de cimento","Sim","03/03/2023"
"Gerência Regional / GO","860369/2018","Requerimento de Autorização de Pesquisa","Autorização de Pesquisa","***.751.878-**","MARCO ANTONIO CHAIM","NIQUELÂNDIA - GO","CALCÁRIO CALCÍTICO","Fabricação de cimento","Sim","14/11/2024"
"Gerência Regional / GO","860482/2003","Requerimento de Autorização de Pesquisa","Concessão de Lavra","37.813.440/0001-78","COMERCIAL AREIA SAO SEBASTIAO LTDA","JATAÍ - GO","AREIA","Construção civil","Sim","30/06/2003"
"Gerência Regional / GO","860482/2003","Requerimento de Autorização de Pesquisa","Concessão de Lavra","37.813.440/0001-78","COMERCIAL AREIA SAO SEBASTIAO LTDA","JATAÍ - GO","AREIA","Construção civil","Sim","09/04/2024"
"Gerência Regional / GO","860479/2003","Requerimento de Autorização de Pesquisa","Concessão de Lavra","34.031.776/0001-90","VALE DO RIO VERDE COMERCIO DE MATERIAIS PARA CONSTRUCAO EIRELI","JATAÍ - GO","AREIA","Construção civil","Sim","16/09/2003"
"Gerência Regional / GO","860479/2003","Requerimento de Autorização de Pesquisa","Concessão de Lavra","34.031.776/0001-90","VALE DO RIO VERDE COMERCIO DE MATERIAIS PARA CONSTRUCAO EIRELI","JATAÍ - GO","AREIA","Construção civil","Sim","31/07/2023"
"Gerência Regional / GO","861270/2015","Requerimento de Autorização de Pesquisa","Requerimento de Lavra","48.057.659/0001-00","ACLARA RESOURCES MINERACAO LTDA.","NOVA ROMA - GO","CASSITERITA, ILMENITA, TERRAS RARAS","Industrial, Industrial, Industrial","Sim","15/05/2019"
"Gerência Regional / GO","861270/2015","Requerimento de Autorização de Pesquisa","Requerimento de Lavra","48.057.659/0001-00","ACLARA RESOURCES MINERACAO LTDA.","NOVA ROMA - GO","CASSITERITA, ILMENITA, TERRAS RARAS","Industrial, Industrial, Industrial","Sim","09/04/2024"
"Gerência Regional / GO","860447/2021","Requerimento de Autorização de Pesquisa","Autorização de Pesquisa","44.514.957/0001-21","PORTECAL N.S.A INDUSTRIA E COMERCIO LTDA","MINEIROS - GO, PORTELÂNDIA - GO","CALCÁRIO","Corretivo de solo","Sim","30/09/2024"
"Gerência Regional / GO","860634/2018","Requerimento de Autorização de Pesquisa","Autorização de Pesquisa","43.093.229/0001-20","ALPHA MINERALS BRAZIL PARTICIPACOES LTDA.","PARAÚNA - GO","MINÉRIO DE NÍQUEL","Industrial","Sim","09/06/2026"
"Gerência Regional / GO","860557/2021","Requerimento de Autorização de Pesquisa","Autorização de Pesquisa","43.093.229/0001-20","ALPHA MINERALS BRAZIL PARTICIPACOES LTDA.","CAVALCANTE - GO, PARANÃ - TO","TERRAS RARAS","Industrial","Sim","13/06/2022"
"Gerência Regional / GO","861045/2012","Requerimento de Autorização de Pesquisa","Requerimento de Lavra","73.621.831/0001-54","FERNANDO GONCALVES","EDEALINA - GO, PONTALINA - GO","AREIA","Construção civil","Sim","03/03/2023"
"Gerência Regional / GO","861857/2024","Requerimento de Pesquisa - Leilão","Autorização de Pesquisa","***.449.811-**","KLEYTON CANDIDO MONTEIRO","PARAÚNA - GO","MINÉRIO DE OURO","Industrial","Sim","27/01/2026"
"Gerência Regional / GO","860363/2023","Requerimento de Autorização de Pesquisa","Autorização de Pesquisa","43.294.058/0001-06","MINERADORA INDAIA LTDA","VILA PROPÍCIO - GO","CALCÁRIO, CALCÁRIO, CALCÁRIO, CALCÁRIO, CALCÁRIO","Brita, Corretivo de solo, Fabricação de cal, Fabricação de cimento, Revestimento","Sim","20/05/2026"
"Gerência Regional / GO","860059/2020","Requerimento de Autorização de Pesquisa","Autorização de Pesquisa","43.966.286/0001-77","SDM DO BRASIL MINERACAO AU LTDA","NIQUELÂNDIA - GO","MINÉRIO DE OURO","Industrial","Sim","23/03/2022"
"Gerência Regional / GO","861350/2021","Requerimento de Pesquisa - Leilão","Autorização de Pesquisa","43.966.286/0001-77","SDM DO BRASIL MINERACAO AU LTDA","NIQUELÂNDIA - GO","MINÉRIO DE OURO","Industrial","Sim","30/09/2024"
"Gerência Regional / GO","860385/2020","Requerimento de Autorização de Pesquisa","Autorização de Pesquisa","44.557.880/0001-77","PALMARES ESTUDOS GEOLOGICOS LTDA","ARENÓPOLIS - GO","MINÉRIO DE FERRO","Industrial","Sim","27/01/2026"
"Gerência Regional / GO","860384/2020","Requerimento de Autorização de Pesquisa","Autorização de Pesquisa","44.557.880/0001-77","PALMARES ESTUDOS GEOLOGICOS LTDA","ARENÓPOLIS - GO","MINÉRIO DE FERRO","Industrial","Sim","17/03/2026"
"Gerência Regional / GO","860519/2020","Requerimento de Autorização de Pesquisa","Autorização de Pesquisa","44.557.880/0001-77","PALMARES ESTUDOS GEOLOGICOS LTDA","ARENÓPOLIS - GO","MINÉRIO DE FERRO","Industrial","Sim","27/01/2026"
"Gerência Regional / GO","860398/2020","Requerimento de Autorização de Pesquisa","Autorização de Pesquisa","44.557.880/0001-77","PALMARES ESTUDOS GEOLOGICOS LTDA","ARENÓPOLIS - GO","MINÉRIO DE FERRO","Industrial","Sim","27/01/2026"
"Gerência Regional / GO","861686/2021","Requerimento de Mudança de Regime para Aut. de Pesquisa","Autorização de Pesquisa","27.565.439/0001-18","AMARO GOLD COMERCIO E SERVICOS LTDA","NIQUELÂNDIA - GO","MINÉRIO DE OURO, QUARTZO, QUARTZO, QUARTZO","Artesanato  mineral, Gema, Industrial, Industrial","Sim","05/08/2022"
"Gerência Regional / GO","861685/2021","Requerimento de Mudança de Regime para Aut. de Pesquisa","Autorização de Pesquisa","27.565.439/0001-18","AMARO GOLD COMERCIO E SERVICOS LTDA","NIQUELÂNDIA - GO","MINÉRIO DE OURO, QUARTZO, QUARTZO, QUARTZO","Artesanato  mineral, Gema, Industrial, Industrial","Sim","05/08/2022"
"Gerência Regional / GO","861323/2021","Requerimento de Pesquisa - Leilão","Autorização de Pesquisa","44.035.911/0001-20","AXIA MINERACAO S.A","BOM JARDIM DE GOIÁS - GO","MINÉRIO DE OURO","Industrial","Sim","26/12/2022"
"Gerência Regional / GO","861315/2021","Requerimento de Pesquisa - Leilão","Autorização de Pesquisa","44.035.911/0001-20","AXIA MINERACAO S.A","CAVALCANTE - GO","MINÉRIO DE OURO","Industrial","Sim","26/12/2022"
"Gerência Regional / GO","861314/2021","Requerimento de Pesquisa - Leilão","Autorização de Pesquisa","44.035.911/0001-20","AXIA MINERACAO S.A","CAVALCANTE - GO","MINÉRIO DE OURO","Industrial","Sim","22/11/2022"
"Gerência Regional / GO","861309/2021","Requerimento de Pesquisa - Leilão","Autorização de Pesquisa","44.035.911/0001-20","AXIA MINERACAO S.A","CAVALCANTE - GO","MINÉRIO DE OURO","Industrial","Sim","26/12/2022"
"Gerência Regional / GO","861307/2021","Requerimento de Pesquisa - Leilão","Autorização de Pesquisa","44.035.911/0001-20","AXIA MINERACAO S.A","BOM JARDIM DE GOIÁS - GO, PIRANHAS - GO","MINÉRIO DE OURO","Industrial","Sim","26/12/2022"
"Gerência Regional / GO","861305/2021","Requerimento de Pesquisa - Leilão","Autorização de Pesquisa","44.035.911/0001-20","AXIA MINERACAO S.A","BOM JARDIM DE GOIÁS - GO, PIRANHAS - GO","MINÉRIO DE OURO","Industrial","Sim","26/12/2022"
"Gerência Regional / GO","861036/2021","Requerimento de Autorização de Pesquisa","Autorização de Pesquisa","44.035.911/0001-20","AXIA MINERACAO S.A","CAIAPÔNIA - GO, PIRANHAS - GO","MINÉRIO DE COBRE","Industrial","Sim","03/06/2022"
"Gerência Regional / TO","864518/2021","Requerimento de Pesquisa - Leilão","Autorização de Pesquisa","44.035.911/0001-20","AXIA MINERACAO S.A","JAÚ DO TOCANTINS - TO, MONTIVIDIU DO NORTE - GO","MINÉRIO DE OURO","Industrial","Sim","28/12/2022"
"Gerência Regional / GO","861366/2021","Requerimento de Pesquisa - Oferta Pública ","Autorização de Pesquisa","44.035.911/0001-20","AXIA MINERACAO S.A","PORANGATU - GO","MINÉRIO DE OURO","Industrial","Sim","26/12/2022"
"Gerência Regional / GO","861363/2021","Requerimento de Pesquisa - Oferta Pública ","Autorização de Pesquisa","44.035.911/0001-20","AXIA MINERACAO S.A","FORMOSO - GO","MINÉRIO DE OURO","Industrial","Sim","26/12/2022"
"Gerência Regional / GO","861362/2021","Requerimento de Pesquisa - Leilão","Autorização de Pesquisa","44.035.911/0001-20","AXIA MINERACAO S.A","BOM JARDIM DE GOIÁS - GO","MINÉRIO DE OURO","Industrial","Sim","22/11/2022"
"Gerência Regional / GO","861359/2021","Requerimento de Pesquisa - Leilão","Autorização de Pesquisa","44.035.911/0001-20","AXIA MINERACAO S.A","CAMPINORTE - GO, FORMOSO - GO","MINÉRIO DE OURO","Industrial","Sim","26/12/2022"
"Gerência Regional / GO","861358/2021","Requerimento de Pesquisa - Leilão","Autorização de Pesquisa","44.035.911/0001-20","AXIA MINERACAO S.A","BOM JARDIM DE GOIÁS - GO","FOSFATO, MINÉRIO DE OURO","Fertilizantes, Industrial","Sim","26/12/2022"
"Gerência Regional / GO","861354/2021","Requerimento de Pesquisa - Leilão","Autorização de Pesquisa","44.035.911/0001-20","AXIA MINERACAO S.A","CAVALCANTE - GO","MINÉRIO DE OURO","Industrial","Sim","17/11/2023"
"Gerência Regional / GO","861351/2021","Requerimento de Pesquisa - Leilão","Autorização de Pesquisa","44.035.911/0001-20","AXIA MINERACAO S.A","BOM JARDIM DE GOIÁS - GO, PIRANHAS - GO","MINÉRIO DE OURO","Industrial","Sim","22/11/2022"
"Gerência Regional / GO","861348/2021","Requerimento de Pesquisa - Leilão","Autorização de Pesquisa","44.035.911/0001-20","AXIA MINERACAO S.A","BOM JARDIM DE GOIÁS - GO","MINÉRIO DE OURO","Industrial","Sim","22/11/2022"
"Gerência Regional / GO","861346/2021","Requerimento de Pesquisa - Leilão","Autorização de Pesquisa","44.035.911/0001-20","AXIA MINERACAO S.A","PIRANHAS - GO","FOSFATO, MINÉRIO DE OURO","Fertilizantes, Industrial","Sim","22/11/2022"
"Gerência Regional / GO","861339/2021","Requerimento de Pesquisa - Leilão","Autorização de Pesquisa","44.035.911/0001-20","AXIA MINERACAO S.A","BOM JARDIM DE GOIÁS - GO, PIRANHAS - GO","MINÉRIO DE COBRE","Industrial","Sim","28/07/2022"
"Gerência Regional / GO","861338/2021","Requerimento de Pesquisa - Leilão","Autorização de Pesquisa","44.035.911/0001-20","AXIA MINERACAO S.A","BOM JARDIM DE GOIÁS - GO, PIRANHAS - GO","MINÉRIO DE COBRE","Industrial","Sim","28/07/2022"
"Gerência Regional / GO","861336/2021","Requerimento de Pesquisa - Leilão","Autorização de Pesquisa","44.035.911/0001-20","AXIA MINERACAO S.A","BOM JARDIM DE GOIÁS - GO","MINÉRIO DE OURO","Industrial","Sim","22/11/2022"
"Gerência Regional / GO","861332/2021","Requerimento de Pesquisa - Leilão","Autorização de Pesquisa","44.035.911/0001-20","AXIA MINERACAO S.A","NIQUELÂNDIA - GO","MINÉRIO DE OURO","Industrial","Sim","22/11/2022"
"Gerência Regional / GO","861331/2021","Requerimento de Pesquisa - Leilão","Autorização de Pesquisa","44.035.911/0001-20","AXIA MINERACAO S.A","PIRANHAS - GO","MINÉRIO DE OURO","Industrial","Sim","22/11/2022"
"Gerência Regional / GO","861330/2021","Requerimento de Pesquisa - Leilão","Autorização de Pesquisa","44.035.911/0001-20","AXIA MINERACAO S.A","BOM JARDIM DE GOIÁS - GO, PIRANHAS - GO","MINÉRIO DE OURO","Industrial","Sim","26/12/2022"
"Gerência Regional / GO","861328/2021","Requerimento de Pesquisa - Leilão","Autorização de Pesquisa","44.035.911/0001-20","AXIA MINERACAO S.A","ARENÓPOLIS - GO, PIRANHAS - GO","MINÉRIO DE OURO","Industrial","Sim","26/12/2022"
"Gerência Regional / GO","861311/2016","Requerimento de Autorização de Pesquisa","Autorização de Pesquisa","03.711.710/0001-18","CALBRAS CALCARIO BRASIL LTDA","CAMPINORTE - GO, URUAÇU - GO","MINÉRIO DE OURO","Industrial","Sim","26/12/2022"
"Gerência Regional / GO","860911/2017","Requerimento de Autorização de Pesquisa","Autorização de Pesquisa","37.499.752/0001-59","COOPERATIVA MINERAL DA BACIA DO TAPAJOS DE ITAITUBA - COOPERMIX GOLD","FAINA - GO","MINÉRIO DE OURO","Industrial","Sim","14/09/2021"
"Gerência Regional / GO","860394/2011","Requerimento de Autorização de Pesquisa","Requerimento de Lavra","20.332.915/0001-01","RUBERPAULO PEREIRA DUARTE LTDA","CEZARINA - GO, MAIRIPOTABA - GO","AREIA, MINÉRIO DE OURO","Construção civil, Industrial","Sim","01/09/2020"
"Gerência Regional / GO","860720/2021","Requerimento de Pesquisa - Leilão","Autorização de Pesquisa","37.873.043/0001-91","MINERACAO ATLANTA LTDA","ARAGARÇAS - GO, MONTES CLAROS DE GOIÁS - GO","AREIA, CASCALHO, DIAMANTE","Construção civil, Construção civil, Industrial","Sim","09/06/2026"
"Gerência Regional / GO","860320/2018","Requerimento de Cessão parcial","Requerimento de Lavra","26.418.149/0001-89","KARLA LINA DA CRUZ 02698514108","ANICUNS - GO, NAZÁRIO - GO","AREIA","Construção civil","Sim","16/11/2020"
"Gerência Regional / GO","860134/2016","Requerimento de Disponibilidade para pesquisa","Autorização de Pesquisa","35.138.169/0001-97","E2 MINERAIS E FERTILIZANTES LTDA","JUSSARA - GO","FOSFATO, MINÉRIO DE NÍQUEL, SIENITO","Fertilizantes, Industrial, Revestimento","Sim","04/09/2025"
"Gerência Regional / GO","860362/2017","Requerimento de Autorização de Pesquisa","Requerimento de Lavra","09.008.381/0001-20","FERRAGENS E AGROPECUARIA JOAO DE BARRO LTDA","LUZIÂNIA - GO, ORIZONA - GO","AREIA, CASCALHO, MINÉRIO DE OURO","Construção civil, Construção civil, Industrial","Sim","22/10/2020"
"Gerência Regional / GO","860517/2020","Requerimento de Autorização de Pesquisa","Requerimento de Lavra","35.288.553/0001-76","AGUIA EXTRACAO E COMERCIO DE AREIAS LTDA","ITAPURANGA - GO","AREIA","Construção civil","Sim","25/02/2025"
"Gerência Regional / GO","860589/2016","Requerimento de Lavra Garimpeira","Lavra Garimpeira","***.622.311-**","Benner Richard  Soares Santos","FAZENDA NOVA - GO, ISRAELÂNDIA - GO","DIAMANTE","Industrial","Sim","20/05/2026"
"Gerência Regional / GO","860228/2020","Requerimento de Autorização de Pesquisa","Autorização de Pesquisa","***.636.381-**","Gustavo Pereira da Costa","PANAMÁ - GO","MINÉRIO DE OURO","Industrial","Sim","07/10/2021"
"Gerência Regional / GO","860946/2018","Requerimento de Autorização de Pesquisa","Autorização de Pesquisa","39.858.026/0001-00","GPS ROCHAS ORNAMENTAIS LTDA","MIMOSO DE GOIÁS - GO","QUARTZITO","Revestimento","Sim","25/02/2021"
"Gerência Regional / GO","861610/2021","Requerimento de Autorização de Pesquisa","Autorização de Pesquisa","03.548.771/0001-06","FB FORNECEDORA BESERRA LTDA","CRIXÁS - GO, MOZARLÂNDIA - GO, NOVA CRIXÁS - GO","AREIA, OURO","Construção civil, Industrial","Sim","17/03/2026"
"Gerência Regional / GO","860928/2018","Requerimento de Mudança de Regime para Aut. de Pesquisa","Autorização de Pesquisa","***.947.001-**","GUILHERME FELIPE LABONDE","PORTELÂNDIA - GO","CALCÁRIO","Corretivo de solo","Sim","13/10/2021"
"Gerência Regional / GO","860548/2016","Requerimento de Lavra Garimpeira","Lavra Garimpeira","***.306.601-**","WELITON FERREIRA DORNELIS","FAZENDA NOVA - GO, ISRAELÂNDIA - GO","DIAMANTE","Industrial","Sim","24/05/2021"
"Gerência Regional / GO","860587/2017","Requerimento de Autorização de Pesquisa","Requerimento de Lavra","03.163.210/0004-31","SARKIS MINERACAO LTDA","VILA PROPÍCIO - GO","CALCÁRIO CALCÍTICO, CALCÁRIO DOLOMÍTICO","Corretivo de solo, Fabricação de cal","Sim","27/12/2023"
"Gerência Regional / GO","860566/2018","Requerimento de Autorização de Pesquisa","Concessão de Lavra","41.042.751/0001-58","MINERADORA RIO DOCE LTDA","APARECIDA DO RIO DOCE - GO, JATAÍ - GO","AREIA","Construção civil","Sim","10/05/2021"
"Gerência Regional / GO","860741/2020","Requerimento de Autorização de Pesquisa","Autorização de Pesquisa","29.359.499/0001-00","DRANAP - DRAGA NOSSA SENHORA APARECIDA LTDA","JOVIÂNIA - GO, MORRINHOS - GO","AREIA, DIAMANTE","Construção civil, Industrial","Sim","13/04/2021"
"Gerência Regional / GO","860589/2018","Requerimento de Autorização de Pesquisa","Autorização de Pesquisa","35.051.505/0001-60","COOPERATIVA HABITACIONAL DOS SERVIDORES PUBLICOS - COOHSEP","BELA VISTA DE GOIÁS - GO","ÁGUA MINERAL","Engarrafamento","Sim","24/05/2021"
"Gerência Regional / GO","860364/2018","Requerimento de Autorização de Pesquisa","Autorização de Pesquisa","***.807.161-**","Thiago Camargo Munhoz ","SÃO DOMINGOS - GO","MINÉRIO DE OURO","Industrial","Sim","10/05/2021"
"Gerência Regional / GO","860743/2018","Requerimento de Autorização de Pesquisa","Requerimento de Lavra","19.017.399/0001-41","A R DA SILVA - AREIAL SERRADINHO","SANCLERLÂNDIA - GO, SÃO LUÍS DE MONTES BELOS - GO","AREIA, DIAMANTE","Construção civil, Industrial","Sim","27/12/2023"
"Gerência Regional / GO","860764/2019","Requerimento de Autorização de Pesquisa","Autorização de Pesquisa","***.673.901-**","Anna Isadora Coimbra de Oliveira","NIQUELÂNDIA - GO","MINÉRIO DE OURO","Industrial","Sim","24/08/2021"
"Gerência Regional / GO","860905/2018","Requerimento de Disponibilidade para pesquisa","Concessão de Lavra","41.503.362/0001-82","JAIR BUENO DA SILVA 14711770178","CRIXÁS - GO, GUARINOS - GO","AREIA","Construção civil","Sim","16/06/2021"
"Gerência Regional / GO","861227/2022","Requerimento de Autorização de Pesquisa","Autorização de Pesquisa","41.905.701/0001-57","MIREP EMPREENDIMENTOS S/A","MONTIVIDIU DO NORTE - GO","MINÉRIO DE OURO","Industrial","Sim","14/04/2026"
"Gerência Regional / GO","862854/2011","Requerimento de Cessão parcial","Requerimento de Lavra","10.767.496/0001-87","CANAA EMPREENDIMENTOS EIRELI","CACHOEIRA DE GOIÁS - GO","AREIA","Construção civil","Sim","07/10/2021"
"Gerência Regional / GO","860204/2017","Requerimento de Autorização de Pesquisa","Concessão de Lavra","39.145.951/0001-94","ANGELO E QUEIROZ LTDA","CASTELÂNDIA - GO, MAURILÂNDIA - GO","ÁGUA MINERAL","Engarrafamento","Sim","14/09/2021"
"Gerência Regional / GO","860539/2019","Requerimento de Autorização de Pesquisa","Autorização de Pesquisa","42.472.247/0001-50","CALCARIO TECNOCAL LTDA","RIO VERDE - GO","MINÉRIO DE COBRE","Industrial","Sim","24/08/2021"
"Gerência Regional / GO","861877/2010","Requerimento de Cessão parcial","Concessão de Lavra","42.145.404/0001-13","TWXX MINERACAO LTDA","NIQUELÂNDIA - GO","AREIA, CASCALHO, MINÉRIO DE OURO","Construção civil, Construção civil, Industrial","Sim","31/12/2021"
"Gerência Regional / GO","861436/2024","Requerimento de Pesquisa - Leilão","Autorização de Pesquisa","36.996.159/0001-55","MILK DISCOVERY GEMAS LTDA","NIQUELÂNDIA - GO","MINÉRIO DE FERRO","Industrial","Sim","09/06/2026"
"Gerência Regional / GO","861040/2022","Requerimento de Pesquisa - Leilão","Autorização de Pesquisa","***.822.001-**","ADIEL GUIMARAES FERREIRA SWTAIR FERNANDES","ÁGUAS LINDAS DE GOIÁS - GO, COCALZINHO DE GOIÁS - GO","AREIA, ARGILA, CALCÁRIO, MINÉRIO DE OURO","Construção civil, Construção civil, Fabricação de cimento, Industrial","Sim","14/11/2024"
"Gerência Regional / GO","860913/2023","Requerimento de Autorização de Pesquisa","Autorização de Pesquisa","40.098.698/0001-44","R.J. EXTRACAO DE AREIA LTDA","NOVA IGUAÇU DE GOIÁS - GO","GNAISSE, MINÉRIO DE OURO","Brita, Industrial","Sim","22/01/2025"
"Gerência Regional / GO","860476/2017","Requerimento de Autorização de Pesquisa","Autorização de Pesquisa","42.468.018/0001-62","MINERADORA PEDRA VIVA LTDA","CATURAÍ - GO","ANFIBOLITO","Revestimento","Sim","26/10/2021"
"Gerência Regional / GO","860639/2022","Requerimento de Cessão parcial","Direito de Requerer a Lavra","14.751.509/0001-80","MINERADORA E TRANSPORTADORA 3 PODERES LTDA","IPAMERI - GO, PIRES DO RIO - GO","AREIA","Construção civil","Sim","30/03/2026"
"Gerência Regional / GO","861127/2021","Requerimento de Autorização de Pesquisa","Autorização de Pesquisa","***.385.931-**","PEDRO ELIAS FERREIRA LIMA","SANTA TEREZINHA DE GOIÁS - GO, UIRAPURU - GO","AREIA, DIAMANTE","Construção civil, Industrial","Sim","24/11/2023"
"Gerência Regional / GO","861103/2010","Requerimento de Cessão parcial","Concessão de Lavra","15.132.316/0001-04","OURO BRANCO TRANSPORTES E MINERACAO LTDA","NIQUELÂNDIA - GO","AREIA, CASCALHO, MINÉRIO DE OURO","Construção civil, Construção civil, Industrial","Sim","16/11/2012"
"Gerência Regional / GO","860588/2017","Requerimento de Autorização de Pesquisa","Requerimento de Lavra","43.095.209/0001-99","CALCARIO IMPERIO LTDA","PIRENÓPOLIS - GO, VILA PROPÍCIO - GO","CALCÁRIO CALCÍTICO, CALCÁRIO DOLOMÍTICO","Corretivo de solo, Corretivo de solo","Sim","07/10/2021"
"Gerência Regional / GO","861046/2012","Requerimento de Autorização de Pesquisa","Requerimento de Lavra","73.621.831/0001-54","FERNANDO GONCALVES","EDEALINA - GO, PONTALINA - GO","AREIA","Construção civil","Sim","03/03/2023"
"Gerência Regional / GO","861142/2021","Requerimento de Pesquisa - Leilão","Requerimento de Lavra","43.513.516/0001-42","AREIAL DUNAS LTDA","CÓRREGO DO OURO - GO, SANCLERLÂNDIA - GO","AREIA","Construção civil","Sim","22/11/2021"
"Gerência Regional / GO","861041/2022","Requerimento de Pesquisa - Leilão","Autorização de Pesquisa","***.449.811-**","KLEYTON CANDIDO MONTEIRO","PARAÚNA - GO","MINÉRIO DE OURO","Industrial","Sim","24/11/2023"
"Gerência Regional / GO","861319/2012","Requerimento de Disponibilidade para pesquisa","Requerimento de Lavra","43.294.058/0001-06","MINERADORA INDAIA LTDA","VILA PROPÍCIO - GO","CALCÁRIO, MINÉRIO DE OURO","Corretivo de solo, Industrial","Sim","29/05/2025"
"Gerência Regional / GO","861283/2015","Requerimento de Disponibilidade para pesquisa","Concessão de Lavra","37.875.374/0001-60","MINERADORA PICO DA GEMA LTDA","GOIANÉSIA - GO","GRANITO, MINÉRIO DE OURO","Brita, Industrial","Sim","16/12/2021"
"Gerência Regional / GO","861691/2021","Requerimento de Pesquisa - Leilão","Autorização de Pesquisa","***.653.111-**","HILTON BENTO DE BARROS","CAMPOS VERDES - GO, MARA ROSA - GO, SANTA TEREZINHA DE GOIÁS - GO","AREIA, MINÉRIO DE OURO","Construção civil, Industrial","Sim","19/09/2024"
"Gerência Regional / GO","860033/2022","Requerimento de Cessão parcial","Autorização de Pesquisa","24.832.792/0001-29","WENNER GERALDO ALVARENGA","FORMOSA - GO","AREIA, CASCALHO, MINÉRIO DE OURO","Construção civil, Construção civil, Industrial","Sim","24/11/2023"
"Gerência Regional / GO","860099/2022","Requerimento de Cessão parcial","Autorização de Pesquisa","43.966.286/0001-77","SDM DO BRASIL MINERACAO AU LTDA","NIQUELÂNDIA - GO","MINÉRIO DE OURO","Industrial","Sim","07/03/2024"
"Gerência Regional / GO","860826/2021","Requerimento de Autorização de Pesquisa","Autorização de Pesquisa","44.287.462/0001-07","MINERADORA FARIA LTDA","CRIXÁS - GO, GUARINOS - GO, ITAPACI - GO","AREIA, MINÉRIO DE OURO","Construção civil, Industrial","Sim","31/12/2021"
"Gerência Regional / GO","860386/2020","Requerimento de Autorização de Pesquisa","Autorização de Pesquisa","44.557.880/0001-77","PALMARES ESTUDOS GEOLOGICOS LTDA","ARENÓPOLIS - GO","MINÉRIO DE FERRO","Industrial","Sim","27/01/2026"
"Gerência Regional / GO","861687/2021","Requerimento de Mudança de Regime para Aut. de Pesquisa","Autorização de Pesquisa","27.565.439/0001-18","AMARO GOLD COMERCIO E SERVICOS LTDA","NIQUELÂNDIA - GO","MINÉRIO DE OURO, QUARTZO, QUARTZO, QUARTZO","Artesanato  mineral, Gema, Industrial, Industrial","Sim","05/08/2022"
"Gerência Regional / GO","860416/2020","Requerimento de Mudança de Regime para Aut. de Pesquisa","Requerimento de Lavra","45.000.894/0001-58","PANTANAL EXTRACAO DE AREIA LTDA","GOIÁS - GO, ITAPIRAPUÃ - GO","AREIA","Construção civil","Sim","29/03/2022"
"Gerência Regional / GO","860354/2015","Requerimento de Autorização de Pesquisa","Concessão de Lavra","11.415.113/0001-74","FERNANDO ALVES SERAFIM","RIALMA - GO","GNAISSE, GRANITO","Brita, Brita","Sim","08/03/2022"
"Gerência Regional / GO","861326/2021","Requerimento de Pesquisa - Leilão","Autorização de Pesquisa","44.035.911/0001-20","AXIA MINERACAO S.A","BOM JARDIM DE GOIÁS - GO","FOSFATO, MINÉRIO DE OURO","Fertilizantes, Industrial","Sim","17/11/2023"
"Gerência Regional / GO","861357/2016","Requerimento de Autorização de Pesquisa","Autorização de Pesquisa","03.711.710/0001-18","CALBRAS CALCARIO BRASIL LTDA","URUAÇU - GO","CALCÁRIO","Revestimento","Sim","01/02/2023"
"Gerência Regional / GO","860327/2017","Requerimento de Autorização de Pesquisa","Autorização de Pesquisa","32.714.483/0001-82","M.R. PEREIRA EIRELI","NAZÁRIO - GO, PALMEIRAS DE GOIÁS - GO, SANTA BÁRBARA DE GOIÁS - GO","ARGILA, ARGILA","Cerâmica vermelha, Industrial","Sim","03/05/2022"
"Gerência Regional / GO","860195/2016","Requerimento de Autorização de Pesquisa","Autorização de Pesquisa","32.714.483/0001-82","M.R. PEREIRA EIRELI","CAMPESTRE DE GOIÁS - GO, PALMEIRAS DE GOIÁS - GO, SANTA BÁRBARA DE GOIÁS - GO","ARGILA, ILMENITA","Cerâmica vermelha, Industrial","Sim","03/05/2022"
"Gerência Regional / GO","861141/2010","Requerimento de Autorização de Pesquisa","Concessão de Lavra","32.714.483/0001-82","M.R. PEREIRA EIRELI","SANTA BÁRBARA DE GOIÁS - GO","AREIA, ARGILA, CAULIM","Cerâmica vermelha, Construção civil, Industrial","Sim","30/04/2024"
"Gerência Regional / GO","861103/2021","Requerimento de Autorização de Pesquisa","Autorização de Pesquisa","46.168.638/0001-37","MINERADORA HAVILAH IMPORTACAO E EXPORTACAO LTDA","CAVALCANTE - GO","MINÉRIO DE OURO, MINÉRIO DE PALÁDIO","Industrial, Industrial","Sim","05/08/2022"
"Gerência Regional / GO","860324/2022","Requerimento de Autorização de Pesquisa","Autorização de Pesquisa","46.168.638/0001-37","MINERADORA HAVILAH IMPORTACAO E EXPORTACAO LTDA","BARRO ALTO - GO","MINÉRIO DE NÍQUEL","Industrial","Sim","28/07/2022"
"Gerência Regional / GO","860592/2024","Requerimento de Disponibilidade para Pesquisa - Cumprimento Exigência","Autorização de Pesquisa","20.281.112/0001-75","NEILSON GONCALVES DE ALMEIDA JUNIOR","JATAÍ - GO","AREIA, CASCALHO, DIAMANTE","Construção civil, Construção civil, Industrial","Sim","14/11/2024"
"Gerência Regional / GO","860253/2004","Requerimento de Autorização de Pesquisa","Requerimento de Lavra","20.281.112/0001-75","NEILSON GONCALVES DE ALMEIDA JUNIOR","JATAÍ - GO","AREIA, ARGILA, MINÉRIO DE OURO","Construção civil, Construção civil, Metalurgia","Sim","27/02/2020"
"Gerência Regional / GO","861115/2021","Requerimento de Autorização de Pesquisa","Direito de Requerer a Lavra","20.281.112/0001-75","NEILSON GONCALVES DE ALMEIDA JUNIOR","DIORAMA - GO, IPORÁ - GO","AREIA","Construção civil","Sim","31/07/2023"
"Gerência Regional / TO","864186/2022","Requerimento de Disponibilidade para Pesquisa - Cumprimento Exigência","Autorização de Pesquisa","45.554.639/0001-57","DELTA MINERACAO E EXPORTACAO LTDA","CAVALCANTE - GO, PARANÃ - TO","MINÉRIO DE MANGANÊS","Industrial","Sim","28/01/2025"
"Gerência Regional / TO","864675/2021","Requerimento de Autorização de Pesquisa","Autorização de Pesquisa","45.554.639/0001-57","DELTA MINERACAO E EXPORTACAO LTDA","CAVALCANTE - GO, PARANÃ - TO","GRAFITA, MINÉRIO DE COBRE, MINÉRIO DE ESTANHO, MINÉRIO DE MANGANÊS, MINÉRIO DE NIÓBIO, MINÉRIO DE OURO","Industrial, Industrial, Industrial, Industrial, Industrial, Industrial","Sim","20/05/2022"
"Gerência Regional / TO","864673/2021","Requerimento de Autorização de Pesquisa","Autorização de Pesquisa","45.554.639/0001-57","DELTA MINERACAO E EXPORTACAO LTDA","CAVALCANTE - GO, PARANÃ - TO","GRAFITA, MINÉRIO DE COBRE, MINÉRIO DE ESTANHO, MINÉRIO DE MANGANÊS, MINÉRIO DE NIÓBIO, MINÉRIO DE OURO","Industrial, Industrial, Industrial, Industrial, Industrial, Industrial","Sim","20/05/2022"
"Gerência Regional / TO","864670/2021","Requerimento de Autorização de Pesquisa","Autorização de Pesquisa","45.554.639/0001-57","DELTA MINERACAO E EXPORTACAO LTDA","CAVALCANTE - GO, PARANÃ - TO","GRAFITA, MINÉRIO DE COBRE, MINÉRIO DE ESTANHO, MINÉRIO DE MANGANÊS, MINÉRIO DE OURO","Industrial, Industrial, Industrial, Industrial, Industrial","Sim","20/05/2022"
"Gerência Regional / GO","861781/2021","Requerimento de Autorização de Pesquisa","Autorização de Pesquisa","46.150.947/0001-80","PINTO SAMERCA MINERACAO E EXPORTACAO LTDA","CAVALCANTE - GO","GRAFITA, MINÉRIO DE COBRE, MINÉRIO DE ESTANHO, MINÉRIO DE MANGANÊS, MINÉRIO DE NIÓBIO, MINÉRIO DE OURO","Industrial, Industrial, Industrial, Industrial, Industrial, Industrial","Sim","13/06/2024"
"Gerência Regional / GO","860190/2004","Requerimento de Autorização de Pesquisa","Concessão de Lavra","45.701.942/0001-35","AREAL PARANAIBA LTDA","ANHANGUERA - GO, ARAGUARI - MG","AREIA, DIAMANTE INDUSTRIAL","Construção civil, Industrial","Sim","23/09/2022"
"Gerência Regional / MG","833696/1996","Requerimento de Autorização de Pesquisa","Requerimento de Lavra","45.701.942/0001-35","AREAL PARANAIBA LTDA","ANHANGUERA - GO, ARAGUARI - MG","AREIA","Demais substâncias","Sim","10/07/2006"
"Gerência Regional / MG","832039/2021","Requerimento de Pesquisa - Leilão","Autorização de Pesquisa","45.701.942/0001-35","AREAL PARANAIBA LTDA","ARAGUARI - MG, CORUMBAÍBA - GO, TUPACIGUARA - MG","AREIA, CASCALHO, DIAMANTE","Construção civil, Construção civil, Industrial","Sim","22/02/2023"
"Gerência Regional / MG","832004/2021","Requerimento de Lavra - Leilão","Requerimento de Lavra","45.701.942/0001-35","AREAL PARANAIBA LTDA","ARAGUARI - MG, CUMARI - GO","AREIA","Construção civil","Sim","16/06/2023"
"Gerência Regional / MG","831925/1997","Requerimento de Autorização de Pesquisa","Requerimento de Lavra","45.701.942/0001-35","AREAL PARANAIBA LTDA","ARAGUARI - MG, CORUMBAÍBA - GO","AREIA, CASCALHO, DIAMANTE INDUSTRIAL","Demais substâncias, Demais substâncias, Demais substâncias","Sim","13/12/2022"
"Gerência Regional / MG","831924/1997","Requerimento de Autorização de Pesquisa","Requerimento de Lavra","45.701.942/0001-35","AREAL PARANAIBA LTDA","ARAGUARI - MG, CORUMBAÍBA - GO","AREIA, CASCALHO, DIAMANTE INDUSTRIAL","Demais substâncias, Demais substâncias, Demais substâncias","Sim","30/03/2009"
"Gerência Regional / MG","830922/1998","Requerimento de Autorização de Pesquisa","Concessão de Lavra","45.701.942/0001-35","AREAL PARANAIBA LTDA","ARAGUARI - MG, CUMARI - GO","AREIA","Demais substâncias","Sim","16/06/2023"
"Gerência Regional / MG","830609/1998","Requerimento de Autorização de Pesquisa","Requerimento de Lavra","45.701.942/0001-35","AREAL PARANAIBA LTDA","ARAGUARI - MG, CUMARI - GO","AREIA","Demais substâncias","Sim","09/06/2006"
"Gerência Regional / MG","830553/1996","Requerimento de Autorização de Pesquisa","Concessão de Lavra","45.701.942/0001-35","AREAL PARANAIBA LTDA","ARAGUARI - MG, CUMARI - GO","AREIA","Demais substâncias","Sim","06/11/2009"
"Gerência Regional / GO","860623/2020","Requerimento de Autorização de Pesquisa","Autorização de Pesquisa","45.701.942/0001-35","AREAL PARANAIBA LTDA","CUMARI - GO","AREIA, CASCALHO","Construção civil, Construção civil","Sim","31/03/2023"
"Gerência Regional / GO","860602/2013","Requerimento de Cessão parcial","Concessão de Lavra","45.701.942/0001-35","AREAL PARANAIBA LTDA","ARAGUARI - MG, CUMARI - GO","AREIA, CASCALHO, DIAMANTE","Construção civil, Construção civil, Industrial","Sim","22/11/2022"
"Gerência Regional / GO","860601/2013","Requerimento de Cessão parcial","Concessão de Lavra","45.701.942/0001-35","AREAL PARANAIBA LTDA","ARAGUARI - MG, CUMARI - GO","AREIA, CASCALHO, DIAMANTE","Construção civil, Construção civil, Industrial","Sim","22/11/2022"
"Gerência Regional / GO","861060/2021","Requerimento de Autorização de Pesquisa","Autorização de Pesquisa","46.263.586/0001-88","FNA MINERADORA IMPORTACAO E EXPORTACAO LTDA","GUARAÍTA - GO, ITAPURANGA - GO","MANGANÊS, MINÉRIO DE FERRO, MINÉRIO DE OURO","Industrial, Industrial, Industrial","Sim","21/06/2022"
"Gerência Regional / GO","860175/2022","Requerimento de Autorização de Pesquisa","Autorização de Pesquisa","46.263.586/0001-88","FNA MINERADORA IMPORTACAO E EXPORTACAO LTDA","ITAPURANGA - GO","MINÉRIO DE FERRO, MINÉRIO DE OURO","Industrial, Industrial","Sim","15/04/2024"
"Gerência Regional / GO","860673/2021","Requerimento de Pesquisa - Leilão","Autorização de Pesquisa","46.585.536/0001-17","BRAZIL MINING IMPORTACAO E EXPORTACAO LTDA","NIQUELÂNDIA - GO","MINÉRIO DE OURO","Industrial","Sim","17/11/2023"
"Gerência Regional / GO","860663/2021","Requerimento de Pesquisa - Leilão","Autorização de Pesquisa","46.585.536/0001-17","BRAZIL MINING IMPORTACAO E EXPORTACAO LTDA","NIQUELÂNDIA - GO","MINÉRIO DE OURO","Industrial","Sim","17/11/2023"
"Gerência Regional / GO","860660/2021","Requerimento de Pesquisa - Leilão","Autorização de Pesquisa","46.585.536/0001-17","BRAZIL MINING IMPORTACAO E EXPORTACAO LTDA","NIQUELÂNDIA - GO","MINÉRIO DE OURO","Industrial","Sim","17/11/2023"
"Gerência Regional / GO","860657/2021","Requerimento de Pesquisa - Leilão","Autorização de Pesquisa","46.585.536/0001-17","BRAZIL MINING IMPORTACAO E EXPORTACAO LTDA","NIQUELÂNDIA - GO","MINÉRIO DE OURO","Industrial","Sim","17/11/2023"
"Gerência Regional / GO","860730/2019","Requerimento de Autorização de Pesquisa","Autorização de Pesquisa","46.585.536/0001-17","BRAZIL MINING IMPORTACAO E EXPORTACAO LTDA","NIQUELÂNDIA - GO","MINÉRIO DE OURO","Industrial","Sim","03/03/2023"
"Gerência Regional / GO","860692/2021","Requerimento de Pesquisa - Leilão","Autorização de Pesquisa","46.585.536/0001-17","BRAZIL MINING IMPORTACAO E EXPORTACAO LTDA","NIQUELÂNDIA - GO","MINÉRIO DE OURO","Industrial","Sim","17/11/2023"
"Gerência Regional / GO","860691/2021","Requerimento de Pesquisa - Leilão","Autorização de Pesquisa","46.585.536/0001-17","BRAZIL MINING IMPORTACAO E EXPORTACAO LTDA","NIQUELÂNDIA - GO","MINÉRIO DE OURO","Industrial","Sim","17/11/2023"
"Gerência Regional / GO","860689/2021","Requerimento de Pesquisa - Leilão","Autorização de Pesquisa","46.585.536/0001-17","BRAZIL MINING IMPORTACAO E EXPORTACAO LTDA","NIQUELÂNDIA - GO","MINÉRIO DE OURO","Industrial","Sim","17/11/2023"
"Gerência Regional / GO","860688/2021","Requerimento de Pesquisa - Leilão","Autorização de Pesquisa","46.585.536/0001-17","BRAZIL MINING IMPORTACAO E EXPORTACAO LTDA","NIQUELÂNDIA - GO","MINÉRIO DE OURO","Industrial","Sim","17/11/2023"
"Gerência Regional / GO","860687/2022","Requerimento de Mudança de Regime para Aut. de Pesquisa","Autorização de Pesquisa","46.585.536/0001-17","BRAZIL MINING IMPORTACAO E EXPORTACAO LTDA","NIQUELÂNDIA - GO","MINÉRIO DE OURO","Industrial","Sim","24/11/2023"
"Gerência Regional / GO","860683/2021","Requerimento de Pesquisa - Leilão","Autorização de Pesquisa","46.585.536/0001-17","BRAZIL MINING IMPORTACAO E EXPORTACAO LTDA","NIQUELÂNDIA - GO","MINÉRIO DE OURO","Industrial","Sim","17/11/2023"
"Gerência Regional / GO","860106/2019","Requerimento de Cessão parcial","Requerimento de Lavra","46.220.818/0001-10","BRASIL CENTRAL MINERACAO LTDA","PADRE BERNARDO - GO","ARENITO, QUARTZITO","Construção civil, Revestimento","Sim","11/08/2022"
"Gerência Regional / GO","860105/2019","Requerimento de Cessão parcial","Requerimento de Lavra","46.220.818/0001-10","BRASIL CENTRAL MINERACAO LTDA","PADRE BERNARDO - GO","ARENITO, QUARTZITO","Construção civil, Revestimento","Sim","11/08/2022"
"Gerência Regional / GO","861721/2012","Requerimento de Autorização de Pesquisa","Direito de Requerer a Lavra","46.220.818/0001-10","BRASIL CENTRAL MINERACAO LTDA","PADRE BERNARDO - GO","FILITO, QUARTZITO, QUARTZITO","Construção civil, Industrial, Revestimento","Sim","12/12/2023"
"Gerência Regional / GO","861720/2012","Requerimento de Autorização de Pesquisa","Requerimento de Lavra","46.220.818/0001-10","BRASIL CENTRAL MINERACAO LTDA","PADRE BERNARDO - GO","AREIA, QUARTZITO, QUARTZITO","Construção civil, Industrial, Revestimento","Sim","11/08/2022"
"Gerência Regional / GO","861057/2021","Requerimento de Autorização de Pesquisa","Autorização de Pesquisa","46.007.840/0001-87","MINERADORA COLINAS DO SUL LTDA","COLINAS DO SUL - GO","MINÉRIO DE FERRO","Industrial","Sim","26/12/2022"
"Gerência Regional / GO","860096/1986","Requerimento de Autorização de Pesquisa","Concessão de Lavra","14.304.566/0001-11","PROSPECTOR MINERALS LTDA","FAINA - GO","MINÉRIO DE OURO","Industrial","Sim","18/09/2017"
"Gerência Regional / GO","860051/2012","Requerimento de Disponibilidade para pesquisa","Autorização de Pesquisa","14.304.566/0001-11","PROSPECTOR MINERALS LTDA","FAINA - GO","MINÉRIO DE OURO","Industrial","Sim","17/03/2026"
"Gerência Regional / GO","760742/1996","Requerimento de Autorização de Pesquisa","Requerimento de Lavra","14.304.566/0001-11","PROSPECTOR MINERALS LTDA","FAINA - GO","OURO","Demais substâncias","Sim","21/08/2017"
"Gerência Regional / GO","861586/2009","Requerimento de Disponibilidade para pesquisa","Direito de Requerer a Lavra","14.304.566/0001-11","PROSPECTOR MINERALS LTDA","FAINA - GO","MINÉRIO DE OURO","Industrial","Sim","29/03/2012"
"Gerência Regional / GO","860404/2013","Requerimento de Disponibilidade para pesquisa","Autorização de Pesquisa","14.304.566/0001-11","PROSPECTOR MINERALS LTDA","FAINA - GO","CALCÁRIO, MINÉRIO DE OURO","Corretivo de solo, Industrial","Sim","04/08/2025"
"Gerência Regional / GO","860368/1995","Requerimento de Autorização de Pesquisa","Concessão de Lavra","14.304.566/0001-11","PROSPECTOR MINERALS LTDA","FAINA - GO","MINÉRIO DE OURO","Demais substâncias","Sim","23/04/2002"
"Gerência Regional / GO","860508/2022","Requerimento de Autorização de Pesquisa","Autorização de Pesquisa","***.703.191-**","EVELYNNE RODRIGUES SOARES","NIQUELÂNDIA - GO","MINÉRIO DE MANGANÊS","Industrial","Sim","07/03/2024"
"Gerência Regional / GO","860504/2022","Requerimento de Autorização de Pesquisa","Autorização de Pesquisa","***.703.191-**","EVELYNNE RODRIGUES SOARES","NIQUELÂNDIA - GO","MANGANÊS","Industrial","Sim","07/03/2024"
"Gerência Regional / GO","860486/2018","Requerimento de Autorização de Pesquisa","Autorização de Pesquisa","***.751.878-**","MARCO ANTONIO CHAIM","NIQUELÂNDIA - GO","CALCÁRIO CALCÍTICO","Fabricação de cimento","Sim","03/03/2023"
"Gerência Regional / GO","860369/2018","Requerimento de Autorização de Pesquisa","Autorização de Pesquisa","***.751.878-**","MARCO ANTONIO CHAIM","NIQUELÂNDIA - GO","CALCÁRIO CALCÍTICO","Fabricação de cimento","Sim","14/11/2024"
"Gerência Regional / GO","860482/2003","Requerimento de Autorização de Pesquisa","Concessão de Lavra","37.813.440/0001-78","COMERCIAL AREIA SAO SEBASTIAO LTDA","JATAÍ - GO","AREIA","Construção civil","Sim","30/08/2004"
"Gerência Regional / GO","860479/2003","Requerimento de Autorização de Pesquisa","Concessão de Lavra","34.031.776/0001-90","VALE DO RIO VERDE COMERCIO DE MATERIAIS PARA CONSTRUCAO EIRELI","JATAÍ - GO","AREIA","Construção civil","Sim","07/01/2005"
"Gerência Regional / GO","862164/2005","Requerimento de Autorização de Pesquisa","Concessão de Lavra","34.031.776/0001-90","VALE DO RIO VERDE COMERCIO DE MATERIAIS PARA CONSTRUCAO EIRELI","JATAÍ - GO","AREIA, MINÉRIO DE OURO","Construção civil, Industrial","Sim","31/07/2023"
"Gerência Regional / GO","860021/2023","Requerimento de Autorização de Pesquisa","Autorização de Pesquisa","48.103.180/0001-63","CONSTRUTORA LOPES RIBEIRO LTDA","MONTE ALEGRE DE GOIÁS - GO, NOVA ROMA - GO","AREIA, CASCALHO, CASSITERITA, MINÉRIO DE OURO","Construção civil, Construção civil, Industrial, Industrial","Sim","28/04/2023"
"Gerência Regional / GO","860020/2023","Requerimento de Autorização de Pesquisa","Autorização de Pesquisa","48.103.180/0001-63","CONSTRUTORA LOPES RIBEIRO LTDA","MONTE ALEGRE DE GOIÁS - GO","AREIA, CASCALHO, CASSITERITA, OURO","Construção civil, Construção civil, Industrial, Industrial","Sim","28/04/2023"
"Gerência Regional / GO","860301/2017","Requerimento de Autorização de Pesquisa","Requerimento de Lavra","48.057.659/0001-00","ACLARA RESOURCES MINERACAO LTDA.","NOVA ROMA - GO","CASSITERITA, FLUORITA, TERRAS RARAS","Industrial, Industrial, Industrial","Sim","09/04/2024"
"Gerência Regional / GO","860190/2017","Requerimento de Autorização de Pesquisa","Requerimento de Lavra","48.057.659/0001-00","ACLARA RESOURCES MINERACAO LTDA.","MONTE ALEGRE DE GOIÁS - GO, NOVA ROMA - GO","CASSITERITA, FLUORITA, TERRAS RARAS","Industrial, Industrial, Industrial","Sim","09/04/2024"
"Gerência Regional / GO","861270/2015","Requerimento de Autorização de Pesquisa","Requerimento de Lavra","48.057.659/0001-00","ACLARA RESOURCES MINERACAO LTDA.","NOVA ROMA - GO","CASSITERITA, ILMENITA, TERRAS RARAS","Industrial, Industrial, Industrial","Sim","05/01/2021"
"Gerência Regional / GO","861019/2022","Requerimento de Pesquisa - Leilão","Autorização de Pesquisa","48.057.659/0001-00","ACLARA RESOURCES MINERACAO LTDA.","MONTE ALEGRE DE GOIÁS - GO","ILMENITA","Industrial","Sim","09/04/2024"
"Gerência Regional / GO","860447/2021","Requerimento de Autorização de Pesquisa","Autorização de Pesquisa","44.514.957/0001-21","PORTECAL N.S.A INDUSTRIA E COMERCIO LTDA","MINEIROS - GO, PORTELÂNDIA - GO","CALCÁRIO","Corretivo de solo","Sim","17/11/2023"
"Gerência Regional / GO","860504/2021","Requerimento de Autorização de Pesquisa","Autorização de Pesquisa","48.329.277/0001-99","MINERADORA CANAA LTDA","NIQUELÂNDIA - GO","MINÉRIO DE OURO","Industrial","Sim","29/05/2025"
"Gerência Regional / GO","861389/2016","Requerimento de Autorização de Pesquisa","Autorização de Pesquisa","13.929.595/0001-06","FORTE COMERCIO DE IMPORTACAO E EXPORTACAO LTDA","FAINA - GO","MINÉRIO DE OURO","Industrial","Sim","04/08/2025"
"Gerência Regional / GO","805985/1971","Requerimento de Autorização de Pesquisa","Concessão de Lavra","48.656.146/0001-16","MINERACAO MACEDO LTDA","NIQUELÂNDIA - GO","COBALTO, COBRE, NÍQUEL","Demais substâncias, Demais substâncias, Demais substâncias","Sim","26/01/2007"
"Gerência Regional / GO","805985/1971","Requerimento de Autorização de Pesquisa","Concessão de Lavra","48.656.146/0001-16","MINERACAO MACEDO LTDA","NIQUELÂNDIA - GO","COBALTO, COBRE, NÍQUEL","Demais substâncias, Demais substâncias, Demais substâncias","Sim","02/10/2018"
"Gerência Regional / GO","002019/1939","Requerimento de Manifesto de Mina","Concessão de Lavra","48.656.146/0001-16","MINERACAO MACEDO LTDA","NIQUELÂNDIA - GO","COBALTO, COBRE, NÍQUEL","Demais substâncias, Demais substâncias, Demais substâncias","Sim","26/01/2007"
"Gerência Regional / GO","002019/1939","Requerimento de Manifesto de Mina","Concessão de Lavra","48.656.146/0001-16","MINERACAO MACEDO LTDA","NIQUELÂNDIA - GO","COBALTO, COBRE, NÍQUEL","Demais substâncias, Demais substâncias, Demais substâncias","Sim","02/10/2018"
"Gerência Regional / GO","862172/2005","Requerimento de Autorização de Pesquisa","Concessão de Lavra","46.155.245/0001-99","G4 MINERACAO LTDA","CRISTALINA - GO","AREIA, QUARTZO","Construção civil, Industrial","Sim","27/12/2010"
"Gerência Regional / GO","860845/2007","Requerimento de Autorização de Pesquisa","Requerimento de Lavra","40.949.015/0001-15","MINERACAO ESPLANADA LTDA","HIDROLINA - GO, SANTA RITA DO NOVO DESTINO - GO","AREIA, MINÉRIO DE OURO","Construção civil, Industrial","Sim","01/12/2023"
"Gerência Regional / GO","860167/2007","Requerimento de Autorização de Pesquisa","Requerimento de Lavra","14.304.566/0001-11","PROSPECTOR MINERALS LTDA","FAINA - GO","MINÉRIO DE OURO, MINÉRIO DE PRATA","Industrial, Industrial","Sim","16/03/2012"
"Gerência Regional / GO","860483/2003","Requerimento de Autorização de Pesquisa","Concessão de Lavra","37.813.440/0001-78","COMERCIAL AREIA SAO SEBASTIAO LTDA","JATAÍ - GO","AREIA","Construção civil","Sim","09/04/2024"
"Gerência Regional / GO","860483/2003","Requerimento de Autorização de Pesquisa","Concessão de Lavra","37.813.440/0001-78","COMERCIAL AREIA SAO SEBASTIAO LTDA","JATAÍ - GO","AREIA","Construção civil","Sim","30/06/2004"
"Gerência Regional / GO","860481/2003","Requerimento de Autorização de Pesquisa","Concessão de Lavra","34.031.776/0001-90","VALE DO RIO VERDE COMERCIO DE MATERIAIS PARA CONSTRUCAO EIRELI","JATAÍ - GO","AREIA","Construção civil","Sim","16/09/2003"
"Gerência Regional / GO","860481/2003","Requerimento de Autorização de Pesquisa","Concessão de Lavra","34.031.776/0001-90","VALE DO RIO VERDE COMERCIO DE MATERIAIS PARA CONSTRUCAO EIRELI","JATAÍ - GO","AREIA","Construção civil","Sim","31/07/2023"
"Gerência Regional / GO","860765/2018","Requerimento de Cessão parcial","Direito de Requerer a Lavra","07.893.139/0001-50","CALIMAN PEDRAS DO BRASIL LTDA","NIQUELÂNDIA - GO","MINÉRIO DE OURO, QUARTZO","Industrial, Industrial","Sim","28/04/2023"
"Gerência Regional / GO","862706/2011","Requerimento de Autorização de Pesquisa","Concessão de Lavra","49.606.104/0001-33","MINERACAO GALANTA K.U.K. LTDA","JARAGUÁ - GO","MIGMATITO, XISTO, XISTO","Brita, Brita, Revestimento","Sim","05/08/2022"
"Gerência Regional / GO","861016/2022","Requerimento de Autorização de Pesquisa","Autorização de Pesquisa","50.541.308/0001-12","AREAL DL MEIRELES LTDA","ARAGUAPAZ - GO, FAINA - GO","AREIA, OURO","Construção civil, Industrial","Sim","25/02/2025"
"Gerência Regional / GO","816021/1970","Requerimento de Autorização de Pesquisa","Concessão de Lavra","48.656.146/0001-16","MINERACAO MACEDO LTDA","NIQUELÂNDIA - GO","NÍQUEL","Demais substâncias","Sim","26/01/2007"
"Gerência Regional / GO","816021/1970","Requerimento de Autorização de Pesquisa","Concessão de Lavra","48.656.146/0001-16","MINERACAO MACEDO LTDA","NIQUELÂNDIA - GO","NÍQUEL","Demais substâncias","Sim","02/10/2018"
"Gerência Regional / GO","862299/2011","Requerimento de Mudança de Regime para Aut. de Pesquisa","Concessão de Lavra","49.703.695/0001-67","AREIAL COUTRIM LTDA","IVOLÂNDIA - GO","AREIA","Construção civil","Sim","14/04/2015"
"Gerência Regional / GO","860801/2022","Requerimento de Autorização de Pesquisa","Autorização de Pesquisa","51.066.045/0001-08","K+ MINERACAO E BENEFICIAMENTO LTDA","IPIRANGA DE GOIÁS - GO, RUBIATABA - GO","FOSFATO","Fertilizantes","Sim","28/04/2023"
"Gerência Regional / GO","860504/2021","Requerimento de Autorização de Pesquisa","Autorização de Pesquisa","48.329.277/0001-99","MINERADORA CANAA LTDA","NIQUELÂNDIA - GO","MINÉRIO DE OURO","Industrial","Sim","22/11/2021"
"Gerência Regional / GO","860604/2021","Requerimento de Pesquisa - Leilão","Autorização de Pesquisa","47.910.596/0001-20","MBT MINERACAO SPE LTDA","NIQUELÂNDIA - GO","OURO","Industrial","Sim","23/04/2025"
"Gerência Regional / GO","860598/2021","Requerimento de Pesquisa - Leilão","Autorização de Pesquisa","47.910.596/0001-20","MBT MINERACAO SPE LTDA","CRIXÁS - GO, SANTA TEREZINHA DE GOIÁS - GO, UIRAPURU - GO","OURO","Industrial","Sim","23/04/2025"
"Gerência Regional / GO","860535/2021","Requerimento de Pesquisa - Oferta Pública ","Autorização de Pesquisa","47.910.596/0001-20","MBT MINERACAO SPE LTDA","CRIXÁS - GO","AREIA, MINÉRIO DE OURO","Construção civil, Industrial","Sim","23/04/2025"
"Gerência Regional / GO","860534/2021","Requerimento de Pesquisa - Oferta Pública ","Autorização de Pesquisa","47.910.596/0001-20","MBT MINERACAO SPE LTDA","CRIXÁS - GO","OURO","Industrial","Sim","23/04/2025"
"Gerência Regional / GO","860532/2021","Requerimento de Pesquisa - Oferta Pública ","Autorização de Pesquisa","47.910.596/0001-20","MBT MINERACAO SPE LTDA","CRIXÁS - GO","AREIA, MINÉRIO DE OURO","Construção civil, Industrial","Sim","23/04/2025"
"Gerência Regional / GO","860531/2021","Requerimento de Pesquisa - Oferta Pública ","Autorização de Pesquisa","47.910.596/0001-20","MBT MINERACAO SPE LTDA","CRIXÁS - GO","MINÉRIO DE OURO","Industrial","Sim","23/04/2025"
"Gerência Regional / GO","861389/2016","Requerimento de Autorização de Pesquisa","Autorização de Pesquisa","13.929.595/0001-06","FORTE COMERCIO DE IMPORTACAO E EXPORTACAO LTDA","FAINA - GO","MINÉRIO DE OURO","Industrial","Sim","09/06/2026"
"Gerência Regional / GO","860077/2022","Requerimento de Autorização de Pesquisa","Concessão de Lavra","48.895.845/0001-19","SANTA NORMA EMPREENDIMENTOS LTDA","CHAPADÃO DO CÉU - GO","CASCALHO, CASCALHO","Brita, Construção civil","Sim","17/11/2023"
"Gerência Regional / GO","861015/2022","Requerimento de Autorização de Pesquisa","Autorização de Pesquisa","49.154.962/0001-94","VILA BOA MINERACAO LTDA","ARAGUAPAZ - GO, FAINA - GO","MINÉRIO DE OURO","Industrial","Sim","28/04/2023"
"Gerência Regional / GO","860030/2011","Requerimento de Autorização de Pesquisa","Requerimento de Lavra","49.154.962/0001-94","VILA BOA MINERACAO LTDA","FAINA - GO","AREIA, CASCALHO, MINÉRIO DE OURO","Construção civil, Construção civil, Industrial","Sim","28/07/2023"
"Gerência Regional / GO","860405/2019","Requerimento de Autorização de Pesquisa","Direito de Requerer a Lavra","21.440.412/0001-12","DRAGA QUATRO IRMAOS LTDA","CAVALCANTE - GO","AREIA, MINÉRIO DE OURO","Construção civil, Industrial","Sim","30/09/2024"
"Gerência Regional / GO","805985/1971","Requerimento de Autorização de Pesquisa","Concessão de Lavra","48.656.146/0001-16","MINERACAO MACEDO LTDA","NIQUELÂNDIA - GO","COBALTO, COBRE, NÍQUEL","Demais substâncias, Demais substâncias, Demais substâncias","Sim","30/04/2024"
"Gerência Regional / GO","002019/1939","Requerimento de Manifesto de Mina","Concessão de Lavra","48.656.146/0001-16","MINERACAO MACEDO LTDA","NIQUELÂNDIA - GO","COBALTO, COBRE, NÍQUEL","Demais substâncias, Demais substâncias, Demais substâncias","Sim","28/06/2024"
"Gerência Regional / GO","860034/2025","Requerimento de Autorização de Pesquisa","Autorização de Pesquisa","51.397.023/0001-12","GC MINERACAO EMPREENDIMENTOS LTDA","PIRACANJUBA - GO","AREIA, DIAMANTE, MINÉRIO DE OURO","Gema, Industrial, Industrial","Sim","09/06/2026"
"Gerência Regional / GO","860340/2017","Requerimento de Autorização de Pesquisa","Concessão de Lavra","52.448.287/0001-10","EXTRACAO DE AREIA NOSSA SENHORA DAS GRACAS LTDA","QUIRINÓPOLIS - GO","AREIA, CASCALHO","Construção civil, Construção civil","Sim","07/03/2024"
"Gerência Regional / GO","861005/2021","Requerimento de Autorização de Pesquisa","Autorização de Pesquisa","32.714.483/0001-82","M.R. PEREIRA EIRELI","CAMPESTRE DE GOIÁS - GO, SANTA BÁRBARA DE GOIÁS - GO","ARGILA, ILMENITA","Cerâmica vermelha, Industrial","Sim","03/05/2022"
"Gerência Regional / GO","861519/2021","Requerimento de Autorização de Pesquisa","Autorização de Pesquisa","46.168.638/0001-37","MINERADORA HAVILAH IMPORTACAO E EXPORTACAO LTDA","NIQUELÂNDIA - GO","MINÉRIO DE OURO","Industrial","Sim","05/08/2022"
"Gerência Regional / GO","860913/2022","Requerimento de Pesquisa - Leilão","Autorização de Pesquisa","20.281.112/0001-75","NEILSON GONCALVES DE ALMEIDA JUNIOR","DIORAMA - GO, IPORÁ - GO","AREIA, DIAMANTE","Construção civil, Industrial","Sim","31/07/2023"
"Gerência Regional / GO","861443/2021","Requerimento de Mudança de Regime para Aut. de Pesquisa","Autorização de Pesquisa","***.655.066-**","HENRIQUE RODRIGUES OLIVEIRA","NIQUELÂNDIA - GO","QUARTZO","Industrial","Sim","17/11/2023"
"Gerência Regional / GO","862172/2005","Requerimento de Autorização de Pesquisa","Concessão de Lavra","46.155.245/0001-99","G4 MINERACAO LTDA","CRISTALINA - GO","AREIA, QUARTZO","Construção civil, Industrial","Sim","05/08/2022"
"Gerência Regional / GO","860708/2020","Requerimento de Cessão parcial","Requerimento de Lavra","41.407.791/0001-56","PEDREIRA R1 LTDA","MINAÇU - GO","MINÉRIO DE OURO","Industrial","Sim","17/11/2023"
"Gerência Regional / GO","861780/2021","Requerimento de Autorização de Pesquisa","Autorização de Pesquisa","46.150.947/0001-80","PINTO SAMERCA MINERACAO E EXPORTACAO LTDA","CAVALCANTE - GO","GRAFITA, MINÉRIO DE COBRE, MINÉRIO DE ESTANHO, MINÉRIO DE MANGANÊS, MINÉRIO DE NIÓBIO, MINÉRIO DE OURO","Industrial, Industrial, Industrial, Industrial, Industrial, Industrial","Sim","13/06/2024"
"Gerência Regional / GO","860600/2013","Requerimento de Cessão parcial","Concessão de Lavra","45.701.942/0001-35","AREAL PARANAIBA LTDA","ARAGUARI - MG, CUMARI - GO","AREIA, CASCALHO, DIAMANTE","Construção civil, Construção civil, Industrial","Sim","08/01/2024"
"Gerência Regional / GO","861074/2021","Requerimento de Autorização de Pesquisa","Autorização de Pesquisa","46.263.586/0001-88","FNA MINERADORA IMPORTACAO E EXPORTACAO LTDA","ITAPURANGA - GO","MINÉRIO DE OURO","Industrial","Sim","28/07/2022"
"Gerência Regional / GO","860480/2022","Requerimento de Autorização de Pesquisa","Autorização de Pesquisa","***.943.826-**","NELSON JOSE MARTINHO BEIRO","IVOLÂNDIA - GO, PARAÚNA - GO","DIAMANTE","Gema","Sim","04/08/2025"
"Gerência Regional / GO","860845/2007","Requerimento de Autorização de Pesquisa","Requerimento de Lavra","40.949.015/0001-15","MINERACAO ESPLANADA LTDA","HIDROLINA - GO, SANTA RITA DO NOVO DESTINO - GO","AREIA, MINÉRIO DE OURO","Construção civil, Industrial","Sim","27/11/2019"
"Gerência Regional / GO","860678/2021","Requerimento de Pesquisa - Leilão","Autorização de Pesquisa","46.585.536/0001-17","BRAZIL MINING IMPORTACAO E EXPORTACAO LTDA","NIQUELÂNDIA - GO","MINÉRIO DE OURO","Industrial","Sim","17/11/2023"
"Gerência Regional / GO","860306/2019","Requerimento de Cessão parcial","Requerimento de Lavra","46.220.818/0001-10","BRASIL CENTRAL MINERACAO LTDA","PLANALTINA - GO","QUARTZITO","Industrial","Sim","17/11/2023"
"Gerência Regional / GO","861620/2013","Requerimento de Disponibilidade para pesquisa","Autorização de Pesquisa","46.007.840/0001-87","MINERADORA COLINAS DO SUL LTDA","COLINAS DO SUL - GO","MINÉRIO DE FERRO, MINÉRIO DE MANGANÊS","Industrial, Industrial","Sim","26/12/2022"
"Gerência Regional / GO","860167/2007","Requerimento de Autorização de Pesquisa","Requerimento de Lavra","14.304.566/0001-11","PROSPECTOR MINERALS LTDA","FAINA - GO","MINÉRIO DE OURO, MINÉRIO DE PRATA","Industrial, Industrial","Sim","15/09/2025"
"Gerência Regional / GO","860375/2019","Requerimento de Autorização de Pesquisa","Autorização de Pesquisa","45.135.954/0001-40","CME COMPANHIA DE MINERACAO E EQUIPAMENTOS LTDA","NIQUELÂNDIA - GO","MINÉRIO DE OURO","Industrial","Sim","06/09/2022"
"Gerência Regional / GO","860980/2021","Requerimento de Mudança de Regime para Aut. de Pesquisa","Autorização de Pesquisa","***.125.431-**","Alisson Rodrigues alves","SANTA RITA DO NOVO DESTINO - GO","MINÉRIO DE OURO","Industrial","Sim","03/03/2023"
"Gerência Regional / GO","861454/2021","Requerimento de Autorização de Pesquisa","Autorização de Pesquisa","***.856.262-**","José Anacleto de Alencar Neto","CAMPO ALEGRE DE GOIÁS - GO, IPAMERI - GO","DIAMANTE, DIAMANTE, MINÉRIO DE OURO","Gema, Industrial, Industrial","Sim","22/11/2022"
"Gerência Regional / GO","862926/2011","Requerimento de Autorização de Pesquisa","Autorização de Pesquisa","***.703.191-**","EVELYNNE RODRIGUES SOARES","NIQUELÂNDIA - GO","MINÉRIO DE OURO","Industrial","Sim","03/03/2023"
"Gerência Regional / GO","860327/2018","Requerimento de Autorização de Pesquisa","Autorização de Pesquisa","***.751.878-**","MARCO ANTONIO CHAIM","NIQUELÂNDIA - GO","CALCÁRIO","Fabricação de cimento","Sim","03/03/2023"
"Gerência Regional / GO","860483/2003","Requerimento de Autorização de Pesquisa","Concessão de Lavra","37.813.440/0001-78","COMERCIAL AREIA SAO SEBASTIAO LTDA","JATAÍ - GO","AREIA","Construção civil","Sim","30/06/2003"
"Gerência Regional / GO","860481/2003","Requerimento de Autorização de Pesquisa","Concessão de Lavra","34.031.776/0001-90","VALE DO RIO VERDE COMERCIO DE MATERIAIS PARA CONSTRUCAO EIRELI","JATAÍ - GO","AREIA","Construção civil","Sim","07/01/2005"
"Gerência Regional / GO","860023/2023","Requerimento de Autorização de Pesquisa","Autorização de Pesquisa","48.103.180/0001-63","CONSTRUTORA LOPES RIBEIRO LTDA","NOVA ROMA - GO, SÃO DOMINGOS - GO","AREIA, CASCALHO, CASSITERITA, MINÉRIO DE OURO","Construção civil, Construção civil, Industrial, Industrial","Sim","28/04/2023"
"Gerência Regional / GO","861640/2021","Requerimento de Autorização de Pesquisa","Autorização de Pesquisa","48.148.609/0001-39","GOIAS CALCARIO LTDA","CAMPINAÇU - GO","CALCÁRIO","Fabricação de cal","Sim","17/11/2023"
"Gerência Regional / GO","860585/2021","Requerimento de Pesquisa - Leilão","Autorização de Pesquisa","48.057.659/0001-00","ACLARA RESOURCES MINERACAO LTDA.","MONTE ALEGRE DE GOIÁS - GO","ILMENITA","Industrial","Sim","09/04/2024"
"Gerência Regional / GO","861215/2022","Requerimento de Autorização de Pesquisa","Autorização de Pesquisa","30.606.521/0004-09","ALVORADA COMERCIO DE CEREAIS, MINERAIS E TRANSPORTE LTDA","MIMOSO DE GOIÁS - GO, NIQUELÂNDIA - GO","MINÉRIO DE COBRE, MINÉRIO DE FERRO, MINÉRIO DE MANGANÊS, MINÉRIO DE NIÓBIO, MINÉRIO DE OURO, TERRAS RARAS","Industrial, Industrial, Industrial, Industrial, Industrial, Industrial","Sim","24/11/2023"
"Gerência Regional / GO","860450/2021","Requerimento de Autorização de Pesquisa","Autorização de Pesquisa","44.514.957/0001-21","PORTECAL N.S.A INDUSTRIA E COMERCIO LTDA","PORTELÂNDIA - GO","CALCÁRIO","Corretivo de solo","Sim","17/11/2023"
"Gerência Regional / GO","861736/2021","Requerimento de Autorização de Pesquisa","Autorização de Pesquisa","33.107.852/0001-31","CVS CONSULTORIA DE NEGOCIOS LTDA","NIQUELÂNDIA - GO","MINÉRIO DE OURO","Industrial","Sim","31/03/2023"
"Gerência Regional / GO","861465/2024","Requerimento de Mudança de Regime para Aut. de Pesquisa","Autorização de Pesquisa","48.329.277/0001-99","MINERADORA CANAA LTDA","NIQUELÂNDIA - GO","MINÉRIO DE OURO","Industrial","Sim","26/09/2025"
"Gerência Regional / GO","861675/2021","Requerimento de Autorização de Pesquisa","Autorização de Pesquisa","13.929.595/0001-06","FORTE COMERCIO DE IMPORTACAO E EXPORTACAO LTDA","GOIANÉSIA - GO, PIRENÓPOLIS - GO","MINÉRIO DE ESTANHO, MINÉRIO DE NIÓBIO, MINÉRIO DE OURO, MINÉRIO DE PLATINA","Industrial, Industrial, Industrial, Industrial","Sim","09/06/2026"
"Gerência Regional / GO","861028/1989","Requerimento de Autorização de Pesquisa","Concessão de Lavra","01.285.170/0001-22","COMPANHIA DE DESENVOLVIMENTO ECONOMICO DE GOIAS-CODEGO","FAZENDA NOVA - GO","MINÉRIO DE OURO","Demais substâncias","Sim","31/03/2023"
"Gerência Regional / GO","861183/2022","Requerimento de Autorização de Pesquisa","Requerimento de Lavra","48.895.845/0001-19","SANTA NORMA EMPREENDIMENTOS LTDA","CHAPADÃO DO CÉU - GO","CASCALHO","Construção civil","Sim","07/03/2024"
"Gerência Regional / GO","861223/2022","Requerimento de Autorização de Pesquisa","Autorização de Pesquisa","49.154.962/0001-94","VILA BOA MINERACAO LTDA","FAINA - GO","MINÉRIO DE OURO","Industrial","Sim","19/04/2023"
"Gerência Regional / GO","860765/2018","Requerimento de Cessão parcial","Direito de Requerer a Lavra","07.893.139/0001-50","CALIMAN PEDRAS DO BRASIL LTDA","NIQUELÂNDIA - GO","MINÉRIO DE OURO, QUARTZO","Industrial, Industrial","Sim","20/12/2024"
"Gerência Regional / GO","862706/2011","Requerimento de Autorização de Pesquisa","Concessão de Lavra","49.606.104/0001-33","MINERACAO GALANTA K.U.K. LTDA","JARAGUÁ - GO","MIGMATITO, XISTO, XISTO","Brita, Brita, Revestimento","Sim","11/08/2016"
"Gerência Regional / GO","861104/2022","Requerimento de Pesquisa - Leilão","Autorização de Pesquisa","21.440.412/0001-12","DRAGA QUATRO IRMAOS LTDA","MONTE ALEGRE DE GOIÁS - GO","AREIA, MINÉRIO DE OURO","Construção civil, Industrial","Sim","28/04/2023"
"Gerência Regional / GO","861747/2024","Requerimento de Pesquisa - Leilão","Autorização de Pesquisa","***.764.541-**","João Batista Duarte","PIRENÓPOLIS - GO","AREIA, CASCALHO, MINÉRIO DE OURO","Construção civil, Construção civil, Industrial","Sim","29/05/2025"
"Gerência Regional / GO","861119/2021","Requerimento de Autorização de Pesquisa","Autorização de Pesquisa","49.956.353/0001-59","AREIAL JM LTDA","GOIÁS - GO","AREIA, DIAMANTE","Construção civil, Industrial","Sim","27/12/2023"
"Gerência Regional / GO","860319/2023","Requerimento de Autorização de Pesquisa","Autorização de Pesquisa","***.929.601-**","ANTONIO VAZ MENDES","BONFINÓPOLIS - GO, GOIANÁPOLIS - GO, GOIÂNIA - GO, SENADOR CANEDO - GO","CASCALHO, MINÉRIO DE OURO","Construção civil, Industrial","Sim","28/06/2024"
"Gerência Regional / GO","860082/2019","Requerimento de Autorização de Pesquisa","Requerimento de Lavra","30.007.268/0001-16","VP MINERACAO E SERVICOS LTDA","COCALZINHO DE GOIÁS - GO, VILA PROPÍCIO - GO","CALCÁRIO DOLOMÍTICO, MINÉRIO DE OURO","Fabricação de cal, Industrial","Sim","17/11/2023"
"Gerência Regional / GO","861705/2021","Requerimento de Autorização de Pesquisa","Autorização de Pesquisa","***.351.658-**","VANDO ALVIM","NIQUELÂNDIA - GO","MINÉRIO DE FERRO","Industrial","Sim","31/07/2023"
"Gerência Regional / GO","861140/2021","Requerimento de Pesquisa - Leilão","Concessão de Lavra","49.790.815/0001-00","49.790.815 PENILDO FLAVIO DE CARVALHO","MINEIROS - GO","AREIA","Construção civil","Sim","01/12/2023"
"Gerência Regional / GO","861188/2022","Requerimento de Autorização de Pesquisa","Autorização de Pesquisa","48.715.364/0001-84","SANSALONI DE OLIVEIRA PEDRAS BRASILEIRAS LTDA","SÃO PATRÍCIO - GO","ESTEATITO","Revestimento","Sim","29/08/2024"
"Gerência Regional / GO","861016/2022","Requerimento de Autorização de Pesquisa","Autorização de Pesquisa","50.541.308/0001-12","AREAL DL MEIRELES LTDA","ARAGUAPAZ - GO, FAINA - GO","AREIA, OURO","Construção civil, Industrial","Sim","19/04/2023"
"Gerência Regional / GO","816021/1970","Requerimento de Autorização de Pesquisa","Concessão de Lavra","48.656.146/0001-16","MINERACAO MACEDO LTDA","NIQUELÂNDIA - GO","NÍQUEL","Demais substâncias","Sim","28/06/2024"
"Gerência Regional / GO","862299/2011","Requerimento de Mudança de Regime para Aut. de Pesquisa","Concessão de Lavra","49.703.695/0001-67","AREIAL COUTRIM LTDA","IVOLÂNDIA - GO","AREIA","Construção civil","Sim","22/01/2025"
"Gerência Regional / GO","860412/2022","Requerimento de Autorização de Pesquisa","Autorização de Pesquisa","39.880.365/0001-93","39.880.365 VALQUIRIA ELLEN DOS SANTOS","ISRAELÂNDIA - GO","AREIA, ARGILA, CASCALHO, DIAMANTE, MANGANÊS, OURO","Construção civil, Construção civil, Construção civil, Industrial, Industrial, Industrial","Sim","15/04/2024"
"Gerência Regional / GO","860035/2025","Requerimento de Autorização de Pesquisa","Autorização de Pesquisa","51.397.023/0001-12","GC MINERACAO EMPREENDIMENTOS LTDA","CALDAS NOVAS - GO, PIRACANJUBA - GO","AREIA, DIAMANTE, MINÉRIO DE OURO","Gema, Industrial, Industrial","Sim","09/06/2026"
"Gerência Regional / GO","860801/2022","Requerimento de Autorização de Pesquisa","Autorização de Pesquisa","51.066.045/0001-08","K+ MINERACAO E BENEFICIAMENTO LTDA","IPIRANGA DE GOIÁS - GO, RUBIATABA - GO","FOSFATO","Fertilizantes","Sim","14/11/2024"
"Gerência Regional / GO","860341/2017","Requerimento de Autorização de Pesquisa","Concessão de Lavra","52.448.287/0001-10","EXTRACAO DE AREIA NOSSA SENHORA DAS GRACAS LTDA","QUIRINÓPOLIS - GO","AREIA, CASCALHO","Construção civil, Construção civil","Sim","07/03/2024"
"Gerência Regional / GO","860433/2021","Requerimento de Autorização de Pesquisa","Autorização de Pesquisa","51.553.133/0001-26","PEDRO ELIAS FERREIRA LIMA  LTDA","SANTA TEREZINHA DE GOIÁS - GO, UIRAPURU - GO","AREIA, MINÉRIO DE OURO","Construção civil, Industrial","Sim","07/03/2024"
"Gerência Regional / GO","860221/2019","Requerimento de Autorização de Pesquisa","Autorização de Pesquisa","44.163.021/0001-01","CENTRO OESTE GOLD MINE S.A.","NIQUELÂNDIA - GO","MINÉRIO DE OURO","Industrial","Sim","17/02/2020"
"Gerência Regional / GO","860221/2019","Requerimento de Autorização de Pesquisa","Autorização de Pesquisa","44.163.021/0001-01","CENTRO OESTE GOLD MINE S.A.","NIQUELÂNDIA - GO","MINÉRIO DE OURO","Industrial","Sim","15/04/2024"
"Gerência Regional / GO","860841/2017","Requerimento de Autorização de Pesquisa","Autorização de Pesquisa","11.802.687/0001-03","MAROTO MINERACAO LTDA","CAVALCANTE - GO, TERESINA DE GOIÁS - GO","GRANITO","Revestimento","Sim","22/05/2018"
"Gerência Regional / GO","860841/2017","Requerimento de Autorização de Pesquisa","Autorização de Pesquisa","11.802.687/0001-03","MAROTO MINERACAO LTDA","CAVALCANTE - GO, TERESINA DE GOIÁS - GO","GRANITO","Revestimento","Sim","05/06/2024"
"Gerência Regional / GO","860433/2021","Requerimento de Autorização de Pesquisa","Autorização de Pesquisa","51.553.133/0001-26","PEDRO ELIAS FERREIRA LIMA  LTDA","SANTA TEREZINHA DE GOIÁS - GO, UIRAPURU - GO","AREIA, MINÉRIO DE OURO","Construção civil, Industrial","Sim","13/10/2021"
"Gerência Regional / GO","860677/2019","Requerimento de Autorização de Pesquisa","Autorização de Pesquisa","44.163.021/0001-01","CENTRO OESTE GOLD MINE S.A.","NIQUELÂNDIA - GO","MINÉRIO DE OURO","Industrial","Sim","19/03/2024"
"Gerência Regional / GO","860221/2019","Requerimento de Autorização de Pesquisa","Autorização de Pesquisa","44.163.021/0001-01","CENTRO OESTE GOLD MINE S.A.","NIQUELÂNDIA - GO","MINÉRIO DE OURO","Industrial","Sim","24/08/2021"
"Gerência Regional / GO","861808/2024","Requerimento de Pesquisa - Leilão","Autorização de Pesquisa","44.163.021/0001-01","CENTRO OESTE GOLD MINE S.A.","NIQUELÂNDIA - GO","MINÉRIO DE OURO","Industrial","Sim","04/09/2025"
"Gerência Regional / GO","861622/2021","Requerimento de Autorização de Pesquisa","Autorização de Pesquisa","44.163.021/0001-01","CENTRO OESTE GOLD MINE S.A.","NIQUELÂNDIA - GO","MINÉRIO DE OURO","Industrial","Sim","11/09/2024"
"Gerência Regional / GO","861592/2024","Requerimento de Pesquisa - Leilão","Autorização de Pesquisa","44.163.021/0001-01","CENTRO OESTE GOLD MINE S.A.","NIQUELÂNDIA - GO","MINÉRIO DE OURO","Industrial","Sim","04/08/2025"
"Gerência Regional / GO","860503/2022","Requerimento de Autorização de Pesquisa","Requerimento de Lavra","12.822.040/0001-06","AREIAL DOIS IRMAOS LTDA","MOSSÂMEDES - GO, SANCLERLÂNDIA - GO","AREIA","Construção civil","Sim","30/03/2026"
"Gerência Regional / GO","860877/2024","Requerimento de Mudança de Regime para Aut. de Pesquisa","Autorização de Pesquisa","***.271.401-**","JALES PAISANO GOMES","ARENÓPOLIS - GO, IPORÁ - GO","DIAMANTE, DIAMANTE","Gema, Industrial","Sim","27/03/2025"
"Gerência Regional / GO","860876/2024","Requerimento de Mudança de Regime para Aut. de Pesquisa","Autorização de Pesquisa","***.271.401-**","JALES PAISANO GOMES","ARENÓPOLIS - GO, IPORÁ - GO, IVOLÂNDIA - GO","DIAMANTE, DIAMANTE","Gema, Industrial","Sim","27/03/2025"
"Gerência Regional / GO","860841/2017","Requerimento de Autorização de Pesquisa","Autorização de Pesquisa","11.802.687/0001-03","MAROTO MINERACAO LTDA","CAVALCANTE - GO, TERESINA DE GOIÁS - GO","GRANITO","Revestimento","Sim","20/03/2020"
"Gerência Regional / GO","860094/2024","Requerimento de Autorização de Pesquisa","Autorização de Pesquisa","55.030.009/0001-37","CROSSROADS PESQUISA MINERAL LTDA","CALDAZINHA - GO, SILVÂNIA - GO","TERRAS RARAS","Industrial","Sim","20/05/2026"
"Gerência Regional / GO","860093/2024","Requerimento de Autorização de Pesquisa","Autorização de Pesquisa","55.030.009/0001-37","CROSSROADS PESQUISA MINERAL LTDA","SILVÂNIA - GO","TERRAS RARAS","Industrial","Sim","20/05/2026"
"Gerência Regional / GO","860071/2024","Requerimento de Autorização de Pesquisa","Autorização de Pesquisa","55.030.009/0001-37","CROSSROADS PESQUISA MINERAL LTDA","BELA VISTA DE GOIÁS - GO, CALDAZINHA - GO, SILVÂNIA - GO","TERRAS RARAS","Industrial","Sim","20/05/2026"
"Gerência Regional / GO","860070/2024","Requerimento de Autorização de Pesquisa","Autorização de Pesquisa","55.030.009/0001-37","CROSSROADS PESQUISA MINERAL LTDA","BELA VISTA DE GOIÁS - GO, CALDAZINHA - GO, SILVÂNIA - GO","TERRAS RARAS","Industrial","Sim","20/05/2026"
"Gerência Regional / GO","860069/2024","Requerimento de Autorização de Pesquisa","Autorização de Pesquisa","55.030.009/0001-37","CROSSROADS PESQUISA MINERAL LTDA","CALDAZINHA - GO, SILVÂNIA - GO","TERRAS RARAS","Industrial","Sim","20/05/2026"
"Gerência Regional / GO","860680/2020","Requerimento de Autorização de Pesquisa","Autorização de Pesquisa","33.746.435/0001-39","AMERICA MINERIO COMERCIAL IMPORTADORA E EXPORTADORA LTDA","JARAGUÁ - GO","MINÉRIO DE OURO","Industrial","Sim","05/02/2025"
"Gerência Regional / GO","860226/2020","Requerimento de Autorização de Pesquisa","Autorização de Pesquisa","33.746.435/0001-39","AMERICA MINERIO COMERCIAL IMPORTADORA E EXPORTADORA LTDA","GOIÁS - GO","MINÉRIO DE OURO","Industrial","Sim","30/09/2024"
"Gerência Regional / GO","860682/2020","Requerimento de Autorização de Pesquisa","Autorização de Pesquisa","33.746.435/0001-39","AMERICA MINERIO COMERCIAL IMPORTADORA E EXPORTADORA LTDA","JARAGUÁ - GO","MINÉRIO DE OURO","Industrial","Sim","30/09/2024"
"Gerência Regional / GO","861187/2023","Requerimento de Autorização de Pesquisa","Autorização de Pesquisa","55.559.040/0001-60","NEOTECH METALS BRAZIL LTDA","NOVA ROMA - GO","MINÉRIO DE OURO","Industrial","Sim","17/03/2026"
"Gerência Regional / GO","860571/2024","Requerimento de Autorização de Pesquisa","Autorização de Pesquisa","55.559.040/0001-60","NEOTECH METALS BRAZIL LTDA","MINAÇU - GO","CASSITERITA","Industrial","Sim","17/03/2026"
"Gerência Regional / GO","860560/2024","Requerimento de Autorização de Pesquisa","Autorização de Pesquisa","00.508.829/0001-08","EDEM EMPRESA DE DESENVOLVIMENTO EM MINERACAO E PARTICIPACOES LTDA","PIRENÓPOLIS - GO","ILMENITA","Industrial","Sim","04/09/2025"
"Gerência Regional / GO","861131/2021","Requerimento de Autorização de Pesquisa","Autorização de Pesquisa","60.869.336/0001-17","CSN CIMENTOS BRASIL S.A.","PADRE BERNARDO - GO","CALCÁRIO","Fabricação de cimento","Sim","07/02/2025"
"Gerência Regional / GO","861087/2021","Requerimento de Pesquisa - Leilão","Autorização de Pesquisa","60.869.336/0001-17","CSN CIMENTOS BRASIL S.A.","PLANALTINA - GO","CALCÁRIO, FOSFATO","Fabricação de cimento, Fertilizantes","Sim","07/02/2025"
"Gerência Regional / GO","861086/2021","Requerimento de Pesquisa - Leilão","Autorização de Pesquisa","60.869.336/0001-17","CSN CIMENTOS BRASIL S.A.","FORMOSA - GO","CALCÁRIO","Fabricação de cimento","Sim","07/02/2025"
"Gerência Regional / GO","861085/2021","Requerimento de Pesquisa - Leilão","Autorização de Pesquisa","60.869.336/0001-17","CSN CIMENTOS BRASIL S.A.","PLANALTINA - GO","CALCÁRIO","Fabricação de cimento","Sim","07/02/2025"
"Gerência Regional / GO","861083/2021","Requerimento de Pesquisa - Leilão","Autorização de Pesquisa","60.869.336/0001-17","CSN CIMENTOS BRASIL S.A.","PLANALTINA - GO","CALCÁRIO","Fabricação de cimento","Sim","07/02/2025"
"Gerência Regional / GO","861081/2021","Requerimento de Pesquisa - Leilão","Autorização de Pesquisa","60.869.336/0001-17","CSN CIMENTOS BRASIL S.A.","PLANALTINA - GO","CALCÁRIO","Fabricação de cimento","Sim","07/02/2025"
"Gerência Regional / GO","861080/2021","Requerimento de Pesquisa - Leilão","Autorização de Pesquisa","60.869.336/0001-17","CSN CIMENTOS BRASIL S.A.","PLANALTINA - GO","CALCÁRIO","Fabricação de cimento","Sim","07/02/2025"
"Gerência Regional / GO","861034/2022","Requerimento de Pesquisa - Leilão","Autorização de Pesquisa","60.869.336/0001-17","CSN CIMENTOS BRASIL S.A.","CORUMBÁ DE GOIÁS - GO","ARGILA","Industrial","Sim","07/02/2025"
"Gerência Regional / GO","861033/2022","Requerimento de Pesquisa - Leilão","Autorização de Pesquisa","60.869.336/0001-17","CSN CIMENTOS BRASIL S.A.","CORUMBÁ DE GOIÁS - GO","ARGILA","Industrial","Sim","07/02/2025"
"Gerência Regional / GO","860794/2021","Requerimento de Pesquisa - Oferta Pública ","Autorização de Pesquisa","60.869.336/0001-17","CSN CIMENTOS BRASIL S.A.","PLANALTINA - GO","CALCÁRIO","Fabricação de cimento","Sim","07/02/2025"
"Gerência Regional / GO","860793/2021","Requerimento de Pesquisa - Oferta Pública ","Autorização de Pesquisa","60.869.336/0001-17","CSN CIMENTOS BRASIL S.A.","VILA PROPÍCIO - GO","CALCÁRIO","Fabricação de cimento","Sim","07/02/2025"
"Gerência Regional / GO","860792/2021","Requerimento de Pesquisa - Oferta Pública ","Autorização de Pesquisa","60.869.336/0001-17","CSN CIMENTOS BRASIL S.A.","COCALZINHO DE GOIÁS - GO, PADRE BERNARDO - GO","CALCÁRIO","Fabricação de cimento","Sim","07/02/2025"
"Gerência Regional / GO","860791/2021","Requerimento de Pesquisa - Oferta Pública ","Autorização de Pesquisa","60.869.336/0001-17","CSN CIMENTOS BRASIL S.A.","COCALZINHO DE GOIÁS - GO","CALCÁRIO","Fabricação de cimento","Sim","07/02/2025"
"Gerência Regional / GO","860790/2021","Requerimento de Pesquisa - Oferta Pública ","Autorização de Pesquisa","60.869.336/0001-17","CSN CIMENTOS BRASIL S.A.","PADRE BERNARDO - GO","CALCÁRIO","Fabricação de cimento","Sim","07/02/2025"
"Gerência Regional / GO","860789/2021","Requerimento de Pesquisa - Oferta Pública ","Autorização de Pesquisa","60.869.336/0001-17","CSN CIMENTOS BRASIL S.A.","BRASÍLIA - DF, CIDADE OCIDENTAL - GO","CALCÁRIO","Fabricação de cimento","Sim","07/02/2025"
"Gerência Regional / GO","860787/2021","Requerimento de Pesquisa - Oferta Pública ","Autorização de Pesquisa","60.869.336/0001-17","CSN CIMENTOS BRASIL S.A.","FORMOSA - GO","CALCÁRIO","Fabricação de cimento","Sim","07/02/2025"
"Gerência Regional / GO","860786/2021","Requerimento de Pesquisa - Oferta Pública ","Autorização de Pesquisa","60.869.336/0001-17","CSN CIMENTOS BRASIL S.A.","PLANALTINA - GO","CALCÁRIO","Fabricação de cimento","Sim","07/02/2025"
"Gerência Regional / GO","860785/2021","Requerimento de Pesquisa - Oferta Pública ","Autorização de Pesquisa","60.869.336/0001-17","CSN CIMENTOS BRASIL S.A.","PLANALTINA - GO","CALCÁRIO","Fabricação de cimento","Sim","07/02/2025"
"Gerência Regional / GO","860784/2021","Requerimento de Pesquisa - Oferta Pública ","Autorização de Pesquisa","60.869.336/0001-17","CSN CIMENTOS BRASIL S.A.","PLANALTINA - GO","CALCÁRIO","Fabricação de cimento","Sim","07/02/2025"
"Gerência Regional / GO","860783/2021","Requerimento de Pesquisa - Oferta Pública ","Autorização de Pesquisa","60.869.336/0001-17","CSN CIMENTOS BRASIL S.A.","PLANALTINA - GO","CALCÁRIO","Fabricação de cimento","Sim","07/02/2025"
"Gerência Regional / GO","860782/2021","Requerimento de Pesquisa - Oferta Pública ","Autorização de Pesquisa","60.869.336/0001-17","CSN CIMENTOS BRASIL S.A.","PLANALTINA - GO","CALCÁRIO","Fabricação de cimento","Sim","07/02/2025"
"Gerência Regional / GO","860781/2021","Requerimento de Pesquisa - Oferta Pública ","Autorização de Pesquisa","60.869.336/0001-17","CSN CIMENTOS BRASIL S.A.","PLANALTINA - GO","CALCÁRIO","Fabricação de cimento","Sim","07/02/2025"
"Gerência Regional / GO","860779/2021","Requerimento de Pesquisa - Oferta Pública ","Autorização de Pesquisa","60.869.336/0001-17","CSN CIMENTOS BRASIL S.A.","COCALZINHO DE GOIÁS - GO","CALCÁRIO","Fabricação de cimento","Sim","07/02/2025"
"Gerência Regional / GO","860761/2021","Requerimento de Lavra - Leilão","Requerimento de Lavra","60.869.336/0001-17","CSN CIMENTOS BRASIL S.A.","FORMOSA - GO","CALCÁRIO","Fabricação de cimento","Sim","07/02/2025"
"Gerência Regional / GO","860760/2021","Requerimento de Lavra - Leilão","Requerimento de Lavra","60.869.336/0001-17","CSN CIMENTOS BRASIL S.A.","FORMOSA - GO","CALCÁRIO","Fabricação de cimento","Sim","07/02/2025"
"Gerência Regional / GO","860719/2021","Requerimento de Pesquisa - Leilão","Autorização de Pesquisa","60.869.336/0001-17","CSN CIMENTOS BRASIL S.A.","FORMOSA - GO","CALCÁRIO","Fabricação de cimento","Sim","07/02/2025"
"Gerência Regional / GO","860718/2021","Requerimento de Pesquisa - Leilão","Autorização de Pesquisa","60.869.336/0001-17","CSN CIMENTOS BRASIL S.A.","FORMOSA - GO","CALCÁRIO","Fabricação de cimento","Sim","07/02/2025"
"Gerência Regional / GO","860717/2021","Requerimento de Pesquisa - Leilão","Autorização de Pesquisa","60.869.336/0001-17","CSN CIMENTOS BRASIL S.A.","FORMOSA - GO","CALCÁRIO","Fabricação de cimento","Sim","07/02/2025"
"Gerência Regional / GO","860714/2021","Requerimento de Pesquisa - Leilão","Autorização de Pesquisa","60.869.336/0001-17","CSN CIMENTOS BRASIL S.A.","FORMOSA - GO","CALCÁRIO","Fabricação de cimento","Sim","07/02/2025"
"Gerência Regional / GO","860711/2021","Requerimento de Pesquisa - Leilão","Autorização de Pesquisa","60.869.336/0001-17","CSN CIMENTOS BRASIL S.A.","ÁGUA FRIA DE GOIÁS - GO, PLANALTINA - GO","CALCÁRIO","Fabricação de cimento","Sim","07/02/2025"
"Gerência Regional / GO","860344/2022","Requerimento de Autorização de Pesquisa","Autorização de Pesquisa","60.869.336/0001-17","CSN CIMENTOS BRASIL S.A.","FORMOSA - GO","CALCÁRIO","Fabricação de cimento","Sim","07/02/2025"
"Gerência Regional / GO","860202/2021","Requerimento de Autorização de Pesquisa","Autorização de Pesquisa","57.553.516/0001-80","J.R GOLD MINERACAO DO CERRADO LTDA","FAINA - GO","MINÉRIO DE OURO","Industrial","Sim","23/04/2025"
"Gerência Regional / GO","861062/2021","Requerimento de Pesquisa - Leilão","Autorização de Pesquisa","44.163.021/0001-01","CENTRO OESTE GOLD MINE S.A.","NIQUELÂNDIA - GO","MINÉRIO DE OURO","Industrial","Sim","05/11/2021"
"Gerência Regional / GO","861005/2022","Requerimento de Pesquisa - Leilão","Autorização de Pesquisa","53.990.356/0001-86","ML MINERACAO LTDA","PALMELO - GO, SANTA CRUZ DE GOIÁS - GO","MINÉRIO DE OURO","Industrial","Sim","17/11/2023"
"Gerência Regional / GO","861454/2015","Requerimento de Autorização de Pesquisa","Concessão de Lavra","57.658.329/0001-61","MINERADORA E TRANSPORTES SAO LUCAS LTDA","FAZENDA NOVA - GO, JAUPACI - GO","AREIA, DIAMANTE","Construção civil, Industrial","Sim","05/07/2023"
"Gerência Regional / GO","861105/2022","Requerimento de Pesquisa - Oferta Pública ","Autorização de Pesquisa","***.212.131-**","FLAVIO AUGUSTO MATOS DA SILVA","CAMPO ALEGRE DE GOIÁS - GO, IPAMERI - GO","AREIA, CASCALHO, DIAMANTE","Construção civil, Construção civil, Industrial","Sim","29/05/2025"
"Gerência Regional / TO","864009/2023","Requerimento de Autorização de Pesquisa","Autorização de Pesquisa","64.037.802/0001-59","GLOBAL PROSPECT MINERAIS LTDA","MONTIVIDIU DO NORTE - GO, TALISMÃ - TO","MINÉRIO DE OURO","Industrial","Sim","08/04/2025"
"Gerência Regional / GO","861283/2021","Requerimento de Pesquisa - Leilão","Autorização de Pesquisa","65.475.278/0001-60","P.A GOLD SERTAO MINERACAO E METALURGIA S.A.","FAINA - GO","MINÉRIO DE OURO","Industrial","Sim","09/05/2024"
"Gerência Regional / GO","861283/2021","Requerimento de Pesquisa - Leilão","Autorização de Pesquisa","65.475.278/0001-60","P.A GOLD SERTAO MINERACAO E METALURGIA S.A.","FAINA - GO","MINÉRIO DE OURO","Industrial","Sim","27/07/2026"
"Gerência Regional / GO","860213/2018","Requerimento de Autorização de Pesquisa","Autorização de Pesquisa","65.475.278/0001-60","P.A GOLD SERTAO MINERACAO E METALURGIA S.A.","FAINA - GO","MINÉRIO DE OURO","Industrial","Sim","04/08/2025"
"Gerência Regional / GO","861501/2016","Requerimento de Disponibilidade para pesquisa","Autorização de Pesquisa","65.475.278/0001-60","P.A GOLD SERTAO MINERACAO E METALURGIA S.A.","FAINA - GO","CALCÁRIO, MINÉRIO DE OURO","Corretivo de solo, Industrial","Sim","06/07/2021"
"Gerência Regional / GO","861501/2016","Requerimento de Disponibilidade para pesquisa","Autorização de Pesquisa","65.475.278/0001-60","P.A GOLD SERTAO MINERACAO E METALURGIA S.A.","FAINA - GO","CALCÁRIO, MINÉRIO DE OURO","Corretivo de solo, Industrial","Sim","27/07/2026"
"Gerência Regional / GO","861501/2016","Requerimento de Disponibilidade para pesquisa","Autorização de Pesquisa","65.475.278/0001-60","P.A GOLD SERTAO MINERACAO E METALURGIA S.A.","FAINA - GO","CALCÁRIO, MINÉRIO DE OURO","Corretivo de solo, Industrial","Sim","23/04/2025"
"Gerência Regional / GO","860913/2017","Requerimento de Autorização de Pesquisa","Requerimento de Lavra","34.959.384/0001-96","MJC SERVICOS LTDA","MIMOSO DE GOIÁS - GO","CALCÁRIO DOLOMÍTICO","Fabricação de cal","Sim","28/06/2024"
"Gerência Regional / GO","860685/2001","Requerimento de Autorização de Pesquisa","Concessão de Lavra","63.798.625/0001-60","F3A AGUA MINERAL NATURAL LTDA","ABADIÂNIA - GO","ÁGUA MINERAL","Industrial","Sim","14/04/2026"
"Gerência Regional / GO","860685/2001","Requerimento de Autorização de Pesquisa","Concessão de Lavra","63.798.625/0001-60","F3A AGUA MINERAL NATURAL LTDA","ABADIÂNIA - GO","ÁGUA MINERAL","Industrial","Sim","27/10/2021"
"Gerência Regional / GO","861121/2004","Requerimento de Autorização de Pesquisa","Concessão de Lavra","63.585.614/0001-00","FRANCO INDUSTRIALIZACAO E COMERCIALIZACAO DE AGUA MINERAL LTDA","JUSSARA - GO","ÁGUA MINERAL","Industrial","Sim","09/06/2008"
"Gerência Regional / GO","860285/2018","Requerimento de Disponibilidade para pesquisa","Autorização de Pesquisa","66.495.215/0001-39","MINERACAO PEQUI S.A.","PILAR DE GOIÁS - GO, SANTA TEREZINHA DE GOIÁS - GO","MINÉRIO DE OURO","Industrial","Sim","18/03/2022"
"Gerência Regional / GO","861392/2016","Requerimento de Autorização de Pesquisa","Autorização de Pesquisa","65.475.278/0001-60","P.A GOLD SERTAO MINERACAO E METALURGIA S.A.","FAINA - GO, GOIÁS - GO","MINÉRIO DE OURO","Industrial","Sim","04/08/2025"
"Gerência Regional / GO","860450/2005","Requerimento de Autorização de Pesquisa","Concessão de Lavra","00.097.494/0001-74","CAMPOS AGRICOLA LTDA","FORMOSA - GO","AREIA, SAIBRO","Construção civil, Construção civil","Sim","28/06/2005"
"Gerência Regional / GO","860449/2005","Requerimento de Autorização de Pesquisa","Concessão de Lavra","00.097.494/0001-74","CAMPOS AGRICOLA LTDA","FORMOSA - GO","AREIA, SAIBRO","Construção civil, Construção civil","Sim","28/06/2005"
"Gerência Regional / GO","860448/2005","Requerimento de Autorização de Pesquisa","Concessão de Lavra","00.097.494/0001-74","CAMPOS AGRICOLA LTDA","FORMOSA - GO","AREIA, SAIBRO","Construção civil, Construção civil","Sim","28/06/2005"
"Gerência Regional / GO","860447/2005","Requerimento de Autorização de Pesquisa","Concessão de Lavra","00.097.494/0001-74","CAMPOS AGRICOLA LTDA","FORMOSA - GO","AREIA, SAIBRO","Construção civil, Construção civil","Sim","28/06/2005"
"Gerência Regional / GO","860446/2005","Requerimento de Autorização de Pesquisa","Concessão de Lavra","00.097.494/0001-74","CAMPOS AGRICOLA LTDA","FORMOSA - GO","AREIA, SAIBRO","Construção civil, Construção civil","Sim","28/06/2005"
"Gerência Regional / GO","860445/2005","Requerimento de Autorização de Pesquisa","Concessão de Lavra","00.097.494/0001-74","CAMPOS AGRICOLA LTDA","FORMOSA - GO","AREIA, SAIBRO","Construção civil, Construção civil","Sim","28/06/2005"
"Gerência Regional / GO","860094/2004","Requerimento de Autorização de Pesquisa","Concessão de Lavra","00.097.494/0001-74","CAMPOS AGRICOLA LTDA","FORMOSA - GO","AREIA, SAIBRO","Demais substâncias, Demais substâncias","Sim","15/09/2005"
"Gerência Regional / GO","860042/2004","Requerimento de Autorização de Pesquisa","Concessão de Lavra","00.097.494/0001-74","CAMPOS AGRICOLA LTDA","FORMOSA - GO","AREIA, SAIBRO","Demais substâncias, Demais substâncias","Sim","01/07/2004"
"Gerência Regional / GO","860452/2005","Requerimento de Autorização de Pesquisa","Concessão de Lavra","00.097.494/0001-74","CAMPOS AGRICOLA LTDA","FORMOSA - GO","AREIA, SAIBRO","Construção civil, Construção civil","Sim","28/06/2005"
"Gerência Regional / GO","861032/2024","Requerimento de Autorização de Pesquisa","Autorização de Pesquisa","58.312.677/0001-45","BRITAMISE MINERACAO SA","CEZARINA - GO, PALMEIRAS DE GOIÁS - GO","MINÉRIO DE FERRO","Industrial","Sim","15/05/2025"
"Gerência Regional / GO","861031/2024","Requerimento de Autorização de Pesquisa","Autorização de Pesquisa","58.312.677/0001-45","BRITAMISE MINERACAO SA","VICENTINÓPOLIS - GO","MINÉRIO DE FERRO","Industrial","Sim","15/05/2025"
"Gerência Regional / GO","861039/2024","Requerimento de Autorização de Pesquisa","Autorização de Pesquisa","58.312.677/0001-45","BRITAMISE MINERACAO SA","EDEALINA - GO, EDÉIA - GO","MINÉRIO DE FERRO","Industrial","Sim","15/05/2025"
"Gerência Regional / GO","861875/2024","Requerimento de Pesquisa - Leilão","Autorização de Pesquisa","60.137.236/0001-04","BRAZIL MINING RESOURCES SA","SANTA RITA DO NOVO DESTINO - GO","BAUXITA","Industrial","Sim","27/01/2026"
"Gerência Regional / GO","861869/2024","Requerimento de Pesquisa - Leilão","Autorização de Pesquisa","60.137.236/0001-04","BRAZIL MINING RESOURCES SA","MARA ROSA - GO","MINÉRIO DE OURO","Industrial","Sim","27/01/2026"
"Gerência Regional / GO","861862/2024","Requerimento de Pesquisa - Leilão","Autorização de Pesquisa","60.137.236/0001-04","BRAZIL MINING RESOURCES SA","CRIXÁS - GO, GUARINOS - GO","MINÉRIO DE OURO","Industrial","Sim","27/01/2026"
"Gerência Regional / GO","861731/2024","Requerimento de Pesquisa - Leilão","Autorização de Pesquisa","60.137.236/0001-04","BRAZIL MINING RESOURCES SA","BARRO ALTO - GO","BAUXITA, MINÉRIO DE NÍQUEL","Industrial, Industrial","Sim","14/04/2026"
"Gerência Regional / GO","861730/2024","Requerimento de Pesquisa - Leilão","Autorização de Pesquisa","60.137.236/0001-04","BRAZIL MINING RESOURCES SA","BARRO ALTO - GO, SANTA RITA DO NOVO DESTINO - GO","BAUXITA, MINÉRIO DE NÍQUEL","Industrial, Industrial","Sim","14/04/2026"
"Gerência Regional / GO","861729/2024","Requerimento de Pesquisa - Leilão","Autorização de Pesquisa","60.137.236/0001-04","BRAZIL MINING RESOURCES SA","GOIÁS - GO","OURO","Industrial","Sim","27/01/2026"
"Gerência Regional / GO","861728/2024","Requerimento de Pesquisa - Leilão","Autorização de Pesquisa","60.137.236/0001-04","BRAZIL MINING RESOURCES SA","GOIÁS - GO","MINÉRIO DE OURO","Industrial","Sim","27/01/2026"
"Gerência Regional / GO","861727/2024","Requerimento de Pesquisa - Leilão","Autorização de Pesquisa","60.137.236/0001-04","BRAZIL MINING RESOURCES SA","FAINA - GO","MINÉRIO DE OURO","Industrial","Sim","27/01/2026"
"Gerência Regional / GO","861726/2024","Requerimento de Pesquisa - Leilão","Autorização de Pesquisa","60.137.236/0001-04","BRAZIL MINING RESOURCES SA","GOIÁS - GO","MINÉRIO DE OURO","Industrial","Sim","27/01/2026"
"Gerência Regional / GO","861684/2024","Requerimento de Pesquisa - Leilão","Autorização de Pesquisa","60.137.236/0001-04","BRAZIL MINING RESOURCES SA","GOIÁS - GO","OURO","Industrial","Sim","27/01/2026"
"Gerência Regional / GO","861679/2024","Requerimento de Pesquisa - Leilão","Autorização de Pesquisa","59.218.785/0001-16","TITAN ROCK MINING LTDA.","INHUMAS - GO","MINÉRIO DE NÍQUEL","Industrial","Sim","27/01/2026"
"Gerência Regional / GO","861676/2024","Requerimento de Pesquisa - Leilão","Autorização de Pesquisa","59.218.785/0001-16","TITAN ROCK MINING LTDA.","MAIRIPOTABA - GO","MINÉRIO DE CROMO","Industrial","Sim","27/01/2026"
"Gerência Regional / GO","861675/2024","Requerimento de Pesquisa - Leilão","Autorização de Pesquisa","59.218.785/0001-16","TITAN ROCK MINING LTDA.","SANCLERLÂNDIA - GO, SÃO LUÍS DE MONTES BELOS - GO","MINÉRIO DE NÍQUEL","Industrial","Sim","27/01/2026"
"Gerência Regional / GO","860193/2023","Requerimento de Autorização de Pesquisa","Autorização de Pesquisa","57.915.178/0001-80","RAD MINERACAO LTDA","FAINA - GO","MINÉRIO DE OURO","Industrial","Sim","04/09/2025"
"Gerência Regional / GO","861059/2024","Requerimento de Autorização de Pesquisa","Autorização de Pesquisa","61.487.413/0001-37","NEWCO MINING LTDA","LUZIÂNIA - GO","MINÉRIO DE OURO","Industrial","Sim","27/01/2026"
"Gerência Regional / GO","861057/2024","Requerimento de Autorização de Pesquisa","Autorização de Pesquisa","61.487.413/0001-37","NEWCO MINING LTDA","LUZIÂNIA - GO","MINÉRIO DE OURO","Industrial","Sim","27/01/2026"
"Gerência Regional / GO","861049/2022","Requerimento de Lavra - Leilão","Requerimento de Lavra","31.023.302/0003-70","THOR GRANITOS E MARMORES LTDA","MONTIVIDIU DO NORTE - GO","GRANITO","Revestimento","Sim","05/12/2025"
"Gerência Regional / GO","860574/2021","Requerimento de Pesquisa - Leilão","Autorização de Pesquisa","22.137.641/0001-25","CORDILHEIRA SOLUCOES INTEGRADAS LTDA","COLINAS DO SUL - GO","MINÉRIO DE OURO","Industrial","Sim","07/03/2024"
"Gerência Regional / GO","861052/2010","Requerimento de Autorização de Pesquisa","Concessão de Lavra","50.096.744/0001-20","AREIAL PRIMICIAS LTDA","BURITI DE GOIÁS - GO, SANCLERLÂNDIA - GO","AREIA, MINÉRIO DE OURO","Construção civil, Industrial","Sim","17/11/2015"
"Gerência Regional / GO","860065/2021","Requerimento de Autorização de Pesquisa","Requerimento de Lavra","45.844.367/0001-20","ATACADAO EXTRACAO DE AREIA LTDA","CAIAPÔNIA - GO","AREIA","Construção civil","Sim","29/05/2025"
"Gerência Regional / GO","861062/2021","Requerimento de Pesquisa - Leilão","Autorização de Pesquisa","44.163.021/0001-01","CENTRO OESTE GOLD MINE S.A.","NIQUELÂNDIA - GO","MINÉRIO DE OURO","Industrial","Sim","05/02/2025"
"Gerência Regional / GO","860137/2024","Requerimento de Autorização de Pesquisa","Autorização de Pesquisa","***.064.811-**","WENDEL VANDERLEI LOPES","ABADIÂNIA - GO, ANÁPOLIS - GO, GAMELEIRA DE GOIÁS - GO","OURO","Industrial","Sim","28/10/2025"
"Gerência Regional / GO","860668/2020","Requerimento de Mudança de Regime para Aut. de Pesquisa","Autorização de Pesquisa","48.147.668/0001-92","ADALBERTO A MOREIRA COMERCIO E SERVICOS EM CRISTAIS LTDA","PIRENÓPOLIS - GO","MINÉRIO DE OURO","Industrial","Sim","07/03/2024"
"Gerência Regional / GO","861128/2021","Requerimento de Pesquisa - Oferta Pública ","Requerimento de Lavra","12.822.040/0001-06","AREIAL DOIS IRMAOS LTDA","SÃO LUÍS DE MONTES BELOS - GO","ARGILA","Cerâmica vermelha","Sim","29/05/2025"
"Gerência Regional / GO","860751/2022","Requerimento de Autorização de Pesquisa","Autorização de Pesquisa","53.511.518/0001-56","UNIAO GOIANA MATERIAIS LTDA","SANTA HELENA DE GOIÁS - GO","ARGILA, ARGILA","Cerâmica vermelha, Industrial","Sim","30/04/2024"
"Gerência Regional / GO","860185/2024","Requerimento de Mudança de Regime para Aut. de Pesquisa","Autorização de Pesquisa","***.271.401-**","JALES PAISANO GOMES","BOM JARDIM DE GOIÁS - GO, PIRANHAS - GO","DIAMANTE","Industrial","Sim","23/04/2025"
"Gerência Regional / GO","861703/2021","Requerimento de Autorização de Pesquisa","Autorização de Pesquisa","44.775.116/0001-78","PORTO DO VALE POUSADA LTDA","LAGOA SANTA - GO","ÁGUAS TERMAIS","Balneoterapia","Sim","08/08/2024"
"Gerência Regional / GO","861032/2022","Requerimento de Pesquisa - Leilão","Autorização de Pesquisa","47.370.971/0001-97","GOLDUST COMPANHIA DE MINERACAO LTDA","CAVALCANTE - GO","MINÉRIO DE OURO","Industrial","Sim","15/04/2024"
"Gerência Regional / GO","860500/2021","Requerimento de Autorização de Pesquisa","Direito de Requerer a Lavra","53.807.312/0001-78","NORTE AMBIENTAL MINERACAO LTDA","FAINA - GO","AREIA","Construção civil","Sim","09/05/2024"
"Gerência Regional / GO","861557/2021","Requerimento de Autorização de Pesquisa","Autorização de Pesquisa","51.879.992/0001-00","FILITO MINERADORA LTDA","CAMPOS BELOS - GO, MONTE ALEGRE DE GOIÁS - GO","FOSFATO","Fertilizantes","Sim","08/08/2024"
"Gerência Regional / GO","861005/2022","Requerimento de Pesquisa - Leilão","Autorização de Pesquisa","53.990.356/0001-86","ML MINERACAO LTDA","PALMELO - GO, SANTA CRUZ DE GOIÁS - GO","MINÉRIO DE OURO","Industrial","Sim","13/06/2024"
"Gerência Regional / GO","860176/2019","Requerimento de Autorização de Pesquisa","Requerimento de Lavra","54.864.056/0001-13","ALTO PARAISO MINERACAO LTDA","ALTO PARAÍSO DE GOIÁS - GO","SILTITO","Revestimento","Sim","11/09/2024"
"Gerência Regional / GO","861370/2015","Requerimento de Lavra Garimpeira","Lavra Garimpeira","***.678.811-**","KENIA DIAS BARROSO","ISRAELÂNDIA - GO, MOIPORÁ - GO","DIAMANTE","Industrial","Sim","05/12/2025"
"Gerência Regional / GO","860192/2021","Requerimento de Autorização de Pesquisa","Autorização de Pesquisa","55.269.292/0001-54","AGAPEE AGRO PARTICIPACOES LTDA","CAVALCANTE - GO, TERESINA DE GOIÁS - GO","MINÉRIO DE OURO","Industrial","Sim","05/02/2025"
"Gerência Regional / GO","860681/2020","Requerimento de Autorização de Pesquisa","Autorização de Pesquisa","33.746.435/0001-39","AMERICA MINERIO COMERCIAL IMPORTADORA E EXPORTADORA LTDA","JARAGUÁ - GO","MINÉRIO DE OURO","Industrial","Sim","30/09/2024"
"Gerência Regional / GO","860407/2024","Requerimento de Autorização de Pesquisa","Autorização de Pesquisa","55.559.040/0001-60","NEOTECH METALS BRAZIL LTDA","MINAÇU - GO","CASSITERITA","Industrial","Sim","20/05/2026"
"Gerência Regional / GO","861353/2021","Requerimento de Pesquisa - Leilão","Autorização de Pesquisa","***.691.441-**","WEDER ARAUJO DE SOUZA","NIQUELÂNDIA - GO","MINÉRIO DE OURO","Industrial","Sim","30/09/2024"
"Gerência Regional / GO","860089/2021","Requerimento de Autorização de Pesquisa","Autorização de Pesquisa","55.798.799/0001-03","MINERADORA MTDL LTDA","NIQUELÂNDIA - GO, URUAÇU - GO","OURO","Industrial","Sim","04/08/2025"
"Gerência Regional / GO","860927/2006","Requerimento de Autorização de Pesquisa","Concessão de Lavra","46.667.810/0001-05","JEFFERSON GONCALVES VITOR 03900937184","SILVÂNIA - GO","AREIA","Construção civil","Sim","27/03/2025"
"Gerência Regional / GO","861080/2024","Requerimento de Autorização de Pesquisa","Autorização de Pesquisa","57.238.981/0001-27","CAMPOS E OLIVEIRA COMERCIO E EXTRACAO DE AREIA LTDA","GAMELEIRA DE GOIÁS - GO, SILVÂNIA - GO","AREIA, CASCALHO","Construção civil, Construção civil","Sim","22/01/2025"
"Gerência Regional / GO","861742/2021","Requerimento de Autorização de Pesquisa","Direito de Requerer a Lavra","***.013.071-**","FABIO LUCAS RODRIGUES DA MATA","CACHOEIRA DE GOIÁS - GO","MINÉRIO DE OURO, QUARTZITO","Brita, Industrial","Sim","22/01/2025"
"Gerência Regional / GO","860869/2022","Requerimento de Autorização de Pesquisa","Autorização de Pesquisa","57.553.516/0001-80","J.R GOLD MINERACAO DO CERRADO LTDA","NIQUELÂNDIA - GO","CALCÁRIO","Fabricação de cal","Sim","23/04/2025"
"Gerência Regional / GO","860472/2023","Requerimento de Mudança de Regime para Aut. de Pesquisa","Requerimento de Lavra","11.634.286/0001-83","SUPREMA TRANSPORTES E COMERCIO LTDA","GOIANÉSIA - GO, JARAGUÁ - GO, PIRENÓPOLIS - GO","AREIA","Construção civil","Sim","23/04/2025"
"Gerência Regional / GO","860500/2022","Requerimento de Autorização de Pesquisa","Autorização de Pesquisa","57.283.513/0001-74","DOIS IRMAOS MINERACAO LTDA","ARAGARÇAS - GO, MONTES CLAROS DE GOIÁS - GO","AREIA, CASCALHO, DIAMANTE","Construção civil, Construção civil, Industrial","Sim","22/01/2025"
"Gerência Regional / GO","861034/2024","Requerimento de Autorização de Pesquisa","Autorização de Pesquisa","58.312.677/0001-45","BRITAMISE MINERACAO SA","VICENTINÓPOLIS - GO","MINÉRIO DE FERRO","Industrial","Sim","15/05/2025"
"Gerência Regional / GO","861272/2021","Requerimento de Pesquisa - Leilão","Autorização de Pesquisa","57.318.690/0001-49","SPE L2MR LTDA","VILA PROPÍCIO - GO","MINÉRIO DE OURO","Industrial","Sim","04/08/2025"
"Gerência Regional / GO","861454/2015","Requerimento de Autorização de Pesquisa","Concessão de Lavra","57.658.329/0001-61","MINERADORA E TRANSPORTES SAO LUCAS LTDA","FAZENDA NOVA - GO, JAUPACI - GO","AREIA, DIAMANTE","Construção civil, Industrial","Sim","08/11/2019"
"Gerência Regional / GO","860521/2024","Requerimento de Autorização de Pesquisa","Autorização de Pesquisa","19.023.683/0001-20","J1 PROPERTIES EMPREENDIMENTOS IMOBILIARIOS LTDA","SÃO DOMINGOS - GO","CASSITERITA","Industrial","Sim","09/06/2026"
"Gerência Regional / GO","861466/2024","Requerimento de Autorização de Pesquisa","Autorização de Pesquisa","58.105.197/0001-03","VLM MINERACAO LTDA","ARUANÃ - GO","FOSFATO, MINÉRIO DE NIÓBIO","Fertilizantes, Industrial","Sim","04/08/2025"
"Gerência Regional / TO","864127/2023","Requerimento de Autorização de Pesquisa","Autorização de Pesquisa","***.914.551-**","MESSIAS SERAFIM DOS REIS SOUZA","ARRAIAS - TO, CAMPOS BELOS - GO, MONTE ALEGRE DE GOIÁS - GO","AREIA, CASCALHO, MINÉRIO DE OURO","Construção civil, Construção civil, Industrial","Sim","23/05/2025"
"Gerência Regional / GO","861105/2022","Requerimento de Pesquisa - Oferta Pública ","Autorização de Pesquisa","***.212.131-**","FLAVIO AUGUSTO MATOS DA SILVA","CAMPO ALEGRE DE GOIÁS - GO, IPAMERI - GO","AREIA, CASCALHO, DIAMANTE","Construção civil, Construção civil, Industrial","Sim","01/10/2025"
"Gerência Regional / GO","860070/2022","Requerimento de Autorização de Pesquisa","Concessão de Lavra","60.287.704/0001-19","SETTE MINERACAO LTDA","ARAGUAPAZ - GO","AREIA, CASCALHO, MINÉRIO DE OURO","Construção civil, Construção civil, Industrial","Sim","01/10/2025"
"Gerência Regional / GO","861287/2022","Requerimento de Autorização de Pesquisa","Requerimento de Lavra","59.760.882/0001-36","JL AREIAL LTDA","GOIANÉSIA - GO, SANTA ISABEL - GO","AREIA, CASCALHO","Construção civil, Construção civil","Sim","04/09/2025"
"Gerência Regional / GO","860964/2024","Requerimento de Autorização de Pesquisa","Autorização de Pesquisa","50.980.021/0001-99","QUATRO S MINERACAO LTDA","MONTE ALEGRE DE GOIÁS - GO","MINÉRIO DE FERRO","Industrial","Sim","04/09/2025"
"Gerência Regional / GO","860777/2023","Requerimento de Autorização de Pesquisa","Autorização de Pesquisa","57.915.178/0001-80","RAD MINERACAO LTDA","GOIÁS - GO, ITAPIRAPUÃ - GO","AREIA, CASCALHO, OURO","Construção civil, Construção civil, Industrial","Sim","20/05/2026"
"Gerência Regional / GO","860873/2022","Requerimento de Autorização de Pesquisa","Autorização de Pesquisa","***.579.751-**","GEOVANA FERREIRA LEAL","HIDROLINA - GO","AREIA, OURO","Construção civil, Industrial","Sim","28/10/2025"
"Gerência Regional / GO","861614/2024","Requerimento de Pesquisa - Leilão","Autorização de Pesquisa","61.487.413/0001-37","NEWCO MINING LTDA","CAVALCANTE - GO","MINÉRIO DE OURO","Industrial","Sim","05/12/2025"
"Gerência Regional / GO","861542/2014","Requerimento de Autorização de Pesquisa","Direito de Requerer a Lavra","62.331.484/0001-09","RGM MINERACAO LTDA","SÃO LUÍS DE MONTES BELOS - GO","GNAISSE","Brita","Sim","30/03/2026"
"Gerência Regional / GO","860185/2025","Requerimento de Autorização de Pesquisa","Autorização de Pesquisa","***.745.136-**","CARLOS HENRIQUE MOREIRA","ARUANÃ - GO, BRITÂNIA - GO","AREIA, DIAMANTE, MINÉRIO DE OURO","Construção civil, Gema, Industrial","Sim","14/04/2026"
"Gerência Regional / GO","860138/2025","Requerimento de Mudança de Regime para Aut. de Pesquisa","Autorização de Pesquisa","01.722.404/0002-32","MINERACAO GUAICURUS LTDA","SANTA RITA DO NOVO DESTINO - GO, SÃO LUIZ DO NORTE - GO","MINÉRIO DE OURO","Industrial","Sim","17/03/2026"
"Gerência Regional / GO","860959/2023","Requerimento de Autorização de Pesquisa","Autorização de Pesquisa","***.947.118-**","MARCOS EDUARDO ELIAS","CAVALCANTE - GO","MINÉRIO DE OURO","Industrial","Sim","20/05/2026"
"Gerência Regional / GO","861428/2024","Requerimento de Pesquisa - Leilão","Autorização de Pesquisa","63.108.902/0001-66","DIORAMA MONTES CLAROS 861.428 SPE LTDA","DIORAMA - GO, MONTES CLAROS DE GOIÁS - GO","MINÉRIO DE OURO","Industrial","Sim","27/01/2026"
"Gerência Regional / TO","864009/2023","Requerimento de Autorização de Pesquisa","Autorização de Pesquisa","64.037.802/0001-59","GLOBAL PROSPECT MINERAIS LTDA","MONTIVIDIU DO NORTE - GO, TALISMÃ - TO","MINÉRIO DE OURO","Industrial","Sim","13/08/2026"
"Gerência Regional / GO","861283/2021","Requerimento de Pesquisa - Leilão","Autorização de Pesquisa","65.475.278/0001-60","P.A GOLD SERTAO MINERACAO E METALURGIA S.A.","FAINA - GO","MINÉRIO DE OURO","Industrial","Sim","23/04/2025"
"Gerência Regional / GO","860213/2018","Requerimento de Autorização de Pesquisa","Autorização de Pesquisa","65.475.278/0001-60","P.A GOLD SERTAO MINERACAO E METALURGIA S.A.","FAINA - GO","MINÉRIO DE OURO","Industrial","Sim","27/07/2026"
"Gerência Regional / GO","861501/2016","Requerimento de Disponibilidade para pesquisa","Autorização de Pesquisa","65.475.278/0001-60","P.A GOLD SERTAO MINERACAO E METALURGIA S.A.","FAINA - GO","CALCÁRIO, MINÉRIO DE OURO","Corretivo de solo, Industrial","Sim","13/06/2024"
"Gerência Regional / GO","860951/2024","Requerimento de Autorização de Pesquisa","Autorização de Pesquisa","61.840.960/0001-54","GESSO PINHEIRO LTDA","MONTE ALEGRE DE GOIÁS - GO","MINÉRIO DE OURO","Industrial","Sim","20/05/2026"
"Gerência Regional / GO","860913/2017","Requerimento de Autorização de Pesquisa","Requerimento de Lavra","34.959.384/0001-96","MJC SERVICOS LTDA","MIMOSO DE GOIÁS - GO","CALCÁRIO DOLOMÍTICO","Fabricação de cal","Sim","27/07/2026"
"Gerência Regional / GO","860528/2024","Requerimento de Autorização de Pesquisa","Autorização de Pesquisa","63.674.000/0001-97","MBL MINERACAO, EXPORTACAO E IMPORTACAO LTDA","MONTE ALEGRE DE GOIÁS - GO","CASSITERITA","Industrial","Sim","27/07/2026"
"Gerência Regional / GO","861432/2024","Requerimento de Pesquisa - Leilão","Autorização de Pesquisa","63.287.077/0001-04","CRISTALINA 861.432 SPE LTDA","CRISTALINA - GO","MINÉRIO DE OURO","Industrial","Sim","17/03/2026"
"Gerência Regional / GO","861655/2024","Requerimento de Pesquisa - Leilão","Autorização de Pesquisa","63.195.785/0001-15","CRISTALINA 861.655 SPE LTDA","CRISTALINA - GO","MINÉRIO DE OURO","Industrial","Sim","17/03/2026"
"Gerência Regional / GO","861535/2024","Requerimento de Pesquisa - Leilão","Autorização de Pesquisa","63.195.737/0001-27","FAINA 861.535 SPE LTDA","FAINA - GO","MINÉRIO DE OURO","Industrial","Sim","17/03/2026"
"Gerência Regional / GO","860685/2001","Requerimento de Autorização de Pesquisa","Concessão de Lavra","63.798.625/0001-60","F3A AGUA MINERAL NATURAL LTDA","ABADIÂNIA - GO","ÁGUA MINERAL","Industrial","Sim","17/07/2002"
"Gerência Regional / GO","861121/2004","Requerimento de Autorização de Pesquisa","Concessão de Lavra","63.585.614/0001-00","FRANCO INDUSTRIALIZACAO E COMERCIALIZACAO DE AGUA MINERAL LTDA","JUSSARA - GO","ÁGUA MINERAL","Industrial","Sim","14/04/2026"
"Gerência Regional / GO","860425/2020","Requerimento de Autorização de Pesquisa","Autorização de Pesquisa","63.055.070/0001-67","PEDRA AZUL MINERACAO LTDA.","CAMPINAÇU - GO","AREIA, FOSFATO, MINÉRIO DE MANGANÊS, MINÉRIO DE OURO","Construção civil, Fertilizantes, Industrial, Industrial","Sim","20/05/2026"
"Gerência Regional / GO","860285/2018","Requerimento de Disponibilidade para pesquisa","Autorização de Pesquisa","66.495.215/0001-39","MINERACAO PEQUI S.A.","PILAR DE GOIÁS - GO, SANTA TEREZINHA DE GOIÁS - GO","MINÉRIO DE OURO","Industrial","Sim","27/07/2026"
"Gerência Regional / GO","861392/2016","Requerimento de Autorização de Pesquisa","Autorização de Pesquisa","65.475.278/0001-60","P.A GOLD SERTAO MINERACAO E METALURGIA S.A.","FAINA - GO, GOIÁS - GO","MINÉRIO DE OURO","Industrial","Sim","27/07/2026"
"Gerência Regional / GO","860450/2005","Requerimento de Autorização de Pesquisa","Concessão de Lavra","00.097.494/0001-74","CAMPOS AGRICOLA LTDA","FORMOSA - GO","AREIA, SAIBRO","Construção civil, Construção civil","Sim","16/08/2005"
"Gerência Regional / GO","860449/2005","Requerimento de Autorização de Pesquisa","Concessão de Lavra","00.097.494/0001-74","CAMPOS AGRICOLA LTDA","FORMOSA - GO","AREIA, SAIBRO","Construção civil, Construção civil","Sim","16/08/2005"
"Gerência Regional / GO","860448/2005","Requerimento de Autorização de Pesquisa","Concessão de Lavra","00.097.494/0001-74","CAMPOS AGRICOLA LTDA","FORMOSA - GO","AREIA, SAIBRO","Construção civil, Construção civil","Sim","16/08/2005"
"Gerência Regional / GO","860447/2005","Requerimento de Autorização de Pesquisa","Concessão de Lavra","00.097.494/0001-74","CAMPOS AGRICOLA LTDA","FORMOSA - GO","AREIA, SAIBRO","Construção civil, Construção civil","Sim","16/08/2005"
"Gerência Regional / GO","860446/2005","Requerimento de Autorização de Pesquisa","Concessão de Lavra","00.097.494/0001-74","CAMPOS AGRICOLA LTDA","FORMOSA - GO","AREIA, SAIBRO","Construção civil, Construção civil","Sim","16/08/2005"
"Gerência Regional / GO","860445/2005","Requerimento de Autorização de Pesquisa","Concessão de Lavra","00.097.494/0001-74","CAMPOS AGRICOLA LTDA","FORMOSA - GO","AREIA, SAIBRO","Construção civil, Construção civil","Sim","16/08/2005"
"Gerência Regional / GO","860094/2004","Requerimento de Autorização de Pesquisa","Concessão de Lavra","00.097.494/0001-74","CAMPOS AGRICOLA LTDA","FORMOSA - GO","AREIA, SAIBRO","Demais substâncias, Demais substâncias","Sim","04/11/2005"
"Gerência Regional / GO","860042/2004","Requerimento de Autorização de Pesquisa","Concessão de Lavra","00.097.494/0001-74","CAMPOS AGRICOLA LTDA","FORMOSA - GO","AREIA, SAIBRO","Demais substâncias, Demais substâncias","Sim","28/06/2005"
"Gerência Regional / GO","860971/2005","Requerimento de Autorização de Pesquisa","Concessão de Lavra","00.097.494/0001-74","CAMPOS AGRICOLA LTDA","FORMOSA - GO","AREIA, SAIBRO","Construção civil, Construção civil","Sim","15/09/2005"
"Gerência Regional / GO","860970/2005","Requerimento de Autorização de Pesquisa","Concessão de Lavra","00.097.494/0001-74","CAMPOS AGRICOLA LTDA","FORMOSA - GO","AREIA, SAIBRO","Demais substâncias, Demais substâncias","Sim","15/09/2005"
"Gerência Regional / GO","860969/2005","Requerimento de Autorização de Pesquisa","Concessão de Lavra","00.097.494/0001-74","CAMPOS AGRICOLA LTDA","FORMOSA - GO","AREIA, SAIBRO","Demais substâncias, Demais substâncias","Sim","15/09/2005"
"Gerência Regional / GO","860452/2005","Requerimento de Autorização de Pesquisa","Concessão de Lavra","00.097.494/0001-74","CAMPOS AGRICOLA LTDA","FORMOSA - GO","AREIA, SAIBRO","Construção civil, Construção civil","Sim","16/08/2005"
"Gerência Regional / GO","860224/1987","Requerimento de Autorização de Pesquisa","Concessão de Lavra","01.860.177/0001-20","MINERACAO SANDE LTDA","CALDAS NOVAS - GO","ÁGUA MINERAL","Demais substâncias","Sim","19/04/1999"
"Gerência Regional / GO","860848/2009","Requerimento de Autorização de Pesquisa","Requerimento de Lavra","02.174.951/0001-02","MINERACAO DE CALCARIO MONTIVIDIU LTDA","INDIARA - GO","CALCÁRIO CALCÍTICO, CALCÁRIO CALCÍTICO, CALCÁRIO DOLOMÍTICO","Corretivo de solo, Fabricação de cal, Fabricação de cimento","Sim","28/06/2012"
"Gerência Regional / GO","860499/2022","Requerimento de Autorização de Pesquisa","Autorização de Pesquisa","02.174.951/0001-02","MINERACAO DE CALCARIO MONTIVIDIU LTDA","JARAGUÁ - GO","CASCALHO, QUARTZO","Construção civil, Industrial","Sim","17/11/2023"
"Gerência Regional / GO","860493/1987","Requerimento de Registro de Licença","Concessão de Lavra","02.174.951/0001-02","MINERACAO DE CALCARIO MONTIVIDIU LTDA","INDIARA - GO","CALCÁRIO, CALCÁRIO DOLOMÍTICO","Corretivo de solo, Demais substâncias","Sim","01/08/2008"
"Gerência Regional / GO","860492/1987","Requerimento de Registro de Licença","Concessão de Lavra","02.174.951/0001-02","MINERACAO DE CALCARIO MONTIVIDIU LTDA","INDIARA - GO","CALCÁRIO, CALCÁRIO DOLOMÍTICO","Corretivo de solo, Demais substâncias","Sim","01/08/2008"
"Gerência Regional / GO","760968/1996","Requerimento de Autorização de Pesquisa","Requerimento de Lavra","02.174.951/0001-02","MINERACAO DE CALCARIO MONTIVIDIU LTDA","PEROLÂNDIA - GO","CALCÁRIO, DOLOMITO","Corretivo de solo, Demais substâncias","Sim","13/10/2005"
"Gerência Regional / GO","813913/1976","Requerimento de Autorização de Pesquisa","Concessão de Lavra","02.174.951/0001-02","MINERACAO DE CALCARIO MONTIVIDIU LTDA","CAIAPÔNIA - GO","CALCÁRIO DOLOMÍTICO","Demais substâncias","Sim","22/02/2001"
"Gerência Regional / GO","860176/2020","Requerimento de Autorização de Pesquisa","Direito de Requerer a Lavra","02.174.951/0001-02","MINERACAO DE CALCARIO MONTIVIDIU LTDA","PIRANHAS - GO","CALCÁRIO, FOSFATO","Corretivo de solo, Fertilizantes","Sim","19/04/2023"
"Gerência Regional / GO","860160/1987","Requerimento de Autorização de Pesquisa","Concessão de Lavra","02.174.951/0001-02","MINERACAO DE CALCARIO MONTIVIDIU LTDA","INDIARA - GO","MÁRMORE","Fabricação de cal","Sim","01/08/2008"
"Gerência Regional / GO","860110/2010","Requerimento de Autorização de Pesquisa","Requerimento de Lavra","02.174.951/0001-02","MINERACAO DE CALCARIO MONTIVIDIU LTDA","URUAÇU - GO","CALCÁRIO DOLOMÍTICO, MINÉRIO DE OURO","Corretivo de solo, Industrial","Sim","24/05/2010"
"Gerência Regional / GO","861299/2010","Requerimento de Autorização de Pesquisa","Requerimento de Lavra","02.174.951/0001-02","MINERACAO DE CALCARIO MONTIVIDIU LTDA","CAMPINORTE - GO, URUAÇU - GO","CALCÁRIO","Fabricação de cal","Sim","06/07/2011"
"Gerência Regional / GO","860920/2009","Requerimento de Disponibilidade para pesquisa","Requerimento de Lavra","02.174.951/0001-02","MINERACAO DE CALCARIO MONTIVIDIU LTDA","URUAÇU - GO","CALCÁRIO, MINÉRIO DE OURO","Corretivo de solo, Industrial","Sim","07/01/2010"
"Gerência Regional / GO","860848/2009","Requerimento de Autorização de Pesquisa","Requerimento de Lavra","02.174.951/0001-02","MINERACAO DE CALCARIO MONTIVIDIU LTDA","INDIARA - GO","CALCÁRIO CALCÍTICO, CALCÁRIO CALCÍTICO, CALCÁRIO DOLOMÍTICO","Corretivo de solo, Fabricação de cal, Fabricação de cimento","Sim","27/06/2013"
"Gerência Regional / GO","860726/2008","Requerimento de Autorização de Pesquisa","Requerimento de Lavra","02.174.951/0001-02","MINERACAO DE CALCARIO MONTIVIDIU LTDA","EDÉIA - GO, INDIARA - GO","CALCÁRIO, CALCÁRIO, CALCÁRIO, MINÉRIO DE OURO","Corretivo de solo, Fabricação de cal, Fabricação de cimento, Industrial","Sim","02/07/2009"
"Gerência Regional / GO","860670/1990","Requerimento de Registro de Licença","Concessão de Lavra","02.174.951/0001-02","MINERACAO DE CALCARIO MONTIVIDIU LTDA","INDIARA - GO","CALCÁRIO DOLOMÍTICO","Demais substâncias","Sim","01/08/2008"
"Gerência Regional / GO","861776/1980","Requerimento de Autorização de Pesquisa","Concessão de Lavra","27.184.936/0001-76","CBE COMPANHIA BRASILEIRA DE EQUIPAMENTO - EM RECUPERACAO JUDICIAL","FORMOSA - GO","CALCÁRIO","Demais substâncias","Sim","06/08/1998"
"Gerência Regional / GO","860859/2002","Requerimento de Autorização de Pesquisa","Requerimento de Lavra","27.184.936/0001-76","CBE COMPANHIA BRASILEIRA DE EQUIPAMENTO - EM RECUPERACAO JUDICIAL","FORMOSA - GO","CALCÁRIO","Fabricação de cimento","Sim","19/08/2010"
"Gerência Regional / GO","860688/1981","Requerimento de Autorização de Pesquisa","Concessão de Lavra","27.184.936/0001-76","CBE COMPANHIA BRASILEIRA DE EQUIPAMENTO - EM RECUPERACAO JUDICIAL","FORMOSA - GO","CALCÁRIO","Demais substâncias","Sim","06/08/1998"
"Gerência Regional / GO","860167/2000","Requerimento de Autorização de Pesquisa","Requerimento de Lavra","27.184.936/0001-76","CBE COMPANHIA BRASILEIRA DE EQUIPAMENTO - EM RECUPERACAO JUDICIAL","FORMOSA - GO","CALCÁRIO","Fabricação de cimento","Sim","16/07/2009"
"Gerência Regional / GO","860015/1981","Requerimento de Autorização de Pesquisa","Concessão de Lavra","27.184.936/0001-76","CBE COMPANHIA BRASILEIRA DE EQUIPAMENTO - EM RECUPERACAO JUDICIAL","FORMOSA - GO","CALCÁRIO","Demais substâncias","Sim","06/08/1998"
"Gerência Regional / GO","860002/1986","Requerimento de Autorização de Pesquisa","Requerimento de Lavra","27.184.936/0001-76","CBE COMPANHIA BRASILEIRA DE EQUIPAMENTO - EM RECUPERACAO JUDICIAL","FORMOSA - GO","CALCÁRIO","Demais substâncias","Sim","28/10/2011"
"Gerência Regional / GO","860191/2019","Requerimento de Autorização de Pesquisa","Autorização de Pesquisa","***.040.169-**","ANTONIO MARTINS DOS SANTOS","NIQUELÂNDIA - GO","MINÉRIO DE MANGANÊS","Industrial","Sim","13/08/2019"
"Gerência Regional / GO","860190/2019","Requerimento de Autorização de Pesquisa","Autorização de Pesquisa","***.040.169-**","ANTONIO MARTINS DOS SANTOS","NIQUELÂNDIA - GO","MINÉRIO DE MANGANÊS","Industrial","Sim","13/08/2019"
"Gerência Regional / GO","860863/2019","Requerimento de Autorização de Pesquisa","Autorização de Pesquisa","***.040.169-**","ANTONIO MARTINS DOS SANTOS","NIQUELÂNDIA - GO","MINÉRIO DE OURO","Industrial","Sim","23/10/2020"
"Gerência Regional / GO","860859/2019","Requerimento de Autorização de Pesquisa","Autorização de Pesquisa","***.040.169-**","ANTONIO MARTINS DOS SANTOS","NIQUELÂNDIA - GO","MINÉRIO DE OURO","Industrial","Sim","23/10/2020"
"Gerência Regional / GO","860857/2019","Requerimento de Autorização de Pesquisa","Autorização de Pesquisa","***.040.169-**","ANTONIO MARTINS DOS SANTOS","NIQUELÂNDIA - GO","MINÉRIO DE OURO","Industrial","Sim","23/10/2020"
"Gerência Regional / GO","860856/2019","Requerimento de Autorização de Pesquisa","Autorização de Pesquisa","***.040.169-**","ANTONIO MARTINS DOS SANTOS","NIQUELÂNDIA - GO","MINÉRIO DE OURO","Industrial","Sim","23/10/2020"
"Gerência Regional / GO","860855/2019","Requerimento de Autorização de Pesquisa","Autorização de Pesquisa","***.040.169-**","ANTONIO MARTINS DOS SANTOS","NIQUELÂNDIA - GO","MINÉRIO DE OURO","Industrial","Sim","23/10/2020"
"Gerência Regional / GO","860852/2019","Requerimento de Autorização de Pesquisa","Autorização de Pesquisa","***.040.169-**","ANTONIO MARTINS DOS SANTOS","NIQUELÂNDIA - GO","MINÉRIO DE OURO","Industrial","Sim","23/10/2020"
"Gerência Regional / GO","860849/2019","Requerimento de Autorização de Pesquisa","Autorização de Pesquisa","***.040.169-**","ANTONIO MARTINS DOS SANTOS","NIQUELÂNDIA - GO","MINÉRIO DE OURO","Industrial","Sim","23/10/2020"
"Gerência Regional / GO","860848/2019","Requerimento de Autorização de Pesquisa","Autorização de Pesquisa","***.040.169-**","ANTONIO MARTINS DOS SANTOS","NIQUELÂNDIA - GO","MINÉRIO DE OURO","Industrial","Sim","16/11/2020"
"Gerência Regional / GO","860847/2019","Requerimento de Autorização de Pesquisa","Autorização de Pesquisa","***.040.169-**","ANTONIO MARTINS DOS SANTOS","NIQUELÂNDIA - GO","MINÉRIO DE OURO","Industrial","Sim","23/10/2020"
"Gerência Regional / GO","860844/2019","Requerimento de Autorização de Pesquisa","Autorização de Pesquisa","***.040.169-**","ANTONIO MARTINS DOS SANTOS","NIQUELÂNDIA - GO","MINÉRIO DE OURO","Industrial","Sim","23/10/2020"
"Gerência Regional / GO","860169/2018","Requerimento de Autorização de Pesquisa","Autorização de Pesquisa","***.410.318-**","MARCELO VENDRAMINI","URUAÇU - GO","MINÉRIO DE OURO","Industrial","Sim","07/10/2021"
"Gerência Regional / GO","860817/2018","Requerimento de Autorização de Pesquisa","Autorização de Pesquisa","***.974.661-**","JOAQUIM DA SILVA PIRES","MINAÇU - GO","MINÉRIO DE OURO","Industrial","Sim","05/01/2021"
"Gerência Regional / GO","861187/2003","Requerimento de Autorização de Pesquisa","Concessão de Lavra","02.195.907/0001-89","JOSÉ EUSTÁQUIO DE SOUSA","CUMARI - GO","AREIA, CASCALHO","Construção civil, Construção civil","Sim","16/05/2011"
"Gerência Regional / GO","861759/2013","Requerimento de Autorização de Pesquisa","Autorização de Pesquisa","01.005.225/0001-01","Hp Mineração e Meio Ambiente Ltda","CAIAPÔNIA - GO","CALCÁRIO","Fabricação de cimento","Sim","04/07/2014"
"Gerência Regional / GO","860640/2021","Requerimento de Pesquisa - Leilão","Autorização de Pesquisa","01.005.225/0001-01","Hp Mineração e Meio Ambiente Ltda","PIRENÓPOLIS - GO","CALCÁRIO, CALCÁRIO, CALCÁRIO","Corretivo de solo, Fabricação de cal, Fabricação de cimento","Sim","18/03/2022"
"Gerência Regional / GO","860261/2012","Requerimento de Autorização de Pesquisa","Direito de Requerer a Lavra","12.219.604/0001-02","STRACTA MINERACAO LTDA","NIQUELÂNDIA - GO","MINÉRIO DE OURO","Industrial","Sim","08/12/2015"
"Gerência Regional / GO","860710/2009","Requerimento de Disponibilidade para pesquisa","Autorização de Pesquisa","26.108.898/0001-00","CMOC BRASIL MINERACAO, INDUSTRIA E PARTICIPACOES LTDA.","MONTES CLAROS DE GOIÁS - GO","FOSFATO, MINÉRIO DE NIÓBIO","Fertilizantes, Industrial","Sim","27/06/2018"
"Gerência Regional / GO","860246/2012","Requerimento de Disponibilidade para pesquisa","Autorização de Pesquisa","26.108.898/0001-00","CMOC BRASIL MINERACAO, INDUSTRIA E PARTICIPACOES LTDA.","BRITÂNIA - GO, JUSSARA - GO","FOSFATO, MINÉRIO DE NIÓBIO","Fertilizantes, Industrial","Sim","04/05/2016"
"Gerência Regional / GO","860232/2012","Requerimento de Disponibilidade para pesquisa","Autorização de Pesquisa","26.108.898/0001-00","CMOC BRASIL MINERACAO, INDUSTRIA E PARTICIPACOES LTDA.","ARUANÃ - GO","FOSFATO, MINÉRIO DE NIÓBIO","Fertilizantes, Industrial","Sim","04/05/2016"
"Gerência Regional / GO","860231/2012","Requerimento de Disponibilidade para pesquisa","Autorização de Pesquisa","26.108.898/0001-00","CMOC BRASIL MINERACAO, INDUSTRIA E PARTICIPACOES LTDA.","ARUANÃ - GO","FOSFATO, MINÉRIO DE NIÓBIO","Fertilizantes, Industrial","Sim","27/10/2021"
"Gerência Regional / GO","860229/2012","Requerimento de Disponibilidade para pesquisa","Autorização de Pesquisa","26.108.898/0001-00","CMOC BRASIL MINERACAO, INDUSTRIA E PARTICIPACOES LTDA.","ARUANÃ - GO","FOSFATO, MINÉRIO DE NIÓBIO","Fertilizantes, Industrial","Sim","04/05/2016"
"Gerência Regional / GO","860228/2012","Requerimento de Disponibilidade para pesquisa","Autorização de Pesquisa","26.108.898/0001-00","CMOC BRASIL MINERACAO, INDUSTRIA E PARTICIPACOES LTDA.","ARUANÃ - GO","FOSFATO, MINÉRIO DE NIÓBIO","Fertilizantes, Industrial","Sim","27/10/2021"
"Gerência Regional / GO","803343/1973","Requerimento de Autorização de Pesquisa","Concessão de Lavra","26.108.898/0001-00","CMOC BRASIL MINERACAO, INDUSTRIA E PARTICIPACOES LTDA.","CATALÃO - GO","NIÓBIO","Demais substâncias","Sim","31/01/1991"
"Gerência Regional / GO","803343/1973","Requerimento de Autorização de Pesquisa","Concessão de Lavra","26.108.898/0001-00","CMOC BRASIL MINERACAO, INDUSTRIA E PARTICIPACOES LTDA.","CATALÃO - GO","NIÓBIO","Demais substâncias","Sim","10/11/2021"
"Gerência Regional / GO","803343/1973","Requerimento de Autorização de Pesquisa","Concessão de Lavra","26.108.898/0001-00","CMOC BRASIL MINERACAO, INDUSTRIA E PARTICIPACOES LTDA.","CATALÃO - GO","NIÓBIO","Demais substâncias","Sim","21/02/2011"
"Gerência Regional / GO","803343/1973","Requerimento de Autorização de Pesquisa","Concessão de Lavra","26.108.898/0001-00","CMOC BRASIL MINERACAO, INDUSTRIA E PARTICIPACOES LTDA.","CATALÃO - GO","NIÓBIO","Demais substâncias","Sim","19/12/2003"
"Gerência Regional / GO","803343/1973","Requerimento de Autorização de Pesquisa","Concessão de Lavra","26.108.898/0001-00","CMOC BRASIL MINERACAO, INDUSTRIA E PARTICIPACOES LTDA.","CATALÃO - GO","NIÓBIO","Demais substâncias","Sim","18/04/2002"
"Gerência Regional / GO","801244/1968","Requerimento de Autorização de Pesquisa","Concessão de Lavra","26.108.898/0001-00","CMOC BRASIL MINERACAO, INDUSTRIA E PARTICIPACOES LTDA.","CATALÃO - GO, OUVIDOR - GO","BARITA, FOSFATO, NIÓBIO","Demais substâncias, Demais substâncias, Industrial","Sim","18/04/2002"
"Gerência Regional / GO","801244/1968","Requerimento de Autorização de Pesquisa","Concessão de Lavra","26.108.898/0001-00","CMOC BRASIL MINERACAO, INDUSTRIA E PARTICIPACOES LTDA.","CATALÃO - GO, OUVIDOR - GO","BARITA, FOSFATO, NIÓBIO","Demais substâncias, Demais substâncias, Industrial","Sim","10/11/2021"
"Gerência Regional / GO","801244/1968","Requerimento de Autorização de Pesquisa","Concessão de Lavra","26.108.898/0001-00","CMOC BRASIL MINERACAO, INDUSTRIA E PARTICIPACOES LTDA.","CATALÃO - GO, OUVIDOR - GO","BARITA, FOSFATO, NIÓBIO","Demais substâncias, Demais substâncias, Industrial","Sim","03/12/2012"
"Gerência Regional / GO","860227/2012","Requerimento de Disponibilidade para pesquisa","Autorização de Pesquisa","26.108.898/0001-00","CMOC BRASIL MINERACAO, INDUSTRIA E PARTICIPACOES LTDA.","ARUANÃ - GO","FOSFATO, MINÉRIO DE NIÓBIO","Fertilizantes, Industrial","Sim","04/05/2016"
"Gerência Regional / GO","860226/2012","Requerimento de Disponibilidade para pesquisa","Autorização de Pesquisa","26.108.898/0001-00","CMOC BRASIL MINERACAO, INDUSTRIA E PARTICIPACOES LTDA.","ARUANÃ - GO","FOSFATO, MINÉRIO DE NIÓBIO","Fertilizantes, Industrial","Sim","04/05/2016"
"Gerência Regional / GO","860140/2013","Requerimento de Disponibilidade para pesquisa","Autorização de Pesquisa","26.108.898/0001-00","CMOC BRASIL MINERACAO, INDUSTRIA E PARTICIPACOES LTDA.","CATALÃO - GO","FOSFATO, MINÉRIO DE NIÓBIO","Fertilizantes, Industrial","Sim","13/06/2016"
"Gerência Regional / GO","862934/2011","Requerimento de Autorização de Pesquisa","Autorização de Pesquisa","26.108.898/0001-00","CMOC BRASIL MINERACAO, INDUSTRIA E PARTICIPACOES LTDA.","BOM JARDIM DE GOIÁS - GO","FOSFATO, MINÉRIO DE NIÓBIO","Fertilizantes, Industrial","Sim","04/05/2016"
"Gerência Regional / GO","861080/2012","Requerimento de Autorização de Pesquisa","Autorização de Pesquisa","26.108.898/0001-00","CMOC BRASIL MINERACAO, INDUSTRIA E PARTICIPACOES LTDA.","MONTES CLAROS DE GOIÁS - GO","FOSFATO, MINÉRIO DE NIÓBIO","Fertilizantes, Industrial","Sim","04/05/2016"
"Gerência Regional / GO","861079/2012","Requerimento de Autorização de Pesquisa","Autorização de Pesquisa","26.108.898/0001-00","CMOC BRASIL MINERACAO, INDUSTRIA E PARTICIPACOES LTDA.","MONTES CLAROS DE GOIÁS - GO","FOSFATO, MINÉRIO DE NIÓBIO","Fertilizantes, Industrial","Sim","04/05/2016"
"Gerência Regional / GO","861079/2009","Requerimento de Disponibilidade para pesquisa","Autorização de Pesquisa","26.108.898/0001-00","CMOC BRASIL MINERACAO, INDUSTRIA E PARTICIPACOES LTDA.","ARENÓPOLIS - GO, PIRANHAS - GO","FOSFATO, MINÉRIO DE NIÓBIO","Fertilizantes, Industrial","Sim","27/06/2018"
"Gerência Regional / GO","861078/2012","Requerimento de Autorização de Pesquisa","Autorização de Pesquisa","26.108.898/0001-00","CMOC BRASIL MINERACAO, INDUSTRIA E PARTICIPACOES LTDA.","ARENÓPOLIS - GO, BOM JARDIM DE GOIÁS - GO, MONTES CLAROS DE GOIÁS - GO, PIRANHAS - GO","FOSFATO, MINÉRIO DE NIÓBIO","Fertilizantes, Industrial","Sim","27/10/2021"
"Gerência Regional / GO","860841/2014","Requerimento de Autorização de Pesquisa","Autorização de Pesquisa","26.108.898/0001-00","CMOC BRASIL MINERACAO, INDUSTRIA E PARTICIPACOES LTDA.","MONTES CLAROS DE GOIÁS - GO","FOSFATO, MINÉRIO DE NIÓBIO","Fertilizantes, Industrial","Sim","04/05/2016"
"Gerência Regional / GO","860451/2005","Requerimento de Autorização de Pesquisa","Concessão de Lavra","00.097.494/0001-74","CAMPOS AGRICOLA LTDA","FORMOSA - GO","AREIA, SAIBRO","Construção civil, Construção civil","Sim","28/06/2005"
"Gerência Regional / GO","860409/1986","Requerimento de Autorização de Pesquisa","Concessão de Lavra","01.860.177/0001-20","MINERACAO SANDE LTDA","CALDAS NOVAS - GO","ÁGUA MINERAL","Demais substâncias","Sim","12/05/1997"
"Gerência Regional / GO","860814/2021","Requerimento de Autorização de Pesquisa","Autorização de Pesquisa","08.410.022/0001-31","SR AREIA E TRANSPORTE LTDA","SILVÂNIA - GO","AREIA","Construção civil","Sim","03/03/2023"
"Gerência Regional / GO","862047/2008","Requerimento de Autorização de Pesquisa","Requerimento de Lavra","10.579.917/0001-46","MAVEA MINERACAO LTDA","PADRE BERNARDO - GO, PLANALTINA - GO","AREIA","Construção civil","Sim","25/01/2018"
"Gerência Regional / GO","862046/2008","Requerimento de Autorização de Pesquisa","Requerimento de Lavra","10.579.917/0001-46","MAVEA MINERACAO LTDA","PADRE BERNARDO - GO, PLANALTINA - GO","AREIA","Construção civil","Sim","25/01/2018"
"Gerência Regional / GO","862045/2008","Requerimento de Autorização de Pesquisa","Requerimento de Lavra","10.579.917/0001-46","MAVEA MINERACAO LTDA","PADRE BERNARDO - GO, PLANALTINA - GO","AREIA","Construção civil","Sim","25/01/2018"
"Gerência Regional / GO","862044/2008","Requerimento de Autorização de Pesquisa","Requerimento de Lavra","10.579.917/0001-46","MAVEA MINERACAO LTDA","PADRE BERNARDO - GO, PLANALTINA - GO","AREIA","Construção civil","Sim","25/01/2018"
"Gerência Regional / GO","862041/2008","Requerimento de Autorização de Pesquisa","Requerimento de Lavra","10.579.917/0001-46","MAVEA MINERACAO LTDA","PADRE BERNARDO - GO, PLANALTINA - GO","AREIA","Construção civil","Sim","25/01/2018"
"Gerência Regional / GO","862039/2008","Requerimento de Autorização de Pesquisa","Requerimento de Lavra","10.579.917/0001-46","MAVEA MINERACAO LTDA","PADRE BERNARDO - GO, PLANALTINA - GO","AREIA","Construção civil","Sim","25/01/2018"
"Gerência Regional / GO","861589/2008","Requerimento de Autorização de Pesquisa","Requerimento de Lavra","04.146.891/0001-40","MINERAX MINERACOES S.A.","PADRE BERNARDO - GO","CALCÁRIO","Fabricação de cimento","Sim","24/05/2010"
"Gerência Regional / GO","860261/2012","Requerimento de Autorização de Pesquisa","Direito de Requerer a Lavra","12.219.604/0001-02","STRACTA MINERACAO LTDA","NIQUELÂNDIA - GO","MINÉRIO DE OURO","Industrial","Sim","13/06/2016"
"Gerência Regional / GO","861598/2010","Requerimento de Autorização de Pesquisa","Concessão de Lavra","12.219.604/0001-02","STRACTA MINERACAO LTDA","BARRO ALTO - GO","ARGILA, BAUXITA","Industrial, Industrial","Sim","24/04/2017"
"Gerência Regional / GO","861003/2015","Requerimento de Autorização de Pesquisa","Autorização de Pesquisa","12.219.604/0001-02","STRACTA MINERACAO LTDA","NIQUELÂNDIA - GO","MINÉRIO DE OURO","Industrial","Sim","11/06/2019"
"Gerência Regional / GO","860554/2014","Requerimento de Autorização de Pesquisa","Autorização de Pesquisa","12.219.604/0001-02","STRACTA MINERACAO LTDA","NIQUELÂNDIA - GO","MINÉRIO DE OURO","Industrial","Sim","13/06/2016"
"Gerência Regional / GO","860553/2014","Requerimento de Autorização de Pesquisa","Autorização de Pesquisa","12.219.604/0001-02","STRACTA MINERACAO LTDA","NIQUELÂNDIA - GO","MINÉRIO DE OURO","Industrial","Sim","13/06/2016"
"Gerência Regional / GO","860337/2022","Requerimento de Autorização de Pesquisa","Autorização de Pesquisa","18.230.876/0001-90","Grupo Shanz Empreendimentos e Participações Ltda Me","NIQUELÂNDIA - GO","OURO","Industrial","Sim","29/05/2025"
"Gerência Regional / GO","860361/2015","Requerimento de Autorização de Pesquisa","Direito de Requerer a Lavra","14.720.430/0001-92","O. Moreira de Lima","DIVINÓPOLIS DE GOIÁS - GO","CALCÁRIO, FOSFATO","Fabricação de cimento, Fertilizantes","Sim","27/01/2026"
"Gerência Regional / GO","860756/2015","Requerimento de Autorização de Pesquisa","Autorização de Pesquisa","24.736.329/0001-83","FORTE MINERAIS LTDA","MIMOSO DE GOIÁS - GO","CALCÁRIO","Fabricação de cimento","Sim","25/02/2021"
"Gerência Regional / GO","860738/2017","Requerimento de Autorização de Pesquisa","Autorização de Pesquisa","26.108.898/0001-00","CMOC BRASIL MINERACAO, INDUSTRIA E PARTICIPACOES LTDA.","ARUANÃ - GO, BRITÂNIA - GO","FOSFATO, MINÉRIO DE NIÓBIO","Fertilizantes, Industrial","Sim","10/11/2021"
"Gerência Regional / GO","860737/2017","Requerimento de Autorização de Pesquisa","Autorização de Pesquisa","26.108.898/0001-00","CMOC BRASIL MINERACAO, INDUSTRIA E PARTICIPACOES LTDA.","ARUANÃ - GO","FOSFATO, MINÉRIO DE NIÓBIO","Fertilizantes, Industrial","Sim","10/11/2021"
"Gerência Regional / GO","860736/2017","Requerimento de Autorização de Pesquisa","Autorização de Pesquisa","26.108.898/0001-00","CMOC BRASIL MINERACAO, INDUSTRIA E PARTICIPACOES LTDA.","ARUANÃ - GO, BRITÂNIA - GO","FOSFATO, MINÉRIO DE NIÓBIO","Fertilizantes, Industrial","Sim","10/11/2021"
"Gerência Regional / GO","860735/2017","Requerimento de Autorização de Pesquisa","Autorização de Pesquisa","26.108.898/0001-00","CMOC BRASIL MINERACAO, INDUSTRIA E PARTICIPACOES LTDA.","ARUANÃ - GO, BRITÂNIA - GO","FOSFATO, MINÉRIO DE NIÓBIO","Fertilizantes, Industrial","Sim","10/11/2021"
"Gerência Regional / GO","860734/2017","Requerimento de Autorização de Pesquisa","Autorização de Pesquisa","26.108.898/0001-00","CMOC BRASIL MINERACAO, INDUSTRIA E PARTICIPACOES LTDA.","BRITÂNIA - GO","FOSFATO, MINÉRIO DE NIÓBIO","Fertilizantes, Industrial","Sim","10/11/2021"
"Gerência Regional / GO","860733/2017","Requerimento de Autorização de Pesquisa","Autorização de Pesquisa","26.108.898/0001-00","CMOC BRASIL MINERACAO, INDUSTRIA E PARTICIPACOES LTDA.","BRITÂNIA - GO, JUSSARA - GO","FOSFATO, MINÉRIO DE NIÓBIO","Fertilizantes, Industrial","Sim","10/11/2021"
"Gerência Regional / GO","860732/2017","Requerimento de Autorização de Pesquisa","Autorização de Pesquisa","26.108.898/0001-00","CMOC BRASIL MINERACAO, INDUSTRIA E PARTICIPACOES LTDA.","ARUANÃ - GO","FOSFATO, MINÉRIO DE NIÓBIO","Fertilizantes, Industrial","Sim","10/11/2021"
"Gerência Regional / GO","860710/2009","Requerimento de Disponibilidade para pesquisa","Autorização de Pesquisa","26.108.898/0001-00","CMOC BRASIL MINERACAO, INDUSTRIA E PARTICIPACOES LTDA.","MONTES CLAROS DE GOIÁS - GO","FOSFATO, MINÉRIO DE NIÓBIO","Fertilizantes, Industrial","Sim","27/10/2021"
"Gerência Regional / GO","860402/2001","Requerimento de Autorização de Pesquisa","Concessão de Lavra","26.108.898/0001-00","CMOC BRASIL MINERACAO, INDUSTRIA E PARTICIPACOES LTDA.","CATALÃO - GO, OUVIDOR - GO","BARITA, FOSFATO, MINÉRIO DE NIÓBIO","Fertilizantes, Industrial, Industrial","Sim","27/10/2021"
"Gerência Regional / GO","860351/2003","Requerimento de Autorização de Pesquisa","Requerimento de Lavra","26.108.898/0001-00","CMOC BRASIL MINERACAO, INDUSTRIA E PARTICIPACOES LTDA.","CATALÃO - GO","FOSFATO, MINÉRIO DE NIÓBIO, MINÉRIO DE NIÓBIO","Fertilizantes, Industrial, Metalurgia","Sim","10/11/2021"
"Gerência Regional / GO","860246/2012","Requerimento de Disponibilidade para pesquisa","Autorização de Pesquisa","26.108.898/0001-00","CMOC BRASIL MINERACAO, INDUSTRIA E PARTICIPACOES LTDA.","BRITÂNIA - GO, JUSSARA - GO","FOSFATO, MINÉRIO DE NIÓBIO","Fertilizantes, Industrial","Sim","27/10/2021"
"Gerência Regional / GO","860232/2012","Requerimento de Disponibilidade para pesquisa","Autorização de Pesquisa","26.108.898/0001-00","CMOC BRASIL MINERACAO, INDUSTRIA E PARTICIPACOES LTDA.","ARUANÃ - GO","FOSFATO, MINÉRIO DE NIÓBIO","Fertilizantes, Industrial","Sim","27/10/2021"
"Gerência Regional / GO","860231/2012","Requerimento de Disponibilidade para pesquisa","Autorização de Pesquisa","26.108.898/0001-00","CMOC BRASIL MINERACAO, INDUSTRIA E PARTICIPACOES LTDA.","ARUANÃ - GO","FOSFATO, MINÉRIO DE NIÓBIO","Fertilizantes, Industrial","Sim","04/05/2016"
"Gerência Regional / GO","860229/2012","Requerimento de Disponibilidade para pesquisa","Autorização de Pesquisa","26.108.898/0001-00","CMOC BRASIL MINERACAO, INDUSTRIA E PARTICIPACOES LTDA.","ARUANÃ - GO","FOSFATO, MINÉRIO DE NIÓBIO","Fertilizantes, Industrial","Sim","27/10/2021"
"Gerência Regional / GO","860228/2012","Requerimento de Disponibilidade para pesquisa","Autorização de Pesquisa","26.108.898/0001-00","CMOC BRASIL MINERACAO, INDUSTRIA E PARTICIPACOES LTDA.","ARUANÃ - GO","FOSFATO, MINÉRIO DE NIÓBIO","Fertilizantes, Industrial","Sim","04/05/2016"
"Gerência Regional / GO","804513/1968","Requerimento de Autorização de Pesquisa","Concessão de Lavra","26.108.898/0001-00","CMOC BRASIL MINERACAO, INDUSTRIA E PARTICIPACOES LTDA.","CATALÃO - GO, OUVIDOR - GO","BARITA, FOSFATO, MINÉRIO DE NIÓBIO","Demais substâncias, Industrial, Industrial","Sim","27/10/2021"
"Gerência Regional / GO","803343/1973","Requerimento de Autorização de Pesquisa","Concessão de Lavra","26.108.898/0001-00","CMOC BRASIL MINERACAO, INDUSTRIA E PARTICIPACOES LTDA.","CATALÃO - GO","NIÓBIO","Demais substâncias","Sim","11/03/1992"
"Gerência Regional / GO","801560/1968","Requerimento de Autorização de Pesquisa","Concessão de Lavra","26.108.898/0001-00","CMOC BRASIL MINERACAO, INDUSTRIA E PARTICIPACOES LTDA.","CATALÃO - GO, OUVIDOR - GO","BARITA, FOSFATO, MINÉRIO DE NIÓBIO","Demais substâncias, Industrial, Industrial","Sim","27/10/2021"
"Gerência Regional / GO","801244/1968","Requerimento de Autorização de Pesquisa","Concessão de Lavra","26.108.898/0001-00","CMOC BRASIL MINERACAO, INDUSTRIA E PARTICIPACOES LTDA.","CATALÃO - GO, OUVIDOR - GO","BARITA, FOSFATO, NIÓBIO","Demais substâncias, Demais substâncias, Industrial","Sim","19/12/2003"
"Gerência Regional / GO","860227/2012","Requerimento de Disponibilidade para pesquisa","Autorização de Pesquisa","26.108.898/0001-00","CMOC BRASIL MINERACAO, INDUSTRIA E PARTICIPACOES LTDA.","ARUANÃ - GO","FOSFATO, MINÉRIO DE NIÓBIO","Fertilizantes, Industrial","Sim","27/10/2021"
"Gerência Regional / GO","860226/2012","Requerimento de Disponibilidade para pesquisa","Autorização de Pesquisa","26.108.898/0001-00","CMOC BRASIL MINERACAO, INDUSTRIA E PARTICIPACOES LTDA.","ARUANÃ - GO","FOSFATO, MINÉRIO DE NIÓBIO","Fertilizantes, Industrial","Sim","27/10/2021"
"Gerência Regional / GO","860140/2013","Requerimento de Disponibilidade para pesquisa","Autorização de Pesquisa","26.108.898/0001-00","CMOC BRASIL MINERACAO, INDUSTRIA E PARTICIPACOES LTDA.","CATALÃO - GO","FOSFATO, MINÉRIO DE NIÓBIO","Fertilizantes, Industrial","Sim","27/10/2021"
"Gerência Regional / GO","860052/2019","Requerimento de Autorização de Pesquisa","Autorização de Pesquisa","26.108.898/0001-00","CMOC BRASIL MINERACAO, INDUSTRIA E PARTICIPACOES LTDA.","ARUANÃ - GO","FOSFATO, MINÉRIO DE NIÓBIO","Fertilizantes, Industrial","Sim","10/11/2021"
"Gerência Regional / GO","860051/2019","Requerimento de Autorização de Pesquisa","Autorização de Pesquisa","26.108.898/0001-00","CMOC BRASIL MINERACAO, INDUSTRIA E PARTICIPACOES LTDA.","ARUANÃ - GO","FOSFATO, MINÉRIO DE NIÓBIO","Fertilizantes, Industrial","Sim","10/11/2021"
"Gerência Regional / GO","860050/2019","Requerimento de Autorização de Pesquisa","Autorização de Pesquisa","26.108.898/0001-00","CMOC BRASIL MINERACAO, INDUSTRIA E PARTICIPACOES LTDA.","ARUANÃ - GO","FOSFATO, MINÉRIO DE NIÓBIO","Fertilizantes, Industrial","Sim","10/11/2021"
"Gerência Regional / GO","860049/2019","Requerimento de Autorização de Pesquisa","Autorização de Pesquisa","26.108.898/0001-00","CMOC BRASIL MINERACAO, INDUSTRIA E PARTICIPACOES LTDA.","ARUANÃ - GO","FOSFATO, MINÉRIO DE NIÓBIO","Fertilizantes, Industrial","Sim","10/11/2021"
"Gerência Regional / GO","860048/2019","Requerimento de Autorização de Pesquisa","Autorização de Pesquisa","26.108.898/0001-00","CMOC BRASIL MINERACAO, INDUSTRIA E PARTICIPACOES LTDA.","ARUANÃ - GO","FOSFATO, MINÉRIO DE NIÓBIO","Fertilizantes, Industrial","Sim","10/11/2021"
"Gerência Regional / GO","860047/2019","Requerimento de Autorização de Pesquisa","Autorização de Pesquisa","26.108.898/0001-00","CMOC BRASIL MINERACAO, INDUSTRIA E PARTICIPACOES LTDA.","ARUANÃ - GO","FOSFATO, MINÉRIO DE NIÓBIO","Fertilizantes, Industrial","Sim","10/11/2021"
"Gerência Regional / GO","860046/2019","Requerimento de Autorização de Pesquisa","Autorização de Pesquisa","26.108.898/0001-00","CMOC BRASIL MINERACAO, INDUSTRIA E PARTICIPACOES LTDA.","ARUANÃ - GO","FOSFATO, MINÉRIO DE NIÓBIO","Fertilizantes, Industrial","Sim","10/11/2021"
"Gerência Regional / GO","860045/2019","Requerimento de Autorização de Pesquisa","Autorização de Pesquisa","26.108.898/0001-00","CMOC BRASIL MINERACAO, INDUSTRIA E PARTICIPACOES LTDA.","ARUANÃ - GO","FOSFATO, MINÉRIO DE NIÓBIO","Fertilizantes, Industrial","Sim","10/11/2021"
"Gerência Regional / GO","860044/2019","Requerimento de Autorização de Pesquisa","Autorização de Pesquisa","26.108.898/0001-00","CMOC BRASIL MINERACAO, INDUSTRIA E PARTICIPACOES LTDA.","ARUANÃ - GO, BRITÂNIA - GO","FOSFATO, MINÉRIO DE NIÓBIO","Fertilizantes, Industrial","Sim","10/11/2021"
"Gerência Regional / GO","860043/2019","Requerimento de Autorização de Pesquisa","Autorização de Pesquisa","26.108.898/0001-00","CMOC BRASIL MINERACAO, INDUSTRIA E PARTICIPACOES LTDA.","BRITÂNIA - GO","FOSFATO, MINÉRIO DE NIÓBIO","Fertilizantes, Industrial","Sim","10/11/2021"
"Gerência Regional / GO","860042/2019","Requerimento de Autorização de Pesquisa","Autorização de Pesquisa","26.108.898/0001-00","CMOC BRASIL MINERACAO, INDUSTRIA E PARTICIPACOES LTDA.","BRITÂNIA - GO, JUSSARA - GO","FOSFATO, MINÉRIO DE NIÓBIO","Fertilizantes, Industrial","Sim","10/11/2021"
"Gerência Regional / GO","860041/2019","Requerimento de Autorização de Pesquisa","Autorização de Pesquisa","26.108.898/0001-00","CMOC BRASIL MINERACAO, INDUSTRIA E PARTICIPACOES LTDA.","BRITÂNIA - GO, JUSSARA - GO","FOSFATO, MINÉRIO DE NIÓBIO","Fertilizantes, Industrial","Sim","10/11/2021"
"Gerência Regional / GO","860040/2019","Requerimento de Autorização de Pesquisa","Autorização de Pesquisa","26.108.898/0001-00","CMOC BRASIL MINERACAO, INDUSTRIA E PARTICIPACOES LTDA.","BRITÂNIA - GO, JUSSARA - GO","FOSFATO, MINÉRIO DE NIÓBIO","Fertilizantes, Industrial","Sim","10/11/2021"
"Gerência Regional / GO","860039/2019","Requerimento de Autorização de Pesquisa","Autorização de Pesquisa","26.108.898/0001-00","CMOC BRASIL MINERACAO, INDUSTRIA E PARTICIPACOES LTDA.","BRITÂNIA - GO","FOSFATO, MINÉRIO DE NIÓBIO","Fertilizantes, Industrial","Sim","10/11/2021"
"Gerência Regional / GO","860038/2019","Requerimento de Autorização de Pesquisa","Autorização de Pesquisa","26.108.898/0001-00","CMOC BRASIL MINERACAO, INDUSTRIA E PARTICIPACOES LTDA.","BRITÂNIA - GO, JUSSARA - GO","FOSFATO, MINÉRIO DE NIÓBIO","Fertilizantes, Industrial","Sim","10/11/2021"
"Gerência Regional / GO","860037/2019","Requerimento de Autorização de Pesquisa","Autorização de Pesquisa","26.108.898/0001-00","CMOC BRASIL MINERACAO, INDUSTRIA E PARTICIPACOES LTDA.","BRITÂNIA - GO","FOSFATO, MINÉRIO DE NIÓBIO","Fertilizantes, Industrial","Sim","10/11/2021"
"Gerência Regional / GO","862934/2011","Requerimento de Autorização de Pesquisa","Autorização de Pesquisa","26.108.898/0001-00","CMOC BRASIL MINERACAO, INDUSTRIA E PARTICIPACOES LTDA.","BOM JARDIM DE GOIÁS - GO","FOSFATO, MINÉRIO DE NIÓBIO","Fertilizantes, Industrial","Sim","27/10/2021"
"Gerência Regional / GO","861461/2015","Requerimento de Autorização de Pesquisa","Autorização de Pesquisa","26.108.898/0001-00","CMOC BRASIL MINERACAO, INDUSTRIA E PARTICIPACOES LTDA.","CATALÃO - GO","FOSFATO","Fertilizantes","Sim","27/10/2021"
"Gerência Regional / GO","861080/2012","Requerimento de Autorização de Pesquisa","Autorização de Pesquisa","26.108.898/0001-00","CMOC BRASIL MINERACAO, INDUSTRIA E PARTICIPACOES LTDA.","MONTES CLAROS DE GOIÁS - GO","FOSFATO, MINÉRIO DE NIÓBIO","Fertilizantes, Industrial","Sim","27/10/2021"
"Gerência Regional / GO","861079/2012","Requerimento de Autorização de Pesquisa","Autorização de Pesquisa","26.108.898/0001-00","CMOC BRASIL MINERACAO, INDUSTRIA E PARTICIPACOES LTDA.","MONTES CLAROS DE GOIÁS - GO","FOSFATO, MINÉRIO DE NIÓBIO","Fertilizantes, Industrial","Sim","03/12/2021"
"Gerência Regional / GO","861079/2009","Requerimento de Disponibilidade para pesquisa","Autorização de Pesquisa","26.108.898/0001-00","CMOC BRASIL MINERACAO, INDUSTRIA E PARTICIPACOES LTDA.","ARENÓPOLIS - GO, PIRANHAS - GO","FOSFATO, MINÉRIO DE NIÓBIO","Fertilizantes, Industrial","Sim","27/10/2021"
"Gerência Regional / GO","861078/2012","Requerimento de Autorização de Pesquisa","Autorização de Pesquisa","26.108.898/0001-00","CMOC BRASIL MINERACAO, INDUSTRIA E PARTICIPACOES LTDA.","ARENÓPOLIS - GO, BOM JARDIM DE GOIÁS - GO, MONTES CLAROS DE GOIÁS - GO, PIRANHAS - GO","FOSFATO, MINÉRIO DE NIÓBIO","Fertilizantes, Industrial","Sim","04/05/2016"
"Gerência Regional / GO","860841/2014","Requerimento de Autorização de Pesquisa","Autorização de Pesquisa","26.108.898/0001-00","CMOC BRASIL MINERACAO, INDUSTRIA E PARTICIPACOES LTDA.","MONTES CLAROS DE GOIÁS - GO","FOSFATO, MINÉRIO DE NIÓBIO","Fertilizantes, Industrial","Sim","27/10/2021"
"Gerência Regional / GO","860742/2017","Requerimento de Autorização de Pesquisa","Autorização de Pesquisa","26.108.898/0001-00","CMOC BRASIL MINERACAO, INDUSTRIA E PARTICIPACOES LTDA.","ARUANÃ - GO","FOSFATO, MINÉRIO DE NIÓBIO","Fertilizantes, Industrial","Sim","10/11/2021"
"Gerência Regional / GO","860741/2017","Requerimento de Autorização de Pesquisa","Autorização de Pesquisa","26.108.898/0001-00","CMOC BRASIL MINERACAO, INDUSTRIA E PARTICIPACOES LTDA.","ARUANÃ - GO","FOSFATO, MINÉRIO DE NIÓBIO","Fertilizantes, Industrial","Sim","10/11/2021"
"Gerência Regional / GO","860740/2017","Requerimento de Autorização de Pesquisa","Autorização de Pesquisa","26.108.898/0001-00","CMOC BRASIL MINERACAO, INDUSTRIA E PARTICIPACOES LTDA.","ARUANÃ - GO","FOSFATO, MINÉRIO DE NIÓBIO","Fertilizantes, Industrial","Sim","10/11/2021"
"Gerência Regional / GO","860739/2017","Requerimento de Autorização de Pesquisa","Autorização de Pesquisa","26.108.898/0001-00","CMOC BRASIL MINERACAO, INDUSTRIA E PARTICIPACOES LTDA.","ARUANÃ - GO, BRITÂNIA - GO","FOSFATO, MINÉRIO DE NIÓBIO","Fertilizantes, Industrial","Sim","10/11/2021"
"Gerência Regional / GO","860927/2014","Requerimento de Autorização de Pesquisa","Autorização de Pesquisa","29.116.524/0001-24","Prime Diamonds Mineração Ltda","OUVIDOR - GO, TRÊS RANCHOS - GO","DIAMANTE","Industrial","Sim","04/07/2019"
"Gerência Regional / GO","860191/2015","Requerimento de Disponibilidade para pesquisa","Autorização de Pesquisa","29.116.524/0001-24","Prime Diamonds Mineração Ltda","OUVIDOR - GO","DIAMANTE","Industrial","Sim","04/07/2019"
"Gerência Regional / GO","860146/2019","Requerimento de Autorização de Pesquisa","Concessão de Lavra","36.784.717/0001-19","AURALITE BRAZIL PEDRAS PRECIOSAS LTDA","NIQUELÂNDIA - GO","QUARTZO","Industrial","Sim","24/11/2023"
"Gerência Regional / GO","861086/2017","Requerimento de Autorização de Pesquisa","Requerimento de Lavra","36.784.717/0001-19","AURALITE BRAZIL PEDRAS PRECIOSAS LTDA","NIQUELÂNDIA - GO","MÁRMORE","Revestimento","Sim","12/12/2023"
"Gerência Regional / GO","861054/2021","Requerimento de Autorização de Pesquisa","Autorização de Pesquisa","15.090.690/0001-94","CONCESSIONARIA ECOVIAS DO ARAGUAIA S.A.","SANTA TEREZA DE GOIÁS - GO","CASCALHO, FOSFATO","Construção civil, Fertilizantes","Sim","24/11/2023"
"Gerência Regional / GO","861047/2021","Requerimento de Autorização de Pesquisa","Autorização de Pesquisa","15.090.690/0001-94","CONCESSIONARIA ECOVIAS DO ARAGUAIA S.A.","RIALMA - GO","FOSFATO, GNAISSE","Brita, Fertilizantes","Sim","24/11/2023"
"Gerência Regional / GO","860457/2021","Requerimento de Autorização de Pesquisa","Autorização de Pesquisa","15.090.690/0001-94","CONCESSIONARIA ECOVIAS DO ARAGUAIA S.A.","JARAGUÁ - GO","CALCÁRIO","Brita","Sim","03/03/2023"
"Gerência Regional / GO","861502/2021","Requerimento de Autorização de Pesquisa","Autorização de Pesquisa","15.090.690/0001-94","CONCESSIONARIA ECOVIAS DO ARAGUAIA S.A.","PORANGATU - GO","FOSFATO, GNAISSE","Brita, Fertilizantes","Sim","24/11/2023"
"Gerência Regional / GO","861117/2021","Requerimento de Autorização de Pesquisa","Autorização de Pesquisa","15.090.690/0001-94","CONCESSIONARIA ECOVIAS DO ARAGUAIA S.A.","SÃO LUIZ DO NORTE - GO","FOSFATO, GNAISSE","Brita, Fertilizantes","Sim","03/03/2023"
"Gerência Regional / GO","860268/2017","Requerimento de Cessão parcial","Requerimento de Lavra","37.089.646/0001-05","MOREIRA & MOREIRA - SERVICOS E COMERCIO DE MINERIOS LTDA","NIQUELÂNDIA - GO","QUARTZO, QUARTZO","Gema, Industrial","Sim","27/07/2026"
"Gerência Regional / GO","861106/2022","Requerimento de Autorização de Pesquisa","Autorização de Pesquisa","49.554.663/0001-47","SAFRE METAIS PARA TRANSICAO ENERGETICA LTDA","VARJÃO - GO","MINÉRIO DE OURO","Industrial","Sim","07/03/2024"
"Gerência Regional / GO","860141/2022","Requerimento de Autorização de Pesquisa","Requerimento de Lavra","49.160.481/0001-91","FWS CONSTRUTORA LTDA","IVOLÂNDIA - GO","AREIA","Construção civil","Sim","30/04/2024"
"Gerência Regional / GO","860451/2005","Requerimento de Autorização de Pesquisa","Concessão de Lavra","00.097.494/0001-74","CAMPOS AGRICOLA LTDA","FORMOSA - GO","AREIA, SAIBRO","Construção civil, Construção civil","Sim","16/08/2005"
"Gerência Regional / GO","818544/1971","Requerimento de Autorização de Pesquisa","Concessão de Lavra","00.104.067/0001-76","RIMIL RIALMA MINERACAO LTDA","HIDROLINA - GO, PILAR DE GOIÁS - GO","TALCO","Demais substâncias","Sim","16/06/1983"
"Gerência Regional / GO","860763/1988","Requerimento de Autorização de Pesquisa","Requerimento de Lavra","00.105.595/0001-40","Mineradora Vale do Rio Quente Ltda","RIO QUENTE - GO","ÁGUA MINERAL","Demais substâncias","Sim","12/05/1997"
"Gerência Regional / GO","860264/2023","Requerimento de Autorização de Pesquisa","Autorização de Pesquisa","01.342.930/0001-96","Sucal Mineração Ltda","IACIARA - GO","CALCÁRIO, CALCÁRIO","Corretivo de solo, Fabricação de cimento","Sim","27/01/2026"
"Gerência Regional / GO","860409/1986","Requerimento de Autorização de Pesquisa","Concessão de Lavra","01.860.177/0001-20","MINERACAO SANDE LTDA","CALDAS NOVAS - GO","ÁGUA MINERAL","Demais substâncias","Sim","23/09/1997"
"Gerência Regional / GO","860669/1990","Requerimento de Registro de Licença","Concessão de Lavra","02.174.951/0001-02","MINERACAO DE CALCARIO MONTIVIDIU LTDA","INDIARA - GO","CALCÁRIO, CALCÁRIO DOLOMÍTICO","Corretivo de solo, Demais substâncias","Sim","01/08/2008"
"Gerência Regional / GO","000365/1963","Requerimento de Autorização de Pesquisa","Concessão de Lavra","28.844.942/0001-75","AURA-MINERAÇÃO AURIFERA ANICUNS LTDA                                            ","ANICUNS - GO","OURO","Demais substâncias","Sim","09/03/1988"
"Gerência Regional / GO","862117/1994","Requerimento de Autorização de Pesquisa","Concessão de Lavra","37.878.162/0001-37","BRITENG BRITAGEM E CONSTRUCOES LTDA","APARECIDA DE GOIÂNIA - GO","MICAXISTO","Demais substâncias","Sim","03/08/1998"
"Gerência Regional / GO","860192/2019","Requerimento de Autorização de Pesquisa","Autorização de Pesquisa","***.040.169-**","ANTONIO MARTINS DOS SANTOS","NIQUELÂNDIA - GO","MINÉRIO DE MANGANÊS","Industrial","Sim","13/08/2019"
"Gerência Regional / GO","860771/2012","Requerimento de Lavra Garimpeira","Lavra Garimpeira","***.410.318-**","MARCELO VENDRAMINI","CAMPOS VERDES - GO","ESMERALDA","Gema","Sim","30/09/2015"
"Gerência Regional / MG","830432/2001","Requerimento de Autorização de Pesquisa","Autorização de Pesquisa","***.414.716-**","Antônio Valério Cabral de Menezes","CAPINÓPOLIS - MG, ITUMBIARA - GO","ARGILA, DIAMANTE INDUSTRIAL","Industrial, Industrial","Sim","22/12/2004"
"Gerência Regional / GO","861444/2024","Requerimento de Pesquisa - Leilão","Autorização de Pesquisa","***.974.661-**","JOAQUIM DA SILVA PIRES","MINAÇU - GO","AREIA, MINÉRIO DE OURO","Construção civil, Industrial","Sim","09/06/2026"
"Gerência Regional / GO","861746/2012","Requerimento de Autorização de Pesquisa","Autorização de Pesquisa","***.549.901-**","Jose Luiz Peixoto de Azevedo","CALDAS NOVAS - GO, PIRACANJUBA - GO","AREIA, MINÉRIO DE OURO","Construção civil, Industrial","Sim","29/05/2015"
"Gerência Regional / GO","862038/2007","Requerimento de Autorização de Pesquisa","Requerimento de Lavra","03.827.317/0001-94","EXTRATOR DE AREIA E TRANSPORTE LTDA","FAINA - GO, GOIÁS - GO","AREIA, CASCALHO, MINÉRIO DE OURO","Construção civil, Construção civil, Industrial","Sim","14/05/2012"
"Gerência Regional / GO","861188/2003","Requerimento de Autorização de Pesquisa","Requerimento de Lavra","02.195.907/0001-89","JOSÉ EUSTÁQUIO DE SOUSA","CUMARI - GO","AREIA, CASCALHO","Construção civil, Construção civil","Sim","16/05/2011"
"Gerência Regional / GO","861760/2013","Requerimento de Autorização de Pesquisa","Requerimento de Lavra","01.005.225/0001-01","Hp Mineração e Meio Ambiente Ltda","CAIAPÔNIA - GO","BASALTO, CALCÁRIO","Brita, Fabricação de cimento","Sim","04/07/2014"
"Gerência Regional / GO","860912/2005","Requerimento de Autorização de Pesquisa","Requerimento de Lavra","***.494.774-**","JOSIELSON ROQUE DE JESUS","FORMOSA - GO","CALCÁRIO","Industrial","Sim","05/10/2010"
"Gerência Regional / GO","860505/1989","Requerimento de Autorização de Pesquisa","Concessão de Lavra","00.453.771/0001-34","GRAN VERMELHO GOIAS IMP EXP EXTRACAO E COMERCIO DE PEDRAS LTDA","JAUPACI - GO","GRANITO","Demais substâncias","Sim","27/11/1998"
"Gerência Regional / GO","860488/2008","Requerimento de Autorização de Pesquisa","Requerimento de Lavra","18.230.876/0001-90","Grupo Shanz Empreendimentos e Participações Ltda Me","NIQUELÂNDIA - GO","MINÉRIO DE OURO","Industrial","Sim","07/01/2010"
"Gerência Regional / GO","860556/2006","Requerimento de Autorização de Pesquisa","Concessão de Lavra","20.011.715/0001-57","CARLOS EDUARDO RODRIGUES CARDOSO","CEZARINA - GO, PONTALINA - GO","AREIA, MINÉRIO DE OURO","Construção civil, Industrial","Sim","16/12/2010"
"Gerência Regional / GO","861249/2011","Requerimento de Autorização de Pesquisa","Concessão de Lavra","17.151.451/0001-22","DARA ARTEFATOS DE CIMENTO LTDA.","EDEALINA - GO, PONTALINA - GO","AREIA, ARGILA","Construção civil, Industrial","Sim","14/09/2015"
"Gerência Regional / GO","860898/2019","Requerimento de Autorização de Pesquisa","Autorização de Pesquisa","46.656.884/0001-38","SSR - COMERCIO E BENEFICIAMENTO DE MINERIOS LTDA","MINAÇU - GO, TROMBAS - GO","MINÉRIO DE OURO","Industrial","Sim","31/03/2023"
"Gerência Regional / GO","860506/2020","Requerimento de Autorização de Pesquisa","Autorização de Pesquisa","***.886.536-**","JAIMAR SALINO DE OLIVEIRA COSTA","MINAÇU - GO, TROMBAS - GO","MINÉRIO DE OURO","Industrial","Sim","27/01/2026"
"Gerência Regional / GO","860491/2021","Requerimento de Autorização de Pesquisa","Autorização de Pesquisa","56.149.473/0001-00","GOLD BLACK MINERACAO LTDA","MONTE ALEGRE DE GOIÁS - GO","ILMENITA, MINÉRIO DE ESTANHO","Industrial, Industrial","Sim","11/09/2024"
"Gerência Regional / GO","860508/2018","Requerimento de Disponibilidade para pesquisa","Direito de Requerer a Lavra","48.595.856/0001-83","W3 MINERACAO LTDA","VILA PROPÍCIO - GO","CALCÁRIO, CAULIM, FILITO, QUARTZITO","Fabricação de cal, Industrial, Industrial, Industrial","Sim","08/03/2019"
"Gerência Regional / GO","860802/2005","Requerimento de Autorização de Pesquisa","Concessão de Lavra","31.248.224/0001-40","UNGARELLI CONSULTORIA E PARTICIPACOES LTDA","ÁGUAS LINDAS DE GOIÁS - GO, COCALZINHO DE GOIÁS - GO","MINÉRIO DE OURO, QUARTZITO","Industrial, Industrial","Sim","02/09/2005"
"Gerência Regional / GO","860802/2005","Requerimento de Autorização de Pesquisa","Concessão de Lavra","31.248.224/0001-40","UNGARELLI CONSULTORIA E PARTICIPACOES LTDA","ÁGUAS LINDAS DE GOIÁS - GO, COCALZINHO DE GOIÁS - GO","MINÉRIO DE OURO, QUARTZITO","Industrial, Industrial","Sim","01/10/2025"
"Gerência Regional / GO","861440/2024","Requerimento de Pesquisa - Leilão","Autorização de Pesquisa","63.109.496/0001-56","ANICUNS 861.440 SPE LTDA","ANICUNS - GO","MINÉRIO DE OURO","Industrial","Sim","15/05/2025"
"Gerência Regional / GO","860357/2012","Requerimento de Cessão parcial","Concessão de Lavra","36.829.356/0001-80","CATALANA IND E COM DE ARTEFATOS DE CIMENTO E CONST LTDA","CUMARI - GO, NOVA AURORA - GO","AREIA, CASCALHO","Construção civil, Construção civil","Sim","30/04/2024"
"Gerência Regional / GO","861441/2009","Requerimento de Cessão parcial","Requerimento de Lavra","57.633.521/0001-01","Minerpal Mineração e Comércio Ltda","GOIÁS - GO","AREIA","Construção civil","Sim","13/05/2010"
"Gerência Regional / GO","861039/2007","Requerimento de Autorização de Pesquisa","Requerimento de Lavra","08.410.022/0001-31","SR AREIA E TRANSPORTE LTDA","SILVÂNIA - GO","AREIA","Construção civil","Sim","29/08/2007"
"Gerência Regional / MT","867102/2012","Requerimento de Autorização de Pesquisa","Autorização de Pesquisa","***.338.309-**","Erick Eiji semprebom ","ARAGARÇAS - GO, BARRA DO GARÇAS - MT, PONTAL DO ARAGUAIA - MT","AREIA, DIAMANTE","Construção civil, Industrial","Sim","08/07/2016"
"Gerência Regional / GO","862038/2008","Requerimento de Autorização de Pesquisa","Requerimento de Lavra","10.579.917/0001-46","MAVEA MINERACAO LTDA","PADRE BERNARDO - GO, PLANALTINA - GO","AREIA","Construção civil","Sim","25/01/2018"
"Gerência Regional / GO","860409/2021","Requerimento de Autorização de Pesquisa","Direito de Requerer a Lavra","09.646.525/0001-73","Jm Mineração e Transporte Ltda","ITAPIRAPUÃ - GO, MATRINCHÃ - GO","AREIA, CASCALHO, MINÉRIO DE OURO","Construção civil, Construção civil, Industrial","Sim","05/12/2025"
"Gerência Regional / GO","861610/2008","Requerimento de Autorização de Pesquisa","Concessão de Lavra","04.146.891/0001-40","MINERAX MINERACOES S.A.","PADRE BERNARDO - GO","CALCÁRIO","Fabricação de cimento","Sim","24/05/2010"
"Gerência Regional / GO","860404/2016","Requerimento de Autorização de Pesquisa","Autorização de Pesquisa","12.219.604/0001-02","STRACTA MINERACAO LTDA","NIQUELÂNDIA - GO","MINÉRIO DE OURO","Industrial","Sim","11/06/2019"
"Gerência Regional / GO","860505/1989","Requerimento de Autorização de Pesquisa","Concessão de Lavra","00.453.771/0001-34","GRAN VERMELHO GOIAS IMP EXP EXTRACAO E COMERCIO DE PEDRAS LTDA","JAUPACI - GO","GRANITO","Demais substâncias","Sim","02/06/2011"
"Gerência Regional / GO","861475/2009","Requerimento de Autorização de Pesquisa","Concessão de Lavra","13.508.385/0001-44","Mineração Jd Ltda","APARECIDA DE GOIÂNIA - GO","AREIA, XISTO","Brita, Construção civil","Sim","06/07/2011"
"Gerência Regional / GO","860488/2008","Requerimento de Autorização de Pesquisa","Requerimento de Lavra","18.230.876/0001-90","Grupo Shanz Empreendimentos e Participações Ltda Me","NIQUELÂNDIA - GO","MINÉRIO DE OURO","Industrial","Sim","18/09/2013"
"Gerência Regional / GO","860660/2018","Requerimento de Autorização de Pesquisa","Requerimento de Lavra","19.854.379/0001-25","RONES RIBEIRO DA SILVA","CARMO DO RIO VERDE - GO","AREIA","Construção civil","Sim","12/12/2023"
"Gerência Regional / GO","860556/2006","Requerimento de Autorização de Pesquisa","Concessão de Lavra","20.011.715/0001-57","CARLOS EDUARDO RODRIGUES CARDOSO","CEZARINA - GO, PONTALINA - GO","AREIA, MINÉRIO DE OURO","Construção civil, Industrial","Sim","04/07/2014"
"Gerência Regional / GO","861179/2011","Requerimento de Cessão parcial","Requerimento de Lavra","15.228.613/0001-58","Trindade Mineração Ltda.","PLANALTINA - GO","AREIA, CONGLOMERADO","Brita, Construção civil","Sim","21/11/2019"
"Gerência Regional / GO","862266/2008","Requerimento de Autorização de Pesquisa","Concessão de Lavra","15.131.446/0001-22","EGP - EMPRESA GLOBAL DE PROJETOS E OBRAS LTDA","CATALÃO - GO","GRANITO","Brita","Sim","10/11/2014"
"Gerência Regional / GO","861249/2011","Requerimento de Autorização de Pesquisa","Concessão de Lavra","17.151.451/0001-22","DARA ARTEFATOS DE CIMENTO LTDA.","EDEALINA - GO, PONTALINA - GO","AREIA, ARGILA","Construção civil, Industrial","Sim","29/01/2013"
"Gerência Regional / GO","861768/2013","Requerimento de Cessão parcial","Requerimento de Lavra","23.017.364/0001-80","Washington Ribeiro dos Santos ","EDEALINA - GO, PONTALINA - GO","AREIA","Construção civil","Sim","17/11/2015"
"Gerência Regional / GO","860282/2023","Requerimento de Autorização de Pesquisa","Autorização de Pesquisa","***.555.671-**","UELICA SOUSA DOS SANTOS","DIORAMA - GO, MONTES CLAROS DE GOIÁS - GO","OURO","Industrial","Sim","27/07/2026"
"Gerência Regional / GO","862133/2011","Requerimento de Disponibilidade para pesquisa","Autorização de Pesquisa","29.116.524/0001-24","Prime Diamonds Mineração Ltda","OUVIDOR - GO","DIAMANTE","Industrial","Sim","04/07/2019"
"Gerência Regional / GO","861038/2017","Requerimento de Autorização de Pesquisa","Requerimento de Lavra","36.784.717/0001-19","AURALITE BRAZIL PEDRAS PRECIOSAS LTDA","NIQUELÂNDIA - GO","MÁRMORE","Revestimento","Sim","12/12/2023"
"Gerência Regional / GO","860857/1991","Requerimento de Lavra Garimpeira","Lavra Garimpeira","***.626.710-**","Diorge Roberto de Araujo Chavess","CAMPOS VERDES - GO","ESMERALDA","Demais substâncias","Sim","16/06/2021"
"Gerência Regional / GO","861033/2021","Requerimento de Mudança de Regime para Aut. de Pesquisa","Requerimento de Lavra","***.141.601-**","VALCI TOMAZ CARNEIRO","ISRAELÂNDIA - GO","DIAMANTE","Industrial","Sim","18/03/2022"
"Gerência Regional / GO","861568/2021","Requerimento de Autorização de Pesquisa","Autorização de Pesquisa","***.629.648-**","Irani Santos Félix","CAMPESTRE DE GOIÁS - GO, PALMEIRAS DE GOIÁS - GO","MINÉRIO DE OURO","Industrial","Sim","28/04/2023"
"Gerência Regional / GO","861055/2021","Requerimento de Autorização de Pesquisa","Autorização de Pesquisa","15.090.690/0001-94","CONCESSIONARIA ECOVIAS DO ARAGUAIA S.A.","COCALZINHO DE GOIÁS - GO, CORUMBÁ DE GOIÁS - GO","CASCALHO, FOSFATO","Construção civil, Fertilizantes","Sim","24/11/2023"
"Gerência Regional / GO","861861/2013","Requerimento de Disponibilidade para pesquisa","Requerimento de Lavra","11.042.662/0001-40","MINERADORA NORTE SUL LTDA","NOVA IGUAÇU DE GOIÁS - GO","MINÉRIO DE MANGANÊS","Industrial","Sim","16/12/2021"
"Gerência Regional / GO","860201/2018","Requerimento de Mudança de Regime para Aut. de Pesquisa","Requerimento de Lavra","42.462.557/0001-94","ATS AREIAS E AGREGADOS LTDA","HIDROLÂNDIA - GO, VARJÃO - GO","ARENITO, QUARTZITO","Brita, Construção civil","Sim","16/12/2021"
"Gerência Regional / GO","860898/2019","Requerimento de Autorização de Pesquisa","Autorização de Pesquisa","46.656.884/0001-38","SSR - COMERCIO E BENEFICIAMENTO DE MINERIOS LTDA","MINAÇU - GO, TROMBAS - GO","MINÉRIO DE OURO","Industrial","Sim","05/08/2022"
"Gerência Regional / GO","860825/2021","Requerimento de Autorização de Pesquisa","Autorização de Pesquisa","37.089.646/0001-05","MOREIRA & MOREIRA - SERVICOS E COMERCIO DE MINERIOS LTDA","NIQUELÂNDIA - GO","QUARTZO","Industrial","Sim","05/12/2025"
"Gerência Regional / MG","831115/2019","Requerimento de Autorização de Pesquisa","Requerimento de Lavra","45.915.838/0001-43","MINERADORA SAO JORGE GUERREIRO LTDA","CASCALHO RICO - MG, CATALÃO - GO, DOURADOQUARA - MG, GRUPIARA - MG, TRÊS RANCHOS - GO","AREIA, CASCALHO, DIAMANTE, DIAMANTE","Construção civil, Construção civil, Gema, Industrial","Sim","20/05/2024"
"Gerência Regional / GO","860540/1991","Requerimento de Lavra Garimpeira","Lavra Garimpeira","***.216.528-**","Marcos Marques","CAMPOS VERDES - GO","ESMERALDA","Demais substâncias","Sim","17/11/2023"
"Gerência Regional / GO","860013/2017","Requerimento de Disponibilidade para pesquisa","Requerimento de Lavra","48.046.283/0001-39","IRJ MINERACAO, CONSTRUCOES E ADMINISTRACAO LTDA","ALEXÂNIA - GO","GNAISSE, MINÉRIO DE OURO","Brita, Industrial","Sim","25/02/2025"
"Gerência Regional / GO","860506/2020","Requerimento de Autorização de Pesquisa","Autorização de Pesquisa","***.886.536-**","JAIMAR SALINO DE OLIVEIRA COSTA","MINAÇU - GO, TROMBAS - GO","MINÉRIO DE OURO","Industrial","Sim","07/03/2024"
"Gerência Regional / GO","861107/2022","Requerimento de Autorização de Pesquisa","Autorização de Pesquisa","49.554.663/0001-47","SAFRE METAIS PARA TRANSICAO ENERGETICA LTDA","GUAPÓ - GO, VARJÃO - GO","MINÉRIO DE OURO","Industrial","Sim","07/03/2024"
"Gerência Regional / GO","861386/2012","Requerimento de Autorização de Pesquisa","Concessão de Lavra","49.160.481/0001-91","FWS CONSTRUTORA LTDA","IVOLÂNDIA - GO","AREIA, MINÉRIO DE OURO","Construção civil, Industrial","Sim","02/07/2020"
"Gerência Regional / GO","861177/2016","Requerimento de Autorização de Pesquisa","Requerimento de Lavra","39.832.628/0001-99","CVC MINERADORA LTDA","URUAÇU - GO","MINÉRIO DE OURO","Industrial","Sim","15/04/2024"
"Gerência Regional / GO","861824/2021","Requerimento de Autorização de Pesquisa","Autorização de Pesquisa","41.285.415/0001-36","MINERACAO SERRA NEGRA LTDA","QUIRINÓPOLIS - GO, RIO VERDE - GO","AREIA, DIAMANTE","Construção civil, Industrial","Sim","14/11/2024"
"Gerência Regional / GO","860471/2023","Requerimento de Autorização de Pesquisa","Autorização de Pesquisa","***.562.961-**","FABIANO LIMA RIBEIRO","ABADIÂNIA - GO, SILVÂNIA - GO","AREIA, CASCALHO, MINÉRIO DE OURO, QUARTZITO","Construção civil, Construção civil, Industrial, Industrial","Sim","14/11/2024"
"Gerência Regional / GO","860491/2021","Requerimento de Autorização de Pesquisa","Autorização de Pesquisa","56.149.473/0001-00","GOLD BLACK MINERACAO LTDA","MONTE ALEGRE DE GOIÁS - GO","ILMENITA, MINÉRIO DE ESTANHO","Industrial, Industrial","Sim","15/05/2025"
"Gerência Regional / GO","860508/2018","Requerimento de Disponibilidade para pesquisa","Direito de Requerer a Lavra","48.595.856/0001-83","W3 MINERACAO LTDA","VILA PROPÍCIO - GO","CALCÁRIO, CAULIM, FILITO, QUARTZITO","Fabricação de cal, Industrial, Industrial, Industrial","Sim","05/12/2025"
"Gerência Regional / GO","860802/2005","Requerimento de Autorização de Pesquisa","Concessão de Lavra","31.248.224/0001-40","UNGARELLI CONSULTORIA E PARTICIPACOES LTDA","ÁGUAS LINDAS DE GOIÁS - GO, COCALZINHO DE GOIÁS - GO","MINÉRIO DE OURO, QUARTZITO","Industrial, Industrial","Sim","23/07/2014"
"Gerência Regional / GO","861440/2024","Requerimento de Pesquisa - Leilão","Autorização de Pesquisa","63.109.496/0001-56","ANICUNS 861.440 SPE LTDA","ANICUNS - GO","MINÉRIO DE OURO","Industrial","Sim","27/01/2026"
"Gerência Regional / GO","862623/1980","Requerimento de Autorização de Pesquisa","Concessão de Lavra","01.013.416/0001-07","SERRA DAS CALDAS MINERACAO LTDA","CALDAS NOVAS - GO","ÁGUA MINERAL","Demais substâncias","Sim","16/11/1987"
"Gerência Regional / GO","861155/1989","Requerimento de Autorização de Pesquisa","Direito de Requerer a Lavra","01.013.416/0001-07","SERRA DAS CALDAS MINERACAO LTDA","CALDAS NOVAS - GO","ÁGUA MINERAL","Demais substâncias","Sim","26/12/1994"
"Gerência Regional / GO","861404/2007","Requerimento de Autorização de Pesquisa","Direito de Requerer a Lavra","36.829.356/0001-80","CATALANA IND E COM DE ARTEFATOS DE CIMENTO E CONST LTDA","CUMARI - GO","DIAMANTE INDUSTRIAL","Industrial","Sim","25/11/2014"
"Gerência Regional / GO","860360/1998","Requerimento de Autorização de Pesquisa","Requerimento de Lavra","36.829.356/0001-80","CATALANA IND E COM DE ARTEFATOS DE CIMENTO E CONST LTDA","GOIANDIRA - GO, NOVA AURORA - GO","AREIA, DIAMANTE INDUSTRIAL","Construção civil, Demais substâncias","Sim","05/06/2008"
"Gerência Regional / GO","860357/2012","Requerimento de Cessão parcial","Concessão de Lavra","36.829.356/0001-80","CATALANA IND E COM DE ARTEFATOS DE CIMENTO E CONST LTDA","CUMARI - GO, NOVA AURORA - GO","AREIA, CASCALHO","Construção civil, Construção civil","Sim","28/10/2025"
"Gerência Regional / GO","861643/2007","Requerimento de Autorização de Pesquisa","Requerimento de Lavra","36.829.356/0001-80","CATALANA IND E COM DE ARTEFATOS DE CIMENTO E CONST LTDA","CORUMBAÍBA - GO, CUMARI - GO","AREIA, DIAMANTE INDUSTRIAL","Construção civil, Industrial","Sim","25/11/2014"
"Gerência Regional / GO","861441/2009","Requerimento de Cessão parcial","Requerimento de Lavra","57.633.521/0001-01","Minerpal Mineração e Comércio Ltda","GOIÁS - GO","AREIA","Construção civil","Sim","27/08/2010"
"Gerência Regional / GO","861123/2010","Requerimento de Cessão parcial","Direito de Requerer a Lavra","57.633.521/0001-01","Minerpal Mineração e Comércio Ltda","GOIÁS - GO","AREIA, CASCALHO","Construção civil, Construção civil","Sim","20/12/2012"
"Gerência Regional / GO","861043/2010","Requerimento de Autorização de Pesquisa","Requerimento de Lavra","57.633.521/0001-01","Minerpal Mineração e Comércio Ltda","GOIÁS - GO","AREIA, ARGILA","Construção civil, Industrial","Sim","09/05/2011"
"Gerência Regional / GO","862456/2008","Requerimento de Autorização de Pesquisa","Concessão de Lavra","07.282.674/0001-75","AREIA SAO TOMAZ EIRELI","MONTIVIDIU - GO","AREIA, MINÉRIO DE OURO","Industrial, Industrial","Sim","07/10/2011"
"Gerência Regional / GO","860594/2006","Requerimento de Autorização de Pesquisa","Concessão de Lavra","13.342.485/0001-43","MINERACAO ANTONELLI LTDA","ABADIÂNIA - GO","ARENITO, ARENITO, MINÉRIO DE OURO, QUARTZITO","Construção civil, Industrial, Industrial, Revestimento","Sim","04/03/2009"
"Gerência Regional / GO","860560/2003","Requerimento de Autorização de Pesquisa","Concessão de Lavra","13.648.937/0001-10","Cpx Goiana Mineração S.a.","ANICUNS - GO, AVELINÓPOLIS - GO","CALCÁRIO","Demais substâncias","Sim","05/04/2007"
"Gerência Regional / GO","860560/2003","Requerimento de Autorização de Pesquisa","Concessão de Lavra","13.648.937/0001-10","Cpx Goiana Mineração S.a.","ANICUNS - GO, AVELINÓPOLIS - GO","CALCÁRIO","Demais substâncias","Sim","26/08/2004"
"Gerência Regional / GO","860282/2003","Requerimento de Autorização de Pesquisa","Concessão de Lavra","13.648.937/0001-10","Cpx Goiana Mineração S.a.","ANICUNS - GO","CALCÁRIO DOLOMÍTICO","Industrial","Sim","05/04/2007"
"Gerência Regional / GO","860515/1991","Requerimento de Lavra Garimpeira","Lavra Garimpeira","***.557.708-**","GUSTAVO RETZ","CAMPOS VERDES - GO","ESMERALDA","Demais substâncias","Sim","08/03/2017"
"Gerência Regional / GO","860571/1991","Requerimento de Lavra Garimpeira","Lavra Garimpeira","***.557.708-**","GUSTAVO RETZ","CAMPOS VERDES - GO","ESMERALDA","Demais substâncias","Sim","31/10/2001"
"Gerência Regional / GO","860571/1991","Requerimento de Lavra Garimpeira","Lavra Garimpeira","***.557.708-**","GUSTAVO RETZ","CAMPOS VERDES - GO","ESMERALDA","Demais substâncias","Sim","08/03/2017"
"Gerência Regional / GO","860089/2018","Requerimento de Cessão parcial","Direito de Requerer a Lavra","32.052.762/0001-28","MINERACAO CORDILHEIRA LTDA","URUAÇU - GO","MINÉRIO DE OURO, QUARTZO, QUARTZO","Industrial, Industrial, Revestimento","Sim","07/03/2024"
"Gerência Regional / GO","860367/2017","Requerimento de Autorização de Pesquisa","Concessão de Lavra","32.052.762/0001-28","MINERACAO CORDILHEIRA LTDA","COLINAS DO SUL - GO, NIQUELÂNDIA - GO","MÁRMORE, MINÉRIO DE OURO, QUARTZO, QUARTZO, XISTO","Industrial, Industrial, Revestimento, Revestimento, Revestimento","Sim","27/06/2018"
"Gerência Regional / GO","860367/2017","Requerimento de Autorização de Pesquisa","Concessão de Lavra","32.052.762/0001-28","MINERACAO CORDILHEIRA LTDA","COLINAS DO SUL - GO, NIQUELÂNDIA - GO","MÁRMORE, MINÉRIO DE OURO, QUARTZO, QUARTZO, XISTO","Industrial, Industrial, Revestimento, Revestimento, Revestimento","Sim","26/03/2019"
"Gerência Regional / GO","860367/2017","Requerimento de Autorização de Pesquisa","Concessão de Lavra","32.052.762/0001-28","MINERACAO CORDILHEIRA LTDA","COLINAS DO SUL - GO, NIQUELÂNDIA - GO","MÁRMORE, MINÉRIO DE OURO, QUARTZO, QUARTZO, XISTO","Industrial, Industrial, Revestimento, Revestimento, Revestimento","Sim","20/08/2018"
"Gerência Regional / GO","860367/2017","Requerimento de Autorização de Pesquisa","Concessão de Lavra","32.052.762/0001-28","MINERACAO CORDILHEIRA LTDA","COLINAS DO SUL - GO, NIQUELÂNDIA - GO","MÁRMORE, MINÉRIO DE OURO, QUARTZO, QUARTZO, XISTO","Industrial, Industrial, Revestimento, Revestimento, Revestimento","Sim","28/12/2017"
"Gerência Regional / GO","860367/2017","Requerimento de Autorização de Pesquisa","Concessão de Lavra","32.052.762/0001-28","MINERACAO CORDILHEIRA LTDA","COLINAS DO SUL - GO, NIQUELÂNDIA - GO","MÁRMORE, MINÉRIO DE OURO, QUARTZO, QUARTZO, XISTO","Industrial, Industrial, Revestimento, Revestimento, Revestimento","Sim","28/04/2023"
"Gerência Regional / GO","860367/2017","Requerimento de Autorização de Pesquisa","Concessão de Lavra","32.052.762/0001-28","MINERACAO CORDILHEIRA LTDA","COLINAS DO SUL - GO, NIQUELÂNDIA - GO","MÁRMORE, MINÉRIO DE OURO, QUARTZO, QUARTZO, XISTO","Industrial, Industrial, Revestimento, Revestimento, Revestimento","Sim","13/08/2019"
"Gerência Regional / GO","860363/2007","Requerimento de Autorização de Pesquisa","Concessão de Lavra","41.532.605/0001-00","ETR MINERALE - EXTRACAO DE MINERIOS LTDA","NIQUELÂNDIA - GO, VILA PROPÍCIO - GO","AREIA, MINÉRIO DE OURO","Construção civil, Industrial","Sim","22/04/2010"
"Gerência Regional / GO","860158/2005","Requerimento de Autorização de Pesquisa","Concessão de Lavra","08.897.104/0001-52","SALPAR PARTICIPACOES LTDA","SÃO JOÃO D'ALIANÇA - GO","FILITO, SILTITO","Industrial, Industrial","Sim","21/10/2013"
"Gerência Regional / GO","860158/2005","Requerimento de Autorização de Pesquisa","Concessão de Lavra","08.897.104/0001-52","SALPAR PARTICIPACOES LTDA","SÃO JOÃO D'ALIANÇA - GO","FILITO, SILTITO","Industrial, Industrial","Sim","04/04/2024"
"Gerência Regional / GO","862456/2008","Requerimento de Autorização de Pesquisa","Concessão de Lavra","07.282.674/0001-75","AREIA SAO TOMAZ EIRELI","MONTIVIDIU - GO","AREIA, MINÉRIO DE OURO","Industrial, Industrial","Sim","02/07/2009"
"Gerência Regional / GO","862022/2011","Requerimento de Cessão parcial","Requerimento de Lavra","07.282.674/0001-75","AREIA SAO TOMAZ EIRELI","MONTIVIDIU - GO","AREIA, MINÉRIO DE OURO","Industrial, Industrial","Sim","22/12/2016"
"Gerência Regional / GO","861640/2012","Requerimento de Disponibilidade para pesquisa","Autorização de Pesquisa","***.907.231-**","Edieliton Gonzaga de Oliveira","FORMOSO - GO, SANTA TEREZA DE GOIÁS - GO, TROMBAS - GO","AREIA, MINÉRIO DE OURO","Construção civil, Industrial","Sim","10/05/2017"
"Gerência Regional / GO","861274/2008","Requerimento de Autorização de Pesquisa","Autorização de Pesquisa","12.069.549/0001-11","Itamix Mineração Industrial Ltda","ALTO PARAÍSO DE GOIÁS - GO","MINÉRIO DE OURO","Industrial","Sim","03/11/2010"
"Gerência Regional / GO","860981/2006","Requerimento de Autorização de Pesquisa","Concessão de Lavra","12.970.546/0001-54","DRAGA SAO BENTO E TRANSPORTES LTDA","GOIANÉSIA - GO, SANTA ISABEL - GO","AREIA, CASCALHO, MINÉRIO DE OURO","Construção civil, Construção civil, Industrial","Sim","18/01/2012"
"Gerência Regional / GO","860594/2006","Requerimento de Autorização de Pesquisa","Concessão de Lavra","13.342.485/0001-43","MINERACAO ANTONELLI LTDA","ABADIÂNIA - GO","ARENITO, ARENITO, MINÉRIO DE OURO, QUARTZITO","Construção civil, Industrial, Industrial, Revestimento","Sim","31/05/2011"
"Gerência Regional / GO","860560/2003","Requerimento de Autorização de Pesquisa","Concessão de Lavra","13.648.937/0001-10","Cpx Goiana Mineração S.a.","ANICUNS - GO, AVELINÓPOLIS - GO","CALCÁRIO","Demais substâncias","Sim","13/11/2012"
"Gerência Regional / GO","860282/2003","Requerimento de Autorização de Pesquisa","Concessão de Lavra","13.648.937/0001-10","Cpx Goiana Mineração S.a.","ANICUNS - GO","CALCÁRIO DOLOMÍTICO","Industrial","Sim","13/11/2012"
"Gerência Regional / GO","860515/1991","Requerimento de Lavra Garimpeira","Lavra Garimpeira","***.557.708-**","GUSTAVO RETZ","CAMPOS VERDES - GO","ESMERALDA","Demais substâncias","Sim","16/10/2006"
"Gerência Regional / GO","860571/1991","Requerimento de Lavra Garimpeira","Lavra Garimpeira","***.557.708-**","GUSTAVO RETZ","CAMPOS VERDES - GO","ESMERALDA","Demais substâncias","Sim","16/10/2006"
"Gerência Regional / GO","860651/2021","Requerimento de Pesquisa - Leilão","Autorização de Pesquisa","25.982.566/0001-97","CALFORTE BENEFICIAMENTO DE CALCARIO LTDA","CEZARINA - GO, VARJÃO - GO","CALCÁRIO","Fabricação de cimento","Sim","07/10/2021"
"Gerência Regional / GO","860052/2014","Requerimento de Autorização de Pesquisa","Concessão de Lavra","25.982.566/0001-97","CALFORTE BENEFICIAMENTO DE CALCARIO LTDA","INDIARA - GO","CALCÁRIO, CALCÁRIO, CASCALHO","Construção civil, Corretivo de solo, Fabricação de cal","Sim","08/09/2016"
"Gerência Regional / GO","860168/2011","Requerimento de Autorização de Pesquisa","Requerimento de Lavra","12.357.823/0001-58","AGROINDUSTRIAL FAZENDA MARQUESA LTDA","RIO VERDE - GO, SANTO ANTÔNIO DA BARRA - GO","MINÉRIO DE COBRE, ROCHA POTÁSSICA","Industrial, Industrial","Sim","11/05/2017"
"Gerência Regional / GO","860165/2011","Requerimento de Autorização de Pesquisa","Requerimento de Lavra","12.357.823/0001-58","AGROINDUSTRIAL FAZENDA MARQUESA LTDA","RIO VERDE - GO, SANTO ANTÔNIO DA BARRA - GO","ROCHA POTÁSSICA","Industrial","Sim","11/05/2017"
"Gerência Regional / GO","860172/2011","Requerimento de Autorização de Pesquisa","Requerimento de Lavra","12.357.823/0001-58","AGROINDUSTRIAL FAZENDA MARQUESA LTDA","RIO VERDE - GO","ROCHA POTÁSSICA","Industrial","Sim","11/05/2017"
"Gerência Regional / GO","860171/2011","Requerimento de Autorização de Pesquisa","Requerimento de Lavra","12.357.823/0001-58","AGROINDUSTRIAL FAZENDA MARQUESA LTDA","RIO VERDE - GO, SANTO ANTÔNIO DA BARRA - GO","ROCHA POTÁSSICA","Industrial","Sim","11/05/2017"
"Gerência Regional / GO","860170/2011","Requerimento de Autorização de Pesquisa","Requerimento de Lavra","12.357.823/0001-58","AGROINDUSTRIAL FAZENDA MARQUESA LTDA","SANTO ANTÔNIO DA BARRA - GO","ROCHA POTÁSSICA","Industrial","Sim","11/05/2017"
"Gerência Regional / GO","860089/2018","Requerimento de Cessão parcial","Direito de Requerer a Lavra","32.052.762/0001-28","MINERACAO CORDILHEIRA LTDA","URUAÇU - GO","MINÉRIO DE OURO, QUARTZO, QUARTZO","Industrial, Industrial, Revestimento","Sim","19/12/2023"
"Gerência Regional / GO","860367/2017","Requerimento de Autorização de Pesquisa","Concessão de Lavra","32.052.762/0001-28","MINERACAO CORDILHEIRA LTDA","COLINAS DO SUL - GO, NIQUELÂNDIA - GO","MÁRMORE, MINÉRIO DE OURO, QUARTZO, QUARTZO, XISTO","Industrial, Industrial, Revestimento, Revestimento, Revestimento","Sim","21/11/2018"
"Gerência Regional / GO","860139/2018","Requerimento de Autorização de Pesquisa","Autorização de Pesquisa","32.052.762/0001-28","MINERACAO CORDILHEIRA LTDA","COLINAS DO SUL - GO","MINÉRIO DE OURO","Industrial","Sim","03/02/2022"
"Gerência Regional / GO","860363/2007","Requerimento de Autorização de Pesquisa","Concessão de Lavra","41.532.605/0001-00","ETR MINERALE - EXTRACAO DE MINERIOS LTDA","NIQUELÂNDIA - GO, VILA PROPÍCIO - GO","AREIA, MINÉRIO DE OURO","Construção civil, Industrial","Sim","27/10/2021"
"Gerência Regional / GO","860969/2023","Requerimento de Autorização de Pesquisa","Autorização de Pesquisa","08.897.104/0001-52","SALPAR PARTICIPACOES LTDA","DIORAMA - GO, IPORÁ - GO","MINÉRIO DE NÍQUEL, TERRAS RARAS","Industrial, Industrial","Sim","20/05/2026"
"Gerência Regional / GO","860158/2005","Requerimento de Autorização de Pesquisa","Concessão de Lavra","08.897.104/0001-52","SALPAR PARTICIPACOES LTDA","SÃO JOÃO D'ALIANÇA - GO","FILITO, SILTITO","Industrial, Industrial","Sim","27/03/2025"
"Gerência Regional / GO","861056/2023","Requerimento de Autorização de Pesquisa","Autorização de Pesquisa","08.897.104/0001-52","SALPAR PARTICIPACOES LTDA","JAUPACI - GO, MONTES CLAROS DE GOIÁS - GO","TERRAS RARAS","Industrial","Sim","20/05/2026"
"Gerência Regional / GO","861049/2023","Requerimento de Autorização de Pesquisa","Autorização de Pesquisa","08.897.104/0001-52","SALPAR PARTICIPACOES LTDA","DIORAMA - GO, MONTES CLAROS DE GOIÁS - GO","TERRAS RARAS","Industrial","Sim","20/05/2026"
"Gerência Regional / GO","860990/2023","Requerimento de Autorização de Pesquisa","Autorização de Pesquisa","08.897.104/0001-52","SALPAR PARTICIPACOES LTDA","MONTES CLAROS DE GOIÁS - GO","MINÉRIO DE NÍQUEL, TERRAS RARAS","Industrial, Industrial","Sim","20/05/2026"
"Gerência Regional / GO","860989/2023","Requerimento de Autorização de Pesquisa","Autorização de Pesquisa","08.897.104/0001-52","SALPAR PARTICIPACOES LTDA","DIORAMA - GO","MINÉRIO DE NÍQUEL, TERRAS RARAS","Industrial, Industrial","Sim","20/05/2026"
"Gerência Regional / GO","860980/2023","Requerimento de Autorização de Pesquisa","Autorização de Pesquisa","08.897.104/0001-52","SALPAR PARTICIPACOES LTDA","DIORAMA - GO, MONTES CLAROS DE GOIÁS - GO","MINÉRIO DE NÍQUEL, TERRAS RARAS","Industrial, Industrial","Sim","20/05/2026"
"Gerência Regional / GO","860978/2023","Requerimento de Autorização de Pesquisa","Autorização de Pesquisa","08.897.104/0001-52","SALPAR PARTICIPACOES LTDA","MONTES CLAROS DE GOIÁS - GO","MINÉRIO DE NÍQUEL, TERRAS RARAS","Industrial, Industrial","Sim","20/05/2026"
"Gerência Regional / GO","860716/2021","Requerimento de Pesquisa - Oferta Pública ","Autorização de Pesquisa","55.757.080/0001-16","ATLAS RECURSOS MINERAIS LTDA.","NIQUELÂNDIA - GO","MINÉRIO DE NÍQUEL","Industrial","Sim","19/04/2023"
"Gerência Regional / GO","860481/2019","Requerimento de Autorização de Pesquisa","Autorização de Pesquisa","55.757.080/0001-16","ATLAS RECURSOS MINERAIS LTDA.","MONTIVIDIU DO NORTE - GO","TERRAS RARAS","Industrial","Sim","19/04/2023"
"Gerência Regional / GO","860480/2019","Requerimento de Autorização de Pesquisa","Autorização de Pesquisa","55.757.080/0001-16","ATLAS RECURSOS MINERAIS LTDA.","ARRAIAS - TO, MONTE ALEGRE DE GOIÁS - GO","TERRAS RARAS","Industrial","Sim","19/04/2023"
"Gerência Regional / GO","860206/2018","Requerimento de Autorização de Pesquisa","Autorização de Pesquisa","55.757.080/0001-16","ATLAS RECURSOS MINERAIS LTDA.","MONTES CLAROS DE GOIÁS - GO","MINÉRIO DE COBALTO, MINÉRIO DE COBRE, MINÉRIO DE NÍQUEL","Industrial, Industrial, Industrial","Sim","27/03/2025"
"Gerência Regional / GO","862008/1995","Requerimento de Autorização de Pesquisa","Concessão de Lavra","02.392.929/0001-39","IPE Industria e Comercio de Água Mineral e Refrigrerantes Ltda","HIDROLÂNDIA - GO","ÁGUA MINERAL","Demais substâncias","Sim","25/06/1997"
"Gerência Regional / GO","861426/2007","Requerimento de Autorização de Pesquisa","Concessão de Lavra","36.829.356/0001-80","CATALANA IND E COM DE ARTEFATOS DE CIMENTO E CONST LTDA","CORUMBAÍBA - GO, CUMARI - GO, NOVA AURORA - GO","AREIA, CASCALHO, DIAMANTE, DIAMANTE","Construção civil, Construção civil, Gema, Industrial","Sim","20/04/2012"
"Gerência Regional / GO","861351/1985","Requerimento de Autorização de Pesquisa","Concessão de Lavra","73.935.660/0001-38","Kananxuê Thermas Mineração Ltda.","CALDAS NOVAS - GO","ÁGUAS TERMAIS","Demais substâncias","Sim","05/07/1989"
"Gerência Regional / GO","860228/1998","Requerimento de Autorização de Pesquisa","Concessão de Lavra","03.665.281/0001-90","Carmo Mineração Industria e Comercio Ltda","GOIÂNIA - GO","ÁGUA MINERAL","Demais substâncias","Sim","01/12/1999"
"Gerência Regional / GO","861573/2007","Requerimento de Autorização de Pesquisa","Requerimento de Lavra","11.129.862/0001-35","Mineradora Vale do Rio Verde Ltda Me","COCALZINHO DE GOIÁS - GO, PADRE BERNARDO - GO","AREIA, FILITO, MINÉRIO DE OURO","Construção civil, Industrial, Industrial","Sim","29/11/2010"
"Gerência Regional / GO","860378/1997","Requerimento de Autorização de Pesquisa","Requerimento de Lavra","05.886.573/0001-88","Ar Construtora e Mineradora Ltda","MONTE ALEGRE DE GOIÁS - GO","CASSITERITA, GRANITO","Brita, Demais substâncias","Sim","01/12/2000"
"Gerência Regional / GO","861899/2010","Requerimento de Autorização de Pesquisa","Requerimento de Lavra","13.166.181/0001-72","F C CINTRA - PEDREIRA","ARAGUAPAZ - GO","GRANITO, GRANITO","Brita, Revestimento","Sim","04/03/2013"
"Gerência Regional / GO","860516/1991","Requerimento de Lavra Garimpeira","Lavra Garimpeira","***.557.708-**","GUSTAVO RETZ","CAMPOS VERDES - GO","ESMERALDA","Demais substâncias","Sim","16/10/2006"
"Gerência Regional / TO","861889/2012","Requerimento de Autorização de Pesquisa","Autorização de Pesquisa","19.320.400/0001-02","MINERADORA VALE DO PARANA LTDA","CAVALCANTE - GO, PARANÃ - TO","MINÉRIO DE OURO","Industrial","Sim","05/04/2016"
"Gerência Regional / GO","861332/2013","Requerimento de Autorização de Pesquisa","Concessão de Lavra","20.766.728/0001-36","J R EXTRACAO E COMERCIO DE AREIA LTDA","CÓRREGO DO OURO - GO, SANCLERLÂNDIA - GO","AREIA, DIAMANTE","Construção civil, Industrial","Sim","11/06/2014"
"Gerência Regional / GO","861332/2013","Requerimento de Autorização de Pesquisa","Concessão de Lavra","20.766.728/0001-36","J R EXTRACAO E COMERCIO DE AREIA LTDA","CÓRREGO DO OURO - GO, SANCLERLÂNDIA - GO","AREIA, DIAMANTE","Construção civil, Industrial","Sim","22/11/2021"
"Gerência Regional / GO","860946/2010","Requerimento de Disponibilidade para pesquisa","Concessão de Lavra","21.240.477/0001-14","Oliveira e Conti Ltda Me","GOIÁS - GO","AREIA, MINÉRIO DE OURO","Construção civil, Industrial","Sim","23/01/2015"
"Gerência Regional / GO","860946/2010","Requerimento de Disponibilidade para pesquisa","Concessão de Lavra","21.240.477/0001-14","Oliveira e Conti Ltda Me","GOIÁS - GO","AREIA, MINÉRIO DE OURO","Construção civil, Industrial","Sim","07/10/2011"
"Gerência Regional / GO","860590/2023","Requerimento de Autorização de Pesquisa","Autorização de Pesquisa","***.723.191-**","LAIMON JHEITON MACEDO LACERDA","ARAGUAPAZ - GO, MATRINCHÃ - GO","AREIA, MINÉRIO DE OURO","Construção civil, Industrial","Sim","07/03/2024"
"Gerência Regional / GO","860771/2021","Requerimento de Pesquisa - Leilão","Autorização de Pesquisa","46.201.119/0001-23","RED RIVER GOLD MINING LTDA","MONTE ALEGRE DE GOIÁS - GO","MINÉRIO DE OURO","Industrial","Sim","20/05/2026"
"Gerência Regional / GO","860716/2021","Requerimento de Pesquisa - Oferta Pública ","Autorização de Pesquisa","55.757.080/0001-16","ATLAS RECURSOS MINERAIS LTDA.","NIQUELÂNDIA - GO","MINÉRIO DE NÍQUEL","Industrial","Sim","23/04/2025"
"Gerência Regional / GO","860680/2023","Requerimento de Autorização de Pesquisa","Autorização de Pesquisa","55.757.080/0001-16","ATLAS RECURSOS MINERAIS LTDA.","JUSSARA - GO, SANTA FÉ DE GOIÁS - GO","MINÉRIO DE COBALTO, MINÉRIO DE COBRE, MINÉRIO DE NÍQUEL","Industrial, Industrial, Industrial","Sim","23/04/2025"
"Gerência Regional / GO","860679/2023","Requerimento de Autorização de Pesquisa","Autorização de Pesquisa","55.757.080/0001-16","ATLAS RECURSOS MINERAIS LTDA.","DIORAMA - GO, MONTES CLAROS DE GOIÁS - GO","MINÉRIO DE COBALTO, MINÉRIO DE COBRE, MINÉRIO DE NÍQUEL","Industrial, Industrial, Industrial","Sim","23/04/2025"
"Gerência Regional / GO","860678/2023","Requerimento de Autorização de Pesquisa","Autorização de Pesquisa","55.757.080/0001-16","ATLAS RECURSOS MINERAIS LTDA.","JUSSARA - GO","MINÉRIO DE COBALTO, MINÉRIO DE COBRE, MINÉRIO DE NÍQUEL","Industrial, Industrial, Industrial","Sim","23/04/2025"
"Gerência Regional / GO","860677/2023","Requerimento de Autorização de Pesquisa","Autorização de Pesquisa","55.757.080/0001-16","ATLAS RECURSOS MINERAIS LTDA.","JUSSARA - GO","MINÉRIO DE COBALTO, MINÉRIO DE COBRE, MINÉRIO DE NÍQUEL","Industrial, Industrial, Industrial","Sim","23/04/2025"
"Gerência Regional / GO","860676/2023","Requerimento de Autorização de Pesquisa","Autorização de Pesquisa","55.757.080/0001-16","ATLAS RECURSOS MINERAIS LTDA.","JUSSARA - GO","MINÉRIO DE COBALTO, MINÉRIO DE COBRE, MINÉRIO DE NÍQUEL","Industrial, Industrial, Industrial","Sim","23/04/2025"
"Gerência Regional / GO","860675/2023","Requerimento de Autorização de Pesquisa","Autorização de Pesquisa","55.757.080/0001-16","ATLAS RECURSOS MINERAIS LTDA.","SANTA FÉ DE GOIÁS - GO","MINÉRIO DE COBALTO, MINÉRIO DE COBRE, MINÉRIO DE NÍQUEL","Industrial, Industrial, Industrial","Sim","23/04/2025"
"Gerência Regional / GO","860674/2023","Requerimento de Autorização de Pesquisa","Autorização de Pesquisa","55.757.080/0001-16","ATLAS RECURSOS MINERAIS LTDA.","JUSSARA - GO, SANTA FÉ DE GOIÁS - GO","MINÉRIO DE COBALTO, MINÉRIO DE COBRE, MINÉRIO DE NÍQUEL","Industrial, Industrial, Industrial","Sim","23/04/2025"
"Gerência Regional / GO","860673/2023","Requerimento de Autorização de Pesquisa","Autorização de Pesquisa","55.757.080/0001-16","ATLAS RECURSOS MINERAIS LTDA.","BOM JARDIM DE GOIÁS - GO","MINÉRIO DE COBALTO, MINÉRIO DE COBRE, MINÉRIO DE NÍQUEL","Industrial, Industrial, Industrial","Sim","23/04/2025"
"Gerência Regional / GO","860672/2023","Requerimento de Autorização de Pesquisa","Autorização de Pesquisa","55.757.080/0001-16","ATLAS RECURSOS MINERAIS LTDA.","JUSSARA - GO","MINÉRIO DE COBALTO, MINÉRIO DE COBRE, MINÉRIO DE NÍQUEL","Industrial, Industrial, Industrial","Sim","23/04/2025"
"Gerência Regional / GO","860671/2023","Requerimento de Autorização de Pesquisa","Autorização de Pesquisa","55.757.080/0001-16","ATLAS RECURSOS MINERAIS LTDA.","JUSSARA - GO","MINÉRIO DE COBALTO, MINÉRIO DE COBRE, MINÉRIO DE NÍQUEL","Industrial, Industrial, Industrial","Sim","23/04/2025"
"Gerência Regional / GO","860670/2023","Requerimento de Autorização de Pesquisa","Autorização de Pesquisa","55.757.080/0001-16","ATLAS RECURSOS MINERAIS LTDA.","SANTA FÉ DE GOIÁS - GO","MINÉRIO DE COBALTO, MINÉRIO DE COBRE, MINÉRIO DE NÍQUEL","Industrial, Industrial, Industrial","Sim","23/04/2025"
"Gerência Regional / GO","860667/2023","Requerimento de Autorização de Pesquisa","Autorização de Pesquisa","55.757.080/0001-16","ATLAS RECURSOS MINERAIS LTDA.","DIORAMA - GO","MINÉRIO DE COBALTO, MINÉRIO DE COBRE, MINÉRIO DE NÍQUEL","Industrial, Industrial, Industrial","Sim","23/04/2025"
"Gerência Regional / GO","860666/2023","Requerimento de Autorização de Pesquisa","Autorização de Pesquisa","55.757.080/0001-16","ATLAS RECURSOS MINERAIS LTDA.","MONTES CLAROS DE GOIÁS - GO","MINÉRIO DE COBALTO, MINÉRIO DE COBRE, MINÉRIO DE NÍQUEL","Industrial, Industrial, Industrial","Sim","23/04/2025"
"Gerência Regional / GO","860481/2019","Requerimento de Autorização de Pesquisa","Autorização de Pesquisa","55.757.080/0001-16","ATLAS RECURSOS MINERAIS LTDA.","MONTIVIDIU DO NORTE - GO","TERRAS RARAS","Industrial","Sim","27/03/2025"
"Gerência Regional / GO","860480/2019","Requerimento de Autorização de Pesquisa","Autorização de Pesquisa","55.757.080/0001-16","ATLAS RECURSOS MINERAIS LTDA.","ARRAIAS - TO, MONTE ALEGRE DE GOIÁS - GO","TERRAS RARAS","Industrial","Sim","27/03/2025"
"Gerência Regional / GO","860441/2022","Requerimento de Autorização de Pesquisa","Autorização de Pesquisa","55.757.080/0001-16","ATLAS RECURSOS MINERAIS LTDA.","MONTES CLAROS DE GOIÁS - GO","MINÉRIO DE NÍQUEL","Industrial","Sim","27/03/2025"
"Gerência Regional / GO","860440/2022","Requerimento de Autorização de Pesquisa","Autorização de Pesquisa","55.757.080/0001-16","ATLAS RECURSOS MINERAIS LTDA.","DIORAMA - GO","MINÉRIO DE NÍQUEL","Industrial","Sim","27/03/2025"
"Gerência Regional / GO","860439/2022","Requerimento de Autorização de Pesquisa","Autorização de Pesquisa","55.757.080/0001-16","ATLAS RECURSOS MINERAIS LTDA.","DIORAMA - GO","MINÉRIO DE NÍQUEL","Industrial","Sim","27/03/2025"
"Gerência Regional / GO","860438/2022","Requerimento de Autorização de Pesquisa","Autorização de Pesquisa","55.757.080/0001-16","ATLAS RECURSOS MINERAIS LTDA.","DIORAMA - GO, JAUPACI - GO","MINÉRIO DE NÍQUEL","Industrial","Sim","27/03/2025"
"Gerência Regional / GO","860437/2022","Requerimento de Autorização de Pesquisa","Autorização de Pesquisa","55.757.080/0001-16","ATLAS RECURSOS MINERAIS LTDA.","MONTES CLAROS DE GOIÁS - GO","MINÉRIO DE NÍQUEL","Industrial","Sim","27/03/2025"
"Gerência Regional / GO","860334/2022","Requerimento de Autorização de Pesquisa","Autorização de Pesquisa","55.757.080/0001-16","ATLAS RECURSOS MINERAIS LTDA.","NIQUELÂNDIA - GO","MINÉRIO DE NÍQUEL","Industrial","Sim","27/03/2025"
"Gerência Regional / GO","860333/2022","Requerimento de Autorização de Pesquisa","Autorização de Pesquisa","55.757.080/0001-16","ATLAS RECURSOS MINERAIS LTDA.","NIQUELÂNDIA - GO","MINÉRIO DE NÍQUEL","Industrial","Sim","27/03/2025"
"Gerência Regional / GO","860332/2022","Requerimento de Autorização de Pesquisa","Autorização de Pesquisa","55.757.080/0001-16","ATLAS RECURSOS MINERAIS LTDA.","NIQUELÂNDIA - GO","MINÉRIO DE NÍQUEL","Industrial","Sim","27/03/2025"
"Gerência Regional / GO","860331/2022","Requerimento de Autorização de Pesquisa","Autorização de Pesquisa","55.757.080/0001-16","ATLAS RECURSOS MINERAIS LTDA.","NIQUELÂNDIA - GO","MINÉRIO DE NÍQUEL","Industrial","Sim","27/03/2025"
"Gerência Regional / GO","860330/2022","Requerimento de Autorização de Pesquisa","Autorização de Pesquisa","55.757.080/0001-16","ATLAS RECURSOS MINERAIS LTDA.","NIQUELÂNDIA - GO","MINÉRIO DE NÍQUEL","Industrial","Sim","27/03/2025"
"Gerência Regional / GO","860206/2018","Requerimento de Autorização de Pesquisa","Autorização de Pesquisa","55.757.080/0001-16","ATLAS RECURSOS MINERAIS LTDA.","MONTES CLAROS DE GOIÁS - GO","MINÉRIO DE COBALTO, MINÉRIO DE COBRE, MINÉRIO DE NÍQUEL","Industrial, Industrial, Industrial","Sim","19/04/2023"
"Gerência Regional / GO","811383/1974","Requerimento de Autorização de Pesquisa","Concessão de Lavra","00.519.280/0001-49","MAP MINERACAO AGRO PECUARIA LIMITADA","PLANALTINA - GO","CALCÁRIO","Demais substâncias","Sim","28/07/1992"
"Gerência Regional / GO","862638/1980","Requerimento de Autorização de Pesquisa","Concessão de Lavra","01.013.416/0001-07","SERRA DAS CALDAS MINERACAO LTDA","CALDAS NOVAS - GO","ÁGUA MINERAL","Demais substâncias","Sim","29/12/1993"
"Gerência Regional / GO","862722/1980","Requerimento de Autorização de Pesquisa","Concessão de Lavra","02.186.028/0001-90","ORSEL MINERADORA LTDA","CALDAS NOVAS - GO","ÁGUA MINERAL","Demais substâncias","Sim","12/07/1995"
"Gerência Regional / GO","860882/2017","Requerimento de Mudança de Regime para Aut. de Pesquisa","Autorização de Pesquisa","02.243.228/0001-38","MINERACAO ORCALINO FERREIRA GUIMARAES LTDA","RIO VERDE - GO","BASALTO","Brita","Sim","10/04/2019"
"Gerência Regional / GO","862008/1995","Requerimento de Autorização de Pesquisa","Concessão de Lavra","02.392.929/0001-39","IPE Industria e Comercio de Água Mineral e Refrigrerantes Ltda","HIDROLÂNDIA - GO","ÁGUA MINERAL","Demais substâncias","Sim","25/06/1998"
"Gerência Regional / GO","862645/1980","Requerimento de Autorização de Pesquisa","Concessão de Lavra","03.286.358/0001-10","MINERACAO CALDAS NOVAS LTDA","CALDAS NOVAS - GO","ÁGUA MINERAL","Demais substâncias","Sim","27/05/1994"
"Gerência Regional / GO","860235/2008","Requerimento de Autorização de Pesquisa","Concessão de Lavra","03.702.149/0001-00","RIBEIRO PAIVA AREIA EIRELI","RIO VERDE - GO","AREIA, CASCALHO, DIAMANTE","Construção civil, Construção civil, Industrial","Sim","18/01/2012"
"Gerência Regional / GO","860544/2009","Requerimento de Autorização de Pesquisa","Concessão de Lavra","26.949.545/0001-32","DRAGA BATISTA RAMOS LTDA","SILVÂNIA - GO","AREIA","Construção civil","Sim","06/01/2016"
"Gerência Regional / GO","861426/2007","Requerimento de Autorização de Pesquisa","Concessão de Lavra","36.829.356/0001-80","CATALANA IND E COM DE ARTEFATOS DE CIMENTO E CONST LTDA","CORUMBAÍBA - GO, CUMARI - GO, NOVA AURORA - GO","AREIA, CASCALHO, DIAMANTE, DIAMANTE","Construção civil, Construção civil, Gema, Industrial","Sim","27/02/2015"
"Gerência Regional / GO","861351/1985","Requerimento de Autorização de Pesquisa","Concessão de Lavra","73.935.660/0001-38","Kananxuê Thermas Mineração Ltda.","CALDAS NOVAS - GO","ÁGUAS TERMAIS","Demais substâncias","Sim","29/08/2007"
"Gerência Regional / GO","860698/1997","Requerimento de Autorização de Pesquisa","Concessão de Lavra","02.428.437/0001-56","GOYA INDUSTRIA E COMERCIO DE AGUA MINERAL LTDA","BOM JESUS DE GOIÁS - GO","ÁGUA MINERAL","Demais substâncias","Sim","07/02/2000"
"Gerência Regional / GO","860228/1998","Requerimento de Autorização de Pesquisa","Concessão de Lavra","03.665.281/0001-90","Carmo Mineração Industria e Comercio Ltda","GOIÂNIA - GO","ÁGUA MINERAL","Demais substâncias","Sim","04/07/2000"
"Gerência Regional / GO","861854/2010","Requerimento de Lavra Garimpeira","Lavra Garimpeira","***.676.286-**","EDUARDO FERNANDES","CRISTALINA - GO","QUARTZO","Artesanato  mineral","Sim","10/04/2019"
"Gerência Regional / GO","861007/2022","Requerimento de Autorização de Pesquisa","Autorização de Pesquisa","***.679.568-**","Olaf Winking","CRISTALINA - GO","AREIA, MINÉRIO DE OURO, QUARTZO","Construção civil, Industrial, Industrial","Sim","19/04/2023"
"Gerência Regional / GO","860458/2005","Requerimento de Autorização de Pesquisa","Requerimento de Lavra","07.282.674/0001-75","AREIA SAO TOMAZ EIRELI","RIO VERDE - GO","AREIA","Construção civil","Sim","11/12/2006"
"Gerência Regional / GO","862639/1980","Requerimento de Autorização de Pesquisa","Concessão de Lavra","08.455.683/0001-83","PAINEIRAS MINERACAO LTDA","CALDAS NOVAS - GO","ÁGUA MINERAL","Demais substâncias","Sim","21/03/2007"
"Gerência Regional / GO","860598/1986","Requerimento de Registro de Licença","Concessão de Lavra","03.279.056/0001-15","CABECAL - CALCARIO DE CABECEIRAS MINERACAO LTDA","CABECEIRAS - GO","CALCÁRIO DOLOMÍTICO","Corretivo de solo","Sim","14/09/2009"
"Gerência Regional / GO","860643/2012","Requerimento de Mudança de Regime para Aut. de Pesquisa","Requerimento de Lavra","07.151.296/0001-90","LÍDER DISTRIBUIDORA DE AREIA LTDA","PIRACANJUBA - GO","AREIA, CASCALHO","Construção civil, Construção civil","Sim","28/12/2017"
"Gerência Regional / GO","809177/1972","Requerimento de Autorização de Pesquisa","Requerimento de Lavra","04.841.067/0001-00","UIRAPURU MINERACAO LTDA","OUVIDOR - GO","VERMICULITA","Demais substâncias","Sim","20/10/2006"
"Gerência Regional / GO","862558/2011","Requerimento de Autorização de Pesquisa","Autorização de Pesquisa","***.907.231-**","Edieliton Gonzaga de Oliveira","CALDAZINHA - GO","AREIA, MINÉRIO DE OURO","Construção civil, Industrial","Sim","17/08/2016"
"Gerência Regional / GO","861276/2008","Requerimento de Autorização de Pesquisa","Autorização de Pesquisa","12.069.549/0001-11","Itamix Mineração Industrial Ltda","ALTO PARAÍSO DE GOIÁS - GO","MINÉRIO DE OURO","Industrial","Sim","03/11/2010"
"Gerência Regional / GO","861573/2007","Requerimento de Autorização de Pesquisa","Requerimento de Lavra","11.129.862/0001-35","Mineradora Vale do Rio Verde Ltda Me","COCALZINHO DE GOIÁS - GO, PADRE BERNARDO - GO","AREIA, FILITO, MINÉRIO DE OURO","Construção civil, Industrial, Industrial","Sim","22/12/2011"
"Gerência Regional / GO","860378/1997","Requerimento de Autorização de Pesquisa","Requerimento de Lavra","05.886.573/0001-88","Ar Construtora e Mineradora Ltda","MONTE ALEGRE DE GOIÁS - GO","CASSITERITA, GRANITO","Brita, Demais substâncias","Sim","16/02/2011"
"Gerência Regional / GO","861305/2007","Requerimento de Autorização de Pesquisa","Concessão de Lavra","12.970.546/0001-54","DRAGA SAO BENTO E TRANSPORTES LTDA","GOIANÉSIA - GO, SANTA ISABEL - GO","AREIA","Construção civil","Sim","18/01/2012"
"Gerência Regional / GO","861262/2014","Requerimento de Autorização de Pesquisa","Concessão de Lavra","13.342.485/0001-43","MINERACAO ANTONELLI LTDA","ANÁPOLIS - GO","GRANULITO, QUARTZITO","Revestimento, Revestimento","Sim","08/09/2016"
"Gerência Regional / GO","862051/2011","Requerimento de Disponibilidade para pesquisa","Concessão de Lavra","13.648.937/0001-10","Cpx Goiana Mineração S.a.","FORMOSA - GO","ARGILA, CALCÁRIO, CALCÁRIO CALCÍTICO, FOSFATO, MARGA, SILTITO","Brita, Fabricação de cal, Fabricação de cimento, Fertilizantes, Industrial, Industrial","Sim","18/01/2012"
"Gerência Regional / GO","861359/2015","Requerimento de Autorização de Pesquisa","Autorização de Pesquisa","14.740.275/0001-76","Mineração Curral de Pedra Ltda","FAINA - GO","MINÉRIO DE OURO","Industrial","Sim","13/06/2016"
"Gerência Regional / GO","861899/2010","Requerimento de Autorização de Pesquisa","Requerimento de Lavra","13.166.181/0001-72","F C CINTRA - PEDREIRA","ARAGUAPAZ - GO","GRANITO, GRANITO","Brita, Revestimento","Sim","15/12/2015"
"Gerência Regional / GO","861237/2024","Requerimento de Autorização de Pesquisa","Autorização de Pesquisa","15.473.167/0001-47","MINERIUM DO BRASIL MINERACAO LTDA","SÃO DOMINGOS - GO","MINÉRIO DE OURO","Industrial","Sim","23/04/2025"
"Gerência Regional / GO","860516/1991","Requerimento de Lavra Garimpeira","Lavra Garimpeira","***.557.708-**","GUSTAVO RETZ","CAMPOS VERDES - GO","ESMERALDA","Demais substâncias","Sim","08/03/2017"
"Gerência Regional / TO","861889/2012","Requerimento de Autorização de Pesquisa","Autorização de Pesquisa","19.320.400/0001-02","MINERADORA VALE DO PARANA LTDA","CAVALCANTE - GO, PARANÃ - TO","MINÉRIO DE OURO","Industrial","Sim","24/03/2022"
"Gerência Regional / GO","860441/2011","Requerimento de Autorização de Pesquisa","Autorização de Pesquisa","20.847.382/0001-09","PLIMGOLD MINERACAO LTDA","DIVINÓPOLIS DE GOIÁS - GO, SÃO DOMINGOS - GO","MINÉRIO DE OURO","Industrial","Sim","14/10/2014"
"Gerência Regional / GO","861332/2013","Requerimento de Autorização de Pesquisa","Concessão de Lavra","20.766.728/0001-36","J R EXTRACAO E COMERCIO DE AREIA LTDA","CÓRREGO DO OURO - GO, SANCLERLÂNDIA - GO","AREIA, DIAMANTE","Construção civil, Industrial","Sim","24/10/2014"
"Gerência Regional / GO","860946/2010","Requerimento de Disponibilidade para pesquisa","Concessão de Lavra","21.240.477/0001-14","Oliveira e Conti Ltda Me","GOIÁS - GO","AREIA, MINÉRIO DE OURO","Construção civil, Industrial","Sim","06/09/2022"
"Gerência Regional / GO","860709/2016","Requerimento de Cessão parcial","Requerimento de Lavra","21.262.946/0001-04","AREIAL JL LTDA","ITAPURANGA - GO, SÃO PATRÍCIO - GO","AREIA","Construção civil","Sim","28/08/2019"
"Gerência Regional / GO","860236/2009","Requerimento de Cessão parcial","Concessão de Lavra","22.734.502/0001-89","Jc Mineração Eireli Me","SILVÂNIA - GO, VIANÓPOLIS - GO","AREIA","Construção civil","Sim","25/04/2016"
"Gerência Regional / GO","860652/2021","Requerimento de Pesquisa - Leilão","Autorização de Pesquisa","25.982.566/0001-97","CALFORTE BENEFICIAMENTO DE CALCARIO LTDA","CEZARINA - GO, INDIARA - GO","CALCÁRIO, CALCÁRIO","Corretivo de solo, Fabricação de cimento","Sim","07/10/2021"
"Gerência Regional / GO","861390/2009","Requerimento de Autorização de Pesquisa","Requerimento de Lavra","22.008.474/0001-12","Vicente Gomes Costa Neto","BELA VISTA DE GOIÁS - GO","MINÉRIO DE OURO, QUARTZITO","Industrial, Industrial","Sim","21/11/2019"
"Gerência Regional / GO","860169/2011","Requerimento de Autorização de Pesquisa","Requerimento de Lavra","12.357.823/0001-58","AGROINDUSTRIAL FAZENDA MARQUESA LTDA","SANTO ANTÔNIO DA BARRA - GO","ROCHA POTÁSSICA","Industrial","Sim","11/05/2017"
"Gerência Regional / GO","861543/2024","Requerimento de Pesquisa - Leilão","Autorização de Pesquisa","39.696.928/0001-98","JUNQUEIRA MINERADORA EIRELI","ARAGUAPAZ - GO, FAINA - GO, MATRINCHÃ - GO","AREIA, MINÉRIO DE OURO","Construção civil, Industrial","Sim","17/03/2026"
"Gerência Regional / GO","861543/2024","Requerimento de Pesquisa - Leilão","Autorização de Pesquisa","39.696.928/0001-98","JUNQUEIRA MINERADORA EIRELI","ARAGUAPAZ - GO, FAINA - GO, MATRINCHÃ - GO","AREIA, MINÉRIO DE OURO","Construção civil, Industrial","Sim","17/03/2026"
"Gerência Regional / GO","860655/2010","Requerimento de Autorização de Pesquisa","Requerimento de Lavra","40.378.923/0001-04","JDM EXTRACAO DE AREIAS LTDA","ALOÂNDIA - GO, MORRINHOS - GO","AREIA, MINÉRIO DE OURO","Construção civil, Industrial","Sim","17/11/2015"
"Gerência Regional / GO","860655/2010","Requerimento de Autorização de Pesquisa","Requerimento de Lavra","40.378.923/0001-04","JDM EXTRACAO DE AREIAS LTDA","ALOÂNDIA - GO, MORRINHOS - GO","AREIA, MINÉRIO DE OURO","Construção civil, Industrial","Sim","19/04/2023"
"Gerência Regional / MG","831555/2015","Requerimento de Autorização de Pesquisa","Direito de Requerer a Lavra","08.066.095/0001-58","MELLBER COMERCIO E EXPORTACAO DE PEDRAS PRECIOSAS LTDA","ABADIA DOS DOURADOS - MG, CATALÃO - GO, COROMANDEL - MG, DAVINÓPOLIS - GO","DIAMANTE, DIAMANTE","Gema, Industrial","Sim","30/03/2023"
"Gerência Regional / GO","861559/2021","Requerimento de Autorização de Pesquisa","Direito de Requerer a Lavra","48.085.671/0001-29","NEOFERTIL MINERACAO LTDA","MUNDO NOVO - GO","ILMENITA","Industrial","Sim","30/09/2024"
"Gerência Regional / GO","861559/2021","Requerimento de Autorização de Pesquisa","Direito de Requerer a Lavra","48.085.671/0001-29","NEOFERTIL MINERACAO LTDA","MUNDO NOVO - GO","ILMENITA","Industrial","Sim","28/06/2024"
"Gerência Regional / GO","861559/2021","Requerimento de Autorização de Pesquisa","Direito de Requerer a Lavra","48.085.671/0001-29","NEOFERTIL MINERACAO LTDA","MUNDO NOVO - GO","ILMENITA","Industrial","Sim","09/04/2024"
"Gerência Regional / GO","860106/2013","Requerimento de Autorização de Pesquisa","Autorização de Pesquisa","42.799.486/0001-10","AMARILLO MINERACAO DO BRASIL LTDA","MARA ROSA - GO","MINÉRIO DE OURO","Industrial","Sim","19/01/2016"
"Gerência Regional / GO","860106/2013","Requerimento de Autorização de Pesquisa","Autorização de Pesquisa","42.799.486/0001-10","AMARILLO MINERACAO DO BRASIL LTDA","MARA ROSA - GO","MINÉRIO DE OURO","Industrial","Sim","27/02/2020"
"Gerência Regional / GO","860081/2013","Requerimento de Autorização de Pesquisa","Autorização de Pesquisa","42.799.486/0001-10","AMARILLO MINERACAO DO BRASIL LTDA","MARA ROSA - GO","MINÉRIO DE OURO","Industrial","Sim","19/01/2016"
"Gerência Regional / GO","860081/2013","Requerimento de Autorização de Pesquisa","Autorização de Pesquisa","42.799.486/0001-10","AMARILLO MINERACAO DO BRASIL LTDA","MARA ROSA - GO","MINÉRIO DE OURO","Industrial","Sim","27/02/2020"
"Gerência Regional / GO","860050/2017","Requerimento de Disponibilidade para pesquisa","Autorização de Pesquisa","42.799.486/0001-10","AMARILLO MINERACAO DO BRASIL LTDA","MARA ROSA - GO","MINÉRIO DE OURO","Industrial","Sim","27/02/2020"
"Gerência Regional / GO","862000/1984","Requerimento de Autorização de Pesquisa","Concessão de Lavra","42.799.486/0001-10","AMARILLO MINERACAO DO BRASIL LTDA","MARA ROSA - GO","OURO","Demais substâncias","Sim","04/05/1987"
"Gerência Regional / GO","862000/1984","Requerimento de Autorização de Pesquisa","Concessão de Lavra","42.799.486/0001-10","AMARILLO MINERACAO DO BRASIL LTDA","MARA ROSA - GO","OURO","Demais substâncias","Sim","18/04/2000"
"Gerência Regional / GO","862000/1984","Requerimento de Autorização de Pesquisa","Concessão de Lavra","42.799.486/0001-10","AMARILLO MINERACAO DO BRASIL LTDA","MARA ROSA - GO","OURO","Demais substâncias","Sim","05/11/1992"
"Gerência Regional / GO","861259/2012","Requerimento de Disponibilidade para pesquisa","Requerimento de Lavra","42.799.486/0001-10","AMARILLO MINERACAO DO BRASIL LTDA","MARA ROSA - GO","COBRE, MINÉRIO DE OURO","Industrial, Industrial","Sim","27/02/2020"
"Gerência Regional / GO","861259/2012","Requerimento de Disponibilidade para pesquisa","Requerimento de Lavra","42.799.486/0001-10","AMARILLO MINERACAO DO BRASIL LTDA","MARA ROSA - GO","COBRE, MINÉRIO DE OURO","Industrial, Industrial","Sim","04/11/2019"
"Gerência Regional / GO","861241/1980","Requerimento de Autorização de Pesquisa","Concessão de Lavra","42.799.486/0001-10","AMARILLO MINERACAO DO BRASIL LTDA","MARA ROSA - GO","OURO","Demais substâncias","Sim","04/05/1987"
"Gerência Regional / GO","861241/1980","Requerimento de Autorização de Pesquisa","Concessão de Lavra","42.799.486/0001-10","AMARILLO MINERACAO DO BRASIL LTDA","MARA ROSA - GO","OURO","Demais substâncias","Sim","18/04/2000"
"Gerência Regional / GO","861241/1980","Requerimento de Autorização de Pesquisa","Concessão de Lavra","42.799.486/0001-10","AMARILLO MINERACAO DO BRASIL LTDA","MARA ROSA - GO","OURO","Demais substâncias","Sim","05/11/1992"
"Gerência Regional / GO","860952/1980","Requerimento de Autorização de Pesquisa","Concessão de Lavra","42.799.486/0001-10","AMARILLO MINERACAO DO BRASIL LTDA","MARA ROSA - GO","OURO","Demais substâncias","Sim","18/04/2000"
"Gerência Regional / GO","860952/1980","Requerimento de Autorização de Pesquisa","Concessão de Lavra","42.799.486/0001-10","AMARILLO MINERACAO DO BRASIL LTDA","MARA ROSA - GO","OURO","Demais substâncias","Sim","05/11/1992"
"Gerência Regional / GO","860952/1980","Requerimento de Autorização de Pesquisa","Concessão de Lavra","42.799.486/0001-10","AMARILLO MINERACAO DO BRASIL LTDA","MARA ROSA - GO","OURO","Demais substâncias","Sim","26/09/1990"
"Gerência Regional / GO","860403/2013","Requerimento de Disponibilidade para pesquisa","Autorização de Pesquisa","42.799.486/0001-10","AMARILLO MINERACAO DO BRASIL LTDA","ESTRELA DO NORTE - GO, MARA ROSA - GO","MINÉRIO DE OURO","Industrial","Sim","19/01/2016"
"Gerência Regional / GO","860403/2013","Requerimento de Disponibilidade para pesquisa","Autorização de Pesquisa","42.799.486/0001-10","AMARILLO MINERACAO DO BRASIL LTDA","ESTRELA DO NORTE - GO, MARA ROSA - GO","MINÉRIO DE OURO","Industrial","Sim","27/02/2020"
"Gerência Regional / GO","860402/2013","Requerimento de Disponibilidade para pesquisa","Requerimento de Lavra","42.799.486/0001-10","AMARILLO MINERACAO DO BRASIL LTDA","MARA ROSA - GO","MINÉRIO DE OURO","Industrial","Sim","19/01/2016"
"Gerência Regional / GO","860402/2013","Requerimento de Disponibilidade para pesquisa","Requerimento de Lavra","42.799.486/0001-10","AMARILLO MINERACAO DO BRASIL LTDA","MARA ROSA - GO","MINÉRIO DE OURO","Industrial","Sim","27/02/2020"
"Gerência Regional / GO","860156/2013","Requerimento de Autorização de Pesquisa","Autorização de Pesquisa","42.799.486/0001-10","AMARILLO MINERACAO DO BRASIL LTDA","MARA ROSA - GO","MINÉRIO DE OURO","Industrial","Sim","27/02/2020"
"Gerência Regional / GO","860156/2013","Requerimento de Autorização de Pesquisa","Autorização de Pesquisa","42.799.486/0001-10","AMARILLO MINERACAO DO BRASIL LTDA","MARA ROSA - GO","MINÉRIO DE OURO","Industrial","Sim","04/11/2019"
"Gerência Regional / GO","860109/2013","Requerimento de Autorização de Pesquisa","Autorização de Pesquisa","42.799.486/0001-10","AMARILLO MINERACAO DO BRASIL LTDA","MARA ROSA - GO","MINÉRIO DE OURO","Industrial","Sim","19/01/2016"
"Gerência Regional / GO","860109/2013","Requerimento de Autorização de Pesquisa","Autorização de Pesquisa","42.799.486/0001-10","AMARILLO MINERACAO DO BRASIL LTDA","MARA ROSA - GO","MINÉRIO DE OURO","Industrial","Sim","27/02/2020"
"Gerência Regional / GO","862747/2011","Requerimento de Autorização de Pesquisa","Autorização de Pesquisa","05.725.958/0001-63","PAN AMERICAN DESENVOLVIMENTO MINERAL LTDA","ISRAELÂNDIA - GO","MINÉRIO DE OURO","Industrial","Sim","13/11/2019"
"Gerência Regional / GO","860138/2018","Requerimento de Autorização de Pesquisa","Autorização de Pesquisa","32.052.762/0001-28","MINERACAO CORDILHEIRA LTDA","COLINAS DO SUL - GO","MINÉRIO DE OURO","Industrial","Sim","03/02/2022"
"Gerência Regional / GO","860473/2020","Requerimento de Autorização de Pesquisa","Autorização de Pesquisa","16.615.046/0001-55","MINERADORA PARAISO LTDA","NIQUELÂNDIA - GO","MINÉRIO DE OURO","Industrial","Sim","14/09/2021"
"Gerência Regional / GO","861543/2024","Requerimento de Pesquisa - Leilão","Autorização de Pesquisa","39.696.928/0001-98","JUNQUEIRA MINERADORA EIRELI","ARAGUAPAZ - GO, FAINA - GO, MATRINCHÃ - GO","AREIA, MINÉRIO DE OURO","Construção civil, Industrial","Sim","17/03/2026"
"Gerência Regional / GO","860655/2010","Requerimento de Autorização de Pesquisa","Requerimento de Lavra","40.378.923/0001-04","JDM EXTRACAO DE AREIAS LTDA","ALOÂNDIA - GO, MORRINHOS - GO","AREIA, MINÉRIO DE OURO","Construção civil, Industrial","Sim","14/11/2016"
"Gerência Regional / GO","860982/2022","Requerimento de Pesquisa - Leilão","Autorização de Pesquisa","33.620.576/0003-72","AREIAS LANDY LTDA","MOZARLÂNDIA - GO, NOVA CRIXÁS - GO","AREIA, MINÉRIO DE OURO","Construção civil, Industrial","Sim","09/04/2024"
"Gerência Regional / GO","860684/2010","Requerimento de Autorização de Pesquisa","Concessão de Lavra","41.532.605/0001-00","ETR MINERALE - EXTRACAO DE MINERIOS LTDA","NIQUELÂNDIA - GO, VILA PROPÍCIO - GO","AREIA, MINÉRIO DE OURO","Construção civil, Industrial","Sim","27/10/2021"
"Gerência Regional / GO","860977/2023","Requerimento de Autorização de Pesquisa","Autorização de Pesquisa","08.897.104/0001-52","SALPAR PARTICIPACOES LTDA","DIORAMA - GO, IPORÁ - GO","MINÉRIO DE NÍQUEL, TERRAS RARAS","Industrial, Industrial","Sim","20/05/2026"
"Gerência Regional / MG","831555/2015","Requerimento de Autorização de Pesquisa","Direito de Requerer a Lavra","08.066.095/0001-58","MELLBER COMERCIO E EXPORTACAO DE PEDRAS PRECIOSAS LTDA","ABADIA DOS DOURADOS - MG, CATALÃO - GO, COROMANDEL - MG, DAVINÓPOLIS - GO","DIAMANTE, DIAMANTE","Gema, Industrial","Sim","30/03/2023"
"Gerência Regional / GO","861100/2021","Requerimento de Pesquisa - Oferta Pública ","Autorização de Pesquisa","30.649.104/0001-92","LINDOMAR RODRIGUES SILVA","GOIÁS - GO","AREIA","Construção civil","Sim","03/02/2022"
"Gerência Regional / GO","861161/2021","Requerimento de Pesquisa - Leilão","Requerimento de Lavra","44.941.982/0001-91","R MOSQUETTA MINERACAO","CRISTALINA - GO","AREIA","Construção civil","Sim","08/03/2022"
"Gerência Regional / GO","861559/2021","Requerimento de Autorização de Pesquisa","Direito de Requerer a Lavra","48.085.671/0001-29","NEOFERTIL MINERACAO LTDA","MUNDO NOVO - GO","ILMENITA","Industrial","Sim","19/04/2023"
"Gerência Regional / GO","861627/2021","Requerimento de Autorização de Pesquisa","Autorização de Pesquisa","***.723.191-**","LAIMON JHEITON MACEDO LACERDA","FAINA - GO","MINÉRIO DE OURO","Industrial","Sim","17/11/2023"
"Gerência Regional / GO","860127/2022","Requerimento de Mudança de Regime para Aut. de Pesquisa","Autorização de Pesquisa","46.650.849/0001-01","VALE DO PEIXOTO GOLD MINERACAO LTDA","FAINA - GO","MINÉRIO DE OURO","Industrial","Sim","29/08/2024"
"Gerência Regional / GO","860777/2021","Requerimento de Pesquisa - Leilão","Autorização de Pesquisa","46.201.119/0001-23","RED RIVER GOLD MINING LTDA","MONTE ALEGRE DE GOIÁS - GO","MINÉRIO DE OURO","Industrial","Sim","20/05/2026"
"Gerência Regional / GO","860754/2020","Requerimento de Autorização de Pesquisa","Autorização de Pesquisa","55.403.537/0001-94","FONTE TALISMA LTDA","RIO VERDE - GO","ÁGUA MINERAL, QUARTZITO","Engarrafamento, Industrial","Sim","30/09/2024"
"Gerência Regional / GO","860451/2021","Requerimento de Pesquisa - Oferta Pública ","Autorização de Pesquisa","***.951.801-**","ANTONIO DIVINO DE SOUZA","MARZAGÃO - GO","ÁGUA MINERAL","Engarrafamento","Sim","15/05/2025"
"Gerência Regional / GO","860472/2022","Requerimento de Autorização de Pesquisa","Autorização de Pesquisa","60.333.381/0001-52","CSA MINERADORA LTDA","RIALMA - GO","MINÉRIO DE OURO","Industrial","Sim","04/09/2025"
"Gerência Regional / GO","861651/2007","Requerimento de Autorização de Pesquisa","Requerimento de Lavra","16.525.859/0001-54","ERG MINERACAO E COMERCIO LTDA","FORMOSA - GO","CALCÁRIO","Fabricação de cimento","Sim","23/11/2012"
"Gerência Regional / GO","860232/2021","Requerimento de Autorização de Pesquisa","Autorização de Pesquisa","35.034.537/0001-57","GRANISTONE AMAZON MINERACAO LTDA","MIMOSO DE GOIÁS - GO","FOSFATO, MÁRMORE","Fertilizantes, Revestimento","Sim","05/02/2025"
"Gerência Regional / GO","860910/2023","Requerimento de Autorização de Pesquisa","Autorização de Pesquisa","35.034.537/0001-57","GRANISTONE AMAZON MINERACAO LTDA","FLORES DE GOIÁS - GO, VILA BOA - GO","CALCÁRIO, FOSFATO","Corretivo de solo, Fertilizantes","Sim","05/02/2025"
"Gerência Regional / GO","860106/2013","Requerimento de Autorização de Pesquisa","Autorização de Pesquisa","42.799.486/0001-10","AMARILLO MINERACAO DO BRASIL LTDA","MARA ROSA - GO","MINÉRIO DE OURO","Industrial","Sim","04/11/2019"
"Gerência Regional / GO","860081/2013","Requerimento de Autorização de Pesquisa","Autorização de Pesquisa","42.799.486/0001-10","AMARILLO MINERACAO DO BRASIL LTDA","MARA ROSA - GO","MINÉRIO DE OURO","Industrial","Sim","04/11/2019"
"Gerência Regional / GO","860050/2017","Requerimento de Disponibilidade para pesquisa","Autorização de Pesquisa","42.799.486/0001-10","AMARILLO MINERACAO DO BRASIL LTDA","MARA ROSA - GO","MINÉRIO DE OURO","Industrial","Sim","04/11/2019"
"Gerência Regional / GO","862000/1984","Requerimento de Autorização de Pesquisa","Concessão de Lavra","42.799.486/0001-10","AMARILLO MINERACAO DO BRASIL LTDA","MARA ROSA - GO","OURO","Demais substâncias","Sim","26/09/1990"
"Gerência Regional / GO","861259/2012","Requerimento de Disponibilidade para pesquisa","Requerimento de Lavra","42.799.486/0001-10","AMARILLO MINERACAO DO BRASIL LTDA","MARA ROSA - GO","COBRE, MINÉRIO DE OURO","Industrial, Industrial","Sim","19/01/2016"
"Gerência Regional / GO","861241/1980","Requerimento de Autorização de Pesquisa","Concessão de Lavra","42.799.486/0001-10","AMARILLO MINERACAO DO BRASIL LTDA","MARA ROSA - GO","OURO","Demais substâncias","Sim","26/09/1990"
"Gerência Regional / GO","860952/1980","Requerimento de Autorização de Pesquisa","Concessão de Lavra","42.799.486/0001-10","AMARILLO MINERACAO DO BRASIL LTDA","MARA ROSA - GO","OURO","Demais substâncias","Sim","04/05/1987"
"Gerência Regional / GO","860403/2013","Requerimento de Disponibilidade para pesquisa","Autorização de Pesquisa","42.799.486/0001-10","AMARILLO MINERACAO DO BRASIL LTDA","ESTRELA DO NORTE - GO, MARA ROSA - GO","MINÉRIO DE OURO","Industrial","Sim","04/11/2019"
"Gerência Regional / GO","860402/2013","Requerimento de Disponibilidade para pesquisa","Requerimento de Lavra","42.799.486/0001-10","AMARILLO MINERACAO DO BRASIL LTDA","MARA ROSA - GO","MINÉRIO DE OURO","Industrial","Sim","04/11/2019"
"Gerência Regional / GO","860156/2013","Requerimento de Autorização de Pesquisa","Autorização de Pesquisa","42.799.486/0001-10","AMARILLO MINERACAO DO BRASIL LTDA","MARA ROSA - GO","MINÉRIO DE OURO","Industrial","Sim","19/01/2016"
"Gerência Regional / GO","860109/2013","Requerimento de Autorização de Pesquisa","Autorização de Pesquisa","42.799.486/0001-10","AMARILLO MINERACAO DO BRASIL LTDA","MARA ROSA - GO","MINÉRIO DE OURO","Industrial","Sim","04/11/2019"
"Gerência Regional / GO","860293/2018","Requerimento de Autorização de Pesquisa","Autorização de Pesquisa","***.976.066-**","CELSO CARVALHO MAGALHAES                                                        ","FAZENDA NOVA - GO","DIAMANTE","Industrial","Sim","09/02/2021"
"Gerência Regional / GO","860292/2018","Requerimento de Autorização de Pesquisa","Autorização de Pesquisa","***.976.066-**","CELSO CARVALHO MAGALHAES                                                        ","FAZENDA NOVA - GO","DIAMANTE","Industrial","Sim","09/02/2021"
"Gerência Regional / GO","860298/2018","Requerimento de Autorização de Pesquisa","Autorização de Pesquisa","***.976.066-**","CELSO CARVALHO MAGALHAES                                                        ","IPORÁ - GO, ISRAELÂNDIA - GO","DIAMANTE","Industrial","Sim","09/02/2021"
"Gerência Regional / GO","860297/2018","Requerimento de Autorização de Pesquisa","Autorização de Pesquisa","***.976.066-**","CELSO CARVALHO MAGALHAES                                                        ","ISRAELÂNDIA - GO","DIAMANTE","Industrial","Sim","09/02/2021"
"Gerência Regional / GO","860296/2018","Requerimento de Autorização de Pesquisa","Autorização de Pesquisa","***.976.066-**","CELSO CARVALHO MAGALHAES                                                        ","JAUPACI - GO","DIAMANTE","Industrial","Sim","09/02/2021"
"Gerência Regional / GO","860295/2018","Requerimento de Autorização de Pesquisa","Autorização de Pesquisa","***.976.066-**","CELSO CARVALHO MAGALHAES                                                        ","JAUPACI - GO","DIAMANTE","Industrial","Sim","09/02/2021"
"Gerência Regional / GO","860401/2016","Requerimento de Autorização de Pesquisa","Direito de Requerer a Lavra","***.492.751-**","Eny Fernando Vieira de Abreu","CRISTALINA - GO","AREIA","Construção civil","Sim","08/03/2017"
"Gerência Regional / GO","861208/2015","Requerimento de Autorização de Pesquisa","Autorização de Pesquisa","05.591.773/0001-03","ITINGA MINERACAO LTDA","MONTIVIDIU DO NORTE - GO","MINÉRIO DE OURO","Industrial","Sim","15/06/2018"
"Gerência Regional / GO","862749/2011","Requerimento de Autorização de Pesquisa","Autorização de Pesquisa","05.725.958/0001-63","PAN AMERICAN DESENVOLVIMENTO MINERAL LTDA","IPORÁ - GO, ISRAELÂNDIA - GO","MINÉRIO DE OURO","Industrial","Sim","10/06/2019"
"Gerência Regional / GO","862748/2011","Requerimento de Autorização de Pesquisa","Autorização de Pesquisa","05.725.958/0001-63","PAN AMERICAN DESENVOLVIMENTO MINERAL LTDA","ISRAELÂNDIA - GO, JAUPACI - GO","MINÉRIO DE OURO","Industrial","Sim","10/06/2019"
"Gerência Regional / GO","862866/2011","Requerimento de Autorização de Pesquisa","Autorização de Pesquisa","05.725.958/0001-63","PAN AMERICAN DESENVOLVIMENTO MINERAL LTDA","FAZENDA NOVA - GO","MINÉRIO DE OURO","Industrial","Sim","10/06/2019"
"Gerência Regional / GO","862865/2011","Requerimento de Autorização de Pesquisa","Autorização de Pesquisa","05.725.958/0001-63","PAN AMERICAN DESENVOLVIMENTO MINERAL LTDA","FAZENDA NOVA - GO, NOVO BRASIL - GO","MINÉRIO DE OURO","Industrial","Sim","10/06/2019"
"Gerência Regional / GO","862821/2011","Requerimento de Autorização de Pesquisa","Autorização de Pesquisa","05.725.958/0001-63","PAN AMERICAN DESENVOLVIMENTO MINERAL LTDA","IVOLÂNDIA - GO, MOIPORÁ - GO","MINÉRIO DE OURO","Industrial","Sim","10/06/2019"
"Gerência Regional / GO","862820/2011","Requerimento de Autorização de Pesquisa","Autorização de Pesquisa","05.725.958/0001-63","PAN AMERICAN DESENVOLVIMENTO MINERAL LTDA","IVOLÂNDIA - GO, MOIPORÁ - GO","MINÉRIO DE OURO","Industrial","Sim","10/06/2019"
"Gerência Regional / GO","862747/2011","Requerimento de Autorização de Pesquisa","Autorização de Pesquisa","05.725.958/0001-63","PAN AMERICAN DESENVOLVIMENTO MINERAL LTDA","ISRAELÂNDIA - GO","MINÉRIO DE OURO","Industrial","Sim","10/06/2019"
"Gerência Regional / GO","862743/2011","Requerimento de Autorização de Pesquisa","Autorização de Pesquisa","05.725.958/0001-63","PAN AMERICAN DESENVOLVIMENTO MINERAL LTDA","FAZENDA NOVA - GO","MINÉRIO DE OURO","Industrial","Sim","10/06/2019"
"Gerência Regional / GO","862308/2011","Requerimento de Autorização de Pesquisa","Autorização de Pesquisa","05.725.958/0001-63","PAN AMERICAN DESENVOLVIMENTO MINERAL LTDA","IVOLÂNDIA - GO, MOIPORÁ - GO","MINÉRIO DE OURO","Industrial","Sim","10/06/2019"
"Gerência Regional / GO","862307/2011","Requerimento de Autorização de Pesquisa","Autorização de Pesquisa","05.725.958/0001-63","PAN AMERICAN DESENVOLVIMENTO MINERAL LTDA","ISRAELÂNDIA - GO, IVOLÂNDIA - GO, MOIPORÁ - GO","MINÉRIO DE OURO","Industrial","Sim","10/06/2019"
"Gerência Regional / GO","862306/2011","Requerimento de Autorização de Pesquisa","Autorização de Pesquisa","05.725.958/0001-63","PAN AMERICAN DESENVOLVIMENTO MINERAL LTDA","FAZENDA NOVA - GO, ISRAELÂNDIA - GO","MINÉRIO DE OURO","Industrial","Sim","10/06/2019"
"Gerência Regional / GO","862152/2012","Requerimento de Disponibilidade para pesquisa","Autorização de Pesquisa","05.725.958/0001-63","PAN AMERICAN DESENVOLVIMENTO MINERAL LTDA","FAZENDA NOVA - GO, ISRAELÂNDIA - GO","MINÉRIO DE OURO","Industrial","Sim","10/06/2019"
"Gerência Regional / GO","862151/2012","Requerimento de Disponibilidade para pesquisa","Autorização de Pesquisa","05.725.958/0001-63","PAN AMERICAN DESENVOLVIMENTO MINERAL LTDA","FAZENDA NOVA - GO, ISRAELÂNDIA - GO","MINÉRIO DE OURO","Industrial","Sim","10/06/2019"
"Gerência Regional / GO","862150/2012","Requerimento de Disponibilidade para pesquisa","Autorização de Pesquisa","05.725.958/0001-63","PAN AMERICAN DESENVOLVIMENTO MINERAL LTDA","FAZENDA NOVA - GO, ISRAELÂNDIA - GO","MINÉRIO DE OURO","Industrial","Sim","10/06/2019"
"Gerência Regional / GO","862042/2011","Requerimento de Autorização de Pesquisa","Autorização de Pesquisa","05.725.958/0001-63","PAN AMERICAN DESENVOLVIMENTO MINERAL LTDA","ISRAELÂNDIA - GO","MINÉRIO DE OURO","Industrial","Sim","10/06/2019"
"Gerência Regional / GO","861718/2012","Requerimento de Disponibilidade para pesquisa","Autorização de Pesquisa","05.725.958/0001-63","PAN AMERICAN DESENVOLVIMENTO MINERAL LTDA","FAZENDA NOVA - GO, ISRAELÂNDIA - GO","MINÉRIO DE OURO","Industrial","Sim","10/06/2019"
"Gerência Regional / GO","861716/2012","Requerimento de Disponibilidade para pesquisa","Autorização de Pesquisa","05.725.958/0001-63","PAN AMERICAN DESENVOLVIMENTO MINERAL LTDA","FAZENDA NOVA - GO","MINÉRIO DE OURO","Industrial","Sim","10/06/2019"
"Gerência Regional / GO","861502/2012","Requerimento de Autorização de Pesquisa","Autorização de Pesquisa","05.725.958/0001-63","PAN AMERICAN DESENVOLVIMENTO MINERAL LTDA","FIRMINÓPOLIS - GO, SÃO LUÍS DE MONTES BELOS - GO","MINÉRIO DE OURO","Industrial","Sim","10/06/2019"
"Gerência Regional / GO","861501/2012","Requerimento de Autorização de Pesquisa","Autorização de Pesquisa","05.725.958/0001-63","PAN AMERICAN DESENVOLVIMENTO MINERAL LTDA","AURILÂNDIA - GO","MINÉRIO DE OURO","Industrial","Sim","10/06/2019"
"Gerência Regional / GO","861485/2014","Requerimento de Autorização de Pesquisa","Autorização de Pesquisa","05.725.958/0001-63","PAN AMERICAN DESENVOLVIMENTO MINERAL LTDA","PORANGATU - GO","MINÉRIO DE OURO","Industrial","Sim","24/06/2019"
"Gerência Regional / GO","861442/2013","Requerimento de Autorização de Pesquisa","Autorização de Pesquisa","05.725.958/0001-63","PAN AMERICAN DESENVOLVIMENTO MINERAL LTDA","PALMEIRAS DE GOIÁS - GO","MINÉRIO DE OURO","Industrial","Sim","10/06/2019"
"Gerência Regional / GO","861441/2013","Requerimento de Autorização de Pesquisa","Autorização de Pesquisa","05.725.958/0001-63","PAN AMERICAN DESENVOLVIMENTO MINERAL LTDA","PALMEIRAS DE GOIÁS - GO, PALMINÓPOLIS - GO","MINÉRIO DE OURO","Industrial","Sim","10/06/2019"
"Gerência Regional / GO","861440/2014","Requerimento de Autorização de Pesquisa","Autorização de Pesquisa","05.725.958/0001-63","PAN AMERICAN DESENVOLVIMENTO MINERAL LTDA","PORANGATU - GO","MINÉRIO DE OURO","Industrial","Sim","24/06/2019"
"Gerência Regional / GO","861440/2013","Requerimento de Autorização de Pesquisa","Autorização de Pesquisa","05.725.958/0001-63","PAN AMERICAN DESENVOLVIMENTO MINERAL LTDA","PALMEIRAS DE GOIÁS - GO","MINÉRIO DE OURO","Industrial","Sim","10/06/2019"
"Gerência Regional / GO","861438/2013","Requerimento de Autorização de Pesquisa","Autorização de Pesquisa","05.725.958/0001-63","PAN AMERICAN DESENVOLVIMENTO MINERAL LTDA","PALMEIRAS DE GOIÁS - GO","MINÉRIO DE OURO","Industrial","Sim","10/06/2019"
"Gerência Regional / GO","861437/2014","Requerimento de Autorização de Pesquisa","Autorização de Pesquisa","05.725.958/0001-63","PAN AMERICAN DESENVOLVIMENTO MINERAL LTDA","PORANGATU - GO","MINÉRIO DE OURO","Industrial","Sim","24/06/2019"
"Gerência Regional / GO","861437/2013","Requerimento de Autorização de Pesquisa","Autorização de Pesquisa","05.725.958/0001-63","PAN AMERICAN DESENVOLVIMENTO MINERAL LTDA","PALMEIRAS DE GOIÁS - GO","MINÉRIO DE OURO","Industrial","Sim","10/06/2019"
"Gerência Regional / GO","861435/2013","Requerimento de Autorização de Pesquisa","Autorização de Pesquisa","05.725.958/0001-63","PAN AMERICAN DESENVOLVIMENTO MINERAL LTDA","PALMEIRAS DE GOIÁS - GO","MINÉRIO DE OURO","Industrial","Sim","10/06/2019"
"Gerência Regional / GO","861434/2013","Requerimento de Autorização de Pesquisa","Autorização de Pesquisa","05.725.958/0001-63","PAN AMERICAN DESENVOLVIMENTO MINERAL LTDA","PALMEIRAS DE GOIÁS - GO","MINÉRIO DE OURO","Industrial","Sim","10/06/2019"
"Gerência Regional / GO","861433/2013","Requerimento de Autorização de Pesquisa","Autorização de Pesquisa","05.725.958/0001-63","PAN AMERICAN DESENVOLVIMENTO MINERAL LTDA","PALMEIRAS DE GOIÁS - GO","MINÉRIO DE OURO","Industrial","Sim","10/06/2019"
"Gerência Regional / GO","861432/2014","Requerimento de Autorização de Pesquisa","Autorização de Pesquisa","05.725.958/0001-63","PAN AMERICAN DESENVOLVIMENTO MINERAL LTDA","PORANGATU - GO, SANTA TEREZA DE GOIÁS - GO","MINÉRIO DE OURO","Industrial","Sim","24/06/2019"
"Gerência Regional / GO","861432/2013","Requerimento de Autorização de Pesquisa","Autorização de Pesquisa","05.725.958/0001-63","PAN AMERICAN DESENVOLVIMENTO MINERAL LTDA","PALMEIRAS DE GOIÁS - GO","MINÉRIO DE OURO","Industrial","Sim","10/06/2019"
"Gerência Regional / GO","861431/2013","Requerimento de Autorização de Pesquisa","Autorização de Pesquisa","05.725.958/0001-63","PAN AMERICAN DESENVOLVIMENTO MINERAL LTDA","PALMEIRAS DE GOIÁS - GO","MINÉRIO DE OURO","Industrial","Sim","10/06/2019"
"Gerência Regional / GO","861430/2014","Requerimento de Autorização de Pesquisa","Autorização de Pesquisa","05.725.958/0001-63","PAN AMERICAN DESENVOLVIMENTO MINERAL LTDA","SANTA TEREZA DE GOIÁS - GO","MINÉRIO DE OURO","Industrial","Sim","24/06/2019"
"Gerência Regional / GO","861429/2014","Requerimento de Autorização de Pesquisa","Autorização de Pesquisa","05.725.958/0001-63","PAN AMERICAN DESENVOLVIMENTO MINERAL LTDA","SANTA TEREZA DE GOIÁS - GO","MINÉRIO DE OURO","Industrial","Sim","24/06/2019"
"Gerência Regional / GO","861428/2014","Requerimento de Autorização de Pesquisa","Autorização de Pesquisa","05.725.958/0001-63","PAN AMERICAN DESENVOLVIMENTO MINERAL LTDA","SANTA TEREZA DE GOIÁS - GO","MINÉRIO DE OURO","Industrial","Sim","24/06/2019"
"Gerência Regional / GO","861396/2016","Requerimento de Autorização de Pesquisa","Autorização de Pesquisa","05.725.958/0001-63","PAN AMERICAN DESENVOLVIMENTO MINERAL LTDA","FAZENDA NOVA - GO","MINÉRIO DE OURO","Industrial","Sim","19/06/2019"
"Gerência Regional / GO","861332/2015","Requerimento de Autorização de Pesquisa","Autorização de Pesquisa","05.725.958/0001-63","PAN AMERICAN DESENVOLVIMENTO MINERAL LTDA","ESTRELA DO NORTE - GO, SANTA TEREZA DE GOIÁS - GO","MINÉRIO DE OURO","Industrial","Sim","24/06/2019"
"Gerência Regional / GO","861296/2016","Requerimento de Disponibilidade para pesquisa","Autorização de Pesquisa","05.725.958/0001-63","PAN AMERICAN DESENVOLVIMENTO MINERAL LTDA","MARA ROSA - GO, MUTUNÓPOLIS - GO","MINÉRIO DE COBRE, MINÉRIO DE OURO","Industrial, Industrial","Sim","24/06/2019"
"Gerência Regional / GO","861168/2013","Requerimento de Autorização de Pesquisa","Autorização de Pesquisa","05.725.958/0001-63","PAN AMERICAN DESENVOLVIMENTO MINERAL LTDA","FIRMINÓPOLIS - GO, SÃO LUÍS DE MONTES BELOS - GO","MINÉRIO DE OURO","Industrial","Sim","10/06/2019"
"Gerência Regional / GO","861154/2013","Requerimento de Autorização de Pesquisa","Autorização de Pesquisa","05.725.958/0001-63","PAN AMERICAN DESENVOLVIMENTO MINERAL LTDA","AURILÂNDIA - GO, SÃO JOÃO DA PARAÚNA - GO","MINÉRIO DE OURO","Industrial","Sim","10/06/2019"
"Gerência Regional / GO","861086/2015","Requerimento de Autorização de Pesquisa","Autorização de Pesquisa","05.725.958/0001-63","PAN AMERICAN DESENVOLVIMENTO MINERAL LTDA","TROMBAS - GO","MINÉRIO DE COBRE, MINÉRIO DE OURO","Industrial, Industrial","Sim","24/06/2019"
"Gerência Regional / GO","861085/2015","Requerimento de Autorização de Pesquisa","Autorização de Pesquisa","05.725.958/0001-63","PAN AMERICAN DESENVOLVIMENTO MINERAL LTDA","FORMOSO - GO, SANTA TEREZA DE GOIÁS - GO, TROMBAS - GO","MINÉRIO DE COBRE, MINÉRIO DE OURO","Industrial, Industrial","Sim","24/06/2019"
"Gerência Regional / GO","861084/2015","Requerimento de Autorização de Pesquisa","Autorização de Pesquisa","05.725.958/0001-63","PAN AMERICAN DESENVOLVIMENTO MINERAL LTDA","FORMOSO - GO, SANTA TEREZA DE GOIÁS - GO, TROMBAS - GO","MINÉRIO DE COBRE, MINÉRIO DE OURO","Industrial, Industrial","Sim","24/06/2019"
"Gerência Regional / GO","861083/2015","Requerimento de Autorização de Pesquisa","Autorização de Pesquisa","05.725.958/0001-63","PAN AMERICAN DESENVOLVIMENTO MINERAL LTDA","FORMOSO - GO, TROMBAS - GO","MINÉRIO DE COBRE, MINÉRIO DE OURO","Industrial, Industrial","Sim","24/06/2019"
"Gerência Regional / GO","861082/2015","Requerimento de Autorização de Pesquisa","Autorização de Pesquisa","05.725.958/0001-63","PAN AMERICAN DESENVOLVIMENTO MINERAL LTDA","TROMBAS - GO","MINÉRIO DE COBRE, MINÉRIO DE OURO","Industrial, Industrial","Sim","24/06/2019"
"Gerência Regional / GO","861081/2015","Requerimento de Autorização de Pesquisa","Autorização de Pesquisa","05.725.958/0001-63","PAN AMERICAN DESENVOLVIMENTO MINERAL LTDA","TROMBAS - GO","MINÉRIO DE COBRE, MINÉRIO DE OURO","Industrial, Industrial","Sim","24/06/2019"
"Gerência Regional / GO","861080/2015","Requerimento de Autorização de Pesquisa","Autorização de Pesquisa","05.725.958/0001-63","PAN AMERICAN DESENVOLVIMENTO MINERAL LTDA","TROMBAS - GO","MINÉRIO DE COBRE, MINÉRIO DE OURO","Industrial, Industrial","Sim","24/06/2019"
"Gerência Regional / GO","861079/2015","Requerimento de Autorização de Pesquisa","Autorização de Pesquisa","05.725.958/0001-63","PAN AMERICAN DESENVOLVIMENTO MINERAL LTDA","MONTIVIDIU DO NORTE - GO, TROMBAS - GO","MINÉRIO DE COBRE, MINÉRIO DE OURO","Industrial, Industrial","Sim","24/06/2019"
"Gerência Regional / GO","861078/2015","Requerimento de Autorização de Pesquisa","Autorização de Pesquisa","05.725.958/0001-63","PAN AMERICAN DESENVOLVIMENTO MINERAL LTDA","MONTIVIDIU DO NORTE - GO, TROMBAS - GO","MINÉRIO DE COBRE, MINÉRIO DE OURO","Industrial, Industrial","Sim","24/06/2019"
"Gerência Regional / GO","861077/2015","Requerimento de Autorização de Pesquisa","Autorização de Pesquisa","05.725.958/0001-63","PAN AMERICAN DESENVOLVIMENTO MINERAL LTDA","MONTIVIDIU DO NORTE - GO, TROMBAS - GO","MINÉRIO DE COBRE, MINÉRIO DE OURO","Industrial, Industrial","Sim","24/06/2019"
"Gerência Regional / GO","861076/2015","Requerimento de Autorização de Pesquisa","Autorização de Pesquisa","05.725.958/0001-63","PAN AMERICAN DESENVOLVIMENTO MINERAL LTDA","MONTIVIDIU DO NORTE - GO","MINÉRIO DE COBRE, MINÉRIO DE OURO","Industrial, Industrial","Sim","24/06/2019"
"Gerência Regional / GO","861075/2015","Requerimento de Autorização de Pesquisa","Autorização de Pesquisa","05.725.958/0001-63","PAN AMERICAN DESENVOLVIMENTO MINERAL LTDA","MONTIVIDIU DO NORTE - GO","MINÉRIO DE COBRE, MINÉRIO DE OURO","Industrial, Industrial","Sim","24/06/2019"
"Gerência Regional / GO","861074/2015","Requerimento de Autorização de Pesquisa","Autorização de Pesquisa","05.725.958/0001-63","PAN AMERICAN DESENVOLVIMENTO MINERAL LTDA","MONTIVIDIU DO NORTE - GO","MINÉRIO DE COBRE, MINÉRIO DE OURO","Industrial, Industrial","Sim","24/06/2019"
"Gerência Regional / GO","861073/2015","Requerimento de Autorização de Pesquisa","Autorização de Pesquisa","05.725.958/0001-63","PAN AMERICAN DESENVOLVIMENTO MINERAL LTDA","MONTIVIDIU DO NORTE - GO, TROMBAS - GO","MINÉRIO DE COBRE, MINÉRIO DE OURO","Industrial, Industrial","Sim","24/06/2019"
"Gerência Regional / GO","861071/2015","Requerimento de Autorização de Pesquisa","Autorização de Pesquisa","05.725.958/0001-63","PAN AMERICAN DESENVOLVIMENTO MINERAL LTDA","MONTIVIDIU DO NORTE - GO, TROMBAS - GO","MINÉRIO DE COBRE, MINÉRIO DE OURO","Industrial, Industrial","Sim","24/06/2019"
"Gerência Regional / GO","861070/2015","Requerimento de Autorização de Pesquisa","Autorização de Pesquisa","05.725.958/0001-63","PAN AMERICAN DESENVOLVIMENTO MINERAL LTDA","TROMBAS - GO","MINÉRIO DE COBRE, MINÉRIO DE OURO","Industrial, Industrial","Sim","24/06/2019"
"Gerência Regional / GO","861069/2015","Requerimento de Autorização de Pesquisa","Autorização de Pesquisa","05.725.958/0001-63","PAN AMERICAN DESENVOLVIMENTO MINERAL LTDA","MONTIVIDIU DO NORTE - GO, TROMBAS - GO","MINÉRIO DE COBRE, MINÉRIO DE OURO","Industrial, Industrial","Sim","24/06/2019"
"Gerência Regional / GO","861065/2012","Requerimento de Autorização de Pesquisa","Autorização de Pesquisa","05.725.958/0001-63","PAN AMERICAN DESENVOLVIMENTO MINERAL LTDA","SANTA TEREZA DE GOIÁS - GO","MINÉRIO DE OURO","Industrial","Sim","19/06/2019"
"Gerência Regional / GO","861064/2012","Requerimento de Autorização de Pesquisa","Autorização de Pesquisa","05.725.958/0001-63","PAN AMERICAN DESENVOLVIMENTO MINERAL LTDA","ESTRELA DO NORTE - GO, SANTA TEREZA DE GOIÁS - GO","MINÉRIO DE OURO","Industrial","Sim","19/06/2019"
"Gerência Regional / GO","861063/2012","Requerimento de Autorização de Pesquisa","Autorização de Pesquisa","05.725.958/0001-63","PAN AMERICAN DESENVOLVIMENTO MINERAL LTDA","ESTRELA DO NORTE - GO, SANTA TEREZA DE GOIÁS - GO","MINÉRIO DE OURO","Industrial","Sim","19/06/2019"
"Gerência Regional / GO","861055/2012","Requerimento de Autorização de Pesquisa","Autorização de Pesquisa","05.725.958/0001-63","PAN AMERICAN DESENVOLVIMENTO MINERAL LTDA","SANTA TEREZA DE GOIÁS - GO","MINÉRIO DE OURO","Industrial","Sim","19/06/2019"
"Gerência Regional / GO","861054/2012","Requerimento de Autorização de Pesquisa","Autorização de Pesquisa","05.725.958/0001-63","PAN AMERICAN DESENVOLVIMENTO MINERAL LTDA","SANTA TEREZA DE GOIÁS - GO","MINÉRIO DE OURO","Industrial","Sim","19/06/2019"
"Gerência Regional / GO","861053/2012","Requerimento de Autorização de Pesquisa","Autorização de Pesquisa","05.725.958/0001-63","PAN AMERICAN DESENVOLVIMENTO MINERAL LTDA","SANTA TEREZA DE GOIÁS - GO","MINÉRIO DE OURO","Industrial","Sim","19/06/2019"
"Gerência Regional / GO","861052/2012","Requerimento de Autorização de Pesquisa","Autorização de Pesquisa","05.725.958/0001-63","PAN AMERICAN DESENVOLVIMENTO MINERAL LTDA","PORANGATU - GO, SANTA TEREZA DE GOIÁS - GO","MINÉRIO DE OURO","Industrial","Sim","19/06/2019"
"Gerência Regional / GO","861021/2017","Requerimento de Autorização de Pesquisa","Autorização de Pesquisa","05.725.958/0001-63","PAN AMERICAN DESENVOLVIMENTO MINERAL LTDA","BOM JARDIM DE GOIÁS - GO, PIRANHAS - GO","MINÉRIO DE COBRE, MINÉRIO DE OURO","Industrial, Industrial","Sim","19/06/2019"
"Gerência Regional / GO","861020/2017","Requerimento de Autorização de Pesquisa","Autorização de Pesquisa","05.725.958/0001-63","PAN AMERICAN DESENVOLVIMENTO MINERAL LTDA","BOM JARDIM DE GOIÁS - GO","MINÉRIO DE COBRE, MINÉRIO DE OURO","Industrial, Industrial","Sim","19/06/2019"
"Gerência Regional / GO","861019/2017","Requerimento de Autorização de Pesquisa","Autorização de Pesquisa","05.725.958/0001-63","PAN AMERICAN DESENVOLVIMENTO MINERAL LTDA","BOM JARDIM DE GOIÁS - GO","MINÉRIO DE COBRE, MINÉRIO DE OURO","Industrial, Industrial","Sim","19/06/2019"
"Gerência Regional / GO","861018/2017","Requerimento de Autorização de Pesquisa","Autorização de Pesquisa","05.725.958/0001-63","PAN AMERICAN DESENVOLVIMENTO MINERAL LTDA","BOM JARDIM DE GOIÁS - GO","MINÉRIO DE COBRE, MINÉRIO DE OURO","Industrial, Industrial","Sim","19/06/2019"
"Gerência Regional / GO","861017/2017","Requerimento de Autorização de Pesquisa","Autorização de Pesquisa","05.725.958/0001-63","PAN AMERICAN DESENVOLVIMENTO MINERAL LTDA","BOM JARDIM DE GOIÁS - GO","MINÉRIO DE COBRE, MINÉRIO DE OURO","Industrial, Industrial","Sim","19/06/2019"
"Gerência Regional / GO","860934/2015","Requerimento de Autorização de Pesquisa","Autorização de Pesquisa","05.725.958/0001-63","PAN AMERICAN DESENVOLVIMENTO MINERAL LTDA","IVOLÂNDIA - GO","MINÉRIO DE OURO","Industrial","Sim","10/06/2019"
"Gerência Regional / GO","860933/2015","Requerimento de Autorização de Pesquisa","Autorização de Pesquisa","05.725.958/0001-63","PAN AMERICAN DESENVOLVIMENTO MINERAL LTDA","PORANGATU - GO","MINÉRIO DE COBRE, MINÉRIO DE OURO","Industrial, Industrial","Sim","24/06/2019"
"Gerência Regional / GO","860932/2015","Requerimento de Autorização de Pesquisa","Autorização de Pesquisa","05.725.958/0001-63","PAN AMERICAN DESENVOLVIMENTO MINERAL LTDA","IVOLÂNDIA - GO","MINÉRIO DE OURO","Industrial","Sim","10/06/2019"
"Gerência Regional / GO","860872/2012","Requerimento de Autorização de Pesquisa","Autorização de Pesquisa","05.725.958/0001-63","PAN AMERICAN DESENVOLVIMENTO MINERAL LTDA","PORANGATU - GO, SANTA TEREZA DE GOIÁS - GO","MINÉRIO DE OURO","Industrial","Sim","19/06/2019"
"Gerência Regional / GO","860870/2012","Requerimento de Autorização de Pesquisa","Autorização de Pesquisa","05.725.958/0001-63","PAN AMERICAN DESENVOLVIMENTO MINERAL LTDA","SANTA TEREZA DE GOIÁS - GO","MINÉRIO DE OURO","Industrial","Sim","19/06/2019"
"Gerência Regional / GO","860783/2001","Requerimento de Autorização de Pesquisa","Concessão de Lavra","02.545.352/0001-58","AREAL OURO FINO LTDA","CORUMBÁ DE GOIÁS - GO","QUARTZITO","Industrial","Sim","05/11/2003"
"Gerência Regional / GO","860162/2005","Requerimento de Autorização de Pesquisa","Concessão de Lavra","10.306.257/0001-20","BRASIL MANGANES LTDA","CAVALCANTE - GO","MINÉRIO DE MANGANÊS, MINÉRIO DE OURO","Industrial, Industrial","Sim","23/07/2008"
"Gerência Regional / GO","860161/2005","Requerimento de Autorização de Pesquisa","Concessão de Lavra","10.306.257/0001-20","BRASIL MANGANES LTDA","CAVALCANTE - GO","MINÉRIO DE MANGANÊS, MINÉRIO DE OURO","Industrial, Industrial","Sim","05/11/2018"
"Gerência Regional / GO","860160/2005","Requerimento de Autorização de Pesquisa","Concessão de Lavra","10.306.257/0001-20","BRASIL MANGANES LTDA","CAVALCANTE - GO","MINÉRIO DE MANGANÊS, MINÉRIO DE OURO","Industrial, Industrial","Sim","23/07/2008"
"Gerência Regional / GO","860159/2005","Requerimento de Autorização de Pesquisa","Concessão de Lavra","10.306.257/0001-20","BRASIL MANGANES LTDA","CAVALCANTE - GO","MINÉRIO DE MANGANÊS, MINÉRIO DE OURO","Industrial, Industrial","Sim","23/07/2008"
"Gerência Regional / GO","860407/2013","Requerimento de Disponibilidade para pesquisa","Requerimento de Lavra","16.699.653/0001-40","GUSMAO-LIMA MINERADORA LTDA","BONFINÓPOLIS - GO","GRANITO","Brita","Sim","13/08/2019"
"Gerência Regional / GO","860407/2013","Requerimento de Disponibilidade para pesquisa","Requerimento de Lavra","16.699.653/0001-40","GUSMAO-LIMA MINERADORA LTDA","BONFINÓPOLIS - GO","GRANITO","Brita","Sim","14/11/2016"
"Gerência Regional / GO","860955/2010","Requerimento de Disponibilidade para pesquisa","Requerimento de Lavra","21.983.343/0001-93","MINERACAO ALDEIA DO VALE LTDA","GOIÁS - GO","MINÉRIO DE COBRE, MINÉRIO DE NÍQUEL, MINÉRIO DE OURO","Demais substâncias, Industrial, Industrial","Sim","22/09/2011"
"Gerência Regional / GO","860955/2010","Requerimento de Disponibilidade para pesquisa","Requerimento de Lavra","21.983.343/0001-93","MINERACAO ALDEIA DO VALE LTDA","GOIÁS - GO","MINÉRIO DE COBRE, MINÉRIO DE NÍQUEL, MINÉRIO DE OURO","Demais substâncias, Industrial, Industrial","Sim","14/04/2015"
"Gerência Regional / GO","860955/2010","Requerimento de Disponibilidade para pesquisa","Requerimento de Lavra","21.983.343/0001-93","MINERACAO ALDEIA DO VALE LTDA","GOIÁS - GO","MINÉRIO DE COBRE, MINÉRIO DE NÍQUEL, MINÉRIO DE OURO","Demais substâncias, Industrial, Industrial","Sim","23/01/2015"
"Gerência Regional / GO","860662/2009","Requerimento de Autorização de Pesquisa","Requerimento de Lavra","20.951.710/0001-04","Elizeu Alves Silva Eireli Me","QUIRINÓPOLIS - GO, RIO VERDE - GO","AREIA, MINÉRIO DE OURO","Construção civil, Industrial","Sim","18/10/2013"
"Gerência Regional / GO","860662/2009","Requerimento de Autorização de Pesquisa","Requerimento de Lavra","20.951.710/0001-04","Elizeu Alves Silva Eireli Me","QUIRINÓPOLIS - GO, RIO VERDE - GO","AREIA, MINÉRIO DE OURO","Construção civil, Industrial","Sim","28/06/2012"
"Gerência Regional / GO","860238/2020","Requerimento de Autorização de Pesquisa","Autorização de Pesquisa","***.427.221-**","EDMUNDO DOS ANJOS AZEVEDO","NIQUELÂNDIA - GO","MINÉRIO DE OURO","Industrial","Sim","13/05/2022"
"Gerência Regional / GO","860071/2022","Requerimento de Cessão parcial","Autorização de Pesquisa","***.427.221-**","EDMUNDO DOS ANJOS AZEVEDO","NIQUELÂNDIA - GO","MINÉRIO DE OURO","Industrial","Sim","05/08/2022"
"Gerência Regional / GO","860149/2015","Requerimento de Autorização de Pesquisa","Concessão de Lavra","37.792.194/0001-15","FORT MINERACAO LTDA","SÃO JOÃO D'ALIANÇA - GO","MINÉRIO DE MANGANÊS","Industrial","Sim","24/04/2017"
"Gerência Regional / GO","860149/2015","Requerimento de Autorização de Pesquisa","Concessão de Lavra","37.792.194/0001-15","FORT MINERACAO LTDA","SÃO JOÃO D'ALIANÇA - GO","MINÉRIO DE MANGANÊS","Industrial","Sim","15/10/2020"
"Gerência Regional / GO","860149/2015","Requerimento de Autorização de Pesquisa","Concessão de Lavra","37.792.194/0001-15","FORT MINERACAO LTDA","SÃO JOÃO D'ALIANÇA - GO","MINÉRIO DE MANGANÊS","Industrial","Sim","26/03/2019"
"Gerência Regional / GO","860869/2012","Requerimento de Autorização de Pesquisa","Autorização de Pesquisa","05.725.958/0001-63","PAN AMERICAN DESENVOLVIMENTO MINERAL LTDA","SANTA TEREZA DE GOIÁS - GO","MINÉRIO DE OURO","Industrial","Sim","19/06/2019"
"Gerência Regional / GO","860868/2012","Requerimento de Autorização de Pesquisa","Autorização de Pesquisa","05.725.958/0001-63","PAN AMERICAN DESENVOLVIMENTO MINERAL LTDA","SANTA TEREZA DE GOIÁS - GO","MINÉRIO DE OURO","Industrial","Sim","19/06/2019"
"Gerência Regional / GO","860862/2012","Requerimento de Autorização de Pesquisa","Autorização de Pesquisa","05.725.958/0001-63","PAN AMERICAN DESENVOLVIMENTO MINERAL LTDA","ESTRELA DO NORTE - GO, SANTA TEREZA DE GOIÁS - GO","MINÉRIO DE OURO","Industrial","Sim","19/06/2019"
"Gerência Regional / GO","860861/2012","Requerimento de Autorização de Pesquisa","Autorização de Pesquisa","05.725.958/0001-63","PAN AMERICAN DESENVOLVIMENTO MINERAL LTDA","ESTRELA DO NORTE - GO","MINÉRIO DE OURO","Industrial","Sim","19/06/2019"
"Gerência Regional / GO","860860/2012","Requerimento de Autorização de Pesquisa","Autorização de Pesquisa","05.725.958/0001-63","PAN AMERICAN DESENVOLVIMENTO MINERAL LTDA","ESTRELA DO NORTE - GO, MUTUNÓPOLIS - GO, SANTA TEREZA DE GOIÁS - GO","MINÉRIO DE OURO","Industrial","Sim","19/06/2019"
"Gerência Regional / GO","860859/2012","Requerimento de Autorização de Pesquisa","Autorização de Pesquisa","05.725.958/0001-63","PAN AMERICAN DESENVOLVIMENTO MINERAL LTDA","MUTUNÓPOLIS - GO","MINÉRIO DE OURO","Industrial","Sim","19/06/2019"
"Gerência Regional / GO","860833/2014","Requerimento de Autorização de Pesquisa","Autorização de Pesquisa","05.725.958/0001-63","PAN AMERICAN DESENVOLVIMENTO MINERAL LTDA","MUTUNÓPOLIS - GO","MINÉRIO DE OURO","Industrial","Sim","24/06/2019"
"Gerência Regional / GO","860798/2017","Requerimento de Autorização de Pesquisa","Autorização de Pesquisa","05.725.958/0001-63","PAN AMERICAN DESENVOLVIMENTO MINERAL LTDA","MUTUNÓPOLIS - GO","MINÉRIO DE COBRE, MINÉRIO DE OURO","Industrial, Industrial","Sim","24/06/2019"
"Gerência Regional / GO","860797/2017","Requerimento de Autorização de Pesquisa","Autorização de Pesquisa","05.725.958/0001-63","PAN AMERICAN DESENVOLVIMENTO MINERAL LTDA","MUTUNÓPOLIS - GO","MINÉRIO DE COBRE, MINÉRIO DE OURO","Industrial, Industrial","Sim","24/06/2019"
"Gerência Regional / GO","860690/2014","Requerimento de Autorização de Pesquisa","Autorização de Pesquisa","05.725.958/0001-63","PAN AMERICAN DESENVOLVIMENTO MINERAL LTDA","IVOLÂNDIA - GO","MINÉRIO DE OURO","Industrial","Sim","10/06/2019"
"Gerência Regional / GO","860669/2014","Requerimento de Autorização de Pesquisa","Autorização de Pesquisa","05.725.958/0001-63","PAN AMERICAN DESENVOLVIMENTO MINERAL LTDA","SANTA TEREZA DE GOIÁS - GO","MINÉRIO DE OURO","Industrial","Sim","24/06/2019"
"Gerência Regional / GO","860669/2012","Requerimento de Autorização de Pesquisa","Autorização de Pesquisa","05.725.958/0001-63","PAN AMERICAN DESENVOLVIMENTO MINERAL LTDA","SANTA TEREZA DE GOIÁS - GO","MINÉRIO DE OURO","Industrial","Sim","19/06/2019"
"Gerência Regional / GO","860667/2014","Requerimento de Autorização de Pesquisa","Autorização de Pesquisa","05.725.958/0001-63","PAN AMERICAN DESENVOLVIMENTO MINERAL LTDA","SANTA TEREZA DE GOIÁS - GO","MINÉRIO DE OURO","Industrial","Sim","24/06/2019"
"Gerência Regional / GO","860089/2017","Requerimento de Disponibilidade para pesquisa","Autorização de Pesquisa","05.725.958/0001-63","PAN AMERICAN DESENVOLVIMENTO MINERAL LTDA","AMARALINA - GO, MARA ROSA - GO, MUTUNÓPOLIS - GO","MINÉRIO DE COBRE, MINÉRIO DE OURO","Industrial, Industrial","Sim","24/06/2019"
"Gerência Regional / GO","860088/2017","Requerimento de Disponibilidade para pesquisa","Autorização de Pesquisa","05.725.958/0001-63","PAN AMERICAN DESENVOLVIMENTO MINERAL LTDA","AMARALINA - GO, MARA ROSA - GO, MUTUNÓPOLIS - GO","MINÉRIO DE COBRE, MINÉRIO DE OURO","Industrial, Industrial","Sim","24/06/2019"
"Gerência Regional / GO","860087/2017","Requerimento de Disponibilidade para pesquisa","Autorização de Pesquisa","05.725.958/0001-63","PAN AMERICAN DESENVOLVIMENTO MINERAL LTDA","MUTUNÓPOLIS - GO","MINÉRIO DE COBRE, MINÉRIO DE OURO","Industrial, Industrial","Sim","24/06/2019"
"Gerência Regional / GO","860083/2017","Requerimento de Disponibilidade para pesquisa","Autorização de Pesquisa","05.725.958/0001-63","PAN AMERICAN DESENVOLVIMENTO MINERAL LTDA","ESTRELA DO NORTE - GO, FORMOSO - GO","MINÉRIO DE COBRE, MINÉRIO DE OURO","Industrial, Industrial","Sim","24/06/2019"
"Gerência Regional / GO","860082/2017","Requerimento de Disponibilidade para pesquisa","Autorização de Pesquisa","05.725.958/0001-63","PAN AMERICAN DESENVOLVIMENTO MINERAL LTDA","MARA ROSA - GO","MINÉRIO DE OURO","Industrial","Sim","24/06/2019"
"Gerência Regional / GO","860081/2017","Requerimento de Disponibilidade para pesquisa","Autorização de Pesquisa","05.725.958/0001-63","PAN AMERICAN DESENVOLVIMENTO MINERAL LTDA","AMARALINA - GO, MARA ROSA - GO","MINÉRIO DE COBRE, MINÉRIO DE OURO","Industrial, Industrial","Sim","24/06/2019"
"Gerência Regional / GO","860667/2012","Requerimento de Autorização de Pesquisa","Autorização de Pesquisa","05.725.958/0001-63","PAN AMERICAN DESENVOLVIMENTO MINERAL LTDA","SANTA TEREZA DE GOIÁS - GO","MINÉRIO DE OURO","Industrial","Sim","19/06/2019"
"Gerência Regional / GO","860666/2012","Requerimento de Autorização de Pesquisa","Autorização de Pesquisa","05.725.958/0001-63","PAN AMERICAN DESENVOLVIMENTO MINERAL LTDA","SANTA TEREZA DE GOIÁS - GO","MINÉRIO DE OURO","Industrial","Sim","19/06/2019"
"Gerência Regional / GO","860622/2012","Requerimento de Autorização de Pesquisa","Autorização de Pesquisa","05.725.958/0001-63","PAN AMERICAN DESENVOLVIMENTO MINERAL LTDA","FORMOSO - GO","MINÉRIO DE OURO","Industrial","Sim","19/06/2019"
"Gerência Regional / GO","860621/2012","Requerimento de Autorização de Pesquisa","Autorização de Pesquisa","05.725.958/0001-63","PAN AMERICAN DESENVOLVIMENTO MINERAL LTDA","FORMOSO - GO","MINÉRIO DE OURO","Industrial","Sim","19/06/2019"
"Gerência Regional / GO","860616/2012","Requerimento de Autorização de Pesquisa","Autorização de Pesquisa","05.725.958/0001-63","PAN AMERICAN DESENVOLVIMENTO MINERAL LTDA","FORMOSO - GO","MINÉRIO DE OURO","Industrial","Sim","19/06/2019"
"Gerência Regional / GO","860614/2012","Requerimento de Autorização de Pesquisa","Autorização de Pesquisa","05.725.958/0001-63","PAN AMERICAN DESENVOLVIMENTO MINERAL LTDA","FORMOSO - GO","MINÉRIO DE OURO","Industrial","Sim","19/06/2019"
"Gerência Regional / GO","860611/2012","Requerimento de Autorização de Pesquisa","Autorização de Pesquisa","05.725.958/0001-63","PAN AMERICAN DESENVOLVIMENTO MINERAL LTDA","FORMOSO - GO, TROMBAS - GO","MINÉRIO DE OURO","Industrial","Sim","19/06/2019"
"Gerência Regional / GO","860610/2012","Requerimento de Autorização de Pesquisa","Autorização de Pesquisa","05.725.958/0001-63","PAN AMERICAN DESENVOLVIMENTO MINERAL LTDA","FORMOSO - GO, TROMBAS - GO","MINÉRIO DE OURO","Industrial","Sim","19/06/2019"
"Gerência Regional / GO","860609/2012","Requerimento de Autorização de Pesquisa","Autorização de Pesquisa","05.725.958/0001-63","PAN AMERICAN DESENVOLVIMENTO MINERAL LTDA","FORMOSO - GO","MINÉRIO DE OURO","Industrial","Sim","19/06/2019"
"Gerência Regional / GO","860608/2012","Requerimento de Autorização de Pesquisa","Autorização de Pesquisa","05.725.958/0001-63","PAN AMERICAN DESENVOLVIMENTO MINERAL LTDA","FORMOSO - GO, SANTA TEREZA DE GOIÁS - GO","MINÉRIO DE OURO","Industrial","Sim","19/06/2019"
"Gerência Regional / GO","860607/2012","Requerimento de Autorização de Pesquisa","Autorização de Pesquisa","05.725.958/0001-63","PAN AMERICAN DESENVOLVIMENTO MINERAL LTDA","FORMOSO - GO","MINÉRIO DE OURO","Industrial","Sim","19/06/2019"
"Gerência Regional / GO","860606/2012","Requerimento de Autorização de Pesquisa","Autorização de Pesquisa","05.725.958/0001-63","PAN AMERICAN DESENVOLVIMENTO MINERAL LTDA","FORMOSO - GO","MINÉRIO DE OURO","Industrial","Sim","19/06/2019"
"Gerência Regional / GO","860604/2016","Requerimento de Autorização de Pesquisa","Autorização de Pesquisa","05.725.958/0001-63","PAN AMERICAN DESENVOLVIMENTO MINERAL LTDA","ISRAELÂNDIA - GO","MINÉRIO DE OURO","Industrial","Sim","19/06/2019"
"Gerência Regional / GO","860556/2012","Requerimento de Autorização de Pesquisa","Autorização de Pesquisa","05.725.958/0001-63","PAN AMERICAN DESENVOLVIMENTO MINERAL LTDA","ESTRELA DO NORTE - GO, SANTA TEREZA DE GOIÁS - GO","MINÉRIO DE OURO","Industrial","Sim","19/06/2019"
"Gerência Regional / GO","860554/2012","Requerimento de Autorização de Pesquisa","Autorização de Pesquisa","05.725.958/0001-63","PAN AMERICAN DESENVOLVIMENTO MINERAL LTDA","MARA ROSA - GO, MUTUNÓPOLIS - GO","MINÉRIO DE OURO","Industrial","Sim","19/06/2019"
"Gerência Regional / GO","860553/2012","Requerimento de Autorização de Pesquisa","Autorização de Pesquisa","05.725.958/0001-63","PAN AMERICAN DESENVOLVIMENTO MINERAL LTDA","MUTUNÓPOLIS - GO","MINÉRIO DE OURO","Industrial","Sim","19/06/2019"
"Gerência Regional / GO","860551/2012","Requerimento de Autorização de Pesquisa","Autorização de Pesquisa","05.725.958/0001-63","PAN AMERICAN DESENVOLVIMENTO MINERAL LTDA","MUTUNÓPOLIS - GO","MINÉRIO DE OURO","Industrial","Sim","19/06/2019"
"Gerência Regional / GO","860550/2012","Requerimento de Autorização de Pesquisa","Autorização de Pesquisa","05.725.958/0001-63","PAN AMERICAN DESENVOLVIMENTO MINERAL LTDA","MUTUNÓPOLIS - GO","MINÉRIO DE OURO","Industrial","Sim","19/06/2019"
"Gerência Regional / GO","860549/2012","Requerimento de Autorização de Pesquisa","Autorização de Pesquisa","05.725.958/0001-63","PAN AMERICAN DESENVOLVIMENTO MINERAL LTDA","AMARALINA - GO, MUTUNÓPOLIS - GO","MINÉRIO DE OURO","Industrial","Sim","19/06/2019"
"Gerência Regional / GO","860548/2012","Requerimento de Autorização de Pesquisa","Autorização de Pesquisa","05.725.958/0001-63","PAN AMERICAN DESENVOLVIMENTO MINERAL LTDA","AMARALINA - GO, MUTUNÓPOLIS - GO","MINÉRIO DE OURO","Industrial","Sim","19/06/2019"
"Gerência Regional / GO","860547/2012","Requerimento de Autorização de Pesquisa","Autorização de Pesquisa","05.725.958/0001-63","PAN AMERICAN DESENVOLVIMENTO MINERAL LTDA","MUTUNÓPOLIS - GO","MINÉRIO DE OURO","Industrial","Sim","19/06/2019"
"Gerência Regional / GO","860546/2012","Requerimento de Autorização de Pesquisa","Autorização de Pesquisa","05.725.958/0001-63","PAN AMERICAN DESENVOLVIMENTO MINERAL LTDA","MUTUNÓPOLIS - GO","MINÉRIO DE OURO","Industrial","Sim","19/06/2019"
"Gerência Regional / GO","860545/2012","Requerimento de Autorização de Pesquisa","Autorização de Pesquisa","05.725.958/0001-63","PAN AMERICAN DESENVOLVIMENTO MINERAL LTDA","MUTUNÓPOLIS - GO","MINÉRIO DE OURO","Industrial","Sim","19/06/2019"
"Gerência Regional / GO","860544/2012","Requerimento de Autorização de Pesquisa","Autorização de Pesquisa","05.725.958/0001-63","PAN AMERICAN DESENVOLVIMENTO MINERAL LTDA","MUTUNÓPOLIS - GO","MINÉRIO DE OURO","Industrial","Sim","19/06/2019"
"Gerência Regional / GO","860543/2012","Requerimento de Autorização de Pesquisa","Autorização de Pesquisa","05.725.958/0001-63","PAN AMERICAN DESENVOLVIMENTO MINERAL LTDA","MUTUNÓPOLIS - GO","MINÉRIO DE OURO","Industrial","Sim","19/06/2019"
"Gerência Regional / GO","860531/2012","Requerimento de Autorização de Pesquisa","Autorização de Pesquisa","05.725.958/0001-63","PAN AMERICAN DESENVOLVIMENTO MINERAL LTDA","MUTUNÓPOLIS - GO, PORANGATU - GO","MINÉRIO DE OURO","Industrial","Sim","19/06/2019"
"Gerência Regional / GO","860441/2018","Requerimento de Disponibilidade para pesquisa","Autorização de Pesquisa","05.725.958/0001-63","PAN AMERICAN DESENVOLVIMENTO MINERAL LTDA","AMARALINA - GO","MINÉRIO DE COBRE, MINÉRIO DE OURO","Industrial, Industrial","Sim","24/06/2019"
"Gerência Regional / GO","860440/2018","Requerimento de Disponibilidade para pesquisa","Autorização de Pesquisa","05.725.958/0001-63","PAN AMERICAN DESENVOLVIMENTO MINERAL LTDA","ESTRELA DO NORTE - GO","MINÉRIO DE COBRE, MINÉRIO DE OURO","Industrial, Industrial","Sim","24/06/2019"
"Gerência Regional / GO","860439/2018","Requerimento de Disponibilidade para pesquisa","Autorização de Pesquisa","05.725.958/0001-63","PAN AMERICAN DESENVOLVIMENTO MINERAL LTDA","ESTRELA DO NORTE - GO, FORMOSO - GO","MINÉRIO DE COBRE, MINÉRIO DE OURO","Industrial, Industrial","Sim","24/06/2019"
"Gerência Regional / GO","860438/2018","Requerimento de Disponibilidade para pesquisa","Autorização de Pesquisa","05.725.958/0001-63","PAN AMERICAN DESENVOLVIMENTO MINERAL LTDA","ESTRELA DO NORTE - GO","MINÉRIO DE COBRE, MINÉRIO DE OURO","Industrial, Industrial","Sim","24/06/2019"
"Gerência Regional / GO","860397/2012","Requerimento de Disponibilidade para pesquisa","Autorização de Pesquisa","05.725.958/0001-63","PAN AMERICAN DESENVOLVIMENTO MINERAL LTDA","ESTRELA DO NORTE - GO, FORMOSO - GO, SANTA TEREZA DE GOIÁS - GO","MINÉRIO DE OURO","Industrial","Sim","19/06/2019"
"Gerência Regional / GO","860364/2014","Requerimento de Autorização de Pesquisa","Autorização de Pesquisa","05.725.958/0001-63","PAN AMERICAN DESENVOLVIMENTO MINERAL LTDA","ESTRELA DO NORTE - GO, FORMOSO - GO","MINÉRIO DE OURO","Industrial","Sim","24/06/2019"
"Gerência Regional / GO","860363/2014","Requerimento de Autorização de Pesquisa","Autorização de Pesquisa","05.725.958/0001-63","PAN AMERICAN DESENVOLVIMENTO MINERAL LTDA","ESTRELA DO NORTE - GO, FORMOSO - GO","MINÉRIO DE OURO","Industrial","Sim","24/06/2019"
"Gerência Regional / GO","860362/2014","Requerimento de Autorização de Pesquisa","Autorização de Pesquisa","05.725.958/0001-63","PAN AMERICAN DESENVOLVIMENTO MINERAL LTDA","ESTRELA DO NORTE - GO","MINÉRIO DE OURO","Industrial","Sim","24/06/2019"
"Gerência Regional / GO","860361/2014","Requerimento de Autorização de Pesquisa","Autorização de Pesquisa","05.725.958/0001-63","PAN AMERICAN DESENVOLVIMENTO MINERAL LTDA","SANTA TEREZA DE GOIÁS - GO","MINÉRIO DE OURO","Industrial","Sim","24/06/2019"
"Gerência Regional / GO","860130/2016","Requerimento de Disponibilidade para pesquisa","Autorização de Pesquisa","05.725.958/0001-63","PAN AMERICAN DESENVOLVIMENTO MINERAL LTDA","PORANGATU - GO","MINÉRIO DE COBRE, MINÉRIO DE OURO","Industrial, Industrial","Sim","24/06/2019"
"Gerência Regional / GO","860102/2015","Requerimento de Autorização de Pesquisa","Autorização de Pesquisa","05.725.958/0001-63","PAN AMERICAN DESENVOLVIMENTO MINERAL LTDA","ESTRELA DO NORTE - GO, MUTUNÓPOLIS - GO","MINÉRIO DE OURO","Industrial","Sim","24/06/2019"
"Gerência Regional / GO","860092/2017","Requerimento de Disponibilidade para pesquisa","Autorização de Pesquisa","05.725.958/0001-63","PAN AMERICAN DESENVOLVIMENTO MINERAL LTDA","AMARALINA - GO, MUTUNÓPOLIS - GO","MINÉRIO DE COBRE, MINÉRIO DE OURO","Industrial, Industrial","Sim","24/06/2019"
"Gerência Regional / GO","860091/2017","Requerimento de Disponibilidade para pesquisa","Autorização de Pesquisa","05.725.958/0001-63","PAN AMERICAN DESENVOLVIMENTO MINERAL LTDA","FORMOSO - GO, MARA ROSA - GO","MINÉRIO DE COBRE, MINÉRIO DE OURO","Industrial, Industrial","Sim","24/06/2019"
"Gerência Regional / GO","862817/2011","Requerimento de Autorização de Pesquisa","Autorização de Pesquisa","05.725.958/0001-63","PAN AMERICAN DESENVOLVIMENTO MINERAL LTDA","ISRAELÂNDIA - GO","MINÉRIO DE OURO","Industrial","Sim","10/06/2019"
"Gerência Regional / GO","860891/2003","Requerimento de Autorização de Pesquisa","Concessão de Lavra","04.746.729/0001-62","LEVANTINA NATURAL STONE BRASIL LTDA","MONTIVIDIU DO NORTE - GO","GRANITO, GRANITO P/ REVESTIMENTO","Revestimento, Revestimento","Sim","09/02/2011"
"Gerência Regional / GO","860783/2001","Requerimento de Autorização de Pesquisa","Concessão de Lavra","02.545.352/0001-58","AREAL OURO FINO LTDA","CORUMBÁ DE GOIÁS - GO","QUARTZITO","Industrial","Sim","26/10/2001"
"Gerência Regional / TO","864056/2010","Requerimento de Autorização de Pesquisa","Autorização de Pesquisa","10.015.977/0001-36","MINERACAO MATA AZUL S/A","JAÚ DO TOCANTINS - TO, MINAÇU - GO, PALMEIRÓPOLIS - TO","MINÉRIO DE OURO","Industrial","Sim","21/05/2013"
"Gerência Regional / GO","860859/2008","Requerimento de Autorização de Pesquisa","Concessão de Lavra","01.360.990/0001-31","SALB EMPREENDIMENTOS EIRELI","SILVÂNIA - GO","AREIA","Construção civil","Sim","05/04/2013"
"Gerência Regional / GO","861976/2008","Requerimento de Autorização de Pesquisa","Requerimento de Lavra","10.306.257/0001-20","BRASIL MANGANES LTDA","CAVALCANTE - GO","MINÉRIO DE MANGANÊS","Industrial","Sim","09/05/2018"
"Gerência Regional / GO","860162/2005","Requerimento de Autorização de Pesquisa","Concessão de Lavra","10.306.257/0001-20","BRASIL MANGANES LTDA","CAVALCANTE - GO","MINÉRIO DE MANGANÊS, MINÉRIO DE OURO","Industrial, Industrial","Sim","15/06/2018"
"Gerência Regional / GO","860161/2005","Requerimento de Autorização de Pesquisa","Concessão de Lavra","10.306.257/0001-20","BRASIL MANGANES LTDA","CAVALCANTE - GO","MINÉRIO DE MANGANÊS, MINÉRIO DE OURO","Industrial, Industrial","Sim","23/07/2008"
"Gerência Regional / GO","860160/2005","Requerimento de Autorização de Pesquisa","Concessão de Lavra","10.306.257/0001-20","BRASIL MANGANES LTDA","CAVALCANTE - GO","MINÉRIO DE MANGANÊS, MINÉRIO DE OURO","Industrial, Industrial","Sim","15/06/2018"
"Gerência Regional / GO","860159/2005","Requerimento de Autorização de Pesquisa","Concessão de Lavra","10.306.257/0001-20","BRASIL MANGANES LTDA","CAVALCANTE - GO","MINÉRIO DE MANGANÊS, MINÉRIO DE OURO","Industrial, Industrial","Sim","15/06/2018"
"Gerência Regional / GO","860730/1990","Requerimento de Autorização de Pesquisa","Concessão de Lavra","04.380.570/0001-05","Marlin Blue Stone Ltda.","PIRANHAS - GO","GRANITO","Demais substâncias","Sim","03/03/2009"
"Gerência Regional / GO","860943/2017","Requerimento de Autorização de Pesquisa","Autorização de Pesquisa","09.434.057/0001-73","MINERADORA VALE DO CERRADO LTDA","ALTO PARAÍSO DE GOIÁS - GO","MINÉRIO DE OURO","Industrial","Sim","26/03/2019"
"Gerência Regional / GO","860794/2004","Requerimento de Autorização de Pesquisa","Concessão de Lavra","16.699.653/0001-40","GUSMAO-LIMA MINERADORA LTDA","VILA PROPÍCIO - GO","CALCÁRIO, CALCÁRIO DOLOMÍTICO","Fabricação de cal, Industrial","Sim","23/11/2012"
"Gerência Regional / GO","860407/2013","Requerimento de Disponibilidade para pesquisa","Requerimento de Lavra","16.699.653/0001-40","GUSMAO-LIMA MINERADORA LTDA","BONFINÓPOLIS - GO","GRANITO","Brita","Sim","01/09/2014"
"Gerência Regional / GO","860359/2010","Requerimento de Autorização de Pesquisa","Concessão de Lavra","17.439.238/0001-10","Calcario Norte Sul Ltda","CAMPINORTE - GO","CALCÁRIO DOLOMÍTICO, MINÉRIO DE CHUMBO, MINÉRIO DE ZINCO","Corretivo de solo, Industrial, Industrial","Sim","04/03/2013"
"Gerência Regional / TO","864100/2023","Requerimento de Autorização de Pesquisa","Autorização de Pesquisa","16.615.143/0001-48","Mineradora Serra Geral Ltda","JAÚ DO TOCANTINS - TO, MONTIVIDIU DO NORTE - GO, PORANGATU - GO","MINÉRIO DE LÍTIO","Industrial","Sim","08/01/2024"
"Gerência Regional / GO","860460/2008","Requerimento de Autorização de Pesquisa","Concessão de Lavra","07.114.299/0001-54","Agropecuaria Olga Ltda Epp","GOIÁS - GO, ITAPIRAPUÃ - GO, MATRINCHÃ - GO","AREIA, MINÉRIO DE OURO","Industrial, Industrial","Sim","18/09/2013"
"Gerência Regional / GO","860690/2020","Requerimento de Autorização de Pesquisa","Autorização de Pesquisa","19.093.851/0001-54","FOXFIRE METALS LTDA","NOVA ROMA - GO, TERESINA DE GOIÁS - GO","TERRAS RARAS","Industrial","Sim","01/02/2023"
"Gerência Regional / GO","860689/2020","Requerimento de Autorização de Pesquisa","Autorização de Pesquisa","19.093.851/0001-54","FOXFIRE METALS LTDA","NOVA ROMA - GO, TERESINA DE GOIÁS - GO","TERRAS RARAS","Industrial","Sim","19/04/2023"
"Gerência Regional / GO","860440/2017","Requerimento de Disponibilidade para pesquisa","Requerimento de Lavra","19.093.982/0001-31","PAIS E FILHOS AREIA LTDA","ARAGUAPAZ - GO, FAINA - GO","AREIA","Construção civil","Sim","09/04/2024"
"Gerência Regional / GO","860955/2010","Requerimento de Disponibilidade para pesquisa","Requerimento de Lavra","21.983.343/0001-93","MINERACAO ALDEIA DO VALE LTDA","GOIÁS - GO","MINÉRIO DE COBRE, MINÉRIO DE NÍQUEL, MINÉRIO DE OURO","Demais substâncias, Industrial, Industrial","Sim","14/05/2012"
"Gerência Regional / GO","860662/2009","Requerimento de Autorização de Pesquisa","Requerimento de Lavra","20.951.710/0001-04","Elizeu Alves Silva Eireli Me","QUIRINÓPOLIS - GO, RIO VERDE - GO","AREIA, MINÉRIO DE OURO","Construção civil, Industrial","Sim","14/11/2016"
"Gerência Regional / GO","860291/2012","Requerimento de Autorização de Pesquisa","Concessão de Lavra","07.346.767/0001-16","GUARANI BLACK MARBLE LTDA","GUARANI DE GOIÁS - GO","CALCÁRIO, MÁRMORE","Brita, Revestimento","Sim","19/10/2015"
"Gerência Regional / GO","860411/2018","Requerimento de Autorização de Pesquisa","Autorização de Pesquisa","16.978.568/0001-11","GF GOLD MINERACAO EIRELI","NIQUELÂNDIA - GO","MINÉRIO DE OURO","Industrial","Sim","15/10/2020"
"Gerência Regional / GO","860691/2019","Requerimento de Autorização de Pesquisa","Autorização de Pesquisa","16.978.568/0001-11","GF GOLD MINERACAO EIRELI","NIQUELÂNDIA - GO","MINÉRIO DE OURO","Industrial","Sim","18/09/2020"
"Gerência Regional / GO","860507/2021","Requerimento de Autorização de Pesquisa","Autorização de Pesquisa","16.978.568/0001-11","GF GOLD MINERACAO EIRELI","NIQUELÂNDIA - GO","MINÉRIO DE OURO","Industrial","Sim","22/11/2021"
"Gerência Regional / GO","860238/2020","Requerimento de Autorização de Pesquisa","Autorização de Pesquisa","***.427.221-**","EDMUNDO DOS ANJOS AZEVEDO","NIQUELÂNDIA - GO","MINÉRIO DE OURO","Industrial","Sim","01/02/2023"
"Gerência Regional / GO","860071/2022","Requerimento de Cessão parcial","Autorização de Pesquisa","***.427.221-**","EDMUNDO DOS ANJOS AZEVEDO","NIQUELÂNDIA - GO","MINÉRIO DE OURO","Industrial","Sim","24/11/2023"
"Gerência Regional / GO","860149/2015","Requerimento de Autorização de Pesquisa","Concessão de Lavra","37.792.194/0001-15","FORT MINERACAO LTDA","SÃO JOÃO D'ALIANÇA - GO","MINÉRIO DE MANGANÊS","Industrial","Sim","16/11/2018"
"Gerência Regional / GO","860184/2017","Requerimento de Autorização de Pesquisa","Direito de Requerer a Lavra","37.786.830/0001-04","PEDRAS SEIXOS GEMAS BRASIL EXTRACAO DE MINERIOS LTDA","ANHANGUERA - GO, CUMARI - GO","AREIA","Construção civil","Sim","27/07/2026"
"Gerência Regional / GO","860542/2010","Requerimento de Cessão parcial","Concessão de Lavra","10.646.951/0001-96","L ACQUA MATERIAIS PARA CONSTRUCOES E    TRANSPORTES EIRELI","BARRO ALTO - GO, NIQUELÂNDIA - GO","AREIA","Construção civil","Sim","27/10/2021"
"Gerência Regional / GO","860541/2010","Requerimento de Cessão parcial","Concessão de Lavra","10.646.951/0001-96","L ACQUA MATERIAIS PARA CONSTRUCOES E    TRANSPORTES EIRELI","BARRO ALTO - GO, NIQUELÂNDIA - GO","AREIA","Construção civil","Sim","27/10/2021"
"Gerência Regional / GO","860344/2023","Requerimento de Autorização de Pesquisa","Autorização de Pesquisa","44.222.049/0001-64","ODORA MINERALS LTDA","MONTES CLAROS DE GOIÁS - GO","DIAMANTE","Industrial","Sim","20/12/2024"
"Gerência Regional / GO","000376/1963","Requerimento de Autorização de Pesquisa","Concessão de Lavra","51.334.345/0001-12","PEDRA PRETA MINERACAO LTDA","SÃO JOÃO D'ALIANÇA - GO","MANGANÊS","Demais substâncias","Sim","14/09/2009"
"Gerência Regional / GO","860107/2013","Requerimento de Autorização de Pesquisa","Autorização de Pesquisa","42.799.486/0001-10","AMARILLO MINERACAO DO BRASIL LTDA","MARA ROSA - GO","MINÉRIO DE OURO","Industrial","Sim","19/01/2016"
"Gerência Regional / GO","860107/2013","Requerimento de Autorização de Pesquisa","Autorização de Pesquisa","42.799.486/0001-10","AMARILLO MINERACAO DO BRASIL LTDA","MARA ROSA - GO","MINÉRIO DE OURO","Industrial","Sim","27/02/2020"
"Gerência Regional / GO","860487/2008","Requerimento de Autorização de Pesquisa","Requerimento de Lavra","***.492.751-**","Eny Fernando Vieira de Abreu","ORIZONA - GO","AREIA, DIAMANTE","Construção civil, Industrial","Sim","16/07/2009"
"Gerência Regional / GO","861778/2007","Requerimento de Autorização de Pesquisa","Requerimento de Lavra","02.282.820/0001-49","Tenório Britto Mineração e Topográfia Ltda Epp","FORMOSA - GO","MINÉRIO DE MANGANÊS, QUARTZITO","Industrial, Industrial","Sim","13/11/2009"
"Gerência Regional / GO","805289/1975","Requerimento de Autorização de Pesquisa","Concessão de Lavra","05.291.545/0001-18","CALCILANDIA MINERACAO LTDA","GOIÁS - GO","CALCÁRIO","Demais substâncias","Sim","26/11/2001"
"Gerência Regional / GO","805289/1975","Requerimento de Autorização de Pesquisa","Concessão de Lavra","05.291.545/0001-18","CALCILANDIA MINERACAO LTDA","GOIÁS - GO","CALCÁRIO","Demais substâncias","Sim","06/06/2001"
"Gerência Regional / GO","861252/1986","Requerimento de Autorização de Pesquisa","Concessão de Lavra","07.552.877/0001-34","AGUA DA VIDA MINERACAO LTDA","CALDAS NOVAS - GO","ÁGUA MINERAL","Demais substâncias","Sim","11/12/1998"
"Gerência Regional / GO","860922/2017","Requerimento de Autorização de Pesquisa","Autorização de Pesquisa","***.612.366-**","ISAU TAVARES ROCHA","SÃO DOMINGOS - GO","CASSITERITA","Industrial","Sim","10/05/2021"
"Gerência Regional / GO","860922/2017","Requerimento de Autorização de Pesquisa","Autorização de Pesquisa","***.612.366-**","ISAU TAVARES ROCHA","SÃO DOMINGOS - GO","CASSITERITA","Industrial","Sim","20/08/2018"
"Gerência Regional / GO","860541/2021","Requerimento de Pesquisa - Leilão","Autorização de Pesquisa","17.439.238/0001-10","Calcario Norte Sul Ltda","CAMPINAÇU - GO","MINÉRIO DE CHUMBO, MINÉRIO DE ZINCO","Industrial, Industrial","Sim","09/04/2024"
"Gerência Regional / GO","860126/1989","Requerimento de Autorização de Pesquisa","Concessão de Lavra","19.635.344/0001-03","LUCIO CAVALCANTI PARREIRA LTDA","GOIÁS - GO","ÁGUA MINERAL","Demais substâncias","Sim","19/02/2004"
"Gerência Regional / GO","860126/1989","Requerimento de Autorização de Pesquisa","Concessão de Lavra","19.635.344/0001-03","LUCIO CAVALCANTI PARREIRA LTDA","GOIÁS - GO","ÁGUA MINERAL","Demais substâncias","Sim","26/01/2015"
"Gerência Regional / GO","860814/2016","Requerimento de Disponibilidade para pesquisa","Requerimento de Lavra","19.093.982/0001-31","PAIS E FILHOS AREIA LTDA","ARAGUAPAZ - GO, FAINA - GO","AREIA","Construção civil","Sim","02/07/2020"
"Gerência Regional / GO","860607/2003","Requerimento de Autorização de Pesquisa","Requerimento de Lavra","17.364.999/0001-50","Ernane Afonso da Silva Eireli Me","ÁGUAS LINDAS DE GOIÁS - GO","AREIA, CASCALHO, MINÉRIO DE OURO","Construção civil, Construção civil, Industrial","Sim","05/04/2007"
"Gerência Regional / GO","000376/1963","Requerimento de Autorização de Pesquisa","Concessão de Lavra","51.334.345/0001-12","PEDRA PRETA MINERACAO LTDA","SÃO JOÃO D'ALIANÇA - GO","MANGANÊS","Demais substâncias","Sim","28/06/2024"
"Gerência Regional / GO","860693/2020","Requerimento de Autorização de Pesquisa","Autorização de Pesquisa","51.618.743/0001-60","TALISMA NICKEL LTDA","PORANGATU - GO","MINÉRIO DE NÍQUEL, MINÉRIO DE OURO","Industrial, Industrial","Sim","01/12/2023"
"Gerência Regional / GO","860692/2020","Requerimento de Autorização de Pesquisa","Autorização de Pesquisa","51.618.743/0001-60","TALISMA NICKEL LTDA","PORANGATU - GO","MINÉRIO DE NÍQUEL, MINÉRIO DE OURO","Industrial, Industrial","Sim","24/11/2023"
"Gerência Regional / TO","864522/2021","Requerimento de Pesquisa - Leilão","Autorização de Pesquisa","51.618.743/0001-60","TALISMA NICKEL LTDA","ARAGUAÇU - TO, PORANGATU - GO","MINÉRIO DE NÍQUEL","Industrial","Sim","16/10/2023"
"Gerência Regional / TO","864384/2022","Requerimento de Pesquisa - Leilão","Autorização de Pesquisa","51.618.743/0001-60","TALISMA NICKEL LTDA","PORANGATU - GO, TALISMÃ - TO","MINÉRIO DE NÍQUEL","Industrial","Sim","16/10/2023"
"Gerência Regional / TO","864211/2020","Requerimento de Autorização de Pesquisa","Autorização de Pesquisa","51.618.743/0001-60","TALISMA NICKEL LTDA","ARAGUAÇU - TO, NOVO PLANALTO - GO, PORANGATU - GO","MINÉRIO DE NÍQUEL, MINÉRIO DE OURO","Industrial, Industrial","Sim","16/10/2023"
"Gerência Regional / TO","864210/2020","Requerimento de Autorização de Pesquisa","Autorização de Pesquisa","51.618.743/0001-60","TALISMA NICKEL LTDA","ARAGUAÇU - TO, PORANGATU - GO","MINÉRIO DE NÍQUEL, MINÉRIO DE OURO","Industrial, Industrial","Sim","16/10/2023"
"Gerência Regional / GO","861356/2021","Requerimento de Pesquisa - Leilão","Autorização de Pesquisa","51.618.743/0001-60","TALISMA NICKEL LTDA","PORANGATU - GO","MINÉRIO DE NÍQUEL","Industrial","Sim","24/11/2023"
"Gerência Regional / GO","861290/2022","Requerimento de Autorização de Pesquisa","Autorização de Pesquisa","51.618.743/0001-60","TALISMA NICKEL LTDA","PORANGATU - GO","MINÉRIO DE NÍQUEL","Industrial","Sim","24/11/2023"
"Gerência Regional / GO","861121/2022","Requerimento de Pesquisa - Leilão","Autorização de Pesquisa","51.618.743/0001-60","TALISMA NICKEL LTDA","PORANGATU - GO","MINÉRIO DE NÍQUEL","Industrial","Sim","24/11/2023"
"Gerência Regional / GO","860699/2020","Requerimento de Autorização de Pesquisa","Autorização de Pesquisa","51.618.743/0001-60","TALISMA NICKEL LTDA","PORANGATU - GO","MINÉRIO DE NÍQUEL, MINÉRIO DE OURO","Industrial, Industrial","Sim","24/11/2023"
"Gerência Regional / GO","860698/2020","Requerimento de Autorização de Pesquisa","Autorização de Pesquisa","51.618.743/0001-60","TALISMA NICKEL LTDA","PORANGATU - GO","MINÉRIO DE NÍQUEL, MINÉRIO DE OURO","Industrial, Industrial","Sim","24/11/2023"
"Gerência Regional / GO","860697/2020","Requerimento de Autorização de Pesquisa","Autorização de Pesquisa","51.618.743/0001-60","TALISMA NICKEL LTDA","PORANGATU - GO","MINÉRIO DE NÍQUEL, MINÉRIO DE OURO","Industrial, Industrial","Sim","24/11/2023"
"Gerência Regional / GO","860696/2020","Requerimento de Autorização de Pesquisa","Autorização de Pesquisa","51.618.743/0001-60","TALISMA NICKEL LTDA","PORANGATU - GO","MINÉRIO DE NÍQUEL, MINÉRIO DE OURO","Industrial, Industrial","Sim","24/11/2023"
"Gerência Regional / GO","860695/2020","Requerimento de Autorização de Pesquisa","Autorização de Pesquisa","51.618.743/0001-60","TALISMA NICKEL LTDA","PORANGATU - GO","MINÉRIO DE NÍQUEL, MINÉRIO DE OURO","Industrial, Industrial","Sim","24/11/2023"
"Gerência Regional / GO","860598/2020","Requerimento de Cessão parcial","Direito de Requerer a Lavra","63.326.895/0001-79","ABADIA VERDE RECICLAGEM E INDUSTRIA LTDA","ABADIA DE GOIÁS - GO, TRINDADE - GO","GABRO, ILMENITA","Brita, Industrial","Sim","17/03/2026"
"Gerência Regional / GO","860057/2025","Requerimento de Autorização de Pesquisa","Autorização de Pesquisa","29.012.569/0001-59","F SOUZA CONSULTORIA LTDA","CATALÃO - GO","TERRAS RARAS","Industrial","Sim","27/07/2026"
"Gerência Regional / GO","860056/2025","Requerimento de Autorização de Pesquisa","Autorização de Pesquisa","29.012.569/0001-59","F SOUZA CONSULTORIA LTDA","CATALÃO - GO","TERRAS RARAS","Industrial","Sim","27/07/2026"
"Gerência Regional / GO","860067/2025","Requerimento de Autorização de Pesquisa","Autorização de Pesquisa","29.012.569/0001-59","F SOUZA CONSULTORIA LTDA","CATALÃO - GO, TRÊS RANCHOS - GO","TERRAS RARAS","Industrial","Sim","27/07/2026"
"Gerência Regional / GO","860063/2025","Requerimento de Autorização de Pesquisa","Autorização de Pesquisa","29.012.569/0001-59","F SOUZA CONSULTORIA LTDA","CATALÃO - GO, CUMARI - GO","TERRAS RARAS","Industrial","Sim","27/07/2026"
"Gerência Regional / GO","860062/2025","Requerimento de Autorização de Pesquisa","Autorização de Pesquisa","29.012.569/0001-59","F SOUZA CONSULTORIA LTDA","CUMARI - GO","TERRAS RARAS","Industrial","Sim","27/07/2026"
"Gerência Regional / GO","860061/2025","Requerimento de Autorização de Pesquisa","Autorização de Pesquisa","29.012.569/0001-59","F SOUZA CONSULTORIA LTDA","CUMARI - GO","TERRAS RARAS","Industrial","Sim","27/07/2026"
"Gerência Regional / GO","860060/2025","Requerimento de Autorização de Pesquisa","Autorização de Pesquisa","29.012.569/0001-59","F SOUZA CONSULTORIA LTDA","CUMARI - GO","TERRAS RARAS","Industrial","Sim","27/07/2026"
"Gerência Regional / GO","862097/1994","Requerimento de Autorização de Pesquisa","Concessão de Lavra","01.270.710/0001-02","GRAN PEDRAS COMERCIO DE PEDRAS LTDA","BURITI DE GOIÁS - GO","QUARTZITO","Demais substâncias","Sim","27/11/1998"
"Gerência Regional / GO","860563/1986","Requerimento de Autorização de Pesquisa","Concessão de Lavra","02.142.962/0001-00","PENA MINERACAO LTDA","CALDAS NOVAS - GO","ÁGUA MINERAL","Demais substâncias","Sim","13/02/1998"
"Gerência Regional / GO","860551/1988","Requerimento de Autorização de Pesquisa","Concessão de Lavra","02.361.598/0001-70","W B MINERADORA LTDA","CALDAS NOVAS - GO","ÁGUA MINERAL","Demais substâncias","Sim","08/09/2000"
"Gerência Regional / GO","861652/2007","Requerimento de Autorização de Pesquisa","Requerimento de Lavra","16.525.859/0001-54","ERG MINERACAO E COMERCIO LTDA","FORMOSA - GO","CALCÁRIO","Fabricação de cimento","Sim","23/11/2012"
"Gerência Regional / GO","860546/2020","Requerimento de Autorização de Pesquisa","Autorização de Pesquisa","35.034.537/0001-57","GRANISTONE AMAZON MINERACAO LTDA","FLORES DE GOIÁS - GO, VILA BOA - GO","CALCÁRIO, FOSFATO","Corretivo de solo, Fertilizantes","Sim","05/02/2025"
"Gerência Regional / GO","860107/2013","Requerimento de Autorização de Pesquisa","Autorização de Pesquisa","42.799.486/0001-10","AMARILLO MINERACAO DO BRASIL LTDA","MARA ROSA - GO","MINÉRIO DE OURO","Industrial","Sim","04/11/2019"
"Gerência Regional / GO","860294/2018","Requerimento de Autorização de Pesquisa","Autorização de Pesquisa","***.976.066-**","CELSO CARVALHO MAGALHAES                                                        ","FAZENDA NOVA - GO","DIAMANTE","Industrial","Sim","09/02/2021"
"Gerência Regional / GO","860487/2008","Requerimento de Autorização de Pesquisa","Requerimento de Lavra","***.492.751-**","Eny Fernando Vieira de Abreu","ORIZONA - GO","AREIA, DIAMANTE","Construção civil, Industrial","Sim","01/03/2010"
"Gerência Regional / GO","860243/1999","Requerimento de Autorização de Pesquisa","Concessão de Lavra","04.372.115/0001-68","COOPEDRAS DE PIRENOPOLIS LTDA","PIRENÓPOLIS - GO","QUARTZITO","Demais substâncias","Sim","18/10/2001"
"Gerência Regional / GO","860723/2002","Requerimento de Autorização de Pesquisa","Concessão de Lavra","05.566.668/0001-14","Agregados Para A Construção Civil Ltda","PLANALTINA - GO","AREIA","Construção civil","Sim","17/09/2004"
"Gerência Regional / GO","861778/2007","Requerimento de Autorização de Pesquisa","Requerimento de Lavra","02.282.820/0001-49","Tenório Britto Mineração e Topográfia Ltda Epp","FORMOSA - GO","MINÉRIO DE MANGANÊS, QUARTZITO","Industrial, Industrial","Sim","14/05/2012"
"Gerência Regional / GO","862750/2011","Requerimento de Autorização de Pesquisa","Autorização de Pesquisa","05.725.958/0001-63","PAN AMERICAN DESENVOLVIMENTO MINERAL LTDA","IPORÁ - GO, ISRAELÂNDIA - GO, MOIPORÁ - GO","MINÉRIO DE OURO","Industrial","Sim","10/06/2019"
"Gerência Regional / GO","861406/2014","Requerimento de Autorização de Pesquisa","Requerimento de Lavra","04.746.729/0001-62","LEVANTINA NATURAL STONE BRASIL LTDA","MONTIVIDIU DO NORTE - GO","GRANITO","Revestimento","Sim","29/01/2016"
"Gerência Regional / GO","860066/2000","Requerimento de Autorização de Pesquisa","Concessão de Lavra","04.591.846/0001-02","Belo Valle Industria e Comercio Ltda","NOVO GAMA - GO","ÁGUA POTÁVEL DE MESA","Demais substâncias","Sim","07/01/2003"
"Gerência Regional / GO","861100/2000","Requerimento de Autorização de Pesquisa","Concessão de Lavra","02.545.352/0001-58","AREAL OURO FINO LTDA","CORUMBÁ DE GOIÁS - GO","QUARTZITO","Industrial","Sim","05/11/2003"
"Gerência Regional / GO","805289/1975","Requerimento de Autorização de Pesquisa","Concessão de Lavra","05.291.545/0001-18","CALCILANDIA MINERACAO LTDA","GOIÁS - GO","CALCÁRIO","Demais substâncias","Sim","15/10/2003"
"Gerência Regional / GO","816480/1972","Requerimento de Autorização de Pesquisa","Concessão de Lavra","06.235.513/0001-68","Prometálica Mineração Centro Oeste S A","AMERICANO DO BRASIL - GO, MOSSÂMEDES - GO","COBALTO, COBRE, NÍQUEL","Demais substâncias, Demais substâncias, Demais substâncias","Sim","21/11/2005"
"Gerência Regional / GO","860054/1993","Requerimento de Autorização de Pesquisa","Concessão de Lavra","06.132.519/0001-00","MINERACAO REZENDE LTDA.","CALDAS NOVAS - GO","ÁGUA MINERAL","Demais substâncias","Sim","13/05/2005"
"Gerência Regional / GO","861252/1986","Requerimento de Autorização de Pesquisa","Concessão de Lavra","07.552.877/0001-34","AGUA DA VIDA MINERACAO LTDA","CALDAS NOVAS - GO","ÁGUA MINERAL","Demais substâncias","Sim","05/01/2006"
"Gerência Regional / GO","861263/2012","Requerimento de Disponibilidade para lavra","Requerimento de Lavra","08.475.422/0001-25","Centro Oeste Mineração e Comercio Ltda","GOIÂNIA - GO","GRANULITO","Demais substâncias","Sim","08/11/2019"
"Gerência Regional / GO","860961/1993","Requerimento de Registro de Licença","Concessão de Lavra","07.073.218/0001-15","CALCARIO DE PAULA LTDA","CALDAS NOVAS - GO","CALCÁRIO","Demais substâncias","Sim","17/04/2007"
"Gerência Regional / GO","861116/2015","Requerimento de Cessão parcial","Concessão de Lavra","01.360.990/0001-31","SALB EMPREENDIMENTOS EIRELI","SILVÂNIA - GO","AREIA","Construção civil","Sim","06/01/2016"
"Gerência Regional / GO","860752/2003","Requerimento de Autorização de Pesquisa","Requerimento de Lavra","04.894.254/0001-51","ECO INDUSTRIAL LTDA.","PADRE BERNARDO - GO","ÁGUA MINERAL","Industrial","Sim","01/07/2015"
"Gerência Regional / GO","860731/1990","Requerimento de Autorização de Pesquisa","Concessão de Lavra","04.380.570/0001-05","Marlin Blue Stone Ltda.","PIRANHAS - GO","GRANITO","Demais substâncias","Sim","03/03/2009"
"Gerência Regional / GO","861200/2003","Requerimento de Autorização de Pesquisa","Concessão de Lavra","10.482.288/0001-31","HIDROMINERAL CELESTE LTDA","ITUMBIARA - GO","ÁGUA MINERAL","Industrial","Sim","02/07/2009"
"Gerência Regional / GO","861329/2008","Requerimento de Autorização de Pesquisa","Requerimento de Lavra","11.641.841/0001-02","Jt Mineração Ltda","BELA VISTA DE GOIÁS - GO","CASCALHO, QUARTZITO","Construção civil, Industrial","Sim","29/07/2010"
"Gerência Regional / GO","860747/2008","Requerimento de Autorização de Pesquisa","Requerimento de Lavra","00.063.289/0001-98","Cacil Construtora, Urbanizacao e Obras Ltda ","PADRE BERNARDO - GO, PLANALTINA - GO","ILMENITA","Industrial","Sim","27/11/2019"
"Gerência Regional / GO","860701/1990","Requerimento de Autorização de Pesquisa","Requerimento de Lavra","02.720.980/0001-22","Terra Brasil Thermas Park Hotel Ltda.","CALDAS NOVAS - GO","ÁGUA MINERAL","Demais substâncias","Sim","04/03/2013"
"Gerência Regional / GO","861757/2021","Requerimento de Autorização de Pesquisa","Autorização de Pesquisa","16.699.653/0001-40","GUSMAO-LIMA MINERADORA LTDA","CARMO DO RIO VERDE - GO","ILMENITA","Industrial","Sim","04/09/2025"
"Gerência Regional / GO","860571/2012","Requerimento de Cessão parcial","Concessão de Lavra","16.738.357/0001-01","AGROPECUARIA E MINERADORA REVELACAO LTDA","GUAPÓ - GO","AREIA, MINÉRIO DE OURO","Construção civil, Industrial","Sim","05/04/2013"
"Gerência Regional / GO","860922/2017","Requerimento de Autorização de Pesquisa","Autorização de Pesquisa","***.612.366-**","ISAU TAVARES ROCHA","SÃO DOMINGOS - GO","CASSITERITA","Industrial","Sim","27/07/2026"
"Gerência Regional / GO","860541/2021","Requerimento de Pesquisa - Leilão","Autorização de Pesquisa","17.439.238/0001-10","Calcario Norte Sul Ltda","CAMPINAÇU - GO","MINÉRIO DE CHUMBO, MINÉRIO DE ZINCO","Industrial, Industrial","Sim","30/09/2024"
"Gerência Regional / TO","864101/2023","Requerimento de Autorização de Pesquisa","Autorização de Pesquisa","16.615.143/0001-48","Mineradora Serra Geral Ltda","JAÚ DO TOCANTINS - TO, MONTIVIDIU DO NORTE - GO","MINÉRIO DE LÍTIO","Industrial","Sim","08/01/2024"
"Gerência Regional / GO","861543/2009","Requerimento de Autorização de Pesquisa","Requerimento de Lavra","07.114.299/0001-54","Agropecuaria Olga Ltda Epp","ITAPIRAPUÃ - GO, MATRINCHÃ - GO","AREIA, MINÉRIO DE OURO","Construção civil, Industrial","Sim","24/12/2013"
"Gerência Regional / GO","861777/1995","Requerimento de Registro de Licença","Requerimento de Lavra","19.765.405/0001-49","CALVIBOM CALCARIO VILA BOA MINERACAO LTDA","VILA BOA - GO","CALCÁRIO","Demais substâncias","Sim","15/09/2014"
"Gerência Regional / GO","860126/1989","Requerimento de Autorização de Pesquisa","Concessão de Lavra","19.635.344/0001-03","LUCIO CAVALCANTI PARREIRA LTDA","GOIÁS - GO","ÁGUA MINERAL","Demais substâncias","Sim","08/05/2008"
"Gerência Regional / GO","860814/2016","Requerimento de Disponibilidade para pesquisa","Requerimento de Lavra","19.093.982/0001-31","PAIS E FILHOS AREIA LTDA","ARAGUAPAZ - GO, FAINA - GO","AREIA","Construção civil","Sim","18/03/2022"
"Gerência Regional / GO","861999/2012","Requerimento de Mudança de Regime para Aut. de Pesquisa","Concessão de Lavra","10.690.080/0001-08","VANESSA DE ALMEIDA GOMES AREIA MAQ","SÃO LUÍS DE MONTES BELOS - GO","AREIA","Construção civil","Sim","27/11/2019"
"Gerência Regional / GO","861416/2016","Requerimento de Autorização de Pesquisa","Autorização de Pesquisa","21.983.343/0001-93","MINERACAO ALDEIA DO VALE LTDA","CRIXÁS - GO","ILMENITA","Industrial","Sim","08/03/2019"
"Gerência Regional / GO","860207/2017","Requerimento de Autorização de Pesquisa","Autorização de Pesquisa","03.457.004/0001-91","Fertiliza Agro Negócios Ltda","SÃO JOÃO D'ALIANÇA - GO","MINÉRIO DE MANGANÊS","Industrial","Sim","28/12/2017"
"Gerência Regional / GO","860469/2011","Requerimento de Disponibilidade para pesquisa","Requerimento de Lavra","18.489.858/0001-27","Wn Extracao e Comercio de Pedras Ltda Me ","CORUMBÁ DE GOIÁS - GO, PIRENÓPOLIS - GO","AREIA, QUARTZITO, QUARTZITO","Construção civil, Pedra decorativa, Revestimento","Sim","01/07/2015"
"Gerência Regional / GO","860607/2003","Requerimento de Autorização de Pesquisa","Requerimento de Lavra","17.364.999/0001-50","Ernane Afonso da Silva Eireli Me","ÁGUAS LINDAS DE GOIÁS - GO","AREIA, CASCALHO, MINÉRIO DE OURO","Construção civil, Construção civil, Industrial","Sim","04/05/2016"
"Gerência Regional / GO","861026/2012","Requerimento de Cessão parcial","Requerimento de Lavra","20.951.710/0001-04","Elizeu Alves Silva Eireli Me","QUIRINÓPOLIS - GO, RIO VERDE - GO","AREIA","Construção civil","Sim","14/11/2016"
"Gerência Regional / GO","862149/2012","Requerimento de Cessão parcial","Concessão de Lavra","07.346.767/0001-16","GUARANI BLACK MARBLE LTDA","GUARANI DE GOIÁS - GO","CALCÁRIO","Fabricação de cimento","Sim","19/10/2015"
"Gerência Regional / GO","860033/2015","Requerimento de Autorização de Pesquisa","Autorização de Pesquisa","23.902.682/0001-23","Royal Mineradora Ltda. Epp","SÃO DOMINGOS - GO","CALCÁRIO CALCÍTICO","Fabricação de cimento","Sim","04/05/2016"
"Gerência Regional / GO","861154/2016","Requerimento de Autorização de Pesquisa","Autorização de Pesquisa","***.138.901-**","JOVAIR INÁCIO DE OLIVEIRA","FAINA - GO","MINÉRIO DE OURO","Industrial","Sim","25/01/2018"
"Gerência Regional / GO","860412/2018","Requerimento de Autorização de Pesquisa","Autorização de Pesquisa","16.978.568/0001-11","GF GOLD MINERACAO EIRELI","NIQUELÂNDIA - GO","MINÉRIO DE OURO","Industrial","Sim","16/11/2020"
"Gerência Regional / TO","864339/2018","Requerimento de Autorização de Pesquisa","Autorização de Pesquisa","26.462.957/0001-43","SAL DA TERRA MINERAÇÃO E REPRESENTAÇÃO MINERAL EIRELI ME","CAVALCANTE - GO, PARANÃ - TO","MINÉRIO DE MANGANÊS, MINÉRIO DE OURO","Industrial, Industrial","Sim","04/11/2020"
"Gerência Regional / GO","861059/2017","Requerimento de Autorização de Pesquisa","Requerimento de Lavra","07.750.332/0001-32","J. TIMOTEO MONTEIRO & CIA LTDA","AMORINÓPOLIS - GO, IPORÁ - GO","AREIA","Construção civil","Sim","13/11/2019"
"Gerência Regional / GO","860936/2003","Requerimento de Autorização de Pesquisa","Concessão de Lavra","37.208.486/0001-68","VMF MINERACAO E CALCARIO LTDA","ANICUNS - GO","CALCÁRIO DOLOMÍTICO","Demais substâncias","Sim","19/11/2007"
"Gerência Regional / GO","860698/2021","Requerimento de Pesquisa - Leilão","Autorização de Pesquisa","37.792.194/0001-15","FORT MINERACAO LTDA","SÃO JOÃO D'ALIANÇA - GO","MINÉRIO DE MANGANÊS","Industrial","Sim","26/12/2022"
"Gerência Regional / GO","861163/2007","Requerimento de Autorização de Pesquisa","Concessão de Lavra","10.646.951/0001-96","L ACQUA MATERIAIS PARA CONSTRUCOES E    TRANSPORTES EIRELI","BARRO ALTO - GO, NIQUELÂNDIA - GO","AREIA, MINÉRIO DE OURO","Construção civil, Industrial","Sim","19/08/2010"
"Gerência Regional / GO","861163/2007","Requerimento de Autorização de Pesquisa","Concessão de Lavra","10.646.951/0001-96","L ACQUA MATERIAIS PARA CONSTRUCOES E    TRANSPORTES EIRELI","BARRO ALTO - GO, NIQUELÂNDIA - GO","AREIA, MINÉRIO DE OURO","Construção civil, Industrial","Sim","27/10/2021"
"Gerência Regional / GO","861163/2007","Requerimento de Autorização de Pesquisa","Concessão de Lavra","10.646.951/0001-96","L ACQUA MATERIAIS PARA CONSTRUCOES E    TRANSPORTES EIRELI","BARRO ALTO - GO, NIQUELÂNDIA - GO","AREIA, MINÉRIO DE OURO","Construção civil, Industrial","Sim","28/10/2011"
"Gerência Regional / GO","860658/2021","Requerimento de Pesquisa - Leilão","Autorização de Pesquisa","***.879.508-**","Edley de Assis Esteves","NIQUELÂNDIA - GO","MINÉRIO DE OURO","Industrial","Sim","07/10/2021"
"Gerência Regional / GO","814326/1972","Requerimento de Autorização de Pesquisa","Concessão de Lavra","51.334.345/0001-12","PEDRA PRETA MINERACAO LTDA","SÃO JOÃO D'ALIANÇA - GO","MANGANÊS","Demais substâncias","Sim","14/09/2009"
"Gerência Regional / GO","861626/2012","Requerimento de Autorização de Pesquisa","Concessão de Lavra","52.699.033/0001-75","AREIAL VBS LTDA","ITAPURANGA - GO","AREIA, MINÉRIO DE OURO","Construção civil, Industrial","Sim","15/03/2021"
"Gerência Regional / GO","861790/2021","Requerimento de Mudança de Regime para Aut. de Pesquisa","Direito de Requerer a Lavra","55.934.457/0001-65","AGAPEE AGRO II M. ALEGRE PARTICIPACOES LTDA.","MONTE ALEGRE DE GOIÁS - GO","MINÉRIO DE OURO","Industrial","Sim","22/01/2025"
"Gerência Regional / GO","860582/2018","Requerimento de Cessão parcial","Requerimento de Lavra","35.093.123/0001-07","ADRIANO MARCOS TRANSPORTADORA LTDA","AMARALINA - GO, BONÓPOLIS - GO, MUNDO NOVO - GO","AREIA, CASCALHO","Construção civil, Construção civil","Sim","20/05/2026"
"Gerência Regional / GO","861923/1995","Requerimento de Autorização de Pesquisa","Concessão de Lavra","00.057.240/0001-22","CIPLAN CIMENTO PLANALTO SA","GUAPÓ - GO","GRANITO","Demais substâncias","Sim","09/03/2001"
"Gerência Regional / GO","861424/2007","Requerimento de Autorização de Pesquisa","Autorização de Pesquisa","00.057.240/0001-22","CIPLAN CIMENTO PLANALTO SA","MIMOSO DE GOIÁS - GO, PADRE BERNARDO - GO","CALCÁRIO, FOSFATO","Fabricação de cimento, Fertilizantes","Sim","30/06/2017"
"Gerência Regional / GO","861422/2007","Requerimento de Autorização de Pesquisa","Autorização de Pesquisa","00.057.240/0001-22","CIPLAN CIMENTO PLANALTO SA","MIMOSO DE GOIÁS - GO, PADRE BERNARDO - GO","CALCÁRIO, FOSFATO","Fabricação de cimento, Fertilizantes","Sim","30/05/2019"
"Gerência Regional / GO","861390/2016","Requerimento de Autorização de Pesquisa","Autorização de Pesquisa","00.508.829/0001-08","EDEM EMPRESA DE DESENVOLVIMENTO EM MINERACAO E PARTICIPACOES LTDA","FAINA - GO","CALCÁRIO, MINÉRIO DE OURO","Fabricação de cal, Industrial","Sim","13/06/2024"
"Gerência Regional / GO","860989/2016","Requerimento de Autorização de Pesquisa","Direito de Requerer a Lavra","00.508.829/0001-08","EDEM EMPRESA DE DESENVOLVIMENTO EM MINERACAO E PARTICIPACOES LTDA","FAINA - GO","CALCÁRIO, CALCÁRIO, ILMENITA","Corretivo de solo, Fabricação de cal, Industrial","Sim","09/05/2024"
"Gerência Regional / GO","860989/2016","Requerimento de Autorização de Pesquisa","Direito de Requerer a Lavra","00.508.829/0001-08","EDEM EMPRESA DE DESENVOLVIMENTO EM MINERACAO E PARTICIPACOES LTDA","FAINA - GO","CALCÁRIO, CALCÁRIO, ILMENITA","Corretivo de solo, Fabricação de cal, Industrial","Sim","06/07/2021"
"Gerência Regional / GO","860582/2016","Requerimento de Autorização de Pesquisa","Autorização de Pesquisa","00.508.829/0001-08","EDEM EMPRESA DE DESENVOLVIMENTO EM MINERACAO E PARTICIPACOES LTDA","FAINA - GO","ILMENITA","Industrial","Sim","04/04/2022"
"Gerência Regional / GO","860441/1999","Requerimento de Autorização de Pesquisa","Requerimento de Lavra","00.508.829/0001-08","EDEM EMPRESA DE DESENVOLVIMENTO EM MINERACAO E PARTICIPACOES LTDA","NAZÁRIO - GO","AREIA","Demais substâncias","Sim","23/11/2000"
"Gerência Regional / GO","860045/2017","Requerimento de Disponibilidade para pesquisa","Autorização de Pesquisa","00.508.829/0001-08","EDEM EMPRESA DE DESENVOLVIMENTO EM MINERACAO E PARTICIPACOES LTDA","FAINA - GO","MINÉRIO DE COBRE, MINÉRIO DE FERRO, MINÉRIO DE OURO","Industrial, Industrial, Industrial","Sim","04/04/2022"
"Gerência Regional / GO","860044/2017","Requerimento de Disponibilidade para pesquisa","Autorização de Pesquisa","00.508.829/0001-08","EDEM EMPRESA DE DESENVOLVIMENTO EM MINERACAO E PARTICIPACOES LTDA","GOIÁS - GO","MINÉRIO DE COBRE, MINÉRIO DE FERRO, MINÉRIO DE OURO","Industrial, Industrial, Industrial","Sim","04/04/2022"
"Gerência Regional / GO","860043/2017","Requerimento de Disponibilidade para pesquisa","Autorização de Pesquisa","00.508.829/0001-08","EDEM EMPRESA DE DESENVOLVIMENTO EM MINERACAO E PARTICIPACOES LTDA","GOIÁS - GO","MINÉRIO DE FERRO, MINÉRIO DE OURO","Industrial, Industrial","Sim","06/07/2021"
"Gerência Regional / GO","860035/2017","Requerimento de Disponibilidade para pesquisa","Autorização de Pesquisa","00.508.829/0001-08","EDEM EMPRESA DE DESENVOLVIMENTO EM MINERACAO E PARTICIPACOES LTDA","FAINA - GO","CALCÁRIO, MINÉRIO DE OURO","Corretivo de solo, Industrial","Sim","30/04/2024"
"Gerência Regional / GO","860082/2009","Requerimento de Cessão parcial","Concessão de Lavra","01.761.779/0001-20","BRUTUS MINERACAO LTDA","SILVÂNIA - GO","AREIA","Construção civil","Sim","18/01/2012"
"Gerência Regional / GO","861681/1985","Requerimento de Autorização de Pesquisa","Concessão de Lavra","03.764.875/0001-58","AURIFERA NOVA ROMA LTDA","SÃO JOÃO DA PARAÚNA - GO","OURO","Demais substâncias","Sim","22/06/1988"
"Gerência Regional / GO","861086/2004","Requerimento de Autorização de Pesquisa","Requerimento de Lavra","77.145.225/0001-60","GR EXTRACAO DE AREIA E TRANSPORTES RODOVIARIOS LTDA","FORMOSA - GO, VILA BOA - GO","AREIA, CALCÁRIO, MINÉRIO DE OURO, QUARTZITO","Corretivo de solo, Industrial, Industrial, Revestimento","Sim","03/05/2005"
"Gerência Regional / GO","860189/2005","Requerimento de Autorização de Pesquisa","Requerimento de Lavra","77.145.225/0001-60","GR EXTRACAO DE AREIA E TRANSPORTES RODOVIARIOS LTDA","PLANALTINA - GO","AREIA, MINÉRIO DE TÂNTALO","Construção civil, Industrial","Sim","03/05/2005"
"Gerência Regional / GO","860763/2015","Requerimento de Disponibilidade para pesquisa","Requerimento de Lavra","82.096.314/0001-02","GS EXTRACAO E COMERCIO DE AREIA LTDA","CRISTALINA - GO","AREIA, ARENITO, QUARTZO","Construção civil, Construção civil, Industrial","Sim","19/02/2018"
"Gerência Regional / GO","808923/1974","Requerimento de Autorização de Pesquisa","Concessão de Lavra","86.902.053/0001-13","MINERACAO MARACA INDUSTRIA E COMERCIO S/A","ALTO HORIZONTE - GO, NOVA IGUAÇU DE GOIÁS - GO","COBRE, MINÉRIO DE OURO, MINÉRIO DE PRATA","Demais substâncias, Industrial, Industrial","Sim","12/06/2000"
"Gerência Regional / GO","860313/2003","Requerimento de Autorização de Pesquisa","Concessão de Lavra","05.620.834/0001-13","MINERACAO PLANALTO LTDA","SANTA RITA DO NOVO DESTINO - GO, URUAÇU - GO","AREIA","Construção civil","Sim","26/08/2004"
"Gerência Regional / GO","861561/2011","Requerimento de Autorização de Pesquisa","Requerimento de Lavra","06.730.693/0001-54","MINERACAO BELOCAL LTDA","PLANALTINA - GO","CALCÁRIO, ILMENITA","Fabricação de cal, Industrial","Sim","14/02/2014"
"Gerência Regional / GO","861224/1986","Requerimento de Autorização de Pesquisa","Concessão de Lavra","06.730.693/0001-54","MINERACAO BELOCAL LTDA","PLANALTINA - GO","CALCÁRIO, DOLOMITO","Industrial, Industrial","Sim","16/09/2003"
"Gerência Regional / GO","861224/1986","Requerimento de Autorização de Pesquisa","Concessão de Lavra","06.730.693/0001-54","MINERACAO BELOCAL LTDA","PLANALTINA - GO","CALCÁRIO, DOLOMITO","Industrial, Industrial","Sim","25/05/2020"
"Gerência Regional / GO","861138/2013","Requerimento de Autorização de Pesquisa","Requerimento de Lavra","06.730.693/0001-54","MINERACAO BELOCAL LTDA","PLANALTINA - GO","CALCÁRIO, CALCÁRIO","Corretivo de solo, Fabricação de cal","Sim","14/02/2014"
"Gerência Regional / GO","860975/2003","Requerimento de Autorização de Pesquisa","Concessão de Lavra","06.730.693/0001-54","MINERACAO BELOCAL LTDA","PLANALTINA - GO","DOLOMITO","Demais substâncias","Sim","21/02/2014"
"Gerência Regional / GO","860335/2006","Requerimento de Autorização de Pesquisa","Requerimento de Lavra","04.745.073/0001-63","Calbrax Mineração Ltda","IACIARA - GO","DOLOMITO, MINÉRIO DE TITÂNIO","Corretivo de solo, Industrial","Sim","02/07/2010"
"Gerência Regional / GO","861535/2009","Requerimento de Autorização de Pesquisa","Requerimento de Lavra","08.543.443/0001-30","EXTRAÇÃO GOIANA DE AREIA OURO BRANCO LTDA.","ÁGUAS LINDAS DE GOIÁS - GO, COCALZINHO DE GOIÁS - GO","AREIA","Construção civil","Sim","28/10/2011"
"Gerência Regional / GO","861535/2009","Requerimento de Autorização de Pesquisa","Requerimento de Lavra","08.543.443/0001-30","EXTRAÇÃO GOIANA DE AREIA OURO BRANCO LTDA.","ÁGUAS LINDAS DE GOIÁS - GO, COCALZINHO DE GOIÁS - GO","AREIA","Construção civil","Sim","26/03/2019"
"Gerência Regional / MG","830809/1987","Requerimento de Autorização de Pesquisa","Requerimento de Lavra","22.439.038/0001-06","PAULO MOISES DE SOUSA E CIA LTDA","CATALÃO - GO, COROMANDEL - MG","DIAMANTE INDUSTRIAL","Demais substâncias","Sim","23/12/2005"
"Gerência Regional / MG","830809/1987","Requerimento de Autorização de Pesquisa","Requerimento de Lavra","22.439.038/0001-06","PAULO MOISES DE SOUSA E CIA LTDA","CATALÃO - GO, COROMANDEL - MG","DIAMANTE INDUSTRIAL","Demais substâncias","Sim","21/06/2001"
"Gerência Regional / MG","830809/1987","Requerimento de Autorização de Pesquisa","Requerimento de Lavra","22.439.038/0001-06","PAULO MOISES DE SOUSA E CIA LTDA","CATALÃO - GO, COROMANDEL - MG","DIAMANTE INDUSTRIAL","Demais substâncias","Sim","20/01/1999"
"Gerência Regional / GO","861059/2017","Requerimento de Autorização de Pesquisa","Requerimento de Lavra","07.750.332/0001-32","J. TIMOTEO MONTEIRO & CIA LTDA","AMORINÓPOLIS - GO, IPORÁ - GO","AREIA","Construção civil","Sim","24/11/2023"
"Gerência Regional / GO","860627/2023","Requerimento de Autorização de Pesquisa","Autorização de Pesquisa","***.427.221-**","EDMUNDO DOS ANJOS AZEVEDO","NIQUELÂNDIA - GO","MINÉRIO DE OURO","Industrial","Sim","17/03/2026"
"Gerência Regional / GO","860284/2016","Requerimento de Autorização de Pesquisa","Concessão de Lavra","37.118.345/0001-54","ALVES E MOREIRA MINERACAO LTDA","PLANALTINA - GO","AREIA, ARGILA, CASCALHO","Construção civil, Industrial, Industrial","Sim","29/07/2020"
"Gerência Regional / GO","860683/2018","Requerimento de Autorização de Pesquisa","Autorização de Pesquisa","***.647.674-**","ROBERTO DE ANDRADE LIRA","AMARALINA - GO, BONÓPOLIS - GO, MUNDO NOVO - GO","AREIA, CASCALHO, MINÉRIO DE OURO","Construção civil, Construção civil, Industrial","Sim","01/09/2020"
"Gerência Regional / GO","860936/2003","Requerimento de Autorização de Pesquisa","Concessão de Lavra","37.208.486/0001-68","VMF MINERACAO E CALCARIO LTDA","ANICUNS - GO","CALCÁRIO DOLOMÍTICO","Demais substâncias","Sim","03/09/2021"
"Gerência Regional / GO","860698/2021","Requerimento de Pesquisa - Leilão","Autorização de Pesquisa","37.792.194/0001-15","FORT MINERACAO LTDA","SÃO JOÃO D'ALIANÇA - GO","MINÉRIO DE MANGANÊS","Industrial","Sim","29/08/2024"
"Gerência Regional / GO","860687/2020","Requerimento de Autorização de Pesquisa","Autorização de Pesquisa","30.606.001/0001-45","JIREH PARTICIPACOES LTDA","VILA PROPÍCIO - GO","MINÉRIO DE OURO","Industrial","Sim","29/08/2024"
"Gerência Regional / GO","860562/2019","Requerimento de Autorização de Pesquisa","Direito de Requerer a Lavra","41.218.377/0001-07","SAVANA MINERIOS E MINERAIS LTDA","CAMPINAÇU - GO, MINAÇU - GO","GRANITO, MÁRMORE, MINÉRIO DE OURO, QUARTZITO, QUARTZO, XISTO","Industrial, Industrial, Revestimento, Revestimento, Revestimento, Revestimento","Sim","24/05/2021"
"Gerência Regional / GO","861163/2007","Requerimento de Autorização de Pesquisa","Concessão de Lavra","10.646.951/0001-96","L ACQUA MATERIAIS PARA CONSTRUCOES E    TRANSPORTES EIRELI","BARRO ALTO - GO, NIQUELÂNDIA - GO","AREIA, MINÉRIO DE OURO","Construção civil, Industrial","Sim","05/06/2008"
"Gerência Regional / GO","861330/2016","Requerimento de Mudança de Regime para Aut. de Pesquisa","Concessão de Lavra","43.597.535/0001-02","PEDREIRA E ASFALTOS TRINDADE LTDA","RIO VERDE - GO","BASALTO","Brita","Sim","31/12/2021"
"Gerência Regional / GO","861844/2021","Requerimento de Autorização de Pesquisa","Autorização de Pesquisa","***.831.031-**","ALAIDE JOAQUINA DA SILVA","ARUANÃ - GO, COCALINHO - MT, NOVA CRIXÁS - GO","AREIA, DIAMANTE","Construção civil, Industrial","Sim","05/08/2022"
"Gerência Regional / GO","860367/2023","Requerimento de Autorização de Pesquisa","Autorização de Pesquisa","44.222.049/0001-64","ODORA MINERALS LTDA","ARENÓPOLIS - GO, DIORAMA - GO","DIAMANTE","Industrial","Sim","20/12/2024"
"Gerência Regional / GO","860098/2022","Requerimento de Autorização de Pesquisa","Autorização de Pesquisa","***.942.171-**","Paulo Henrique Rodrigues Pedro","ABADIÂNIA - GO, GAMELEIRA DE GOIÁS - GO","AREIA, QUARTZITO","Construção civil, Revestimento","Sim","09/04/2024"
"Gerência Regional / GO","860658/2021","Requerimento de Pesquisa - Leilão","Autorização de Pesquisa","***.879.508-**","Edley de Assis Esteves","NIQUELÂNDIA - GO","MINÉRIO DE OURO","Industrial","Sim","13/06/2022"
"Gerência Regional / GO","860972/2021","Requerimento de Autorização de Pesquisa","Requerimento de Lavra","48.719.261/0001-92","AREAL LACERDA LTDA","MINEIROS - GO, SERRANÓPOLIS - GO","AREIA, DIAMANTE","Construção civil, Industrial","Sim","14/11/2024"
"Gerência Regional / GO","814326/1972","Requerimento de Autorização de Pesquisa","Concessão de Lavra","51.334.345/0001-12","PEDRA PRETA MINERACAO LTDA","SÃO JOÃO D'ALIANÇA - GO","MANGANÊS","Demais substâncias","Sim","28/06/2024"
"Gerência Regional / GO","860694/2020","Requerimento de Autorização de Pesquisa","Autorização de Pesquisa","51.618.743/0001-60","TALISMA NICKEL LTDA","PORANGATU - GO","MINÉRIO DE NÍQUEL, MINÉRIO DE OURO","Industrial, Industrial","Sim","24/11/2023"
"Gerência Regional / GO","860125/2019","Requerimento de Autorização de Pesquisa","Concessão de Lavra","37.052.747/0001-01","SAO MIGUEL NEGOCIOS LTDA","RIO VERDE - GO","AREIA","Construção civil","Sim","08/01/2024"
"Gerência Regional / GO","861099/2021","Requerimento de Pesquisa - Oferta Pública ","Requerimento de Lavra","53.608.348/0001-22","AREIAL JTC LTDA","PARAÚNA - GO","AREIA","Construção civil","Sim","07/03/2024"
"Gerência Regional / GO","860075/2021","Requerimento de Autorização de Pesquisa","Autorização de Pesquisa","54.082.272/0001-07","COOPERATIVA DE GARIMPEIROS E MINERADORES PROGRESSISTAS","GOIÁS - GO","AREIA, MINÉRIO DE OURO","Construção civil, Industrial","Sim","13/06/2024"
"Gerência Regional / GO","861626/2012","Requerimento de Autorização de Pesquisa","Concessão de Lavra","52.699.033/0001-75","AREIAL VBS LTDA","ITAPURANGA - GO","AREIA, MINÉRIO DE OURO","Construção civil, Industrial","Sim","18/03/2022"
"Gerência Regional / GO","861790/2021","Requerimento de Mudança de Regime para Aut. de Pesquisa","Direito de Requerer a Lavra","55.934.457/0001-65","AGAPEE AGRO II M. ALEGRE PARTICIPACOES LTDA.","MONTE ALEGRE DE GOIÁS - GO","MINÉRIO DE OURO","Industrial","Sim","03/06/2022"
"Gerência Regional / GO","860482/2022","Requerimento de Autorização de Pesquisa","Autorização de Pesquisa","60.332.365/0001-45","CSI MINERADORA LTDA","RIALMA - GO, SANTA ISABEL - GO","MINÉRIO DE OURO","Industrial","Sim","04/09/2025"
"Gerência Regional / GO","860145/2022","Requerimento de Autorização de Pesquisa","Requerimento de Lavra","51.669.642/0001-19","MINERIO VERDE LTDA","CATURAÍ - GO, GOIANIRA - GO, TRINDADE - GO","AREIA","Construção civil","Sim","27/01/2026"
"Gerência Regional / GO","860599/2020","Requerimento de Cessão parcial","Autorização de Pesquisa","63.326.895/0001-79","ABADIA VERDE RECICLAGEM E INDUSTRIA LTDA","ABADIA DE GOIÁS - GO","GABRO, ILMENITA","Brita, Industrial","Sim","30/03/2026"
"Gerência Regional / GO","860582/2018","Requerimento de Cessão parcial","Requerimento de Lavra","35.093.123/0001-07","ADRIANO MARCOS TRANSPORTADORA LTDA","AMARALINA - GO, BONÓPOLIS - GO, MUNDO NOVO - GO","AREIA, CASCALHO","Construção civil, Construção civil","Sim","01/09/2020"
"Gerência Regional / GO","860058/2025","Requerimento de Autorização de Pesquisa","Autorização de Pesquisa","29.012.569/0001-59","F SOUZA CONSULTORIA LTDA","CATALÃO - GO, TRÊS RANCHOS - GO","TERRAS RARAS","Industrial","Sim","27/07/2026"
"Gerência Regional / GO","860312/2017","Requerimento de Autorização de Pesquisa","Requerimento de Lavra","00.057.240/0001-22","CIPLAN CIMENTO PLANALTO SA","PLANALTINA - GO","ARGILA","Industrial","Sim","30/05/2019"
"Gerência Regional / GO","860237/2015","Requerimento de Autorização de Pesquisa","Requerimento de Lavra","00.057.240/0001-22","CIPLAN CIMENTO PLANALTO SA","GUAPÓ - GO","GRANITO","Brita","Sim","11/06/2019"
"Gerência Regional / GO","861923/1995","Requerimento de Autorização de Pesquisa","Concessão de Lavra","00.057.240/0001-22","CIPLAN CIMENTO PLANALTO SA","GUAPÓ - GO","GRANITO","Demais substâncias","Sim","18/10/2001"
"Gerência Regional / GO","861424/2007","Requerimento de Autorização de Pesquisa","Autorização de Pesquisa","00.057.240/0001-22","CIPLAN CIMENTO PLANALTO SA","MIMOSO DE GOIÁS - GO, PADRE BERNARDO - GO","CALCÁRIO, FOSFATO","Fabricação de cimento, Fertilizantes","Sim","30/05/2019"
"Gerência Regional / GO","861422/2007","Requerimento de Autorização de Pesquisa","Autorização de Pesquisa","00.057.240/0001-22","CIPLAN CIMENTO PLANALTO SA","MIMOSO DE GOIÁS - GO, PADRE BERNARDO - GO","CALCÁRIO, FOSFATO","Fabricação de cimento, Fertilizantes","Sim","30/06/2017"
"Gerência Regional / GO","861139/2016","Requerimento de Autorização de Pesquisa","Requerimento de Lavra","00.057.240/0001-22","CIPLAN CIMENTO PLANALTO SA","PLANALTINA - GO","ARGILA","Industrial","Sim","30/05/2019"
"Gerência Regional / GO","860805/1998","Requerimento de Autorização de Pesquisa","Concessão de Lavra","00.057.240/0001-22","CIPLAN CIMENTO PLANALTO SA","FORMOSA - GO","ARGILA","Demais substâncias","Sim","27/07/2000"
"Gerência Regional / GO","860761/2001","Requerimento de Autorização de Pesquisa","Concessão de Lavra","00.057.240/0001-22","CIPLAN CIMENTO PLANALTO SA","GUAPÓ - GO","GRANITO","Construção civil","Sim","18/12/2002"
"Gerência Regional / GO","861462/2010","Requerimento de Autorização de Pesquisa","Requerimento de Lavra","00.508.829/0001-08","EDEM EMPRESA DE DESENVOLVIMENTO EM MINERACAO E PARTICIPACOES LTDA","ANICUNS - GO","CALCÁRIO","Fabricação de cimento","Sim","22/12/2015"
"Gerência Regional / GO","861390/2016","Requerimento de Autorização de Pesquisa","Autorização de Pesquisa","00.508.829/0001-08","EDEM EMPRESA DE DESENVOLVIMENTO EM MINERACAO E PARTICIPACOES LTDA","FAINA - GO","CALCÁRIO, MINÉRIO DE OURO","Fabricação de cal, Industrial","Sim","04/04/2022"
"Gerência Regional / GO","861346/2012","Requerimento de Disponibilidade para pesquisa","Requerimento de Lavra","00.508.829/0001-08","EDEM EMPRESA DE DESENVOLVIMENTO EM MINERACAO E PARTICIPACOES LTDA","PORANGATU - GO","FELDSPATO, GRANITO, MINÉRIO DE OURO","Industrial, Industrial, Revestimento","Sim","06/03/2018"
"Gerência Regional / GO","861286/2021","Requerimento de Pesquisa - Leilão","Direito de Requerer a Lavra","00.508.829/0001-08","EDEM EMPRESA DE DESENVOLVIMENTO EM MINERACAO E PARTICIPACOES LTDA","FAINA - GO","MINÉRIO DE OURO","Industrial","Sim","13/06/2024"
"Gerência Regional / GO","860989/2016","Requerimento de Autorização de Pesquisa","Direito de Requerer a Lavra","00.508.829/0001-08","EDEM EMPRESA DE DESENVOLVIMENTO EM MINERACAO E PARTICIPACOES LTDA","FAINA - GO","CALCÁRIO, CALCÁRIO, ILMENITA","Corretivo de solo, Fabricação de cal, Industrial","Sim","14/06/2017"
"Gerência Regional / GO","860906/2016","Requerimento de Disponibilidade para pesquisa","Requerimento de Lavra","00.508.829/0001-08","EDEM EMPRESA DE DESENVOLVIMENTO EM MINERACAO E PARTICIPACOES LTDA","PORANGATU - GO","FELDSPATO, GRANITO, MINÉRIO DE OURO","Industrial, Industrial, Revestimento","Sim","06/03/2018"
"Gerência Regional / GO","860582/2016","Requerimento de Autorização de Pesquisa","Autorização de Pesquisa","00.508.829/0001-08","EDEM EMPRESA DE DESENVOLVIMENTO EM MINERACAO E PARTICIPACOES LTDA","FAINA - GO","ILMENITA","Industrial","Sim","09/05/2024"
"Gerência Regional / GO","860491/2018","Requerimento de Disponibilidade para pesquisa","Autorização de Pesquisa","00.508.829/0001-08","EDEM EMPRESA DE DESENVOLVIMENTO EM MINERACAO E PARTICIPACOES LTDA","NOVA GLÓRIA - GO, SANTA ISABEL - GO, SÃO LUIZ DO NORTE - GO","AREIA, MINÉRIO DE OURO","Construção civil, Industrial","Sim","23/10/2024"
"Gerência Regional / GO","860441/1999","Requerimento de Autorização de Pesquisa","Requerimento de Lavra","00.508.829/0001-08","EDEM EMPRESA DE DESENVOLVIMENTO EM MINERACAO E PARTICIPACOES LTDA","NAZÁRIO - GO","AREIA","Demais substâncias","Sim","05/03/2004"
"Gerência Regional / GO","860148/2012","Requerimento de Disponibilidade para pesquisa","Requerimento de Lavra","00.508.829/0001-08","EDEM EMPRESA DE DESENVOLVIMENTO EM MINERACAO E PARTICIPACOES LTDA","AMERICANO DO BRASIL - GO, ANICUNS - GO","CALCÁRIO","Fabricação de cimento","Sim","22/12/2015"
"Gerência Regional / GO","860045/2017","Requerimento de Disponibilidade para pesquisa","Autorização de Pesquisa","00.508.829/0001-08","EDEM EMPRESA DE DESENVOLVIMENTO EM MINERACAO E PARTICIPACOES LTDA","FAINA - GO","MINÉRIO DE COBRE, MINÉRIO DE FERRO, MINÉRIO DE OURO","Industrial, Industrial, Industrial","Sim","30/04/2024"
"Gerência Regional / GO","860044/2017","Requerimento de Disponibilidade para pesquisa","Autorização de Pesquisa","00.508.829/0001-08","EDEM EMPRESA DE DESENVOLVIMENTO EM MINERACAO E PARTICIPACOES LTDA","GOIÁS - GO","MINÉRIO DE COBRE, MINÉRIO DE FERRO, MINÉRIO DE OURO","Industrial, Industrial, Industrial","Sim","30/04/2024"
"Gerência Regional / GO","860043/2017","Requerimento de Disponibilidade para pesquisa","Autorização de Pesquisa","00.508.829/0001-08","EDEM EMPRESA DE DESENVOLVIMENTO EM MINERACAO E PARTICIPACOES LTDA","GOIÁS - GO","MINÉRIO DE FERRO, MINÉRIO DE OURO","Industrial, Industrial","Sim","30/04/2024"
"Gerência Regional / GO","860035/2017","Requerimento de Disponibilidade para pesquisa","Autorização de Pesquisa","00.508.829/0001-08","EDEM EMPRESA DE DESENVOLVIMENTO EM MINERACAO E PARTICIPACOES LTDA","FAINA - GO","CALCÁRIO, MINÉRIO DE OURO","Corretivo de solo, Industrial","Sim","14/09/2021"
"Gerência Regional / GO","860082/2009","Requerimento de Cessão parcial","Concessão de Lavra","01.761.779/0001-20","BRUTUS MINERACAO LTDA","SILVÂNIA - GO","AREIA","Construção civil","Sim","27/03/2025"
"Gerência Regional / GO","861256/2006","Requerimento de Autorização de Pesquisa","Requerimento de Lavra","02.840.072/0001-72","MIBASA MINERADORA BARRO ALTO LTDA","NIQUELÂNDIA - GO","MINÉRIO DE MANGANÊS","Industrial","Sim","11/09/2013"
"Gerência Regional / GO","860691/2020","Requerimento de Autorização de Pesquisa","Autorização de Pesquisa","02.840.072/0001-72","MIBASA MINERADORA BARRO ALTO LTDA","VILA PROPÍCIO - GO","CALCÁRIO, FOSFATO","Corretivo de solo, Fertilizantes","Sim","18/03/2022"
"Gerência Regional / GO","861681/1985","Requerimento de Autorização de Pesquisa","Concessão de Lavra","03.764.875/0001-58","AURIFERA NOVA ROMA LTDA","SÃO JOÃO DA PARAÚNA - GO","OURO","Demais substâncias","Sim","22/10/1996"
"Gerência Regional / GO","860895/2017","Requerimento de Autorização de Pesquisa","Direito de Requerer a Lavra","32.474.215/0001-30","Granitos Retiro Ltda.","GUARANI DE GOIÁS - GO","MINÉRIO DE OURO","Industrial","Sim","08/03/2019"
"Gerência Regional / GO","860418/2018","Requerimento de Mudança de Regime para Aut. de Pesquisa","Direito de Requerer a Lavra","32.474.215/0001-30","Granitos Retiro Ltda.","PORANGATU - GO","MINÉRIO DE OURO","Industrial","Sim","24/05/2021"
"Gerência Regional / GO","861086/2004","Requerimento de Autorização de Pesquisa","Requerimento de Lavra","77.145.225/0001-60","GR EXTRACAO DE AREIA E TRANSPORTES RODOVIARIOS LTDA","FORMOSA - GO, VILA BOA - GO","AREIA, CALCÁRIO, MINÉRIO DE OURO, QUARTZITO","Corretivo de solo, Industrial, Industrial, Revestimento","Sim","02/07/2010"
"Gerência Regional / GO","860896/2003","Requerimento de Autorização de Pesquisa","Requerimento de Lavra","77.145.225/0001-60","GR EXTRACAO DE AREIA E TRANSPORTES RODOVIARIOS LTDA","BRASÍLIA - DF, PLANALTINA - GO","MINÉRIO DE OURO","Industrial","Sim","31/12/2008"
"Gerência Regional / GO","860885/2005","Requerimento de Autorização de Pesquisa","Requerimento de Lavra","77.145.225/0001-60","GR EXTRACAO DE AREIA E TRANSPORTES RODOVIARIOS LTDA","PLANALTINA - GO","AREIA","Construção civil","Sim","28/06/2005"
"Gerência Regional / GO","860884/2005","Requerimento de Autorização de Pesquisa","Requerimento de Lavra","77.145.225/0001-60","GR EXTRACAO DE AREIA E TRANSPORTES RODOVIARIOS LTDA","PLANALTINA - GO","AREIA","Construção civil","Sim","28/06/2005"
"Gerência Regional / GO","860312/2004","Requerimento de Autorização de Pesquisa","Requerimento de Lavra","77.145.225/0001-60","GR EXTRACAO DE AREIA E TRANSPORTES RODOVIARIOS LTDA","PLANALTINA - GO","AREIA, MINÉRIO DE OURO","Industrial, Industrial","Sim","08/11/2010"
"Gerência Regional / GO","860189/2005","Requerimento de Autorização de Pesquisa","Requerimento de Lavra","77.145.225/0001-60","GR EXTRACAO DE AREIA E TRANSPORTES RODOVIARIOS LTDA","PLANALTINA - GO","AREIA, MINÉRIO DE TÂNTALO","Construção civil, Industrial","Sim","31/12/2008"
"Gerência Regional / GO","860763/2015","Requerimento de Disponibilidade para pesquisa","Requerimento de Lavra","82.096.314/0001-02","GS EXTRACAO E COMERCIO DE AREIA LTDA","CRISTALINA - GO","AREIA, ARENITO, QUARTZO","Construção civil, Construção civil, Industrial","Sim","18/03/2022"
"Gerência Regional / GO","860273/2003","Requerimento de Autorização de Pesquisa","Concessão de Lavra","86.902.053/0001-13","MINERACAO MARACA INDUSTRIA E COMERCIO S/A","ALTO HORIZONTE - GO, NOVA IGUAÇU DE GOIÁS - GO, PILAR DE GOIÁS - GO","MINÉRIO DE COBRE, MINÉRIO DE OURO, MINÉRIO DE PRATA","Industrial, Industrial, Industrial","Sim","09/05/2013"
"Gerência Regional / GO","808923/1974","Requerimento de Autorização de Pesquisa","Concessão de Lavra","86.902.053/0001-13","MINERACAO MARACA INDUSTRIA E COMERCIO S/A","ALTO HORIZONTE - GO, NOVA IGUAÇU DE GOIÁS - GO","COBRE, MINÉRIO DE OURO, MINÉRIO DE PRATA","Demais substâncias, Industrial, Industrial","Sim","19/02/1993"
"Gerência Regional / GO","862683/2011","Requerimento de Autorização de Pesquisa","Autorização de Pesquisa","86.902.053/0001-13","MINERACAO MARACA INDUSTRIA E COMERCIO S/A","ALTO HORIZONTE - GO, CAMPOS VERDES - GO, PILAR DE GOIÁS - GO, SANTA TEREZINHA DE GOIÁS - GO","MINÉRIO DE OURO","Industrial","Sim","23/01/2017"
"Gerência Regional / GO","860931/1994","Requerimento de Autorização de Pesquisa","Concessão de Lavra","86.902.053/0001-13","MINERACAO MARACA INDUSTRIA E COMERCIO S/A","ALTO HORIZONTE - GO","MINÉRIO DE COBRE, MINÉRIO DE OURO","Demais substâncias, Demais substâncias","Sim","30/10/1998"
"Gerência Regional / GO","860823/2012","Requerimento de Autorização de Pesquisa","Autorização de Pesquisa","86.902.053/0001-13","MINERACAO MARACA INDUSTRIA E COMERCIO S/A","ALTO HORIZONTE - GO, PILAR DE GOIÁS - GO","MINÉRIO DE OURO","Industrial","Sim","23/01/2017"
"Gerência Regional / GO","860822/2012","Requerimento de Autorização de Pesquisa","Autorização de Pesquisa","86.902.053/0001-13","MINERACAO MARACA INDUSTRIA E COMERCIO S/A","ALTO HORIZONTE - GO, PILAR DE GOIÁS - GO","MINÉRIO DE OURO","Industrial","Sim","23/01/2017"
"Gerência Regional / GO","860821/2012","Requerimento de Autorização de Pesquisa","Autorização de Pesquisa","86.902.053/0001-13","MINERACAO MARACA INDUSTRIA E COMERCIO S/A","CAMPOS VERDES - GO, SANTA TEREZINHA DE GOIÁS - GO","MINÉRIO DE OURO","Industrial","Sim","23/01/2017"
"Gerência Regional / GO","861009/2004","Requerimento de Autorização de Pesquisa","Concessão de Lavra","05.919.578/0001-60","ITAFOS ARRAIAS MINERACAO E FERTILIZANTES S.A.","CAMPOS BELOS - GO","CALCÁRIO, FOSFATO","Corretivo de solo, Fertilizantes","Sim","03/11/2010"
"Gerência Regional / GO","860313/2003","Requerimento de Autorização de Pesquisa","Concessão de Lavra","05.620.834/0001-13","MINERACAO PLANALTO LTDA","SANTA RITA DO NOVO DESTINO - GO, URUAÇU - GO","AREIA","Construção civil","Sim","12/08/2003"
"Gerência Regional / GO","861561/2011","Requerimento de Autorização de Pesquisa","Requerimento de Lavra","06.730.693/0001-54","MINERACAO BELOCAL LTDA","PLANALTINA - GO","CALCÁRIO, ILMENITA","Fabricação de cal, Industrial","Sim","25/05/2020"
"Gerência Regional / GO","861456/2013","Requerimento de Autorização de Pesquisa","Requerimento de Lavra","06.730.693/0001-54","MINERACAO BELOCAL LTDA","PLANALTINA - GO","CALCÁRIO, DOLOMITO, MÁRMORE","Corretivo de solo, Fabricação de cal, Revestimento","Sim","25/05/2020"
"Gerência Regional / GO","861224/1986","Requerimento de Autorização de Pesquisa","Concessão de Lavra","06.730.693/0001-54","MINERACAO BELOCAL LTDA","PLANALTINA - GO","CALCÁRIO, DOLOMITO","Industrial, Industrial","Sim","21/02/2014"
"Gerência Regional / GO","861138/2013","Requerimento de Autorização de Pesquisa","Requerimento de Lavra","06.730.693/0001-54","MINERACAO BELOCAL LTDA","PLANALTINA - GO","CALCÁRIO, CALCÁRIO","Corretivo de solo, Fabricação de cal","Sim","25/05/2020"
"Gerência Regional / GO","860975/2003","Requerimento de Autorização de Pesquisa","Concessão de Lavra","06.730.693/0001-54","MINERACAO BELOCAL LTDA","PLANALTINA - GO","DOLOMITO","Demais substâncias","Sim","25/05/2020"
"Gerência Regional / GO","860627/2012","Requerimento de Autorização de Pesquisa","Requerimento de Lavra","06.730.693/0001-54","MINERACAO BELOCAL LTDA","PLANALTINA - GO","CALCÁRIO, CALCÁRIO, DOLOMITO","Corretivo de solo, Corretivo de solo, Fabricação de cal","Sim","25/05/2020"
"Gerência Regional / GO","860375/2014","Requerimento de Cessão parcial","Requerimento de Lavra","06.730.693/0001-54","MINERACAO BELOCAL LTDA","PLANALTINA - GO","CALCÁRIO, DOLOMITO, ILMENITA","Corretivo de solo, Fabricação de cal, Industrial","Sim","25/05/2020"
"Gerência Regional / GO","860374/2014","Requerimento de Cessão parcial","Requerimento de Lavra","06.730.693/0001-54","MINERACAO BELOCAL LTDA","PLANALTINA - GO","CALCÁRIO, DOLOMITO, MÁRMORE","Corretivo de solo, Fabricação de cal, Revestimento","Sim","25/05/2020"
"Gerência Regional / GO","860335/2006","Requerimento de Autorização de Pesquisa","Requerimento de Lavra","04.745.073/0001-63","Calbrax Mineração Ltda","IACIARA - GO","DOLOMITO, MINÉRIO DE TITÂNIO","Corretivo de solo, Industrial","Sim","08/03/2019"
"Gerência Regional / GO","861535/2009","Requerimento de Autorização de Pesquisa","Requerimento de Lavra","08.543.443/0001-30","EXTRAÇÃO GOIANA DE AREIA OURO BRANCO LTDA.","ÁGUAS LINDAS DE GOIÁS - GO, COCALZINHO DE GOIÁS - GO","AREIA","Construção civil","Sim","06/01/2011"
"Gerência Regional / MG","830809/1987","Requerimento de Autorização de Pesquisa","Requerimento de Lavra","22.439.038/0001-06","PAULO MOISES DE SOUSA E CIA LTDA","CATALÃO - GO, COROMANDEL - MG","DIAMANTE INDUSTRIAL","Demais substâncias","Sim","11/08/1994"
"Gerência Regional / GO","862646/1980","Requerimento de Autorização de Pesquisa","Concessão de Lavra","09.018.435/0001-38","POLITEC MINERACAO LTDA","CALDAS NOVAS - GO","ÁGUA MINERAL","Demais substâncias","Sim","01/08/2008"
"Gerência Regional / GO","860002/1985","Requerimento de Autorização de Pesquisa","Concessão de Lavra","09.018.435/0001-38","POLITEC MINERACAO LTDA","CALDAS NOVAS - GO","ÁGUA MINERAL","Demais substâncias","Sim","23/05/2013"
"Gerência Regional / MG","831090/1997","Requerimento de Autorização de Pesquisa","Requerimento de Lavra","11.470.731/0001-17","José Divino de Moraes Epp","ARAGUARI - MG, CATALÃO - GO, CUMARI - GO","ARGILA, ARGILA REFRATÁRIA","Demais substâncias, Demais substâncias","Sim","07/11/2002"
"Gerência Regional / GO","860921/2006","Requerimento de Autorização de Pesquisa","Concessão de Lavra","15.174.400/0001-90","Pedreira Britaminas Fortaleza Ltda","MINEIROS - GO","BASALTO","Revestimento","Sim","22/06/2012"
"Gerência Regional / GO","860483/2006","Requerimento de Autorização de Pesquisa","Requerimento de Lavra","15.339.670/0001-04","Hs Empreendimentos e Participações Ltda","ÁGUAS LINDAS DE GOIÁS - GO","AREIA","Construção civil","Sim","18/01/2012"
"Gerência Regional / GO","860088/1998","Requerimento de Autorização de Pesquisa","Requerimento de Lavra","15.339.670/0001-04","Hs Empreendimentos e Participações Ltda","GOIANÁPOLIS - GO, TEREZÓPOLIS DE GOIÁS - GO","GNAISSE, GRANULITO","Demais substâncias, Demais substâncias","Sim","29/06/2007"
"Gerência Regional / GO","860172/2012","Requerimento de Cessão parcial","Requerimento de Lavra","03.304.384/0001-24","Gb Locadora e Equipamentos Construções Ltda","ARENÓPOLIS - GO, DIORAMA - GO","AREIA, CASCALHO","Industrial, Industrial","Sim","20/09/2018"
"Gerência Regional / GO","860171/2012","Requerimento de Cessão parcial","Requerimento de Lavra","03.304.384/0001-24","Gb Locadora e Equipamentos Construções Ltda","ARENÓPOLIS - GO, DIORAMA - GO","AREIA, CASCALHO","Industrial, Industrial","Sim","16/11/2018"
"Gerência Regional / GO","860316/2010","Requerimento de Autorização de Pesquisa","Requerimento de Lavra","15.577.033/0001-76","Deposito de Areia Rio Santana e Transporte Ltda Me ","MOZARLÂNDIA - GO, NOVA CRIXÁS - GO","AREIA, CASCALHO, MINÉRIO DE OURO","Construção civil, Construção civil, Industrial","Sim","31/05/2013"
"Gerência Regional / GO","861703/1984","Requerimento de Autorização de Pesquisa","Concessão de Lavra","21.823.063/0001-18","PILAR DE GOIAS DESENVOLVIMENTO MINERAL LTDA","CRIXÁS - GO, GUARINOS - GO","MINÉRIO DE OURO","Industrial","Sim","03/06/2015"
"Gerência Regional / GO","861703/1984","Requerimento de Autorização de Pesquisa","Concessão de Lavra","21.823.063/0001-18","PILAR DE GOIAS DESENVOLVIMENTO MINERAL LTDA","CRIXÁS - GO, GUARINOS - GO","MINÉRIO DE OURO","Industrial","Sim","14/09/2009"
"Gerência Regional / GO","860914/1984","Requerimento de Autorização de Pesquisa","Concessão de Lavra","21.823.063/0001-18","PILAR DE GOIAS DESENVOLVIMENTO MINERAL LTDA","CRIXÁS - GO","MINÉRIO DE OURO","Industrial","Sim","03/06/2015"
"Gerência Regional / GO","860914/1984","Requerimento de Autorização de Pesquisa","Concessão de Lavra","21.823.063/0001-18","PILAR DE GOIAS DESENVOLVIMENTO MINERAL LTDA","CRIXÁS - GO","MINÉRIO DE OURO","Industrial","Sim","14/09/2009"
"Gerência Regional / GO","860936/2008","Requerimento de Autorização de Pesquisa","Concessão de Lavra","23.876.315/0001-00","PONTE NOVA MINERADORA LTDA","PALMEIRAS DE GOIÁS - GO","GNAISSE, GNAISSE, GNAISSE, MINÉRIO DE OURO","Brita, Industrial, Pedra de talhe, Revestimento","Sim","25/09/2013"
"Gerência Regional / GO","860299/2007","Requerimento de Autorização de Pesquisa","Requerimento de Lavra","23.876.315/0001-00","PONTE NOVA MINERADORA LTDA","PALMEIRAS DE GOIÁS - GO","GNAISSE, GNAISSE, GNAISSE, MINÉRIO DE OURO","Brita, Industrial, Pedra de talhe, Revestimento","Sim","25/09/2013"
"Gerência Regional / GO","860138/2013","Requerimento de Autorização de Pesquisa","Requerimento de Lavra","04.071.218/0001-98","INSTITUTO GEMOLOGICO DO BRASIL LTDA","COCALZINHO DE GOIÁS - GO","CALCÁRIO","Fabricação de cimento","Sim","20/09/2018"
"Gerência Regional / GO","860138/2013","Requerimento de Autorização de Pesquisa","Requerimento de Lavra","04.071.218/0001-98","INSTITUTO GEMOLOGICO DO BRASIL LTDA","COCALZINHO DE GOIÁS - GO","CALCÁRIO","Fabricação de cimento","Sim","30/09/2024"
"Gerência Regional / GO","860960/2012","Requerimento de Disponibilidade para pesquisa","Concessão de Lavra","04.970.432/0001-86","RTC NEGOCIOS IMOBILIARIOS LTDA","AURILÂNDIA - GO, CÓRREGO DO OURO - GO, MOIPORÁ - GO","AREIA","Construção civil","Sim","26/03/2019"
"Gerência Regional / GO","861436/2016","Requerimento de Autorização de Pesquisa","Autorização de Pesquisa","30.933.920/0001-23","AMA GOLD LTDA","ISRAELÂNDIA - GO","MINÉRIO DE OURO","Industrial","Sim","04/11/2019"
"Gerência Regional / GO","861435/2016","Requerimento de Autorização de Pesquisa","Autorização de Pesquisa","30.933.920/0001-23","AMA GOLD LTDA","ISRAELÂNDIA - GO","MINÉRIO DE OURO","Industrial","Sim","04/11/2019"
"Gerência Regional / GO","860899/2013","Requerimento de Cessão parcial","Concessão de Lavra","33.649.158/0001-46","CAMILLO E CABRAL MINERADORA LTDA","RIO VERDE - GO","AREIA","Construção civil","Sim","12/01/2018"
"Gerência Regional / GO","860188/2011","Requerimento de Cessão parcial","Concessão de Lavra","33.649.158/0001-46","CAMILLO E CABRAL MINERADORA LTDA","RIO VERDE - GO","AREIA","Construção civil","Sim","08/11/2013"
"Gerência Regional / GO","860188/2011","Requerimento de Cessão parcial","Concessão de Lavra","33.649.158/0001-46","CAMILLO E CABRAL MINERADORA LTDA","RIO VERDE - GO","AREIA","Construção civil","Sim","21/11/2019"
"Gerência Regional / GO","860901/2013","Requerimento de Cessão parcial","Concessão de Lavra","33.649.158/0001-46","CAMILLO E CABRAL MINERADORA LTDA","RIO VERDE - GO","AREIA","Construção civil","Sim","12/01/2018"
"Gerência Regional / GO","860940/2005","Requerimento de Autorização de Pesquisa","Concessão de Lavra","36.547.112/0001-04","AGROCAL MINERACAO LTDA","PADRE BERNARDO - GO","CALCÁRIO, CALCÁRIO DOLOMÍTICO","Corretivo de solo, Industrial","Sim","07/12/2009"
"Gerência Regional / GO","860940/2005","Requerimento de Autorização de Pesquisa","Concessão de Lavra","36.547.112/0001-04","AGROCAL MINERACAO LTDA","PADRE BERNARDO - GO","CALCÁRIO, CALCÁRIO DOLOMÍTICO","Corretivo de solo, Industrial","Sim","29/07/2020"
"Gerência Regional / GO","860323/2018","Requerimento de Autorização de Pesquisa","Autorização de Pesquisa","***.809.931-**","ARTHUR PACHECO DOS SANTOS","CAMPINAÇU - GO","MINÉRIO DE MAGNÉSIO, MINÉRIO DE MANGANÊS","Industrial, Industrial","Sim","13/08/2019"
"Gerência Regional / GO","860323/2018","Requerimento de Autorização de Pesquisa","Autorização de Pesquisa","***.809.931-**","ARTHUR PACHECO DOS SANTOS","CAMPINAÇU - GO","MINÉRIO DE MAGNÉSIO, MINÉRIO DE MANGANÊS","Industrial, Industrial","Sim","25/02/2022"
"Gerência Regional / GO","861871/2013","Requerimento de Cessão parcial","Requerimento de Lavra","42.287.841/0001-71","DU VALLE EXTRACAO E COMERCIO DE AREIAS LTDA","ITAPURANGA - GO","AREIA","Construção civil","Sim","09/05/2018"
"Gerência Regional / GO","861871/2013","Requerimento de Cessão parcial","Requerimento de Lavra","42.287.841/0001-71","DU VALLE EXTRACAO E COMERCIO DE AREIAS LTDA","ITAPURANGA - GO","AREIA","Construção civil","Sim","05/12/2025"
"Gerência Regional / GO","860219/1986","Requerimento de Autorização de Pesquisa","Concessão de Lavra","37.847.845/0001-27","TAIYO THERMAS HOTEL LTDA","CALDAS NOVAS - GO","ÁGUA MINERAL","Demais substâncias","Sim","09/05/2024"
"Gerência Regional / GO","860258/2016","Requerimento de Autorização de Pesquisa","Autorização de Pesquisa","***.986.901-**","Fernando Rodrigues Mendes","FORMOSA - GO","AREIA, ARGILA","Construção civil, Industrial","Sim","10/12/2020"
"Gerência Regional / GO","860257/2016","Requerimento de Autorização de Pesquisa","Autorização de Pesquisa","***.986.901-**","Fernando Rodrigues Mendes","FORMOSA - GO","AREIA, ARGILA","Construção civil, Industrial","Sim","10/12/2020"
"Gerência Regional / GO","862646/1980","Requerimento de Autorização de Pesquisa","Concessão de Lavra","09.018.435/0001-38","POLITEC MINERACAO LTDA","CALDAS NOVAS - GO","ÁGUA MINERAL","Demais substâncias","Sim","05/03/2012"
"Gerência Regional / GO","860002/1985","Requerimento de Autorização de Pesquisa","Concessão de Lavra","09.018.435/0001-38","POLITEC MINERACAO LTDA","CALDAS NOVAS - GO","ÁGUA MINERAL","Demais substâncias","Sim","20/12/2024"
"Gerência Regional / MG","831090/1997","Requerimento de Autorização de Pesquisa","Requerimento de Lavra","11.470.731/0001-17","José Divino de Moraes Epp","ARAGUARI - MG, CATALÃO - GO, CUMARI - GO","ARGILA, ARGILA REFRATÁRIA","Demais substâncias, Demais substâncias","Sim","23/09/2014"
"Gerência Regional / GO","860536/2020","Requerimento de Mudança de Regime para Aut. de Pesquisa","Autorização de Pesquisa","12.676.991/0001-06","OLAF WINKING","CRISTALINA - GO","AREIA","Construção civil","Sim","10/12/2020"
"Gerência Regional / GO","860921/2006","Requerimento de Autorização de Pesquisa","Concessão de Lavra","15.174.400/0001-90","Pedreira Britaminas Fortaleza Ltda","MINEIROS - GO","BASALTO","Revestimento","Sim","08/11/2010"
"Gerência Regional / GO","860887/2012","Requerimento de Disponibilidade para lavra","Requerimento de Lavra","15.339.670/0001-04","Hs Empreendimentos e Participações Ltda","GUAPÓ - GO","ARGILA","Industrial","Sim","07/12/2012"
"Gerência Regional / GO","860885/2012","Requerimento de Disponibilidade para lavra","Requerimento de Lavra","15.339.670/0001-04","Hs Empreendimentos e Participações Ltda","PALMEIRAS DE GOIÁS - GO","CALCÁRIO","Demais substâncias","Sim","07/12/2012"
"Gerência Regional / GO","860483/2006","Requerimento de Autorização de Pesquisa","Requerimento de Lavra","15.339.670/0001-04","Hs Empreendimentos e Participações Ltda","ÁGUAS LINDAS DE GOIÁS - GO","AREIA","Construção civil","Sim","08/11/2019"
"Gerência Regional / GO","860088/1998","Requerimento de Autorização de Pesquisa","Requerimento de Lavra","15.339.670/0001-04","Hs Empreendimentos e Participações Ltda","GOIANÁPOLIS - GO, TEREZÓPOLIS DE GOIÁS - GO","GNAISSE, GRANULITO","Demais substâncias, Demais substâncias","Sim","08/11/2019"
"Gerência Regional / GO","860029/2012","Requerimento de Disponibilidade para lavra","Requerimento de Lavra","15.339.670/0001-04","Hs Empreendimentos e Participações Ltda","EDÉIA - GO","CALCÁRIO DOLOMÍTICO, MINÉRIO DE TITÂNIO","Corretivo de solo, Industrial","Sim","07/12/2012"
"Gerência Regional / GO","860640/2014","Requerimento de Autorização de Pesquisa","Autorização de Pesquisa","10.861.431/0001-04","Zh Comercio, Extracao e Transporte de Minerio Ltda. ","PADRE BERNARDO - GO","AREIA, CASCALHO, MINÉRIO DE OURO","Construção civil, Construção civil, Industrial","Sim","17/02/2020"
"Gerência Regional / GO","860272/2010","Requerimento de Autorização de Pesquisa","Autorização de Pesquisa","16.542.856/0001-29","Pires Participações e Serviços Ltda","IPAMERI - GO","MINÉRIO DE OURO","Industrial","Sim","23/11/2012"
"Gerência Regional / GO","860172/2012","Requerimento de Cessão parcial","Requerimento de Lavra","03.304.384/0001-24","Gb Locadora e Equipamentos Construções Ltda","ARENÓPOLIS - GO, DIORAMA - GO","AREIA, CASCALHO","Industrial, Industrial","Sim","16/11/2018"
"Gerência Regional / GO","860171/2012","Requerimento de Cessão parcial","Requerimento de Lavra","03.304.384/0001-24","Gb Locadora e Equipamentos Construções Ltda","ARENÓPOLIS - GO, DIORAMA - GO","AREIA, CASCALHO","Industrial, Industrial","Sim","20/09/2018"
"Gerência Regional / GO","860177/2021","Requerimento de Autorização de Pesquisa","Autorização de Pesquisa","***.850.021-**","Jeandro Borges de Araújo","CRIXÁS - GO, GUARINOS - GO","AREIA, CASCALHO","Construção civil, Construção civil","Sim","14/09/2021"
"Gerência Regional / GO","860244/2018","Requerimento de Cessão parcial","Direito de Requerer a Lavra","19.282.931/0001-58","ALOMI INFORMATICA LTDA","NIQUELÂNDIA - GO","MINÉRIO DE OURO, QUARTZO","Industrial, Industrial","Sim","20/09/2018"
"Gerência Regional / GO","860635/2015","Requerimento de Mudança de Regime para Aut. de Pesquisa","Concessão de Lavra","09.431.553/0001-73","Distribuidora de Areia Rio Piloes Ltda Me","FAZENDA NOVA - GO, ISRAELÂNDIA - GO","AREIA, CASCALHO","Construção civil, Construção civil","Sim","28/12/2017"
"Gerência Regional / GO","860316/2010","Requerimento de Autorização de Pesquisa","Requerimento de Lavra","15.577.033/0001-76","Deposito de Areia Rio Santana e Transporte Ltda Me ","MOZARLÂNDIA - GO, NOVA CRIXÁS - GO","AREIA, CASCALHO, MINÉRIO DE OURO","Construção civil, Construção civil, Industrial","Sim","13/08/2014"
"Gerência Regional / GO","861013/2004","Requerimento de Registro de Licença","Concessão de Lavra","15.577.033/0001-76","Deposito de Areia Rio Santana e Transporte Ltda Me ","ITAPURANGA - GO","AREIA, CASCALHO","Construção civil, Construção civil","Sim","18/09/2017"
"Gerência Regional / GO","860844/2013","Requerimento de Cessão parcial","Requerimento de Lavra","15.577.033/0001-76","Deposito de Areia Rio Santana e Transporte Ltda Me ","MOZARLÂNDIA - GO, NOVA CRIXÁS - GO","AREIA","Construção civil","Sim","13/08/2014"
"Gerência Regional / GO","861846/2005","Requerimento de Autorização de Pesquisa","Requerimento de Lavra","21.823.063/0001-18","PILAR DE GOIAS DESENVOLVIMENTO MINERAL LTDA","PILAR DE GOIÁS - GO","MINÉRIO DE OURO","Industrial","Sim","29/04/2015"
"Gerência Regional / GO","861703/1984","Requerimento de Autorização de Pesquisa","Concessão de Lavra","21.823.063/0001-18","PILAR DE GOIAS DESENVOLVIMENTO MINERAL LTDA","CRIXÁS - GO, GUARINOS - GO","MINÉRIO DE OURO","Industrial","Sim","02/08/2013"
"Gerência Regional / GO","861485/2009","Requerimento de Autorização de Pesquisa","Autorização de Pesquisa","21.823.063/0001-18","PILAR DE GOIAS DESENVOLVIMENTO MINERAL LTDA","HIDROLINA - GO","MINÉRIO DE OURO","Industrial","Sim","29/05/2015"
"Gerência Regional / GO","861484/2009","Requerimento de Autorização de Pesquisa","Autorização de Pesquisa","21.823.063/0001-18","PILAR DE GOIAS DESENVOLVIMENTO MINERAL LTDA","HIDROLINA - GO, PILAR DE GOIÁS - GO","MINÉRIO DE OURO","Industrial","Sim","29/05/2015"
"Gerência Regional / GO","861407/2009","Requerimento de Autorização de Pesquisa","Autorização de Pesquisa","21.823.063/0001-18","PILAR DE GOIAS DESENVOLVIMENTO MINERAL LTDA","HIDROLINA - GO, ITAPACI - GO, PILAR DE GOIÁS - GO","MINÉRIO DE OURO","Industrial","Sim","29/05/2015"
"Gerência Regional / GO","861406/2009","Requerimento de Autorização de Pesquisa","Autorização de Pesquisa","21.823.063/0001-18","PILAR DE GOIAS DESENVOLVIMENTO MINERAL LTDA","GUARINOS - GO","MINÉRIO DE OURO","Industrial","Sim","29/05/2015"
"Gerência Regional / GO","861352/2012","Requerimento de Disponibilidade para pesquisa","Autorização de Pesquisa","21.823.063/0001-18","PILAR DE GOIAS DESENVOLVIMENTO MINERAL LTDA","ITAPACI - GO, PILAR DE GOIÁS - GO","MINÉRIO DE OURO","Industrial","Sim","24/06/2016"
"Gerência Regional / GO","861351/2012","Requerimento de Disponibilidade para pesquisa","Autorização de Pesquisa","21.823.063/0001-18","PILAR DE GOIAS DESENVOLVIMENTO MINERAL LTDA","ITAPACI - GO, PILAR DE GOIÁS - GO","MINÉRIO DE OURO","Industrial","Sim","24/06/2016"
"Gerência Regional / GO","861183/2009","Requerimento de Autorização de Pesquisa","Autorização de Pesquisa","21.823.063/0001-18","PILAR DE GOIAS DESENVOLVIMENTO MINERAL LTDA","GUARINOS - GO","MINÉRIO DE OURO","Industrial","Sim","29/04/2015"
"Gerência Regional / GO","861182/2009","Requerimento de Autorização de Pesquisa","Autorização de Pesquisa","21.823.063/0001-18","PILAR DE GOIAS DESENVOLVIMENTO MINERAL LTDA","GUARINOS - GO, PILAR DE GOIÁS - GO","MINÉRIO DE OURO","Industrial","Sim","29/04/2015"
"Gerência Regional / GO","861172/2009","Requerimento de Autorização de Pesquisa","Autorização de Pesquisa","21.823.063/0001-18","PILAR DE GOIAS DESENVOLVIMENTO MINERAL LTDA","CRIXÁS - GO, GUARINOS - GO","MINÉRIO DE OURO","Industrial","Sim","29/04/2015"
"Gerência Regional / GO","861171/2009","Requerimento de Autorização de Pesquisa","Autorização de Pesquisa","21.823.063/0001-18","PILAR DE GOIAS DESENVOLVIMENTO MINERAL LTDA","CRIXÁS - GO, GUARINOS - GO","MINÉRIO DE OURO","Industrial","Sim","29/04/2015"
"Gerência Regional / GO","861170/2009","Requerimento de Autorização de Pesquisa","Autorização de Pesquisa","21.823.063/0001-18","PILAR DE GOIAS DESENVOLVIMENTO MINERAL LTDA","GUARINOS - GO","MINÉRIO DE OURO","Industrial","Sim","29/04/2015"
"Gerência Regional / GO","861168/2009","Requerimento de Autorização de Pesquisa","Autorização de Pesquisa","21.823.063/0001-18","PILAR DE GOIAS DESENVOLVIMENTO MINERAL LTDA","CRIXÁS - GO, GUARINOS - GO","MINÉRIO DE OURO","Industrial","Sim","29/04/2015"
"Gerência Regional / GO","861167/2009","Requerimento de Autorização de Pesquisa","Autorização de Pesquisa","21.823.063/0001-18","PILAR DE GOIAS DESENVOLVIMENTO MINERAL LTDA","GUARINOS - GO","MINÉRIO DE OURO","Industrial","Sim","29/04/2015"
"Gerência Regional / GO","861162/2009","Requerimento de Autorização de Pesquisa","Concessão de Lavra","21.823.063/0001-18","PILAR DE GOIAS DESENVOLVIMENTO MINERAL LTDA","GUARINOS - GO","MINÉRIO DE OURO","Industrial","Sim","29/04/2015"
"Gerência Regional / GO","861161/2009","Requerimento de Autorização de Pesquisa","Autorização de Pesquisa","21.823.063/0001-18","PILAR DE GOIAS DESENVOLVIMENTO MINERAL LTDA","ITAPACI - GO, PILAR DE GOIÁS - GO","MINÉRIO DE OURO","Industrial","Sim","29/04/2015"
"Gerência Regional / GO","861158/2009","Requerimento de Autorização de Pesquisa","Autorização de Pesquisa","21.823.063/0001-18","PILAR DE GOIAS DESENVOLVIMENTO MINERAL LTDA","GUARINOS - GO","MINÉRIO DE OURO","Industrial","Sim","29/04/2015"
"Gerência Regional / GO","861157/2009","Requerimento de Autorização de Pesquisa","Autorização de Pesquisa","21.823.063/0001-18","PILAR DE GOIAS DESENVOLVIMENTO MINERAL LTDA","ITAPACI - GO, PILAR DE GOIÁS - GO","MINÉRIO DE OURO","Industrial","Sim","29/04/2015"
"Gerência Regional / GO","861020/2015","Requerimento de Disponibilidade para pesquisa","Autorização de Pesquisa","21.823.063/0001-18","PILAR DE GOIAS DESENVOLVIMENTO MINERAL LTDA","GUARINOS - GO, PILAR DE GOIÁS - GO","MINÉRIO DE OURO","Industrial","Sim","24/06/2016"
"Gerência Regional / GO","860914/1984","Requerimento de Autorização de Pesquisa","Concessão de Lavra","21.823.063/0001-18","PILAR DE GOIAS DESENVOLVIMENTO MINERAL LTDA","CRIXÁS - GO","MINÉRIO DE OURO","Industrial","Sim","02/08/2013"
"Gerência Regional / GO","860406/2004","Requerimento de Autorização de Pesquisa","Concessão de Lavra","21.823.063/0001-18","PILAR DE GOIAS DESENVOLVIMENTO MINERAL LTDA","PILAR DE GOIÁS - GO","MINÉRIO DE OURO","Industrial","Sim","03/06/2015"
"Gerência Regional / GO","860061/2010","Requerimento de Autorização de Pesquisa","Requerimento de Lavra","18.501.803/0001-95","CALCARIO MARA ROSA LTDA","CAMPINAÇU - GO","CALCÁRIO, CALCÁRIO DOLOMÍTICO","Corretivo de solo, Fabricação de cimento","Sim","20/08/2018"
"Gerência Regional / GO","860060/2010","Requerimento de Autorização de Pesquisa","Requerimento de Lavra","18.501.803/0001-95","CALCARIO MARA ROSA LTDA","MARA ROSA - GO","CALCÁRIO","Fabricação de cimento","Sim","14/06/2017"
"Gerência Regional / GO","861380/2016","Requerimento de Autorização de Pesquisa","Requerimento de Lavra","18.501.803/0001-95","CALCARIO MARA ROSA LTDA","CAMPINAÇU - GO","CALCÁRIO","Fabricação de cimento","Sim","05/01/2021"
"Gerência Regional / GO","860934/2013","Requerimento de Autorização de Pesquisa","Requerimento de Lavra","18.501.803/0001-95","CALCARIO MARA ROSA LTDA","CAMPINAÇU - GO","CALCÁRIO","Corretivo de solo","Sim","14/06/2017"
"Gerência Regional / GO","860933/2008","Requerimento de Autorização de Pesquisa","Concessão de Lavra","18.501.803/0001-95","CALCARIO MARA ROSA LTDA","MARA ROSA - GO","CALCÁRIO, CALCÁRIO","Corretivo de solo, Fabricação de cimento","Sim","06/09/2022"
"Gerência Regional / GO","860936/2008","Requerimento de Autorização de Pesquisa","Concessão de Lavra","23.876.315/0001-00","PONTE NOVA MINERADORA LTDA","PALMEIRAS DE GOIÁS - GO","GNAISSE, GNAISSE, GNAISSE, MINÉRIO DE OURO","Brita, Industrial, Pedra de talhe, Revestimento","Sim","15/03/2016"
"Gerência Regional / GO","860299/2007","Requerimento de Autorização de Pesquisa","Requerimento de Lavra","23.876.315/0001-00","PONTE NOVA MINERADORA LTDA","PALMEIRAS DE GOIÁS - GO","GNAISSE, GNAISSE, GNAISSE, MINÉRIO DE OURO","Brita, Industrial, Pedra de talhe, Revestimento","Sim","15/03/2016"
"Gerência Regional / GO","860771/2014","Requerimento de Autorização de Pesquisa","Requerimento de Lavra","04.071.218/0001-98","INSTITUTO GEMOLOGICO DO BRASIL LTDA","FORMOSA - GO, PLANALTINA - GO","AREIA, MINÉRIO DE OURO","Construção civil, Industrial","Sim","14/06/2017"
"Gerência Regional / GO","860138/2013","Requerimento de Autorização de Pesquisa","Requerimento de Lavra","04.071.218/0001-98","INSTITUTO GEMOLOGICO DO BRASIL LTDA","COCALZINHO DE GOIÁS - GO","CALCÁRIO","Fabricação de cimento","Sim","06/09/2022"
"Gerência Regional / GO","860984/2014","Requerimento de Autorização de Pesquisa","Requerimento de Lavra","04.071.218/0001-98","INSTITUTO GEMOLOGICO DO BRASIL LTDA","PADRE BERNARDO - GO","AREIA, QUARTZITO","Construção civil, Revestimento","Sim","14/06/2017"
"Gerência Regional / GO","860926/2014","Requerimento de Autorização de Pesquisa","Requerimento de Lavra","04.071.218/0001-98","INSTITUTO GEMOLOGICO DO BRASIL LTDA","PADRE BERNARDO - GO","AREIA, QUARTZITO","Construção civil, Revestimento","Sim","14/06/2017"
"Gerência Regional / GO","860960/2012","Requerimento de Disponibilidade para pesquisa","Concessão de Lavra","04.970.432/0001-86","RTC NEGOCIOS IMOBILIARIOS LTDA","AURILÂNDIA - GO, CÓRREGO DO OURO - GO, MOIPORÁ - GO","AREIA","Construção civil","Sim","29/01/2014"
"Gerência Regional / GO","860268/2023","Requerimento de Disponibilidade para pesquisa","Direito de Requerer a Lavra","04.970.432/0001-86","RTC NEGOCIOS IMOBILIARIOS LTDA","MOIPORÁ - GO","AREIA","Construção civil","Sim","17/11/2023"
"Gerência Regional / GO","860791/2019","Requerimento de Autorização de Pesquisa","Autorização de Pesquisa","30.933.920/0001-23","AMA GOLD LTDA","ISRAELÂNDIA - GO","MINÉRIO DE OURO","Industrial","Sim","23/04/2021"
"Gerência Regional / GO","860786/2019","Requerimento de Autorização de Pesquisa","Autorização de Pesquisa","30.933.920/0001-23","AMA GOLD LTDA","ISRAELÂNDIA - GO, MOIPORÁ - GO","MINÉRIO DE OURO","Industrial","Sim","23/04/2021"
"Gerência Regional / GO","860451/2017","Requerimento de Autorização de Pesquisa","Autorização de Pesquisa","30.933.920/0001-23","AMA GOLD LTDA","ISRAELÂNDIA - GO","MINÉRIO DE OURO","Industrial","Sim","20/09/2018"
"Gerência Regional / GO","860450/2017","Requerimento de Autorização de Pesquisa","Autorização de Pesquisa","30.933.920/0001-23","AMA GOLD LTDA","ISRAELÂNDIA - GO","MINÉRIO DE OURO","Industrial","Sim","20/09/2018"
"Gerência Regional / GO","860449/2017","Requerimento de Autorização de Pesquisa","Autorização de Pesquisa","30.933.920/0001-23","AMA GOLD LTDA","ISRAELÂNDIA - GO","MINÉRIO DE OURO","Industrial","Sim","20/09/2018"
"Gerência Regional / GO","860448/2017","Requerimento de Autorização de Pesquisa","Autorização de Pesquisa","30.933.920/0001-23","AMA GOLD LTDA","ISRAELÂNDIA - GO","MINÉRIO DE OURO","Industrial","Sim","20/09/2018"
"Gerência Regional / GO","860056/2018","Requerimento de Autorização de Pesquisa","Autorização de Pesquisa","30.933.920/0001-23","AMA GOLD LTDA","DIORAMA - GO","CALCÁRIO, FOSFATO","Corretivo de solo, Fertilizantes","Sim","20/09/2018"
"Gerência Regional / GO","860055/2018","Requerimento de Autorização de Pesquisa","Autorização de Pesquisa","30.933.920/0001-23","AMA GOLD LTDA","DIORAMA - GO","CALCÁRIO, FOSFATO","Corretivo de solo, Fertilizantes","Sim","20/09/2018"
"Gerência Regional / GO","861436/2016","Requerimento de Autorização de Pesquisa","Autorização de Pesquisa","30.933.920/0001-23","AMA GOLD LTDA","ISRAELÂNDIA - GO","MINÉRIO DE OURO","Industrial","Sim","23/04/2021"
"Gerência Regional / GO","861435/2016","Requerimento de Autorização de Pesquisa","Autorização de Pesquisa","30.933.920/0001-23","AMA GOLD LTDA","ISRAELÂNDIA - GO","MINÉRIO DE OURO","Industrial","Sim","23/04/2021"
"Gerência Regional / GO","860899/2013","Requerimento de Cessão parcial","Concessão de Lavra","33.649.158/0001-46","CAMILLO E CABRAL MINERADORA LTDA","RIO VERDE - GO","AREIA","Construção civil","Sim","22/11/2022"
"Gerência Regional / GO","860188/2011","Requerimento de Cessão parcial","Concessão de Lavra","33.649.158/0001-46","CAMILLO E CABRAL MINERADORA LTDA","RIO VERDE - GO","AREIA","Construção civil","Sim","28/11/2017"
"Gerência Regional / GO","860901/2013","Requerimento de Cessão parcial","Concessão de Lavra","33.649.158/0001-46","CAMILLO E CABRAL MINERADORA LTDA","RIO VERDE - GO","AREIA","Construção civil","Sim","27/10/2021"
"Gerência Regional / GO","860940/2005","Requerimento de Autorização de Pesquisa","Concessão de Lavra","36.547.112/0001-04","AGROCAL MINERACAO LTDA","PADRE BERNARDO - GO","CALCÁRIO, CALCÁRIO DOLOMÍTICO","Corretivo de solo, Industrial","Sim","19/03/2018"
"Gerência Regional / GO","861066/2014","Requerimento de Cessão parcial","Concessão de Lavra","37.704.398/0001-57","MOTA MINERACAO E EXTRACAO LTDA","ISRAELÂNDIA - GO","AREIA","Construção civil","Sim","27/10/2021"
"Gerência Regional / GO","860396/2020","Requerimento de Autorização de Pesquisa","Autorização de Pesquisa","36.728.841/0001-67","WOLNEY LUIZ DE MOURA 85209023168","NOVA IGUAÇU DE GOIÁS - GO","AREIA, DIAMANTE","Construção civil, Industrial","Sim","07/03/2024"
"Gerência Regional / GO","860147/2021","Requerimento de Mudança de Regime para Aut. de Pesquisa","Autorização de Pesquisa","42.876.133/0001-76","COOPERATIVA NACIONAL DOS MINERARIOS DO BRASIL","ARENÓPOLIS - GO, DIORAMA - GO, MONTES CLAROS DE GOIÁS - GO","DIAMANTE","Gema","Sim","22/11/2022"
"Gerência Regional / GO","860323/2018","Requerimento de Autorização de Pesquisa","Autorização de Pesquisa","***.809.931-**","ARTHUR PACHECO DOS SANTOS","CAMPINAÇU - GO","MINÉRIO DE MAGNÉSIO, MINÉRIO DE MANGANÊS","Industrial, Industrial","Sim","10/12/2020"
"Gerência Regional / GO","861871/2013","Requerimento de Cessão parcial","Requerimento de Lavra","42.287.841/0001-71","DU VALLE EXTRACAO E COMERCIO DE AREIAS LTDA","ITAPURANGA - GO","AREIA","Construção civil","Sim","06/07/2021"
"Gerência Regional / GO","860282/2016","Requerimento de Autorização de Pesquisa","Requerimento de Lavra","47.818.122/0001-53","MS MINERIOS LTDA","PLANALTINA - GO","ARGILA","Cerâmica vermelha","Sim","23/10/2024"
"Gerência Regional / GO","860272/2024","Requerimento de Autorização de Pesquisa","Autorização de Pesquisa","46.095.570/0001-03","FORTALEZA COMERCIO DE AREIA LTDA","BURITI DE GOIÁS - GO, GOIÁS - GO, ITAPIRAPUÃ - GO, NOVO BRASIL - GO","AREIA, OURO","Construção civil, Industrial","Sim","04/09/2025"
"Gerência Regional / GO","860219/1986","Requerimento de Autorização de Pesquisa","Concessão de Lavra","37.847.845/0001-27","TAIYO THERMAS HOTEL LTDA","CALDAS NOVAS - GO","ÁGUA MINERAL","Demais substâncias","Sim","17/07/1990"
"Gerência Regional / GO","860025/2017","Requerimento de Autorização de Pesquisa","Direito de Requerer a Lavra","53.210.778/0001-91","AGROPECUARIA MIRRA LTDA","SANTA CRUZ DE GOIÁS - GO","AREIA, CASCALHO","Construção civil, Construção civil","Sim","25/02/2025"
"Gerência Regional / GO","861001/2023","Requerimento de Autorização de Pesquisa","Autorização de Pesquisa","48.978.115/0001-81","LUMAC AREIA E CASCALHO LTDA","CRISTALINA - GO","AREIA, MINÉRIO DE MANGANÊS, QUARTZO","Construção civil, Industrial, Industrial","Sim","25/02/2025"
"Gerência Regional / GO","861276/2007","Requerimento de Autorização de Pesquisa","Requerimento de Lavra","00.514.998/0001-42","BEMISA PARTICIPACOES S.A.","MINAÇU - GO","MINÉRIO DE COBALTO, MINÉRIO DE COBRE, MINÉRIO DE NÍQUEL","Industrial, Industrial, Industrial","Sim","28/07/2022"
"Gerência Regional / GO","861276/2007","Requerimento de Autorização de Pesquisa","Requerimento de Lavra","00.514.998/0001-42","BEMISA PARTICIPACOES S.A.","MINAÇU - GO","MINÉRIO DE COBALTO, MINÉRIO DE COBRE, MINÉRIO DE NÍQUEL","Industrial, Industrial, Industrial","Sim","04/08/2011"
"Gerência Regional / GO","861051/2006","Requerimento de Autorização de Pesquisa","Requerimento de Lavra","00.514.998/0001-42","BEMISA PARTICIPACOES S.A.","MINAÇU - GO","MINÉRIO DE COBALTO, MINÉRIO DE COBRE, MINÉRIO DE COBRE, MINÉRIO DE NÍQUEL","Artesanato  mineral, Industrial, Industrial, Industrial","Sim","21/01/2026"
"Gerência Regional / GO","861051/2006","Requerimento de Autorização de Pesquisa","Requerimento de Lavra","00.514.998/0001-42","BEMISA PARTICIPACOES S.A.","MINAÇU - GO","MINÉRIO DE COBALTO, MINÉRIO DE COBRE, MINÉRIO DE COBRE, MINÉRIO DE NÍQUEL","Artesanato  mineral, Industrial, Industrial, Industrial","Sim","28/07/2022"
"Gerência Regional / GO","861051/2006","Requerimento de Autorização de Pesquisa","Requerimento de Lavra","00.514.998/0001-42","BEMISA PARTICIPACOES S.A.","MINAÇU - GO","MINÉRIO DE COBALTO, MINÉRIO DE COBRE, MINÉRIO DE COBRE, MINÉRIO DE NÍQUEL","Artesanato  mineral, Industrial, Industrial, Industrial","Sim","21/12/2010"
"Gerência Regional / GO","861051/2006","Requerimento de Autorização de Pesquisa","Requerimento de Lavra","00.514.998/0001-42","BEMISA PARTICIPACOES S.A.","MINAÇU - GO","MINÉRIO DE COBALTO, MINÉRIO DE COBRE, MINÉRIO DE COBRE, MINÉRIO DE NÍQUEL","Artesanato  mineral, Industrial, Industrial, Industrial","Sim","28/04/2008"
"Gerência Regional / GO","860749/2021","Requerimento de Pesquisa - Leilão","Autorização de Pesquisa","00.514.998/0001-42","BEMISA PARTICIPACOES S.A.","AMARALINA - GO, MARA ROSA - GO","MINÉRIO DE OURO","Industrial","Sim","28/07/2022"
"Gerência Regional / GO","860246/2018","Requerimento de Autorização de Pesquisa","Autorização de Pesquisa","00.514.998/0001-42","BEMISA PARTICIPACOES S.A.","MINAÇU - GO","MINÉRIO DE NÍQUEL","Industrial","Sim","28/07/2022"
"Gerência Regional / GO","860245/2018","Requerimento de Autorização de Pesquisa","Autorização de Pesquisa","00.514.998/0001-42","BEMISA PARTICIPACOES S.A.","MINAÇU - GO","MINÉRIO DE NÍQUEL","Industrial","Sim","28/07/2022"
"Gerência Regional / GO","861147/2007","Requerimento de Autorização de Pesquisa","Concessão de Lavra","00.254.984/0001-37","ANTONIA DUTRA CORREA DE PAULA ME","SILVÂNIA - GO","AREIA","Construção civil","Sim","28/12/2007"
"Gerência Regional / GO","861147/2007","Requerimento de Autorização de Pesquisa","Concessão de Lavra","00.254.984/0001-37","ANTONIA DUTRA CORREA DE PAULA ME","SILVÂNIA - GO","AREIA","Construção civil","Sim","02/08/2013"
"Gerência Regional / GO","861911/1984","Requerimento de Autorização de Pesquisa","Autorização de Pesquisa","37.256.559/0001-97","BIOCAL MINERIOS LTDA","CACHOEIRA DOURADA - GO","ÁGUAS TERMAIS","Demais substâncias","Sim","14/11/1997"
"Gerência Regional / GO","861997/1984","Requerimento de Autorização de Pesquisa","Concessão de Lavra","04.665.430/0001-83","Baribras Mineração Ltda","MARA ROSA - GO","BARITA, MINÉRIO DE OURO, MINÉRIO DE PRATA","Demais substâncias, Industrial, Industrial","Sim","30/03/1992"
"Gerência Regional / GO","861997/1984","Requerimento de Autorização de Pesquisa","Concessão de Lavra","04.665.430/0001-83","Baribras Mineração Ltda","MARA ROSA - GO","BARITA, MINÉRIO DE OURO, MINÉRIO DE PRATA","Demais substâncias, Industrial, Industrial","Sim","08/08/2002"
"Gerência Regional / GO","860372/2012","Requerimento de Disponibilidade para lavra","Concessão de Lavra","06.730.693/0001-54","MINERACAO BELOCAL LTDA","PLANALTINA - GO","CALCÁRIO, DOLOMITO, DOLOMITO","Corretivo de solo, Industrial, Industrial","Sim","18/04/2013"
"Gerência Regional / GO","860372/2012","Requerimento de Disponibilidade para lavra","Concessão de Lavra","06.730.693/0001-54","MINERACAO BELOCAL LTDA","PLANALTINA - GO","CALCÁRIO, DOLOMITO, DOLOMITO","Corretivo de solo, Industrial, Industrial","Sim","25/05/2020"
"Gerência Regional / MG","830810/1987","Requerimento de Autorização de Pesquisa","Requerimento de Lavra","22.439.038/0001-06","PAULO MOISES DE SOUSA E CIA LTDA","CATALÃO - GO, COROMANDEL - MG","DIAMANTE INDUSTRIAL","Demais substâncias","Sim","20/01/1999"
"Gerência Regional / MG","830810/1987","Requerimento de Autorização de Pesquisa","Requerimento de Lavra","22.439.038/0001-06","PAULO MOISES DE SOUSA E CIA LTDA","CATALÃO - GO, COROMANDEL - MG","DIAMANTE INDUSTRIAL","Demais substâncias","Sim","11/08/1994"
"Gerência Regional / MG","830810/1987","Requerimento de Autorização de Pesquisa","Requerimento de Lavra","22.439.038/0001-06","PAULO MOISES DE SOUSA E CIA LTDA","CATALÃO - GO, COROMANDEL - MG","DIAMANTE INDUSTRIAL","Demais substâncias","Sim","23/12/2005"
"Gerência Regional / GO","860200/2017","Requerimento de Autorização de Pesquisa","Autorização de Pesquisa","***.806.891-**","FERNANDO PEREIRA FILHO","CACHOEIRA DE GOIÁS - GO, IVOLÂNDIA - GO, PARAÚNA - GO","AREIA, CASCALHO, DIAMANTE","Construção civil, Construção civil, Industrial","Sim","15/10/2020"
"Gerência Regional / GO","860962/2016","Requerimento de Autorização de Pesquisa","Autorização de Pesquisa","08.950.544/0001-26","EDIMINAS MINERACAO LTDA","MARA ROSA - GO, NOVA IGUAÇU DE GOIÁS - GO","MINÉRIO DE OURO","Industrial","Sim","20/08/2026"
"Gerência Regional / GO","860962/2016","Requerimento de Autorização de Pesquisa","Autorização de Pesquisa","08.950.544/0001-26","EDIMINAS MINERACAO LTDA","MARA ROSA - GO, NOVA IGUAÇU DE GOIÁS - GO","MINÉRIO DE OURO","Industrial","Sim","20/08/2026"
"Gerência Regional / GO","862647/1980","Requerimento de Autorização de Pesquisa","Concessão de Lavra","09.018.435/0001-38","POLITEC MINERACAO LTDA","CALDAS NOVAS - GO","ÁGUA MINERAL","Industrial","Sim","18/12/2006"
"Gerência Regional / GO","860452/2007","Requerimento de Autorização de Pesquisa","Requerimento de Lavra","11.877.184/0001-99","L.a. Mineradora Ltda","NOVA GLÓRIA - GO, SANTA ISABEL - GO","AREIA, MINÉRIO DE OURO","Construção civil, Industrial","Sim","19/09/2008"
"Gerência Regional / GO","860444/2010","Requerimento de Autorização de Pesquisa","Requerimento de Lavra","05.999.417/0001-23","Cooperbrita Desenvolvimento e Gestão Mineral Ltda Me","APARECIDA DE GOIÂNIA - GO, HIDROLÂNDIA - GO","AREIA, CASCALHO, MINÉRIO DE OURO, XISTO","Brita, Construção civil, Construção civil, Industrial","Sim","24/04/2017"
"Gerência Regional / GO","860173/2012","Requerimento de Cessão parcial","Requerimento de Lavra","03.304.384/0001-24","Gb Locadora e Equipamentos Construções Ltda","ARENÓPOLIS - GO, DIORAMA - GO, IPORÁ - GO","AREIA, CASCALHO","Industrial, Industrial","Sim","20/09/2018"
"Gerência Regional / GO","860893/2009","Requerimento de Autorização de Pesquisa","Requerimento de Lavra","18.720.871/0001-45","ACTO MNERADORA EIRELI","BURITI DE GOIÁS - GO, CÓRREGO DO OURO - GO, SANCLERLÂNDIA - GO","AREIA, CASCALHO, MINÉRIO DE OURO","Construção civil, Construção civil, Industrial","Sim","07/12/2009"
"Gerência Regional / GO","860165/2017","Requerimento de Autorização de Pesquisa","Concessão de Lavra","09.466.225/0001-02","CONSTRUREQUINTE MINERACAO LTDA","URUAÇU - GO","QUARTZO","Gema","Sim","05/10/2018"
"Gerência Regional / GO","861103/2022","Requerimento de Pesquisa - Leilão","Autorização de Pesquisa","***.578.501-**","SERGIO ANTONIO DE OLIVEIRA","SÃO MIGUEL DO PASSA QUATRO - GO, SILVÂNIA - GO, VIANÓPOLIS - GO","MINÉRIO DE OURO","Industrial","Sim","24/11/2023"
"Gerência Regional / GO","861305/2012","Requerimento de Disponibilidade para pesquisa","Concessão de Lavra","04.970.432/0001-86","RTC NEGOCIOS IMOBILIARIOS LTDA","MOIPORÁ - GO","AREIA","Construção civil","Sim","27/06/2013"
"Gerência Regional / GO","861305/2012","Requerimento de Disponibilidade para pesquisa","Concessão de Lavra","04.970.432/0001-86","RTC NEGOCIOS IMOBILIARIOS LTDA","MOIPORÁ - GO","AREIA","Construção civil","Sim","19/03/2018"
"Gerência Regional / GO","861305/2012","Requerimento de Disponibilidade para pesquisa","Concessão de Lavra","04.970.432/0001-86","RTC NEGOCIOS IMOBILIARIOS LTDA","MOIPORÁ - GO","AREIA","Construção civil","Sim","29/01/2014"
"Gerência Regional / GO","860015/2002","Requerimento de Autorização de Pesquisa","Concessão de Lavra","10.870.821/0001-32","PEDREIRA SANTA RITA LTDA","SILVÂNIA - GO","CALCÁRIO","Corretivo de solo","Sim","13/05/2019"
"Gerência Regional / GO","860015/2002","Requerimento de Autorização de Pesquisa","Concessão de Lavra","10.870.821/0001-32","PEDREIRA SANTA RITA LTDA","SILVÂNIA - GO","CALCÁRIO","Corretivo de solo","Sim","27/11/2013"
"Gerência Regional / GO","860900/2013","Requerimento de Cessão parcial","Concessão de Lavra","33.649.158/0001-46","CAMILLO E CABRAL MINERADORA LTDA","RIO VERDE - GO","AREIA","Construção civil","Sim","27/10/2021"
"Gerência Regional / GO","860006/2013","Requerimento de Autorização de Pesquisa","Requerimento de Lavra","29.188.534/0001-75","ADR MATERIAIS PARA CONSTRUCAO EIRELI","PIRACANJUBA - GO, PROFESSOR JAMIL - GO","AREIA","Construção civil","Sim","23/01/2017"
"Gerência Regional / GO","860194/2010","Requerimento de Autorização de Pesquisa","Concessão de Lavra","37.704.398/0001-57","MOTA MINERACAO E EXTRACAO LTDA","ISRAELÂNDIA - GO","AREIA","Construção civil","Sim","27/01/2015"
"Gerência Regional / GO","861042/2017","Requerimento de Mudança de Regime para PLG","Lavra Garimpeira","42.876.133/0001-76","COOPERATIVA NACIONAL DOS MINERARIOS DO BRASIL","ARENÓPOLIS - GO, DIORAMA - GO","DIAMANTE","Industrial","Sim","16/09/2021"
"Gerência Regional / TO","864231/2017","Requerimento de Disponibilidade para pesquisa","Autorização de Pesquisa","21.515.445/0001-84","M P LANCA MINERADORA","JAÚ DO TOCANTINS - TO, MONTIVIDIU DO NORTE - GO","MINÉRIO DE OURO","Industrial","Sim","14/11/2018"
"Gerência Regional / GO","861932/2011","Requerimento de Autorização de Pesquisa","Concessão de Lavra","42.287.841/0001-71","DU VALLE EXTRACAO E COMERCIO DE AREIAS LTDA","ITAPURANGA - GO","AREIA, MINÉRIO DE OURO","Construção civil, Industrial","Sim","14/02/2014"
"Gerência Regional / GO","861932/2011","Requerimento de Autorização de Pesquisa","Concessão de Lavra","42.287.841/0001-71","DU VALLE EXTRACAO E COMERCIO DE AREIAS LTDA","ITAPURANGA - GO","AREIA, MINÉRIO DE OURO","Construção civil, Industrial","Sim","13/08/2019"
"Gerência Regional / GO","861932/2011","Requerimento de Autorização de Pesquisa","Concessão de Lavra","42.287.841/0001-71","DU VALLE EXTRACAO E COMERCIO DE AREIAS LTDA","ITAPURANGA - GO","AREIA, MINÉRIO DE OURO","Construção civil, Industrial","Sim","18/03/2026"
"Gerência Regional / GO","861932/2011","Requerimento de Autorização de Pesquisa","Concessão de Lavra","42.287.841/0001-71","DU VALLE EXTRACAO E COMERCIO DE AREIAS LTDA","ITAPURANGA - GO","AREIA, MINÉRIO DE OURO","Construção civil, Industrial","Sim","05/12/2025"
"Gerência Regional / GO","860181/2024","Requerimento de Autorização de Pesquisa","Autorização de Pesquisa","48.978.115/0001-81","LUMAC AREIA E CASCALHO LTDA","CRISTALINA - GO","AREIA, AREIA, ARGILA","Construção civil, Industrial, Industrial","Sim","09/06/2026"
"Gerência Regional / GO","861001/2023","Requerimento de Autorização de Pesquisa","Autorização de Pesquisa","48.978.115/0001-81","LUMAC AREIA E CASCALHO LTDA","CRISTALINA - GO","AREIA, MINÉRIO DE MANGANÊS, QUARTZO","Construção civil, Industrial, Industrial","Sim","04/08/2025"
"Gerência Regional / GO","861276/2007","Requerimento de Autorização de Pesquisa","Requerimento de Lavra","00.514.998/0001-42","BEMISA PARTICIPACOES S.A.","MINAÇU - GO","MINÉRIO DE COBALTO, MINÉRIO DE COBRE, MINÉRIO DE NÍQUEL","Industrial, Industrial, Industrial","Sim","21/01/2026"
"Gerência Regional / GO","861051/2006","Requerimento de Autorização de Pesquisa","Requerimento de Lavra","00.514.998/0001-42","BEMISA PARTICIPACOES S.A.","MINAÇU - GO","MINÉRIO DE COBALTO, MINÉRIO DE COBRE, MINÉRIO DE COBRE, MINÉRIO DE NÍQUEL","Artesanato  mineral, Industrial, Industrial, Industrial","Sim","26/10/2007"
"Gerência Regional / GO","860749/2021","Requerimento de Pesquisa - Leilão","Autorização de Pesquisa","00.514.998/0001-42","BEMISA PARTICIPACOES S.A.","AMARALINA - GO, MARA ROSA - GO","MINÉRIO DE OURO","Industrial","Sim","21/01/2026"
"Gerência Regional / GO","860246/2018","Requerimento de Autorização de Pesquisa","Autorização de Pesquisa","00.514.998/0001-42","BEMISA PARTICIPACOES S.A.","MINAÇU - GO","MINÉRIO DE NÍQUEL","Industrial","Sim","21/01/2026"
"Gerência Regional / GO","860245/2018","Requerimento de Autorização de Pesquisa","Autorização de Pesquisa","00.514.998/0001-42","BEMISA PARTICIPACOES S.A.","MINAÇU - GO","MINÉRIO DE NÍQUEL","Industrial","Sim","21/01/2026"
"Gerência Regional / GO","861147/2007","Requerimento de Autorização de Pesquisa","Concessão de Lavra","00.254.984/0001-37","ANTONIA DUTRA CORREA DE PAULA ME","SILVÂNIA - GO","AREIA","Construção civil","Sim","23/04/2025"
"Gerência Regional / GO","806590/1973","Requerimento de Autorização de Pesquisa","Concessão de Lavra","00.751.537/0001-93","MINERAÇÃO INGAZEIRA LTDA","MINAÇU - GO","CASSITERITA","Demais substâncias","Sim","06/08/1992"
"Gerência Regional / GO","861589/2007","Requerimento de Autorização de Pesquisa","Concessão de Lavra","01.761.779/0001-20","BRUTUS MINERACAO LTDA","SILVÂNIA - GO, VIANÓPOLIS - GO","AREIA, MINÉRIO DE OURO","Construção civil, Industrial","Sim","09/06/2026"
"Gerência Regional / GO","860782/2002","Requerimento de Autorização de Pesquisa","Concessão de Lavra","02.787.125/0001-39","PIRECAL PIRENOPOLIS CALCARIO LTDA","GUARANI DE GOIÁS - GO","CALCÁRIO DOLOMÍTICO, DOLOMITO, DOLOMITO","Corretivo de solo, Corretivo de solo, Industrial","Sim","01/04/2005"
"Gerência Regional / GO","860183/1986","Requerimento de Autorização de Pesquisa","Concessão de Lavra","02.797.371/0001-71","MINERADORA MARA LTDA","CALDAS NOVAS - GO","ÁGUA MINERAL","Demais substâncias","Sim","06/06/1989"
"Gerência Regional / GO","861943/1995","Requerimento de Autorização de Pesquisa","Concessão de Lavra","02.840.072/0001-72","MIBASA MINERADORA BARRO ALTO LTDA","VILA PROPÍCIO - GO","DOLOMITO","Demais substâncias","Sim","02/10/2002"
"Gerência Regional / GO","808219/1975","Requerimento de Autorização de Pesquisa","Concessão de Lavra","03.764.875/0001-58","AURIFERA NOVA ROMA LTDA","NOVA ROMA - GO","OURO","Demais substâncias","Sim","22/10/1996"
"Gerência Regional / GO","860256/2018","Requerimento de Autorização de Pesquisa","Autorização de Pesquisa","32.474.215/0001-30","Granitos Retiro Ltda.","MINAÇU - GO, TROMBAS - GO","MINÉRIO DE OURO","Industrial","Sim","17/02/2020"
"Gerência Regional / GO","861344/1992","Requerimento de Autorização de Pesquisa","Concessão de Lavra","36.368.918/0001-35","IMEX BRASIL COMÉRCIO EXTERIOR LTDA","PIRANHAS - GO","GRANITO","Demais substâncias","Sim","19/02/2004"
"Gerência Regional / GO","861911/1984","Requerimento de Autorização de Pesquisa","Autorização de Pesquisa","37.256.559/0001-97","BIOCAL MINERIOS LTDA","CACHOEIRA DOURADA - GO","ÁGUAS TERMAIS","Demais substâncias","Sim","13/11/2000"
"Gerência Regional / GO","860485/2016","Requerimento de Disponibilidade para pesquisa","Autorização de Pesquisa","86.902.053/0001-13","MINERACAO MARACA INDUSTRIA E COMERCIO S/A","SANTA TEREZINHA DE GOIÁS - GO","MINÉRIO DE OURO","Industrial","Sim","23/01/2017"
"Gerência Regional / GO","860362/2015","Requerimento de Autorização de Pesquisa","Direito de Requerer a Lavra","***.163.301-**","OSVALDO MOREIRA DE LIMA","DIVINÓPOLIS DE GOIÁS - GO","CALCÁRIO, FOSFATO","Fabricação de cimento, Fertilizantes","Sim","14/11/2024"
"Gerência Regional / GO","860750/1998","Requerimento de Autorização de Pesquisa","Concessão de Lavra","03.431.203/0001-20","Indústria de Água Mineral Cristal Azul Ltda.","MINAÇU - GO","ÁGUA MINERAL","Demais substâncias","Sim","02/02/2000"
"Gerência Regional / GO","861997/1984","Requerimento de Autorização de Pesquisa","Concessão de Lavra","04.665.430/0001-83","Baribras Mineração Ltda","MARA ROSA - GO","BARITA, MINÉRIO DE OURO, MINÉRIO DE PRATA","Demais substâncias, Industrial, Industrial","Sim","19/07/1996"
"Gerência Regional / GO","861112/2001","Requerimento de Autorização de Pesquisa","Concessão de Lavra","33.264.359/0001-25","Rei das Pedras","PIRENÓPOLIS - GO","QUARTZITO","Industrial","Sim","11/03/2002"
"Gerência Regional / GO","861044/1997","Requerimento de Autorização de Pesquisa","Concessão de Lavra","04.740.374/0001-02","Mateiro Industria e Comercio de Agua Mineral Ltda","JATAÍ - GO","ÁGUA MINERAL","Demais substâncias","Sim","17/07/2002"
"Gerência Regional / GO","860495/2017","Requerimento de Autorização de Pesquisa","Autorização de Pesquisa","***.659.281-**","Lázara Maria das Graças Calixto da Silva","GOIANÉSIA - GO","GRANITO","Revestimento","Sim","28/04/2023"
"Gerência Regional / GO","860850/2006","Requerimento de Autorização de Pesquisa","Concessão de Lavra","05.620.834/0001-13","MINERACAO PLANALTO LTDA","SÃO LUIZ DO NORTE - GO","AREIA","Construção civil","Sim","18/12/2006"
"Gerência Regional / GO","860372/2012","Requerimento de Disponibilidade para lavra","Concessão de Lavra","06.730.693/0001-54","MINERACAO BELOCAL LTDA","PLANALTINA - GO","CALCÁRIO, DOLOMITO, DOLOMITO","Corretivo de solo, Industrial, Industrial","Sim","10/04/2014"
"Gerência Regional / GO","860355/2018","Requerimento de Autorização de Pesquisa","Autorização de Pesquisa","04.745.073/0001-63","Calbrax Mineração Ltda","IACIARA - GO","CALCÁRIO CALCÍTICO, CALCÁRIO DOLOMÍTICO, CALCÁRIO DOLOMÍTICO","Brita, Corretivo de solo, Fabricação de cimento","Sim","22/10/2020"
"Gerência Regional / GO","860318/2019","Requerimento de Autorização de Pesquisa","Autorização de Pesquisa","***.506.161-**","Osmar Rodovalho","ABADIA DOS DOURADOS - MG, TRÊS RANCHOS - GO","DIAMANTE, MINÉRIO DE OURO","Industrial, Industrial","Sim","16/06/2021"
"Gerência Regional / GO","860702/1990","Requerimento de Autorização de Pesquisa","Concessão de Lavra","06.234.638/0001-73","MINERADORA PROMISSAO LTDA.","CALDAS NOVAS - GO","ÁGUA MINERAL","Demais substâncias","Sim","27/05/2005"
"Gerência Regional / GO","860649/1998","Requerimento de Autorização de Pesquisa","Concessão de Lavra","08.255.585/0001-00","WAKA MIZU ENGARRAFADORA DE AGUA MINERAL LTDA","ITUMBIARA - GO","ÁGUA MINERAL","Demais substâncias","Sim","11/12/2006"
"Gerência Regional / GO","861898/2013","Requerimento de Autorização de Pesquisa","Requerimento de Lavra","08.543.443/0001-30","EXTRAÇÃO GOIANA DE AREIA OURO BRANCO LTDA.","ÁGUAS LINDAS DE GOIÁS - GO, COCALZINHO DE GOIÁS - GO","AREIA, ARGILA, CASCALHO","Construção civil, Construção civil, Industrial","Sim","11/06/2019"
"Gerência Regional / GO","860260/1999","Requerimento de Autorização de Pesquisa","Concessão de Lavra","07.245.544/0001-62","Mineração Bom Jesus Ltda","LUZIÂNIA - GO","ÁGUA MINERAL","Demais substâncias","Sim","10/06/2005"
"Gerência Regional / MG","830810/1987","Requerimento de Autorização de Pesquisa","Requerimento de Lavra","22.439.038/0001-06","PAULO MOISES DE SOUSA E CIA LTDA","CATALÃO - GO, COROMANDEL - MG","DIAMANTE INDUSTRIAL","Demais substâncias","Sim","07/06/2001"
"Gerência Regional / GO","861843/2008","Requerimento de Autorização de Pesquisa","Requerimento de Lavra","07.866.770/0001-60","Antônio Divino Rodrigues de Carvalho Me","CRISTALINA - GO, IPAMERI - GO","QUARTZO","Industrial","Sim","20/03/2020"
"Gerência Regional / GO","861301/2022","Requerimento de Autorização de Pesquisa","Autorização de Pesquisa","***.662.991-**","luciano feres jacob","PARANAIGUARA - GO, SÃO SIMÃO - GO","AREIA, CASCALHO, DIAMANTE, DIAMANTE","Construção civil, Construção civil, Gema, Industrial","Sim","27/03/2025"
"Gerência Regional / GO","860200/2017","Requerimento de Autorização de Pesquisa","Autorização de Pesquisa","***.806.891-**","FERNANDO PEREIRA FILHO","CACHOEIRA DE GOIÁS - GO, IVOLÂNDIA - GO, PARAÚNA - GO","AREIA, CASCALHO, DIAMANTE","Construção civil, Construção civil, Industrial","Sim","15/10/2020"
"Gerência Regional / GO","860302/2016","Requerimento de Autorização de Pesquisa","Autorização de Pesquisa","***.986.901-**","Fernando Rodrigues Mendes","FORMOSA - GO","AREIA, MINÉRIO DE MANGANÊS","Construção civil, Industrial","Sim","10/12/2020"
"Gerência Regional / GO","860290/2016","Requerimento de Autorização de Pesquisa","Direito de Requerer a Lavra","***.720.977-**","FLAVIO MEDEIROS BONADIMAN","MONTIVIDIU DO NORTE - GO","GRANITO","Revestimento","Sim","08/03/2017"
"Gerência Regional / GO","860962/2016","Requerimento de Autorização de Pesquisa","Autorização de Pesquisa","08.950.544/0001-26","EDIMINAS MINERACAO LTDA","MARA ROSA - GO, NOVA IGUAÇU DE GOIÁS - GO","MINÉRIO DE OURO","Industrial","Sim","20/08/2026"
"Gerência Regional / GO","862647/1980","Requerimento de Autorização de Pesquisa","Concessão de Lavra","09.018.435/0001-38","POLITEC MINERACAO LTDA","CALDAS NOVAS - GO","ÁGUA MINERAL","Industrial","Sim","05/03/2012"
"Gerência Regional / GO","860846/2016","Requerimento de Autorização de Pesquisa","Requerimento de Lavra","07.526.451/0001-06","FOKUS QUIMICA INDUSTRIA E COMERCIO LTDA","CAVALCANTE - GO","CALCÁRIO","Fabricação de cimento","Sim","23/10/2024"
"Gerência Regional / GO","860924/2024","Requerimento de Autorização de Pesquisa","Autorização de Pesquisa","***.867.561-**","LAURIVALDO DIAS","CAMPINAÇU - GO, CAMPINORTE - GO","MINÉRIO DE NIÓBIO","Industrial","Sim","17/03/2026"
"Gerência Regional / GO","860644/2007","Requerimento de Autorização de Pesquisa","Concessão de Lavra","10.666.230/0001-48","WM MINERACAO LTDA","GOIANIRA - GO, TRINDADE - GO","CALCÁRIO, CALCÁRIO, MÁRMORE, PIROXENITO","Brita, Brita, Corretivo de solo, Revestimento","Sim","07/06/2011"
"Gerência Regional / GO","860452/2007","Requerimento de Autorização de Pesquisa","Requerimento de Lavra","11.877.184/0001-99","L.a. Mineradora Ltda","NOVA GLÓRIA - GO, SANTA ISABEL - GO","AREIA, MINÉRIO DE OURO","Construção civil, Industrial","Sim","22/12/2011"
"Gerência Regional / GO","860767/2010","Requerimento de Autorização de Pesquisa","Autorização de Pesquisa","***.383.611-**","Jaime de Melo Reis","FORMOSA - GO","CALCÁRIO","Fabricação de cimento","Sim","16/11/2012"
"Gerência Regional / TO","864251/2017","Requerimento de Autorização de Pesquisa","Autorização de Pesquisa","05.151.536/0001-21","MINERACAO IRMAOS MIRANDA LTDA","JAÚ DO TOCANTINS - TO, MONTIVIDIU DO NORTE - GO, PORANGATU - GO, TALISMÃ - TO","MINÉRIO DE OURO","Industrial","Sim","29/06/2020"
"Gerência Regional / TO","864128/2024","Requerimento de Autorização de Pesquisa","Autorização de Pesquisa","10.637.095/0001-02","FAZENDAO INDUSTRIA DA MINERACAO LTDA","CAMPOS BELOS - GO, LAVANDEIRA - TO","CALCÁRIO, CALCÁRIO CALCÍTICO, CALCÁRIO DOLOMÍTICO, FOSFATO","Corretivo de solo, Fabricação de cal, Fabricação de cimento, Fertilizantes","Sim","31/12/2024"
"Gerência Regional / GO","862178/2005","Requerimento de Autorização de Pesquisa","Concessão de Lavra","12.676.991/0001-06","OLAF WINKING","CRISTALINA - GO","AREIA, QUARTZO","Construção civil, Industrial","Sim","22/09/2011"
"Gerência Regional / GO","860690/2018","Requerimento de Autorização de Pesquisa","Autorização de Pesquisa","***.307.101-**","PATRICIA LINHARES MENDES","ITABERAÍ - GO","MINÉRIO DE OURO","Industrial","Sim","11/06/2019"
"Gerência Regional / GO","862261/2011","Requerimento de Autorização de Pesquisa","Autorização de Pesquisa","***.397.641-**","Jose Rosa do Nascimento ","CAVALCANTE - GO, COLINAS DO SUL - GO","AREIA, MINÉRIO DE OURO","Construção civil, Industrial","Sim","08/09/2016"
"Gerência Regional / GO","860463/2008","Requerimento de Autorização de Pesquisa","Direito de Requerer a Lavra","13.927.963/0001-87","Alto Collina Mineradora Ltda.","CAVALCANTE - GO, COLINAS DO SUL - GO","AREIA, CASCALHO","Construção civil, Construção civil","Sim","28/11/2011"
"Gerência Regional / GO","862771/2011","Requerimento de Autorização de Pesquisa","Requerimento de Lavra","15.174.400/0001-90","Pedreira Britaminas Fortaleza Ltda","MINEIROS - GO","BASALTO, ILMENITA","Brita, Industrial","Sim","19/02/2018"
"Gerência Regional / GO","861260/2012","Requerimento de Disponibilidade para lavra","Requerimento de Lavra","15.339.670/0001-04","Hs Empreendimentos e Participações Ltda","PADRE BERNARDO - GO, PLANALTINA - GO","ARGILA, CALCÁRIO","Demais substâncias, Industrial","Sim","07/12/2012"
"Gerência Regional / GO","860444/2010","Requerimento de Autorização de Pesquisa","Requerimento de Lavra","05.999.417/0001-23","Cooperbrita Desenvolvimento e Gestão Mineral Ltda Me","APARECIDA DE GOIÂNIA - GO, HIDROLÂNDIA - GO","AREIA, CASCALHO, MINÉRIO DE OURO, XISTO","Brita, Construção civil, Construção civil, Industrial","Sim","27/06/2011"
"Gerência Regional / GO","860092/2008","Requerimento de Autorização de Pesquisa","Concessão de Lavra","15.456.201/0001-75","I.M. NEVES - DRAGA BEM-TI-VI","GOIANÉSIA - GO, JARAGUÁ - GO","AREIA, CASCALHO, MINÉRIO DE OURO","Construção civil, Construção civil, Industrial","Sim","15/12/2015"
"Gerência Regional / GO","860274/2010","Requerimento de Autorização de Pesquisa","Autorização de Pesquisa","16.542.856/0001-29","Pires Participações e Serviços Ltda","IPAMERI - GO","MINÉRIO DE OURO","Industrial","Sim","23/11/2012"
"Gerência Regional / GO","860173/2012","Requerimento de Cessão parcial","Requerimento de Lavra","03.304.384/0001-24","Gb Locadora e Equipamentos Construções Ltda","ARENÓPOLIS - GO, DIORAMA - GO, IPORÁ - GO","AREIA, CASCALHO","Industrial, Industrial","Sim","16/11/2018"
"Gerência Regional / GO","860530/2021","Requerimento de Pesquisa - Leilão","Autorização de Pesquisa","***.992.971-**","JOAO SEBASTIAO NETO","CAMPESTRE DE GOIÁS - GO, SANTA BÁRBARA DE GOIÁS - GO, TRINDADE - GO","AREIA, ARGILA","Construção civil, Industrial","Sim","28/04/2023"
"Gerência Regional / GO","860893/2009","Requerimento de Autorização de Pesquisa","Requerimento de Lavra","18.720.871/0001-45","ACTO MNERADORA EIRELI","BURITI DE GOIÁS - GO, CÓRREGO DO OURO - GO, SANCLERLÂNDIA - GO","AREIA, CASCALHO, MINÉRIO DE OURO","Construção civil, Construção civil, Industrial","Sim","06/10/2016"
"Gerência Regional / GO","861167/2021","Requerimento de Pesquisa - Leilão","Autorização de Pesquisa","***.850.021-**","Jeandro Borges de Araújo","CRIXÁS - GO, GUARINOS - GO","AREIA","Construção civil","Sim","07/10/2021"
"Gerência Regional / GO","860190/2021","Requerimento de Mudança de Regime para Aut. de Pesquisa","Concessão de Lavra","12.740.314/0001-00","MINERACAO TRANSPORTE E COMERCIO CANAA LTDA","CORUMBAÍBA - GO, CUMARI - GO","AREIA","Construção civil","Sim","24/05/2021"
"Gerência Regional / GO","860911/2009","Requerimento de Autorização de Pesquisa","Concessão de Lavra","09.431.553/0001-73","Distribuidora de Areia Rio Piloes Ltda Me","FAZENDA NOVA - GO, ISRAELÂNDIA - GO","AREIA, MINÉRIO DE OURO","Construção civil, Industrial","Sim","23/01/2015"
"Gerência Regional / GO","860831/2015","Requerimento de Mudança de Regime para Aut. de Pesquisa","Concessão de Lavra","15.577.033/0001-76","Deposito de Areia Rio Santana e Transporte Ltda Me ","ITAPURANGA - GO","AREIA","Construção civil","Sim","28/08/2019"
"Gerência Regional / GO","861272/2011","Requerimento de Autorização de Pesquisa","Concessão de Lavra","21.256.494/0001-40","ARCAL MINERADORA LTDA","ABADIÂNIA - GO","AREIA, MINÉRIO DE OURO","Construção civil, Industrial","Sim","17/11/2015"
"Gerência Regional / GO","860209/2015","Requerimento de Disponibilidade para pesquisa","Autorização de Pesquisa","21.823.063/0001-18","PILAR DE GOIAS DESENVOLVIMENTO MINERAL LTDA","PILAR DE GOIÁS - GO","MINÉRIO DE OURO","Industrial","Sim","24/06/2016"
"Gerência Regional / GO","860165/2017","Requerimento de Autorização de Pesquisa","Concessão de Lavra","09.466.225/0001-02","CONSTRUREQUINTE MINERACAO LTDA","URUAÇU - GO","QUARTZO","Gema","Sim","05/08/2022"
"Gerência Regional / GO","860062/2010","Requerimento de Autorização de Pesquisa","Requerimento de Lavra","18.501.803/0001-95","CALCARIO MARA ROSA LTDA","CAMPINAÇU - GO","CALCÁRIO, CALCÁRIO DOLOMÍTICO","Corretivo de solo, Fabricação de cimento","Sim","20/08/2018"
"Gerência Regional / GO","861276/2013","Requerimento de Autorização de Pesquisa","Requerimento de Lavra","23.876.315/0001-00","PONTE NOVA MINERADORA LTDA","PALMEIRAS DE GOIÁS - GO","GNAISSE, GRANITO, GRANITO","Brita, Brita, Revestimento","Sim","15/03/2016"
"Gerência Regional / GO","860781/2013","Requerimento de Disponibilidade para pesquisa","Requerimento de Lavra","04.071.218/0001-98","INSTITUTO GEMOLOGICO DO BRASIL LTDA","COCALZINHO DE GOIÁS - GO","CALCÁRIO","Fabricação de cimento","Sim","28/08/2018"
"Gerência Regional / GO","860854/2016","Requerimento de Autorização de Pesquisa","Autorização de Pesquisa","***.449.184-**","Paulo Henrique Oliveira de Araújo","CRISTALINA - GO","AREIA, MINÉRIO DE OURO","Industrial, Industrial","Sim","16/10/2017"
"Gerência Regional / GO","861103/2022","Requerimento de Pesquisa - Leilão","Autorização de Pesquisa","***.578.501-**","SERGIO ANTONIO DE OLIVEIRA","SÃO MIGUEL DO PASSA QUATRO - GO, SILVÂNIA - GO, VIANÓPOLIS - GO","MINÉRIO DE OURO","Industrial","Sim","24/11/2023"
"Gerência Regional / GO","861305/2012","Requerimento de Disponibilidade para pesquisa","Concessão de Lavra","04.970.432/0001-86","RTC NEGOCIOS IMOBILIARIOS LTDA","MOIPORÁ - GO","AREIA","Construção civil","Sim","11/12/2013"
"Gerência Regional / GO","860946/2016","Requerimento de Autorização de Pesquisa","Direito de Requerer a Lavra","28.310.396/0001-92","MINERADORA PVS EIRELI ME","MINAÇU - GO","AREIA, MINÉRIO DE OURO","Construção civil, Industrial","Sim","19/03/2018"
"Gerência Regional / GO","860895/2019","Requerimento de Autorização de Pesquisa","Autorização de Pesquisa","30.933.920/0001-23","AMA GOLD LTDA","ISRAELÂNDIA - GO","MINÉRIO DE OURO","Industrial","Sim","23/04/2021"
"Gerência Regional / GO","860015/2002","Requerimento de Autorização de Pesquisa","Concessão de Lavra","10.870.821/0001-32","PEDREIRA SANTA RITA LTDA","SILVÂNIA - GO","CALCÁRIO","Corretivo de solo","Sim","12/04/2005"
"Gerência Regional / GO","860033/2019","Requerimento de Autorização de Pesquisa","Autorização de Pesquisa","***.507.321-**","ERNANDES CANDIDO OLIVEIRA","CROMÍNIA - GO, PROFESSOR JAMIL - GO","AREIA, MINÉRIO DE OURO","Construção civil, Industrial","Sim","13/08/2019"
"Gerência Regional / GO","860900/2013","Requerimento de Cessão parcial","Concessão de Lavra","33.649.158/0001-46","CAMILLO E CABRAL MINERADORA LTDA","RIO VERDE - GO","AREIA","Construção civil","Sim","12/01/2018"
"Gerência Regional / GO","860006/2013","Requerimento de Autorização de Pesquisa","Requerimento de Lavra","29.188.534/0001-75","ADR MATERIAIS PARA CONSTRUCAO EIRELI","PIRACANJUBA - GO, PROFESSOR JAMIL - GO","AREIA","Construção civil","Sim","21/11/2019"
"Gerência Regional / GO","860542/2016","Requerimento de Autorização de Pesquisa","Concessão de Lavra","36.547.112/0001-04","AGROCAL MINERACAO LTDA","ÁGUA FRIA DE GOIÁS - GO","CALCÁRIO, CALCÁRIO CALCÍTICO, CALCÁRIO CALCÍTICO, CALCÁRIO DOLOMÍTICO, CALCÁRIO DOLOMÍTICO","Corretivo de solo, Corretivo de solo, Fabricação de cal, Fabricação de cal, Fabricação de cimento","Sim","17/11/2023"
"Gerência Regional / GO","860194/2010","Requerimento de Autorização de Pesquisa","Concessão de Lavra","37.704.398/0001-57","MOTA MINERACAO E EXTRACAO LTDA","ISRAELÂNDIA - GO","AREIA","Construção civil","Sim","24/05/2021"
"Gerência Regional / GO","861110/2021","Requerimento de Pesquisa - Oferta Pública ","Autorização de Pesquisa","36.728.841/0001-67","WOLNEY LUIZ DE MOURA 85209023168","NOVA IGUAÇU DE GOIÁS - GO","AREIA, CASCALHO","Construção civil, Construção civil","Sim","22/11/2022"
"Gerência Regional / GO","861708/2021","Requerimento de Autorização de Pesquisa","Autorização de Pesquisa","39.406.659/0001-88","GROUP OF THE LORD MINERIOS EIRELI","ITAPURANGA - GO","MINÉRIO DE OURO","Industrial","Sim","26/12/2022"
"Gerência Regional / GO","861042/2017","Requerimento de Mudança de Regime para PLG","Lavra Garimpeira","42.876.133/0001-76","COOPERATIVA NACIONAL DOS MINERARIOS DO BRASIL","ARENÓPOLIS - GO, DIORAMA - GO","DIAMANTE","Industrial","Sim","14/09/2021"
"Gerência Regional / TO","864231/2017","Requerimento de Disponibilidade para pesquisa","Autorização de Pesquisa","21.515.445/0001-84","M P LANCA MINERADORA","JAÚ DO TOCANTINS - TO, MONTIVIDIU DO NORTE - GO","MINÉRIO DE OURO","Industrial","Sim","24/03/2022"
"Gerência Regional / GO","861932/2011","Requerimento de Autorização de Pesquisa","Concessão de Lavra","42.287.841/0001-71","DU VALLE EXTRACAO E COMERCIO DE AREIAS LTDA","ITAPURANGA - GO","AREIA, MINÉRIO DE OURO","Construção civil, Industrial","Sim","08/09/2016"
"Gerência Regional / GO","862223/1984","Requerimento de Autorização de Pesquisa","Concessão de Lavra","37.847.845/0001-27","TAIYO THERMAS HOTEL LTDA","CALDAS NOVAS - GO","ÁGUA MINERAL","Balneoterapia","Sim","30/04/1993"
"Gerência Regional / GO","862223/1984","Requerimento de Autorização de Pesquisa","Concessão de Lavra","37.847.845/0001-27","TAIYO THERMAS HOTEL LTDA","CALDAS NOVAS - GO","ÁGUA MINERAL","Balneoterapia","Sim","05/02/2025"
"Gerência Regional / GO","861217/1996","Requerimento de Autorização de Pesquisa","Concessão de Lavra","01.133.479/0001-05","COMGEO MINERACAO EMPREENDIMENTOS E PARTICIPACAO LTDA","FAINA - GO","DOLOMITO","Demais substâncias","Sim","23/04/2002"
"Gerência Regional / GO","860260/2004","Requerimento de Autorização de Pesquisa","Concessão de Lavra","01.133.510/0001-08","MINERADORA SANTO EXPEDITO LTDA","BARRO ALTO - GO","MINÉRIO DE ALUMÍNIO","Demais substâncias","Sim","01/06/2004"
"Gerência Regional / GO","860260/2004","Requerimento de Autorização de Pesquisa","Concessão de Lavra","01.133.510/0001-08","MINERADORA SANTO EXPEDITO LTDA","BARRO ALTO - GO","MINÉRIO DE ALUMÍNIO","Demais substâncias","Sim","26/01/2016"
"Gerência Regional / GO","860260/2004","Requerimento de Autorização de Pesquisa","Concessão de Lavra","01.133.510/0001-08","MINERADORA SANTO EXPEDITO LTDA","BARRO ALTO - GO","MINÉRIO DE ALUMÍNIO","Demais substâncias","Sim","06/09/2005"
"Gerência Regional / GO","860260/2004","Requerimento de Autorização de Pesquisa","Concessão de Lavra","01.133.510/0001-08","MINERADORA SANTO EXPEDITO LTDA","BARRO ALTO - GO","MINÉRIO DE ALUMÍNIO","Demais substâncias","Sim","28/11/2005"
"Gerência Regional / GO","861283/2003","Requerimento de Autorização de Pesquisa","Concessão de Lavra","01.445.576/0001-25","TERRA GOYANA MINERADORA LTDA","BARRO ALTO - GO, SANTA RITA DO NOVO DESTINO - GO","MINÉRIO DE ALUMÍNIO","Demais substâncias","Sim","04/11/2005"
"Gerência Regional / GO","860905/1999","Requerimento de Autorização de Pesquisa","Concessão de Lavra","03.417.227/0001-25","TARCAL TRANSPORTES E MATERIAL DE CONSTRUCAO LTDA","JARAGUÁ - GO","AREIA, CASCALHO","Demais substâncias, Demais substâncias","Sim","31/10/2001"
"Gerência Regional / GO","860905/1999","Requerimento de Autorização de Pesquisa","Concessão de Lavra","03.417.227/0001-25","TARCAL TRANSPORTES E MATERIAL DE CONSTRUCAO LTDA","JARAGUÁ - GO","AREIA, CASCALHO","Demais substâncias, Demais substâncias","Sim","13/10/2005"
"Gerência Regional / GO","861748/1994","Requerimento de Autorização de Pesquisa","Requerimento de Lavra","24.793.929/0001-83","Jalina Thermas Mineração Ltda","CALDAS NOVAS - GO","ÁGUA MINERAL","Demais substâncias","Sim","14/09/2007"
"Gerência Regional / GO","861302/2003","Requerimento de Autorização de Pesquisa","Requerimento de Lavra","33.554.452/0001-74","Titanio Goiás Mineração Ind. e Com. Ltda","ANICUNS - GO","AREIA","Ourivesaria","Sim","08/03/2017"
"Gerência Regional / GO","861224/2008","Requerimento de Autorização de Pesquisa","Requerimento de Lavra","33.554.452/0001-74","Titanio Goiás Mineração Ind. e Com. Ltda","ANICUNS - GO","AREIA","Construção civil","Sim","27/06/2013"
"Gerência Regional / GO","860765/2009","Requerimento de Autorização de Pesquisa","Autorização de Pesquisa","33.554.452/0001-74","Titanio Goiás Mineração Ind. e Com. Ltda","ARAGOIÂNIA - GO","MINÉRIO DE OURO","Industrial","Sim","28/11/2011"
"Gerência Regional / GO","860765/2009","Requerimento de Autorização de Pesquisa","Autorização de Pesquisa","33.554.452/0001-74","Titanio Goiás Mineração Ind. e Com. Ltda","ARAGOIÂNIA - GO","MINÉRIO DE OURO","Industrial","Sim","16/03/2012"
"Gerência Regional / GO","860764/2009","Requerimento de Autorização de Pesquisa","Autorização de Pesquisa","33.554.452/0001-74","Titanio Goiás Mineração Ind. e Com. Ltda","ARAGOIÂNIA - GO, HIDROLÂNDIA - GO, VARJÃO - GO","MINÉRIO DE OURO","Industrial","Sim","28/11/2011"
"Gerência Regional / GO","860367/2009","Requerimento de Autorização de Pesquisa","Requerimento de Lavra","33.554.452/0001-74","Titanio Goiás Mineração Ind. e Com. Ltda","ANICUNS - GO","AREIA, MINÉRIO DE OURO","Construção civil, Industrial","Sim","26/07/2013"
"Gerência Regional / GO","860367/2009","Requerimento de Autorização de Pesquisa","Requerimento de Lavra","33.554.452/0001-74","Titanio Goiás Mineração Ind. e Com. Ltda","ANICUNS - GO","AREIA, MINÉRIO DE OURO","Construção civil, Industrial","Sim","08/03/2017"
"Gerência Regional / GO","861372/2015","Requerimento de Autorização de Pesquisa","Requerimento de Lavra","61.082.988/0001-70","MARINGA FERRO-LIGA S.A","CAVALCANTE - GO","MINÉRIO DE MANGANÊS","Industrial","Sim","28/11/2017"
"Gerência Regional / GO","861372/2015","Requerimento de Autorização de Pesquisa","Requerimento de Lavra","61.082.988/0001-70","MARINGA FERRO-LIGA S.A","CAVALCANTE - GO","MINÉRIO DE MANGANÊS","Industrial","Sim","17/02/2020"
"Gerência Regional / GO","860116/1991","Requerimento de Autorização de Pesquisa","Concessão de Lavra","03.163.210/0001-99","SARKIS MINERACAO LTDA","PADRE BERNARDO - GO","CALCÁRIO INDUSTRIAL","Demais substâncias","Sim","07/07/1997"
"Gerência Regional / GO","761018/1996","Requerimento de Autorização de Pesquisa","Concessão de Lavra","03.163.210/0001-99","SARKIS MINERACAO LTDA","PADRE BERNARDO - GO","CALCÁRIO","Demais substâncias","Sim","04/10/2001"
"Gerência Regional / GO","761017/1996","Requerimento de Autorização de Pesquisa","Concessão de Lavra","03.163.210/0001-99","SARKIS MINERACAO LTDA","PADRE BERNARDO - GO","CALCÁRIO","Demais substâncias","Sim","04/10/2001"
"Gerência Regional / GO","761016/1996","Requerimento de Autorização de Pesquisa","Concessão de Lavra","03.163.210/0001-99","SARKIS MINERACAO LTDA","PADRE BERNARDO - GO","CALCÁRIO","Demais substâncias","Sim","21/10/2013"
"Gerência Regional / GO","861507/2021","Requerimento de Mudança de Regime para Aut. de Pesquisa","Autorização de Pesquisa","05.374.615/0001-00","MINERACAO AZUL TROPICAL LTDA","GOIÁS - GO","AREIA, CASCALHO","Construção civil, Construção civil","Sim","16/12/2021"
"Gerência Regional / GO","861042/2001","Requerimento de Autorização de Pesquisa","Concessão de Lavra","01.637.895/0001-32","VOTORANTIM CIMENTOS S.A.","EDÉIA - GO","CALCÁRIO, MÁRMORE","Demais substâncias, Fabricação de cimento","Sim","25/05/2004"
"Gerência Regional / GO","861042/2001","Requerimento de Autorização de Pesquisa","Concessão de Lavra","01.637.895/0001-32","VOTORANTIM CIMENTOS S.A.","EDÉIA - GO","CALCÁRIO, MÁRMORE","Demais substâncias, Fabricação de cimento","Sim","14/03/2013"
"Gerência Regional / GO","861042/2001","Requerimento de Autorização de Pesquisa","Concessão de Lavra","01.637.895/0001-32","VOTORANTIM CIMENTOS S.A.","EDÉIA - GO","CALCÁRIO, MÁRMORE","Demais substâncias, Fabricação de cimento","Sim","21/09/2010"
"Gerência Regional / GO","860670/1986","Requerimento de Autorização de Pesquisa","Concessão de Lavra","01.637.895/0001-32","VOTORANTIM CIMENTOS S.A.","EDEALINA - GO, EDÉIA - GO, INDIARA - GO","CALCÁRIO, MÁRMORE","Demais substâncias, Fabricação de cimento","Sim","27/07/2000"
"Gerência Regional / GO","860670/1986","Requerimento de Autorização de Pesquisa","Concessão de Lavra","01.637.895/0001-32","VOTORANTIM CIMENTOS S.A.","EDEALINA - GO, EDÉIA - GO, INDIARA - GO","CALCÁRIO, MÁRMORE","Demais substâncias, Fabricação de cimento","Sim","14/03/2013"
"Gerência Regional / GO","860669/1986","Requerimento de Autorização de Pesquisa","Concessão de Lavra","01.637.895/0001-32","VOTORANTIM CIMENTOS S.A.","EDÉIA - GO, INDIARA - GO","CALCÁRIO, MÁRMORE","Corretivo de solo, Fabricação de cimento","Sim","27/07/2000"
"Gerência Regional / GO","860669/1986","Requerimento de Autorização de Pesquisa","Concessão de Lavra","01.637.895/0001-32","VOTORANTIM CIMENTOS S.A.","EDÉIA - GO, INDIARA - GO","CALCÁRIO, MÁRMORE","Corretivo de solo, Fabricação de cimento","Sim","14/03/2013"
"Gerência Regional / GO","860668/1986","Requerimento de Autorização de Pesquisa","Concessão de Lavra","01.637.895/0001-32","VOTORANTIM CIMENTOS S.A.","INDIARA - GO","CALCÁRIO","Industrial","Sim","15/05/2003"
"Gerência Regional / GO","860668/1986","Requerimento de Autorização de Pesquisa","Concessão de Lavra","01.637.895/0001-32","VOTORANTIM CIMENTOS S.A.","INDIARA - GO","CALCÁRIO","Industrial","Sim","14/03/2013"
"Gerência Regional / GO","860547/1998","Requerimento de Autorização de Pesquisa","Requerimento de Lavra","01.637.895/0001-32","VOTORANTIM CIMENTOS S.A.","PLANALTINA - GO","CALCÁRIO","Demais substâncias","Sim","22/12/2011"
"Gerência Regional / GO","860546/1998","Requerimento de Autorização de Pesquisa","Requerimento de Lavra","01.637.895/0001-32","VOTORANTIM CIMENTOS S.A.","PLANALTINA - GO","CALCÁRIO","Demais substâncias","Sim","22/12/2011"
"Gerência Regional / GO","860545/1998","Requerimento de Autorização de Pesquisa","Requerimento de Lavra","01.637.895/0001-32","VOTORANTIM CIMENTOS S.A.","PLANALTINA - GO","CALCÁRIO","Demais substâncias","Sim","24/02/2012"
"Gerência Regional / GO","860544/1998","Requerimento de Autorização de Pesquisa","Requerimento de Lavra","01.637.895/0001-32","VOTORANTIM CIMENTOS S.A.","PLANALTINA - GO","CALCÁRIO","Demais substâncias","Sim","22/12/2011"
"Gerência Regional / GO","860543/1998","Requerimento de Autorização de Pesquisa","Requerimento de Lavra","01.637.895/0001-32","VOTORANTIM CIMENTOS S.A.","PLANALTINA - GO","CALCÁRIO","Demais substâncias","Sim","24/02/2012"
"Gerência Regional / GO","860542/1998","Requerimento de Autorização de Pesquisa","Requerimento de Lavra","01.637.895/0001-32","VOTORANTIM CIMENTOS S.A.","ÁGUA FRIA DE GOIÁS - GO, PLANALTINA - GO","CALCÁRIO","Demais substâncias","Sim","22/12/2011"
"Gerência Regional / GO","860541/1998","Requerimento de Autorização de Pesquisa","Requerimento de Lavra","01.637.895/0001-32","VOTORANTIM CIMENTOS S.A.","ÁGUA FRIA DE GOIÁS - GO","CALCÁRIO","Demais substâncias","Sim","22/12/2011"
"Gerência Regional / GO","860540/1998","Requerimento de Autorização de Pesquisa","Requerimento de Lavra","01.637.895/0001-32","VOTORANTIM CIMENTOS S.A.","ÁGUA FRIA DE GOIÁS - GO","CALCÁRIO","Demais substâncias","Sim","22/12/2011"
"Gerência Regional / GO","860539/1998","Requerimento de Autorização de Pesquisa","Requerimento de Lavra","01.637.895/0001-32","VOTORANTIM CIMENTOS S.A.","PLANALTINA - GO","CALCÁRIO","Demais substâncias","Sim","22/12/2011"
"Gerência Regional / GO","860538/1998","Requerimento de Autorização de Pesquisa","Requerimento de Lavra","01.637.895/0001-32","VOTORANTIM CIMENTOS S.A.","PLANALTINA - GO","CALCÁRIO","Demais substâncias","Sim","22/12/2011"
"Gerência Regional / GO","860533/1990","Requerimento de Registro de Licença","Requerimento de Lavra","01.637.895/0001-32","VOTORANTIM CIMENTOS S.A.","EDÉIA - GO","CALCÁRIO DOLOMÍTICO","Demais substâncias","Sim","14/03/2013"
"Gerência Regional / GO","860533/1990","Requerimento de Registro de Licença","Requerimento de Lavra","01.637.895/0001-32","VOTORANTIM CIMENTOS S.A.","EDÉIA - GO","CALCÁRIO DOLOMÍTICO","Demais substâncias","Sim","23/09/2010"
"Gerência Regional / GO","860505/1990","Requerimento de Autorização de Pesquisa","Requerimento de Lavra","01.637.895/0001-32","VOTORANTIM CIMENTOS S.A.","COCALZINHO DE GOIÁS - GO","CALCÁRIO","Demais substâncias","Sim","22/06/2007"
"Gerência Regional / GO","860107/1999","Requerimento de Autorização de Pesquisa","Concessão de Lavra","01.637.895/0001-32","VOTORANTIM CIMENTOS S.A.","BRASÍLIA - DF, PLANALTINA - GO","ARGILA","Demais substâncias","Sim","21/02/2011"
"Gerência Regional / GO","860104/1999","Requerimento de Autorização de Pesquisa","Requerimento de Lavra","01.637.895/0001-32","VOTORANTIM CIMENTOS S.A.","BRASÍLIA - DF, PLANALTINA - GO","ARGILA","Demais substâncias","Sim","22/12/2011"
"Gerência Regional / GO","860103/1999","Requerimento de Autorização de Pesquisa","Requerimento de Lavra","01.637.895/0001-32","VOTORANTIM CIMENTOS S.A.","BRASÍLIA - DF, PLANALTINA - GO","ARGILA","Demais substâncias","Sim","24/02/2012"
"Gerência Regional / GO","861044/2011","Requerimento de Autorização de Pesquisa","Requerimento de Lavra","13.268.448/0001-32","SOAPSTONE BRAZIL COMERCIO EXPORTACAO LTDA","GOIÁS - GO","ESTEATITO","Revestimento","Sim","23/09/2022"
"Gerência Regional / GO","860192/2015","Requerimento de Disponibilidade para pesquisa","Requerimento de Lavra","47.942.509/0001-17","MARCOS INACIO DA SILVA MINERADORA LTDA","BELA VISTA DE GOIÁS - GO, HIDROLÂNDIA - GO","AREIA","Construção civil","Sim","23/10/2024"
"Gerência Regional / GO","860283/2016","Requerimento de Autorização de Pesquisa","Requerimento de Lavra","47.818.122/0001-53","MS MINERIOS LTDA","PLANALTINA - GO","ARGILA","Cerâmica vermelha","Sim","23/10/2024"
"Gerência Regional / GO","860554/2021","Requerimento de Lavra - Leilão","Concessão de Lavra","46.095.570/0001-03","FORTALEZA COMERCIO DE AREIA LTDA","MOSSÂMEDES - GO, SANCLERLÂNDIA - GO","AREIA","Construção civil","Sim","17/11/2023"
"Gerência Regional / GO","860488/2022","Requerimento de Autorização de Pesquisa","Autorização de Pesquisa","***.587.501-**","Silvio Rosa da fonseca","JARAGUÁ - GO, URUANA - GO","AREIA","Construção civil","Sim","17/11/2023"
"Gerência Regional / GO","862223/1984","Requerimento de Autorização de Pesquisa","Concessão de Lavra","37.847.845/0001-27","TAIYO THERMAS HOTEL LTDA","CALDAS NOVAS - GO","ÁGUA MINERAL","Balneoterapia","Sim","30/10/1997"
"Gerência Regional / GO","860226/2017","Requerimento de Autorização de Pesquisa","Direito de Requerer a Lavra","53.210.778/0001-91","AGROPECUARIA MIRRA LTDA","SANTA CRUZ DE GOIÁS - GO","AREIA, CASCALHO","Construção civil, Construção civil","Sim","25/02/2025"
"Gerência Regional / GO","860960/2024","Requerimento de Autorização de Pesquisa","Autorização de Pesquisa","48.978.115/0001-81","LUMAC AREIA E CASCALHO LTDA","CRISTALINA - GO","AREIA, AREIA, GRANITO, QUARTZITO, QUARTZO","Brita, Construção civil, Industrial, Industrial, Industrial","Sim","22/01/2025"
"Gerência Regional / GO","861182/2022","Requerimento de Autorização de Pesquisa","Autorização de Pesquisa","56.707.588/0001-72","MINERADORA SOBRAL LTDA","FAINA - GO","AREIA, OURO","Construção civil, Industrial","Sim","22/01/2025"
"Gerência Regional / GO","860341/2018","Requerimento de Autorização de Pesquisa","Requerimento de Lavra","54.744.253/0001-07","ARGIO SERVICOS LTDA","CORUMBÁ DE GOIÁS - GO","ARGILA","Construção civil","Sim","17/03/2026"
"Gerência Regional / GO","861536/2024","Requerimento de Pesquisa - Leilão","Autorização de Pesquisa","63.195.765/0001-44","FAINA 861.536 SPE LTDA","FAINA - GO","MINÉRIO DE OURO","Industrial","Sim","17/03/2026"
"Gerência Regional / GO","861217/1996","Requerimento de Autorização de Pesquisa","Concessão de Lavra","01.133.479/0001-05","COMGEO MINERACAO EMPREENDIMENTOS E PARTICIPACAO LTDA","FAINA - GO","DOLOMITO","Demais substâncias","Sim","28/04/2004"
"Gerência Regional / GO","861478/2009","Requerimento de Autorização de Pesquisa","Autorização de Pesquisa","01.133.510/0001-08","MINERADORA SANTO EXPEDITO LTDA","GOIANÉSIA - GO, SANTA ISABEL - GO, SÃO LUIZ DO NORTE - GO","ILMENITA","Industrial","Sim","22/12/2016"
"Gerência Regional / GO","860260/2004","Requerimento de Autorização de Pesquisa","Concessão de Lavra","01.133.510/0001-08","MINERADORA SANTO EXPEDITO LTDA","BARRO ALTO - GO","MINÉRIO DE ALUMÍNIO","Demais substâncias","Sim","05/04/2005"
"Gerência Regional / GO","860646/2007","Requerimento de Autorização de Pesquisa","Requerimento de Lavra","01.445.576/0001-25","TERRA GOYANA MINERADORA LTDA","BARRO ALTO - GO","BAUXITA, ILMENITA","Industrial, Industrial","Sim","22/12/2015"
"Gerência Regional / GO","862798/2008","Requerimento de Autorização de Pesquisa","Requerimento de Lavra","01.445.576/0001-25","TERRA GOYANA MINERADORA LTDA","BARRO ALTO - GO","BAUXITA, ILMENITA","Industrial, Industrial","Sim","22/12/2015"
"Gerência Regional / GO","861353/2015","Requerimento de Autorização de Pesquisa","Autorização de Pesquisa","01.445.576/0001-25","TERRA GOYANA MINERADORA LTDA","SÃO LUIZ DO NORTE - GO","ILMENITA","Industrial","Sim","17/02/2020"
"Gerência Regional / GO","861346/2016","Requerimento de Autorização de Pesquisa","Direito de Requerer a Lavra","01.445.576/0001-25","TERRA GOYANA MINERADORA LTDA","ARENÓPOLIS - GO","ILMENITA","Industrial","Sim","28/08/2018"
"Gerência Regional / GO","861301/2016","Requerimento de Disponibilidade para pesquisa","Autorização de Pesquisa","01.445.576/0001-25","TERRA GOYANA MINERADORA LTDA","CATALÃO - GO, PARACATU - MG","FOSFATO, MINÉRIO DE NIÓBIO, MINÉRIO DE TITÂNIO","Fertilizantes, Industrial, Industrial","Sim","20/03/2020"
"Gerência Regional / GO","861283/2003","Requerimento de Autorização de Pesquisa","Concessão de Lavra","01.445.576/0001-25","TERRA GOYANA MINERADORA LTDA","BARRO ALTO - GO, SANTA RITA DO NOVO DESTINO - GO","MINÉRIO DE ALUMÍNIO","Demais substâncias","Sim","26/01/2016"
"Gerência Regional / GO","861232/2015","Requerimento de Cessão parcial","Concessão de Lavra","01.445.576/0001-25","TERRA GOYANA MINERADORA LTDA","BARRO ALTO - GO, SANTA RITA DO NOVO DESTINO - GO","BAUXITA","Industrial","Sim","23/04/2025"
"Gerência Regional / GO","860412/2002","Requerimento de Autorização de Pesquisa","Concessão de Lavra","03.417.227/0001-25","TARCAL TRANSPORTES E MATERIAL DE CONSTRUCAO LTDA","PIRES DO RIO - GO, SANTA CRUZ DE GOIÁS - GO","AREIA","Demais substâncias","Sim","10/12/2004"
"Gerência Regional / GO","860169/1999","Requerimento de Registro de Licença","Requerimento de Lavra","03.417.227/0001-25","TARCAL TRANSPORTES E MATERIAL DE CONSTRUCAO LTDA","JARAGUÁ - GO","AREIA, CASCALHO","Construção civil, Construção civil","Sim","12/06/2002"
"Gerência Regional / GO","861526/1993","Requerimento de Registro de Licença","Requerimento de Lavra","03.417.227/0001-25","TARCAL TRANSPORTES E MATERIAL DE CONSTRUCAO LTDA","JARAGUÁ - GO","AREIA, CASCALHO","Demais substâncias, Demais substâncias","Sim","26/09/2002"
"Gerência Regional / GO","860946/1993","Requerimento de Registro de Licença","Concessão de Lavra","03.417.227/0001-25","TARCAL TRANSPORTES E MATERIAL DE CONSTRUCAO LTDA","JARAGUÁ - GO","AREIA, CASCALHO","Demais substâncias, Demais substâncias","Sim","26/09/2002"
"Gerência Regional / GO","860905/1999","Requerimento de Autorização de Pesquisa","Concessão de Lavra","03.417.227/0001-25","TARCAL TRANSPORTES E MATERIAL DE CONSTRUCAO LTDA","JARAGUÁ - GO","AREIA, CASCALHO","Demais substâncias, Demais substâncias","Sim","09/10/2003"
"Gerência Regional / GO","861748/1994","Requerimento de Autorização de Pesquisa","Requerimento de Lavra","24.793.929/0001-83","Jalina Thermas Mineração Ltda","CALDAS NOVAS - GO","ÁGUA MINERAL","Demais substâncias","Sim","22/09/2011"
"Gerência Regional / GO","861545/1985","Requerimento de Autorização de Pesquisa","Concessão de Lavra","24.793.929/0001-83","Jalina Thermas Mineração Ltda","CALDAS NOVAS - GO","ÁGUA MINERAL","Balneoterapia","Sim","05/07/1989"
"Gerência Regional / GO","862090/2012","Requerimento de Autorização de Pesquisa","Requerimento de Lavra","27.367.721/0001-90","ITAMARACA S/A - EM RECUPERACAO JUDICIAL","FORMOSA - GO","ARGILA","Industrial","Sim","12/12/2019"
"Gerência Regional / GO","860629/2010","Requerimento de Autorização de Pesquisa","Requerimento de Lavra","27.367.721/0001-90","ITAMARACA S/A - EM RECUPERACAO JUDICIAL","FORMOSA - GO","CALCÁRIO","Fabricação de cimento","Sim","27/11/2019"
"Gerência Regional / GO","861302/2003","Requerimento de Autorização de Pesquisa","Requerimento de Lavra","33.554.452/0001-74","Titanio Goiás Mineração Ind. e Com. Ltda","ANICUNS - GO","AREIA","Ourivesaria","Sim","14/08/2013"
"Gerência Regional / GO","861224/2008","Requerimento de Autorização de Pesquisa","Requerimento de Lavra","33.554.452/0001-74","Titanio Goiás Mineração Ind. e Com. Ltda","ANICUNS - GO","AREIA","Construção civil","Sim","08/03/2017"
"Gerência Regional / GO","861102/2013","Requerimento de Cessão parcial","Autorização de Pesquisa","33.554.452/0001-74","Titanio Goiás Mineração Ind. e Com. Ltda","ANICUNS - GO","AREIA, MINÉRIO DE OURO","Construção civil, Industrial","Sim","28/10/2016"
"Gerência Regional / GO","860765/2009","Requerimento de Autorização de Pesquisa","Autorização de Pesquisa","33.554.452/0001-74","Titanio Goiás Mineração Ind. e Com. Ltda","ARAGOIÂNIA - GO","MINÉRIO DE OURO","Industrial","Sim","15/05/2019"
"Gerência Regional / GO","860764/2009","Requerimento de Autorização de Pesquisa","Autorização de Pesquisa","33.554.452/0001-74","Titanio Goiás Mineração Ind. e Com. Ltda","ARAGOIÂNIA - GO, HIDROLÂNDIA - GO, VARJÃO - GO","MINÉRIO DE OURO","Industrial","Sim","15/05/2019"
"Gerência Regional / GO","860367/2009","Requerimento de Autorização de Pesquisa","Requerimento de Lavra","33.554.452/0001-74","Titanio Goiás Mineração Ind. e Com. Ltda","ANICUNS - GO","AREIA, MINÉRIO DE OURO","Construção civil, Industrial","Sim","16/01/2014"
"Gerência Regional / GO","860083/1989","Requerimento de Autorização de Pesquisa","Concessão de Lavra","33.554.452/0001-74","Titanio Goiás Mineração Ind. e Com. Ltda","SANTA BÁRBARA DE GOIÁS - GO","MINÉRIO DE FERRO, TITÂNIO","Demais substâncias, Demais substâncias","Sim","15/08/1995"
"Gerência Regional / GO","861372/2015","Requerimento de Autorização de Pesquisa","Requerimento de Lavra","61.082.988/0001-70","MARINGA FERRO-LIGA S.A","CAVALCANTE - GO","MINÉRIO DE MANGANÊS","Industrial","Sim","22/05/2018"
"Gerência Regional / GO","860116/1991","Requerimento de Autorização de Pesquisa","Concessão de Lavra","03.163.210/0001-99","SARKIS MINERACAO LTDA","PADRE BERNARDO - GO","CALCÁRIO INDUSTRIAL","Demais substâncias","Sim","21/02/2011"
"Gerência Regional / GO","761018/1996","Requerimento de Autorização de Pesquisa","Concessão de Lavra","03.163.210/0001-99","SARKIS MINERACAO LTDA","PADRE BERNARDO - GO","CALCÁRIO","Demais substâncias","Sim","21/10/2013"
"Gerência Regional / GO","761017/1996","Requerimento de Autorização de Pesquisa","Concessão de Lavra","03.163.210/0001-99","SARKIS MINERACAO LTDA","PADRE BERNARDO - GO","CALCÁRIO","Demais substâncias","Sim","21/10/2013"
"Gerência Regional / GO","761016/1996","Requerimento de Autorização de Pesquisa","Concessão de Lavra","03.163.210/0001-99","SARKIS MINERACAO LTDA","PADRE BERNARDO - GO","CALCÁRIO","Demais substâncias","Sim","04/10/2001"
"Gerência Regional / GO","862618/2008","Requerimento de Autorização de Pesquisa","Requerimento de Lavra","03.163.210/0001-99","SARKIS MINERACAO LTDA","PADRE BERNARDO - GO","CALCÁRIO","Fabricação de cimento","Sim","03/06/2014"
"Gerência Regional / GO","862616/2008","Requerimento de Autorização de Pesquisa","Requerimento de Lavra","03.163.210/0001-99","SARKIS MINERACAO LTDA","PADRE BERNARDO - GO","CALCÁRIO","Fabricação de cimento","Sim","03/06/2014"
"Gerência Regional / GO","861491/2016","Requerimento de Autorização de Pesquisa","Requerimento de Lavra","22.482.228/0001-06","FERLIG FERRO LIGA LTDA -","NIQUELÂNDIA - GO","CALCÁRIO, CALCÁRIO, CALCÁRIO, MINÉRIO DE MANGANÊS","Corretivo de solo, Fabricação de cal, Fabricação de cimento, Industrial","Sim","24/05/2019"
"Gerência Regional / GO","861507/2021","Requerimento de Mudança de Regime para Aut. de Pesquisa","Autorização de Pesquisa","05.374.615/0001-00","MINERACAO AZUL TROPICAL LTDA","GOIÁS - GO","AREIA, CASCALHO","Construção civil, Construção civil","Sim","14/11/2024"
"Gerência Regional / GO","861710/2010","Requerimento de Autorização de Pesquisa","Requerimento de Lavra","01.637.895/0001-32","VOTORANTIM CIMENTOS S.A.","FORMOSA - GO","CALCÁRIO","Fabricação de cimento","Sim","05/01/2026"
"Gerência Regional / GO","760926/1996","Requerimento de Autorização de Pesquisa","Requerimento de Lavra","01.637.895/0001-32","VOTORANTIM CIMENTOS S.A.","COCALZINHO DE GOIÁS - GO","CALCÁRIO","Demais substâncias","Sim","14/03/2013"
"Gerência Regional / GO","861546/2007","Requerimento de Autorização de Pesquisa","Requerimento de Lavra","01.637.895/0001-32","VOTORANTIM CIMENTOS S.A.","PADRE BERNARDO - GO","ARGILA","Industrial","Sim","14/03/2013"
"Gerência Regional / GO","861042/2001","Requerimento de Autorização de Pesquisa","Concessão de Lavra","01.637.895/0001-32","VOTORANTIM CIMENTOS S.A.","EDÉIA - GO","CALCÁRIO, MÁRMORE","Demais substâncias, Fabricação de cimento","Sim","05/08/2005"
"Gerência Regional / GO","860751/2011","Requerimento de Autorização de Pesquisa","Autorização de Pesquisa","01.637.895/0001-32","VOTORANTIM CIMENTOS S.A.","NIQUELÂNDIA - GO","MINÉRIO DE ZINCO","Industrial","Sim","09/02/2015"
"Gerência Regional / GO","860750/2011","Requerimento de Autorização de Pesquisa","Autorização de Pesquisa","01.637.895/0001-32","VOTORANTIM CIMENTOS S.A.","NIQUELÂNDIA - GO","MINÉRIO DE ZINCO","Industrial","Sim","09/02/2015"
"Gerência Regional / GO","860749/2011","Requerimento de Autorização de Pesquisa","Autorização de Pesquisa","01.637.895/0001-32","VOTORANTIM CIMENTOS S.A.","NIQUELÂNDIA - GO","MINÉRIO DE ZINCO","Industrial","Sim","09/02/2015"
"Gerência Regional / GO","860670/1986","Requerimento de Autorização de Pesquisa","Concessão de Lavra","01.637.895/0001-32","VOTORANTIM CIMENTOS S.A.","EDEALINA - GO, EDÉIA - GO, INDIARA - GO","CALCÁRIO, MÁRMORE","Demais substâncias, Fabricação de cimento","Sim","11/10/2010"
"Gerência Regional / GO","860669/1986","Requerimento de Autorização de Pesquisa","Concessão de Lavra","01.637.895/0001-32","VOTORANTIM CIMENTOS S.A.","EDÉIA - GO, INDIARA - GO","CALCÁRIO, MÁRMORE","Corretivo de solo, Fabricação de cimento","Sim","11/10/2010"
"Gerência Regional / GO","860668/1986","Requerimento de Autorização de Pesquisa","Concessão de Lavra","01.637.895/0001-32","VOTORANTIM CIMENTOS S.A.","INDIARA - GO","CALCÁRIO","Industrial","Sim","21/09/2010"
"Gerência Regional / GO","860547/1998","Requerimento de Autorização de Pesquisa","Requerimento de Lavra","01.637.895/0001-32","VOTORANTIM CIMENTOS S.A.","PLANALTINA - GO","CALCÁRIO","Demais substâncias","Sim","24/02/2012"
"Gerência Regional / GO","860546/1998","Requerimento de Autorização de Pesquisa","Requerimento de Lavra","01.637.895/0001-32","VOTORANTIM CIMENTOS S.A.","PLANALTINA - GO","CALCÁRIO","Demais substâncias","Sim","24/02/2012"
"Gerência Regional / GO","860545/1998","Requerimento de Autorização de Pesquisa","Requerimento de Lavra","01.637.895/0001-32","VOTORANTIM CIMENTOS S.A.","PLANALTINA - GO","CALCÁRIO","Demais substâncias","Sim","22/12/2011"
"Gerência Regional / GO","860544/1998","Requerimento de Autorização de Pesquisa","Requerimento de Lavra","01.637.895/0001-32","VOTORANTIM CIMENTOS S.A.","PLANALTINA - GO","CALCÁRIO","Demais substâncias","Sim","24/02/2012"
"Gerência Regional / GO","860543/1998","Requerimento de Autorização de Pesquisa","Requerimento de Lavra","01.637.895/0001-32","VOTORANTIM CIMENTOS S.A.","PLANALTINA - GO","CALCÁRIO","Demais substâncias","Sim","22/12/2011"
"Gerência Regional / GO","860542/1998","Requerimento de Autorização de Pesquisa","Requerimento de Lavra","01.637.895/0001-32","VOTORANTIM CIMENTOS S.A.","ÁGUA FRIA DE GOIÁS - GO, PLANALTINA - GO","CALCÁRIO","Demais substâncias","Sim","24/02/2012"
"Gerência Regional / GO","860541/1998","Requerimento de Autorização de Pesquisa","Requerimento de Lavra","01.637.895/0001-32","VOTORANTIM CIMENTOS S.A.","ÁGUA FRIA DE GOIÁS - GO","CALCÁRIO","Demais substâncias","Sim","24/02/2012"
"Gerência Regional / GO","860540/1998","Requerimento de Autorização de Pesquisa","Requerimento de Lavra","01.637.895/0001-32","VOTORANTIM CIMENTOS S.A.","ÁGUA FRIA DE GOIÁS - GO","CALCÁRIO","Demais substâncias","Sim","24/02/2012"
"Gerência Regional / GO","860539/1998","Requerimento de Autorização de Pesquisa","Requerimento de Lavra","01.637.895/0001-32","VOTORANTIM CIMENTOS S.A.","PLANALTINA - GO","CALCÁRIO","Demais substâncias","Sim","24/02/2012"
"Gerência Regional / GO","860538/1998","Requerimento de Autorização de Pesquisa","Requerimento de Lavra","01.637.895/0001-32","VOTORANTIM CIMENTOS S.A.","PLANALTINA - GO","CALCÁRIO","Demais substâncias","Sim","24/02/2012"
"Gerência Regional / GO","860533/1990","Requerimento de Registro de Licença","Requerimento de Lavra","01.637.895/0001-32","VOTORANTIM CIMENTOS S.A.","EDÉIA - GO","CALCÁRIO DOLOMÍTICO","Demais substâncias","Sim","23/03/2004"
"Gerência Regional / GO","860505/1990","Requerimento de Autorização de Pesquisa","Requerimento de Lavra","01.637.895/0001-32","VOTORANTIM CIMENTOS S.A.","COCALZINHO DE GOIÁS - GO","CALCÁRIO","Demais substâncias","Sim","16/11/2011"
"Gerência Regional / GO","860222/2008","Requerimento de Autorização de Pesquisa","Concessão de Lavra","01.637.895/0001-32","VOTORANTIM CIMENTOS S.A.","EDÉIA - GO","ARGILA, CALCÁRIO","Fabricação de cimento, Industrial","Sim","03/06/2015"
"Gerência Regional / GO","860220/2008","Requerimento de Autorização de Pesquisa","Requerimento de Lavra","01.637.895/0001-32","VOTORANTIM CIMENTOS S.A.","EDEALINA - GO, EDÉIA - GO","ARGILA, CALCÁRIO","Fabricação de cimento, Industrial","Sim","14/03/2013"
"Gerência Regional / GO","860107/1999","Requerimento de Autorização de Pesquisa","Concessão de Lavra","01.637.895/0001-32","VOTORANTIM CIMENTOS S.A.","BRASÍLIA - DF, PLANALTINA - GO","ARGILA","Demais substâncias","Sim","27/11/2013"
"Gerência Regional / GO","860104/1999","Requerimento de Autorização de Pesquisa","Requerimento de Lavra","01.637.895/0001-32","VOTORANTIM CIMENTOS S.A.","BRASÍLIA - DF, PLANALTINA - GO","ARGILA","Demais substâncias","Sim","24/02/2012"
"Gerência Regional / GO","860103/1999","Requerimento de Autorização de Pesquisa","Requerimento de Lavra","01.637.895/0001-32","VOTORANTIM CIMENTOS S.A.","BRASÍLIA - DF, PLANALTINA - GO","ARGILA","Demais substâncias","Sim","22/12/2011"
"Gerência Regional / GO","861087/2011","Requerimento de Autorização de Pesquisa","Concessão de Lavra","08.258.118/0001-26","CEFAS MINERACAO LTDA","PORANGATU - GO","GRANITO","Revestimento","Sim","16/03/2012"
"Gerência Regional / GO","860247/2018","Requerimento de Autorização de Pesquisa","Autorização de Pesquisa","08.250.481/0001-03","MINERACAO CASTELO LTDA.","MINAÇU - GO","MINÉRIO DE OURO, QUARTZO","Industrial, Industrial","Sim","24/05/2021"
"Gerência Regional / GO","860247/2018","Requerimento de Autorização de Pesquisa","Autorização de Pesquisa","08.250.481/0001-03","MINERACAO CASTELO LTDA.","MINAÇU - GO","MINÉRIO DE OURO, QUARTZO","Industrial, Industrial","Sim","28/10/2025"
"Gerência Regional / GO","861993/2007","Requerimento de Autorização de Pesquisa","Concessão de Lavra","10.649.567/0001-47","RIO VERMELHO MINERACAO LTDA","LUZIÂNIA - GO","AREIA, MINÉRIO DE OURO","Construção civil, Industrial","Sim","28/01/2011"
"Gerência Regional / GO","861993/2007","Requerimento de Autorização de Pesquisa","Concessão de Lavra","10.649.567/0001-47","RIO VERMELHO MINERACAO LTDA","LUZIÂNIA - GO","AREIA, MINÉRIO DE OURO","Construção civil, Industrial","Sim","23/09/2010"
"Gerência Regional / GO","860065/2009","Requerimento de Autorização de Pesquisa","Requerimento de Lavra","13.055.336/0001-01","PEDREIRA MSC LTDA","SANTA TEREZA DE GOIÁS - GO","GRANITO, ILMENITA","Brita, Industrial","Sim","28/10/2011"
"Gerência Regional / GO","860349/2005","Requerimento de Autorização de Pesquisa","Requerimento de Lavra","13.576.808/0001-63","Rio Claro Minerals Pesquisa e Exploração Mineral SA","JAUPACI - GO","DIAMANTE INDUSTRIAL, MINÉRIO DE OURO","Industrial, Industrial","Sim","14/05/2012"
"Gerência Regional / GO","860344/2004","Requerimento de Autorização de Pesquisa","Requerimento de Lavra","13.576.808/0001-63","Rio Claro Minerals Pesquisa e Exploração Mineral SA","FAZENDA NOVA - GO, JAUPACI - GO","DIAMANTE INDUSTRIAL, MINÉRIO DE OURO","Industrial, Industrial","Sim","27/12/2010"
"Gerência Regional / GO","861168/2007","Requerimento de Autorização de Pesquisa","Requerimento de Lavra","13.576.808/0001-63","Rio Claro Minerals Pesquisa e Exploração Mineral SA","FAZENDA NOVA - GO, ISRAELÂNDIA - GO","DIAMANTE, MINÉRIO DE OURO","Industrial, Industrial","Sim","27/12/2010"
"Gerência Regional / GO","861167/2007","Requerimento de Autorização de Pesquisa","Requerimento de Lavra","13.576.808/0001-63","Rio Claro Minerals Pesquisa e Exploração Mineral SA","FAZENDA NOVA - GO, JAUPACI - GO","DIAMANTE, MINÉRIO DE OURO","Industrial, Industrial","Sim","27/12/2010"
"Gerência Regional / GO","860718/2003","Requerimento de Autorização de Pesquisa","Requerimento de Lavra","13.576.808/0001-63","Rio Claro Minerals Pesquisa e Exploração Mineral SA","FAZENDA NOVA - GO, JAUPACI - GO","DIAMANTE INDUSTRIAL, MINÉRIO DE OURO","Industrial, Industrial","Sim","14/05/2012"
"Gerência Regional / GO","860718/2003","Requerimento de Autorização de Pesquisa","Requerimento de Lavra","13.576.808/0001-63","Rio Claro Minerals Pesquisa e Exploração Mineral SA","FAZENDA NOVA - GO, JAUPACI - GO","DIAMANTE INDUSTRIAL, MINÉRIO DE OURO","Industrial, Industrial","Sim","27/12/2010"
"Gerência Regional / GO","860717/2003","Requerimento de Autorização de Pesquisa","Requerimento de Lavra","13.576.808/0001-63","Rio Claro Minerals Pesquisa e Exploração Mineral SA","FAZENDA NOVA - GO, ISRAELÂNDIA - GO, JAUPACI - GO","DIAMANTE INDUSTRIAL, MINÉRIO DE OURO","Industrial, Industrial","Sim","27/12/2010"
"Gerência Regional / GO","860717/2003","Requerimento de Autorização de Pesquisa","Requerimento de Lavra","13.576.808/0001-63","Rio Claro Minerals Pesquisa e Exploração Mineral SA","FAZENDA NOVA - GO, ISRAELÂNDIA - GO, JAUPACI - GO","DIAMANTE INDUSTRIAL, MINÉRIO DE OURO","Industrial, Industrial","Sim","04/08/2011"
"Gerência Regional / GO","860717/2003","Requerimento de Autorização de Pesquisa","Requerimento de Lavra","13.576.808/0001-63","Rio Claro Minerals Pesquisa e Exploração Mineral SA","FAZENDA NOVA - GO, ISRAELÂNDIA - GO, JAUPACI - GO","DIAMANTE INDUSTRIAL, MINÉRIO DE OURO","Industrial, Industrial","Sim","17/06/2009"
"Gerência Regional / GO","860716/2003","Requerimento de Autorização de Pesquisa","Requerimento de Lavra","13.576.808/0001-63","Rio Claro Minerals Pesquisa e Exploração Mineral SA","FAZENDA NOVA - GO, JAUPACI - GO","DIAMANTE INDUSTRIAL, MINÉRIO DE OURO","Industrial, Industrial","Sim","03/06/2022"
"Gerência Regional / GO","860716/2003","Requerimento de Autorização de Pesquisa","Requerimento de Lavra","13.576.808/0001-63","Rio Claro Minerals Pesquisa e Exploração Mineral SA","FAZENDA NOVA - GO, JAUPACI - GO","DIAMANTE INDUSTRIAL, MINÉRIO DE OURO","Industrial, Industrial","Sim","03/06/2022"
"Gerência Regional / GO","860716/2003","Requerimento de Autorização de Pesquisa","Requerimento de Lavra","13.576.808/0001-63","Rio Claro Minerals Pesquisa e Exploração Mineral SA","FAZENDA NOVA - GO, JAUPACI - GO","DIAMANTE INDUSTRIAL, MINÉRIO DE OURO","Industrial, Industrial","Sim","14/05/2012"
"Gerência Regional / GO","860716/2003","Requerimento de Autorização de Pesquisa","Requerimento de Lavra","13.576.808/0001-63","Rio Claro Minerals Pesquisa e Exploração Mineral SA","FAZENDA NOVA - GO, JAUPACI - GO","DIAMANTE INDUSTRIAL, MINÉRIO DE OURO","Industrial, Industrial","Sim","27/12/2010"
"Gerência Regional / GO","860715/2003","Requerimento de Autorização de Pesquisa","Requerimento de Lavra","13.576.808/0001-63","Rio Claro Minerals Pesquisa e Exploração Mineral SA","ISRAELÂNDIA - GO","DIAMANTE INDUSTRIAL, MINÉRIO DE OURO","Industrial, Industrial","Sim","27/12/2010"
"Gerência Regional / GO","860450/2007","Requerimento de Autorização de Pesquisa","Requerimento de Lavra","13.576.808/0001-63","Rio Claro Minerals Pesquisa e Exploração Mineral SA","JAUPACI - GO","DIAMANTE, MINÉRIO DE OURO","Industrial, Industrial","Sim","15/10/2008"
"Gerência Regional / GO","860450/2007","Requerimento de Autorização de Pesquisa","Requerimento de Lavra","13.576.808/0001-63","Rio Claro Minerals Pesquisa e Exploração Mineral SA","JAUPACI - GO","DIAMANTE, MINÉRIO DE OURO","Industrial, Industrial","Sim","14/05/2012"
"Gerência Regional / GO","861116/2022","Requerimento de Pesquisa - Leilão","Autorização de Pesquisa","20.094.607/0001-95","MV FOSFATO S.A.","CAMPOS BELOS - GO","MINÉRIO DE OURO","Industrial","Sim","24/11/2023"
"Gerência Regional / GO","860649/1981","Requerimento de Autorização de Pesquisa","Concessão de Lavra","35.098.488/0001-16","SERRA DAS THERMAS MINERACAO LTDA","CALDAS NOVAS - GO","ÁGUAS TERMAIS","Demais substâncias","Sim","08/11/2007"
"Gerência Regional / GO","860522/1986","Requerimento de Autorização de Pesquisa","Concessão de Lavra","35.098.488/0001-16","SERRA DAS THERMAS MINERACAO LTDA","CALDAS NOVAS - GO","ÁGUA MINERAL","Demais substâncias","Sim","26/10/1994"
"Gerência Regional / GO","862619/1980","Requerimento de Autorização de Pesquisa","Concessão de Lavra","35.098.488/0001-16","SERRA DAS THERMAS MINERACAO LTDA","CALDAS NOVAS - GO","ÁGUA MINERAL","Demais substâncias","Sim","10/05/2021"
"Gerência Regional / GO","861089/1987","Requerimento de Autorização de Pesquisa","Concessão de Lavra","35.098.488/0001-16","SERRA DAS THERMAS MINERACAO LTDA","CALDAS NOVAS - GO","ÁGUA MINERAL","Demais substâncias","Sim","28/11/1995"
"Gerência Regional / GO","861089/1987","Requerimento de Autorização de Pesquisa","Concessão de Lavra","35.098.488/0001-16","SERRA DAS THERMAS MINERACAO LTDA","CALDAS NOVAS - GO","ÁGUA MINERAL","Demais substâncias","Sim","05/05/2021"
"Gerência Regional / GO","860031/2017","Requerimento de Autorização de Pesquisa","Autorização de Pesquisa","40.988.069/0001-90","COOPERATIVA DE MINERADORES E GARIMPEIROS DA REGIAO DE NIQUELANDIA - COOPERMINI","NIQUELÂNDIA - GO","MINÉRIO DE OURO","Industrial","Sim","30/09/2020"
"Gerência Regional / GO","860031/2017","Requerimento de Autorização de Pesquisa","Autorização de Pesquisa","40.988.069/0001-90","COOPERATIVA DE MINERADORES E GARIMPEIROS DA REGIAO DE NIQUELANDIA - COOPERMINI","NIQUELÂNDIA - GO","MINÉRIO DE OURO","Industrial","Sim","30/09/2024"
"Gerência Regional / GO","860030/2017","Requerimento de Autorização de Pesquisa","Autorização de Pesquisa","40.988.069/0001-90","COOPERATIVA DE MINERADORES E GARIMPEIROS DA REGIAO DE NIQUELANDIA - COOPERMINI","NIQUELÂNDIA - GO","MINÉRIO DE OURO","Industrial","Sim","30/09/2020"
"Gerência Regional / GO","860030/2017","Requerimento de Autorização de Pesquisa","Autorização de Pesquisa","40.988.069/0001-90","COOPERATIVA DE MINERADORES E GARIMPEIROS DA REGIAO DE NIQUELANDIA - COOPERMINI","NIQUELÂNDIA - GO","MINÉRIO DE OURO","Industrial","Sim","30/09/2024"
"Gerência Regional / GO","860512/2018","Requerimento de Disponibilidade para pesquisa","Concessão de Lavra","41.390.917/0001-27","TUBARAO AREIAS - EIRELI","ARAGUAPAZ - GO, FAINA - GO","AREIA","Construção civil","Sim","10/04/2019"
"Gerência Regional / TO","864466/2008","Requerimento de Autorização de Pesquisa","Autorização de Pesquisa","55.437.761/0001-05","FLEXA MINERACAO LTDA.","CAVALCANTE - GO, PARANÃ - TO","MINÉRIO DE OURO","Industrial","Sim","25/09/2012"
"Gerência Regional / TO","864466/2008","Requerimento de Autorização de Pesquisa","Autorização de Pesquisa","55.437.761/0001-05","FLEXA MINERACAO LTDA.","CAVALCANTE - GO, PARANÃ - TO","MINÉRIO DE OURO","Industrial","Sim","22/08/2018"
"Gerência Regional / TO","864466/2008","Requerimento de Autorização de Pesquisa","Autorização de Pesquisa","55.437.761/0001-05","FLEXA MINERACAO LTDA.","CAVALCANTE - GO, PARANÃ - TO","MINÉRIO DE OURO","Industrial","Sim","19/05/2026"
"Gerência Regional / TO","864466/2008","Requerimento de Autorização de Pesquisa","Autorização de Pesquisa","55.437.761/0001-05","FLEXA MINERACAO LTDA.","CAVALCANTE - GO, PARANÃ - TO","MINÉRIO DE OURO","Industrial","Sim","16/10/2023"
"Gerência Regional / TO","864466/2008","Requerimento de Autorização de Pesquisa","Autorização de Pesquisa","55.437.761/0001-05","FLEXA MINERACAO LTDA.","CAVALCANTE - GO, PARANÃ - TO","MINÉRIO DE OURO","Industrial","Sim","13/10/2021"
"Gerência Regional / TO","864466/2008","Requerimento de Autorização de Pesquisa","Autorização de Pesquisa","55.437.761/0001-05","FLEXA MINERACAO LTDA.","CAVALCANTE - GO, PARANÃ - TO","MINÉRIO DE OURO","Industrial","Sim","17/12/2019"
"Gerência Regional / GO","860292/2013","Requerimento de Disponibilidade para lavra","Requerimento de Lavra","00.052.803/0001-90","PEDREIRA ARAGUAIA LTDA","BONFINÓPOLIS - GO, LEOPOLDO DE BULHÕES - GO","GNAISSE, MINÉRIO DE TITÂNIO","Brita, Industrial","Sim","14/04/2015"
"Gerência Regional / GO","861559/2008","Requerimento de Autorização de Pesquisa","Concessão de Lavra","***.155.631-**","JOSE DE CAMPOS AMARAL","COCALZINHO DE GOIÁS - GO","AREIA","Construção civil","Sim","28/10/2011"
"Gerência Regional / GO","861087/2011","Requerimento de Autorização de Pesquisa","Concessão de Lavra","08.258.118/0001-26","CEFAS MINERACAO LTDA","PORANGATU - GO","GRANITO","Revestimento","Sim","20/12/2024"
"Gerência Regional / GO","861022/2013","Requerimento de Autorização de Pesquisa","Concessão de Lavra","08.258.118/0001-26","CEFAS MINERACAO LTDA","MONTIVIDIU DO NORTE - GO","GRANITO","Revestimento","Sim","13/05/2014"
"Gerência Regional / GO","860731/2016","Requerimento de Autorização de Pesquisa","Autorização de Pesquisa","08.258.118/0001-26","CEFAS MINERACAO LTDA","NOVA ROMA - GO","FOSFATO","Fertilizantes","Sim","06/03/2018"
"Gerência Regional / GO","860620/2016","Requerimento de Autorização de Pesquisa","Autorização de Pesquisa","08.258.118/0001-26","CEFAS MINERACAO LTDA","MONTIVIDIU DO NORTE - GO","MINÉRIO DE OURO","Industrial","Sim","16/11/2018"
"Gerência Regional / GO","860619/2016","Requerimento de Autorização de Pesquisa","Autorização de Pesquisa","08.258.118/0001-26","CEFAS MINERACAO LTDA","JAÚ DO TOCANTINS - TO, MINAÇU - GO","MINÉRIO DE OURO","Industrial","Sim","16/11/2018"
"Gerência Regional / GO","860518/2017","Requerimento de Autorização de Pesquisa","Autorização de Pesquisa","08.258.118/0001-26","CEFAS MINERACAO LTDA","VILA BOA - GO","MINÉRIO DE OURO","Industrial","Sim","06/03/2018"
"Gerência Regional / GO","860517/2017","Requerimento de Autorização de Pesquisa","Autorização de Pesquisa","08.258.118/0001-26","CEFAS MINERACAO LTDA","FLORES DE GOIÁS - GO","MINÉRIO DE OURO","Industrial","Sim","06/03/2018"
"Gerência Regional / GO","860516/2017","Requerimento de Autorização de Pesquisa","Autorização de Pesquisa","08.258.118/0001-26","CEFAS MINERACAO LTDA","NIQUELÂNDIA - GO","MINÉRIO DE MANGANÊS","Industrial","Sim","06/03/2018"
"Gerência Regional / GO","860247/2018","Requerimento de Autorização de Pesquisa","Autorização de Pesquisa","08.250.481/0001-03","MINERACAO CASTELO LTDA.","MINAÇU - GO","MINÉRIO DE OURO, QUARTZO","Industrial, Industrial","Sim","31/03/2023"
"Gerência Regional / GO","861480/2012","Requerimento de Autorização de Pesquisa","Concessão de Lavra","10.404.860/0001-44","Mineração Rio do Sal Ltda","PADRE BERNARDO - GO","CALCÁRIO","Fabricação de cimento","Sim","30/06/2017"
"Gerência Regional / GO","860466/2009","Requerimento de Autorização de Pesquisa","Concessão de Lavra","10.404.860/0001-44","Mineração Rio do Sal Ltda","PADRE BERNARDO - GO","CALCÁRIO, CALCÁRIO, CALCÁRIO","Brita, Fabricação de cal, Fabricação de cimento","Sim","29/07/2010"
"Gerência Regional / GO","860962/2012","Requerimento de Disponibilidade para pesquisa","Autorização de Pesquisa","10.305.631/0001-72","MAVE MINERACAO S/A","CATALÃO - GO, OUVIDOR - GO","FOSFATO","Fertilizantes","Sim","24/04/2015"
"Gerência Regional / GO","861993/2007","Requerimento de Autorização de Pesquisa","Concessão de Lavra","10.649.567/0001-47","RIO VERMELHO MINERACAO LTDA","LUZIÂNIA - GO","AREIA, MINÉRIO DE OURO","Construção civil, Industrial","Sim","02/07/2018"
"Gerência Regional / GO","861992/2007","Requerimento de Autorização de Pesquisa","Concessão de Lavra","10.649.567/0001-47","RIO VERMELHO MINERACAO LTDA","LUZIÂNIA - GO","AREIA, MINÉRIO DE OURO","Construção civil, Industrial","Sim","28/01/2011"
"Gerência Regional / GO","860065/2009","Requerimento de Autorização de Pesquisa","Requerimento de Lavra","13.055.336/0001-01","PEDREIRA MSC LTDA","SANTA TEREZA DE GOIÁS - GO","GRANITO, ILMENITA","Brita, Industrial","Sim","16/03/2012"
"Gerência Regional / GO","860064/2009","Requerimento de Autorização de Pesquisa","Requerimento de Lavra","13.055.336/0001-01","PEDREIRA MSC LTDA","SANTA TEREZA DE GOIÁS - GO","GRANITO, ILMENITA","Brita, Industrial","Sim","16/03/2012"
"Gerência Regional / GO","860097/2009","Requerimento de Autorização de Pesquisa","Requerimento de Lavra","13.055.336/0001-01","PEDREIRA MSC LTDA","SANTA TEREZA DE GOIÁS - GO","GRANITO, ILMENITA","Brita, Industrial","Sim","16/03/2012"
"Gerência Regional / GO","860349/2005","Requerimento de Autorização de Pesquisa","Requerimento de Lavra","13.576.808/0001-63","Rio Claro Minerals Pesquisa e Exploração Mineral SA","JAUPACI - GO","DIAMANTE INDUSTRIAL, MINÉRIO DE OURO","Industrial, Industrial","Sim","23/02/2011"
"Gerência Regional / GO","860344/2004","Requerimento de Autorização de Pesquisa","Requerimento de Lavra","13.576.808/0001-63","Rio Claro Minerals Pesquisa e Exploração Mineral SA","FAZENDA NOVA - GO, JAUPACI - GO","DIAMANTE INDUSTRIAL, MINÉRIO DE OURO","Industrial, Industrial","Sim","14/05/2012"
"Gerência Regional / GO","861168/2007","Requerimento de Autorização de Pesquisa","Requerimento de Lavra","13.576.808/0001-63","Rio Claro Minerals Pesquisa e Exploração Mineral SA","FAZENDA NOVA - GO, ISRAELÂNDIA - GO","DIAMANTE, MINÉRIO DE OURO","Industrial, Industrial","Sim","14/05/2012"
"Gerência Regional / GO","861167/2007","Requerimento de Autorização de Pesquisa","Requerimento de Lavra","13.576.808/0001-63","Rio Claro Minerals Pesquisa e Exploração Mineral SA","FAZENDA NOVA - GO, JAUPACI - GO","DIAMANTE, MINÉRIO DE OURO","Industrial, Industrial","Sim","14/05/2012"
"Gerência Regional / GO","860914/2011","Requerimento de Autorização de Pesquisa","Autorização de Pesquisa","13.576.808/0001-63","Rio Claro Minerals Pesquisa e Exploração Mineral SA","FAZENDA NOVA - GO, JAUPACI - GO","DIAMANTE","Industrial","Sim","14/05/2012"
"Gerência Regional / GO","860913/2011","Requerimento de Autorização de Pesquisa","Autorização de Pesquisa","13.576.808/0001-63","Rio Claro Minerals Pesquisa e Exploração Mineral SA","JAUPACI - GO","DIAMANTE","Industrial","Sim","14/05/2012"
"Gerência Regional / GO","860718/2003","Requerimento de Autorização de Pesquisa","Requerimento de Lavra","13.576.808/0001-63","Rio Claro Minerals Pesquisa e Exploração Mineral SA","FAZENDA NOVA - GO, JAUPACI - GO","DIAMANTE INDUSTRIAL, MINÉRIO DE OURO","Industrial, Industrial","Sim","04/08/2011"
"Gerência Regional / GO","860717/2003","Requerimento de Autorização de Pesquisa","Requerimento de Lavra","13.576.808/0001-63","Rio Claro Minerals Pesquisa e Exploração Mineral SA","FAZENDA NOVA - GO, ISRAELÂNDIA - GO, JAUPACI - GO","DIAMANTE INDUSTRIAL, MINÉRIO DE OURO","Industrial, Industrial","Sim","14/05/2012"
"Gerência Regional / GO","860716/2003","Requerimento de Autorização de Pesquisa","Requerimento de Lavra","13.576.808/0001-63","Rio Claro Minerals Pesquisa e Exploração Mineral SA","FAZENDA NOVA - GO, JAUPACI - GO","DIAMANTE INDUSTRIAL, MINÉRIO DE OURO","Industrial, Industrial","Sim","04/08/2011"
"Gerência Regional / GO","860715/2003","Requerimento de Autorização de Pesquisa","Requerimento de Lavra","13.576.808/0001-63","Rio Claro Minerals Pesquisa e Exploração Mineral SA","ISRAELÂNDIA - GO","DIAMANTE INDUSTRIAL, MINÉRIO DE OURO","Industrial, Industrial","Sim","14/05/2012"
"Gerência Regional / GO","860450/2007","Requerimento de Autorização de Pesquisa","Requerimento de Lavra","13.576.808/0001-63","Rio Claro Minerals Pesquisa e Exploração Mineral SA","JAUPACI - GO","DIAMANTE, MINÉRIO DE OURO","Industrial, Industrial","Sim","27/12/2010"
"Gerência Regional / MG","832446/2001","Requerimento de Autorização de Pesquisa","Requerimento de Lavra","19.240.506/0001-04","Agropecuária Tapirai Ltda","CRISTALINA - GO, UNAÍ - MG","ARGILA, MINÉRIO DE OURO","Industrial, Ourivesaria","Sim","27/08/2014"
"Gerência Regional / GO","861116/2022","Requerimento de Pesquisa - Leilão","Autorização de Pesquisa","20.094.607/0001-95","MV FOSFATO S.A.","CAMPOS BELOS - GO","MINÉRIO DE OURO","Industrial","Sim","11/04/2024"
"Gerência Regional / GO","860558/2019","Requerimento de Autorização de Pesquisa","Autorização de Pesquisa","20.546.705/0001-16","PANCIERI ROCHAS DO BRASIL LTDA","COLINAS DO SUL - GO","MINÉRIO DE OURO","Industrial","Sim","12/04/2022"
"Gerência Regional / GO","860061/2019","Requerimento de Autorização de Pesquisa","Direito de Requerer a Lavra","20.546.705/0001-16","PANCIERI ROCHAS DO BRASIL LTDA","COLINAS DO SUL - GO","MINÉRIO DE OURO","Industrial","Sim","08/03/2022"
"Gerência Regional / GO","861253/2012","Requerimento de Cessão parcial","Requerimento de Lavra","02.306.385/0001-45","BORGES E DONATO LTDA ME","AURILÂNDIA - GO, FIRMINÓPOLIS - GO","AREIA","Construção civil","Sim","21/08/2017"
"Gerência Regional / GO","860684/2016","Requerimento de Autorização de Pesquisa","Autorização de Pesquisa","24.008.586/0001-07","Rio Dourado Mineração Ltda.","FAINA - GO","MINÉRIO DE OURO","Industrial","Sim","06/07/2017"
"Gerência Regional / GO","860683/2016","Requerimento de Autorização de Pesquisa","Autorização de Pesquisa","24.008.586/0001-07","Rio Dourado Mineração Ltda.","FAINA - GO","MINÉRIO DE OURO","Industrial","Sim","06/07/2017"
"Gerência Regional / GO","860686/2016","Requerimento de Autorização de Pesquisa","Autorização de Pesquisa","24.008.586/0001-07","Rio Dourado Mineração Ltda.","FAINA - GO","MINÉRIO DE OURO","Industrial","Sim","06/07/2017"
"Gerência Regional / GO","860649/1981","Requerimento de Autorização de Pesquisa","Concessão de Lavra","35.098.488/0001-16","SERRA DAS THERMAS MINERACAO LTDA","CALDAS NOVAS - GO","ÁGUAS TERMAIS","Demais substâncias","Sim","05/05/2021"
"Gerência Regional / GO","860522/1986","Requerimento de Autorização de Pesquisa","Concessão de Lavra","35.098.488/0001-16","SERRA DAS THERMAS MINERACAO LTDA","CALDAS NOVAS - GO","ÁGUA MINERAL","Demais substâncias","Sim","05/05/2021"
"Gerência Regional / GO","862619/1980","Requerimento de Autorização de Pesquisa","Concessão de Lavra","35.098.488/0001-16","SERRA DAS THERMAS MINERACAO LTDA","CALDAS NOVAS - GO","ÁGUA MINERAL","Demais substâncias","Sim","20/11/2007"
"Gerência Regional / GO","861089/1987","Requerimento de Autorização de Pesquisa","Concessão de Lavra","35.098.488/0001-16","SERRA DAS THERMAS MINERACAO LTDA","CALDAS NOVAS - GO","ÁGUA MINERAL","Demais substâncias","Sim","04/09/1997"
"Gerência Regional / GO","860031/2017","Requerimento de Autorização de Pesquisa","Autorização de Pesquisa","40.988.069/0001-90","COOPERATIVA DE MINERADORES E GARIMPEIROS DA REGIAO DE NIQUELANDIA - COOPERMINI","NIQUELÂNDIA - GO","MINÉRIO DE OURO","Industrial","Sim","13/06/2022"
"Gerência Regional / GO","860030/2017","Requerimento de Autorização de Pesquisa","Autorização de Pesquisa","40.988.069/0001-90","COOPERATIVA DE MINERADORES E GARIMPEIROS DA REGIAO DE NIQUELANDIA - COOPERMINI","NIQUELÂNDIA - GO","MINÉRIO DE OURO","Industrial","Sim","13/06/2022"
"Gerência Regional / GO","860512/2018","Requerimento de Disponibilidade para pesquisa","Concessão de Lavra","41.390.917/0001-27","TUBARAO AREIAS - EIRELI","ARAGUAPAZ - GO, FAINA - GO","AREIA","Construção civil","Sim","23/04/2021"
"Gerência Regional / GO","860241/2022","Requerimento de Disponibilidade para pesquisa","Requerimento de Lavra","41.390.917/0001-27","TUBARAO AREIAS - EIRELI","ARAGUAPAZ - GO, FAINA - GO","AREIA","Construção civil","Sim","05/12/2025"
"Gerência Regional / GO","860240/2022","Requerimento de Disponibilidade para pesquisa","Requerimento de Lavra","41.390.917/0001-27","TUBARAO AREIAS - EIRELI","ARAGUAPAZ - GO, FAINA - GO","AREIA","Construção civil","Sim","05/12/2025"
"Gerência Regional / GO","860465/2020","Requerimento de Autorização de Pesquisa","Autorização de Pesquisa","42.019.578/0001-30","ULTRA BRASIL RARE EARTHS MINERACAO LTDA","IPORÁ - GO","MINÉRIO DE NÍQUEL","Industrial","Sim","24/11/2023"
"Gerência Regional / GO","860464/2020","Requerimento de Autorização de Pesquisa","Autorização de Pesquisa","42.019.578/0001-30","ULTRA BRASIL RARE EARTHS MINERACAO LTDA","DIORAMA - GO, IPORÁ - GO","MINÉRIO DE NÍQUEL","Industrial","Sim","24/11/2023"
"Gerência Regional / GO","860343/2023","Requerimento de Autorização de Pesquisa","Autorização de Pesquisa","42.019.578/0001-30","ULTRA BRASIL RARE EARTHS MINERACAO LTDA","JAUPACI - GO","TERRAS RARAS","Industrial","Sim","30/09/2024"
"Gerência Regional / GO","860342/2023","Requerimento de Autorização de Pesquisa","Autorização de Pesquisa","42.019.578/0001-30","ULTRA BRASIL RARE EARTHS MINERACAO LTDA","JAUPACI - GO","TERRAS RARAS","Industrial","Sim","30/09/2024"
"Gerência Regional / GO","860341/2023","Requerimento de Autorização de Pesquisa","Autorização de Pesquisa","42.019.578/0001-30","ULTRA BRASIL RARE EARTHS MINERACAO LTDA","DIORAMA - GO, JAUPACI - GO","TERRAS RARAS","Industrial","Sim","30/09/2024"
"Gerência Regional / GO","860340/2023","Requerimento de Autorização de Pesquisa","Autorização de Pesquisa","42.019.578/0001-30","ULTRA BRASIL RARE EARTHS MINERACAO LTDA","DIORAMA - GO, JAUPACI - GO","TERRAS RARAS","Industrial","Sim","30/09/2024"
"Gerência Regional / GO","860339/2023","Requerimento de Autorização de Pesquisa","Autorização de Pesquisa","42.019.578/0001-30","ULTRA BRASIL RARE EARTHS MINERACAO LTDA","DIORAMA - GO","TERRAS RARAS","Industrial","Sim","30/09/2024"
"Gerência Regional / GO","860338/2023","Requerimento de Autorização de Pesquisa","Autorização de Pesquisa","42.019.578/0001-30","ULTRA BRASIL RARE EARTHS MINERACAO LTDA","DIORAMA - GO, JAUPACI - GO","TERRAS RARAS","Industrial","Sim","30/09/2024"
"Gerência Regional / GO","860337/2023","Requerimento de Autorização de Pesquisa","Autorização de Pesquisa","42.019.578/0001-30","ULTRA BRASIL RARE EARTHS MINERACAO LTDA","JAUPACI - GO","TERRAS RARAS","Industrial","Sim","30/09/2024"
"Gerência Regional / GO","860336/2023","Requerimento de Autorização de Pesquisa","Autorização de Pesquisa","42.019.578/0001-30","ULTRA BRASIL RARE EARTHS MINERACAO LTDA","JAUPACI - GO","TERRAS RARAS","Industrial","Sim","30/09/2024"
"Gerência Regional / GO","860335/2023","Requerimento de Autorização de Pesquisa","Autorização de Pesquisa","42.019.578/0001-30","ULTRA BRASIL RARE EARTHS MINERACAO LTDA","DIORAMA - GO, JAUPACI - GO","TERRAS RARAS","Industrial","Sim","19/09/2024"
"Gerência Regional / GO","860334/2023","Requerimento de Autorização de Pesquisa","Autorização de Pesquisa","42.019.578/0001-30","ULTRA BRASIL RARE EARTHS MINERACAO LTDA","JAUPACI - GO","TERRAS RARAS","Industrial","Sim","19/09/2024"
"Gerência Regional / GO","860333/2023","Requerimento de Autorização de Pesquisa","Autorização de Pesquisa","42.019.578/0001-30","ULTRA BRASIL RARE EARTHS MINERACAO LTDA","DIORAMA - GO, JAUPACI - GO","TERRAS RARAS","Industrial","Sim","24/11/2023"
"Gerência Regional / GO","860307/2023","Requerimento de Autorização de Pesquisa","Autorização de Pesquisa","42.019.578/0001-30","ULTRA BRASIL RARE EARTHS MINERACAO LTDA","DIORAMA - GO, IPORÁ - GO","TERRAS RARAS","Industrial","Sim","24/11/2023"
"Gerência Regional / GO","860060/2018","Requerimento de Autorização de Pesquisa","Autorização de Pesquisa","42.019.578/0001-30","ULTRA BRASIL RARE EARTHS MINERACAO LTDA","IPORÁ - GO","CALCÁRIO, FOSFATO, MINÉRIO DE COBALTO, TERRAS RARAS","Corretivo de solo, Fertilizantes, Industrial, Industrial","Sim","24/11/2023"
"Gerência Regional / GO","860059/2018","Requerimento de Autorização de Pesquisa","Autorização de Pesquisa","42.019.578/0001-30","ULTRA BRASIL RARE EARTHS MINERACAO LTDA","IPORÁ - GO","CALCÁRIO, FOSFATO, MINÉRIO DE COBALTO, TERRAS RARAS","Corretivo de solo, Fertilizantes, Industrial, Industrial","Sim","24/11/2023"
"Gerência Regional / GO","860058/2018","Requerimento de Autorização de Pesquisa","Autorização de Pesquisa","42.019.578/0001-30","ULTRA BRASIL RARE EARTHS MINERACAO LTDA","IPORÁ - GO","CALCÁRIO, FOSFATO, MINÉRIO DE COBALTO, TERRAS RARAS","Corretivo de solo, Fertilizantes, Industrial, Industrial","Sim","24/11/2023"
"Gerência Regional / GO","860498/2020","Requerimento de Autorização de Pesquisa","Autorização de Pesquisa","42.019.578/0001-30","ULTRA BRASIL RARE EARTHS MINERACAO LTDA","DIORAMA - GO, IPORÁ - GO","MINÉRIO DE NÍQUEL","Industrial","Sim","24/11/2023"
"Gerência Regional / GO","860469/2020","Requerimento de Autorização de Pesquisa","Autorização de Pesquisa","42.019.578/0001-30","ULTRA BRASIL RARE EARTHS MINERACAO LTDA","IPORÁ - GO, ISRAELÂNDIA - GO","MINÉRIO DE NÍQUEL","Industrial","Sim","24/11/2023"
"Gerência Regional / GO","860468/2020","Requerimento de Autorização de Pesquisa","Autorização de Pesquisa","42.019.578/0001-30","ULTRA BRASIL RARE EARTHS MINERACAO LTDA","IPORÁ - GO, ISRAELÂNDIA - GO, JAUPACI - GO","MINÉRIO DE NÍQUEL","Industrial","Sim","24/11/2023"
"Gerência Regional / GO","860859/2018","Requerimento de Autorização de Pesquisa","Autorização de Pesquisa","41.621.238/0001-11","MINERACAO AREIA ANGELO LTDA","APARECIDA DO RIO DOCE - GO, CACHOEIRA ALTA - GO, CAÇU - GO, JATAÍ - GO","AREIA, CASCALHO, DIAMANTE, DIAMANTE","Construção civil, Construção civil, Gema, Industrial","Sim","07/03/2024"
"Gerência Regional / GO","860754/2022","Requerimento de Autorização de Pesquisa","Autorização de Pesquisa","41.621.238/0001-11","MINERACAO AREIA ANGELO LTDA","CAÇU - GO, ITARUMÃ - GO","AREIA, CASCALHO, DIAMANTE, DIAMANTE","Construção civil, Construção civil, Gema, Industrial","Sim","09/04/2024"
"Gerência Regional / TO","864466/2008","Requerimento de Autorização de Pesquisa","Autorização de Pesquisa","55.437.761/0001-05","FLEXA MINERACAO LTDA.","CAVALCANTE - GO, PARANÃ - TO","MINÉRIO DE OURO","Industrial","Sim","25/08/2014"
"Gerência Regional / GO","861116/2003","Requerimento de Autorização de Pesquisa","Requerimento de Lavra","01.445.576/0001-25","TERRA GOYANA MINERADORA LTDA","BARRO ALTO - GO, SANTA RITA DO NOVO DESTINO - GO","BAUXITA, MINÉRIO DE TITÂNIO","Industrial, Industrial","Sim","20/01/2011"
"Gerência Regional / GO","861033/2010","Requerimento de Autorização de Pesquisa","Autorização de Pesquisa","05.731.908/0001-99","KYMERA MINE MINERACAO E COMERCIO LTDA","JARAGUÁ - GO, RIANÁPOLIS - GO","BARITA","Industrial","Sim","27/02/2015"
"Gerência Regional / GO","861199/1986","Requerimento de Autorização de Pesquisa","Concessão de Lavra","04.746.213/0001-18","MINERADORA THERMAS LTDA","CALDAS NOVAS - GO","ÁGUA MINERAL, ÁGUAS TERMAIS","Balneoterapia, Demais substâncias","Sim","04/06/1998"
"Gerência Regional / GO","860141/2019","Requerimento de Autorização de Pesquisa","Autorização de Pesquisa","08.250.481/0001-03","MINERACAO CASTELO LTDA.","COLINAS DO SUL - GO","MINÉRIO DE OURO, QUARTZO","Industrial, Industrial","Sim","27/01/2026"
"Gerência Regional / GO","861922/1995","Requerimento de Autorização de Pesquisa","Concessão de Lavra","10.404.860/0001-44","Mineração Rio do Sal Ltda","PADRE BERNARDO - GO","CALCÁRIO","Demais substâncias","Sim","25/01/2010"
"Gerência Regional / GO","861192/2007","Requerimento de Autorização de Pesquisa","Concessão de Lavra","33.597.618/0001-30","A R Borges de Sousa Me","RIALMA - GO, SANTA ISABEL - GO","AREIA, CASCALHO, MINÉRIO DE OURO","Construção civil, Construção civil, Industrial","Sim","04/07/2013"
"Gerência Regional / GO","860088/2009","Requerimento de Autorização de Pesquisa","Concessão de Lavra","13.055.336/0001-01","PEDREIRA MSC LTDA","SANTA TEREZA DE GOIÁS - GO","GRANITO, ILMENITA","Brita, Industrial","Sim","01/09/2009"
"Gerência Regional / GO","860088/2009","Requerimento de Autorização de Pesquisa","Concessão de Lavra","13.055.336/0001-01","PEDREIRA MSC LTDA","SANTA TEREZA DE GOIÁS - GO","GRANITO, ILMENITA","Brita, Industrial","Sim","29/01/2013"
"Gerência Regional / GO","860449/2007","Requerimento de Autorização de Pesquisa","Requerimento de Lavra","13.576.808/0001-63","Rio Claro Minerals Pesquisa e Exploração Mineral SA","JAUPACI - GO","DIAMANTE, MINÉRIO DE OURO","Industrial, Industrial","Sim","15/10/2008"
"Gerência Regional / GO","860449/2007","Requerimento de Autorização de Pesquisa","Requerimento de Lavra","13.576.808/0001-63","Rio Claro Minerals Pesquisa e Exploração Mineral SA","JAUPACI - GO","DIAMANTE, MINÉRIO DE OURO","Industrial, Industrial","Sim","14/05/2012"
"Gerência Regional / GO","861118/2022","Requerimento de Pesquisa - Leilão","Autorização de Pesquisa","20.094.607/0001-95","MV FOSFATO S.A.","ARRAIAS - TO, CAMPOS BELOS - GO","MINÉRIO DE OURO","Industrial","Sim","24/11/2023"
"Gerência Regional / GO","860958/1984","Requerimento de Autorização de Pesquisa","Concessão de Lavra","35.098.488/0001-16","SERRA DAS THERMAS MINERACAO LTDA","CALDAS NOVAS - GO","ÁGUA MINERAL","Balneoterapia","Sim","19/12/2014"
"Gerência Regional / GO","860345/2016","Requerimento de Autorização de Pesquisa","Requerimento de Lavra","09.388.634/0001-38","DANIEL ALEXANDRE DA SILVA","CRIXÁS - GO, GUARINOS - GO","AREIA, MINÉRIO DE OURO","Construção civil, Industrial","Sim","27/06/2018"
"Gerência Regional / GO","860032/2017","Requerimento de Autorização de Pesquisa","Autorização de Pesquisa","40.988.069/0001-90","COOPERATIVA DE MINERADORES E GARIMPEIROS DA REGIAO DE NIQUELANDIA - COOPERMINI","NIQUELÂNDIA - GO","MINÉRIO DE OURO","Industrial","Sim","30/09/2020"
"Gerência Regional / GO","860032/2017","Requerimento de Autorização de Pesquisa","Autorização de Pesquisa","40.988.069/0001-90","COOPERATIVA DE MINERADORES E GARIMPEIROS DA REGIAO DE NIQUELANDIA - COOPERMINI","NIQUELÂNDIA - GO","MINÉRIO DE OURO","Industrial","Sim","30/09/2024"
"Gerência Regional / GO","860023/2025","Requerimento de Autorização de Pesquisa","Autorização de Pesquisa","43.029.605/0001-18","MF MINERACAO E TRANSPORTE LTDA","ARENÓPOLIS - GO, IPORÁ - GO","AREIA, DIAMANTE","Gema, Industrial","Sim","17/03/2026"
"Gerência Regional / GO","861337/2021","Requerimento de Pesquisa - Leilão","Autorização de Pesquisa","45.279.193/0001-08","RIO DOS PEIXES MINERACAO LTDA","NIQUELÂNDIA - GO","MINÉRIO DE OURO","Industrial","Sim","23/03/2022"
"Gerência Regional / GO","861337/2021","Requerimento de Pesquisa - Leilão","Autorização de Pesquisa","45.279.193/0001-08","RIO DOS PEIXES MINERACAO LTDA","NIQUELÂNDIA - GO","MINÉRIO DE OURO","Industrial","Sim","24/11/2023"
"Gerência Regional / GO","861749/2021","Requerimento de Autorização de Pesquisa","Autorização de Pesquisa","***.701.800-**","GEOCI LEONAR BARBOSA","NIQUELÂNDIA - GO","MINÉRIO DE OURO","Industrial","Sim","19/04/2023"
"Gerência Regional / GO","860583/2024","Requerimento de Autorização de Pesquisa","Autorização de Pesquisa","47.966.389/0001-98","R C MONTEIRO COMERCIO DE AREIA LTDA","PARAÚNA - GO","OURO","Industrial","Sim","27/03/2025"
"Gerência Regional / GO","861638/2024","Requerimento de Pesquisa - Leilão","Autorização de Pesquisa","57.360.449/0001-88","AOG MINERACAO S/A","CAMPOS VERDES - GO, SANTA TEREZINHA DE GOIÁS - GO","MINÉRIO DE OURO","Industrial","Sim","04/08/2025"
"Gerência Regional / GO","861116/2003","Requerimento de Autorização de Pesquisa","Requerimento de Lavra","01.445.576/0001-25","TERRA GOYANA MINERADORA LTDA","BARRO ALTO - GO, SANTA RITA DO NOVO DESTINO - GO","BAUXITA, MINÉRIO DE TITÂNIO","Industrial, Industrial","Sim","22/12/2015"
"Gerência Regional / GO","860465/1986","Requerimento de Autorização de Pesquisa","Concessão de Lavra","01.668.103/0001-97","OURO BRANCO MINERACAO LTDA","CALDAS NOVAS - GO","ÁGUA MINERAL","Demais substâncias","Sim","06/03/1998"
"Gerência Regional / GO","860516/1986","Requerimento de Autorização de Pesquisa","Concessão de Lavra","01.956.912/0001-02","HIDROMIGO MINERACAO LTDA","CALDAS NOVAS - GO","ÁGUA MINERAL","Demais substâncias","Sim","02/01/1998"
"Gerência Regional / GO","860354/1998","Requerimento de Autorização de Pesquisa","Concessão de Lavra","02.522.005/0001-00","AREIA ANHANGUERA LTDA","ANHANGUERA - GO, CUMARI - GO","AREIA","Construção civil","Sim","11/09/1998"
"Gerência Regional / GO","860876/1999","Requerimento de Registro de Licença","Concessão de Lavra","03.417.227/0001-25","TARCAL TRANSPORTES E MATERIAL DE CONSTRUCAO LTDA","JARAGUÁ - GO, RIANÁPOLIS - GO","AREIA, CASCALHO","Demais substâncias, Demais substâncias","Sim","24/04/2002"
"Gerência Regional / GO","861965/1984","Requerimento de Autorização de Pesquisa","Concessão de Lavra","24.793.929/0001-83","Jalina Thermas Mineração Ltda","CALDAS NOVAS - GO","ÁGUA MINERAL","Balneoterapia","Sim","05/07/1989"
"Gerência Regional / GO","860082/1989","Requerimento de Autorização de Pesquisa","Concessão de Lavra","33.554.452/0001-74","Titanio Goiás Mineração Ind. e Com. Ltda","AVELINÓPOLIS - GO, NAZÁRIO - GO, SANTA BÁRBARA DE GOIÁS - GO","MINÉRIO DE TITÂNIO","Demais substâncias","Sim","15/08/1995"
"Gerência Regional / GO","861092/2007","Requerimento de Autorização de Pesquisa","Concessão de Lavra","36.847.747/0001-27","V. P. DA SILVA AGROMAX - AGROPECUARIA","SILVÂNIA - GO","AREIA","Construção civil","Sim","28/12/2007"
"Gerência Regional / GO","861416/2010","Requerimento de Autorização de Pesquisa","Requerimento de Lavra","03.163.210/0001-99","SARKIS MINERACAO LTDA","PADRE BERNARDO - GO","CALCÁRIO","Fabricação de cimento","Sim","01/10/2013"
"Gerência Regional / GO","861033/2010","Requerimento de Autorização de Pesquisa","Autorização de Pesquisa","05.731.908/0001-99","KYMERA MINE MINERACAO E COMERCIO LTDA","JARAGUÁ - GO, RIANÁPOLIS - GO","BARITA","Industrial","Sim","08/09/2016"
"Gerência Regional / GO","860524/2002","Requerimento de Autorização de Pesquisa","Concessão de Lavra","01.976.153/0002-12","ELETRO MINERACAO SAO SIMAO LTDA","SÃO SIMÃO - GO","BASALTO","Brita","Sim","06/11/2002"
"Gerência Regional / GO","860195/2011","Requerimento de Cessão parcial","Requerimento de Lavra","33.553.561/0001-77","CERAMICA RIO VERDE LTDA","CATALÃO - GO","ARGILA, DIAMANTE","Cerâmica vermelha, Industrial","Sim","18/10/2013"
"Gerência Regional / GO","860759/2004","Requerimento de Autorização de Pesquisa","Requerimento de Lavra","00.140.322/0001-36","VALE DO RIO VERDE MINERAÇÃO LTDA","GOIÁS - GO","MINÉRIO DE TITÂNIO","Industrial","Sim","29/06/2005"
"Gerência Regional / GO","860163/1998","Requerimento de Autorização de Pesquisa","Concessão de Lavra","00.136.630/0001-98","TRANSPEL TRANSPORTE E BRITAGEM DE PEDRAS LTDA","GOIANIRA - GO","GRANITO","Demais substâncias","Sim","03/05/2006"
"Gerência Regional / GO","860238/1993","Requerimento de Autorização de Pesquisa","Concessão de Lavra","06.102.950/0001-03","MINERACAO THERMAS CORUMBA LTDA","CALDAS NOVAS - GO","ÁGUA MINERAL","Demais substâncias","Sim","08/04/2008"
"Gerência Regional / GO","861199/1986","Requerimento de Autorização de Pesquisa","Concessão de Lavra","04.746.213/0001-18","MINERADORA THERMAS LTDA","CALDAS NOVAS - GO","ÁGUA MINERAL, ÁGUAS TERMAIS","Balneoterapia, Demais substâncias","Sim","29/06/2005"
"Gerência Regional / GO","860293/2013","Requerimento de Disponibilidade para lavra","Requerimento de Lavra","00.052.803/0001-90","PEDREIRA ARAGUAIA LTDA","BONFINÓPOLIS - GO","GNAISSE, MINÉRIO DE TITÂNIO","Brita, Industrial","Sim","14/04/2015"
"Gerência Regional / GO","860447/2007","Requerimento de Autorização de Pesquisa","Direito de Requerer a Lavra","***.763.051-**","FABIANO MUSSI FERRARI","NIQUELÂNDIA - GO, VILA PROPÍCIO - GO","AREIA, CASCALHO, MINÉRIO DE OURO","Construção civil, Construção civil, Industrial","Sim","24/05/2010"
"Gerência Regional / GO","861832/2024","Requerimento de Pesquisa - Leilão","Autorização de Pesquisa","***.947.751-**","José Rodrigues de Lima Neto","PIRENÓPOLIS - GO","AREIA, CASCALHO, MINÉRIO DE OURO","Construção civil, Construção civil, Industrial","Sim","15/05/2025"
"Gerência Regional / GO","861844/2008","Requerimento de Autorização de Pesquisa","Concessão de Lavra","***.155.631-**","JOSE DE CAMPOS AMARAL","COCALZINHO DE GOIÁS - GO","AREIA","Construção civil","Sim","28/10/2011"
"Gerência Regional / GO","860141/2019","Requerimento de Autorização de Pesquisa","Autorização de Pesquisa","08.250.481/0001-03","MINERACAO CASTELO LTDA.","COLINAS DO SUL - GO","MINÉRIO DE OURO, QUARTZO","Industrial, Industrial","Sim","31/03/2023"
"Gerência Regional / GO","861922/1995","Requerimento de Autorização de Pesquisa","Concessão de Lavra","10.404.860/0001-44","Mineração Rio do Sal Ltda","PADRE BERNARDO - GO","CALCÁRIO","Demais substâncias","Sim","17/08/2009"
"Gerência Regional / GO","861192/2007","Requerimento de Autorização de Pesquisa","Concessão de Lavra","33.597.618/0001-30","A R Borges de Sousa Me","RIALMA - GO, SANTA ISABEL - GO","AREIA, CASCALHO, MINÉRIO DE OURO","Construção civil, Construção civil, Industrial","Sim","17/07/2015"
"Gerência Regional / GO","862164/2007","Requerimento de Autorização de Pesquisa","Requerimento de Lavra","10.649.567/0001-47","RIO VERMELHO MINERACAO LTDA","LUZIÂNIA - GO","AREIA, CASCALHO, MINÉRIO DE OURO","Construção civil, Construção civil, Industrial","Sim","28/01/2011"
"Gerência Regional / GO","861283/2011","Requerimento de Autorização de Pesquisa","Autorização de Pesquisa","***.596.701-**","Paulo Alves de Sousa","SANTA BÁRBARA DE GOIÁS - GO","AREIA, CASCALHO, MINÉRIO DE FERRO, SAIBRO","Construção civil, Construção civil, Construção civil, Industrial","Sim","29/01/2013"
"Gerência Regional / GO","860088/2009","Requerimento de Autorização de Pesquisa","Concessão de Lavra","13.055.336/0001-01","PEDREIRA MSC LTDA","SANTA TEREZA DE GOIÁS - GO","GRANITO, ILMENITA","Brita, Industrial","Sim","07/06/2011"
"Gerência Regional / GO","860449/2007","Requerimento de Autorização de Pesquisa","Requerimento de Lavra","13.576.808/0001-63","Rio Claro Minerals Pesquisa e Exploração Mineral SA","JAUPACI - GO","DIAMANTE, MINÉRIO DE OURO","Industrial, Industrial","Sim","27/12/2010"
"Gerência Regional / MG","830410/2005","Requerimento de Autorização de Pesquisa","Concessão de Lavra","03.765.951/0001-40","Espólio de José Machado Neto Fi","ABADIA DOS DOURADOS - MG, COROMANDEL - MG, DAVINÓPOLIS - GO","DIAMANTE INDUSTRIAL","Industrial","Sim","25/10/2012"
"Gerência Regional / MG","832448/2001","Requerimento de Autorização de Pesquisa","Requerimento de Lavra","19.240.506/0001-04","Agropecuária Tapirai Ltda","CRISTALINA - GO, UNAÍ - MG","ARGILA, MINÉRIO DE OURO, TURFA","Industrial, Insumo agrícola, Ourivesaria","Sim","27/08/2014"
"Gerência Regional / GO","861895/2010","Requerimento de Autorização de Pesquisa","Requerimento de Lavra","10.553.211/0001-05","Carvalho e Sousa Oliveira Ltda Me","BALIZA - GO","AREIA","Construção civil","Sim","17/07/2015"
"Gerência Regional / GO","861118/2022","Requerimento de Pesquisa - Leilão","Autorização de Pesquisa","20.094.607/0001-95","MV FOSFATO S.A.","ARRAIAS - TO, CAMPOS BELOS - GO","MINÉRIO DE OURO","Industrial","Sim","11/04/2024"
"Gerência Regional / GO","861344/2016","Requerimento de Autorização de Pesquisa","Direito de Requerer a Lavra","17.440.481/0001-59","ASSUNCAO LOCACOES DE MAQUINAS EIRELI","CRIXÁS - GO, GUARINOS - GO","AREIA","Construção civil","Sim","21/06/2022"
"Gerência Regional / GO","861233/2015","Requerimento de Autorização de Pesquisa","Autorização de Pesquisa","***.395.981-**","Sergio Silva e Souza","HIDROLINA - GO, SÃO LUIZ DO NORTE - GO","MINÉRIO DE OURO","Industrial","Sim","25/01/2018"
"Gerência Regional / GO","861312/2015","Requerimento de Disponibilidade para pesquisa","Requerimento de Lavra","03.419.925/0001-60","Jean de Gardin Ribeiro Chagas Me","CRISTALINA - GO","AREIA","Construção civil","Sim","16/11/2020"
"Gerência Regional / GO","861378/2015","Requerimento de Autorização de Pesquisa","Autorização de Pesquisa","***.836.231-**","ELIVELTON ALVES GOMES","SANTA RITA DO NOVO DESTINO - GO, SÃO LUIZ DO NORTE - GO","MINÉRIO DE OURO","Industrial","Sim","28/08/2018"
"Gerência Regional / GO","861254/2012","Requerimento de Cessão parcial","Concessão de Lavra","02.306.385/0001-45","BORGES E DONATO LTDA ME","AURILÂNDIA - GO, SÃO LUÍS DE MONTES BELOS - GO","AREIA","Construção civil","Sim","18/09/2017"
"Gerência Regional / GO","860685/2016","Requerimento de Autorização de Pesquisa","Autorização de Pesquisa","24.008.586/0001-07","Rio Dourado Mineração Ltda.","FAINA - GO","MINÉRIO DE OURO","Industrial","Sim","06/07/2017"
"Gerência Regional / GO","861511/2024","Requerimento de Pesquisa - Leilão","Autorização de Pesquisa","***.474.891-**","GUSTAVO QUEIROZ CAETANO","CAMPESTRE DE GOIÁS - GO, PALMEIRAS DE GOIÁS - GO","AREIA, CASCALHO","Construção civil, Construção civil","Sim","17/03/2026"
"Gerência Regional / GO","860480/2013","Requerimento de Disponibilidade para pesquisa","Requerimento de Lavra","29.521.768/0001-92","COIMBRA BUENO TASSARA 02575710197","PONTALINA - GO","AREIA, MINÉRIO DE OURO","Construção civil, Industrial","Sim","15/06/2018"
"Gerência Regional / GO","860449/2018","Requerimento de Disponibilidade para pesquisa","Autorização de Pesquisa","15.337.357/0001-37","ATLANTA TRANSPORTES LTDA","URUAÇU - GO","AREIA","Construção civil","Sim","04/11/2019"
"Gerência Regional / GO","860958/1984","Requerimento de Autorização de Pesquisa","Concessão de Lavra","35.098.488/0001-16","SERRA DAS THERMAS MINERACAO LTDA","CALDAS NOVAS - GO","ÁGUA MINERAL","Balneoterapia","Sim","22/01/2025"
"Gerência Regional / GO","860345/2016","Requerimento de Autorização de Pesquisa","Requerimento de Lavra","09.388.634/0001-38","DANIEL ALEXANDRE DA SILVA","CRIXÁS - GO, GUARINOS - GO","AREIA, MINÉRIO DE OURO","Construção civil, Industrial","Sim","18/09/2020"
"Gerência Regional / GO","860160/2018","Requerimento de Autorização de Pesquisa","Autorização de Pesquisa","32.547.193/0001-91","JKR NEGOCIOS E INTERMEDIACOES LTDA","COLINAS DO SUL - GO","MINÉRIO DE OURO","Industrial","Sim","10/12/2020"
"Gerência Regional / GO","860032/2017","Requerimento de Autorização de Pesquisa","Autorização de Pesquisa","40.988.069/0001-90","COOPERATIVA DE MINERADORES E GARIMPEIROS DA REGIAO DE NIQUELANDIA - COOPERMINI","NIQUELÂNDIA - GO","MINÉRIO DE OURO","Industrial","Sim","13/06/2022"
"Gerência Regional / GO","860519/2018","Requerimento de Disponibilidade para pesquisa","Requerimento de Lavra","41.390.917/0001-27","TUBARAO AREIAS - EIRELI","ARAGUAPAZ - GO, FAINA - GO","AREIA","Construção civil","Sim","31/12/2021"
"Gerência Regional / GO","860467/2020","Requerimento de Autorização de Pesquisa","Autorização de Pesquisa","42.019.578/0001-30","ULTRA BRASIL RARE EARTHS MINERACAO LTDA","ISRAELÂNDIA - GO, JAUPACI - GO","MINÉRIO DE NÍQUEL","Industrial","Sim","24/11/2023"
"Gerência Regional / GO","860023/2025","Requerimento de Autorização de Pesquisa","Autorização de Pesquisa","43.029.605/0001-18","MF MINERACAO E TRANSPORTE LTDA","ARENÓPOLIS - GO, IPORÁ - GO","AREIA, DIAMANTE","Gema, Industrial","Sim","20/05/2026"
"Gerência Regional / GO","860193/2022","Requerimento de Cessão parcial","Autorização de Pesquisa","15.642.961/0001-77","PAFI PAI & FILHO MINERADORA E AGRONEGOCIOS LTDA","NIQUELÂNDIA - GO","MINÉRIO DE OURO","Industrial","Sim","01/02/2023"
"Gerência Regional / GO","860433/2018","Requerimento de Autorização de Pesquisa","Autorização de Pesquisa","***.874.991-**","GISELE RODRIGUES DOS SANTOS","CRIXÁS - GO","MINÉRIO DE OURO","Industrial","Sim","21/06/2023"
"Gerência Regional / GO","860188/2020","Requerimento de Autorização de Pesquisa","Requerimento de Lavra","05.660.787/0001-31","ESTANCIA MINEIRINHO AREIA E AGRO LTDA","MONTE ALEGRE DE GOIÁS - GO","AREIA, MINÉRIO DE OURO, QUARTZITO","Brita, Construção civil, Industrial","Sim","17/11/2023"
"Gerência Regional / GO","861337/2021","Requerimento de Pesquisa - Leilão","Autorização de Pesquisa","45.279.193/0001-08","RIO DOS PEIXES MINERACAO LTDA","NIQUELÂNDIA - GO","MINÉRIO DE OURO","Industrial","Sim","23/03/2022"
"Gerência Regional / GO","860454/2014","Requerimento de Autorização de Pesquisa","Concessão de Lavra","51.078.984/0001-64","MINERACAO PJ LTDA","ALEXÂNIA - GO, SANTO ANTÔNIO DO DESCOBERTO - GO","AREIA","Construção civil","Sim","22/01/2025"
"Gerência Regional / GO","861749/2021","Requerimento de Autorização de Pesquisa","Autorização de Pesquisa","***.701.800-**","GEOCI LEONAR BARBOSA","NIQUELÂNDIA - GO","MINÉRIO DE OURO","Industrial","Sim","15/04/2024"
"Gerência Regional / GO","860583/2024","Requerimento de Autorização de Pesquisa","Autorização de Pesquisa","47.966.389/0001-98","R C MONTEIRO COMERCIO DE AREIA LTDA","PARAÚNA - GO","OURO","Industrial","Sim","05/12/2025"
"Gerência Regional / GO","860146/2009","Requerimento de Autorização de Pesquisa","Concessão de Lavra","47.530.724/0001-00","BRW MINERACAO S.A.","ANICUNS - GO","CALCÁRIO, CALCÁRIO CALCÍTICO","Fabricação de cimento, Fabricação de cimento","Sim","15/06/2010"
"Gerência Regional / GO","860466/2021","Requerimento de Pesquisa - Leilão","Autorização de Pesquisa","13.837.354/0001-37","LL PARTICIPACOES E EMPREENDIMENTOS IMOBILIARIOS LTDA","SÃO JOÃO D'ALIANÇA - GO","AREIA, MINÉRIO DE MANGANÊS","Construção civil, Industrial","Sim","22/01/2025"
"Gerência Regional / GO","860469/2019","Requerimento de Autorização de Pesquisa","Autorização de Pesquisa","62.330.662/0001-87","MIGRE MINERACAO LTDA","CRIXÁS - GO","AREIA, CASCALHO, MINÉRIO DE OURO","Construção civil, Construção civil, Industrial","Sim","19/04/2023"
"Gerência Regional / GO","860702/2022","Requerimento de Mudança de Regime para Aut. de Pesquisa","Autorização de Pesquisa","62.330.662/0001-87","MIGRE MINERACAO LTDA","CRIXÁS - GO","MINÉRIO DE OURO","Industrial","Sim","17/11/2023"
"Gerência Regional / GO","861323/2010","Requerimento de Autorização de Pesquisa","Requerimento de Lavra","01.413.855/0001-07","GOIASCAL MINERACAO E CALCARIO LTDA","INDIARA - GO","CALCÁRIO, CALCÁRIO","Fabricação de cal, Fabricação de cimento","Sim","28/06/2012"
"Gerência Regional / GO","860839/1988","Requerimento de Autorização de Pesquisa","Requerimento de Lavra","01.413.855/0001-07","GOIASCAL MINERACAO E CALCARIO LTDA","PIRACANJUBA - GO","GRANITO","Demais substâncias","Sim","23/05/2013"
"Gerência Regional / GO","860838/1988","Requerimento de Autorização de Pesquisa","Requerimento de Lavra","01.413.855/0001-07","GOIASCAL MINERACAO E CALCARIO LTDA","PIRACANJUBA - GO","GRANITO","Demais substâncias","Sim","23/05/2013"
"Gerência Regional / GO","860562/2006","Requerimento de Autorização de Pesquisa","Requerimento de Lavra","01.413.855/0001-07","GOIASCAL MINERACAO E CALCARIO LTDA","INDIARA - GO","CALCÁRIO","Fabricação de cimento","Sim","04/10/2007"
"Gerência Regional / GO","860181/2010","Requerimento de Autorização de Pesquisa","Requerimento de Lavra","01.413.855/0001-07","GOIASCAL MINERACAO E CALCARIO LTDA","CEZARINA - GO, INDIARA - GO","AREIA, CALCÁRIO, CALCÁRIO CALCÍTICO, CALCÁRIO DOLOMÍTICO","Construção civil, Corretivo de solo, Corretivo de solo, Fabricação de cal","Sim","28/06/2012"
"Gerência Regional / GO","860755/2008","Requerimento de Autorização de Pesquisa","Autorização de Pesquisa","04.203.290/0001-21","GRANIBAN GRANITOS BANANAL LTDA","COLINAS DO SUL - GO","MINÉRIO DE MANGANÊS","Industrial","Sim","11/09/2024"
"Gerência Regional / GO","860754/2008","Requerimento de Autorização de Pesquisa","Autorização de Pesquisa","04.203.290/0001-21","GRANIBAN GRANITOS BANANAL LTDA","COLINAS DO SUL - GO","MINÉRIO DE MANGANÊS","Industrial","Sim","11/09/2024"
"Gerência Regional / GO","860405/2004","Requerimento de Autorização de Pesquisa","Concessão de Lavra","05.695.212/0001-54","MINERAÇÃO & TRANSPORTE NOSSA SENHORA APARECIDA LTDA","CAÇU - GO, SANTA VITÓRIA - MG, SÃO SIMÃO - GO","AREIA","Construção civil","Sim","23/08/2006"
"Gerência Regional / GO","860405/2004","Requerimento de Autorização de Pesquisa","Concessão de Lavra","05.695.212/0001-54","MINERAÇÃO & TRANSPORTE NOSSA SENHORA APARECIDA LTDA","CAÇU - GO, SANTA VITÓRIA - MG, SÃO SIMÃO - GO","AREIA","Construção civil","Sim","20/07/2004"
"Gerência Regional / GO","809896/1972","Requerimento de Autorização de Pesquisa","Concessão de Lavra","24.348.469/0001-84","CMA AGRONEGOCIOS LTDA","ITABERAÍ - GO","BERILO","Demais substâncias","Sim","27/01/2026"
"Gerência Regional / GO","860469/2019","Requerimento de Autorização de Pesquisa","Autorização de Pesquisa","62.330.662/0001-87","MIGRE MINERACAO LTDA","CRIXÁS - GO","AREIA, CASCALHO, MINÉRIO DE OURO","Construção civil, Construção civil, Industrial","Sim","05/12/2025"
"Gerência Regional / GO","861654/2024","Requerimento de Pesquisa - Leilão","Autorização de Pesquisa","62.392.175/0001-49","CRISTALINA 861.654 SPE LTDA","CRISTALINA - GO","MINÉRIO DE OURO","Industrial","Sim","05/12/2025"
"Gerência Regional / GO","860702/2022","Requerimento de Mudança de Regime para Aut. de Pesquisa","Autorização de Pesquisa","62.330.662/0001-87","MIGRE MINERACAO LTDA","CRIXÁS - GO","MINÉRIO DE OURO","Industrial","Sim","05/12/2025"
"Gerência Regional / GO","860050/2023","Requerimento de Autorização de Pesquisa","Autorização de Pesquisa","54.771.711/0001-99","MINERADORA SOUZA E MARTINS LTDA","CAVALCANTE - GO, MINAÇU - GO, PARANÃ - TO","AREIA, AREIA, MINÉRIO DE OURO","Construção civil, Industrial, Industrial","Sim","14/04/2026"
"Gerência Regional / GO","861533/2024","Requerimento de Pesquisa - Leilão","Autorização de Pesquisa","63.109.547/0001-40","FAINA 861.533 SPE LTDA","FAINA - GO","MINÉRIO DE OURO","Industrial","Sim","27/01/2026"
"Gerência Regional / GO","860462/2025","Requerimento de Autorização de Pesquisa","Autorização de Pesquisa","51.780.360/0001-94","H.S.G. PARTICIPACOES LTDA","INHUMAS - GO","MINÉRIO DE FERRO, MINÉRIO DE MAGNÉSIO","Industrial, Industrial","Sim","27/07/2026"
"Gerência Regional / GO","813396/1973","Requerimento de Autorização de Pesquisa","Concessão de Lavra","01.413.855/0001-07","GOIASCAL MINERACAO E CALCARIO LTDA","INDIARA - GO","CALCÁRIO","Demais substâncias","Sim","04/06/1982"
"Gerência Regional / GO","804106/1976","Requerimento de Autorização de Pesquisa","Concessão de Lavra","01.413.855/0001-07","GOIASCAL MINERACAO E CALCARIO LTDA","CEZARINA - GO, INDIARA - GO","CALCÁRIO","Demais substâncias","Sim","19/08/1987"
"Gerência Regional / GO","804105/1976","Requerimento de Autorização de Pesquisa","Concessão de Lavra","01.413.855/0001-07","GOIASCAL MINERACAO E CALCARIO LTDA","CEZARINA - GO, INDIARA - GO","CALCÁRIO","Demais substâncias","Sim","19/08/1987"
"Gerência Regional / GO","804104/1976","Requerimento de Autorização de Pesquisa","Concessão de Lavra","01.413.855/0001-07","GOIASCAL MINERACAO E CALCARIO LTDA","INDIARA - GO","CALCÁRIO","Demais substâncias","Sim","19/08/1987"
"Gerência Regional / GO","861323/2010","Requerimento de Autorização de Pesquisa","Requerimento de Lavra","01.413.855/0001-07","GOIASCAL MINERACAO E CALCARIO LTDA","INDIARA - GO","CALCÁRIO, CALCÁRIO","Fabricação de cal, Fabricação de cimento","Sim","11/06/2014"
"Gerência Regional / GO","860902/2016","Requerimento de Autorização de Pesquisa","Autorização de Pesquisa","01.413.855/0001-07","GOIASCAL MINERACAO E CALCARIO LTDA","INDIARA - GO","CALCÁRIO, CALCÁRIO","Brita, Fabricação de cimento","Sim","26/10/2021"
"Gerência Regional / GO","860839/1988","Requerimento de Autorização de Pesquisa","Requerimento de Lavra","01.413.855/0001-07","GOIASCAL MINERACAO E CALCARIO LTDA","PIRACANJUBA - GO","GRANITO","Demais substâncias","Sim","27/02/2015"
"Gerência Regional / GO","860838/1988","Requerimento de Autorização de Pesquisa","Requerimento de Lavra","01.413.855/0001-07","GOIASCAL MINERACAO E CALCARIO LTDA","PIRACANJUBA - GO","GRANITO","Demais substâncias","Sim","27/02/2015"
"Gerência Regional / GO","860562/2006","Requerimento de Autorização de Pesquisa","Requerimento de Lavra","01.413.855/0001-07","GOIASCAL MINERACAO E CALCARIO LTDA","INDIARA - GO","CALCÁRIO","Fabricação de cimento","Sim","26/12/2022"
"Gerência Regional / GO","860181/2010","Requerimento de Autorização de Pesquisa","Requerimento de Lavra","01.413.855/0001-07","GOIASCAL MINERACAO E CALCARIO LTDA","CEZARINA - GO, INDIARA - GO","AREIA, CALCÁRIO, CALCÁRIO CALCÍTICO, CALCÁRIO DOLOMÍTICO","Construção civil, Corretivo de solo, Corretivo de solo, Fabricação de cal","Sim","25/04/2013"
"Gerência Regional / GO","860526/2018","Requerimento de Cessão parcial","Requerimento de Lavra","02.110.260/0001-45","JANDAIA CALCARIO AGRICOLA LTDA","JANDAIA - GO","CALCÁRIO, MÁRMORE, MINÉRIO DE TITÂNIO","Brita, Corretivo de solo, Industrial","Sim","20/03/2020"
"Gerência Regional / GO","860525/2018","Requerimento de Cessão parcial","Requerimento de Lavra","02.110.260/0001-45","JANDAIA CALCARIO AGRICOLA LTDA","JANDAIA - GO","CALCÁRIO, MÁRMORE, MINÉRIO DE TITÂNIO","Brita, Corretivo de solo, Industrial","Sim","20/03/2020"
"Gerência Regional / GO","860064/2024","Requerimento de Autorização de Pesquisa","Autorização de Pesquisa","18.424.895/0001-57","MINASGOIAS MINERACAO BERGAMO LTDA","ITUMBIARA - GO, PANAMÁ - GO","AREIA, DIAMANTE","Construção civil, Industrial","Sim","17/03/2026"
"Gerência Regional / GO","811708/1976","Requerimento de Autorização de Pesquisa","Requerimento de Lavra","26.473.074/0001-39","BHJ MINERAÇÃO LTDA.                                                             ","BRASÍLIA - DF, PLANALTINA - GO","AREIA, CASCALHO","Demais substâncias, Demais substâncias","Sim","06/11/1996"
"Gerência Regional / GO","811707/1976","Requerimento de Autorização de Pesquisa","Requerimento de Lavra","26.473.074/0001-39","BHJ MINERAÇÃO LTDA.                                                             ","BRASÍLIA - DF, PLANALTINA - GO","AREIA, CASCALHO","Demais substâncias, Demais substâncias","Sim","06/11/1996"
"Gerência Regional / GO","861350/2016","Requerimento de Autorização de Pesquisa","Concessão de Lavra","39.282.298/0001-05","MINERACAO CORCOVADO DE MINAS LTDA","NOVA ROMA - GO","ILMENITA, MÁRMORE","Industrial, Revestimento","Sim","03/03/2023"
"Gerência Regional / GO","861326/2003","Requerimento de Autorização de Pesquisa","Concessão de Lavra","39.282.298/0001-05","MINERACAO CORCOVADO DE MINAS LTDA","NOVA ROMA - GO","CONGLOMERADO, MINÉRIO DE TITÂNIO, QUARTZITO","Industrial, Revestimento, Revestimento","Sim","11/06/2007"
"Gerência Regional / GO","860752/2012","Requerimento de Autorização de Pesquisa","Autorização de Pesquisa","39.282.298/0001-05","MINERACAO CORCOVADO DE MINAS LTDA","GOIÁS - GO","ILMENITA","Industrial","Sim","16/10/2017"
"Gerência Regional / GO","860422/2004","Requerimento de Autorização de Pesquisa","Requerimento de Lavra","39.282.298/0001-05","MINERACAO CORCOVADO DE MINAS LTDA","NOVA ROMA - GO","MINÉRIO DE TITÂNIO, QUARTZITO","Industrial, Revestimento","Sim","26/08/2015"
"Gerência Regional / GO","860352/2019","Requerimento de Disponibilidade para pesquisa","Direito de Requerer a Lavra","39.282.298/0001-05","MINERACAO CORCOVADO DE MINAS LTDA","IACIARA - GO","CALCÁRIO, CALCÁRIO, CALCÁRIO, CALCÁRIO, FOSFATO","Brita, Fabricação de cal, Fabricação de cimento, Fertilizantes, Revestimento","Sim","28/08/2019"
"Gerência Regional / GO","860351/2019","Requerimento de Disponibilidade para pesquisa","Direito de Requerer a Lavra","39.282.298/0001-05","MINERACAO CORCOVADO DE MINAS LTDA","IACIARA - GO","CALCÁRIO, CALCÁRIO, CALCÁRIO, CALCÁRIO, FOSFATO","Brita, Corretivo de solo, Fabricação de cal, Fabricação de cimento, Fertilizantes","Sim","28/08/2019"
"Gerência Regional / GO","860350/2019","Requerimento de Disponibilidade para pesquisa","Direito de Requerer a Lavra","39.282.298/0001-05","MINERACAO CORCOVADO DE MINAS LTDA","NOVA ROMA - GO","CALCÁRIO, CALCÁRIO, CALCÁRIO, CALCÁRIO, FOSFATO","Brita, Corretivo de solo, Fabricação de cal, Fabricação de cimento, Fertilizantes","Sim","28/08/2019"
"Gerência Regional / GO","860349/2019","Requerimento de Disponibilidade para pesquisa","Requerimento de Lavra","39.282.298/0001-05","MINERACAO CORCOVADO DE MINAS LTDA","NOVA ROMA - GO","CALCÁRIO, CALCÁRIO, CALCÁRIO, CALCÁRIO, FOSFATO, MÁRMORE","Brita, Corretivo de solo, Fabricação de cal, Fabricação de cimento, Fertilizantes, Revestimento","Sim","28/08/2019"
"Gerência Regional / GO","860755/2008","Requerimento de Autorização de Pesquisa","Autorização de Pesquisa","04.203.290/0001-21","GRANIBAN GRANITOS BANANAL LTDA","COLINAS DO SUL - GO","MINÉRIO DE MANGANÊS","Industrial","Sim","05/12/2025"
"Gerência Regional / GO","860754/2008","Requerimento de Autorização de Pesquisa","Autorização de Pesquisa","04.203.290/0001-21","GRANIBAN GRANITOS BANANAL LTDA","COLINAS DO SUL - GO","MINÉRIO DE MANGANÊS","Industrial","Sim","15/05/2025"
"Gerência Regional / GO","860514/2022","Requerimento de Mudança de Regime para Aut. de Pesquisa","Autorização de Pesquisa","04.203.290/0001-21","GRANIBAN GRANITOS BANANAL LTDA","NIQUELÂNDIA - GO","MINÉRIO DE OURO, QUARTZO, QUARTZO, QUARTZO","Artesanato  mineral, Gema, Industrial, Pedra de coleção","Sim","01/02/2023"
"Gerência Regional / GO","860994/2016","Requerimento de Autorização de Pesquisa","Requerimento de Lavra","04.596.259/0001-06","MINERACAO CAPA BRANCA LTDA","RIO VERDE - GO","CALCÁRIO","Fabricação de cal","Sim","21/08/2017"
"Gerência Regional / GO","860900/2001","Requerimento de Autorização de Pesquisa","Concessão de Lavra","04.596.259/0001-06","MINERACAO CAPA BRANCA LTDA","RIO VERDE - GO","DOLOMITO","Demais substâncias","Sim","18/12/2003"
"Gerência Regional / GO","860611/2017","Requerimento de Cessão parcial","Requerimento de Lavra","04.596.259/0001-06","MINERACAO CAPA BRANCA LTDA","RIO VERDE - GO","CALCÁRIO","Fabricação de cal","Sim","28/08/2018"
"Gerência Regional / GO","860662/2000","Requerimento de Autorização de Pesquisa","Concessão de Lavra","05.284.606/0001-10","PLANALTO EXTRACAO DE AREIA LTDA","BRASÍLIA - DF, PLANALTINA - GO","AREIA","Demais substâncias","Sim","28/05/2003"
"Gerência Regional / GO","860062/2014","Requerimento de Cessão parcial","Requerimento de Lavra","05.284.606/0001-10","PLANALTO EXTRACAO DE AREIA LTDA","BRASÍLIA - DF, PLANALTINA - GO","AREIA","Construção civil","Sim","19/02/2018"
"Gerência Regional / GO","860945/2002","Requerimento de Autorização de Pesquisa","Autorização de Pesquisa","05.284.606/0001-10","PLANALTO EXTRACAO DE AREIA LTDA","PLANALTINA - GO","AREIA","Construção civil","Sim","15/05/2003"
"Gerência Regional / GO","861810/2010","Requerimento de Autorização de Pesquisa","Concessão de Lavra","04.693.661/0001-09","Areia São Jose Extração, Comércio e Transporte Ltda Me","ARAGUARI - MG, CORUMBAÍBA - GO","AREIA, CASCALHO, DIAMANTE","Construção civil, Construção civil, Industrial","Sim","16/11/2018"
"Gerência Regional / GO","861212/2010","Requerimento de Autorização de Pesquisa","Concessão de Lavra","04.693.661/0001-09","Areia São Jose Extração, Comércio e Transporte Ltda Me","ARAGUARI - MG, CORUMBAÍBA - GO","AREIA, DIAMANTE","Construção civil, Industrial","Sim","16/11/2018"
"Gerência Regional / GO","861211/2010","Requerimento de Autorização de Pesquisa","Concessão de Lavra","04.693.661/0001-09","Areia São Jose Extração, Comércio e Transporte Ltda Me","ARAGUARI - MG, CORUMBAÍBA - GO","AREIA, DIAMANTE","Construção civil, Industrial","Sim","16/11/2018"
"Gerência Regional / GO","861210/2010","Requerimento de Autorização de Pesquisa","Requerimento de Lavra","04.693.661/0001-09","Areia São Jose Extração, Comércio e Transporte Ltda Me","ARAGUARI - MG, CORUMBAÍBA - GO, TUPACIGUARA - MG","AREIA, DIAMANTE","Construção civil, Industrial","Sim","16/11/2018"
"Gerência Regional / GO","860135/2018","Requerimento de Autorização de Pesquisa","Autorização de Pesquisa","04.693.661/0001-09","Areia São Jose Extração, Comércio e Transporte Ltda Me","IPAMERI - GO, PIRES DO RIO - GO","AREIA, CASCALHO, DIAMANTE","Construção civil, Construção civil, Industrial","Sim","03/03/2023"
"Gerência Regional / MG","860013/2006","Requerimento de Autorização de Pesquisa","Concessão de Lavra","05.695.212/0001-54","MINERAÇÃO & TRANSPORTE NOSSA SENHORA APARECIDA LTDA","SANTA VITÓRIA - MG","AREIA, CASCALHO, DIAMANTE INDUSTRIAL","Construção civil, Construção civil, Industrial","Sim","23/08/2006"
"Gerência Regional / GO","860011/2006","Requerimento de Autorização de Pesquisa","Concessão de Lavra","05.695.212/0001-54","MINERAÇÃO & TRANSPORTE NOSSA SENHORA APARECIDA LTDA","SANTA VITÓRIA - MG, SÃO SIMÃO - GO","AREIA","Construção civil","Sim","23/08/2006"
"Gerência Regional / GO","860832/2018","Requerimento de Cessão parcial","Requerimento de Lavra","05.695.212/0001-54","MINERAÇÃO & TRANSPORTE NOSSA SENHORA APARECIDA LTDA","CAÇU - GO, SANTA VITÓRIA - MG","AREIA","Construção civil","Sim","22/11/2022"
"Gerência Regional / GO","860831/2018","Requerimento de Cessão parcial","Requerimento de Lavra","05.695.212/0001-54","MINERAÇÃO & TRANSPORTE NOSSA SENHORA APARECIDA LTDA","CAÇU - GO, SANTA VITÓRIA - MG","AREIA","Construção civil","Sim","22/11/2022"
"Gerência Regional / GO","860794/2013","Requerimento de Autorização de Pesquisa","Requerimento de Lavra","05.695.212/0001-54","MINERAÇÃO & TRANSPORTE NOSSA SENHORA APARECIDA LTDA","CAÇU - GO, SANTA VITÓRIA - MG","AREIA","Construção civil","Sim","26/03/2019"
"Gerência Regional / GO","860686/2004","Requerimento de Autorização de Pesquisa","Concessão de Lavra","05.695.212/0001-54","MINERAÇÃO & TRANSPORTE NOSSA SENHORA APARECIDA LTDA","SANTA VITÓRIA - MG, SÃO SIMÃO - GO","AREIA","Construção civil","Sim","03/05/2005"
"Gerência Regional / GO","860405/2004","Requerimento de Autorização de Pesquisa","Concessão de Lavra","05.695.212/0001-54","MINERAÇÃO & TRANSPORTE NOSSA SENHORA APARECIDA LTDA","CAÇU - GO, SANTA VITÓRIA - MG, SÃO SIMÃO - GO","AREIA","Construção civil","Sim","09/02/2011"
"Gerência Regional / GO","860160/2004","Requerimento de Autorização de Pesquisa","Concessão de Lavra","05.695.212/0001-54","MINERAÇÃO & TRANSPORTE NOSSA SENHORA APARECIDA LTDA","SANTA VITÓRIA - MG, SÃO SIMÃO - GO","AREIA, MINÉRIO DE OURO","Construção civil, Metalurgia","Sim","03/05/2005"
"Gerência Regional / GO","860015/2006","Requerimento de Autorização de Pesquisa","Concessão de Lavra","05.695.212/0001-54","MINERAÇÃO & TRANSPORTE NOSSA SENHORA APARECIDA LTDA","CAÇU - GO, SANTA VITÓRIA - MG, SÃO SIMÃO - GO","AREIA, CASCALHO, DIAMANTE INDUSTRIAL","Construção civil, Construção civil, Industrial","Sim","23/08/2006"
"Gerência Regional / GO","861335/2004","Requerimento de Autorização de Pesquisa","Requerimento de Lavra","05.729.750/0001-12","Brazil Quartzite Stone Mineração Ltda","JATAÍ - GO","QUARTZITO","Revestimento","Sim","19/06/2006"
"Gerência Regional / GO","860407/1991","Requerimento de Autorização de Pesquisa","Requerimento de Lavra","05.729.750/0001-12","Brazil Quartzite Stone Mineração Ltda","JATAÍ - GO","QUARTZITO","Demais substâncias","Sim","19/07/2006"
"Gerência Regional / GO","861236/2014","Requerimento de Disponibilidade para pesquisa","Requerimento de Lavra","04.317.119/0001-43","MINERADORA AMERICAL LTDA - EPP","POSSE - GO","CALCÁRIO, CALCÁRIO, CALCÁRIO","Brita, Corretivo de solo, Fabricação de cimento","Sim","15/05/2019"
"Gerência Regional / GO","860500/2011","Requerimento de Autorização de Pesquisa","Autorização de Pesquisa","02.582.226/0001-73","Mineração M.r.v Ltda.","NIQUELÂNDIA - GO","MINÉRIO DE OURO","Industrial","Sim","05/09/2012"
"Gerência Regional / GO","860500/2011","Requerimento de Autorização de Pesquisa","Autorização de Pesquisa","02.582.226/0001-73","Mineração M.r.v Ltda.","NIQUELÂNDIA - GO","MINÉRIO DE OURO","Industrial","Sim","10/11/2014"
"Gerência Regional / GO","860499/2011","Requerimento de Autorização de Pesquisa","Autorização de Pesquisa","02.582.226/0001-73","Mineração M.r.v Ltda.","NIQUELÂNDIA - GO","MINÉRIO DE OURO","Industrial","Sim","05/09/2012"
"Gerência Regional / GO","860499/2011","Requerimento de Autorização de Pesquisa","Autorização de Pesquisa","02.582.226/0001-73","Mineração M.r.v Ltda.","NIQUELÂNDIA - GO","MINÉRIO DE OURO","Industrial","Sim","10/11/2014"
"Gerência Regional / GO","861588/2010","Requerimento de Autorização de Pesquisa","Requerimento de Lavra","02.582.226/0001-73","Mineração M.r.v Ltda.","NIQUELÂNDIA - GO","MINÉRIO DE OURO","Industrial","Sim","05/09/2012"
"Gerência Regional / GO","861588/2010","Requerimento de Autorização de Pesquisa","Requerimento de Lavra","02.582.226/0001-73","Mineração M.r.v Ltda.","NIQUELÂNDIA - GO","MINÉRIO DE OURO","Industrial","Sim","10/11/2014"
"Gerência Regional / GO","860503/2011","Requerimento de Autorização de Pesquisa","Autorização de Pesquisa","02.582.226/0001-73","Mineração M.r.v Ltda.","NIQUELÂNDIA - GO","MINÉRIO DE OURO","Industrial","Sim","05/09/2012"
"Gerência Regional / GO","860503/2011","Requerimento de Autorização de Pesquisa","Autorização de Pesquisa","02.582.226/0001-73","Mineração M.r.v Ltda.","NIQUELÂNDIA - GO","MINÉRIO DE OURO","Industrial","Sim","10/11/2014"
"Gerência Regional / GO","860502/2011","Requerimento de Autorização de Pesquisa","Autorização de Pesquisa","02.582.226/0001-73","Mineração M.r.v Ltda.","NIQUELÂNDIA - GO","MINÉRIO DE OURO","Industrial","Sim","05/09/2012"
"Gerência Regional / GO","860502/2011","Requerimento de Autorização de Pesquisa","Autorização de Pesquisa","02.582.226/0001-73","Mineração M.r.v Ltda.","NIQUELÂNDIA - GO","MINÉRIO DE OURO","Industrial","Sim","09/02/2015"
"Gerência Regional / GO","860361/2007","Requerimento de Autorização de Pesquisa","Requerimento de Lavra","17.125.322/0001-60","EMBRAAREIA EMPRESA DE EXTRACAO E COMERCIO DE AREIA LTDA","BARRO ALTO - GO, NIQUELÂNDIA - GO","AREIA, CASCALHO, DIAMANTE","Construção civil, Construção civil, Industrial","Sim","22/12/2011"
"Gerência Regional / GO","860319/1994","Requerimento de Lavra Garimpeira","Concessão de Lavra","17.125.322/0001-60","EMBRAAREIA EMPRESA DE EXTRACAO E COMERCIO DE AREIA LTDA","SANTA RITA DO NOVO DESTINO - GO, URUAÇU - GO","AREIA, CASCALHO","Demais substâncias, Demais substâncias","Sim","02/05/2011"
"Gerência Regional / GO","860318/1994","Requerimento de Lavra Garimpeira","Concessão de Lavra","17.125.322/0001-60","EMBRAAREIA EMPRESA DE EXTRACAO E COMERCIO DE AREIA LTDA","SANTA RITA DO NOVO DESTINO - GO, URUAÇU - GO","AREIA, CASCALHO","Demais substâncias, Demais substâncias","Sim","02/05/2011"
"Gerência Regional / GO","860318/1994","Requerimento de Lavra Garimpeira","Concessão de Lavra","17.125.322/0001-60","EMBRAAREIA EMPRESA DE EXTRACAO E COMERCIO DE AREIA LTDA","SANTA RITA DO NOVO DESTINO - GO, URUAÇU - GO","AREIA, CASCALHO","Demais substâncias, Demais substâncias","Sim","22/11/2021"
"Gerência Regional / GO","860312/2003","Requerimento de Autorização de Pesquisa","Concessão de Lavra","17.125.322/0001-60","EMBRAAREIA EMPRESA DE EXTRACAO E COMERCIO DE AREIA LTDA","SANTA RITA DO NOVO DESTINO - GO, URUAÇU - GO","AREIA","Construção civil","Sim","24/06/2015"
"Gerência Regional / GO","861456/2024","Requerimento de Pesquisa - Leilão","Autorização de Pesquisa","11.353.876/0001-38","COMPANHIA DE PARTICIPACOES MINERARIAS","ABADIA DOS DOURADOS - MG, DAVINÓPOLIS - GO","AREIA, CALCEDÔNIA, CASCALHO, DIAMANTE, DIAMANTE, GRANADA","Artesanato  mineral, Construção civil, Construção civil, Gema, Gema, Industrial","Sim","05/12/2025"
"Gerência Regional / GO","860083/2013","Requerimento de Autorização de Pesquisa","Requerimento de Lavra","23.016.277/0001-08","Calcária Mineradora Ltda","PADRE BERNARDO - GO","CALCÁRIO, QUARTZITO, QUARTZO","Corretivo de solo, Industrial, Industrial","Sim","09/04/2024"
"Gerência Regional / GO","860057/2003","Requerimento de Autorização de Pesquisa","Concessão de Lavra","28.443.446/0001-00","L F MONTEIRO FILHO","JARAGUÁ - GO, SÃO FRANCISCO DE GOIÁS - GO","AREIA, CASCALHO","Construção civil, Construção civil","Sim","09/03/2005"
"Gerência Regional / GO","860057/2003","Requerimento de Autorização de Pesquisa","Concessão de Lavra","28.443.446/0001-00","L F MONTEIRO FILHO","JARAGUÁ - GO, SÃO FRANCISCO DE GOIÁS - GO","AREIA, CASCALHO","Construção civil, Construção civil","Sim","13/05/2019"
"Gerência Regional / GO","860134/2019","Requerimento de Autorização de Pesquisa","Requerimento de Lavra","***.784.071-**","RICARDO ROSA SOUZA","ACREÚNA - GO, SANTO ANTÔNIO DA BARRA - GO","AREIA","Construção civil","Sim","13/05/2022"
"Gerência Regional / GO","860342/2020","Requerimento de Autorização de Pesquisa","Autorização de Pesquisa","37.259.319/0001-46","FORTALEZA MINERADORA LTDA","MORRINHOS - GO","CALCÁRIO, FOSFATO","Corretivo de solo, Fertilizantes","Sim","19/04/2023"
"Gerência Regional / GO","860747/2015","Requerimento de Autorização de Pesquisa","Requerimento de Lavra","00.132.781/0001-78","Pedreira Rio Verde Ltda","MIMOSO DE GOIÁS - GO","CALCÁRIO","Fabricação de cal","Sim","18/01/2018"
"Gerência Regional / GO","861559/2008","Requerimento de Autorização de Pesquisa","Concessão de Lavra","12.985.327/0001-49","JOSE DE CAMPOS AMARAL","COCALZINHO DE GOIÁS - GO","AREIA","Construção civil","Sim","28/10/2011"
"Gerência Regional / GO","860005/2017","Requerimento de Autorização de Pesquisa","Autorização de Pesquisa","14.238.787/0001-39","Santa Maria Participações Ltda","MONTIVIDIU DO NORTE - GO","MINÉRIO DE OURO","Industrial","Sim","06/03/2018"
"Gerência Regional / GO","860500/2011","Requerimento de Autorização de Pesquisa","Autorização de Pesquisa","02.582.226/0001-73","Mineração M.r.v Ltda.","NIQUELÂNDIA - GO","MINÉRIO DE OURO","Industrial","Sim","11/09/2013"
"Gerência Regional / GO","860499/2011","Requerimento de Autorização de Pesquisa","Autorização de Pesquisa","02.582.226/0001-73","Mineração M.r.v Ltda.","NIQUELÂNDIA - GO","MINÉRIO DE OURO","Industrial","Sim","11/09/2013"
"Gerência Regional / GO","861588/2010","Requerimento de Autorização de Pesquisa","Requerimento de Lavra","02.582.226/0001-73","Mineração M.r.v Ltda.","NIQUELÂNDIA - GO","MINÉRIO DE OURO","Industrial","Sim","11/09/2013"
"Gerência Regional / GO","860503/2011","Requerimento de Autorização de Pesquisa","Autorização de Pesquisa","02.582.226/0001-73","Mineração M.r.v Ltda.","NIQUELÂNDIA - GO","MINÉRIO DE OURO","Industrial","Sim","11/09/2013"
"Gerência Regional / GO","860502/2011","Requerimento de Autorização de Pesquisa","Autorização de Pesquisa","02.582.226/0001-73","Mineração M.r.v Ltda.","NIQUELÂNDIA - GO","MINÉRIO DE OURO","Industrial","Sim","11/09/2013"
"Gerência Regional / GO","860452/2012","Requerimento de Autorização de Pesquisa","Requerimento de Lavra","17.125.322/0001-60","EMBRAAREIA EMPRESA DE EXTRACAO E COMERCIO DE AREIA LTDA","SANTA RITA DO NOVO DESTINO - GO, URUAÇU - GO","AREIA, CASCALHO","Construção civil, Construção civil","Sim","25/04/2013"
"Gerência Regional / GO","860448/2021","Requerimento de Pesquisa - Oferta Pública ","Autorização de Pesquisa","17.125.322/0001-60","EMBRAAREIA EMPRESA DE EXTRACAO E COMERCIO DE AREIA LTDA","AMARALINA - GO, MARA ROSA - GO, SANTA TEREZINHA DE GOIÁS - GO, UIRAPURU - GO","AREIA, MINÉRIO DE OURO","Construção civil, Industrial","Sim","24/11/2023"
"Gerência Regional / GO","860361/2007","Requerimento de Autorização de Pesquisa","Requerimento de Lavra","17.125.322/0001-60","EMBRAAREIA EMPRESA DE EXTRACAO E COMERCIO DE AREIA LTDA","BARRO ALTO - GO, NIQUELÂNDIA - GO","AREIA, CASCALHO, DIAMANTE","Construção civil, Construção civil, Industrial","Sim","26/12/2022"
"Gerência Regional / GO","860319/1994","Requerimento de Lavra Garimpeira","Concessão de Lavra","17.125.322/0001-60","EMBRAAREIA EMPRESA DE EXTRACAO E COMERCIO DE AREIA LTDA","SANTA RITA DO NOVO DESTINO - GO, URUAÇU - GO","AREIA, CASCALHO","Demais substâncias, Demais substâncias","Sim","21/02/2013"
"Gerência Regional / GO","860318/1994","Requerimento de Lavra Garimpeira","Concessão de Lavra","17.125.322/0001-60","EMBRAAREIA EMPRESA DE EXTRACAO E COMERCIO DE AREIA LTDA","SANTA RITA DO NOVO DESTINO - GO, URUAÇU - GO","AREIA, CASCALHO","Demais substâncias, Demais substâncias","Sim","21/02/2013"
"Gerência Regional / GO","860312/2003","Requerimento de Autorização de Pesquisa","Concessão de Lavra","17.125.322/0001-60","EMBRAAREIA EMPRESA DE EXTRACAO E COMERCIO DE AREIA LTDA","SANTA RITA DO NOVO DESTINO - GO, URUAÇU - GO","AREIA","Construção civil","Sim","12/08/2003"
"Gerência Regional / GO","861521/2021","Requerimento de Autorização de Pesquisa","Autorização de Pesquisa","17.125.322/0001-60","EMBRAAREIA EMPRESA DE EXTRACAO E COMERCIO DE AREIA LTDA","FAINA - GO","AREIA, OURO","Construção civil, Industrial","Sim","27/07/2026"
"Gerência Regional / GO","861456/2024","Requerimento de Pesquisa - Leilão","Autorização de Pesquisa","11.353.876/0001-38","COMPANHIA DE PARTICIPACOES MINERARIAS","ABADIA DOS DOURADOS - MG, DAVINÓPOLIS - GO","AREIA, CALCEDÔNIA, CASCALHO, DIAMANTE, DIAMANTE, GRANADA","Artesanato  mineral, Construção civil, Construção civil, Gema, Gema, Industrial","Sim","30/03/2026"
"Gerência Regional / GO","860812/2023","Requerimento de Cessão parcial","Requerimento de Lavra","15.534.873/0001-51","RIO CLARO MINERACAO E EMPREENDIMENTOS LTDA","CAVALCANTE - GO","AREIA, MINÉRIO DE OURO","Construção civil, Industrial","Sim","05/12/2025"
"Gerência Regional / GO","860448/2019","Requerimento de Autorização de Pesquisa","Direito de Requerer a Lavra","15.534.873/0001-51","RIO CLARO MINERACAO E EMPREENDIMENTOS LTDA","CAVALCANTE - GO","AREIA, MINÉRIO DE OURO","Construção civil, Industrial","Sim","24/11/2023"
"Gerência Regional / GO","862342/2011","Requerimento de Autorização de Pesquisa","Requerimento de Lavra","15.534.873/0001-51","RIO CLARO MINERACAO E EMPREENDIMENTOS LTDA","CAVALCANTE - GO","AREIA, MINÉRIO DE OURO","Construção civil, Industrial","Sim","24/10/2014"
"Gerência Regional / GO","860814/2023","Requerimento de Cessão parcial","Direito de Requerer a Lavra","15.534.873/0001-51","RIO CLARO MINERACAO E EMPREENDIMENTOS LTDA","CAVALCANTE - GO","AREIA, MINÉRIO DE OURO","Construção civil, Industrial","Sim","04/08/2025"
"Gerência Regional / GO","861855/2013","Requerimento de Disponibilidade para lavra","Requerimento de Lavra","00.592.603/0001-20","MAGNESITA MINERACAO S.A.","CATALÃO - GO, GUARDA-MOR - MG","ARGILA","Demais substâncias","Sim","29/05/2015"
"Gerência Regional / GO","860083/2013","Requerimento de Autorização de Pesquisa","Requerimento de Lavra","23.016.277/0001-08","Calcária Mineradora Ltda","PADRE BERNARDO - GO","CALCÁRIO, QUARTZITO, QUARTZO","Corretivo de solo, Industrial, Industrial","Sim","11/04/2024"
"Gerência Regional / GO","860251/2022","Requerimento de Autorização de Pesquisa","Autorização de Pesquisa","23.016.277/0001-08","Calcária Mineradora Ltda","PADRE BERNARDO - GO","CALCÁRIO","Fabricação de cimento","Sim","15/04/2024"
"Gerência Regional / GO","860250/2022","Requerimento de Autorização de Pesquisa","Autorização de Pesquisa","23.016.277/0001-08","Calcária Mineradora Ltda","PADRE BERNARDO - GO","CALCÁRIO","Fabricação de cimento","Sim","07/03/2024"
"Gerência Regional / GO","860920/2016","Requerimento de Disponibilidade para pesquisa","Autorização de Pesquisa","23.398.137/0001-41","SOLUS MINERACAO E COMERCIO S/A.","RIO VERDE - GO","SIENITO","Industrial","Sim","05/10/2018"
"Gerência Regional / GO","860918/2016","Requerimento de Disponibilidade para pesquisa","Autorização de Pesquisa","23.398.137/0001-41","SOLUS MINERACAO E COMERCIO S/A.","RIO VERDE - GO, SANTO ANTÔNIO DA BARRA - GO","SIENITO","Industrial","Sim","05/10/2018"
"Gerência Regional / GO","860917/2016","Requerimento de Disponibilidade para pesquisa","Autorização de Pesquisa","23.398.137/0001-41","SOLUS MINERACAO E COMERCIO S/A.","RIO VERDE - GO","SIENITO","Industrial","Sim","25/09/2017"
"Gerência Regional / GO","860916/2016","Requerimento de Disponibilidade para pesquisa","Autorização de Pesquisa","23.398.137/0001-41","SOLUS MINERACAO E COMERCIO S/A.","RIO VERDE - GO, SANTO ANTÔNIO DA BARRA - GO","SIENITO","Industrial","Sim","25/09/2017"
"Gerência Regional / GO","860413/2018","Requerimento de Autorização de Pesquisa","Autorização de Pesquisa","***.219.996-**","ADALBERTO ALVES MOREIRA","NIQUELÂNDIA - GO","MINÉRIO DE OURO","Industrial","Sim","14/09/2021"
"Gerência Regional / GO","861002/2016","Requerimento de Autorização de Pesquisa","Autorização de Pesquisa","***.219.996-**","ADALBERTO ALVES MOREIRA","NIQUELÂNDIA - GO","MINÉRIO DE OURO","Industrial","Sim","15/06/2018"
"Gerência Regional / GO","860057/2003","Requerimento de Autorização de Pesquisa","Concessão de Lavra","28.443.446/0001-00","L F MONTEIRO FILHO","JARAGUÁ - GO, SÃO FRANCISCO DE GOIÁS - GO","AREIA, CASCALHO","Construção civil, Construção civil","Sim","02/05/2011"
"Gerência Regional / GO","860134/2019","Requerimento de Autorização de Pesquisa","Requerimento de Lavra","***.784.071-**","RICARDO ROSA SOUZA","ACREÚNA - GO, SANTO ANTÔNIO DA BARRA - GO","AREIA","Construção civil","Sim","13/05/2022"
"Gerência Regional / GO","860477/2019","Requerimento de Autorização de Pesquisa","Autorização de Pesquisa","03.780.335/0001-68","TROPICO MINERACAO LTDA","CORUMBÁ DE GOIÁS - GO, PIRENÓPOLIS - GO","MINÉRIO DE OURO","Industrial","Sim","27/11/2020"
"Gerência Regional / GO","861711/2012","Requerimento de Lavra Garimpeira","Lavra Garimpeira","***.930.131-**","Joselita de Brito Escobar","CAMPOS VERDES - GO","ESMERALDA","Industrial","Sim","20/03/2020"
"Gerência Regional / GO","861496/1995","Requerimento de Lavra Garimpeira","Lavra Garimpeira","***.930.131-**","Joselita de Brito Escobar","CAMPOS VERDES - GO","ESMERALDA","Demais substâncias","Sim","13/11/2019"
"Gerência Regional / GO","861180/1991","Requerimento de Lavra Garimpeira","Lavra Garimpeira","***.930.131-**","Joselita de Brito Escobar","CAMPOS VERDES - GO","ESMERALDA","Demais substâncias","Sim","13/11/2019"
"Gerência Regional / GO","861178/1991","Requerimento de Lavra Garimpeira","Lavra Garimpeira","***.930.131-**","Joselita de Brito Escobar","CAMPOS VERDES - GO","ESMERALDA","Demais substâncias","Sim","13/11/2019"
"Gerência Regional / GO","861177/1991","Requerimento de Lavra Garimpeira","Lavra Garimpeira","***.930.131-**","Joselita de Brito Escobar","CAMPOS VERDES - GO","ESMERALDA","Demais substâncias","Sim","13/11/2019"
"Gerência Regional / GO","860799/1991","Requerimento de Lavra Garimpeira","Lavra Garimpeira","***.930.131-**","Joselita de Brito Escobar","CAMPOS VERDES - GO","ESMERALDA","Demais substâncias","Sim","13/11/2019"
"Gerência Regional / GO","860798/1991","Requerimento de Lavra Garimpeira","Lavra Garimpeira","***.930.131-**","Joselita de Brito Escobar","CAMPOS VERDES - GO","ESMERALDA","Demais substâncias","Sim","13/11/2019"
"Gerência Regional / GO","860797/1991","Requerimento de Lavra Garimpeira","Lavra Garimpeira","***.930.131-**","Joselita de Brito Escobar","CAMPOS VERDES - GO","ESMERALDA","Demais substâncias","Sim","13/11/2019"
"Gerência Regional / GO","860623/1991","Requerimento de Lavra Garimpeira","Lavra Garimpeira","***.930.131-**","Joselita de Brito Escobar","CAMPOS VERDES - GO","ESMERALDA","Demais substâncias","Sim","13/11/2019"
"Gerência Regional / GO","860386/2011","Requerimento de Lavra Garimpeira","Lavra Garimpeira","***.930.131-**","Joselita de Brito Escobar","CAMPOS VERDES - GO","ESMERALDA","Gema","Sim","20/03/2020"
"Gerência Regional / GO","860144/2019","Requerimento de Autorização de Pesquisa","Autorização de Pesquisa","09.617.400/0001-15","Metal Company Extração, Beneficiamento, Comercio, Exportação e Importação Ltda","NIQUELÂNDIA - GO","MINÉRIO DE MANGANÊS","Industrial","Sim","03/03/2023"
"Gerência Regional / GO","860342/2020","Requerimento de Autorização de Pesquisa","Autorização de Pesquisa","37.259.319/0001-46","FORTALEZA MINERADORA LTDA","MORRINHOS - GO","CALCÁRIO, FOSFATO","Corretivo de solo, Fertilizantes","Sim","09/06/2026"
"Gerência Regional / MG","830116/2007","Requerimento de Autorização de Pesquisa","Autorização de Pesquisa","37.266.888/0001-19","SOCIEDADE MINERADORA DE COROMANDEL LTDA","COROMANDEL - MG","DIAMANTE","Industrial","Sim","16/09/2021"
"Gerência Regional / GO","860347/2020","Requerimento de Autorização de Pesquisa","Autorização de Pesquisa","***.397.351-**","GETULIO FERREIRA CAMARA NUNES","PIRENÓPOLIS - GO","MINÉRIO DE OURO","Industrial","Sim","24/12/2020"
"Gerência Regional / GO","861088/2021","Requerimento de Autorização de Pesquisa","Requerimento de Lavra","51.915.904/0001-88","EXTRACAO DE AREIA MODELO LTDA","JATAÍ - GO","AREIA","Construção civil","Sim","30/04/2024"
"Gerência Regional / GO","861491/2024","Requerimento de Pesquisa - Leilão","Autorização de Pesquisa","54.861.902/0001-41","DJ PARTICIPACOES LTDA","ACREÚNA - GO","MINÉRIO DE OURO","Industrial","Sim","04/09/2025"
"Gerência Regional / GO","861490/2024","Requerimento de Pesquisa - Leilão","Autorização de Pesquisa","54.861.902/0001-41","DJ PARTICIPACOES LTDA","CROMÍNIA - GO, HIDROLÂNDIA - GO","MINÉRIO DE OURO","Industrial","Sim","04/09/2025"
"Gerência Regional / GO","861478/2024","Requerimento de Pesquisa - Leilão","Autorização de Pesquisa","54.861.902/0001-41","DJ PARTICIPACOES LTDA","APARECIDA DE GOIÂNIA - GO","MINÉRIO DE OURO","Industrial","Sim","04/09/2025"
"Gerência Regional / GO","861476/2024","Requerimento de Pesquisa - Leilão","Autorização de Pesquisa","54.861.902/0001-41","DJ PARTICIPACOES LTDA","VARJÃO - GO","MINÉRIO DE OURO","Industrial","Sim","04/09/2025"
"Gerência Regional / GO","861475/2024","Requerimento de Pesquisa - Leilão","Autorização de Pesquisa","54.861.902/0001-41","DJ PARTICIPACOES LTDA","PARAÚNA - GO","MINÉRIO DE OURO","Industrial","Sim","04/09/2025"
"Gerência Regional / GO","861474/2024","Requerimento de Pesquisa - Leilão","Autorização de Pesquisa","54.861.902/0001-41","DJ PARTICIPACOES LTDA","COCALZINHO DE GOIÁS - GO, PIRENÓPOLIS - GO","MINÉRIO DE OURO","Industrial","Sim","04/09/2025"
"Gerência Regional / GO","861472/2024","Requerimento de Pesquisa - Leilão","Autorização de Pesquisa","54.861.902/0001-41","DJ PARTICIPACOES LTDA","CORUMBÁ DE GOIÁS - GO","MINÉRIO DE OURO","Industrial","Sim","04/09/2025"
"Gerência Regional / GO","861469/2024","Requerimento de Pesquisa - Leilão","Autorização de Pesquisa","54.861.902/0001-41","DJ PARTICIPACOES LTDA","URUAÇU - GO","MINÉRIO DE OURO","Industrial","Sim","04/09/2025"
"Gerência Regional / GO","861594/2024","Requerimento de Pesquisa - Leilão","Autorização de Pesquisa","54.861.902/0001-41","DJ PARTICIPACOES LTDA","ESTRELA DO NORTE - GO, FORMOSO - GO","MINÉRIO DE COBRE, MINÉRIO DE OURO","Industrial, Industrial","Sim","15/09/2025"
"Gerência Regional / GO","861593/2024","Requerimento de Pesquisa - Leilão","Autorização de Pesquisa","54.861.902/0001-41","DJ PARTICIPACOES LTDA","ITABERAÍ - GO","MINÉRIO DE OURO","Industrial","Sim","04/08/2025"
"Gerência Regional / GO","861583/2024","Requerimento de Pesquisa - Leilão","Autorização de Pesquisa","54.861.902/0001-41","DJ PARTICIPACOES LTDA","CAVALCANTE - GO, COLINAS DO SUL - GO, MINAÇU - GO","CASSITERITA, MINÉRIO DE OURO","Industrial, Industrial","Sim","01/10/2025"
"Gerência Regional / GO","861576/2024","Requerimento de Pesquisa - Leilão","Autorização de Pesquisa","54.861.902/0001-41","DJ PARTICIPACOES LTDA","SANTA RITA DO NOVO DESTINO - GO","MINÉRIO DE OURO","Industrial","Sim","04/09/2025"
"Gerência Regional / GO","861572/2024","Requerimento de Pesquisa - Leilão","Autorização de Pesquisa","54.861.902/0001-41","DJ PARTICIPACOES LTDA","PALMEIRAS DE GOIÁS - GO","MINÉRIO DE OURO","Industrial","Sim","04/08/2025"
"Gerência Regional / GO","861526/2024","Requerimento de Pesquisa - Leilão","Autorização de Pesquisa","54.861.902/0001-41","DJ PARTICIPACOES LTDA","ORIZONA - GO, VIANÓPOLIS - GO","MINÉRIO DE OURO","Industrial","Sim","04/08/2025"
"Gerência Regional / GO","861525/2024","Requerimento de Pesquisa - Leilão","Autorização de Pesquisa","54.861.902/0001-41","DJ PARTICIPACOES LTDA","APARECIDA DE GOIÂNIA - GO, HIDROLÂNDIA - GO","MINÉRIO DE OURO","Industrial","Sim","04/08/2025"
"Gerência Regional / GO","861524/2024","Requerimento de Pesquisa - Leilão","Autorização de Pesquisa","54.861.902/0001-41","DJ PARTICIPACOES LTDA","CAMPO ALEGRE DE GOIÁS - GO, CATALÃO - GO","DIAMANTE","Industrial","Sim","04/08/2025"
"Gerência Regional / GO","861518/2024","Requerimento de Pesquisa - Leilão","Autorização de Pesquisa","54.861.902/0001-41","DJ PARTICIPACOES LTDA","ESTRELA DO NORTE - GO","MINÉRIO DE OURO","Industrial","Sim","04/09/2025"
"Gerência Regional / GO","861504/2024","Requerimento de Pesquisa - Leilão","Autorização de Pesquisa","54.861.902/0001-41","DJ PARTICIPACOES LTDA","CAMPOS VERDES - GO","MINÉRIO DE OURO","Industrial","Sim","04/09/2025"
"Gerência Regional / GO","861503/2024","Requerimento de Pesquisa - Leilão","Autorização de Pesquisa","54.861.902/0001-41","DJ PARTICIPACOES LTDA","SANTO ANTÔNIO DO DESCOBERTO - GO","MINÉRIO DE OURO","Industrial","Sim","04/09/2025"
"Gerência Regional / GO","861502/2024","Requerimento de Pesquisa - Leilão","Autorização de Pesquisa","54.861.902/0001-41","DJ PARTICIPACOES LTDA","DIORAMA - GO, IPORÁ - GO","MINÉRIO DE OURO","Industrial","Sim","04/09/2025"
"Gerência Regional / GO","861501/2024","Requerimento de Pesquisa - Leilão","Autorização de Pesquisa","54.861.902/0001-41","DJ PARTICIPACOES LTDA","DIORAMA - GO","MINÉRIO DE OURO","Industrial","Sim","04/09/2025"
"Gerência Regional / GO","861500/2024","Requerimento de Pesquisa - Leilão","Autorização de Pesquisa","54.861.902/0001-41","DJ PARTICIPACOES LTDA","SÃO FRANCISCO DE GOIÁS - GO","MINÉRIO DE OURO","Industrial","Sim","04/09/2025"
"Gerência Regional / GO","860108/2025","Requerimento de Autorização de Pesquisa","Autorização de Pesquisa","59.267.958/0001-96","MINERADORA RAHAL LTDA","BELA VISTA DE GOIÁS - GO, CALDAZINHA - GO","AREIA, DIAMANTE","Gema, Industrial","Sim","04/08/2025"
"Gerência Regional / GO","860106/2025","Requerimento de Autorização de Pesquisa","Autorização de Pesquisa","59.267.958/0001-96","MINERADORA RAHAL LTDA","BELA VISTA DE GOIÁS - GO, HIDROLÂNDIA - GO","AREIA","Industrial","Sim","04/08/2025"
"Gerência Regional / GO","860105/2025","Requerimento de Autorização de Pesquisa","Autorização de Pesquisa","59.267.958/0001-96","MINERADORA RAHAL LTDA","BELA VISTA DE GOIÁS - GO, HIDROLÂNDIA - GO","AREIA","Industrial","Sim","04/09/2025"
"Gerência Regional / GO","860516/2023","Requerimento de Autorização de Pesquisa","Autorização de Pesquisa","61.756.522/0001-02","CAL COMERCIO E MINERACAO LTDA","MIMOSO DE GOIÁS - GO","CALCÁRIO, CALCÁRIO, CALCÁRIO, CALCÁRIO, MINÉRIO DE OURO","Corretivo de solo, Fabricação de cal, Fabricação de cimento, Industrial, Revestimento","Sim","27/01/2026"
"Gerência Regional / GO","860747/2015","Requerimento de Autorização de Pesquisa","Requerimento de Lavra","00.132.781/0001-78","Pedreira Rio Verde Ltda","MIMOSO DE GOIÁS - GO","CALCÁRIO","Fabricação de cal","Sim","25/01/2018"
"Gerência Regional / GO","001475/1935","Requerimento de Manifesto de Mina","Concessão de Lavra","00.258.657/0001-53","EMPRESA PUBLICA MUNICIPAL EXPLORACAO MINERAL","CALDAS NOVAS - GO","ÁGUA MINERAL","Demais substâncias","Sim","31/08/1989"
"Gerência Regional / GO","816055/1973","Requerimento de Autorização de Pesquisa","Concessão de Lavra","01.413.855/0001-07","GOIASCAL MINERACAO E CALCARIO LTDA","INDIARA - GO","CALCÁRIO","Demais substâncias","Sim","06/05/1987"
"Gerência Regional / GO","860982/2016","Requerimento de Autorização de Pesquisa","Requerimento de Lavra","02.110.260/0001-45","JANDAIA CALCARIO AGRICOLA LTDA","JANDAIA - GO","MÁRMORE, MINÉRIO DE TITÂNIO","Brita, Industrial","Sim","28/08/2018"
"Gerência Regional / GO","009357/1966","Requerimento de Autorização de Pesquisa","Concessão de Lavra","02.359.156/0001-99","RIO QUENTE MINERACAO LTDA","RIO QUENTE - GO","ÁGUAS TERMAIS","Demais substâncias","Sim","17/07/1980"
"Gerência Regional / GO","862621/1980","Requerimento de Autorização de Pesquisa","Concessão de Lavra","24.877.573/0001-66","MINERADORA ARCADAS LTDA","CALDAS NOVAS - GO","ÁGUA MINERAL","Balneoterapia","Sim","10/03/1997"
"Gerência Regional / GO","811709/1976","Requerimento de Autorização de Pesquisa","Requerimento de Lavra","26.473.074/0001-39","BHJ MINERAÇÃO LTDA.                                                             ","BRASÍLIA - DF, PLANALTINA - GO","AREIA, CASCALHO","Demais substâncias, Demais substâncias","Sim","06/11/1996"
"Gerência Regional / GO","860833/2000","Requerimento de Autorização de Pesquisa","Requerimento de Lavra","05.284.606/0001-10","PLANALTO EXTRACAO DE AREIA LTDA","PLANALTINA - GO","AREIA","Construção civil","Sim","26/09/2002"
"Gerência Regional / GO","861140/2016","Requerimento de Autorização de Pesquisa","Autorização de Pesquisa","***.334.901-**","Gilberto Martins da costa","CROMÍNIA - GO, PROFESSOR JAMIL - GO","GRANITO","Revestimento","Sim","15/10/2020"
"Gerência Regional / GO","862175/2005","Requerimento de Autorização de Pesquisa","Requerimento de Lavra","03.333.398/0001-76","P Z AREIA E TRANSPORTE EIRELI","SILVÂNIA - GO, VIANÓPOLIS - GO","AREIA, MINÉRIO DE OURO","Construção civil, Industrial","Sim","30/03/2009"
"Gerência Regional / GO","862175/2005","Requerimento de Autorização de Pesquisa","Requerimento de Lavra","03.333.398/0001-76","P Z AREIA E TRANSPORTE EIRELI","SILVÂNIA - GO, VIANÓPOLIS - GO","AREIA, MINÉRIO DE OURO","Construção civil, Industrial","Sim","19/09/2008"
"Gerência Regional / GO","862175/2005","Requerimento de Autorização de Pesquisa","Requerimento de Lavra","03.333.398/0001-76","P Z AREIA E TRANSPORTE EIRELI","SILVÂNIA - GO, VIANÓPOLIS - GO","AREIA, MINÉRIO DE OURO","Construção civil, Industrial","Sim","17/03/2008"
"Gerência Regional / GO","862175/2005","Requerimento de Autorização de Pesquisa","Requerimento de Lavra","03.333.398/0001-76","P Z AREIA E TRANSPORTE EIRELI","SILVÂNIA - GO, VIANÓPOLIS - GO","AREIA, MINÉRIO DE OURO","Construção civil, Industrial","Sim","28/12/2007"
"Gerência Regional / GO","862175/2005","Requerimento de Autorização de Pesquisa","Requerimento de Lavra","03.333.398/0001-76","P Z AREIA E TRANSPORTE EIRELI","SILVÂNIA - GO, VIANÓPOLIS - GO","AREIA, MINÉRIO DE OURO","Construção civil, Industrial","Sim","29/08/2007"
"Gerência Regional / GO","862175/2005","Requerimento de Autorização de Pesquisa","Requerimento de Lavra","03.333.398/0001-76","P Z AREIA E TRANSPORTE EIRELI","SILVÂNIA - GO, VIANÓPOLIS - GO","AREIA, MINÉRIO DE OURO","Construção civil, Industrial","Sim","26/03/2007"
"Gerência Regional / GO","860684/2004","Requerimento de Autorização de Pesquisa","Requerimento de Lavra","04.317.119/0001-43","MINERADORA AMERICAL LTDA - EPP","POSSE - GO","MINÉRIO DE OURO","Industrial","Sim","16/03/2012"
"Gerência Regional / GO","860155/1991","Requerimento de Autorização de Pesquisa","Concessão de Lavra","09.642.280/0001-06","PEDREIRA HVB LTDA","BELA VISTA DE GOIÁS - GO","MICAXISTO","Demais substâncias","Sim","10/02/1993"
"Gerência Regional / GO","860155/1991","Requerimento de Autorização de Pesquisa","Concessão de Lavra","09.642.280/0001-06","PEDREIRA HVB LTDA","BELA VISTA DE GOIÁS - GO","MICAXISTO","Demais substâncias","Sim","06/11/2009"
"Gerência Regional / GO","861231/2016","Requerimento de Autorização de Pesquisa","Autorização de Pesquisa","***.774.761-**","RICARDO DE SOUZA LOBO","CAMPINAÇU - GO","CALCÁRIO","Revestimento","Sim","02/12/2019"
"Gerência Regional / GO","861231/2016","Requerimento de Autorização de Pesquisa","Autorização de Pesquisa","***.774.761-**","RICARDO DE SOUZA LOBO","CAMPINAÇU - GO","CALCÁRIO","Revestimento","Sim","13/08/2019"
"Gerência Regional / GO","860501/2011","Requerimento de Autorização de Pesquisa","Autorização de Pesquisa","02.582.226/0001-73","Mineração M.r.v Ltda.","NIQUELÂNDIA - GO","MINÉRIO DE OURO","Industrial","Sim","05/09/2012"
"Gerência Regional / GO","860501/2011","Requerimento de Autorização de Pesquisa","Autorização de Pesquisa","02.582.226/0001-73","Mineração M.r.v Ltda.","NIQUELÂNDIA - GO","MINÉRIO DE OURO","Industrial","Sim","09/02/2015"
"Gerência Regional / GO","860745/2000","Requerimento de Autorização de Pesquisa","Concessão de Lavra","17.125.322/0001-60","EMBRAAREIA EMPRESA DE EXTRACAO E COMERCIO DE AREIA LTDA","SANTA RITA DO NOVO DESTINO - GO, URUAÇU - GO","AREIA","Construção civil","Sim","24/04/2001"
"Gerência Regional / GO","860755/2009","Requerimento de Autorização de Pesquisa","Requerimento de Lavra","26.212.301/0001-72","Mineradora Magal Ltda Me","GOIANÉSIA - GO, SANTA ISABEL - GO","AREIA, CASCALHO, MINÉRIO DE OURO","Construção civil, Construção civil, Industrial","Sim","31/03/2014"
"Gerência Regional / GO","810817/1974","Requerimento de Autorização de Pesquisa","Concessão de Lavra","15.083.339/0001-76","M CAL COMBUSTIVEIS E MINERACAO LTDA","CAIAPÔNIA - GO, PEROLÂNDIA - GO","BASALTO, CALCÁRIO DOLOMÍTICO","Brita, Demais substâncias","Sim","18/11/2025"
"Gerência Regional / GO","810817/1974","Requerimento de Autorização de Pesquisa","Concessão de Lavra","15.083.339/0001-76","M CAL COMBUSTIVEIS E MINERACAO LTDA","CAIAPÔNIA - GO, PEROLÂNDIA - GO","BASALTO, CALCÁRIO DOLOMÍTICO","Brita, Demais substâncias","Sim","21/05/2018"
"Gerência Regional / GO","861469/2004","Requerimento de Autorização de Pesquisa","Concessão de Lavra","28.443.446/0001-00","L F MONTEIRO FILHO","JARAGUÁ - GO, SÃO FRANCISCO DE GOIÁS - GO","AREIA, CASCALHO","Construção civil, Construção civil","Sim","02/05/2011"
"Gerência Regional / GO","860812/2021","Requerimento de Autorização de Pesquisa","Requerimento de Lavra","***.784.071-**","RICARDO ROSA SOUZA","CAIAPÔNIA - GO","AREIA, DIAMANTE","Construção civil, Industrial","Sim","31/03/2023"
"Gerência Regional / GO","861124/2010","Requerimento de Cessão parcial","Concessão de Lavra","37.780.330/0001-57","CARMELIA LUCIA NORONHA","GOIÁS - GO","AREIA, CASCALHO","Construção civil, Construção civil","Sim","05/09/2012"
"Gerência Regional / GO","861124/2010","Requerimento de Cessão parcial","Concessão de Lavra","37.780.330/0001-57","CARMELIA LUCIA NORONHA","GOIÁS - GO","AREIA, CASCALHO","Construção civil, Construção civil","Sim","11/06/2014"
"Gerência Regional / GO","860358/2010","Requerimento de Autorização de Pesquisa","Concessão de Lavra","15.455.139/0001-05","SCAVA TERRA EMPREENDIMENTOS LTDA","FAINA - GO","AREIA, MINÉRIO DE OURO","Construção civil, Industrial","Sim","27/09/2012"
"Gerência Regional / GO","860358/2010","Requerimento de Autorização de Pesquisa","Concessão de Lavra","15.455.139/0001-05","SCAVA TERRA EMPREENDIMENTOS LTDA","FAINA - GO","AREIA, MINÉRIO DE OURO","Construção civil, Industrial","Sim","13/06/2024"
"Gerência Regional / GO","862853/2011","Requerimento de Cessão parcial","Requerimento de Lavra","48.895.418/0001-30","AREIAL 3 RIOS LTDA","CACHOEIRA DE GOIÁS - GO","AREIA","Construção civil","Sim","27/11/2019"
"Gerência Regional / GO","862853/2011","Requerimento de Cessão parcial","Requerimento de Lavra","48.895.418/0001-30","AREIAL 3 RIOS LTDA","CACHOEIRA DE GOIÁS - GO","AREIA","Construção civil","Sim","12/12/2023"
"Gerência Regional / GO","860216/2018","Requerimento de Autorização de Pesquisa","Autorização de Pesquisa","50.223.792/0001-31","AF EXTRACAO DE AREIA E CALCARIO LTDA.","SÃO DOMINGOS - GO","MINÉRIO DE OURO","Industrial","Sim","04/09/2025"
"Gerência Regional / GO","860216/2018","Requerimento de Autorização de Pesquisa","Autorização de Pesquisa","50.223.792/0001-31","AF EXTRACAO DE AREIA E CALCARIO LTDA.","SÃO DOMINGOS - GO","MINÉRIO DE OURO","Industrial","Sim","14/09/2021"
"Gerência Regional / GO","860271/2024","Requerimento de Autorização de Pesquisa","Autorização de Pesquisa","57.069.852/0001-52","DEEP CORE LTDA","CAVALCANTE - GO","MINÉRIO DE OURO","Industrial","Sim","09/06/2026"
"Gerência Regional / GO","860520/1998","Requerimento de Autorização de Pesquisa","Direito de Requerer a Lavra","***.265.671-**","Edicleides Batista dos Santos","BURITI DE GOIÁS - GO, NOVO BRASIL - GO","MINÉRIO DE TITÂNIO","Demais substâncias","Sim","27/06/2001"
"Gerência Regional / GO","861942/1995","Requerimento de Autorização de Pesquisa","Concessão de Lavra","03.817.198/0001-99","N S A MINERACAO AGUA D'MINA LTDA","SÃO MIGUEL DO PASSA QUATRO - GO","ÁGUA MINERAL","Demais substâncias","Sim","21/11/2000"
"Gerência Regional / GO","860360/2001","Requerimento de Autorização de Pesquisa","Concessão de Lavra","04.596.259/0001-06","MINERACAO CAPA BRANCA LTDA","RIO VERDE - GO","DOLOMITO","Demais substâncias","Sim","17/07/2002"
"Gerência Regional / GO","860833/2000","Requerimento de Autorização de Pesquisa","Requerimento de Lavra","05.284.606/0001-10","PLANALTO EXTRACAO DE AREIA LTDA","PLANALTINA - GO","AREIA","Construção civil","Sim","16/05/2003"
"Gerência Regional / GO","860561/2001","Requerimento de Autorização de Pesquisa","Concessão de Lavra","04.926.666/0001-26","CELESTIAL INDÚSTRIA BRASILEIRA DE ÁGUA MINERAL LTDA","CACHOEIRA ALTA - GO","ÁGUA MINERAL","Industrial","Sim","29/10/2003"
"Gerência Regional / GO","861140/2016","Requerimento de Autorização de Pesquisa","Autorização de Pesquisa","***.334.901-**","Gilberto Martins da costa","CROMÍNIA - GO, PROFESSOR JAMIL - GO","GRANITO","Revestimento","Sim","15/10/2020"
"Gerência Regional / GO","862175/2005","Requerimento de Autorização de Pesquisa","Requerimento de Lavra","03.333.398/0001-76","P Z AREIA E TRANSPORTE EIRELI","SILVÂNIA - GO, VIANÓPOLIS - GO","AREIA, MINÉRIO DE OURO","Construção civil, Industrial","Sim","05/04/2013"
"Gerência Regional / GO","860014/2006","Requerimento de Autorização de Pesquisa","Concessão de Lavra","05.695.212/0001-54","MINERAÇÃO & TRANSPORTE NOSSA SENHORA APARECIDA LTDA","SANTA VITÓRIA - MG, SÃO SIMÃO - GO","AREIA","Construção civil","Sim","23/08/2006"
"Gerência Regional / GO","861815/2005","Requerimento de Autorização de Pesquisa","Requerimento de Lavra","04.394.591/0001-80","CONCRETA BRITAS LTDA","CALDAS NOVAS - GO","MINÉRIO DE OURO, XISTO","Brita, Industrial","Sim","22/02/2006"
"Gerência Regional / GO","861745/2010","Requerimento de Cessão parcial","Requerimento de Lavra","70.997.689/0001-56","Dleon Mineradora Ltda EPP","ABADIA DE GOIÁS - GO","GRANITO, GRANULITO","Brita, Brita","Sim","24/04/2017"
"Gerência Regional / GO","860557/1998","Requerimento de Autorização de Pesquisa","Concessão de Lavra","07.965.002/0001-64","MINERADORA CRISTALINA LTDA","CRISTALINA - GO","AREIA","Demais substâncias","Sim","10/07/2006"
"Gerência Regional / GO","861336/2004","Requerimento de Autorização de Pesquisa","Requerimento de Lavra","05.729.750/0001-12","Brazil Quartzite Stone Mineração Ltda","JATAÍ - GO","QUARTZITO","Revestimento","Sim","19/06/2006"
"Gerência Regional / GO","860608/1991","Requerimento de Lavra Garimpeira","Lavra Garimpeira","***.510.435-**","OSMAR PEREIRA EVANGELISTA","CAMPOS VERDES - GO","ESMERALDA","Demais substâncias","Sim","26/03/2019"
"Gerência Regional / GO","860684/2004","Requerimento de Autorização de Pesquisa","Requerimento de Lavra","04.317.119/0001-43","MINERADORA AMERICAL LTDA - EPP","POSSE - GO","MINÉRIO DE OURO","Industrial","Sim","01/11/2012"
"Gerência Regional / GO","860155/1991","Requerimento de Autorização de Pesquisa","Concessão de Lavra","09.642.280/0001-06","PEDREIRA HVB LTDA","BELA VISTA DE GOIÁS - GO","MICAXISTO","Demais substâncias","Sim","14/09/2009"
"Gerência Regional / GO","860198/2023","Requerimento de Autorização de Pesquisa","Autorização de Pesquisa","***.803.316-**","IVAN GODOI DE SOUZA","ARAGOIÂNIA - GO, HIDROLÂNDIA - GO","AREIA, CASCALHO, MINÉRIO DE OURO","Construção civil, Construção civil, Industrial","Sim","14/11/2024"
"Gerência Regional / GO","862124/2007","Requerimento de Autorização de Pesquisa","Requerimento de Lavra","13.379.343/0001-50","Dragagem Vargem do Moinho Ltda","GOIATUBA - GO","AREIA","Construção civil","Sim","16/05/2011"
"Gerência Regional / GO","860396/2015","Requerimento de Disponibilidade para lavra","Concessão de Lavra","13.383.473/0001-67","EMERSON PINHEIRO ROSA","CROMÍNIA - GO, PROFESSOR JAMIL - GO","AREIA, CASCALHO","Construção civil, Construção civil","Sim","20/03/2020"
"Gerência Regional / GO","861844/2008","Requerimento de Autorização de Pesquisa","Concessão de Lavra","12.985.327/0001-49","JOSE DE CAMPOS AMARAL","COCALZINHO DE GOIÁS - GO","AREIA","Construção civil","Sim","28/10/2011"
"Gerência Regional / GO","861231/2016","Requerimento de Autorização de Pesquisa","Autorização de Pesquisa","***.774.761-**","RICARDO DE SOUZA LOBO","CAMPINAÇU - GO","CALCÁRIO","Revestimento","Sim","01/10/2025"
"Gerência Regional / GO","860501/2011","Requerimento de Autorização de Pesquisa","Autorização de Pesquisa","02.582.226/0001-73","Mineração M.r.v Ltda.","NIQUELÂNDIA - GO","MINÉRIO DE OURO","Industrial","Sim","11/09/2013"
"Gerência Regional / GO","860745/2000","Requerimento de Autorização de Pesquisa","Concessão de Lavra","17.125.322/0001-60","EMBRAAREIA EMPRESA DE EXTRACAO E COMERCIO DE AREIA LTDA","SANTA RITA DO NOVO DESTINO - GO, URUAÇU - GO","AREIA","Construção civil","Sim","27/10/2021"
"Gerência Regional / GO","861657/2021","Requerimento de Autorização de Pesquisa","Autorização de Pesquisa","***.986.101-**","SERGIO JOSE FERREIRA","MORRINHOS - GO","AREIA, OURO","Construção civil, Industrial","Sim","27/01/2026"
"Gerência Regional / GO","860813/2023","Requerimento de Cessão parcial","Requerimento de Lavra","15.534.873/0001-51","RIO CLARO MINERACAO E EMPREENDIMENTOS LTDA","CAVALCANTE - GO","AREIA, MINÉRIO DE OURO","Construção civil, Industrial","Sim","05/12/2025"
"Gerência Regional / GO","860156/2010","Requerimento de Autorização de Pesquisa","Requerimento de Lavra","23.016.277/0001-08","Calcária Mineradora Ltda","PADRE BERNARDO - GO","QUARTZITO, QUARTZO","Industrial, Industrial","Sim","14/09/2015"
"Gerência Regional / GO","860615/2013","Requerimento de Cessão parcial","Requerimento de Lavra","24.968.522/0001-40","Czizeski Mineração Indaia Ltda Me","FORMOSA - GO","AREIA","Construção civil","Sim","27/11/2019"
"Gerência Regional / GO","860755/2009","Requerimento de Autorização de Pesquisa","Requerimento de Lavra","26.212.301/0001-72","Mineradora Magal Ltda Me","GOIANÉSIA - GO, SANTA ISABEL - GO","AREIA, CASCALHO, MINÉRIO DE OURO","Construção civil, Construção civil, Industrial","Sim","08/11/2019"
"Gerência Regional / GO","860187/2010","Requerimento de Autorização de Pesquisa","Concessão de Lavra","26.575.395/0001-44","Jose Pedro Vaz Neto ME","CATALÃO - GO, CUMARI - GO, TRÊS RANCHOS - GO","AREIA, CASCALHO, DIAMANTE, DIAMANTE","Construção civil, Construção civil, Gema, Industrial","Sim","23/01/2017"
"Gerência Regional / GO","810817/1974","Requerimento de Autorização de Pesquisa","Concessão de Lavra","15.083.339/0001-76","M CAL COMBUSTIVEIS E MINERACAO LTDA","CAIAPÔNIA - GO, PEROLÂNDIA - GO","BASALTO, CALCÁRIO DOLOMÍTICO","Brita, Demais substâncias","Sim","19/02/2014"
"Gerência Regional / GO","860414/2018","Requerimento de Autorização de Pesquisa","Autorização de Pesquisa","***.219.996-**","ADALBERTO ALVES MOREIRA","NIQUELÂNDIA - GO","MINÉRIO DE OURO","Industrial","Sim","14/09/2021"
"Gerência Regional / GO","861469/2004","Requerimento de Autorização de Pesquisa","Concessão de Lavra","28.443.446/0001-00","L F MONTEIRO FILHO","JARAGUÁ - GO, SÃO FRANCISCO DE GOIÁS - GO","AREIA, CASCALHO","Construção civil, Construção civil","Sim","13/05/2019"
"Gerência Regional / GO","860812/2021","Requerimento de Autorização de Pesquisa","Requerimento de Lavra","***.784.071-**","RICARDO ROSA SOUZA","CAIAPÔNIA - GO","AREIA, DIAMANTE","Construção civil, Industrial","Sim","31/03/2023"
"Gerência Regional / GO","861298/2015","Requerimento de Disponibilidade para pesquisa","Autorização de Pesquisa","04.061.994/0001-07","T.L.LOPES E CIA LTDA ME","MONTE ALEGRE DE GOIÁS - GO","MINÉRIO DE ESTANHO, MINÉRIO DE OURO, MINÉRIO DE TÂNTALO","Industrial, Industrial, Industrial","Sim","05/10/2018"
"Gerência Regional / GO","860497/2020","Requerimento de Autorização de Pesquisa","Autorização de Pesquisa","03.780.335/0001-68","TROPICO MINERACAO LTDA","COCALZINHO DE GOIÁS - GO, CORUMBÁ DE GOIÁS - GO","MINÉRIO DE OURO","Industrial","Sim","27/01/2026"
"Gerência Regional / GO","860385/2011","Requerimento de Lavra Garimpeira","Lavra Garimpeira","***.930.131-**","Joselita de Brito Escobar","CAMPOS VERDES - GO","ESMERALDA","Gema","Sim","20/03/2020"
"Gerência Regional / GO","860241/2019","Requerimento de Autorização de Pesquisa","Autorização de Pesquisa","09.617.400/0001-15","Metal Company Extração, Beneficiamento, Comercio, Exportação e Importação Ltda","NIQUELÂNDIA - GO","MINÉRIO DE MANGANÊS","Industrial","Sim","16/11/2020"
"Gerência Regional / GO","861035/2021","Requerimento de Autorização de Pesquisa","Autorização de Pesquisa","***.534.901-**","Iraides Mendes Dionísio dos Santos Rodrigues","AMARALINA - GO, BONÓPOLIS - GO, MUTUNÓPOLIS - GO, PORANGATU - GO","AREIA, OURO","Construção civil, Industrial","Sim","14/04/2026"
"Gerência Regional / GO","860925/2019","Requerimento de Autorização de Pesquisa","Autorização de Pesquisa","***.787.231-**","Waldivino Nunes dos Santos","COCALZINHO DE GOIÁS - GO, PIRENÓPOLIS - GO","MINÉRIO DE OURO","Industrial","Sim","02/07/2020"
"Gerência Regional / GO","860544/2020","Requerimento de Autorização de Pesquisa","Autorização de Pesquisa","***.948.971-**","EMERSON FERNANDES DA CONCEICAO","NIQUELÂNDIA - GO","MINÉRIO DE OURO","Industrial","Sim","17/11/2023"
"Gerência Regional / GO","861124/2010","Requerimento de Cessão parcial","Concessão de Lavra","37.780.330/0001-57","CARMELIA LUCIA NORONHA","GOIÁS - GO","AREIA, CASCALHO","Construção civil, Construção civil","Sim","27/10/2021"
"Gerência Regional / GO","860390/2020","Requerimento de Autorização de Pesquisa","Autorização de Pesquisa","***.397.351-**","GETULIO FERREIRA CAMARA NUNES","PIRENÓPOLIS - GO","MINÉRIO DE OURO","Industrial","Sim","24/12/2020"
"Gerência Regional / GO","860543/2014","Requerimento de Disponibilidade para lavra","Requerimento de Lavra","11.811.440/0001-45","AVBN GOLD PROSPECCAO DE MINERACAO LTDA","NIQUELÂNDIA - GO","MINÉRIO DE OURO, OURO","Demais substâncias, Industrial","Sim","26/10/2021"
"Gerência Regional / GO","861102/2022","Requerimento de Autorização de Pesquisa","Direito de Requerer a Lavra","37.218.659/0001-29","COMERCIAL SANTOS NETO LTDA","ARAGUAPAZ - GO","AREIA, MINÉRIO DE OURO","Construção civil, Industrial","Sim","05/02/2025"
"Gerência Regional / GO","860100/2022","Requerimento de Cessão parcial","Autorização de Pesquisa","44.695.577/0001-30","A J DE MOURA SOUSA MINERACAO","NIQUELÂNDIA - GO","MINÉRIO DE OURO","Industrial","Sim","31/03/2023"
"Gerência Regional / GO","860358/2010","Requerimento de Autorização de Pesquisa","Concessão de Lavra","15.455.139/0001-05","SCAVA TERRA EMPREENDIMENTOS LTDA","FAINA - GO","AREIA, MINÉRIO DE OURO","Construção civil, Industrial","Sim","23/09/2014"
"Gerência Regional / GO","860643/2021","Requerimento de Lavra - Oferta Pública","Requerimento de Lavra","43.183.382/0001-49","MARCINHO EMPREENDIMENTO EIRELI","CATALÃO - GO, CUMARI - GO","AREIA","Construção civil","Sim","24/11/2023"
"Gerência Regional / GO","862853/2011","Requerimento de Cessão parcial","Requerimento de Lavra","48.895.418/0001-30","AREIAL 3 RIOS LTDA","CACHOEIRA DE GOIÁS - GO","AREIA","Construção civil","Sim","07/10/2021"
"Gerência Regional / GO","860197/2023","Requerimento de Autorização de Pesquisa","Autorização de Pesquisa","48.100.311/0001-59","SOLARIS GEOLOGIA E PESQUISA MINERAL LTDA","PIRENÓPOLIS - GO","MINÉRIO DE OURO","Industrial","Sim","23/04/2025"
"Gerência Regional / GO","860216/2018","Requerimento de Autorização de Pesquisa","Autorização de Pesquisa","50.223.792/0001-31","AF EXTRACAO DE AREIA E CALCARIO LTDA.","SÃO DOMINGOS - GO","MINÉRIO DE OURO","Industrial","Sim","05/01/2021"
"Gerência Regional / GO","861677/2010","Requerimento de Cessão parcial","Concessão de Lavra","31.135.683/0001-18","CONCRETOS USINADOS NEW LTDA","GOIÁS - GO","AREIA, ARGILA","Construção civil, Industrial","Sim","30/04/2024"
"Gerência Regional / GO","861429/2021","Requerimento de Autorização de Pesquisa","Requerimento de Lavra","51.915.904/0001-88","EXTRACAO DE AREIA MODELO LTDA","JATAÍ - GO","AREIA","Construção civil","Sim","30/04/2024"
"Gerência Regional / GO","860202/2023","Requerimento de Disponibilidade para pesquisa","Autorização de Pesquisa","52.533.875/0001-52","CONQUISTA MINERACAO LTDA","MONTE ALEGRE DE GOIÁS - GO","MINÉRIO DE ESTANHO, MINÉRIO DE OURO, MINÉRIO DE TÂNTALO","Industrial, Industrial, Industrial","Sim","24/11/2023"
"Gerência Regional / GO","861499/2024","Requerimento de Pesquisa - Leilão","Autorização de Pesquisa","54.861.902/0001-41","DJ PARTICIPACOES LTDA","NIQUELÂNDIA - GO","MINÉRIO DE OURO","Industrial","Sim","29/05/2025"
"Gerência Regional / GO","861921/2024","Requerimento de Pesquisa - Leilão","Autorização de Pesquisa","55.925.585/0001-42","BRAVIA MINERACAO INDUSTRIA E COMERCIO LTDA","BOM JARDIM DE GOIÁS - GO","GNAISSE","Brita","Sim","15/05/2025"
"Gerência Regional / GO","860271/2024","Requerimento de Autorização de Pesquisa","Autorização de Pesquisa","57.069.852/0001-52","DEEP CORE LTDA","CAVALCANTE - GO","MINÉRIO DE OURO","Industrial","Sim","04/09/2025"
"Gerência Regional / GO","860076/2025","Requerimento de Autorização de Pesquisa","Autorização de Pesquisa","59.267.958/0001-96","MINERADORA RAHAL LTDA","APARECIDA DE GOIÂNIA - GO, BELA VISTA DE GOIÁS - GO, SENADOR CANEDO - GO","AREIA, DIAMANTE","Gema, Industrial","Sim","04/09/2025"
"Gerência Regional / GO","860956/2023","Requerimento de Autorização de Pesquisa","Autorização de Pesquisa","61.756.522/0001-02","CAL COMERCIO E MINERACAO LTDA","MIMOSO DE GOIÁS - GO","CALCÁRIO, CALCÁRIO CALCÍTICO, CALCÁRIO DOLOMÍTICO, MINÉRIO DE OURO","Corretivo de solo, Fabricação de cal, Fabricação de cimento, Industrial","Sim","27/01/2026"
"Gerência Regional / GO","860236/2020","Requerimento de Autorização de Pesquisa","Autorização de Pesquisa","59.082.170/0001-05","MINERADORA GOLD LTDA","GOIÁS - GO","MINÉRIO DE OURO","Industrial","Sim","17/03/2026"
"Gerência Regional / GO","861424/2024","Requerimento de Pesquisa - Leilão","Autorização de Pesquisa","63.109.666/0001-00","FAINA MATRINCHA 861.424 SPE LTDA","FAINA - GO, MATRINCHÃ - GO","MINÉRIO DE OURO","Industrial","Sim","27/01/2026"
"Gerência Regional / GO","861267/2022","Requerimento de Autorização de Pesquisa","Autorização de Pesquisa","63.588.954/0001-87","CALCARIO SERRA GRANDE LTDA","DIVINÓPOLIS DE GOIÁS - GO","CALCÁRIO, MINÉRIO DE OURO","Corretivo de solo, Industrial","Sim","17/03/2026"
"Gerência Regional / GO","860919/2025","Requerimento de Autorização de Pesquisa","Autorização de Pesquisa","***.291.621-**","CLEILSON DA SILVA FREIRE","SÃO DOMINGOS - GO","MINÉRIO DE OURO","Industrial","Sim","20/08/2026"
"Gerência Regional / GO","860764/1986","Requerimento de Autorização de Pesquisa","Requerimento de Lavra","03.534.260/0001-35","IMPERIO MINERACOES LIMITADA","MINEIROS - GO, PORTELÂNDIA - GO","DOLOMITO","Industrial","Sim","11/06/2003"
"Gerência Regional / GO","860421/2005","Requerimento de Autorização de Pesquisa","Requerimento de Lavra","23.640.204/0001-92","Mineração Curimbaba Ltda","BARRO ALTO - GO, SANTA RITA DO NOVO DESTINO - GO","MINÉRIO DE ALUMÍNIO","Industrial","Sim","02/06/2005"
"Gerência Regional / GO","860420/2005","Requerimento de Autorização de Pesquisa","Concessão de Lavra","23.640.204/0001-92","Mineração Curimbaba Ltda","BARRO ALTO - GO","MINÉRIO DE ALUMÍNIO","Industrial","Sim","05/04/2005"
"Gerência Regional / GO","860420/2005","Requerimento de Autorização de Pesquisa","Concessão de Lavra","23.640.204/0001-92","Mineração Curimbaba Ltda","BARRO ALTO - GO","MINÉRIO DE ALUMÍNIO","Industrial","Sim","21/02/2011"
"Gerência Regional / GO","860104/2010","Requerimento de Cessão parcial","Requerimento de Lavra","23.640.204/0001-92","Mineração Curimbaba Ltda","BARRO ALTO - GO","MINÉRIO DE ALUMÍNIO","Industrial","Sim","21/02/2011"
"Gerência Regional / GO","860429/1989","Requerimento de Autorização de Pesquisa","Concessão de Lavra","02.764.530/0001-31","CTS EXTRAÇÃO DE MINÉRIOS LTDA","CALDAS NOVAS - GO","ÁGUA MINERAL","Demais substâncias","Sim","15/06/1998"
"Gerência Regional / GO","862028/1984","Requerimento de Autorização de Pesquisa","Concessão de Lavra","07.410.766/0001-93","CD MINERADORA LTDA","CACHOEIRA DOURADA - GO","ÁGUAS TERMAIS","Demais substâncias","Sim","08/04/2008"
"Gerência Regional / GO","860058/2017","Requerimento de Autorização de Pesquisa","Requerimento de Lavra","05.835.276/0001-03","RIO MINERALS LTDA","PADRE BERNARDO - GO","MÁRMORE","Revestimento","Sim","11/06/2019"
"Gerência Regional / GO","860596/2013","Requerimento de Autorização de Pesquisa","Autorização de Pesquisa","08.720.614/0001-50","BEMISA HOLDING S.A.","MINAÇU - GO","MINÉRIO DE NÍQUEL","Industrial","Sim","20/08/2018"
"Gerência Regional / GO","860745/2003","Requerimento de Autorização de Pesquisa","Concessão de Lavra","08.155.670/0001-99","D. L. do Prado M. Construcao Me","EDEALINA - GO, PONTALINA - GO","AREIA, MINÉRIO DE TITÂNIO","Construção civil, Industrial","Sim","17/11/2006"
"Gerência Regional / GO","860115/2010","Requerimento de Autorização de Pesquisa","Requerimento de Lavra","10.174.537/0001-21","Cristalina Mineração e Transportes Ltda Me","CRISTALINA - GO","AREIA, MINÉRIO DE OURO","Construção civil, Industrial","Sim","09/05/2013"
"Gerência Regional / GO","860063/2014","Requerimento de Autorização de Pesquisa","Requerimento de Lavra","10.174.537/0001-21","Cristalina Mineração e Transportes Ltda Me","CRISTALINA - GO","AREIA, MINÉRIO DE OURO","Construção civil, Industrial","Sim","06/10/2016"
"Gerência Regional / GO","861262/2011","Requerimento de Disponibilidade para pesquisa","Requerimento de Lavra","10.174.537/0001-21","Cristalina Mineração e Transportes Ltda Me","CRISTALINA - GO","AREIA, MINÉRIO DE OURO","Construção civil, Industrial","Sim","09/05/2014"
"Gerência Regional / GO","860445/2008","Requerimento de Autorização de Pesquisa","Requerimento de Lavra","10.174.537/0001-21","Cristalina Mineração e Transportes Ltda Me","CRISTALINA - GO","AREIA, MINÉRIO DE OURO","Construção civil, Industrial","Sim","16/11/2012"
"Gerência Regional / GO","860069/2010","Requerimento de Autorização de Pesquisa","Autorização de Pesquisa","14.066.935/0001-85","MINERACAO GOIAS VELHO LTDA","FAINA - GO, GOIÁS - GO","MINÉRIO DE OURO","Industrial","Sim","22/09/2011"
"Gerência Regional / GO","860069/2010","Requerimento de Autorização de Pesquisa","Autorização de Pesquisa","14.066.935/0001-85","MINERACAO GOIAS VELHO LTDA","FAINA - GO, GOIÁS - GO","MINÉRIO DE OURO","Industrial","Sim","23/01/2015"
"Gerência Regional / GO","860036/2017","Requerimento de Disponibilidade para pesquisa","Autorização de Pesquisa","14.066.935/0001-85","MINERACAO GOIAS VELHO LTDA","FAINA - GO","CALCÁRIO, MINÉRIO DE OURO","Corretivo de solo, Industrial","Sim","23/04/2025"
"Gerência Regional / GO","860036/2017","Requerimento de Disponibilidade para pesquisa","Autorização de Pesquisa","14.066.935/0001-85","MINERACAO GOIAS VELHO LTDA","FAINA - GO","CALCÁRIO, MINÉRIO DE OURO","Corretivo de solo, Industrial","Sim","30/04/2024"
"Gerência Regional / GO","860036/2017","Requerimento de Disponibilidade para pesquisa","Autorização de Pesquisa","14.066.935/0001-85","MINERACAO GOIAS VELHO LTDA","FAINA - GO","CALCÁRIO, MINÉRIO DE OURO","Corretivo de solo, Industrial","Sim","06/07/2021"
"Gerência Regional / GO","861347/2012","Requerimento de Disponibilidade para pesquisa","Autorização de Pesquisa","14.066.935/0001-85","MINERACAO GOIAS VELHO LTDA","FAINA - GO","CALCÁRIO, MINÉRIO DE OURO","Corretivo de solo, Industrial","Sim","04/04/2022"
"Gerência Regional / GO","861347/2012","Requerimento de Disponibilidade para pesquisa","Autorização de Pesquisa","14.066.935/0001-85","MINERACAO GOIAS VELHO LTDA","FAINA - GO","CALCÁRIO, MINÉRIO DE OURO","Corretivo de solo, Industrial","Sim","09/06/2026"
"Gerência Regional / GO","861347/2012","Requerimento de Disponibilidade para pesquisa","Autorização de Pesquisa","14.066.935/0001-85","MINERACAO GOIAS VELHO LTDA","FAINA - GO","CALCÁRIO, MINÉRIO DE OURO","Corretivo de solo, Industrial","Sim","23/04/2025"
"Gerência Regional / GO","861287/2021","Requerimento de Pesquisa - Leilão","Autorização de Pesquisa","14.066.935/0001-85","MINERACAO GOIAS VELHO LTDA","FAINA - GO, MATRINCHÃ - GO","MINÉRIO DE OURO","Industrial","Sim","13/06/2024"
"Gerência Regional / GO","861287/2021","Requerimento de Pesquisa - Leilão","Autorização de Pesquisa","14.066.935/0001-85","MINERACAO GOIAS VELHO LTDA","FAINA - GO, MATRINCHÃ - GO","MINÉRIO DE OURO","Industrial","Sim","09/06/2026"
"Gerência Regional / GO","861285/2021","Requerimento de Pesquisa - Leilão","Autorização de Pesquisa","14.066.935/0001-85","MINERACAO GOIAS VELHO LTDA","FAINA - GO, MATRINCHÃ - GO","MINÉRIO DE OURO","Industrial","Sim","13/06/2024"
"Gerência Regional / GO","861285/2021","Requerimento de Pesquisa - Leilão","Autorização de Pesquisa","14.066.935/0001-85","MINERACAO GOIAS VELHO LTDA","FAINA - GO, MATRINCHÃ - GO","MINÉRIO DE OURO","Industrial","Sim","09/06/2026"
"Gerência Regional / GO","860644/2018","Requerimento de Disponibilidade para pesquisa","Autorização de Pesquisa","14.066.935/0001-85","MINERACAO GOIAS VELHO LTDA","FAINA - GO","CALCÁRIO, MINÉRIO DE OURO","Corretivo de solo, Industrial","Sim","06/07/2021"
"Gerência Regional / GO","860644/2018","Requerimento de Disponibilidade para pesquisa","Autorização de Pesquisa","14.066.935/0001-85","MINERACAO GOIAS VELHO LTDA","FAINA - GO","CALCÁRIO, MINÉRIO DE OURO","Corretivo de solo, Industrial","Sim","09/06/2026"
"Gerência Regional / GO","860644/2018","Requerimento de Disponibilidade para pesquisa","Autorização de Pesquisa","14.066.935/0001-85","MINERACAO GOIAS VELHO LTDA","FAINA - GO","CALCÁRIO, MINÉRIO DE OURO","Corretivo de solo, Industrial","Sim","27/03/2025"
"Gerência Regional / GO","860185/2012","Requerimento de Disponibilidade para pesquisa","Autorização de Pesquisa","14.066.935/0001-85","MINERACAO GOIAS VELHO LTDA","FAINA - GO","CALCÁRIO, MINÉRIO DE OURO","Corretivo de solo, Industrial","Sim","04/04/2022"
"Gerência Regional / GO","860185/2012","Requerimento de Disponibilidade para pesquisa","Autorização de Pesquisa","14.066.935/0001-85","MINERACAO GOIAS VELHO LTDA","FAINA - GO","CALCÁRIO, MINÉRIO DE OURO","Corretivo de solo, Industrial","Sim","09/06/2026"
"Gerência Regional / GO","860185/2012","Requerimento de Disponibilidade para pesquisa","Autorização de Pesquisa","14.066.935/0001-85","MINERACAO GOIAS VELHO LTDA","FAINA - GO","CALCÁRIO, MINÉRIO DE OURO","Corretivo de solo, Industrial","Sim","27/03/2025"
"Gerência Regional / GO","860074/2018","Requerimento de Autorização de Pesquisa","Autorização de Pesquisa","14.066.935/0001-85","MINERACAO GOIAS VELHO LTDA","FAINA - GO","MINÉRIO DE OURO","Industrial","Sim","27/07/2026"
"Gerência Regional / GO","860074/2018","Requerimento de Autorização de Pesquisa","Autorização de Pesquisa","14.066.935/0001-85","MINERACAO GOIAS VELHO LTDA","FAINA - GO","MINÉRIO DE OURO","Industrial","Sim","27/03/2025"
"Gerência Regional / GO","860074/2018","Requerimento de Autorização de Pesquisa","Autorização de Pesquisa","14.066.935/0001-85","MINERACAO GOIAS VELHO LTDA","FAINA - GO","MINÉRIO DE OURO","Industrial","Sim","09/05/2024"
"Gerência Regional / GO","860074/2018","Requerimento de Autorização de Pesquisa","Autorização de Pesquisa","14.066.935/0001-85","MINERACAO GOIAS VELHO LTDA","FAINA - GO","MINÉRIO DE OURO","Industrial","Sim","06/07/2021"
"Gerência Regional / GO","860421/2005","Requerimento de Autorização de Pesquisa","Requerimento de Lavra","23.640.204/0001-92","Mineração Curimbaba Ltda","BARRO ALTO - GO, SANTA RITA DO NOVO DESTINO - GO","MINÉRIO DE ALUMÍNIO","Industrial","Sim","05/04/2005"
"Gerência Regional / GO","860420/2005","Requerimento de Autorização de Pesquisa","Concessão de Lavra","23.640.204/0001-92","Mineração Curimbaba Ltda","BARRO ALTO - GO","MINÉRIO DE ALUMÍNIO","Industrial","Sim","02/06/2005"
"Gerência Regional / GO","860104/2010","Requerimento de Cessão parcial","Requerimento de Lavra","23.640.204/0001-92","Mineração Curimbaba Ltda","BARRO ALTO - GO","MINÉRIO DE ALUMÍNIO","Industrial","Sim","19/10/2015"
"Gerência Regional / GO","860831/2001","Requerimento de Autorização de Pesquisa","Concessão de Lavra","50.221.019/0001-36","HNK BR INDUSTRIA DE BEBIDAS LTDA.","ALEXÂNIA - GO","ÁGUA MINERAL","Industrial","Sim","17/07/2003"
"Gerência Regional / GO","860730/2020","Requerimento de Autorização de Pesquisa","Autorização de Pesquisa","05.254.262/0001-04","GRAVITAL PEDRAS LTDA","PORANGATU - GO","GRANITO","Revestimento","Sim","23/10/2024"
"Gerência Regional / GO","861481/2014","Requerimento de Autorização de Pesquisa","Autorização de Pesquisa","05.943.917/0001-43","BRAZAURO RECURSOS MINERAIS LTDA.","MARA ROSA - GO","MINÉRIO DE OURO","Industrial","Sim","19/01/2016"
"Gerência Regional / GO","860108/2013","Requerimento de Autorização de Pesquisa","Autorização de Pesquisa","05.943.917/0001-43","BRAZAURO RECURSOS MINERAIS LTDA.","ESTRELA DO NORTE - GO","MINÉRIO DE OURO","Industrial","Sim","19/01/2016"
"Gerência Regional / GO","860046/2013","Requerimento de Autorização de Pesquisa","Autorização de Pesquisa","05.943.917/0001-43","BRAZAURO RECURSOS MINERAIS LTDA.","MARA ROSA - GO","MINÉRIO DE OURO","Industrial","Sim","19/01/2016"
"Gerência Regional / GO","860429/1989","Requerimento de Autorização de Pesquisa","Concessão de Lavra","02.764.530/0001-31","CTS EXTRAÇÃO DE MINÉRIOS LTDA","CALDAS NOVAS - GO","ÁGUA MINERAL","Demais substâncias","Sim","07/05/2004"
"Gerência Regional / GO","862028/1984","Requerimento de Autorização de Pesquisa","Concessão de Lavra","07.410.766/0001-93","CD MINERADORA LTDA","CACHOEIRA DOURADA - GO","ÁGUAS TERMAIS","Demais substâncias","Sim","07/02/2000"
"Gerência Regional / GO","860221/2021","Requerimento de Cessão parcial","Requerimento de Lavra","05.835.276/0001-03","RIO MINERALS LTDA","PADRE BERNARDO - GO","CALCÁRIO, CALCÁRIO, CALCÁRIO, MÁRMORE, MÁRMORE","Brita, Corretivo de solo, Fabricação de cal, Industrial, Revestimento","Sim","11/08/2022"
"Gerência Regional / GO","860058/2017","Requerimento de Autorização de Pesquisa","Requerimento de Lavra","05.835.276/0001-03","RIO MINERALS LTDA","PADRE BERNARDO - GO","MÁRMORE","Revestimento","Sim","24/05/2021"
"Gerência Regional / GO","862178/2012","Requerimento de Autorização de Pesquisa","Autorização de Pesquisa","05.835.276/0001-03","RIO MINERALS LTDA","FORMOSA - GO","CALCÁRIO, MINÉRIO DE OURO","Fabricação de cimento, Industrial","Sim","11/08/2016"
"Gerência Regional / GO","862177/2012","Requerimento de Autorização de Pesquisa","Autorização de Pesquisa","05.835.276/0001-03","RIO MINERALS LTDA","VILA BOA - GO","CALCÁRIO, MINÉRIO DE OURO","Fabricação de cimento, Industrial","Sim","11/08/2016"
"Gerência Regional / GO","862176/2012","Requerimento de Autorização de Pesquisa","Autorização de Pesquisa","05.835.276/0001-03","RIO MINERALS LTDA","IACIARA - GO, POSSE - GO","CALCÁRIO, MINÉRIO DE OURO","Fabricação de cimento, Industrial","Sim","11/08/2016"
"Gerência Regional / GO","861028/2009","Requerimento de Autorização de Pesquisa","Requerimento de Lavra","05.835.276/0001-03","RIO MINERALS LTDA","CALDAS NOVAS - GO","ILMENITA, XISTO","Brita, Industrial","Sim","25/04/2014"
"Gerência Regional / GO","860596/2013","Requerimento de Autorização de Pesquisa","Autorização de Pesquisa","08.720.614/0001-50","BEMISA HOLDING S.A.","MINAÇU - GO","MINÉRIO DE NÍQUEL","Industrial","Sim","28/07/2022"
"Gerência Regional / GO","860725/2021","Requerimento de Pesquisa - Leilão","Autorização de Pesquisa","08.720.614/0001-50","BEMISA HOLDING S.A.","CAVALCANTE - GO","MINÉRIO DE OURO","Industrial","Sim","28/07/2022"
"Gerência Regional / GO","860724/2021","Requerimento de Pesquisa - Leilão","Autorização de Pesquisa","08.720.614/0001-50","BEMISA HOLDING S.A.","CAVALCANTE - GO","MINÉRIO DE OURO","Industrial","Sim","28/07/2022"
"Gerência Regional / GO","860723/2021","Requerimento de Pesquisa - Leilão","Autorização de Pesquisa","08.720.614/0001-50","BEMISA HOLDING S.A.","CAVALCANTE - GO","MINÉRIO DE OURO","Industrial","Sim","28/07/2022"
"Gerência Regional / GO","861043/2006","Requerimento de Autorização de Pesquisa","Concessão de Lavra","03.211.362/0001-10","BICUDO'S PRESTADORA DE SERVICOS LTDA","PIRENÓPOLIS - GO","QUARTZITO","Pedra de talhe","Sim","24/08/2009"
"Gerência Regional / GO","860745/2003","Requerimento de Autorização de Pesquisa","Concessão de Lavra","08.155.670/0001-99","D. L. do Prado M. Construcao Me","EDEALINA - GO, PONTALINA - GO","AREIA, MINÉRIO DE TITÂNIO","Construção civil, Industrial","Sim","29/07/2010"
"Gerência Regional / GO","860115/2010","Requerimento de Autorização de Pesquisa","Requerimento de Lavra","10.174.537/0001-21","Cristalina Mineração e Transportes Ltda Me","CRISTALINA - GO","AREIA, MINÉRIO DE OURO","Construção civil, Industrial","Sim","08/03/2017"
"Gerência Regional / GO","860063/2014","Requerimento de Autorização de Pesquisa","Requerimento de Lavra","10.174.537/0001-21","Cristalina Mineração e Transportes Ltda Me","CRISTALINA - GO","AREIA, MINÉRIO DE OURO","Construção civil, Industrial","Sim","17/02/2020"
"Gerência Regional / GO","861757/2008","Requerimento de Autorização de Pesquisa","Requerimento de Lavra","10.174.537/0001-21","Cristalina Mineração e Transportes Ltda Me","CRISTALINA - GO","AREIA, QUARTZO","Construção civil, Industrial","Sim","09/05/2013"
"Gerência Regional / GO","861442/2012","Requerimento de Cessão parcial","Requerimento de Lavra","10.174.537/0001-21","Cristalina Mineração e Transportes Ltda Me","CRISTALINA - GO","AREIA","Construção civil","Sim","27/06/2013"
"Gerência Regional / GO","861262/2011","Requerimento de Disponibilidade para pesquisa","Requerimento de Lavra","10.174.537/0001-21","Cristalina Mineração e Transportes Ltda Me","CRISTALINA - GO","AREIA, MINÉRIO DE OURO","Construção civil, Industrial","Sim","09/05/2013"
"Gerência Regional / GO","860587/2009","Requerimento de Autorização de Pesquisa","Requerimento de Lavra","10.174.537/0001-21","Cristalina Mineração e Transportes Ltda Me","CRISTALINA - GO","AREIA, QUARTZO","Construção civil, Industrial","Sim","22/04/2010"
"Gerência Regional / GO","860445/2008","Requerimento de Autorização de Pesquisa","Requerimento de Lavra","10.174.537/0001-21","Cristalina Mineração e Transportes Ltda Me","CRISTALINA - GO","AREIA, MINÉRIO DE OURO","Construção civil, Industrial","Sim","05/07/2012"
"Gerência Regional / GO","860301/2014","Requerimento de Cessão parcial","Concessão de Lavra","10.174.537/0001-21","Cristalina Mineração e Transportes Ltda Me","CRISTALINA - GO","AREIA","Construção civil","Sim","19/10/2015"
"Gerência Regional / GO","860300/2014","Requerimento de Cessão parcial","Concessão de Lavra","10.174.537/0001-21","Cristalina Mineração e Transportes Ltda Me","CRISTALINA - GO","AREIA","Construção civil","Sim","19/10/2015"
"Gerência Regional / GO","860299/2014","Requerimento de Cessão parcial","Concessão de Lavra","10.174.537/0001-21","Cristalina Mineração e Transportes Ltda Me","CRISTALINA - GO","AREIA","Construção civil","Sim","19/10/2015"
"Gerência Regional / GO","860298/2014","Requerimento de Cessão parcial","Concessão de Lavra","10.174.537/0001-21","Cristalina Mineração e Transportes Ltda Me","CRISTALINA - GO","AREIA","Construção civil","Sim","19/10/2015"
"Gerência Regional / GO","860517/2013","Requerimento de Autorização de Pesquisa","Requerimento de Lavra","13.274.325/0001-04","Rubia Mineração e Comércio Ltda","GOIÁS - GO","AREIA, MINÉRIO DE OURO","Construção civil, Industrial","Sim","22/12/2016"
"Gerência Regional / GO","861168/2014","Requerimento de Autorização de Pesquisa","Requerimento de Lavra","09.122.304/0001-04","Antônio Sebastião Mendes","RIALMA - GO, URUANA - GO","AREIA, CASCALHO","Construção civil, Construção civil","Sim","16/10/2017"
"Gerência Regional / GO","860069/2010","Requerimento de Autorização de Pesquisa","Autorização de Pesquisa","14.066.935/0001-85","MINERACAO GOIAS VELHO LTDA","FAINA - GO, GOIÁS - GO","MINÉRIO DE OURO","Industrial","Sim","14/05/2012"
"Gerência Regional / GO","860036/2017","Requerimento de Disponibilidade para pesquisa","Autorização de Pesquisa","14.066.935/0001-85","MINERACAO GOIAS VELHO LTDA","FAINA - GO","CALCÁRIO, MINÉRIO DE OURO","Corretivo de solo, Industrial","Sim","27/07/2026"
"Gerência Regional / GO","861347/2012","Requerimento de Disponibilidade para pesquisa","Autorização de Pesquisa","14.066.935/0001-85","MINERACAO GOIAS VELHO LTDA","FAINA - GO","CALCÁRIO, MINÉRIO DE OURO","Corretivo de solo, Industrial","Sim","13/06/2024"
"Gerência Regional / GO","861287/2021","Requerimento de Pesquisa - Leilão","Autorização de Pesquisa","14.066.935/0001-85","MINERACAO GOIAS VELHO LTDA","FAINA - GO, MATRINCHÃ - GO","MINÉRIO DE OURO","Industrial","Sim","23/04/2025"
"Gerência Regional / GO","861285/2021","Requerimento de Pesquisa - Leilão","Autorização de Pesquisa","14.066.935/0001-85","MINERACAO GOIAS VELHO LTDA","FAINA - GO, MATRINCHÃ - GO","MINÉRIO DE OURO","Industrial","Sim","23/04/2025"
"Gerência Regional / GO","860644/2018","Requerimento de Disponibilidade para pesquisa","Autorização de Pesquisa","14.066.935/0001-85","MINERACAO GOIAS VELHO LTDA","FAINA - GO","CALCÁRIO, MINÉRIO DE OURO","Corretivo de solo, Industrial","Sim","09/05/2024"
"Gerência Regional / GO","860185/2012","Requerimento de Disponibilidade para pesquisa","Autorização de Pesquisa","14.066.935/0001-85","MINERACAO GOIAS VELHO LTDA","FAINA - GO","CALCÁRIO, MINÉRIO DE OURO","Corretivo de solo, Industrial","Sim","09/05/2024"
"Gerência Regional / GO","860074/2018","Requerimento de Autorização de Pesquisa","Autorização de Pesquisa","14.066.935/0001-85","MINERACAO GOIAS VELHO LTDA","FAINA - GO","MINÉRIO DE OURO","Industrial","Sim","26/03/2019"
"Gerência Regional / GO","862361/2011","Requerimento de Autorização de Pesquisa","Autorização de Pesquisa","16.842.764/0001-64","Mineradora Santa Barbara Ltda Me","ADELÂNDIA - GO, ANICUNS - GO, SÃO LUÍS DE MONTES BELOS - GO, TURVÂNIA - GO","ARGILA, ARGILA","Cerâmica vermelha, Industrial","Sim","09/05/2013"
"Gerência Regional / GO","861382/2009","Requerimento de Autorização de Pesquisa","Requerimento de Lavra","16.842.764/0001-64","Mineradora Santa Barbara Ltda Me","CATURAÍ - GO, TRINDADE - GO","ARGILA, MINÉRIO DE NÍQUEL","Cerâmica vermelha, Industrial","Sim","23/11/2012"
"Gerência Regional / GO","860730/2011","Requerimento de Disponibilidade para pesquisa","Requerimento de Lavra","16.842.764/0001-64","Mineradora Santa Barbara Ltda Me","AVELINÓPOLIS - GO, SANTA BÁRBARA DE GOIÁS - GO, TRINDADE - GO","ARGILA, ARGILA","Cerâmica vermelha, Industrial","Sim","20/11/2013"
"Gerência Regional / GO","861497/1985","Requerimento de Autorização de Pesquisa","Concessão de Lavra","19.391.749/0001-35","GVSA MINERADORA LTDA","CALDAS NOVAS - GO","ÁGUA MINERAL","Balneoterapia","Sim","08/04/1997"
"Gerência Regional / GO","861497/1985","Requerimento de Autorização de Pesquisa","Concessão de Lavra","19.391.749/0001-35","GVSA MINERADORA LTDA","CALDAS NOVAS - GO","ÁGUA MINERAL","Balneoterapia","Sim","17/07/2018"
"Gerência Regional / GO","861568/2007","Requerimento de Autorização de Pesquisa","Requerimento de Lavra","25.291.472/0001-71","Itauna Minertech Ltda","SÃO JOÃO D'ALIANÇA - GO","MINÉRIO DE MANGANÊS","Industrial","Sim","17/03/2009"
"Gerência Regional / GO","861369/2008","Requerimento de Autorização de Pesquisa","Requerimento de Lavra","25.291.472/0001-71","Itauna Minertech Ltda","NOVA IGUAÇU DE GOIÁS - GO","MINÉRIO DE MANGANÊS","Industrial","Sim","26/03/2009"
"Gerência Regional / GO","860131/1994","Requerimento de Autorização de Pesquisa","Requerimento de Lavra","00.948.470/0001-81","PONTUAL INCORPORADORA E EMPREENDIMENTOS IMOBILIARIOS S/A","CRISTALINA - GO","AREIA, CASCALHO, MÁRMORE, QUARTZITO, QUARTZO","Brita, Construção civil, Construção civil, Demais substâncias, Demais substâncias","Sim","01/06/2004"
"Gerência Regional / GO","860131/1994","Requerimento de Autorização de Pesquisa","Requerimento de Lavra","00.948.470/0001-81","PONTUAL INCORPORADORA E EMPREENDIMENTOS IMOBILIARIOS S/A","CRISTALINA - GO","AREIA, CASCALHO, MÁRMORE, QUARTZITO, QUARTZO","Brita, Construção civil, Construção civil, Demais substâncias, Demais substâncias","Sim","12/12/2019"
"Gerência Regional / GO","860131/1994","Requerimento de Autorização de Pesquisa","Requerimento de Lavra","00.948.470/0001-81","PONTUAL INCORPORADORA E EMPREENDIMENTOS IMOBILIARIOS S/A","CRISTALINA - GO","AREIA, CASCALHO, MÁRMORE, QUARTZITO, QUARTZO","Brita, Construção civil, Construção civil, Demais substâncias, Demais substâncias","Sim","27/01/2015"
"Gerência Regional / GO","860131/1994","Requerimento de Autorização de Pesquisa","Requerimento de Lavra","00.948.470/0001-81","PONTUAL INCORPORADORA E EMPREENDIMENTOS IMOBILIARIOS S/A","CRISTALINA - GO","AREIA, CASCALHO, MÁRMORE, QUARTZITO, QUARTZO","Brita, Construção civil, Construção civil, Demais substâncias, Demais substâncias","Sim","08/09/2011"
"Gerência Regional / GO","861680/2013","Requerimento de Cessão parcial","Concessão de Lavra","40.830.258/0001-30","MOTA MINERACAO E EXTRACAO II LTDA","JUSSARA - GO, MONTES CLAROS DE GOIÁS - GO","AREIA, DIAMANTE","Construção civil, Industrial","Sim","27/10/2021"
"Gerência Regional / GO","860845/2013","Requerimento de Autorização de Pesquisa","Concessão de Lavra","40.830.258/0001-30","MOTA MINERACAO E EXTRACAO II LTDA","JUSSARA - GO, MONTES CLAROS DE GOIÁS - GO","AREIA, DIAMANTE","Construção civil, Industrial","Sim","20/11/2013"
"Gerência Regional / GO","809641/1970","Requerimento de Autorização de Pesquisa","Requerimento de Lavra","63.128.948/0001-47","GONICKEL METAIS LTDA.","JUSSARA - GO","CROMITA","Demais substâncias","Sim","14/03/2008"
"Gerência Regional / GO","809641/1970","Requerimento de Autorização de Pesquisa","Requerimento de Lavra","63.128.948/0001-47","GONICKEL METAIS LTDA.","JUSSARA - GO","CROMITA","Demais substâncias","Sim","20/05/2026"
"Gerência Regional / GO","809640/1970","Requerimento de Autorização de Pesquisa","Requerimento de Lavra","63.128.948/0001-47","GONICKEL METAIS LTDA.","JUSSARA - GO","CROMITA","Demais substâncias","Sim","14/03/2008"
"Gerência Regional / GO","809640/1970","Requerimento de Autorização de Pesquisa","Requerimento de Lavra","63.128.948/0001-47","GONICKEL METAIS LTDA.","JUSSARA - GO","CROMITA","Demais substâncias","Sim","20/05/2026"
"Gerência Regional / GO","809639/1970","Requerimento de Autorização de Pesquisa","Requerimento de Lavra","63.128.948/0001-47","GONICKEL METAIS LTDA.","JUSSARA - GO","CROMITA","Demais substâncias","Sim","14/03/2008"
"Gerência Regional / GO","809639/1970","Requerimento de Autorização de Pesquisa","Requerimento de Lavra","63.128.948/0001-47","GONICKEL METAIS LTDA.","JUSSARA - GO","CROMITA","Demais substâncias","Sim","20/05/2026"
"Gerência Regional / GO","809638/1970","Requerimento de Autorização de Pesquisa","Requerimento de Lavra","63.128.948/0001-47","GONICKEL METAIS LTDA.","JUSSARA - GO","CROMITA","Demais substâncias","Sim","14/03/2008"
"Gerência Regional / GO","809638/1970","Requerimento de Autorização de Pesquisa","Requerimento de Lavra","63.128.948/0001-47","GONICKEL METAIS LTDA.","JUSSARA - GO","CROMITA","Demais substâncias","Sim","20/05/2026"
"Gerência Regional / GO","809633/1970","Requerimento de Autorização de Pesquisa","Requerimento de Lavra","63.128.948/0001-47","GONICKEL METAIS LTDA.","JUSSARA - GO","AMIANTO, NÍQUEL","Demais substâncias, Demais substâncias","Sim","20/05/2026"
"Gerência Regional / GO","809633/1970","Requerimento de Autorização de Pesquisa","Requerimento de Lavra","63.128.948/0001-47","GONICKEL METAIS LTDA.","JUSSARA - GO","AMIANTO, NÍQUEL","Demais substâncias, Demais substâncias","Sim","29/03/2005"
"Gerência Regional / GO","860996/2009","Requerimento de Autorização de Pesquisa","Requerimento de Lavra","03.035.112/0001-76","Goyaz Britas Ltda","ITUMBIARA - GO","ILMENITA","Industrial","Sim","24/05/2010"
"Gerência Regional / GO","860606/2010","Requerimento de Autorização de Pesquisa","Direito de Requerer a Lavra","***.284.686-**","Belmonte Amado Rosa Cavalcante","ESTRELA DO NORTE - GO, MARA ROSA - GO, MUTUNÓPOLIS - GO","ARGILA, MINÉRIO DE OURO","Cerâmica vermelha, Industrial","Sim","25/09/2013"
"Gerência Regional / GO","861040/2000","Requerimento de Autorização de Pesquisa","Concessão de Lavra","04.832.053/0001-20","PEDREIRA SERRA AZUL EIRELI","SÃO MIGUEL DO ARAGUAIA - GO","GNAISSE","Demais substâncias","Sim","13/07/2001"
"Gerência Regional / GO","860727/2018","Requerimento de Autorização de Pesquisa","Autorização de Pesquisa","***.213.611-**","Antonio Mendes Ferreira Junior ","JARAGUÁ - GO","AREIA, MINÉRIO DE OURO","Construção civil, Industrial","Sim","23/09/2022"
"Gerência Regional / GO","860753/2001","Requerimento de Autorização de Pesquisa","Concessão de Lavra","05.835.276/0001-03","RIO MINERALS LTDA","URUANA - GO","SIENITO","Demais substâncias","Sim","16/05/2003"
"Gerência Regional / GO","860050/1997","Requerimento de Autorização de Pesquisa","Concessão de Lavra","06.248.241/0001-30","Asfalto Brasília Ltda","COCALZINHO DE GOIÁS - GO","CALCÁRIO","Demais substâncias","Sim","03/02/2005"
"Gerência Regional / GO","860050/1997","Requerimento de Autorização de Pesquisa","Concessão de Lavra","06.248.241/0001-30","Asfalto Brasília Ltda","COCALZINHO DE GOIÁS - GO","CALCÁRIO","Demais substâncias","Sim","01/10/2003"
"Gerência Regional / GO","860050/1997","Requerimento de Autorização de Pesquisa","Concessão de Lavra","06.248.241/0001-30","Asfalto Brasília Ltda","COCALZINHO DE GOIÁS - GO","CALCÁRIO","Demais substâncias","Sim","14/03/2000"
"Gerência Regional / GO","862640/1980","Requerimento de Autorização de Pesquisa","Concessão de Lavra","01.173.871/0001-70","Termas de Goiás Ltda.","CALDAS NOVAS - GO","ÁGUAS TERMAIS","Demais substâncias","Sim","29/12/1993"
"Gerência Regional / GO","860597/2013","Requerimento de Autorização de Pesquisa","Autorização de Pesquisa","08.720.614/0001-50","BEMISA HOLDING S.A.","MINAÇU - GO","MINÉRIO DE NÍQUEL","Industrial","Sim","28/07/2022"
"Gerência Regional / GO","862361/2011","Requerimento de Autorização de Pesquisa","Autorização de Pesquisa","16.842.764/0001-64","Mineradora Santa Barbara Ltda Me","ADELÂNDIA - GO, ANICUNS - GO, SÃO LUÍS DE MONTES BELOS - GO, TURVÂNIA - GO","ARGILA, ARGILA","Cerâmica vermelha, Industrial","Sim","16/07/2013"
"Gerência Regional / GO","861798/2010","Requerimento de Autorização de Pesquisa","Autorização de Pesquisa","16.842.764/0001-64","Mineradora Santa Barbara Ltda Me","NAZÁRIO - GO, SANTA BÁRBARA DE GOIÁS - GO","ARGILA, ARGILA","Cerâmica vermelha, Industrial","Sim","16/07/2013"
"Gerência Regional / GO","861622/2011","Requerimento de Autorização de Pesquisa","Direito de Requerer a Lavra","16.842.764/0001-64","Mineradora Santa Barbara Ltda Me","AVELINÓPOLIS - GO, CATURAÍ - GO, TRINDADE - GO","ARGILA, ARGILA","Cerâmica vermelha, Industrial","Sim","16/07/2013"
"Gerência Regional / GO","861382/2009","Requerimento de Autorização de Pesquisa","Requerimento de Lavra","16.842.764/0001-64","Mineradora Santa Barbara Ltda Me","CATURAÍ - GO, TRINDADE - GO","ARGILA, MINÉRIO DE NÍQUEL","Cerâmica vermelha, Industrial","Sim","25/11/2015"
"Gerência Regional / GO","860731/2011","Requerimento de Disponibilidade para pesquisa","Autorização de Pesquisa","16.842.764/0001-64","Mineradora Santa Barbara Ltda Me","AVELINÓPOLIS - GO, SANTA BÁRBARA DE GOIÁS - GO, TRINDADE - GO","ARGILA, ARGILA","Cerâmica vermelha, Industrial","Sim","16/07/2013"
"Gerência Regional / GO","860730/2011","Requerimento de Disponibilidade para pesquisa","Requerimento de Lavra","16.842.764/0001-64","Mineradora Santa Barbara Ltda Me","AVELINÓPOLIS - GO, SANTA BÁRBARA DE GOIÁS - GO, TRINDADE - GO","ARGILA, ARGILA","Cerâmica vermelha, Industrial","Sim","16/07/2013"
"Gerência Regional / GO","861187/2011","Requerimento de Autorização de Pesquisa","Requerimento de Lavra","14.641.999/0001-62","Centro Mineração Ltda","CAVALCANTE - GO","MINÉRIO DE MANGANÊS","Industrial","Sim","24/04/2017"
"Gerência Regional / GO","861119/2013","Requerimento de Autorização de Pesquisa","Concessão de Lavra","14.641.999/0001-62","Centro Mineração Ltda","SÃO JOÃO D'ALIANÇA - GO","MINÉRIO DE MANGANÊS","Industrial","Sim","26/08/2015"
"Gerência Regional / GO","861063/2003","Requerimento de Autorização de Pesquisa","Requerimento de Lavra","14.641.999/0001-62","Centro Mineração Ltda","ANICUNS - GO","CALCÁRIO","Demais substâncias","Sim","18/09/2013"
"Gerência Regional / GO","860811/2017","Requerimento de Autorização de Pesquisa","Requerimento de Lavra","14.641.999/0001-62","Centro Mineração Ltda","RIO VERDE - GO","AREIA","Construção civil","Sim","12/12/2019"
"Gerência Regional / GO","860754/2010","Requerimento de Autorização de Pesquisa","Autorização de Pesquisa","14.641.999/0001-62","Centro Mineração Ltda","FORMOSA - GO","CALCÁRIO, CALCÁRIO, MINÉRIO DE OURO","Fabricação de cal, Fabricação de cimento, Industrial","Sim","25/04/2013"
"Gerência Regional / GO","860562/2010","Requerimento de Autorização de Pesquisa","Autorização de Pesquisa","14.641.999/0001-62","Centro Mineração Ltda","FORMOSA - GO","CALCÁRIO, CALCÁRIO, MINÉRIO DE OURO","Fabricação de cal, Fabricação de cimento, Industrial","Sim","25/04/2013"
"Gerência Regional / GO","860488/2010","Requerimento de Autorização de Pesquisa","Autorização de Pesquisa","14.641.999/0001-62","Centro Mineração Ltda","FORMOSA - GO","CALCÁRIO CALCÍTICO, CALCÁRIO CALCÍTICO, MINÉRIO DE OURO","Fabricação de cal, Fabricação de cimento, Industrial","Sim","25/04/2013"
"Gerência Regional / GO","860487/2010","Requerimento de Autorização de Pesquisa","Autorização de Pesquisa","14.641.999/0001-62","Centro Mineração Ltda","FORMOSA - GO","CALCÁRIO CALCÍTICO, CALCÁRIO CALCÍTICO, MINÉRIO DE OURO","Fabricação de cal, Fabricação de cimento, Industrial","Sim","25/04/2013"
"Gerência Regional / GO","861270/2011","Requerimento de Autorização de Pesquisa","Concessão de Lavra","13.273.843/0001-03","SYLVIO ROBERTO PEREIRA BARBOSA LTDA","CORUMBÁ DE GOIÁS - GO","AREIA","Construção civil","Sim","18/09/2013"
"Gerência Regional / GO","861497/1985","Requerimento de Autorização de Pesquisa","Concessão de Lavra","19.391.749/0001-35","GVSA MINERADORA LTDA","CALDAS NOVAS - GO","ÁGUA MINERAL","Balneoterapia","Sim","12/05/2000"
"Gerência Regional / GO","861203/1985","Requerimento de Autorização de Pesquisa","Concessão de Lavra","19.391.749/0001-35","GVSA MINERADORA LTDA","CALDAS NOVAS - GO","ÁGUA MINERAL","Demais substâncias","Sim","28/05/2014"
"Gerência Regional / GO","860414/2012","Requerimento de Autorização de Pesquisa","Autorização de Pesquisa","04.583.378/0001-16","JOSE CATARINA DA MATA & CIA LTDA","ALEXÂNIA - GO","ILMENITA","Industrial","Sim","19/01/2016"
"Gerência Regional / GO","860198/2021","Requerimento de Autorização de Pesquisa","Autorização de Pesquisa","21.357.472/0001-76","FONTE BRANCA INDUSTRIA E COMERCIO DE GRANITOS LTDA","ARUANÃ - GO","MINÉRIO DE NIÓBIO","Industrial","Sim","17/03/2026"
"Gerência Regional / GO","860196/2021","Requerimento de Autorização de Pesquisa","Autorização de Pesquisa","21.357.472/0001-76","FONTE BRANCA INDUSTRIA E COMERCIO DE GRANITOS LTDA","ARUANÃ - GO","MINÉRIO DE NIÓBIO","Industrial","Sim","17/03/2026"
"Gerência Regional / GO","861568/2007","Requerimento de Autorização de Pesquisa","Requerimento de Lavra","25.291.472/0001-71","Itauna Minertech Ltda","SÃO JOÃO D'ALIANÇA - GO","MINÉRIO DE MANGANÊS","Industrial","Sim","14/06/2017"
"Gerência Regional / GO","861369/2008","Requerimento de Autorização de Pesquisa","Requerimento de Lavra","25.291.472/0001-71","Itauna Minertech Ltda","NOVA IGUAÇU DE GOIÁS - GO","MINÉRIO DE MANGANÊS","Industrial","Sim","14/06/2017"
"Gerência Regional / GO","860583/2015","Requerimento de Autorização de Pesquisa","Concessão de Lavra","27.427.364/0001-09","S & J MINERACAO DE GRANITOS DO BRASIL LTDA","RUBIATABA - GO","GRANITO, GRANITO, MONZONITO","Brita, Revestimento, Revestimento","Sim","06/03/2018"
"Gerência Regional / GO","860131/1994","Requerimento de Autorização de Pesquisa","Requerimento de Lavra","00.948.470/0001-81","PONTUAL INCORPORADORA E EMPREENDIMENTOS IMOBILIARIOS S/A","CRISTALINA - GO","AREIA, CASCALHO, MÁRMORE, QUARTZITO, QUARTZO","Brita, Construção civil, Construção civil, Demais substâncias, Demais substâncias","Sim","03/06/2014"
"Gerência Regional / GO","860433/2014","Requerimento de Cessão parcial","Concessão de Lavra","00.948.470/0001-81","PONTUAL INCORPORADORA E EMPREENDIMENTOS IMOBILIARIOS S/A","CRISTALINA - GO","AREIA","Construção civil","Sim","13/06/2019"
"Gerência Regional / GO","860592/2023","Requerimento de Autorização de Pesquisa","Autorização de Pesquisa","12.908.552/0001-81","HELIO ANTONIO DE SOUSA ME","GOIÁS - GO","MINÉRIO DE OURO","Industrial","Sim","07/03/2024"
"Gerência Regional / GO","860591/2023","Requerimento de Autorização de Pesquisa","Autorização de Pesquisa","12.908.552/0001-81","HELIO ANTONIO DE SOUSA ME","GOIÁS - GO","MINÉRIO DE OURO","Industrial","Sim","07/03/2024"
"Gerência Regional / GO","860644/2023","Requerimento de Autorização de Pesquisa","Autorização de Pesquisa","12.908.552/0001-81","HELIO ANTONIO DE SOUSA ME","GOIÁS - GO","MINÉRIO DE OURO","Industrial","Sim","07/03/2024"
"Gerência Regional / GO","860643/2023","Requerimento de Autorização de Pesquisa","Autorização de Pesquisa","12.908.552/0001-81","HELIO ANTONIO DE SOUSA ME","MATRINCHÃ - GO","MINÉRIO DE OURO","Industrial","Sim","07/03/2024"
"Gerência Regional / GO","860642/2023","Requerimento de Autorização de Pesquisa","Autorização de Pesquisa","12.908.552/0001-81","HELIO ANTONIO DE SOUSA ME","MATRINCHÃ - GO","MINÉRIO DE OURO","Industrial","Sim","07/03/2024"
"Gerência Regional / GO","860206/2021","Requerimento de Cessão parcial","Requerimento de Lavra","27.543.047/0001-58","CUNHA AGRICOLA LTDA","CHAPADÃO DO CÉU - GO","BASALTO, BASALTO","Brita, Revestimento","Sim","29/05/2025"
"Gerência Regional / GO","861680/2013","Requerimento de Cessão parcial","Concessão de Lavra","40.830.258/0001-30","MOTA MINERACAO E EXTRACAO II LTDA","JUSSARA - GO, MONTES CLAROS DE GOIÁS - GO","AREIA, DIAMANTE","Construção civil, Industrial","Sim","15/12/2015"
"Gerência Regional / GO","861377/2008","Requerimento de Autorização de Pesquisa","Concessão de Lavra","40.830.258/0001-30","MOTA MINERACAO E EXTRACAO II LTDA","JUSSARA - GO, MONTES CLAROS DE GOIÁS - GO","AREIA, DIAMANTE","Construção civil, Industrial","Sim","23/03/2022"
"Gerência Regional / GO","860845/2013","Requerimento de Autorização de Pesquisa","Concessão de Lavra","40.830.258/0001-30","MOTA MINERACAO E EXTRACAO II LTDA","JUSSARA - GO, MONTES CLAROS DE GOIÁS - GO","AREIA, DIAMANTE","Construção civil, Industrial","Sim","27/10/2021"
"Gerência Regional / GO","860674/2020","Requerimento de Autorização de Pesquisa","Autorização de Pesquisa","08.433.126/0001-61","AGROINDUSTRIAL CAMPANHOLI LTDA","DIVINÓPOLIS DE GOIÁS - GO","CALCÁRIO, CALCÁRIO, CALCÁRIO, CALCÁRIO, FOSFATO","Brita, Corretivo de solo, Fabricação de cal, Fabricação de cimento, Fertilizantes","Sim","16/12/2021"
"Gerência Regional / GO","861242/2022","Requerimento de Cessão parcial","Autorização de Pesquisa","49.594.555/0001-06","MINERADORA RIO BONITO LTDA","CAIAPÔNIA - GO","AREIA","Construção civil","Sim","15/09/2025"
"Gerência Regional / GO","860290/2009","Requerimento de Autorização de Pesquisa","Requerimento de Lavra","50.068.307/0001-00","BLEND MINERACAO LTDA","CAMPINAÇU - GO","CALCÁRIO, CALCÁRIO CALCÍTICO, CALCÁRIO DOLOMÍTICO","Corretivo de solo, Corretivo de solo, Fabricação de cimento","Sim","23/10/2024"
"Gerência Regional / GO","860925/1991","Requerimento de Lavra Garimpeira","Lavra Garimpeira","***.696.190-**","VANIA RENE BECKER","CAMPOS VERDES - GO","ESMERALDA","Demais substâncias","Sim","05/12/2025"
"Gerência Regional / GO","861509/2024","Requerimento de Pesquisa - Leilão","Autorização de Pesquisa","57.692.798/0001-05","ZEM ESTUDOS GEOLOGICOS LTDA","ISRAELÂNDIA - GO","FOSFATO, MINÉRIO DE TITÂNIO","Fertilizantes, Industrial","Sim","27/01/2026"
"Gerência Regional / GO","860896/2024","Requerimento de Cessão parcial","Direito de Requerer a Lavra","57.929.175/0001-03","POWER MINERALS BRASIL LTDA","MUNDO NOVO - GO","FOSFATO, ROCHA POTÁSSICA","Fertilizantes, Industrial","Sim","20/05/2026"
"Gerência Regional / GO","809641/1970","Requerimento de Autorização de Pesquisa","Requerimento de Lavra","63.128.948/0001-47","GONICKEL METAIS LTDA.","JUSSARA - GO","CROMITA","Demais substâncias","Sim","29/03/2005"
"Gerência Regional / GO","809640/1970","Requerimento de Autorização de Pesquisa","Requerimento de Lavra","63.128.948/0001-47","GONICKEL METAIS LTDA.","JUSSARA - GO","CROMITA","Demais substâncias","Sim","29/03/2005"
"Gerência Regional / GO","809639/1970","Requerimento de Autorização de Pesquisa","Requerimento de Lavra","63.128.948/0001-47","GONICKEL METAIS LTDA.","JUSSARA - GO","CROMITA","Demais substâncias","Sim","29/03/2005"
"Gerência Regional / GO","809638/1970","Requerimento de Autorização de Pesquisa","Requerimento de Lavra","63.128.948/0001-47","GONICKEL METAIS LTDA.","JUSSARA - GO","CROMITA","Demais substâncias","Sim","29/03/2005"
"Gerência Regional / GO","809633/1970","Requerimento de Autorização de Pesquisa","Requerimento de Lavra","63.128.948/0001-47","GONICKEL METAIS LTDA.","JUSSARA - GO","AMIANTO, NÍQUEL","Demais substâncias, Demais substâncias","Sim","14/03/2008"
"Gerência Regional / GO","861044/2003","Requerimento de Autorização de Pesquisa","Direito de Requerer a Lavra","63.128.948/0001-47","GONICKEL METAIS LTDA.","SANTA FÉ DE GOIÁS - GO","MINÉRIO DE NÍQUEL","Industrial","Sim","14/04/2026"
"Gerência Regional / GO","861043/2003","Requerimento de Autorização de Pesquisa","Direito de Requerer a Lavra","63.128.948/0001-47","GONICKEL METAIS LTDA.","JUSSARA - GO, SANTA FÉ DE GOIÁS - GO","MINÉRIO DE NÍQUEL","Industrial","Sim","17/03/2026"
"Gerência Regional / GO","860196/2012","Requerimento de Disponibilidade para pesquisa","Requerimento de Lavra","00.803.791/0001-98","EMFOL EMPRESA DE MINERACAO FORMOSA LTDA","DIVINÓPOLIS DE GOIÁS - GO, SÃO DOMINGOS - GO","CALCÁRIO, CALCÁRIO, CALCÁRIO","Brita, Corretivo de solo, Fabricação de cal","Sim","30/05/2019"
"Gerência Regional / GO","860996/2009","Requerimento de Autorização de Pesquisa","Requerimento de Lavra","03.035.112/0001-76","Goyaz Britas Ltda","ITUMBIARA - GO","ILMENITA","Industrial","Sim","27/08/2010"
"Gerência Regional / GO","860728/2018","Requerimento de Autorização de Pesquisa","Autorização de Pesquisa","***.389.926-**","Ronaldo Lemos da Silva","JARAGUÁ - GO","AREIA, MINÉRIO DE OURO","Construção civil, Industrial","Sim","05/01/2021"
"Gerência Regional / GO","860586/2018","Requerimento de Autorização de Pesquisa","Autorização de Pesquisa","***.076.101-**","MANOEL MESSIAS CIPRIANO DE SOUZA","MONTE ALEGRE DE GOIÁS - GO","MINÉRIO DE OURO","Industrial","Sim","04/11/2019"
"Gerência Regional / GO","860606/2010","Requerimento de Autorização de Pesquisa","Direito de Requerer a Lavra","***.284.686-**","Belmonte Amado Rosa Cavalcante","ESTRELA DO NORTE - GO, MARA ROSA - GO, MUTUNÓPOLIS - GO","ARGILA, MINÉRIO DE OURO","Cerâmica vermelha, Industrial","Sim","28/06/2012"
"Gerência Regional / GO","860159/1989","Requerimento de Autorização de Pesquisa","Concessão de Lavra","03.237.715/0001-50","MINERADORA AFRANIO ROBERTO DE SOUZA LTDA","APARECIDA DE GOIÂNIA - GO, GOIÂNIA - GO","XISTO, XISTO","Brita, Demais substâncias","Sim","01/12/2000"
"Gerência Regional / GO","806201/1976","Requerimento de Autorização de Pesquisa","Concessão de Lavra","02.991.389/0001-00","Saúde Indústria e Comércio de Água Mineral Ltda.","HIDROLÂNDIA - GO","ÁGUA MINERAL","Demais substâncias","Sim","24/04/2002"
"Gerência Regional / GO","861040/2000","Requerimento de Autorização de Pesquisa","Concessão de Lavra","04.832.053/0001-20","PEDREIRA SERRA AZUL EIRELI","SÃO MIGUEL DO ARAGUAIA - GO","GNAISSE","Demais substâncias","Sim","20/10/2003"
"Gerência Regional / GO","860727/2018","Requerimento de Autorização de Pesquisa","Autorização de Pesquisa","***.213.611-**","Antonio Mendes Ferreira Junior ","JARAGUÁ - GO","AREIA, MINÉRIO DE OURO","Construção civil, Industrial","Sim","23/09/2022"
"Gerência Regional / GO","860675/2003","Requerimento de Autorização de Pesquisa","Requerimento de Lavra","68.531.292/0001-22","REFLORESTADORA ARCOS, SERVIÇOS E ASSESSORIA LTDA","NIQUELÂNDIA - GO","CALCÁRIO","Industrial","Sim","25/09/2008"
"Gerência Regional / GO","861156/1980","Requerimento de Autorização de Pesquisa","Concessão de Lavra","07.410.766/0001-93","CD MINERADORA LTDA","CACHOEIRA DOURADA - GO","ÁGUA MINERAL","Demais substâncias","Sim","21/11/2005"
"Gerência Regional / GO","860753/2001","Requerimento de Autorização de Pesquisa","Concessão de Lavra","05.835.276/0001-03","RIO MINERALS LTDA","URUANA - GO","SIENITO","Demais substâncias","Sim","11/12/2006"
"Gerência Regional / GO","860050/1997","Requerimento de Autorização de Pesquisa","Concessão de Lavra","06.248.241/0001-30","Asfalto Brasília Ltda","COCALZINHO DE GOIÁS - GO","CALCÁRIO","Demais substâncias","Sim","30/03/1999"
"Gerência Regional / GO","862640/1980","Requerimento de Autorização de Pesquisa","Concessão de Lavra","01.173.871/0001-70","Termas de Goiás Ltda.","CALDAS NOVAS - GO","ÁGUAS TERMAIS","Demais substâncias","Sim","13/07/2007"
"Gerência Regional / GO","860597/2013","Requerimento de Autorização de Pesquisa","Autorização de Pesquisa","08.720.614/0001-50","BEMISA HOLDING S.A.","MINAÇU - GO","MINÉRIO DE NÍQUEL","Industrial","Sim","20/08/2018"
"Gerência Regional / GO","861042/2006","Requerimento de Autorização de Pesquisa","Concessão de Lavra","03.211.362/0001-10","BICUDO'S PRESTADORA DE SERVICOS LTDA","PIRENÓPOLIS - GO","QUARTZITO","Pedra de talhe","Sim","24/08/2009"
"Gerência Regional / GO","862043/2007","Requerimento de Autorização de Pesquisa","Concessão de Lavra","08.155.670/0001-99","D. L. do Prado M. Construcao Me","ISRAELÂNDIA - GO","AREIA, MINÉRIO DE OURO","Construção civil, Industrial","Sim","14/05/2012"
"Gerência Regional / GO","860297/2014","Requerimento de Cessão parcial","Requerimento de Lavra","10.174.537/0001-21","Cristalina Mineração e Transportes Ltda Me","CRISTALINA - GO","AREIA","Construção civil","Sim","19/10/2015"
"Gerência Regional / GO","860073/2018","Requerimento de Autorização de Pesquisa","Autorização de Pesquisa","14.066.935/0001-85","MINERACAO GOIAS VELHO LTDA","FAINA - GO","MINÉRIO DE OURO","Industrial","Sim","08/03/2019"
"Gerência Regional / GO","860073/2018","Requerimento de Autorização de Pesquisa","Autorização de Pesquisa","14.066.935/0001-85","MINERACAO GOIAS VELHO LTDA","FAINA - GO","MINÉRIO DE OURO","Industrial","Sim","27/07/2026"
"Gerência Regional / GO","860073/2018","Requerimento de Autorização de Pesquisa","Autorização de Pesquisa","14.066.935/0001-85","MINERACAO GOIAS VELHO LTDA","FAINA - GO","MINÉRIO DE OURO","Industrial","Sim","27/03/2025"
"Gerência Regional / GO","860073/2018","Requerimento de Autorização de Pesquisa","Autorização de Pesquisa","14.066.935/0001-85","MINERACAO GOIAS VELHO LTDA","FAINA - GO","MINÉRIO DE OURO","Industrial","Sim","09/05/2024"
"Gerência Regional / GO","860073/2018","Requerimento de Autorização de Pesquisa","Autorização de Pesquisa","14.066.935/0001-85","MINERACAO GOIAS VELHO LTDA","FAINA - GO","MINÉRIO DE OURO","Industrial","Sim","06/07/2021"
"Gerência Regional / GO","862067/1984","Requerimento de Autorização de Pesquisa","Concessão de Lavra","19.391.749/0001-35","GVSA MINERADORA LTDA","CALDAS NOVAS - GO","ÁGUA MINERAL","Demais substâncias","Sim","15/06/1994"
"Gerência Regional / GO","860793/2010","Requerimento de Autorização de Pesquisa","Requerimento de Lavra","22.224.526/0001-98","Grotao Comercial de Areia Ltda Me ","SANCLERLÂNDIA - GO, SÃO LUÍS DE MONTES BELOS - GO","AREIA, MINÉRIO DE OURO","Construção civil, Industrial","Sim","21/08/2017"
"Gerência Regional / GO","861569/2007","Requerimento de Autorização de Pesquisa","Requerimento de Lavra","25.291.472/0001-71","Itauna Minertech Ltda","SÃO JOÃO D'ALIANÇA - GO","MINÉRIO DE MANGANÊS","Industrial","Sim","14/06/2017"
"Gerência Regional / GO","861681/2013","Requerimento de Cessão parcial","Concessão de Lavra","40.830.258/0001-30","MOTA MINERACAO E EXTRACAO II LTDA","JUSSARA - GO, MONTES CLAROS DE GOIÁS - GO","AREIA, DIAMANTE","Construção civil, Industrial","Sim","27/10/2021"
"Gerência Regional / GO","861155/2021","Requerimento de Lavra - Leilão","Concessão de Lavra","59.637.742/0001-75","MINERACAO SERRA NORTH LTDA","SANTA TEREZA DE GOIÁS - GO","GNAISSE","Revestimento","Sim","07/10/2021"
"Gerência Regional / GO","861155/2021","Requerimento de Lavra - Leilão","Concessão de Lavra","59.637.742/0001-75","MINERACAO SERRA NORTH LTDA","SANTA TEREZA DE GOIÁS - GO","GNAISSE","Revestimento","Sim","04/08/2025"
"Gerência Regional / GO","861441/2024","Requerimento de Pesquisa - Leilão","Autorização de Pesquisa","63.108.925/0001-70","PARAUNA 861.441 SPE LTDA","PARAÚNA - GO","MINÉRIO DE OURO","Industrial","Sim","15/09/2025"
"Gerência Regional / GO","809643/1970","Requerimento de Autorização de Pesquisa","Requerimento de Lavra","63.128.948/0001-47","GONICKEL METAIS LTDA.","JUSSARA - GO","AMIANTO","Demais substâncias","Sim","14/03/2008"
"Gerência Regional / GO","809643/1970","Requerimento de Autorização de Pesquisa","Requerimento de Lavra","63.128.948/0001-47","GONICKEL METAIS LTDA.","JUSSARA - GO","AMIANTO","Demais substâncias","Sim","20/05/2026"
"Gerência Regional / GO","860074/2025","Requerimento de Autorização de Pesquisa","Autorização de Pesquisa","63.458.070/0001-08","AREIAL SAO JOAO LTDA","SÃO LUÍS DE MONTES BELOS - GO","AREIA, CASCALHO","Construção civil, Construção civil","Sim","27/01/2026"
"Gerência Regional / GO","860095/1998","Requerimento de Autorização de Pesquisa","Concessão de Lavra","01.117.528/0001-08","BRASILCA MINERACAO BRASILEIRA EIRELI","BALIZA - GO, PONTAL DO ARAGUAIA - MT","DIAMANTE INDUSTRIAL","Demais substâncias","Sim","31/03/1998"
"Gerência Regional / GO","860095/1998","Requerimento de Autorização de Pesquisa","Concessão de Lavra","01.117.528/0001-08","BRASILCA MINERACAO BRASILEIRA EIRELI","BALIZA - GO, PONTAL DO ARAGUAIA - MT","DIAMANTE INDUSTRIAL","Demais substâncias","Sim","25/06/1999"
"Gerência Regional / GO","861382/2016","Requerimento de Autorização de Pesquisa","Requerimento de Lavra","01.126.983/0001-70","Arenan Extração e Comércio de Areia Ltda","CRISTALINA - GO, LUZIÂNIA - GO","AREIA","Construção civil","Sim","12/12/2019"
"Gerência Regional / GO","860576/2014","Requerimento de Autorização de Pesquisa","Concessão de Lavra","01.126.983/0001-70","Arenan Extração e Comércio de Areia Ltda","CRISTALINA - GO, IPAMERI - GO","AREIA, MINÉRIO DE OURO","Construção civil, Industrial","Sim","08/09/2016"
"Gerência Regional / GO","860238/2011","Requerimento de Autorização de Pesquisa","Requerimento de Lavra","01.126.983/0001-70","Arenan Extração e Comércio de Areia Ltda","ORIZONA - GO","AREIA, DIAMANTE","Construção civil, Industrial","Sim","13/05/2014"
"Gerência Regional / GO","861409/2009","Requerimento de Autorização de Pesquisa","Requerimento de Lavra","33.039.223/0001-11","CIMENTO TUPI S.A. EM RECUPERACAO JUDICIAL","FORMOSA - GO","CALCÁRIO, CALCÁRIO, GRANITO","Brita, Fabricação de cimento, Revestimento","Sim","14/03/2013"
"Gerência Regional / GO","861409/2009","Requerimento de Autorização de Pesquisa","Requerimento de Lavra","33.039.223/0001-11","CIMENTO TUPI S.A. EM RECUPERACAO JUDICIAL","FORMOSA - GO","CALCÁRIO, CALCÁRIO, GRANITO","Brita, Fabricação de cimento, Revestimento","Sim","09/05/2013"
"Gerência Regional / GO","861345/2010","Requerimento de Autorização de Pesquisa","Requerimento de Lavra","33.039.223/0001-11","CIMENTO TUPI S.A. EM RECUPERACAO JUDICIAL","FORMOSA - GO","ARGILA, CALCÁRIO, MINÉRIO DE OURO, QUARTZITO","Fabricação de cimento, Industrial, Industrial, Industrial","Sim","31/05/2011"
"Gerência Regional / GO","861345/2010","Requerimento de Autorização de Pesquisa","Requerimento de Lavra","33.039.223/0001-11","CIMENTO TUPI S.A. EM RECUPERACAO JUDICIAL","FORMOSA - GO","ARGILA, CALCÁRIO, MINÉRIO DE OURO, QUARTZITO","Fabricação de cimento, Industrial, Industrial, Industrial","Sim","14/03/2013"
"Gerência Regional / GO","860956/2008","Requerimento de Autorização de Pesquisa","Requerimento de Lavra","33.039.223/0001-11","CIMENTO TUPI S.A. EM RECUPERACAO JUDICIAL","FORMOSA - GO","CALCÁRIO, CALCÁRIO, CALCÁRIO DOLOMÍTICO, GRANITO, QUARTZITO","Corretivo de solo, Corretivo de solo, Fabricação de cimento, Revestimento, Revestimento","Sim","29/04/2011"
"Gerência Regional / GO","860956/2008","Requerimento de Autorização de Pesquisa","Requerimento de Lavra","33.039.223/0001-11","CIMENTO TUPI S.A. EM RECUPERACAO JUDICIAL","FORMOSA - GO","CALCÁRIO, CALCÁRIO, CALCÁRIO DOLOMÍTICO, GRANITO, QUARTZITO","Corretivo de solo, Corretivo de solo, Fabricação de cimento, Revestimento, Revestimento","Sim","14/03/2013"
"Gerência Regional / GO","860794/1995","Requerimento de Autorização de Pesquisa","Concessão de Lavra","37.588.415/0001-38","MINERACAO PIRINEUS LTDA","VILA PROPÍCIO - GO","CALCÁRIO, DOLOMITO","Corretivo de solo, Industrial","Sim","27/10/2021"
"Gerência Regional / GO","860793/1995","Requerimento de Autorização de Pesquisa","Requerimento de Lavra","37.588.415/0001-38","MINERACAO PIRINEUS LTDA","VILA PROPÍCIO - GO","CALCÁRIO, DOLOMITO","Corretivo de solo, Demais substâncias","Sim","14/07/2004"
"Gerência Regional / GO","811874/1975","Requerimento de Autorização de Pesquisa","Requerimento de Lavra","42.445.403/0001-94","MINERACAO SERRA GRANDE S A","CRIXÁS - GO","CIANITA, MINÉRIO DE OURO","Demais substâncias, Industrial","Sim","24/03/2016"
"Gerência Regional / GO","811874/1975","Requerimento de Autorização de Pesquisa","Requerimento de Lavra","42.445.403/0001-94","MINERACAO SERRA GRANDE S A","CRIXÁS - GO","CIANITA, MINÉRIO DE OURO","Demais substâncias, Industrial","Sim","01/03/2016"
"Gerência Regional / GO","811874/1975","Requerimento de Autorização de Pesquisa","Requerimento de Lavra","42.445.403/0001-94","MINERACAO SERRA GRANDE S A","CRIXÁS - GO","CIANITA, MINÉRIO DE OURO","Demais substâncias, Industrial","Sim","07/12/2009"
"Gerência Regional / GO","002286/1935","Requerimento de Manifesto de Mina","Concessão de Lavra","42.445.403/0001-94","MINERACAO SERRA GRANDE S A","CRIXÁS - GO","OURO","Demais substâncias","Sim","25/07/1991"
"Gerência Regional / GO","860901/2012","Requerimento de Disponibilidade para pesquisa","Autorização de Pesquisa","42.445.403/0001-94","MINERACAO SERRA GRANDE S A","CRIXÁS - GO","MINÉRIO DE OURO","Industrial","Sim","21/06/2022"
"Gerência Regional / GO","860900/2012","Requerimento de Disponibilidade para pesquisa","Autorização de Pesquisa","42.445.403/0001-94","MINERACAO SERRA GRANDE S A","CRIXÁS - GO, GUARINOS - GO","MINÉRIO DE OURO","Industrial","Sim","21/06/2022"
"Gerência Regional / GO","860900/2012","Requerimento de Disponibilidade para pesquisa","Autorização de Pesquisa","42.445.403/0001-94","MINERACAO SERRA GRANDE S A","CRIXÁS - GO, GUARINOS - GO","MINÉRIO DE OURO","Industrial","Sim","15/12/2015"
"Gerência Regional / GO","860785/2009","Requerimento de Autorização de Pesquisa","Autorização de Pesquisa","42.445.403/0001-94","MINERACAO SERRA GRANDE S A","CRIXÁS - GO","MINÉRIO DE OURO","Industrial","Sim","15/02/2012"
"Gerência Regional / GO","860739/2009","Requerimento de Autorização de Pesquisa","Autorização de Pesquisa","42.445.403/0001-94","MINERACAO SERRA GRANDE S A","CRIXÁS - GO","MINÉRIO DE OURO","Industrial","Sim","01/03/2010"
"Gerência Regional / GO","861979/2005","Requerimento de Autorização de Pesquisa","Concessão de Lavra","61.409.892/0001-73","COMPANHIA BRASILEIRA DE ALUMINIO","BARRO ALTO - GO, SANTA RITA DO NOVO DESTINO - GO","MINÉRIO DE ALUMÍNIO","Demais substâncias","Sim","28/11/2005"
"Gerência Regional / GO","809330/1973","Requerimento de Autorização de Pesquisa","Requerimento de Lavra","61.409.892/0001-73","COMPANHIA BRASILEIRA DE ALUMINIO","MONTES CLAROS DE GOIÁS - GO","NÍQUEL","Demais substâncias","Sim","22/11/2002"
"Gerência Regional / GO","809330/1973","Requerimento de Autorização de Pesquisa","Requerimento de Lavra","61.409.892/0001-73","COMPANHIA BRASILEIRA DE ALUMINIO","MONTES CLAROS DE GOIÁS - GO","NÍQUEL","Demais substâncias","Sim","02/10/2018"
"Gerência Regional / GO","809328/1973","Requerimento de Autorização de Pesquisa","Requerimento de Lavra","61.409.892/0001-73","COMPANHIA BRASILEIRA DE ALUMINIO","MONTES CLAROS DE GOIÁS - GO","NÍQUEL","Demais substâncias","Sim","26/01/2007"
"Gerência Regional / GO","809328/1973","Requerimento de Autorização de Pesquisa","Requerimento de Lavra","61.409.892/0001-73","COMPANHIA BRASILEIRA DE ALUMINIO","MONTES CLAROS DE GOIÁS - GO","NÍQUEL","Demais substâncias","Sim","22/11/2002"
"Gerência Regional / GO","809327/1973","Requerimento de Autorização de Pesquisa","Requerimento de Lavra","61.409.892/0001-73","COMPANHIA BRASILEIRA DE ALUMINIO","MONTES CLAROS DE GOIÁS - GO","NÍQUEL","Demais substâncias","Sim","22/11/2002"
"Gerência Regional / GO","809327/1973","Requerimento de Autorização de Pesquisa","Requerimento de Lavra","61.409.892/0001-73","COMPANHIA BRASILEIRA DE ALUMINIO","MONTES CLAROS DE GOIÁS - GO","NÍQUEL","Demais substâncias","Sim","02/10/2018"
"Gerência Regional / GO","809326/1973","Requerimento de Autorização de Pesquisa","Requerimento de Lavra","61.409.892/0001-73","COMPANHIA BRASILEIRA DE ALUMINIO","MONTES CLAROS DE GOIÁS - GO","NÍQUEL","Demais substâncias","Sim","22/11/2002"
"Gerência Regional / GO","809326/1973","Requerimento de Autorização de Pesquisa","Requerimento de Lavra","61.409.892/0001-73","COMPANHIA BRASILEIRA DE ALUMINIO","MONTES CLAROS DE GOIÁS - GO","NÍQUEL","Demais substâncias","Sim","02/10/2018"
"Gerência Regional / GO","809324/1973","Requerimento de Autorização de Pesquisa","Requerimento de Lavra","61.409.892/0001-73","COMPANHIA BRASILEIRA DE ALUMINIO","MONTES CLAROS DE GOIÁS - GO","NÍQUEL","Demais substâncias","Sim","27/11/2002"
"Gerência Regional / GO","809324/1973","Requerimento de Autorização de Pesquisa","Requerimento de Lavra","61.409.892/0001-73","COMPANHIA BRASILEIRA DE ALUMINIO","MONTES CLAROS DE GOIÁS - GO","NÍQUEL","Demais substâncias","Sim","02/10/2018"
"Gerência Regional / GO","806253/1976","Requerimento de Autorização de Pesquisa","Requerimento de Lavra","61.409.892/0001-73","COMPANHIA BRASILEIRA DE ALUMINIO","MONTES CLAROS DE GOIÁS - GO","NÍQUEL","Demais substâncias","Sim","22/11/2002"
"Gerência Regional / GO","806253/1976","Requerimento de Autorização de Pesquisa","Requerimento de Lavra","61.409.892/0001-73","COMPANHIA BRASILEIRA DE ALUMINIO","MONTES CLAROS DE GOIÁS - GO","NÍQUEL","Demais substâncias","Sim","02/10/2018"
"Gerência Regional / GO","806252/1976","Requerimento de Autorização de Pesquisa","Requerimento de Lavra","61.409.892/0001-73","COMPANHIA BRASILEIRA DE ALUMINIO","MONTES CLAROS DE GOIÁS - GO","COBALTO, COBRE, NÍQUEL","Demais substâncias, Demais substâncias, Demais substâncias","Sim","22/11/2002"
"Gerência Regional / GO","806252/1976","Requerimento de Autorização de Pesquisa","Requerimento de Lavra","61.409.892/0001-73","COMPANHIA BRASILEIRA DE ALUMINIO","MONTES CLAROS DE GOIÁS - GO","COBALTO, COBRE, NÍQUEL","Demais substâncias, Demais substâncias, Demais substâncias","Sim","02/10/2018"
"Gerência Regional / GO","860021/2011","Requerimento de Autorização de Pesquisa","Requerimento de Lavra","09.122.304/0001-04","Antônio Sebastião Mendes","CARMO DO RIO VERDE - GO, URUANA - GO","AREIA, CASCALHO","Construção civil, Construção civil","Sim","11/06/2014"
"Gerência Regional / GO","862730/2011","Requerimento de Autorização de Pesquisa","Autorização de Pesquisa","***.483.011-**","Silas de Oliveira Brandao","CAMPESTRE DE GOIÁS - GO","MINÉRIO DE OURO","Industrial","Sim","16/10/2015"
"Gerência Regional / GO","860073/2018","Requerimento de Autorização de Pesquisa","Autorização de Pesquisa","14.066.935/0001-85","MINERACAO GOIAS VELHO LTDA","FAINA - GO","MINÉRIO DE OURO","Industrial","Sim","15/05/2019"
"Gerência Regional / GO","860503/2014","Requerimento de Disponibilidade para lavra","Requerimento de Lavra","16.842.764/0001-64","Mineradora Santa Barbara Ltda Me","ADELÂNDIA - GO, ANICUNS - GO","AREIA","Construção civil","Sim","28/12/2017"
"Gerência Regional / GO","860195/2012","Requerimento de Disponibilidade para pesquisa","Requerimento de Lavra","14.641.999/0001-62","Centro Mineração Ltda","SÃO JOÃO D'ALIANÇA - GO","MINÉRIO DE MANGANÊS","Industrial","Sim","24/10/2014"
"Gerência Regional / GO","861291/2008","Requerimento de Autorização de Pesquisa","Requerimento de Lavra","12.597.014/0001-13","Musse Mineração Ltda Me","JAUPACI - GO","GRANITO, MINÉRIO DE OURO","Industrial, Revestimento","Sim","25/04/2013"
"Gerência Regional / GO","860352/2002","Requerimento de Autorização de Pesquisa","Requerimento de Lavra","11.010.920/0001-07","Mineral Group Participações Ltda.","PILAR DE GOIÁS - GO","GRANITO, MINÉRIO DE OURO","Demais substâncias, Demais substâncias","Sim","12/12/2019"
"Gerência Regional / GO","861271/2011","Requerimento de Autorização de Pesquisa","Requerimento de Lavra","13.273.843/0001-03","SYLVIO ROBERTO PEREIRA BARBOSA LTDA","CORUMBÁ DE GOIÁS - GO","AREIA","Construção civil","Sim","15/05/2014"
"Gerência Regional / GO","862067/1984","Requerimento de Autorização de Pesquisa","Concessão de Lavra","19.391.749/0001-35","GVSA MINERADORA LTDA","CALDAS NOVAS - GO","ÁGUA MINERAL","Demais substâncias","Sim","26/01/2015"
"Gerência Regional / GO","860026/2010","Requerimento de Autorização de Pesquisa","Requerimento de Lavra","18.689.118/0001-34","Alexandre Cesar Batista Freire Me","ITAPIRAPUÃ - GO, MATRINCHÃ - GO","AREIA, MINÉRIO DE OURO","Construção civil, Industrial","Sim","23/01/2015"
"Gerência Regional / GO","860575/2014","Requerimento de Autorização de Pesquisa","Requerimento de Lavra","20.324.563/0001-42","EGO AMBIENTAL MEIO AMBIENTE, MINERACAO, AGRIMENSURA E SEGURANCA DO TRABALHO EIRELI","PORANGATU - GO, TROMBAS - GO","AREIA, MINÉRIO DE OURO","Construção civil, Industrial","Sim","27/02/2020"
"Gerência Regional / GO","860793/2010","Requerimento de Autorização de Pesquisa","Requerimento de Lavra","22.224.526/0001-98","Grotao Comercial de Areia Ltda Me ","SANCLERLÂNDIA - GO, SÃO LUÍS DE MONTES BELOS - GO","AREIA, MINÉRIO DE OURO","Construção civil, Industrial","Sim","31/03/2014"
"Gerência Regional / GO","860222/2012","Requerimento de Disponibilidade para pesquisa","Autorização de Pesquisa","14.684.843/0001-69","Celio Rezende Me","NIQUELÂNDIA - GO","MINÉRIO DE OURO","Industrial","Sim","04/05/2016"
"Gerência Regional / GO","860916/2006","Requerimento de Autorização de Pesquisa","Concessão de Lavra","23.120.037/0001-59","W. DE S. FERNANDES LTDA","CROMÍNIA - GO","AREIA, CASCALHO","Construção civil, Construção civil","Sim","14/09/2015"
"Gerência Regional / GO","861039/2013","Requerimento de Autorização de Pesquisa","Requerimento de Lavra","15.421.341/0001-08","Mcs Participações Limitada Me","PALMEIRAS DE GOIÁS - GO","GNAISSE, GRANITO","Brita, Revestimento","Sim","15/03/2016"
"Gerência Regional / GO","861569/2007","Requerimento de Autorização de Pesquisa","Requerimento de Lavra","25.291.472/0001-71","Itauna Minertech Ltda","SÃO JOÃO D'ALIANÇA - GO","MINÉRIO DE MANGANÊS","Industrial","Sim","17/03/2009"
"Gerência Regional / GO","861304/2021","Requerimento de Pesquisa - Oferta Pública ","Autorização de Pesquisa","***.188.021-**","LUCIMAR MARIA CAIXETA SPERANCIN","HIDROLINA - GO","MINÉRIO DE OURO","Industrial","Sim","31/12/2021"
"Gerência Regional / GO","861372/2016","Requerimento de Autorização de Pesquisa","Requerimento de Lavra","27.427.364/0001-09","S & J MINERACAO DE GRANITOS DO BRASIL LTDA","RUBIATABA - GO","MONZONITO","Revestimento","Sim","28/12/2017"
"Gerência Regional / GO","860326/2016","Requerimento de Autorização de Pesquisa","Autorização de Pesquisa","***.315.201-**","Elaine Alves da Silva","ARRAIAS - TO, CAMPOS BELOS - GO, MONTE ALEGRE DE GOIÁS - GO","MINÉRIO DE OURO","Industrial","Sim","04/09/2017"
"Gerência Regional / GO","860432/2014","Requerimento de Cessão parcial","Concessão de Lavra","00.948.470/0001-81","PONTUAL INCORPORADORA E EMPREENDIMENTOS IMOBILIARIOS S/A","CRISTALINA - GO","AREIA","Construção civil","Sim","13/06/2019"
"Gerência Regional / GO","860593/2023","Requerimento de Autorização de Pesquisa","Autorização de Pesquisa","12.908.552/0001-81","HELIO ANTONIO DE SOUSA ME","GOIÁS - GO","MINÉRIO DE OURO","Industrial","Sim","07/03/2024"
"Gerência Regional / GO","860131/2018","Requerimento de Autorização de Pesquisa","Autorização de Pesquisa","30.259.962/0001-20","MINERSUL MINERACAO LTDA","NIQUELÂNDIA - GO","MINÉRIO DE MANGANÊS","Industrial","Sim","08/03/2019"
"Gerência Regional / GO","860402/2020","Requerimento de Autorização de Pesquisa","Autorização de Pesquisa","27.543.047/0001-58","CUNHA AGRICOLA LTDA","CHAPADÃO DO CÉU - GO","BASALTO, BASALTO","Brita, Revestimento","Sim","02/08/2021"
"Gerência Regional / GO","861694/2021","Requerimento de Pesquisa - Leilão","Autorização de Pesquisa","***.659.701-**","DIVINA PEREIRA DA SILVA","BURITI DE GOIÁS - GO","AREIA, CASCALHO, MINÉRIO DE OURO","Construção civil, Construção civil, Industrial","Sim","27/12/2023"
"Gerência Regional / GO","861681/2013","Requerimento de Cessão parcial","Concessão de Lavra","40.830.258/0001-30","MOTA MINERACAO E EXTRACAO II LTDA","JUSSARA - GO, MONTES CLAROS DE GOIÁS - GO","AREIA, DIAMANTE","Construção civil, Industrial","Sim","15/12/2015"
"Gerência Regional / GO","861547/2021","Requerimento de Autorização de Pesquisa","Autorização de Pesquisa","08.433.126/0001-61","AGROINDUSTRIAL CAMPANHOLI LTDA","CAMPOS BELOS - GO","DOLOMITO","Industrial","Sim","29/05/2025"
"Gerência Regional / GO","861243/2022","Requerimento de Cessão parcial","Concessão de Lavra","49.594.555/0001-06","MINERADORA RIO BONITO LTDA","CAIAPÔNIA - GO","AREIA","Construção civil","Sim","22/01/2025"
"Gerência Regional / GO","861541/2009","Requerimento de Autorização de Pesquisa","Requerimento de Lavra","50.068.307/0001-00","BLEND MINERACAO LTDA","CAMPINAÇU - GO","CALCÁRIO, CALCÁRIO CALCÍTICO, CALCÁRIO DOLOMÍTICO","Corretivo de solo, Corretivo de solo, Fabricação de cimento","Sim","23/10/2024"
"Gerência Regional / GO","860927/1991","Requerimento de Lavra Garimpeira","Lavra Garimpeira","***.696.190-**","VANIA RENE BECKER","CAMPOS VERDES - GO","ESMERALDA","Demais substâncias","Sim","05/12/2025"
"Gerência Regional / GO","861177/2022","Requerimento de Pesquisa - Leilão","Autorização de Pesquisa","58.458.188/0001-04","GRP MINERADORA KANOURO LTDA","NIQUELÂNDIA - GO","MINÉRIO DE OURO","Industrial","Sim","04/08/2025"
"Gerência Regional / GO","861155/2021","Requerimento de Lavra - Leilão","Concessão de Lavra","59.637.742/0001-75","MINERACAO SERRA NORTH LTDA","SANTA TEREZA DE GOIÁS - GO","GNAISSE","Revestimento","Sim","19/09/2024"
"Gerência Regional / GO","861623/2024","Requerimento de Pesquisa - Leilão","Autorização de Pesquisa","60.586.289/0001-02","PR & B MINERADORA LTDA","JARAGUÁ - GO, SANTA ISABEL - GO","AREIA, CASCALHO","Construção civil, Construção civil","Sim","04/09/2025"
"Gerência Regional / GO","860526/2022","Requerimento de Autorização de Pesquisa","Autorização de Pesquisa","58.889.679/0001-00","BRAZILIAN STRATEGIC MINERALS LTDA","SANTA RITA DO NOVO DESTINO - GO","MINÉRIO DE OURO","Industrial","Sim","17/03/2026"
"Gerência Regional / GO","861426/2024","Requerimento de Pesquisa - Leilão","Autorização de Pesquisa","63.108.929/0001-59","GOIAS 861.426 SPE LTDA","GOIÁS - GO","GRANITO, MINÉRIO DE OURO","Industrial, Revestimento","Sim","27/01/2026"
"Gerência Regional / GO","861441/2024","Requerimento de Pesquisa - Leilão","Autorização de Pesquisa","63.108.925/0001-70","PARAUNA 861.441 SPE LTDA","PARAÚNA - GO","MINÉRIO DE OURO","Industrial","Sim","27/01/2026"
"Gerência Regional / GO","809643/1970","Requerimento de Autorização de Pesquisa","Requerimento de Lavra","63.128.948/0001-47","GONICKEL METAIS LTDA.","JUSSARA - GO","AMIANTO","Demais substâncias","Sim","29/03/2005"
"Gerência Regional / GO","860074/2025","Requerimento de Autorização de Pesquisa","Autorização de Pesquisa","63.458.070/0001-08","AREIAL SAO JOAO LTDA","SÃO LUÍS DE MONTES BELOS - GO","AREIA, CASCALHO","Construção civil, Construção civil","Sim","27/07/2026"
"Gerência Regional / GO","802696/1978","Requerimento de Autorização de Pesquisa","Concessão de Lavra","00.048.785/0001-72","INDAIA BRASIL AGUAS MINERAIS LTDA","GOIÂNIA - GO","ÁGUA MINERAL","Demais substâncias","Sim","29/01/1996"
"Gerência Regional / GO","860095/1998","Requerimento de Autorização de Pesquisa","Concessão de Lavra","01.117.528/0001-08","BRASILCA MINERACAO BRASILEIRA EIRELI","BALIZA - GO, PONTAL DO ARAGUAIA - MT","DIAMANTE INDUSTRIAL","Demais substâncias","Sim","12/03/1999"
"Gerência Regional / GO","861382/2016","Requerimento de Autorização de Pesquisa","Requerimento de Lavra","01.126.983/0001-70","Arenan Extração e Comércio de Areia Ltda","CRISTALINA - GO, LUZIÂNIA - GO","AREIA","Construção civil","Sim","05/10/2020"
"Gerência Regional / GO","861357/2008","Requerimento de Autorização de Pesquisa","Concessão de Lavra","01.126.983/0001-70","Arenan Extração e Comércio de Areia Ltda","ORIZONA - GO","AREIA, DIAMANTE","Construção civil, Industrial","Sim","31/05/2013"
"Gerência Regional / GO","861075/2005","Requerimento de Autorização de Pesquisa","Requerimento de Lavra","01.126.983/0001-70","Arenan Extração e Comércio de Areia Ltda","ORIZONA - GO","AREIA, MINÉRIO DE OURO","Construção civil, Industrial","Sim","13/11/2009"
"Gerência Regional / GO","860586/2008","Requerimento de Autorização de Pesquisa","Concessão de Lavra","01.126.983/0001-70","Arenan Extração e Comércio de Areia Ltda","CRISTALINA - GO, IPAMERI - GO","AREIA, DIAMANTE","Construção civil, Industrial","Sim","29/01/2013"
"Gerência Regional / GO","860576/2014","Requerimento de Autorização de Pesquisa","Concessão de Lavra","01.126.983/0001-70","Arenan Extração e Comércio de Areia Ltda","CRISTALINA - GO, IPAMERI - GO","AREIA, MINÉRIO DE OURO","Construção civil, Industrial","Sim","14/06/2017"
"Gerência Regional / GO","860422/2011","Requerimento de Autorização de Pesquisa","Requerimento de Lavra","01.126.983/0001-70","Arenan Extração e Comércio de Areia Ltda","ORIZONA - GO","AREIA, MINÉRIO DE OURO","Construção civil, Industrial","Sim","13/05/2014"
"Gerência Regional / GO","860394/2009","Requerimento de Autorização de Pesquisa","Requerimento de Lavra","01.126.983/0001-70","Arenan Extração e Comércio de Areia Ltda","LUZIÂNIA - GO, ORIZONA - GO","AREIA, DIAMANTE","Construção civil, Industrial","Sim","24/04/2017"
"Gerência Regional / GO","860238/2011","Requerimento de Autorização de Pesquisa","Requerimento de Lavra","01.126.983/0001-70","Arenan Extração e Comércio de Areia Ltda","ORIZONA - GO","AREIA, DIAMANTE","Construção civil, Industrial","Sim","10/04/2014"
"Gerência Regional / GO","860178/1999","Requerimento de Autorização de Pesquisa","Concessão de Lavra","01.126.983/0001-70","Arenan Extração e Comércio de Areia Ltda","LUZIÂNIA - GO, ORIZONA - GO","AREIA, CASCALHO","Demais substâncias, Demais substâncias","Sim","01/09/2009"
"Gerência Regional / GO","862887/2008","Requerimento de Autorização de Pesquisa","Concessão de Lavra","01.126.983/0001-70","Arenan Extração e Comércio de Areia Ltda","ORIZONA - GO","AREIA, DIAMANTE","Construção civil, Industrial","Sim","31/05/2013"
"Gerência Regional / GO","861409/2009","Requerimento de Autorização de Pesquisa","Requerimento de Lavra","33.039.223/0001-11","CIMENTO TUPI S.A. EM RECUPERACAO JUDICIAL","FORMOSA - GO","CALCÁRIO, CALCÁRIO, GRANITO","Brita, Fabricação de cimento, Revestimento","Sim","25/01/2011"
"Gerência Regional / GO","861345/2010","Requerimento de Autorização de Pesquisa","Requerimento de Lavra","33.039.223/0001-11","CIMENTO TUPI S.A. EM RECUPERACAO JUDICIAL","FORMOSA - GO","ARGILA, CALCÁRIO, MINÉRIO DE OURO, QUARTZITO","Fabricação de cimento, Industrial, Industrial, Industrial","Sim","09/05/2013"
"Gerência Regional / GO","860956/2008","Requerimento de Autorização de Pesquisa","Requerimento de Lavra","33.039.223/0001-11","CIMENTO TUPI S.A. EM RECUPERACAO JUDICIAL","FORMOSA - GO","CALCÁRIO, CALCÁRIO, CALCÁRIO DOLOMÍTICO, GRANITO, QUARTZITO","Corretivo de solo, Corretivo de solo, Fabricação de cimento, Revestimento, Revestimento","Sim","09/05/2013"
"Gerência Regional / GO","860806/2006","Requerimento de Autorização de Pesquisa","Concessão de Lavra","37.588.415/0001-38","MINERACAO PIRINEUS LTDA","PADRE BERNARDO - GO","CALCÁRIO, MÁRMORE","Fabricação de cimento, Revestimento","Sim","21/05/2008"
"Gerência Regional / GO","860794/1995","Requerimento de Autorização de Pesquisa","Concessão de Lavra","37.588.415/0001-38","MINERACAO PIRINEUS LTDA","VILA PROPÍCIO - GO","CALCÁRIO, DOLOMITO","Corretivo de solo, Industrial","Sim","14/07/2004"
"Gerência Regional / GO","860793/1995","Requerimento de Autorização de Pesquisa","Requerimento de Lavra","37.588.415/0001-38","MINERACAO PIRINEUS LTDA","VILA PROPÍCIO - GO","CALCÁRIO, DOLOMITO","Corretivo de solo, Demais substâncias","Sim","13/08/2021"
"Gerência Regional / GO","860373/2012","Requerimento de Disponibilidade para lavra","Requerimento de Lavra","37.588.415/0001-38","MINERACAO PIRINEUS LTDA","COCALZINHO DE GOIÁS - GO","CALCÁRIO","Demais substâncias","Sim","29/01/2013"
"Gerência Regional / GO","860267/2019","Requerimento de Cessão parcial","Requerimento de Lavra","37.588.415/0001-38","MINERACAO PIRINEUS LTDA","PADRE BERNARDO - GO","CALCÁRIO, CALCÁRIO, CALCÁRIO, MÁRMORE, SIENITO","Corretivo de solo, Fabricação de cal, Fabricação de cimento, Revestimento, Revestimento","Sim","16/06/2021"
"Gerência Regional / GO","860990/2016","Requerimento de Autorização de Pesquisa","Requerimento de Lavra","37.588.415/0001-38","MINERACAO PIRINEUS LTDA","PADRE BERNARDO - GO","CALCÁRIO","Corretivo de solo","Sim","11/08/2022"
"Gerência Regional / GO","860923/2001","Requerimento de Autorização de Pesquisa","Concessão de Lavra","37.588.415/0001-38","MINERACAO PIRINEUS LTDA","VILA PROPÍCIO - GO","DOLOMITO","Demais substâncias","Sim","27/02/2020"
"Gerência Regional / GO","811874/1975","Requerimento de Autorização de Pesquisa","Requerimento de Lavra","42.445.403/0001-94","MINERACAO SERRA GRANDE S A","CRIXÁS - GO","CIANITA, MINÉRIO DE OURO","Demais substâncias, Industrial","Sim","11/11/2008"
"Gerência Regional / GO","804366/1975","Requerimento de Autorização de Pesquisa","Concessão de Lavra","42.445.403/0001-94","MINERACAO SERRA GRANDE S A","CRIXÁS - GO","CIANITA, MINÉRIO DE OURO, MINÉRIO DE PRATA","Demais substâncias, Industrial, Industrial","Sim","21/03/2007"
"Gerência Regional / GO","002286/1935","Requerimento de Manifesto de Mina","Concessão de Lavra","42.445.403/0001-94","MINERACAO SERRA GRANDE S A","CRIXÁS - GO","OURO","Demais substâncias","Sim","23/03/2021"
"Gerência Regional / GO","862103/1994","Requerimento de Autorização de Pesquisa","Concessão de Lavra","42.445.403/0001-94","MINERACAO SERRA GRANDE S A","CRIXÁS - GO","MINÉRIO DE OURO, MINÉRIO DE OURO","Demais substâncias, Industrial","Sim","09/04/2008"
"Gerência Regional / GO","861499/2014","Requerimento de Disponibilidade para pesquisa","Autorização de Pesquisa","42.445.403/0001-94","MINERACAO SERRA GRANDE S A","CRIXÁS - GO","MINÉRIO DE OURO","Industrial","Sim","29/01/2016"
"Gerência Regional / GO","861498/2014","Requerimento de Disponibilidade para pesquisa","Autorização de Pesquisa","42.445.403/0001-94","MINERACAO SERRA GRANDE S A","CRIXÁS - GO","MINÉRIO DE OURO","Industrial","Sim","29/01/2016"
"Gerência Regional / GO","860909/2012","Requerimento de Disponibilidade para pesquisa","Autorização de Pesquisa","42.445.403/0001-94","MINERACAO SERRA GRANDE S A","CRIXÁS - GO, GUARINOS - GO","MINÉRIO DE OURO","Industrial","Sim","15/12/2015"
"Gerência Regional / GO","860901/2012","Requerimento de Disponibilidade para pesquisa","Autorização de Pesquisa","42.445.403/0001-94","MINERACAO SERRA GRANDE S A","CRIXÁS - GO","MINÉRIO DE OURO","Industrial","Sim","15/12/2015"
"Gerência Regional / GO","860900/2012","Requerimento de Disponibilidade para pesquisa","Autorização de Pesquisa","42.445.403/0001-94","MINERACAO SERRA GRANDE S A","CRIXÁS - GO, GUARINOS - GO","MINÉRIO DE OURO","Industrial","Sim","21/06/2022"
"Gerência Regional / GO","860785/2009","Requerimento de Autorização de Pesquisa","Autorização de Pesquisa","42.445.403/0001-94","MINERACAO SERRA GRANDE S A","CRIXÁS - GO","MINÉRIO DE OURO","Industrial","Sim","24/12/2013"
"Gerência Regional / GO","860746/2005","Requerimento de Autorização de Pesquisa","Concessão de Lavra","42.445.403/0001-94","MINERACAO SERRA GRANDE S A","CRIXÁS - GO","MINÉRIO DE OURO, MINÉRIO DE PRATA","Industrial, Industrial","Sim","18/01/2012"
"Gerência Regional / GO","860739/2009","Requerimento de Autorização de Pesquisa","Autorização de Pesquisa","42.445.403/0001-94","MINERACAO SERRA GRANDE S A","CRIXÁS - GO","MINÉRIO DE OURO","Industrial","Sim","30/07/2013"
"Gerência Regional / GO","860706/2008","Requerimento de Autorização de Pesquisa","Requerimento de Lavra","42.445.403/0001-94","MINERACAO SERRA GRANDE S A","CRIXÁS - GO","MINÉRIO DE OURO","Industrial","Sim","19/01/2016"
"Gerência Regional / GO","861317/2012","Requerimento de Disponibilidade para pesquisa","Autorização de Pesquisa","61.409.892/0001-73","COMPANHIA BRASILEIRA DE ALUMINIO","UIRAPURU - GO","MINÉRIO DE NÍQUEL, MINÉRIO DE OURO","Industrial, Industrial","Sim","02/10/2018"
"Gerência Regional / GO","861312/2012","Requerimento de Disponibilidade para pesquisa","Autorização de Pesquisa","61.409.892/0001-73","COMPANHIA BRASILEIRA DE ALUMINIO","UIRAPURU - GO","MINÉRIO DE NÍQUEL, MINÉRIO DE OURO","Industrial, Industrial","Sim","02/10/2018"
"Gerência Regional / GO","861116/2012","Requerimento de Autorização de Pesquisa","Autorização de Pesquisa","61.409.892/0001-73","COMPANHIA BRASILEIRA DE ALUMINIO","UIRAPURU - GO","MINÉRIO DE NÍQUEL","Industrial","Sim","02/10/2018"
"Gerência Regional / GO","861084/2006","Requerimento de Autorização de Pesquisa","Direito de Requerer a Lavra","61.409.892/0001-73","COMPANHIA BRASILEIRA DE ALUMINIO","MONTES CLAROS DE GOIÁS - GO","MINÉRIO DE NÍQUEL","Industrial","Sim","02/10/2018"
"Gerência Regional / GO","861979/2005","Requerimento de Autorização de Pesquisa","Concessão de Lavra","61.409.892/0001-73","COMPANHIA BRASILEIRA DE ALUMINIO","BARRO ALTO - GO, SANTA RITA DO NOVO DESTINO - GO","MINÉRIO DE ALUMÍNIO","Demais substâncias","Sim","22/11/2021"
"Gerência Regional / GO","861318/2012","Requerimento de Disponibilidade para pesquisa","Autorização de Pesquisa","61.409.892/0001-73","COMPANHIA BRASILEIRA DE ALUMINIO","UIRAPURU - GO","MINÉRIO DE NÍQUEL, MINÉRIO DE OURO","Industrial, Industrial","Sim","02/10/2018"
"Gerência Regional / GO","809330/1973","Requerimento de Autorização de Pesquisa","Requerimento de Lavra","61.409.892/0001-73","COMPANHIA BRASILEIRA DE ALUMINIO","MONTES CLAROS DE GOIÁS - GO","NÍQUEL","Demais substâncias","Sim","26/01/2007"
"Gerência Regional / GO","809328/1973","Requerimento de Autorização de Pesquisa","Requerimento de Lavra","61.409.892/0001-73","COMPANHIA BRASILEIRA DE ALUMINIO","MONTES CLAROS DE GOIÁS - GO","NÍQUEL","Demais substâncias","Sim","02/10/2018"
"Gerência Regional / GO","809327/1973","Requerimento de Autorização de Pesquisa","Requerimento de Lavra","61.409.892/0001-73","COMPANHIA BRASILEIRA DE ALUMINIO","MONTES CLAROS DE GOIÁS - GO","NÍQUEL","Demais substâncias","Sim","26/01/2007"
"Gerência Regional / GO","809326/1973","Requerimento de Autorização de Pesquisa","Requerimento de Lavra","61.409.892/0001-73","COMPANHIA BRASILEIRA DE ALUMINIO","MONTES CLAROS DE GOIÁS - GO","NÍQUEL","Demais substâncias","Sim","26/01/2007"
"Gerência Regional / GO","809324/1973","Requerimento de Autorização de Pesquisa","Requerimento de Lavra","61.409.892/0001-73","COMPANHIA BRASILEIRA DE ALUMINIO","MONTES CLAROS DE GOIÁS - GO","NÍQUEL","Demais substâncias","Sim","26/01/2007"
"Gerência Regional / GO","806253/1976","Requerimento de Autorização de Pesquisa","Requerimento de Lavra","61.409.892/0001-73","COMPANHIA BRASILEIRA DE ALUMINIO","MONTES CLAROS DE GOIÁS - GO","NÍQUEL","Demais substâncias","Sim","26/01/2007"
"Gerência Regional / GO","806252/1976","Requerimento de Autorização de Pesquisa","Requerimento de Lavra","61.409.892/0001-73","COMPANHIA BRASILEIRA DE ALUMINIO","MONTES CLAROS DE GOIÁS - GO","COBALTO, COBRE, NÍQUEL","Demais substâncias, Demais substâncias, Demais substâncias","Sim","26/01/2007"
"Gerência Regional / GO","860821/2000","Requerimento de Autorização de Pesquisa","Concessão de Lavra","06.293.722/0002-49","MRC - MINERADORA RIO CLARO EIRELI","FAZENDA NOVA - GO","GRANITO","Demais substâncias","Sim","22/02/2001"
"Gerência Regional / GO","860140/2010","Requerimento de Autorização de Pesquisa","Concessão de Lavra","10.416.169/0001-80","MINERACAO RIO CLARO LTDA","IVOLÂNDIA - GO, PALESTINA DE GOIÁS - GO","AREIA, CASCALHO, DIAMANTE","Construção civil, Construção civil, Industrial","Sim","05/07/2012"
"Gerência Regional / GO","862230/2008","Requerimento de Autorização de Pesquisa","Requerimento de Lavra","11.831.626/0001-66","Mineração Caulim Rio Santa Tereza Ltda EPP","SANTA TEREZA DE GOIÁS - GO","CAULIM","Industrial","Sim","25/01/2011"
"Gerência Regional / GO","860233/2001","Requerimento de Autorização de Pesquisa","Concessão de Lavra","13.568.566/0001-66","MINERACAO GNB LTDA","PORANGATU - GO","GRANULITO","Demais substâncias","Sim","20/10/2004"
"Gerência Regional / GO","862520/2011","Requerimento de Disponibilidade para pesquisa","Requerimento de Lavra","13.568.566/0001-66","MINERACAO GNB LTDA","FAINA - GO","CALCÁRIO CALCÍTICO, CALCÁRIO DOLOMÍTICO","Corretivo de solo, Corretivo de solo","Sim","04/04/2022"
"Gerência Regional / GO","862520/2011","Requerimento de Disponibilidade para pesquisa","Requerimento de Lavra","13.568.566/0001-66","MINERACAO GNB LTDA","FAINA - GO","CALCÁRIO CALCÍTICO, CALCÁRIO DOLOMÍTICO","Corretivo de solo, Corretivo de solo","Sim","23/10/2024"
"Gerência Regional / GO","862143/1995","Requerimento de Autorização de Pesquisa","Concessão de Lavra","13.568.566/0001-66","MINERACAO GNB LTDA","IPORÁ - GO","SIENITO","Demais substâncias","Sim","25/06/1999"
"Gerência Regional / GO","861502/2016","Requerimento de Disponibilidade para pesquisa","Autorização de Pesquisa","13.568.566/0001-66","MINERACAO GNB LTDA","FAINA - GO","CALCÁRIO, MINÉRIO DE OURO","Corretivo de solo, Industrial","Sim","06/07/2021"
"Gerência Regional / GO","861502/2016","Requerimento de Disponibilidade para pesquisa","Autorização de Pesquisa","13.568.566/0001-66","MINERACAO GNB LTDA","FAINA - GO","CALCÁRIO, MINÉRIO DE OURO","Corretivo de solo, Industrial","Sim","23/04/2025"
"Gerência Regional / GO","861500/2016","Requerimento de Disponibilidade para pesquisa","Autorização de Pesquisa","13.568.566/0001-66","MINERACAO GNB LTDA","FAINA - GO","CALCÁRIO, MINÉRIO DE OURO","Corretivo de solo, Industrial","Sim","06/07/2021"
"Gerência Regional / GO","861500/2016","Requerimento de Disponibilidade para pesquisa","Autorização de Pesquisa","13.568.566/0001-66","MINERACAO GNB LTDA","FAINA - GO","CALCÁRIO, MINÉRIO DE OURO","Corretivo de solo, Industrial","Sim","23/04/2025"
"Gerência Regional / GO","861365/2015","Requerimento de Autorização de Pesquisa","Direito de Requerer a Lavra","13.568.566/0001-66","MINERACAO GNB LTDA","FAINA - GO","ILMENITA","Industrial","Sim","23/04/2025"
"Gerência Regional / GO","861365/2015","Requerimento de Autorização de Pesquisa","Direito de Requerer a Lavra","13.568.566/0001-66","MINERACAO GNB LTDA","FAINA - GO","ILMENITA","Industrial","Sim","13/06/2024"
"Gerência Regional / GO","861284/2021","Requerimento de Pesquisa - Leilão","Autorização de Pesquisa","13.568.566/0001-66","MINERACAO GNB LTDA","FAINA - GO, MATRINCHÃ - GO","MINÉRIO DE OURO","Industrial","Sim","13/06/2024"
"Gerência Regional / GO","860803/2016","Requerimento de Disponibilidade para pesquisa","Autorização de Pesquisa","13.568.566/0001-66","MINERACAO GNB LTDA","FAINA - GO, GOIÁS - GO","CALCÁRIO, MINÉRIO DE OURO","Corretivo de solo, Industrial","Sim","23/04/2025"
"Gerência Regional / GO","860803/2016","Requerimento de Disponibilidade para pesquisa","Autorização de Pesquisa","13.568.566/0001-66","MINERACAO GNB LTDA","FAINA - GO, GOIÁS - GO","CALCÁRIO, MINÉRIO DE OURO","Corretivo de solo, Industrial","Sim","09/05/2024"
"Gerência Regional / GO","860699/2013","Requerimento de Disponibilidade para pesquisa","Requerimento de Lavra","13.568.566/0001-66","MINERACAO GNB LTDA","FAINA - GO","CALCÁRIO CALCÍTICO","Corretivo de solo","Sim","04/04/2022"
"Gerência Regional / GO","860699/2013","Requerimento de Disponibilidade para pesquisa","Requerimento de Lavra","13.568.566/0001-66","MINERACAO GNB LTDA","FAINA - GO","CALCÁRIO CALCÍTICO","Corretivo de solo","Sim","23/10/2024"
"Gerência Regional / GO","860679/2021","Requerimento de Pesquisa - Leilão","Autorização de Pesquisa","13.568.566/0001-66","MINERACAO GNB LTDA","FAINA - GO","MINÉRIO DE OURO","Industrial","Sim","09/05/2024"
"Gerência Regional / GO","807540/1973","Requerimento de Autorização de Pesquisa","Concessão de Lavra","13.568.566/0001-66","MINERACAO GNB LTDA","MONTE ALEGRE DE GOIÁS - GO","CASSITERITA","Demais substâncias","Sim","13/12/2007"
"Gerência Regional / GO","860674/2021","Requerimento de Pesquisa - Leilão","Requerimento de Lavra","13.568.566/0001-66","MINERACAO GNB LTDA","FAINA - GO","MINÉRIO DE OURO","Industrial","Sim","09/05/2024"
"Gerência Regional / GO","860583/2016","Requerimento de Autorização de Pesquisa","Autorização de Pesquisa","13.568.566/0001-66","MINERACAO GNB LTDA","FAINA - GO","ILMENITA","Industrial","Sim","06/07/2021"
"Gerência Regional / GO","860583/2016","Requerimento de Autorização de Pesquisa","Autorização de Pesquisa","13.568.566/0001-66","MINERACAO GNB LTDA","FAINA - GO","ILMENITA","Industrial","Sim","27/03/2025"
"Gerência Regional / GO","860581/2021","Requerimento de Pesquisa - Leilão","Direito de Requerer a Lavra","13.568.566/0001-66","MINERACAO GNB LTDA","FAINA - GO","ILMENITA","Industrial","Sim","04/04/2022"
"Gerência Regional / GO","860581/2021","Requerimento de Pesquisa - Leilão","Direito de Requerer a Lavra","13.568.566/0001-66","MINERACAO GNB LTDA","FAINA - GO","ILMENITA","Industrial","Sim","27/03/2025"
"Gerência Regional / GO","860571/2016","Requerimento de Autorização de Pesquisa","Autorização de Pesquisa","13.568.566/0001-66","MINERACAO GNB LTDA","FAINA - GO","MINÉRIO DE OURO","Industrial","Sim","04/04/2022"
"Gerência Regional / GO","860571/2016","Requerimento de Autorização de Pesquisa","Autorização de Pesquisa","13.568.566/0001-66","MINERACAO GNB LTDA","FAINA - GO","MINÉRIO DE OURO","Industrial","Sim","27/03/2025"
"Gerência Regional / GO","860326/2011","Requerimento de Disponibilidade para lavra","Concessão de Lavra","23.448.428/0001-05","FUTURA PARTICIPACOES LTDA","CEZARINA - GO, EDEALINA - GO, PONTALINA - GO","AREIA","Construção civil","Sim","06/09/2022"
"Gerência Regional / GO","860105/2020","Requerimento de Autorização de Pesquisa","Autorização de Pesquisa","49.673.064/0001-42","RONIN AGROPASTORIL, EXTRACAO MINERAL E COMERCIALIZACAO LTDA","NIQUELÂNDIA - GO","MINÉRIO DE OURO","Industrial","Sim","23/10/2020"
"Gerência Regional / GO","860857/2017","Requerimento de Autorização de Pesquisa","Autorização de Pesquisa","03.848.164/0001-61","TOLEDO GRANITOS DO BRASIL LTDA","TERESINA DE GOIÁS - GO","MINÉRIO DE OURO","Industrial","Sim","24/04/2018"
"Gerência Regional / GO","860620/2017","Requerimento de Autorização de Pesquisa","Requerimento de Lavra","03.848.164/0001-61","TOLEDO GRANITOS DO BRASIL LTDA","ALTO PARAÍSO DE GOIÁS - GO, COLINAS DO SUL - GO","QUARTZITO","Revestimento","Sim","26/03/2019"
"Gerência Regional / GO","860619/2017","Requerimento de Autorização de Pesquisa","Autorização de Pesquisa","03.848.164/0001-61","TOLEDO GRANITOS DO BRASIL LTDA","NIQUELÂNDIA - GO","MINÉRIO DE OURO, QUARTZO","Industrial, Industrial","Sim","26/03/2019"
"Gerência Regional / GO","860821/2000","Requerimento de Autorização de Pesquisa","Concessão de Lavra","06.293.722/0002-49","MRC - MINERADORA RIO CLARO EIRELI","FAZENDA NOVA - GO","GRANITO","Demais substâncias","Sim","26/08/2004"
"Gerência Regional / GO","860976/2013","Requerimento de Cessão parcial","Requerimento de Lavra","10.416.169/0001-80","MINERACAO RIO CLARO LTDA","IVOLÂNDIA - GO, PALESTINA DE GOIÁS - GO","AREIA","Construção civil","Sim","13/08/2014"
"Gerência Regional / GO","860140/2010","Requerimento de Autorização de Pesquisa","Concessão de Lavra","10.416.169/0001-80","MINERACAO RIO CLARO LTDA","IVOLÂNDIA - GO, PALESTINA DE GOIÁS - GO","AREIA, CASCALHO, DIAMANTE","Construção civil, Construção civil, Industrial","Sim","26/07/2013"
"Gerência Regional / GO","861610/2010","Requerimento de Autorização de Pesquisa","Requerimento de Lavra","10.416.169/0001-80","MINERACAO RIO CLARO LTDA","IVOLÂNDIA - GO","AREIA, CASCALHO, DIAMANTE","Construção civil, Construção civil, Industrial","Sim","03/06/2014"
"Gerência Regional / GO","860962/2004","Requerimento de Autorização de Pesquisa","Requerimento de Lavra","11.831.626/0001-66","Mineração Caulim Rio Santa Tereza Ltda EPP","SANTA TEREZA DE GOIÁS - GO","CAULIM","Industrial","Sim","18/04/2013"
"Gerência Regional / GO","862230/2008","Requerimento de Autorização de Pesquisa","Requerimento de Lavra","11.831.626/0001-66","Mineração Caulim Rio Santa Tereza Ltda EPP","SANTA TEREZA DE GOIÁS - GO","CAULIM","Industrial","Sim","06/10/2014"
"Gerência Regional / GO","860233/2001","Requerimento de Autorização de Pesquisa","Concessão de Lavra","13.568.566/0001-66","MINERACAO GNB LTDA","PORANGATU - GO","GRANULITO","Demais substâncias","Sim","27/01/2026"
"Gerência Regional / GO","860175/2012","Requerimento de Disponibilidade para lavra","Requerimento de Lavra","13.568.566/0001-66","MINERACAO GNB LTDA","TROMBAS - GO","CAULIM","Demais substâncias","Sim","24/04/2018"
"Gerência Regional / GO","862520/2011","Requerimento de Disponibilidade para pesquisa","Requerimento de Lavra","13.568.566/0001-66","MINERACAO GNB LTDA","FAINA - GO","CALCÁRIO CALCÍTICO, CALCÁRIO DOLOMÍTICO","Corretivo de solo, Corretivo de solo","Sim","23/04/2025"
"Gerência Regional / GO","862143/1995","Requerimento de Autorização de Pesquisa","Concessão de Lavra","13.568.566/0001-66","MINERACAO GNB LTDA","IPORÁ - GO","SIENITO","Demais substâncias","Sim","13/11/2012"
"Gerência Regional / GO","861502/2016","Requerimento de Disponibilidade para pesquisa","Autorização de Pesquisa","13.568.566/0001-66","MINERACAO GNB LTDA","FAINA - GO","CALCÁRIO, MINÉRIO DE OURO","Corretivo de solo, Industrial","Sim","13/06/2024"
"Gerência Regional / GO","861500/2016","Requerimento de Disponibilidade para pesquisa","Autorização de Pesquisa","13.568.566/0001-66","MINERACAO GNB LTDA","FAINA - GO","CALCÁRIO, MINÉRIO DE OURO","Corretivo de solo, Industrial","Sim","13/06/2024"
"Gerência Regional / GO","861365/2015","Requerimento de Autorização de Pesquisa","Direito de Requerer a Lavra","13.568.566/0001-66","MINERACAO GNB LTDA","FAINA - GO","ILMENITA","Industrial","Sim","04/04/2022"
"Gerência Regional / GO","861284/2021","Requerimento de Pesquisa - Leilão","Autorização de Pesquisa","13.568.566/0001-66","MINERACAO GNB LTDA","FAINA - GO, MATRINCHÃ - GO","MINÉRIO DE OURO","Industrial","Sim","23/04/2025"
"Gerência Regional / GO","861017/2012","Requerimento de Disponibilidade para lavra","Requerimento de Lavra","13.568.566/0001-66","MINERACAO GNB LTDA","PILAR DE GOIÁS - GO","GNAISSE, GRANITO, MINÉRIO DE OURO","Brita, Demais substâncias, Demais substâncias","Sim","07/12/2012"
"Gerência Regional / GO","860960/2015","Requerimento de Autorização de Pesquisa","Autorização de Pesquisa","13.568.566/0001-66","MINERACAO GNB LTDA","NOVA ROMA - GO","ILMENITA","Industrial","Sim","24/04/2018"
"Gerência Regional / GO","860886/2012","Requerimento de Disponibilidade para lavra","Concessão de Lavra","13.568.566/0001-66","MINERACAO GNB LTDA","HIDROLINA - GO","GABRO, GNAISSE","Industrial, Industrial","Sim","10/11/2014"
"Gerência Regional / GO","860803/2016","Requerimento de Disponibilidade para pesquisa","Autorização de Pesquisa","13.568.566/0001-66","MINERACAO GNB LTDA","FAINA - GO, GOIÁS - GO","CALCÁRIO, MINÉRIO DE OURO","Corretivo de solo, Industrial","Sim","06/07/2021"
"Gerência Regional / GO","860699/2013","Requerimento de Disponibilidade para pesquisa","Requerimento de Lavra","13.568.566/0001-66","MINERACAO GNB LTDA","FAINA - GO","CALCÁRIO CALCÍTICO","Corretivo de solo","Sim","23/04/2025"
"Gerência Regional / GO","860679/2021","Requerimento de Pesquisa - Leilão","Autorização de Pesquisa","13.568.566/0001-66","MINERACAO GNB LTDA","FAINA - GO","MINÉRIO DE OURO","Industrial","Sim","27/03/2025"
"Gerência Regional / GO","807540/1973","Requerimento de Autorização de Pesquisa","Concessão de Lavra","13.568.566/0001-66","MINERACAO GNB LTDA","MONTE ALEGRE DE GOIÁS - GO","CASSITERITA","Demais substâncias","Sim","28/07/2011"
"Gerência Regional / GO","860674/2021","Requerimento de Pesquisa - Leilão","Requerimento de Lavra","13.568.566/0001-66","MINERACAO GNB LTDA","FAINA - GO","MINÉRIO DE OURO","Industrial","Sim","27/03/2025"
"Gerência Regional / GO","860583/2016","Requerimento de Autorização de Pesquisa","Autorização de Pesquisa","13.568.566/0001-66","MINERACAO GNB LTDA","FAINA - GO","ILMENITA","Industrial","Sim","09/05/2024"
"Gerência Regional / GO","860581/2021","Requerimento de Pesquisa - Leilão","Direito de Requerer a Lavra","13.568.566/0001-66","MINERACAO GNB LTDA","FAINA - GO","ILMENITA","Industrial","Sim","09/05/2024"
"Gerência Regional / GO","860571/2016","Requerimento de Autorização de Pesquisa","Autorização de Pesquisa","13.568.566/0001-66","MINERACAO GNB LTDA","FAINA - GO","MINÉRIO DE OURO","Industrial","Sim","09/05/2024"
"Gerência Regional / GO","860497/2018","Requerimento de Disponibilidade para pesquisa","Autorização de Pesquisa","13.568.566/0001-66","MINERACAO GNB LTDA","GUARINOS - GO","GNAISSE, GRANITO, MINÉRIO DE COBRE, MINÉRIO DE OURO","Industrial, Industrial, Revestimento, Revestimento","Sim","26/03/2019"
"Gerência Regional / GO","860496/2018","Requerimento de Disponibilidade para pesquisa","Autorização de Pesquisa","13.568.566/0001-66","MINERACAO GNB LTDA","GUARINOS - GO","GNAISSE, GRANITO, MINÉRIO DE COBRE, MINÉRIO DE OURO","Industrial, Industrial, Revestimento, Revestimento","Sim","26/03/2019"
"Gerência Regional / GO","860495/2018","Requerimento de Disponibilidade para pesquisa","Autorização de Pesquisa","13.568.566/0001-66","MINERACAO GNB LTDA","GUARINOS - GO","GNAISSE, GRANITO, MINÉRIO DE COBRE, MINÉRIO DE OURO","Industrial, Industrial, Revestimento, Revestimento","Sim","26/03/2019"
"Gerência Regional / GO","860494/2018","Requerimento de Disponibilidade para pesquisa","Autorização de Pesquisa","13.568.566/0001-66","MINERACAO GNB LTDA","GUARINOS - GO, ITAPACI - GO","GNAISSE, GRANITO, MINÉRIO DE COBRE, MINÉRIO DE OURO","Industrial, Industrial, Revestimento, Revestimento","Sim","26/03/2019"
"Gerência Regional / GO","860493/2018","Requerimento de Disponibilidade para pesquisa","Autorização de Pesquisa","13.568.566/0001-66","MINERACAO GNB LTDA","PILAR DE GOIÁS - GO","GNAISSE, GRANITO, MINÉRIO DE COBRE, MINÉRIO DE OURO","Industrial, Industrial, Revestimento, Revestimento","Sim","26/03/2019"
"Gerência Regional / GO","860492/2018","Requerimento de Disponibilidade para pesquisa","Autorização de Pesquisa","13.568.566/0001-66","MINERACAO GNB LTDA","SANTA TEREZINHA DE GOIÁS - GO","GNAISSE, GRANITO, MINÉRIO DE COBRE, MINÉRIO DE OURO","Industrial, Industrial, Revestimento, Revestimento","Sim","26/03/2019"
"Gerência Regional / GO","861244/2021","Requerimento de Pesquisa - Leilão","Concessão de Lavra","12.693.630/0001-78","RESENDE MINERACAO LTDA","FAZENDA NOVA - GO, JAUPACI - GO, MONTES CLAROS DE GOIÁS - GO","AREIA","Construção civil","Sim","19/04/2023"
"Gerência Regional / GO","860778/2015","Requerimento de Autorização de Pesquisa","Requerimento de Lavra","12.928.046/0001-54","D&M AREIA BOA LTDA","PIRES DO RIO - GO, URUTAÍ - GO","AREIA, CASCALHO","Construção civil, Construção civil","Sim","30/06/2017"
"Gerência Regional / GO","860727/2021","Requerimento de Pesquisa - Oferta Pública ","Autorização de Pesquisa","12.928.046/0001-54","D&M AREIA BOA LTDA","IPAMERI - GO, PIRES DO RIO - GO, URUTAÍ - GO","AREIA, MINÉRIO DE OURO","Construção civil, Industrial","Sim","28/06/2024"
"Gerência Regional / GO","860162/2017","Requerimento de Autorização de Pesquisa","Autorização de Pesquisa","25.369.621/0001-78","Amazonas Comercio Atacadista de Joias e Participaçoes Ltda Epp","COLINAS DO SUL - GO","MINÉRIO DE OURO","Industrial","Sim","28/11/2017"
"Gerência Regional / GO","860326/2011","Requerimento de Disponibilidade para lavra","Concessão de Lavra","23.448.428/0001-05","FUTURA PARTICIPACOES LTDA","CEZARINA - GO, EDEALINA - GO, PONTALINA - GO","AREIA","Construção civil","Sim","23/09/2022"
"Gerência Regional / GO","861668/2024","Requerimento de Pesquisa - Leilão","Autorização de Pesquisa","***.031.681-**","ORLANDO MAGALHAES DE CASTRO JUNIOR","CAMPOS VERDES - GO, SANTA TEREZINHA DE GOIÁS - GO","OURO","Industrial","Sim","27/01/2026"
"Gerência Regional / GO","860041/2025","Requerimento de Autorização de Pesquisa","Autorização de Pesquisa","***.031.681-**","ORLANDO MAGALHAES DE CASTRO JUNIOR","CAMPOS VERDES - GO, SANTA TEREZINHA DE GOIÁS - GO","OURO","Industrial","Sim","05/12/2025"
"Gerência Regional / GO","860102/2019","Requerimento de Autorização de Pesquisa","Autorização de Pesquisa","***.906.261-**","CRISTIANE PERES DE VASCONCELOS","CEZARINA - GO, VARJÃO - GO","MINÉRIO DE OURO","Industrial","Sim","09/02/2021"
"Gerência Regional / GO","860124/2018","Requerimento de Autorização de Pesquisa","Autorização de Pesquisa","35.098.530/0001-07","BRASIL EXTRACAO E COMERCIO DE AREIA LTDA","MINAÇU - GO","MINÉRIO DE MANGANÊS","Industrial","Sim","13/10/2021"
"Gerência Regional / GO","860044/2022","Requerimento de Mudança de Regime para Aut. de Pesquisa","Autorização de Pesquisa","49.673.064/0001-42","RONIN AGROPASTORIL, EXTRACAO MINERAL E COMERCIALIZACAO LTDA","NIQUELÂNDIA - GO","MINÉRIO DE OURO","Industrial","Sim","03/05/2022"
"Gerência Regional / GO","860043/2022","Requerimento de Mudança de Regime para Aut. de Pesquisa","Autorização de Pesquisa","49.673.064/0001-42","RONIN AGROPASTORIL, EXTRACAO MINERAL E COMERCIALIZACAO LTDA","NIQUELÂNDIA - GO","MINÉRIO DE OURO","Industrial","Sim","03/05/2022"
"Gerência Regional / GO","860042/2022","Requerimento de Mudança de Regime para Aut. de Pesquisa","Autorização de Pesquisa","49.673.064/0001-42","RONIN AGROPASTORIL, EXTRACAO MINERAL E COMERCIALIZACAO LTDA","NIQUELÂNDIA - GO","MINÉRIO DE OURO","Industrial","Sim","31/07/2023"
"Gerência Regional / GO","860041/2022","Requerimento de Mudança de Regime para Aut. de Pesquisa","Autorização de Pesquisa","49.673.064/0001-42","RONIN AGROPASTORIL, EXTRACAO MINERAL E COMERCIALIZACAO LTDA","NIQUELÂNDIA - GO","MINÉRIO DE OURO","Industrial","Sim","03/05/2022"
"Gerência Regional / GO","860189/2022","Requerimento de Mudança de Regime para Aut. de Pesquisa","Autorização de Pesquisa","49.673.064/0001-42","RONIN AGROPASTORIL, EXTRACAO MINERAL E COMERCIALIZACAO LTDA","NIQUELÂNDIA - GO","MINÉRIO DE OURO","Industrial","Sim","31/07/2023"
"Gerência Regional / GO","860188/2022","Requerimento de Mudança de Regime para Aut. de Pesquisa","Autorização de Pesquisa","49.673.064/0001-42","RONIN AGROPASTORIL, EXTRACAO MINERAL E COMERCIALIZACAO LTDA","NIQUELÂNDIA - GO","MINÉRIO DE OURO","Industrial","Sim","03/05/2022"
"Gerência Regional / GO","860187/2022","Requerimento de Mudança de Regime para Aut. de Pesquisa","Autorização de Pesquisa","49.673.064/0001-42","RONIN AGROPASTORIL, EXTRACAO MINERAL E COMERCIALIZACAO LTDA","NIQUELÂNDIA - GO","MINÉRIO DE OURO","Industrial","Sim","31/07/2023"
"Gerência Regional / GO","860186/2022","Requerimento de Mudança de Regime para Aut. de Pesquisa","Autorização de Pesquisa","49.673.064/0001-42","RONIN AGROPASTORIL, EXTRACAO MINERAL E COMERCIALIZACAO LTDA","NIQUELÂNDIA - GO","MINÉRIO DE OURO","Industrial","Sim","03/05/2022"
"Gerência Regional / GO","860185/2022","Requerimento de Mudança de Regime para Aut. de Pesquisa","Autorização de Pesquisa","49.673.064/0001-42","RONIN AGROPASTORIL, EXTRACAO MINERAL E COMERCIALIZACAO LTDA","NIQUELÂNDIA - GO","MINÉRIO DE OURO","Industrial","Sim","03/05/2022"
"Gerência Regional / GO","860184/2022","Requerimento de Mudança de Regime para Aut. de Pesquisa","Autorização de Pesquisa","49.673.064/0001-42","RONIN AGROPASTORIL, EXTRACAO MINERAL E COMERCIALIZACAO LTDA","NIQUELÂNDIA - GO","MINÉRIO DE OURO","Industrial","Sim","03/05/2022"
"Gerência Regional / GO","860105/2020","Requerimento de Autorização de Pesquisa","Autorização de Pesquisa","49.673.064/0001-42","RONIN AGROPASTORIL, EXTRACAO MINERAL E COMERCIALIZACAO LTDA","NIQUELÂNDIA - GO","MINÉRIO DE OURO","Industrial","Sim","19/04/2023"
"Gerência Regional / GO","860049/2022","Requerimento de Mudança de Regime para Aut. de Pesquisa","Autorização de Pesquisa","49.673.064/0001-42","RONIN AGROPASTORIL, EXTRACAO MINERAL E COMERCIALIZACAO LTDA","NIQUELÂNDIA - GO","MINÉRIO DE OURO","Industrial","Sim","03/05/2022"
"Gerência Regional / GO","860048/2022","Requerimento de Mudança de Regime para Aut. de Pesquisa","Autorização de Pesquisa","49.673.064/0001-42","RONIN AGROPASTORIL, EXTRACAO MINERAL E COMERCIALIZACAO LTDA","NIQUELÂNDIA - GO","MINÉRIO DE OURO","Industrial","Sim","03/05/2022"
"Gerência Regional / GO","860047/2022","Requerimento de Mudança de Regime para Aut. de Pesquisa","Autorização de Pesquisa","49.673.064/0001-42","RONIN AGROPASTORIL, EXTRACAO MINERAL E COMERCIALIZACAO LTDA","NIQUELÂNDIA - GO","MINÉRIO DE OURO","Industrial","Sim","03/05/2022"
"Gerência Regional / GO","860046/2022","Requerimento de Mudança de Regime para Aut. de Pesquisa","Autorização de Pesquisa","49.673.064/0001-42","RONIN AGROPASTORIL, EXTRACAO MINERAL E COMERCIALIZACAO LTDA","NIQUELÂNDIA - GO","MINÉRIO DE OURO","Industrial","Sim","03/05/2022"
"Gerência Regional / GO","860045/2022","Requerimento de Mudança de Regime para Aut. de Pesquisa","Autorização de Pesquisa","49.673.064/0001-42","RONIN AGROPASTORIL, EXTRACAO MINERAL E COMERCIALIZACAO LTDA","NIQUELÂNDIA - GO","MINÉRIO DE OURO","Industrial","Sim","03/05/2022"
"Gerência Regional / GO","860669/2020","Requerimento de Autorização de Pesquisa","Autorização de Pesquisa","40.088.805/0001-53","J J DE SOUSA","CAIAPÔNIA - GO, MONTIVIDIU - GO","MINÉRIO DE OURO","Industrial","Sim","18/03/2022"
"Gerência Regional / GO","860367/2020","Requerimento de Autorização de Pesquisa","Autorização de Pesquisa","40.088.805/0001-53","J J DE SOUSA","HEITORAÍ - GO, ITAPURANGA - GO","DIAMANTE, MINÉRIO DE OURO","Gema, Industrial","Sim","18/03/2022"
"Gerência Regional / GO","861132/2022","Requerimento de Pesquisa - Leilão","Autorização de Pesquisa","42.750.302/0001-27","MINERACAO CAPIM DOURADO LTDA","ANICUNS - GO","MINÉRIO DE OURO","Industrial","Sim","04/08/2025"
"Gerência Regional / GO","860905/1994","Requerimento de Autorização de Pesquisa","Concessão de Lavra","97.837.181/0001-47","DEXCO S.A","MONTIVIDIU - GO","SILTITO","Demais substâncias","Sim","09/12/2010"
"Gerência Regional / GO","860905/1994","Requerimento de Autorização de Pesquisa","Concessão de Lavra","97.837.181/0001-47","DEXCO S.A","MONTIVIDIU - GO","SILTITO","Demais substâncias","Sim","03/11/2025"
"Gerência Regional / GO","861905/2010","Requerimento de Autorização de Pesquisa","Requerimento de Lavra","97.837.181/0001-47","DEXCO S.A","ALOÂNDIA - GO","TALCO","Industrial","Sim","04/04/2024"
"Gerência Regional / MT","860206/1993","Requerimento de Autorização de Pesquisa","Concessão de Lavra","01.117.528/0001-08","BRASILCA MINERACAO BRASILEIRA EIRELI","ARAGARÇAS - GO, BALIZA - GO, PONTAL DO ARAGUAIA - MT","CASCALHO DIAMANTÍFERO","Demais substâncias","Sim","31/03/1998"
"Gerência Regional / GO","861454/2016","Requerimento de Autorização de Pesquisa","Requerimento de Lavra","01.126.983/0001-70","Arenan Extração e Comércio de Areia Ltda","IPAMERI - GO","AREIA, CASCALHO","Construção civil, Construção civil","Sim","13/11/2019"
"Gerência Regional / GO","860878/2001","Requerimento de Autorização de Pesquisa","Concessão de Lavra","37.588.415/0001-38","MINERACAO PIRINEUS LTDA","COCALZINHO DE GOIÁS - GO, VILA PROPÍCIO - GO","DOLOMITO","Demais substâncias","Sim","08/11/2007"
"Gerência Regional / GO","860878/2001","Requerimento de Autorização de Pesquisa","Concessão de Lavra","37.588.415/0001-38","MINERACAO PIRINEUS LTDA","COCALZINHO DE GOIÁS - GO, VILA PROPÍCIO - GO","DOLOMITO","Demais substâncias","Sim","13/05/2010"
"Gerência Regional / GO","861390/2007","Requerimento de Autorização de Pesquisa","Concessão de Lavra","04.683.156/0001-75","Sulamericana Mineracao e Comercial Ltda ","COCALZINHO DE GOIÁS - GO, CORUMBÁ DE GOIÁS - GO, PIRENÓPOLIS - GO","AREIA, MINÉRIO DE OURO, QUARTZITO","Construção civil, Industrial, Revestimento","Sim","08/12/2015"
"Gerência Regional / GO","861390/2007","Requerimento de Autorização de Pesquisa","Concessão de Lavra","04.683.156/0001-75","Sulamericana Mineracao e Comercial Ltda ","COCALZINHO DE GOIÁS - GO, CORUMBÁ DE GOIÁS - GO, PIRENÓPOLIS - GO","AREIA, MINÉRIO DE OURO, QUARTZITO","Construção civil, Industrial, Revestimento","Sim","06/07/2011"
"Gerência Regional / GO","861390/2007","Requerimento de Autorização de Pesquisa","Concessão de Lavra","04.683.156/0001-75","Sulamericana Mineracao e Comercial Ltda ","COCALZINHO DE GOIÁS - GO, CORUMBÁ DE GOIÁS - GO, PIRENÓPOLIS - GO","AREIA, MINÉRIO DE OURO, QUARTZITO","Construção civil, Industrial, Revestimento","Sim","16/05/2011"
"Gerência Regional / GO","860201/1987","Requerimento de Autorização de Pesquisa","Concessão de Lavra","06.134.646/0001-48","MINERAÇÃO RIO THERMAL LTDA","CALDAS NOVAS - GO","ÁGUA MINERAL, ÁGUAS TERMAIS","Balneoterapia, Demais substâncias","Sim","03/04/1996"
"Gerência Regional / GO","860073/2009","Requerimento de Autorização de Pesquisa","Requerimento de Lavra","03.655.318/0001-07","OURO PRETO MINERACAO DE BRITA LTDA","INDIARA - GO","GNAISSE, MINÉRIO DE OURO","Brita, Industrial","Sim","31/05/2011"
"Gerência Regional / GO","860073/2009","Requerimento de Autorização de Pesquisa","Requerimento de Lavra","03.655.318/0001-07","OURO PRETO MINERACAO DE BRITA LTDA","INDIARA - GO","GNAISSE, MINÉRIO DE OURO","Brita, Industrial","Sim","22/12/2016"
"Gerência Regional / GO","861117/2022","Requerimento de Pesquisa - Leilão","Autorização de Pesquisa","15.163.521/0001-37","FRONTERA BRASIL MINERACAO LTDA.","CAMPOS BELOS - GO","MINÉRIO DE OURO","Industrial","Sim","24/11/2023"
"Gerência Regional / GO","861117/2022","Requerimento de Pesquisa - Leilão","Autorização de Pesquisa","15.163.521/0001-37","FRONTERA BRASIL MINERACAO LTDA.","CAMPOS BELOS - GO","MINÉRIO DE OURO","Industrial","Sim","11/04/2024"
"Gerência Regional / GO","860378/2012","Requerimento de Disponibilidade para pesquisa","Concessão de Lavra","23.448.428/0001-05","FUTURA PARTICIPACOES LTDA","CEZARINA - GO, EDEALINA - GO, PONTALINA - GO","AREIA","Construção civil","Sim","31/12/2014"
"Gerência Regional / GO","860315/1994","Requerimento de Lavra Garimpeira","Concessão de Lavra","27.002.490/0001-11","DRAGA PARAISO EIRELI","HIDROLINA - GO, SANTA RITA DO NOVO DESTINO - GO, URUAÇU - GO","AREIA, MINÉRIO DE OURO","Construção civil, Industrial","Sim","15/05/2007"
"Gerência Regional / GO","860745/2021","Requerimento de Pesquisa - Oferta Pública ","Autorização de Pesquisa","27.415.167/0001-70","SHOPPING DAS AREIAS E SERVICOS EIRELI","GOIANÉSIA - GO, JARAGUÁ - GO","AREIA, MINÉRIO DE OURO","Construção civil, Industrial","Sim","24/11/2023"
"Gerência Regional / GO","862237/2008","Requerimento de Autorização de Pesquisa","Concessão de Lavra","31.179.384/0001-85","EDMILSO FERNANDES DE SOUZA EIRELI","NIQUELÂNDIA - GO","AREIA, CASCALHO, MINÉRIO DE OURO","Construção civil, Construção civil, Industrial","Sim","09/02/2011"
"Gerência Regional / GO","860897/2016","Requerimento de Autorização de Pesquisa","Concessão de Lavra","40.019.822/0001-39","P T SOARES EIRELI","TAQUARAL DE GOIÁS - GO","ÁGUA MINERAL","Engarrafamento","Sim","15/05/2019"
"Gerência Regional / GO","860584/2006","Requerimento de Lavra Garimpeira","Concessão de Lavra","29.794.730/0001-93","CHAPEU DO SOL ECOTURISMO EIRELI","CRISTALINA - GO","AREIA, QUARTZO","Construção civil, Gema","Sim","06/09/2022"
"Gerência Regional / GO","861806/2007","Requerimento de Autorização de Pesquisa","Concessão de Lavra","36.653.651/0001-28","SIDNEY LIMA DE QUEIROZ","ARAGUAPAZ - GO, FAINA - GO","AREIA, MINÉRIO DE OURO","Industrial, Industrial","Sim","27/12/2023"
"Gerência Regional / GO","861806/2007","Requerimento de Autorização de Pesquisa","Concessão de Lavra","36.653.651/0001-28","SIDNEY LIMA DE QUEIROZ","ARAGUAPAZ - GO, FAINA - GO","AREIA, MINÉRIO DE OURO","Industrial, Industrial","Sim","06/09/2022"
"Gerência Regional / GO","861288/2021","Requerimento de Pesquisa - Oferta Pública ","Autorização de Pesquisa","42.936.012/0001-72","SINVAL DA COSTA VALE 65608380134","CARMO DO RIO VERDE - GO","AREIA, CASCALHO","Construção civil, Construção civil","Sim","19/04/2023"
"Gerência Regional / GO","861274/2021","Requerimento de Pesquisa - Leilão","Autorização de Pesquisa","42.936.012/0001-72","SINVAL DA COSTA VALE 65608380134","CARMO DO RIO VERDE - GO, CERES - GO, RIALMA - GO","AREIA","Construção civil","Sim","17/11/2023"
"Gerência Regional / GO","860905/1994","Requerimento de Autorização de Pesquisa","Concessão de Lavra","97.837.181/0001-47","DEXCO S.A","MONTIVIDIU - GO","SILTITO","Demais substâncias","Sim","04/04/2024"
"Gerência Regional / GO","861905/2010","Requerimento de Autorização de Pesquisa","Requerimento de Lavra","97.837.181/0001-47","DEXCO S.A","ALOÂNDIA - GO","TALCO","Industrial","Sim","03/11/2025"
"Gerência Regional / GO","860648/2025","Requerimento de Cessão parcial","Autorização de Pesquisa","51.827.693/0001-21","FORTE MINERADORA LTDA","ITARUMÃ - GO, SANTA VITÓRIA - MG","AREIA, ARGILA, DIAMANTE, DIAMANTE","Cerâmica vermelha, Construção civil, Gema, Industrial","Sim","09/06/2026"
"Gerência Regional / GO","860647/2025","Requerimento de Cessão parcial","Autorização de Pesquisa","51.827.693/0001-21","FORTE MINERADORA LTDA","ITARUMÃ - GO, SANTA VITÓRIA - MG","AREIA, ARGILA, DIAMANTE, DIAMANTE","Cerâmica vermelha, Construção civil, Gema, Industrial","Sim","09/06/2026"
"Gerência Regional / GO","860651/2025","Requerimento de Cessão parcial","Autorização de Pesquisa","51.827.693/0001-21","FORTE MINERADORA LTDA","CAÇU - GO, ITARUMÃ - GO, SANTA VITÓRIA - MG","AREIA, ARGILA, DIAMANTE, DIAMANTE","Cerâmica vermelha, Construção civil, Gema, Industrial","Sim","09/06/2026"
"Gerência Regional / GO","860650/2025","Requerimento de Cessão parcial","Autorização de Pesquisa","51.827.693/0001-21","FORTE MINERADORA LTDA","CAÇU - GO, ITARUMÃ - GO, SANTA VITÓRIA - MG","AREIA, ARGILA, DIAMANTE, DIAMANTE","Cerâmica vermelha, Construção civil, Gema, Industrial","Sim","09/06/2026"
"Gerência Regional / GO","860171/2018","Requerimento de Autorização de Pesquisa","Requerimento de Lavra","62.906.702/0001-96","PEDREIRA GTG INDUSTRIA E COMERCIO LTDA","CALDAZINHA - GO","CASCALHO, FOSFATO, XISTO","Brita, Construção civil, Fertilizantes","Sim","17/03/2026"
"Gerência Regional / MT","860206/1993","Requerimento de Autorização de Pesquisa","Concessão de Lavra","01.117.528/0001-08","BRASILCA MINERACAO BRASILEIRA EIRELI","ARAGARÇAS - GO, BALIZA - GO, PONTAL DO ARAGUAIA - MT","CASCALHO DIAMANTÍFERO","Demais substâncias","Sim","14/11/1997"
"Gerência Regional / GO","861454/2016","Requerimento de Autorização de Pesquisa","Requerimento de Lavra","01.126.983/0001-70","Arenan Extração e Comércio de Areia Ltda","IPAMERI - GO","AREIA, CASCALHO","Construção civil, Construção civil","Sim","05/08/2022"
"Gerência Regional / GO","861535/1992","Requerimento de Autorização de Pesquisa","Concessão de Lavra","01.283.145/0001-00","CMMS - Cia de Mineração Morada do Sol LTDA","JARAGUÁ - GO","GRANITO, SIENITO","Brita, Demais substâncias","Sim","04/06/1998"
"Gerência Regional / GO","860878/2001","Requerimento de Autorização de Pesquisa","Concessão de Lavra","37.588.415/0001-38","MINERACAO PIRINEUS LTDA","COCALZINHO DE GOIÁS - GO, VILA PROPÍCIO - GO","DOLOMITO","Demais substâncias","Sim","27/10/2021"
"Gerência Regional / GO","860447/2018","Requerimento de Disponibilidade para pesquisa","Autorização de Pesquisa","42.445.403/0001-94","MINERACAO SERRA GRANDE S A","CRIXÁS - GO","MINÉRIO DE OURO","Industrial","Sim","30/03/2026"
"Gerência Regional / GO","860308/2010","Requerimento de Autorização de Pesquisa","Direito de Requerer a Lavra","***.718.311-**","JOSE ALFREDO GUIMARAES DE SA","ÁGUA FRIA DE GOIÁS - GO","AREIA","Construção civil","Sim","31/01/2012"
"Gerência Regional / GO","860312/1999","Requerimento de Autorização de Pesquisa","Concessão de Lavra","03.638.380/0001-82","MINERADORA PEDRA RICA LTDA","RIO VERDE - GO","BASALTO, BASALTO","Demais substâncias, Demais substâncias","Sim","01/12/2000"
"Gerência Regional / GO","860390/2000","Requerimento de Autorização de Pesquisa","Concessão de Lavra","05.947.515/0001-17","AGUAS MINERAIS VEREDAS LTDA","FORMOSA - GO, PLANALTINA - GO","ÁGUA MINERAL","Industrial","Sim","26/03/2004"
"Gerência Regional / GO","861079/2001","Requerimento de Autorização de Pesquisa","Concessão de Lavra","06.293.722/0002-49","MRC - MINERADORA RIO CLARO EIRELI","FAZENDA NOVA - GO","GRANITO","Demais substâncias","Sim","26/08/2004"
"Gerência Regional / GO","860201/2025","Requerimento de Autorização de Pesquisa","Autorização de Pesquisa","07.540.465/0001-84","ALVORADA MINERACAO COMERCIO E EXPORTACAO LTDA","LUZIÂNIA - GO, ORIZONA - GO","MÁRMORE, MINÉRIO DE OURO","Industrial, Revestimento","Sim","20/05/2026"
"Gerência Regional / GO","861390/2007","Requerimento de Autorização de Pesquisa","Concessão de Lavra","04.683.156/0001-75","Sulamericana Mineracao e Comercial Ltda ","COCALZINHO DE GOIÁS - GO, CORUMBÁ DE GOIÁS - GO, PIRENÓPOLIS - GO","AREIA, MINÉRIO DE OURO, QUARTZITO","Construção civil, Industrial, Revestimento","Sim","11/06/2014"
"Gerência Regional / GO","860201/1987","Requerimento de Autorização de Pesquisa","Concessão de Lavra","06.134.646/0001-48","MINERAÇÃO RIO THERMAL LTDA","CALDAS NOVAS - GO","ÁGUA MINERAL, ÁGUAS TERMAIS","Balneoterapia, Demais substâncias","Sim","29/08/2007"
"Gerência Regional / GO","860053/2002","Requerimento de Autorização de Pesquisa","Concessão de Lavra","06.156.218/0001-16","Areial Fartura Ltda","CÓRREGO DO OURO - GO, SANCLERLÂNDIA - GO","AREIA","Construção civil","Sim","06/11/2006"
"Gerência Regional / GO","861481/2021","Requerimento de Autorização de Pesquisa","Autorização de Pesquisa","***.270.021-**","WILMAR FERREIRA DE MELO","JATAÍ - GO","AREIA, DIAMANTE","Construção civil, Industrial","Sim","08/03/2022"
"Gerência Regional / GO","860977/2013","Requerimento de Cessão parcial","Requerimento de Lavra","10.416.169/0001-80","MINERACAO RIO CLARO LTDA","IVOLÂNDIA - GO, PALESTINA DE GOIÁS - GO","AREIA","Construção civil","Sim","13/08/2014"
"Gerência Regional / GO","860073/2009","Requerimento de Autorização de Pesquisa","Requerimento de Lavra","03.655.318/0001-07","OURO PRETO MINERACAO DE BRITA LTDA","INDIARA - GO","GNAISSE, MINÉRIO DE OURO","Brita, Industrial","Sim","17/03/2010"
"Gerência Regional / GO","860650/2001","Requerimento de Autorização de Pesquisa","Requerimento de Lavra","10.699.485/0001-07","Edeiacal Mineração Ltda.","EDÉIA - GO","CALCÁRIO DOLOMÍTICO","Demais substâncias","Sim","27/02/2020"
"Gerência Regional / GO","861928/2005","Requerimento de Registro de Licença","Concessão de Lavra","11.122.917/0001-85","DIAMANTE NEGRO MINERADORA LTDA","GOIATUBA - GO","BASALTO","Construção civil","Sim","18/01/2012"
"Gerência Regional / GO","861788/2005","Requerimento de Autorização de Pesquisa","Concessão de Lavra","11.036.735/0001-91","KIOKI EMPREENDIMENTOS E LAZER LTDA","LAGOA SANTA - GO","ÁGUA MINERAL","Balneoterapia","Sim","29/04/2011"
"Gerência Regional / GO","861846/2007","Requerimento de Autorização de Pesquisa","Concessão de Lavra","11.831.626/0001-66","Mineração Caulim Rio Santa Tereza Ltda EPP","TROMBAS - GO","CAULIM","Industrial","Sim","19/01/2016"
"Gerência Regional / GO","860319/2010","Requerimento de Autorização de Pesquisa","Requerimento de Lavra","05.063.914/0001-15","Kanopus Mineradora Ltda Me","SILVÂNIA - GO, VIANÓPOLIS - GO","AREIA","Construção civil","Sim","03/11/2010"
"Gerência Regional / GO","860456/2012","Requerimento de Autorização de Pesquisa","Autorização de Pesquisa","***.057.631-**","João Carlos dos Santos","ITAPURANGA - GO","AREIA, MINÉRIO DE OURO","Construção civil, Industrial","Sim","21/07/2014"
"Gerência Regional / GO","861252/2014","Requerimento de Autorização de Pesquisa","Autorização de Pesquisa","05.677.001/0001-99","D Brasil Transporte Ltda Me","SANTA CRUZ DE GOIÁS - GO","AREIA, CASCALHO, DIAMANTE, DIAMANTE","Construção civil, Construção civil, Gema, Industrial","Sim","08/03/2017"
"Gerência Regional / GO","861577/2010","Requerimento de Autorização de Pesquisa","Requerimento de Lavra","10.840.504/0001-73","ACAI INVESTIMENTOS E PARTICIPACOES LTDA","GOIANIRA - GO","GRANITO","Revestimento","Sim","25/04/2014"
"Gerência Regional / GO","860385/2019","Requerimento de Disponibilidade para pesquisa","Autorização de Pesquisa","13.568.566/0001-66","MINERACAO GNB LTDA","SANTA TEREZINHA DE GOIÁS - GO","GNAISSE, GRANITO, MINÉRIO DE COBRE, MINÉRIO DE OURO","Industrial, Industrial, Revestimento, Revestimento","Sim","05/10/2020"
"Gerência Regional / GO","862448/2008","Requerimento de Autorização de Pesquisa","Concessão de Lavra","01.383.301/0001-04","ABNER JESUS MOREIRA","MINEIROS - GO","AREIA, CASCALHO","Construção civil, Construção civil","Sim","01/10/2013"
"Gerência Regional / GO","861125/2010","Requerimento de Autorização de Pesquisa","Requerimento de Lavra","14.213.571/0001-19","AREIA BRASIL MINERACAO INDUSTRIA E COMERCIO LTDA","BELA VISTA DE GOIÁS - GO","QUARTZITO","Industrial","Sim","15/05/2014"
"Gerência Regional / GO","861861/2024","Requerimento de Pesquisa - Leilão","Autorização de Pesquisa","12.693.630/0001-78","RESENDE MINERACAO LTDA","IPAMERI - GO, PIRES DO RIO - GO","AREIA, MINÉRIO DE OURO","Construção civil, Industrial","Sim","09/06/2026"
"Gerência Regional / GO","861117/2022","Requerimento de Pesquisa - Leilão","Autorização de Pesquisa","15.163.521/0001-37","FRONTERA BRASIL MINERACAO LTDA.","CAMPOS BELOS - GO","MINÉRIO DE OURO","Industrial","Sim","30/03/2026"
"Gerência Regional / GO","862061/2011","Requerimento de Cessão parcial","Concessão de Lavra","18.476.378/0001-21","AFRANIO FERREIRA FILHO & CIA LTDA","GOIÁS - GO","AREIA","Construção civil","Sim","13/08/2014"
"Gerência Regional / GO","860132/2016","Requerimento de Disponibilidade para pesquisa","Autorização de Pesquisa","13.146.831/0001-18","Everaldo Jose da Silva 68495714604","CAVALCANTE - GO, MONTE ALEGRE DE GOIÁS - GO, TERESINA DE GOIÁS - GO","AREIA, CASCALHO, DIAMANTE, MINÉRIO DE OURO","Construção civil, Construção civil, Industrial, Industrial","Sim","14/11/2016"
"Gerência Regional / GO","861221/2013","Requerimento de Autorização de Pesquisa","Requerimento de Lavra","11.442.890/0001-08","Soaf Empreendimentos e Participações Ltda.","ABADIÂNIA - GO","AREIA, CASCALHO","Construção civil, Construção civil","Sim","24/04/2017"
"Gerência Regional / GO","860398/2014","Requerimento de Autorização de Pesquisa","Concessão de Lavra","07.042.829/0001-04","J LANUSSE CONSTRUTORA E EMPREENDIMENTOS IMOBILIARIOS LTDA","TRINDADE - GO","ÁGUA MINERAL","Engarrafamento","Sim","24/03/2016"
"Gerência Regional / GO","861441/2010","Requerimento de Autorização de Pesquisa","Concessão de Lavra","12.928.046/0001-54","D&M AREIA BOA LTDA","PIRES DO RIO - GO, SANTA CRUZ DE GOIÁS - GO","AREIA","Construção civil","Sim","27/02/2015"
"Gerência Regional / GO","860418/2016","Requerimento de Autorização de Pesquisa","Requerimento de Lavra","21.392.141/0001-77","LANTERRAS MINERACAO EIRELI","CAMPINORTE - GO, FORMOSO - GO","CAULIM, MÁRMORE","Industrial, Revestimento","Sim","05/11/2021"
"Gerência Regional / GO","860163/2017","Requerimento de Autorização de Pesquisa","Autorização de Pesquisa","25.369.621/0001-78","Amazonas Comercio Atacadista de Joias e Participaçoes Ltda Epp","COLINAS DO SUL - GO","MINÉRIO DE OURO","Industrial","Sim","28/11/2017"
"Gerência Regional / GO","860378/2012","Requerimento de Disponibilidade para pesquisa","Concessão de Lavra","23.448.428/0001-05","FUTURA PARTICIPACOES LTDA","CEZARINA - GO, EDEALINA - GO, PONTALINA - GO","AREIA","Construção civil","Sim","18/09/2017"
"Gerência Regional / GO","861385/2014","Requerimento de Autorização de Pesquisa","Concessão de Lavra","24.563.102/0001-83","CASCALHEIRA SÃO PAULO EIRELI ME ","SANTO ANTÔNIO DO DESCOBERTO - GO","CASCALHO, QUARTZITO","Construção civil, Industrial","Sim","28/11/2017"
"Gerência Regional / GO","861669/2024","Requerimento de Pesquisa - Leilão","Autorização de Pesquisa","***.031.681-**","ORLANDO MAGALHAES DE CASTRO JUNIOR","CAMPOS VERDES - GO","OURO","Industrial","Sim","05/12/2025"
"Gerência Regional / GO","860315/1994","Requerimento de Lavra Garimpeira","Concessão de Lavra","27.002.490/0001-11","DRAGA PARAISO EIRELI","HIDROLINA - GO, SANTA RITA DO NOVO DESTINO - GO, URUAÇU - GO","AREIA, MINÉRIO DE OURO","Construção civil, Industrial","Sim","27/10/2021"
"Gerência Regional / GO","860586/2017","Requerimento de Autorização de Pesquisa","Autorização de Pesquisa","***.906.261-**","CRISTIANE PERES DE VASCONCELOS","VARJÃO - GO","MINÉRIO DE OURO","Industrial","Sim","28/10/2025"
"Gerência Regional / GO","860171/2019","Requerimento de Mudança de Regime para Aut. de Pesquisa","Autorização de Pesquisa","***.861.552-**","LEVI ANTONIO DE SOUSA","NIQUELÂNDIA - GO","QUARTZO","Industrial","Sim","20/03/2020"
"Gerência Regional / GO","860423/2018","Requerimento de Autorização de Pesquisa","Requerimento de Lavra","35.098.530/0001-07","BRASIL EXTRACAO E COMERCIO DE AREIA LTDA","CAVALCANTE - GO","MINÉRIO DE MANGANÊS","Industrial","Sim","17/11/2023"
"Gerência Regional / GO","860745/2021","Requerimento de Pesquisa - Oferta Pública ","Autorização de Pesquisa","27.415.167/0001-70","SHOPPING DAS AREIAS E SERVICOS EIRELI","GOIANÉSIA - GO, JARAGUÁ - GO","AREIA, MINÉRIO DE OURO","Construção civil, Industrial","Sim","13/05/2022"
"Gerência Regional / GO","861548/2024","Requerimento de Pesquisa - Leilão","Autorização de Pesquisa","49.673.064/0001-42","RONIN AGROPASTORIL, EXTRACAO MINERAL E COMERCIALIZACAO LTDA","NIQUELÂNDIA - GO","MINÉRIO DE OURO","Industrial","Sim","25/02/2025"
"Gerência Regional / GO","862237/2008","Requerimento de Autorização de Pesquisa","Concessão de Lavra","31.179.384/0001-85","EDMILSO FERNANDES DE SOUZA EIRELI","NIQUELÂNDIA - GO","AREIA, CASCALHO, MINÉRIO DE OURO","Construção civil, Construção civil, Industrial","Sim","02/08/2021"
"Gerência Regional / GO","860897/2016","Requerimento de Autorização de Pesquisa","Concessão de Lavra","40.019.822/0001-39","P T SOARES EIRELI","TAQUARAL DE GOIÁS - GO","ÁGUA MINERAL","Engarrafamento","Sim","10/05/2021"
"Gerência Regional / GO","860796/2016","Requerimento de Lavra Garimpeira","Lavra Garimpeira","***.466.671-**","CLAUDIA ROSA SILVA MOURA CECCHINI","ARENÓPOLIS - GO, MONTES CLAROS DE GOIÁS - GO","DIAMANTE","Gema","Sim","27/12/2023"
"Gerência Regional / GO","861853/2021","Requerimento de Autorização de Pesquisa","Autorização de Pesquisa","***.421.831-**","VALDUMIRO ARANTES MACHADO ROSA CAMPOS","NIQUELÂNDIA - GO","MINÉRIO DE OURO","Industrial","Sim","24/11/2023"
"Gerência Regional / GO","861239/2021","Requerimento de Pesquisa - Oferta Pública ","Autorização de Pesquisa","40.088.805/0001-53","J J DE SOUSA","CAIAPÔNIA - GO","GRANITO, GRANITO","Brita, Revestimento","Sim","19/04/2023"
"Gerência Regional / GO","861586/2024","Requerimento de Pesquisa - Leilão","Autorização de Pesquisa","42.750.302/0001-27","MINERACAO CAPIM DOURADO LTDA","MARA ROSA - GO, NOVA IGUAÇU DE GOIÁS - GO","MINÉRIO DE COBRE, MINÉRIO DE OURO, OURO","Industrial, Industrial, Industrial","Sim","01/10/2025"
"Gerência Regional / GO","860584/2006","Requerimento de Lavra Garimpeira","Concessão de Lavra","29.794.730/0001-93","CHAPEU DO SOL ECOTURISMO EIRELI","CRISTALINA - GO","AREIA, QUARTZO","Construção civil, Gema","Sim","18/04/2013"
"Gerência Regional / GO","860091/2014","Requerimento de Autorização de Pesquisa","Direito de Requerer a Lavra","23.112.109/0001-16","AGUA MINERAL DARA LTDA","MORRINHOS - GO","ÁGUA MINERAL","Engarrafamento","Sim","16/12/2021"
"Gerência Regional / GO","861806/2007","Requerimento de Autorização de Pesquisa","Concessão de Lavra","36.653.651/0001-28","SIDNEY LIMA DE QUEIROZ","ARAGUAPAZ - GO, FAINA - GO","AREIA, MINÉRIO DE OURO","Industrial, Industrial","Sim","27/07/2021"
"Gerência Regional / GO","860795/2016","Requerimento de Lavra Garimpeira","Lavra Garimpeira","***.387.341-**","ROSALINA COIMBRA DE OLIVEIRA","ARENÓPOLIS - GO, MONTES CLAROS DE GOIÁS - GO","DIAMANTE","Gema","Sim","27/12/2023"
"Gerência Regional / GO","861288/2021","Requerimento de Pesquisa - Oferta Pública ","Autorização de Pesquisa","42.936.012/0001-72","SINVAL DA COSTA VALE 65608380134","CARMO DO RIO VERDE - GO","AREIA, CASCALHO","Construção civil, Construção civil","Sim","27/07/2026"
"Gerência Regional / GO","860579/2021","Requerimento de Pesquisa - Oferta Pública ","Autorização de Pesquisa","10.309.905/0001-00","CLM CAPITAL PARTICIPACOES LTDA","MONTE ALEGRE DE GOIÁS - GO","ILMENITA","Industrial","Sim","16/12/2021"
"Gerência Regional / GO","861245/2021","Requerimento de Pesquisa - Leilão","Requerimento de Lavra","97.529.075/0003-68","CRISTAL DISTRIBUIDORA LTDA","FAZENDA NOVA - GO, JAUPACI - GO","AREIA, DIAMANTE","Construção civil, Industrial","Sim","05/12/2025"
"Gerência Regional / GO","861780/1993","Requerimento de Autorização de Pesquisa","Concessão de Lavra","97.837.181/0001-47","DEXCO S.A","NERÓPOLIS - GO","ARGILA","Demais substâncias","Sim","30/10/1998"
"Gerência Regional / GO","861780/1993","Requerimento de Autorização de Pesquisa","Concessão de Lavra","97.837.181/0001-47","DEXCO S.A","NERÓPOLIS - GO","ARGILA","Demais substâncias","Sim","03/11/2025"
"Gerência Regional / GO","861780/1993","Requerimento de Autorização de Pesquisa","Concessão de Lavra","97.837.181/0001-47","DEXCO S.A","NERÓPOLIS - GO","ARGILA","Demais substâncias","Sim","04/04/2024"
"Gerência Regional / GO","861780/1993","Requerimento de Autorização de Pesquisa","Concessão de Lavra","97.837.181/0001-47","DEXCO S.A","NERÓPOLIS - GO","ARGILA","Demais substâncias","Sim","09/12/2010"
"Gerência Regional / GO","860579/2021","Requerimento de Pesquisa - Oferta Pública ","Autorização de Pesquisa","10.309.905/0001-00","CLM CAPITAL PARTICIPACOES LTDA","MONTE ALEGRE DE GOIÁS - GO","ILMENITA","Industrial","Sim","05/02/2025"
"Gerência Regional / TO","864536/2021","Requerimento de Autorização de Pesquisa","Autorização de Pesquisa","53.832.772/0001-56","VANKAT MINING LTDA","CAVALCANTE - GO, PARANÃ - TO","MANGANÊS, OURO","Industrial, Industrial","Sim","27/03/2024"
"Gerência Regional / GO","861245/2021","Requerimento de Pesquisa - Leilão","Requerimento de Lavra","97.529.075/0003-68","CRISTAL DISTRIBUIDORA LTDA","FAZENDA NOVA - GO, JAUPACI - GO","AREIA, DIAMANTE","Construção civil, Industrial","Sim","09/04/2024"
"Gerência Regional / GO","861455/2021","Requerimento de Mudança de Regime para Aut. de Pesquisa","Requerimento de Lavra","54.414.945/0001-89","MINERACAO VALE DO CAIAPO LTDA","GOIÁS - GO, ITAPIRAPUÃ - GO","AREIA","Construção civil","Sim","29/08/2024"
"Gerência Regional / GO","861780/1993","Requerimento de Autorização de Pesquisa","Concessão de Lavra","97.837.181/0001-47","DEXCO S.A","NERÓPOLIS - GO","ARGILA","Demais substâncias","Sim","06/03/2002"
"Gerência Regional / GO","860649/2025","Requerimento de Cessão parcial","Autorização de Pesquisa","51.827.693/0001-21","FORTE MINERADORA LTDA","ITARUMÃ - GO, SANTA VITÓRIA - MG","AREIA, ARGILA, DIAMANTE, DIAMANTE","Cerâmica vermelha, Construção civil, Gema, Industrial","Sim","09/06/2026"
"Gerência Regional / GO","861239/2022","Requerimento de Autorização de Pesquisa","Autorização de Pesquisa","***.977.601-**","KENIA GRACIELLE MARIA BATISTA","FAINA - GO","AREIA","Construção civil","Sim","05/12/2025"
"Gerência Regional / GO","860186/2025","Requerimento de Autorização de Pesquisa","Autorização de Pesquisa","***.763.201-**","FABRICIO DE MATOS MORAES FERREIRA","GOIÁS - GO","AREIA, DIAMANTE, MINÉRIO DE OURO","Construção civil, Gema, Industrial","Sim","14/04/2026"
"Gerência Regional / GO","860172/2018","Requerimento de Autorização de Pesquisa","Requerimento de Lavra","62.906.702/0001-96","PEDREIRA GTG INDUSTRIA E COMERCIO LTDA","CALDAZINHA - GO","CASCALHO, FOSFATO","Construção civil, Fertilizantes","Sim","17/03/2026"
