"Superintendência","Processo","Tipo de requerimento","Fase Atual","CPF/CNPJ do titular","Titular","Municipio(s)","Substância(s)","Tipo(s) de Uso","Situação"
"Gerência Regional / GO","861909/2010","Requerimento de Registro de Licença","Licenciamento","00.278.143/0001-60","Fornecedora Sobrinho de Areia e Cascalho","LUZIÂNIA - GO","CASCALHO","Construção civil","Sim"
"Gerência Regional / GO","860083/2023","Requerimento de Registro de Licença","Licenciamento","01.179.837/0001-02","CERAMICA SO TIJOLOS SANTO ANTONIO LTDA","PONTALINA - GO","ARGILA","Cerâmica vermelha","Sim"
"Gerência Regional / GO","861398/2016","Requerimento de Registro de Licença","Licenciamento","01.599.729/0001-99","DISTRAN DISTRIBUIDORA INDUSTRIA E TRANSPORTES LTDA","SILVÂNIA - GO","ARGILA","Cerâmica vermelha","Sim"
"Gerência Regional / GO","861107/2024","Requerimento de Registro de Licença","Licenciamento","01.599.729/0001-99","DISTRAN DISTRIBUIDORA INDUSTRIA E TRANSPORTES LTDA","SILVÂNIA - GO","AREIA, ARGILA","Construção civil, Construção civil","Sim"
"Gerência Regional / GO","860556/2020","Requerimento de Registro de Licença","Licenciamento","01.599.729/0001-99","DISTRAN DISTRIBUIDORA INDUSTRIA E TRANSPORTES LTDA","SILVÂNIA - GO","ARGILA","Cerâmica vermelha","Sim"
"Gerência Regional / GO","860529/2006","Requerimento de Registro de Licença","Licenciamento","01.829.378/0001-65","MINERACAO FORTALEZA LTDA","CACHOEIRA ALTA - GO","AREIA, BASALTO","Construção civil, Revestimento","Sim"
"Gerência Regional / GO","860541/2020","Requerimento de Registro de Licença","Licenciamento","02.120.558/0001-36","NUNES ROSA LIMITADA","IPAMERI - GO","ARGILA","Cerâmica vermelha","Sim"
"Gerência Regional / GO","861508/2013","Requerimento de Mudança de Regime para Licenciamento","Licenciamento","02.800.373/0001-72","ENGEBRITA CALCARIO LTDA","FORMOSA - GO","CALCÁRIO","Corretivo de solo","Sim"
"Gerência Regional / GO","860113/2010","Requerimento de Mudança de Regime para Licenciamento","Licenciamento","03.468.881/0001-68","Cerâmica Primavera Ltda ME","TURVÂNIA - GO","ARGILA","Cerâmica vermelha","Sim"
"Gerência Regional / GO","860784/2020","Requerimento de Registro de Licença","Licenciamento","26.613.323/0001-44","MEIRELES MATERIAIS PARA CONSTRUÇÃO LTDA","LUZIÂNIA - GO","CASCALHO","Construção civil","Sim"
"Gerência Regional / GO","860783/2020","Requerimento de Registro de Licença","Licenciamento","26.613.323/0001-44","MEIRELES MATERIAIS PARA CONSTRUÇÃO LTDA","LUZIÂNIA - GO","CASCALHO","Construção civil","Sim"
"Gerência Regional / GO","860748/2020","Requerimento de Registro de Licença","Licenciamento","26.613.323/0001-44","MEIRELES MATERIAIS PARA CONSTRUÇÃO LTDA","LUZIÂNIA - GO","AREIA","Construção civil","Sim"
"Gerência Regional / GO","860624/2020","Requerimento de Registro de Licença","Licenciamento","26.613.323/0001-44","MEIRELES MATERIAIS PARA CONSTRUÇÃO LTDA","LUZIÂNIA - GO","AREIA","Construção civil","Sim"
"Gerência Regional / GO","860548/2024","Requerimento de Registro de Licença","Licenciamento","26.613.323/0001-44","MEIRELES MATERIAIS PARA CONSTRUÇÃO LTDA","LUZIÂNIA - GO","CASCALHO","Construção civil","Sim"
"Gerência Regional / GO","862796/2011","Requerimento de Registro de Licença","Licenciamento","26.613.323/0001-44","MEIRELES MATERIAIS PARA CONSTRUÇÃO LTDA","LUZIÂNIA - GO","AREIA, CASCALHO","Construção civil, Construção civil","Sim"
"Gerência Regional / GO","861794/2010","Requerimento de Mudança de Regime para Licenciamento","Licenciamento","26.970.103/0001-78","BRITACAL IND E COM DE BRITA E CALCARIO BRASILIA LTDA","PLANALTINA - GO","ARGILA, ARGILA, CALCÁRIO DOLOMÍTICO, CALCÁRIO DOLOMÍTICO","Brita, Cerâmica vermelha, Construção civil, Corretivo de solo","Sim"
"Gerência Regional / GO","860687/2005","Requerimento de Autorização de Pesquisa","Licenciamento","26.970.103/0001-78","BRITACAL IND E COM DE BRITA E CALCARIO BRASILIA LTDA","DIVINÓPOLIS DE GOIÁS - GO","CALCÁRIO","Industrial","Sim"
"Gerência Regional / GO","860637/2007","Requerimento de Registro de Licença","Licenciamento","26.970.103/0001-78","BRITACAL IND E COM DE BRITA E CALCARIO BRASILIA LTDA","GUARANI DE GOIÁS - GO","CALCÁRIO, CALCÁRIO DOLOMÍTICO","Corretivo de solo, Fabricação de cal","Sim"
"Gerência Regional / GO","862847/2008","Requerimento de Registro de Licença","Licenciamento","26.970.103/0001-78","BRITACAL IND E COM DE BRITA E CALCARIO BRASILIA LTDA","CABECEIRAS - GO","CALCÁRIO","Corretivo de solo","Sim"
"Gerência Regional / GO","861015/2015","Requerimento de Registro de Licença","Licenciamento","00.057.240/0001-22","CIPLAN CIMENTO PLANALTO SA","PLANALTINA - GO","AREIA, ARGILA","Construção civil, Construção civil","Sim"
"Gerência Regional / GO","862086/2007","Requerimento de Registro de Licença","Licenciamento","00.278.143/0001-60","Fornecedora Sobrinho de Areia e Cascalho","LUZIÂNIA - GO","AREIA, CASCALHO","Construção civil, Construção civil","Sim"
"Gerência Regional / GO","861354/2013","Requerimento de Mudança de Regime para Licenciamento","Licenciamento","00.290.102/0001-99","BRITAS E BRITAS LTDA","CEZARINA - GO","ARGILA","Cerâmica vermelha","Sim"
"Gerência Regional / GO","860195/2010","Requerimento de Mudança de Regime para Licenciamento","Licenciamento","00.803.395/0001-60","OURO PRETO ENGENHARIA E CONSULTORIA LTDA","JARAGUÁ - GO","AREIA, CASCALHO","Demais substâncias, Demais substâncias","Sim"
"Gerência Regional / GO","861969/2011","Requerimento de Registro de Licença","Licenciamento","00.902.742/0001-02","CALMASA CALCARIO MAMBAI LTDA","MAMBAÍ - GO","CALCÁRIO","Corretivo de solo","Sim"
"Gerência Regional / GO","860980/2009","Requerimento de Mudança de Regime para Licenciamento","Licenciamento","01.126.983/0001-70","Arenan Extração e Comércio de Areia Ltda","ORIZONA - GO","AREIA, CASCALHO","Construção civil, Construção civil","Sim"
"Gerência Regional / GO","861369/2012","Requerimento de Registro de Licença","Licenciamento","01.179.837/0001-02","CERAMICA SO TIJOLOS SANTO ANTONIO LTDA","PONTALINA - GO","ARGILA","Cerâmica vermelha","Sim"
"Gerência Regional / GO","861700/2021","Requerimento de Registro de Licença","Licenciamento","01.599.729/0001-99","DISTRAN DISTRIBUIDORA INDUSTRIA E TRANSPORTES LTDA","SILVÂNIA - GO","AREIA, ARGILA","Cerâmica vermelha, Construção civil","Sim"
"Gerência Regional / GO","860824/2014","Requerimento de Registro de Licença","Licenciamento","01.814.193/0001-87","OLARIA CAJUEIRO LTDA","SILVÂNIA - GO","ARGILA","Cerâmica vermelha","Sim"
"Gerência Regional / GO","861542/2009","Requerimento de Registro de Licença","Licenciamento","01.825.710/0001-13","RIBEIRO CASTRO LTDA","SILVÂNIA - GO","AREIA, ARGILA","Cerâmica vermelha, Construção civil","Sim"
"Gerência Regional / GO","860397/2000","Requerimento de Registro de Licença","Licenciamento","01.829.378/0001-65","MINERACAO FORTALEZA LTDA","CACHOEIRA ALTA - GO","BASALTO","Brita","Sim"
"Gerência Regional / GO","861678/2013","Requerimento de Registro de Licença","Licenciamento","02.037.799/0001-16","ANA LUCIA DE OLIVEIRA PORTO","NIQUELÂNDIA - GO","FILITO","Pedra de talhe","Sim"
"Gerência Regional / GO","860380/2001","Requerimento de Registro de Licença","Licenciamento","02.120.558/0001-36","NUNES ROSA LIMITADA","CAMPO ALEGRE DE GOIÁS - GO","ARGILA","Cerâmica vermelha","Sim"
"Gerência Regional / GO","860018/2001","Requerimento de Registro de Licença","Licenciamento","02.194.447/0001-74","Cipal Caixeta Indústria de Produtos de Argila Ltda","SILVÂNIA - GO","ARGILA","Cerâmica vermelha","Sim"
"Gerência Regional / GO","862054/2011","Requerimento de Registro de Licença","Licenciamento","02.241.288/0001-11","Calistrato e Guimaraes Ltda Epp","NIQUELÂNDIA - GO","ARGILA","Cerâmica vermelha","Sim"
"Gerência Regional / GO","860472/2001","Requerimento de Registro de Licença","Licenciamento","02.800.373/0001-72","ENGEBRITA CALCARIO LTDA","FORMOSA - GO","CALCÁRIO","Corretivo de solo","Sim"
"Gerência Regional / GO","862064/2011","Requerimento de Registro de Licença","Licenciamento","02.805.570/0001-84","SUDARIO & RODOVALHO LTDA.","DAVINÓPOLIS - GO","ARGILA","Cerâmica vermelha","Sim"
"Gerência Regional / GO","861208/2013","Requerimento de Mudança de Regime para Licenciamento","Licenciamento","03.417.227/0001-25","TARCAL TRANSPORTES E MATERIAL DE CONSTRUCAO LTDA","PIRACANJUBA - GO","AREIA","Construção civil","Sim"
"Gerência Regional / GO","860368/2018","Requerimento de Registro de Licença","Licenciamento","03.468.881/0001-68","Cerâmica Primavera Ltda ME","AMERICANO DO BRASIL - GO","ARGILA","Cerâmica vermelha","Sim"
"Gerência Regional / GO","861938/2012","Requerimento de Mudança de Regime para Licenciamento","Licenciamento","03.702.149/0001-00","RIBEIRO PAIVA AREIA EIRELI","RIO VERDE - GO","AREIA, CASCALHO","Construção civil, Construção civil","Sim"
"Gerência Regional / GO","860111/2012","Requerimento de Registro de Licença","Licenciamento","24.826.331/0001-43","PORTO RICO EXTRACAO DE AREIA LTDA","NIQUELÂNDIA - GO","AREIA, CASCALHO","Construção civil, Construção civil","Sim"
"Gerência Regional / GO","861187/2009","Requerimento de Registro de Licença","Licenciamento","26.613.323/0001-44","MEIRELES MATERIAIS PARA CONSTRUÇÃO LTDA","LUZIÂNIA - GO","AREIA, CASCALHO","Construção civil, Construção civil","Sim"
"Gerência Regional / GO","861544/1995","Requerimento de Registro de Licença","Licenciamento","26.675.876/0001-21","José Luiz dos Santos O Fornecedor Me","CORUMBÁ DE GOIÁS - GO","QUARTZITO","Demais substâncias","Sim"
"Gerência Regional / GO","860214/2019","Requerimento de Registro de Licença","Licenciamento","26.949.545/0001-32","DRAGA BATISTA RAMOS LTDA","SILVÂNIA - GO","AREIA, ARGILA","Construção civil, Construção civil","Sim"
"Gerência Regional / GO","862846/2008","Requerimento de Registro de Licença","Licenciamento","26.970.103/0001-78","BRITACAL IND E COM DE BRITA E CALCARIO BRASILIA LTDA","CABECEIRAS - GO","CALCÁRIO","Corretivo de solo","Sim"
"Gerência Regional / GO","860118/2017","Requerimento de Registro de Licença","Licenciamento","32.474.215/0001-30","Granitos Retiro Ltda.","PORANGATU - GO","GRANITO","Brita","Sim"
"Gerência Regional / GO","861215/2010","Requerimento de Mudança de Regime para Licenciamento","Licenciamento","57.633.521/0001-01","Minerpal Mineração e Comércio Ltda","GOIÁS - GO","AREIA","Construção civil","Sim"
"Gerência Regional / GO","860548/2019","Requerimento de Mudança de Regime para Licenciamento","Licenciamento","77.955.532/0001-07","CONSTRUTORA TRIUNFO S/A - EM RECUPERACAO JUDICIAL","ARAGARÇAS - GO","CASCALHO","Construção civil","Sim"
"Gerência Regional / GO","860284/2021","Requerimento de Registro de Licença","Licenciamento","77.955.532/0001-07","CONSTRUTORA TRIUNFO S/A - EM RECUPERACAO JUDICIAL","ARAGARÇAS - GO","CASCALHO","Construção civil","Sim"
"Gerência Regional / GO","860130/2019","Requerimento de Mudança de Regime para Licenciamento","Licenciamento","77.955.532/0001-07","CONSTRUTORA TRIUNFO S/A - EM RECUPERACAO JUDICIAL","PIRANHAS - GO","GRANITO","Brita","Sim"
"Gerência Regional / GO","860071/2020","Requerimento de Registro de Licença","Licenciamento","77.955.532/0001-07","CONSTRUTORA TRIUNFO S/A - EM RECUPERACAO JUDICIAL","CAIAPÔNIA - GO","CASCALHO","Construção civil","Sim"
"Gerência Regional / GO","860034/2020","Requerimento de Registro de Licença","Licenciamento","77.955.532/0001-07","CONSTRUTORA TRIUNFO S/A - EM RECUPERACAO JUDICIAL","BOM JARDIM DE GOIÁS - GO","CASCALHO","Construção civil","Sim"
"Gerência Regional / GO","860033/2020","Requerimento de Registro de Licença","Licenciamento","77.955.532/0001-07","CONSTRUTORA TRIUNFO S/A - EM RECUPERACAO JUDICIAL","BOM JARDIM DE GOIÁS - GO","CASCALHO","Construção civil","Sim"
"Gerência Regional / GO","860032/2020","Requerimento de Registro de Licença","Licenciamento","77.955.532/0001-07","CONSTRUTORA TRIUNFO S/A - EM RECUPERACAO JUDICIAL","PIRANHAS - GO","CASCALHO","Construção civil","Sim"
"Gerência Regional / GO","860318/2004","Requerimento de Registro de Licença","Licenciamento","***.657.641-**","SAMUEL TAVARES CAETANO","CAMPESTRE DE GOIÁS - GO","ARGILA","Cerâmica vermelha","Sim"
"Gerência Regional / GO","860330/2021","Requerimento de Registro de Licença","Licenciamento","***.259.609-**","valter samara","IACIARA - GO","CASCALHO","Construção civil","Sim"
"Gerência Regional / GO","860680/2000","Requerimento de Registro de Licença","Licenciamento","***.590.511-**","Ricardo Cruvinel Câmara","CAMPESTRE DE GOIÁS - GO","AREIA","Construção civil","Sim"
"Gerência Regional / GO","862061/1995","Requerimento de Autorização de Pesquisa","Licenciamento","***.590.511-**","Ricardo Cruvinel Câmara","CAMPESTRE DE GOIÁS - GO, PALMEIRAS DE GOIÁS - GO","AREIA","Demais substâncias","Sim"
"Gerência Regional / GO","861379/2012","Requerimento de Registro de Licença","Licenciamento","***.590.511-**","Ricardo Cruvinel Câmara","CAMPESTRE DE GOIÁS - GO","ARGILA","Construção civil","Sim"
"Gerência Regional / GO","860683/2000","Requerimento de Registro de Licença","Licenciamento","***.590.511-**","Ricardo Cruvinel Câmara","CAMPESTRE DE GOIÁS - GO","AREIA","Construção civil","Sim"
"Gerência Regional / GO","860682/2000","Requerimento de Registro de Licença","Licenciamento","***.590.511-**","Ricardo Cruvinel Câmara","CAMPESTRE DE GOIÁS - GO","AREIA","Construção civil","Sim"
"Gerência Regional / GO","860670/2013","Requerimento de Registro de Licença","Licenciamento","***.300.231-**","NELSON CURADO BERQUO","ARAGUAPAZ - GO, ARUANÃ - GO","AREIA, CASCALHO","Construção civil, Construção civil","Sim"
"Gerência Regional / GO","860672/2013","Requerimento de Registro de Licença","Licenciamento","***.300.231-**","NELSON CURADO BERQUO","ARAGUAPAZ - GO, ARUANÃ - GO","AREIA, CASCALHO","Construção civil, Construção civil","Sim"
"Gerência Regional / GO","860976/2012","Requerimento de Registro de Licença","Licenciamento","36.829.356/0001-80","CATALANA IND E COM DE ARTEFATOS DE CIMENTO E CONST LTDA","CUMARI - GO, NOVA AURORA - GO","AREIA, CASCALHO","Construção civil, Construção civil","Sim"
"Gerência Regional / GO","861846/2010","Requerimento de Registro de Licença","Licenciamento","37.047.461/0001-20","SÃO VALENTINM PRODUTOS CERÂMICOS LTDA - ME.","IPORÁ - GO","ARGILA","Cerâmica vermelha","Sim"
"Gerência Regional / GO","860449/2016","Requerimento de Mudança de Regime para Licenciamento","Licenciamento","50.170.281/0001-07","PEDREIRA ANHANGUERA S/A EMPRESA DE MINERACAO","GOIANIRA - GO","GRANODIORITO","Brita","Sim"
"Gerência Regional / GO","860321/1998","Requerimento de Registro de Licença","Licenciamento","50.170.281/0012-51","PEDREIRA ANHANGUERA S.A. - EMPRESA DE MINERAÇÃO","GOIANIRA - GO","GRANODIORITO","Demais substâncias","Sim"
"Gerência Regional / GO","861711/2011","Requerimento de Mudança de Regime para Licenciamento","Licenciamento","61.156.568/0001-90","Constran S A Construções e Comércio","QUIRINÓPOLIS - GO","BASALTO","Brita","Sim"
"Gerência Regional / GO","862896/2011","Requerimento de Registro de Licença","Licenciamento","86.840.873/0001-28","Valdomiro Damião de Siqueira Me","SILVÂNIA - GO","AREIA","Construção civil","Sim"
"Gerência Regional / GO","862034/1995","Requerimento de Autorização de Pesquisa","Licenciamento","***.657.641-**","SAMUEL TAVARES CAETANO","CAMPESTRE DE GOIÁS - GO, PALMEIRAS DE GOIÁS - GO","AREIA","Demais substâncias","Sim"
"Gerência Regional / GO","860335/2021","Requerimento de Registro de Licença","Licenciamento","***.259.609-**","valter samara","IACIARA - GO","CASCALHO","Construção civil","Sim"
"Gerência Regional / GO","860697/2009","Requerimento de Mudança de Regime para Licenciamento","Licenciamento","***.915.631-**","RAFAEL ANTONIO BRUNO","URUAÇU - GO","AREIA, CASCALHO","Construção civil, Construção civil","Sim"
"Gerência Regional / GO","860162/2008","Requerimento de Registro de Licença","Licenciamento","***.957.301-**","Jesus Juvencio de Faria","NOVA GLÓRIA - GO, RIALMA - GO","AREIA, CASCALHO","Construção civil, Construção civil","Sim"
"Gerência Regional / GO","860787/2020","Requerimento de Registro de Licença","Licenciamento","***.398.931-**","JOSE CRUVINEL DE MACEDO","MONTIVIDIU - GO","CASCALHO","Brita","Sim"
"Gerência Regional / GO","861353/2013","Requerimento de Registro de Licença","Licenciamento","***.875.301-**","JOSEVINO DA COSTA FERREIRA","TERESINA DE GOIÁS - GO","QUARTZITO","Brita","Sim"
"Gerência Regional / GO","860769/2009","Requerimento de Registro de Licença","Licenciamento","***.641.951-**","ILOMINO MARTINS ANDRADE","PIRANHAS - GO","AREIA","Construção civil","Sim"
"Gerência Regional / GO","860693/2019","Requerimento de Registro de Licença","Licenciamento","***.552.981-**","EMIVAL RAMOS CAIADO FILHO","LUZIÂNIA - GO","CASCALHO","Construção civil","Sim"
"Gerência Regional / GO","860681/2000","Requerimento de Registro de Licença","Licenciamento","***.590.511-**","Ricardo Cruvinel Câmara","CAMPESTRE DE GOIÁS - GO","AREIA","Construção civil","Sim"
"Gerência Regional / GO","860101/2007","Requerimento de Registro de Licença","Licenciamento","***.114.601-**","MANOEL CORREIA SOARES                                                           ","PORANGATU - GO, TROMBAS - GO","AREIA, CASCALHO","Construção civil, Construção civil","Sim"
"Gerência Regional / GO","860496/2016","Requerimento de Registro de Licença","Licenciamento","***.914.671-**","EDWARD MAGALHAES CHAVES","SÃO DOMINGOS - GO","AREIA","Construção civil","Sim"
"Gerência Regional / GO","860475/2017","Requerimento de Registro de Licença","Licenciamento","***.858.861-**","MIGUEL ARCANJO MACHADO","FORMOSA - GO","ARGILA","Construção civil","Sim"
"Gerência Regional / GO","861816/2013","Requerimento de Registro de Licença","Licenciamento","***.932.701-**","Luiz Carlos Nunes de Bastos","ABADIÂNIA - GO","CASCALHO","Construção civil","Sim"
"Gerência Regional / GO","860530/2004","Requerimento de Registro de Licença","Licenciamento","***.796.701-**","MARCELO SILVA CURADO                                                            ","FORMOSA - GO","ARGILA","Cerâmica vermelha","Sim"
"Gerência Regional / GO","860976/2006","Requerimento de Registro de Licença","Licenciamento","***.264.991-**","ABNER JESUS MOREIRA","MINEIROS - GO","AREIA, CASCALHO","Construção civil, Construção civil","Sim"
"Gerência Regional / GO","860671/2013","Requerimento de Registro de Licença","Licenciamento","***.300.231-**","NELSON CURADO BERQUO","ARAGUAPAZ - GO, ARUANÃ - GO","AREIA, CASCALHO","Construção civil, Construção civil","Sim"
"Gerência Regional / GO","860493/2015","Requerimento de Registro de Licença","Licenciamento","***.782.488-**","Edison Machado da Silva","SANTA TEREZA DE GOIÁS - GO, TROMBAS - GO","AREIA, CASCALHO","Construção civil, Construção civil","Sim"
"Gerência Regional / GO","860766/2014","Requerimento de Mudança de Regime para Licenciamento","Licenciamento","***.522.661-**","Pedro de Castro e Silva Filho","CRIXÁS - GO","AREIA, CASCALHO","Construção civil, Construção civil","Sim"
"Gerência Regional / GO","861792/2011","Requerimento de Registro de Licença","Licenciamento","***.439.101-**","OTANIEL VIEIRA DA SILVA","MORRINHOS - GO","AREIA, CASCALHO","Construção civil, Construção civil","Sim"
"Gerência Regional / GO","860831/2014","Requerimento de Mudança de Regime para Licenciamento","Licenciamento","18.941.864/0001-73","Cerâmica Cruzeiro Ltda","CUMARI - GO","ARGILA","Cerâmica vermelha","Sim"
"Gerência Regional / GO","861799/2005","Requerimento de Registro de Licença","Licenciamento","***.226.611-**","LACI CONSTANTINO SANTIAGO","AURILÂNDIA - GO","AREIA, SAIBRO","Construção civil, Construção civil","Sim"
"Gerência Regional / GO","860658/2015","Requerimento de Mudança de Regime para Licenciamento","Licenciamento","02.094.748/0001-26","Mineraçâo e Transportes Corumbá Ltda","CORUMBAÍBA - GO","AREIA, CASCALHO","Construção civil, Construção civil","Sim"
"Gerência Regional / GO","860428/2017","Requerimento de Mudança de Regime para Licenciamento","Licenciamento","02.094.748/0001-26","Mineraçâo e Transportes Corumbá Ltda","CALDAS NOVAS - GO, IPAMERI - GO","AREIA, CASCALHO","Construção civil, Construção civil","Sim"
"Gerência Regional / GO","860194/2000","Requerimento de Registro de Licença","Licenciamento","02.094.748/0001-26","Mineraçâo e Transportes Corumbá Ltda","CORUMBAÍBA - GO, MARZAGÃO - GO","AREIA","Construção civil","Sim"
"Gerência Regional / GO","861802/2012","Requerimento de Mudança de Regime para Licenciamento","Licenciamento","02.094.748/0001-26","Mineraçâo e Transportes Corumbá Ltda","CORUMBAÍBA - GO","AREIA, CASCALHO","Construção civil, Construção civil","Sim"
"Gerência Regional / GO","861139/2012","Requerimento de Registro de Licença","Licenciamento","02.094.748/0001-26","Mineraçâo e Transportes Corumbá Ltda","CORUMBAÍBA - GO","AREIA, CASCALHO","Construção civil, Construção civil","Sim"
"Gerência Regional / GO","861138/2012","Requerimento de Registro de Licença","Licenciamento","02.094.748/0001-26","Mineraçâo e Transportes Corumbá Ltda","CORUMBAÍBA - GO","AREIA, CASCALHO","Construção civil, Construção civil","Sim"
"Gerência Regional / GO","860800/2014","Requerimento de Registro de Licença","Licenciamento","02.094.748/0001-26","Mineraçâo e Transportes Corumbá Ltda","CORUMBAÍBA - GO","AREIA, CASCALHO","Construção civil, Construção civil","Sim"
"Gerência Regional / GO","860664/2015","Requerimento de Mudança de Regime para Licenciamento","Licenciamento","02.094.748/0001-26","Mineraçâo e Transportes Corumbá Ltda","ÁGUA LIMPA - GO, CORUMBAÍBA - GO, MARZAGÃO - GO","AREIA, CASCALHO","Construção civil, Construção civil","Sim"
"Gerência Regional / GO","860663/2015","Requerimento de Mudança de Regime para Licenciamento","Licenciamento","02.094.748/0001-26","Mineraçâo e Transportes Corumbá Ltda","CORUMBAÍBA - GO, MARZAGÃO - GO","AREIA, CASCALHO","Construção civil, Construção civil","Sim"
"Gerência Regional / GO","860662/2015","Requerimento de Mudança de Regime para Licenciamento","Licenciamento","02.094.748/0001-26","Mineraçâo e Transportes Corumbá Ltda","CORUMBAÍBA - GO","AREIA, CASCALHO","Construção civil, Construção civil","Sim"
"Gerência Regional / GO","860661/2015","Requerimento de Mudança de Regime para Licenciamento","Licenciamento","02.094.748/0001-26","Mineraçâo e Transportes Corumbá Ltda","CALDAS NOVAS - GO, CORUMBAÍBA - GO","AREIA, CASCALHO","Construção civil, Construção civil","Sim"
"Gerência Regional / GO","860660/2015","Requerimento de Mudança de Regime para Licenciamento","Licenciamento","02.094.748/0001-26","Mineraçâo e Transportes Corumbá Ltda","CORUMBAÍBA - GO","AREIA, CASCALHO","Construção civil, Construção civil","Sim"
"Gerência Regional / GO","860931/2022","Requerimento de Mudança de Regime para Licenciamento","Licenciamento","***.974.661-**","JOAQUIM DA SILVA PIRES","MINAÇU - GO","AREIA","Construção civil","Sim"
"Gerência Regional / GO","861205/2008","Requerimento de Registro de Licença","Licenciamento","03.497.835/0001-97","MINERACAO CERRADO EIRELI","FAINA - GO","AREIA","Construção civil","Sim"
"Gerência Regional / GO","860146/2013","Requerimento de Registro de Licença","Licenciamento","03.497.835/0001-97","MINERACAO CERRADO EIRELI","ARAGUAPAZ - GO","AREIA","Construção civil","Sim"
"Gerência Regional / GO","860454/2012","Requerimento de Registro de Licença","Licenciamento","***.475.928-**","Marília Nize Mattoso Cardozo","CROMÍNIA - GO","AREIA, CASCALHO","Construção civil, Construção civil","Sim"
"Gerência Regional / GO","860848/2013","Requerimento de Registro de Licença","Licenciamento","***.475.928-**","Marília Nize Mattoso Cardozo","CROMÍNIA - GO, PROFESSOR JAMIL - GO","AREIA, CASCALHO","Construção civil, Construção civil","Sim"
"Gerência Regional / GO","861483/2014","Requerimento de Registro de Licença","Licenciamento","***.821.301-**","ANTONIO GILVA DE ANDRADE","JESÚPOLIS - GO, SÃO FRANCISCO DE GOIÁS - GO","AREIA","Construção civil","Sim"
"Gerência Regional / GO","861369/2015","Requerimento de Mudança de Regime para Licenciamento","Licenciamento","04.478.554/0001-50","F.g. Vidigal & Cia Ltda","SÃO LUIZ DO NORTE - GO","AREIA, CASCALHO","Construção civil, Construção civil","Sim"
"Gerência Regional / GO","860581/2013","Requerimento de Registro de Licença","Licenciamento","30.090.575/0001-03","RODOCON CONSTRUCOES RODOVIARIAS LTDA","PARAÚNA - GO","BASALTO","Brita","Sim"
"Gerência Regional / GO","860438/2017","Requerimento de Registro de Licença","Licenciamento","30.090.575/0001-03","RODOCON CONSTRUCOES RODOVIARIAS LTDA","PARAÚNA - GO","BASALTO","Brita","Sim"
"Gerência Regional / GO","860235/2006","Requerimento de Registro de Licença","Licenciamento","***.157.611-**","Eliezer Moreira Barros","CAIAPÔNIA - GO","AREIA","Construção civil","Sim"
"Gerência Regional / GO","860330/2007","Requerimento de Registro de Licença","Licenciamento","02.544.638/0001-19","PEDRAS PONTE ALTA LTDA","CORUMBÁ DE GOIÁS - GO","AREIA, QUARTZITO","Construção civil, Pedra de talhe","Sim"
"Gerência Regional / GO","860676/2014","Requerimento de Mudança de Regime para Licenciamento","Licenciamento","04.631.282/0001-86","EMPRESA BRASILEIRA DO QUARTZO LTDA","GOIANDIRA - GO","GRANITO","Brita","Sim"
"Gerência Regional / GO","861102/2023","Requerimento de Registro de Licença","Licenciamento","05.778.572/0001-10","COMERCIO VAREJISTA E ATACADISTA DE MATERIAIS DE CONSTRUCAO LTDA","JATAÍ - GO","AREIA","Construção civil","Sim"
"Gerência Regional / GO","861971/2011","Requerimento de Registro de Licença","Licenciamento","***.226.611-**","LACI CONSTANTINO SANTIAGO","SÃO LUÍS DE MONTES BELOS - GO","AREIA","Construção civil","Sim"
"Gerência Regional / GO","860659/2015","Requerimento de Mudança de Regime para Licenciamento","Licenciamento","02.094.748/0001-26","Mineraçâo e Transportes Corumbá Ltda","CORUMBAÍBA - GO, MARZAGÃO - GO","AREIA, CASCALHO","Construção civil, Construção civil","Sim"
"Gerência Regional / GO","861169/2022","Requerimento de Mudança de Regime para Licenciamento","Licenciamento","***.974.661-**","JOAQUIM DA SILVA PIRES","MINAÇU - GO","AREIA","Construção civil","Sim"
"Gerência Regional / GO","861621/2013","Requerimento de Mudança de Regime para Licenciamento","Licenciamento","03.724.190/0001-88","VIZA AREIA E TRANSPORTE LTDA","NOVO GAMA - GO","QUARTZITO","Revestimento","Sim"
"Gerência Regional / GO","860082/2014","Requerimento de Mudança de Regime para Licenciamento","Licenciamento","***.191.551-**","REGINALDO RIBEIRO ALVES","SÃO FRANCISCO DE GOIÁS - GO","AREIA","Construção civil","Sim"
"Gerência Regional / GO","860478/2000","Requerimento de Registro de Licença","Licenciamento","***.703.501-**","ABEDIAS RODRIGUES DA MATA","CACHOEIRA DE GOIÁS - GO","AREIA","Construção civil","Sim"
"Gerência Regional / GO","860720/2018","Requerimento de Registro de Licença","Licenciamento","02.726.200/0001-51","OLARIA TRIUNFO LTDA","ANÁPOLIS - GO","ARGILA","Cerâmica vermelha","Sim"
"Gerência Regional / GO","861712/2011","Requerimento de Registro de Licença","Licenciamento","***.049.251-**","ALDERICO JOSE DE FARIA","BARRO ALTO - GO, NIQUELÂNDIA - GO","AREIA, CASCALHO","Construção civil, Construção civil","Sim"
"Gerência Regional / GO","860869/2019","Requerimento de Registro de Licença","Licenciamento","***.685.541-**","Lizandro Alves de Araújo","GUAPÓ - GO","CASCALHO","Construção civil","Sim"
"Gerência Regional / GO","861402/2009","Requerimento de Registro de Licença","Licenciamento","03.497.835/0001-97","MINERACAO CERRADO EIRELI","FAINA - GO","AREIA","Construção civil","Sim"
"Gerência Regional / GO","861313/2008","Requerimento de Registro de Licença","Licenciamento","***.581.011-**","FREDERICO GONCALVES VIDIGAL","CARMO DO RIO VERDE - GO, RIALMA - GO","AREIA, CASCALHO","Construção civil, Construção civil","Sim"
"Gerência Regional / GO","860648/2015","Requerimento de Registro de Licença","Licenciamento","***.754.571-**","EDIMAR ALVES FERREIRA","IVOLÂNDIA - GO, MOIPORÁ - GO","AREIA","Construção civil","Sim"
"Gerência Regional / GO","861108/2021","Requerimento de Registro de Licença","Licenciamento","***.376.631-**","RONALDO DE JESUS MOREIRA","OURO VERDE DE GOIÁS - GO","CASCALHO","Construção civil","Sim"
"Gerência Regional / GO","860847/2013","Requerimento de Registro de Licença","Licenciamento","***.475.928-**","Marília Nize Mattoso Cardozo","CROMÍNIA - GO","AREIA, CASCALHO","Construção civil, Construção civil","Sim"
"Gerência Regional / GO","860616/2013","Requerimento de Registro de Licença","Licenciamento","***.633.571-**","Francisco Calzada Machado","CROMÍNIA - GO, PROFESSOR JAMIL - GO","AREIA, CASCALHO","Construção civil, Construção civil","Sim"
"Gerência Regional / GO","860710/2017","Requerimento de Registro de Licença","Licenciamento","00.635.391/0001-10","Teccon S A Construção e Pavimentação","ABADIÂNIA - GO","CASCALHO","Construção civil","Sim"
"Gerência Regional / GO","860731/2015","Requerimento de Registro de Licença","Licenciamento","***.901.401-**","TARCISIO DE PAULA ARANTES","ABADIÂNIA - GO, GAMELEIRA DE GOIÁS - GO","AREIA, CASCALHO","Construção civil, Construção civil","Sim"
"Gerência Regional / GO","861562/2014","Requerimento de Mudança de Regime para Licenciamento","Licenciamento","***.242.301-**","Emiliano Fonseca Neto","NIQUELÂNDIA - GO, SÃO JOÃO D'ALIANÇA - GO","AREIA, CASCALHO","Construção civil, Construção civil","Sim"
"Gerência Regional / GO","860526/2001","Requerimento de Registro de Licença","Licenciamento","***.695.291-**","Espólio de João Luiz dos Santos","SÃO JOÃO DA PARAÚNA - GO","AREIA, CASCALHO","Construção civil, Construção civil","Sim"
"Gerência Regional / GO","862169/2012","Requerimento de Registro de Licença","Licenciamento","***.821.301-**","ANTONIO GILVA DE ANDRADE","PIRENÓPOLIS - GO","AREIA","Construção civil","Sim"
"Gerência Regional / GO","861012/2014","Requerimento de Mudança de Regime para Licenciamento","Licenciamento","***.085.501-**","JOAO LANCISIO BATISTA","SILVÂNIA - GO","AREIA","Construção civil","Sim"
"Gerência Regional / GO","861432/2009","Requerimento de Registro de Licença","Licenciamento","04.478.554/0001-50","F.g. Vidigal & Cia Ltda","CERES - GO, RIALMA - GO","AREIA, CASCALHO","Construção civil, Construção civil","Sim"
"Gerência Regional / GO","860236/2006","Requerimento de Registro de Licença","Licenciamento","***.157.611-**","Eliezer Moreira Barros","CAIAPÔNIA - GO","AREIA","Construção civil","Sim"
"Gerência Regional / GO","861496/2013","Requerimento de Mudança de Regime para Licenciamento","Licenciamento","02.544.638/0001-19","PEDRAS PONTE ALTA LTDA","CORUMBÁ DE GOIÁS - GO","AREIA, QUARTZITO","Construção civil, Industrial","Sim"
"Gerência Regional / GO","860853/2023","Requerimento de Mudança de Regime para Licenciamento","Licenciamento","***.194.521-**","JOVENIL INACIO PEIXOTO","URUANA - GO","AREIA, CASCALHO","Construção civil, Construção civil","Sim"
"Gerência Regional / GO","861335/2013","Requerimento de Mudança de Regime para Licenciamento","Licenciamento","03.292.045/0001-75","CERÂMICA NOVO HORIZONTE LTDA ME","ANICUNS - GO","AREIA, ARGILA","Cerâmica vermelha, Construção civil","Sim"
"Gerência Regional / GO","860255/2001","Requerimento de Registro de Licença","Licenciamento","02.582.816/0001-04","Rosiron Wayne de Oliveira","ARUANÃ - GO","ARGILA","Cerâmica vermelha","Sim"
"Gerência Regional / GO","861831/2010","Requerimento de Registro de Licença","Licenciamento","***.093.381-**","CICERO ALVES DA PAIXAO","FORMOSA - GO","ARGILA, CASCALHO","Construção civil, Construção civil","Sim"
"Gerência Regional / GO","860771/2015","Requerimento de Registro de Licença","Licenciamento","***.103.848-**","Pedro Lourenço","MUNDO NOVO - GO","ARGILA","Cerâmica vermelha","Sim"
"Gerência Regional / GO","860758/2012","Requerimento de Registro de Licença","Licenciamento","***.410.101-**","Elecio Guimaraes Junnior ","VIANÓPOLIS - GO","ARGILA","Cerâmica vermelha","Sim"
"Gerência Regional / GO","860157/2018","Requerimento de Mudança de Regime para Licenciamento","Licenciamento","26.658.278/0001-44","MINERACAO J. L. BATISTA LTDA","SILVÂNIA - GO","AREIA","Construção civil","Sim"
"Gerência Regional / GO","862132/2012","Requerimento de Registro de Licença","Licenciamento","26.658.278/0001-44","MINERACAO J. L. BATISTA LTDA","SILVÂNIA - GO","AREIA, ARGILA","Cerâmica vermelha, Construção civil","Sim"
"Gerência Regional / GO","860543/2019","Requerimento de Mudança de Regime para Licenciamento","Licenciamento","37.024.031/0001-92","MENDES AREIA E CASCALHO LTDA","LUZIÂNIA - GO","CASCALHO","Construção civil","Sim"
"Gerência Regional / GO","860435/2017","Requerimento de Registro de Licença","Licenciamento","37.024.031/0001-92","MENDES AREIA E CASCALHO LTDA","LUZIÂNIA - GO","CASCALHO","Construção civil","Sim"
"Gerência Regional / GO","860123/2010","Requerimento de Registro de Licença","Licenciamento","37.024.031/0001-92","MENDES AREIA E CASCALHO LTDA","LUZIÂNIA - GO","CASCALHO","Construção civil","Sim"
"Gerência Regional / GO","860122/2010","Requerimento de Registro de Licença","Licenciamento","37.024.031/0001-92","MENDES AREIA E CASCALHO LTDA","LUZIÂNIA - GO","CASCALHO","Construção civil","Sim"
"Gerência Regional / GO","860860/2017","Requerimento de Mudança de Regime para Licenciamento","Licenciamento","37.024.031/0001-92","MENDES AREIA E CASCALHO LTDA","LUZIÂNIA - GO","CASCALHO","Construção civil","Sim"
"Gerência Regional / GO","860859/2017","Requerimento de Mudança de Regime para Licenciamento","Licenciamento","37.024.031/0001-92","MENDES AREIA E CASCALHO LTDA","LUZIÂNIA - GO","CASCALHO","Construção civil","Sim"
"Gerência Regional / GO","860611/2019","Requerimento de Registro de Licença","Licenciamento","***.000.631-**","Gilberto Cândido Freires ","GOIANDIRA - GO","ARGILA, CASCALHO","Construção civil, Construção civil","Sim"
"Gerência Regional / GO","860860/2006","Requerimento de Registro de Licença","Licenciamento","02.195.907/0001-89","JOSÉ EUSTÁQUIO DE SOUSA","CUMARI - GO","AREIA, CASCALHO","Construção civil, Construção civil","Sim"
"Gerência Regional / GO","860061/2006","Requerimento de Registro de Licença","Licenciamento","***.726.781-**","NADYR GARCIA CUNHA ","CHAPADÃO DO CÉU - GO","CASCALHO","Construção civil","Sim"
"Gerência Regional / GO","860122/2012","Requerimento de Registro de Licença","Licenciamento","***.719.071-**","Adalor Ortenso Rabelo","ÁGUA LIMPA - GO, MORRINHOS - GO","AREIA, CASCALHO","Construção civil, Construção civil","Sim"
"Gerência Regional / GO","860083/2022","Requerimento de Registro de Licença","Licenciamento","***.194.521-**","JOVENIL INACIO PEIXOTO","JARAGUÁ - GO","AREIA","Construção civil","Sim"
"Gerência Regional / GO","861471/2016","Requerimento de Registro de Licença","Licenciamento","03.292.045/0001-75","CERÂMICA NOVO HORIZONTE LTDA ME","ANICUNS - GO","ARGILA","Cerâmica vermelha","Sim"
"Gerência Regional / GO","860973/2011","Requerimento de Registro de Licença","Licenciamento","04.981.976/0001-43","Ceramica Rm Jesupolis Ltda","JESÚPOLIS - GO","ARGILA","Cerâmica vermelha","Sim"
"Gerência Regional / GO","860221/2004","Requerimento de Registro de Licença","Licenciamento","***.390.201-**","LUIZ HUMBERTO DE OLIVEIRA","JOVIÂNIA - GO","BASALTO","Revestimento","Sim"
"Gerência Regional / GO","861085/2002","Requerimento de Registro de Licença","Licenciamento","33.553.561/0001-77","CERAMICA RIO VERDE LTDA","CATALÃO - GO","ARGILA","Cerâmica vermelha","Sim"
"Gerência Regional / GO","860826/2012","Requerimento de Registro de Licença","Licenciamento","***.884.401-**","Pedro Rios Brandão","GOIANÉSIA - GO, JARAGUÁ - GO","AREIA, CASCALHO","Construção civil, Construção civil","Sim"
"Gerência Regional / GO","860910/2011","Requerimento de Registro de Licença","Licenciamento","02.582.816/0001-04","Rosiron Wayne de Oliveira","ARUANÃ - GO","AREIA, ARGILA","Cerâmica vermelha, Construção civil","Sim"
"Gerência Regional / GO","860974/2016","Requerimento de Registro de Licença","Licenciamento","26.664.730/0001-80","CERAMICA CARVALHO LTDA","SÃO LUÍS DE MONTES BELOS - GO","ARGILA","Cerâmica vermelha","Sim"
"Gerência Regional / GO","860479/2013","Requerimento de Registro de Licença","Licenciamento","***.420.776-**","Rodney Rodrigues da Silva","MORRINHOS - GO","AREIA","Construção civil","Sim"
"Gerência Regional / GO","860935/2012","Requerimento de Registro de Licença","Licenciamento","***.654.101-**","WARNER RODRIGO SANTANA PRESTES","MARA ROSA - GO, NOVA IGUAÇU DE GOIÁS - GO","ARGILA","Cerâmica vermelha","Sim"
"Gerência Regional / GO","861263/2006","Requerimento de Registro de Licença","Licenciamento","***.093.381-**","CICERO ALVES DA PAIXAO","FORMOSA - GO","ARGILA","Cerâmica vermelha","Sim"
"Gerência Regional / GO","860242/2019","Requerimento de Registro de Licença","Licenciamento","***.026.701-**","NILTON AMBROSIO CARNEIRO","ANÁPOLIS - GO","CASCALHO","Brita","Sim"
"Gerência Regional / GO","862357/2007","Requerimento de Registro de Licença","Licenciamento","***.211.421-**","José Rodrigues","AURILÂNDIA - GO, SÃO JOÃO DA PARAÚNA - GO","AREIA","Construção civil","Sim"
"Gerência Regional / GO","860551/2003","Requerimento de Registro de Licença","Licenciamento","***.742.301-**","Wellington Beltrão","MONTE ALEGRE DE GOIÁS - GO","AREIA","Construção civil","Sim"
"Gerência Regional / GO","860764/2014","Requerimento de Mudança de Regime para Licenciamento","Licenciamento","05.398.552/0001-13","Teixeira de Oliveira & Souza de Oliveira Ltda","CRIXÁS - GO","AREIA, CASCALHO","Construção civil, Construção civil","Sim"
"Gerência Regional / GO","861340/2006","Requerimento de Registro de Licença","Licenciamento","***.448.711-**","Evardes Silva","PONTALINA - GO","ARGILA","Cerâmica vermelha","Sim"
"Gerência Regional / GO","860833/2007","Requerimento de Registro de Licença","Licenciamento","02.785.343/0001-34","CERÂMICA MOIPORÁ LTDA","ISRAELÂNDIA - GO","ARGILA","Cerâmica vermelha","Sim"
"Gerência Regional / GO","860071/2008","Requerimento de Registro de Licença","Licenciamento","***.127.131-**","argeu luiz da costa","PARAÚNA - GO","AREIA","Construção civil","Sim"
"Gerência Regional / GO","862933/2011","Requerimento de Registro de Licença","Licenciamento","***.555.841-**","JOS CAMELLO PALESTINO","NOVO GAMA - GO","CASCALHO","Construção civil","Sim"
"Gerência Regional / GO","860652/2014","Requerimento de Registro de Licença","Licenciamento","***.593.101-**","joao onoro dos santos","GUAPÓ - GO","AREIA, ARGILA","Cerâmica vermelha, Construção civil","Sim"
"Gerência Regional / GO","860331/2004","Requerimento de Registro de Licença","Licenciamento","***.958.741-**","Antônio Rodrigues Marega","CRIXÁS - GO, GUARINOS - GO","AREIA","Construção civil","Sim"
"Gerência Regional / GO","861231/2003","Requerimento de Registro de Licença","Licenciamento","***.103.848-**","Pedro Lourenço","MUNDO NOVO - GO","ARGILA","Industrial","Sim"
"Gerência Regional / GO","860195/2014","Requerimento de Registro de Licença","Licenciamento","***.260.621-**","MAURO SILVEIRA PINTO SOBRINHO","GOIÁS - GO","AREIA","Construção civil","Sim"
"Gerência Regional / GO","861118/2011","Requerimento de Registro de Licença","Licenciamento","***.410.101-**","Elecio Guimaraes Junnior ","SILVÂNIA - GO","ARGILA","Cerâmica vermelha","Sim"
"Gerência Regional / GO","860259/2019","Requerimento de Registro de Licença","Licenciamento","26.658.278/0001-44","MINERACAO J. L. BATISTA LTDA","SILVÂNIA - GO","AREIA, ARGILA","Cerâmica vermelha, Construção civil","Sim"
"Gerência Regional / GO","860551/2019","Requerimento de Mudança de Regime para Licenciamento","Licenciamento","37.024.031/0001-92","MENDES AREIA E CASCALHO LTDA","LUZIÂNIA - GO","CASCALHO","Construção civil","Sim"
"Gerência Regional / GO","861230/2011","Requerimento de Mudança de Regime para Licenciamento","Licenciamento","***.521.051-**","Faberte de Souza Lage","PIRACANJUBA - GO","AREIA","Construção civil","Sim"
"Gerência Regional / GO","861137/2004","Requerimento de Registro de Licença","Licenciamento","***.131.811-**","Junior Narciso de Moraes","MONTE ALEGRE DE GOIÁS - GO","AREIA, CASCALHO","Construção civil, Construção civil","Sim"
"Gerência Regional / GO","860749/2020","Requerimento de Registro de Licença","Licenciamento","***.494.301-**","NAZIRA BEZE DE SOUZA","ANÁPOLIS - GO","ARGILA","Cerâmica vermelha","Sim"
"Gerência Regional / GO","860681/2005","Requerimento de Registro de Licença","Licenciamento","37.039.799/0001-30","WANDA LUCIA LEITE","PIRENÓPOLIS - GO","QUARTZITO","Revestimento","Sim"
"Gerência Regional / GO","862111/2012","Requerimento de Registro de Licença","Licenciamento","***.000.631-**","Gilberto Cândido Freires ","CATALÃO - GO","CASCALHO, SAIBRO","Construção civil, Construção civil","Sim"
"Gerência Regional / GO","860575/2011","Requerimento de Registro de Licença","Licenciamento","01.975.055/0001-80","VIEIRA E FILHOS LTDA","NOVA CRIXÁS - GO","AREIA","Construção civil","Sim"
"Gerência Regional / GO","860243/2014","Requerimento de Registro de Licença","Licenciamento","01.801.265/0001-51","GERALDO ALA","CALDAS NOVAS - GO","ARGILA","Cerâmica vermelha","Sim"
"Gerência Regional / GO","861472/2009","Requerimento de Registro de Licença","Licenciamento","***.519.461-**","Mário da Cunha Outinho","LUZIÂNIA - GO","ARGILA, CASCALHO","Cerâmica vermelha, Construção civil","Sim"
"Gerência Regional / GO","861128/2005","Requerimento de Registro de Licença","Licenciamento","***.305.041-**","Valerio Alves Ribeiro","CRISTIANÓPOLIS - GO, PIRES DO RIO - GO","AREIA, CASCALHO","Construção civil, Construção civil","Sim"
"Gerência Regional / GO","861237/2013","Requerimento de Mudança de Regime para Licenciamento","Licenciamento","***.346.801-**","Sebastião Crispim de Deus","COCALZINHO DE GOIÁS - GO, PADRE BERNARDO - GO","AREIA","Construção civil","Sim"
"Gerência Regional / GO","860614/2016","Requerimento de Registro de Licença","Licenciamento","***.309.731-**","ABRAO RASSI NETO","ABADIA DE GOIÁS - GO","CASCALHO","Construção civil","Sim"
"Gerência Regional / GO","862179/2011","Requerimento de Registro de Licença","Licenciamento","***.403.671-**","Luis Carlos de Medeiros Filho","LUZIÂNIA - GO","ARGILA","Cerâmica vermelha","Sim"
"Gerência Regional / GO","861313/2011","Requerimento de Registro de Licença","Licenciamento","***.014.391-**","Eterno Vieira Pereira","IPAMERI - GO","ARGILA","Cerâmica vermelha","Sim"
"Gerência Regional / GO","861598/2013","Requerimento de Registro de Licença","Licenciamento","07.478.600/0001-09","CERAMIKALYS INDUSTRIA CERAMICA E COMERCIO LTDA","COCALZINHO DE GOIÁS - GO","AREIA, CASCALHO","Construção civil, Construção civil","Sim"
"Gerência Regional / GO","862107/2011","Requerimento de Registro de Licença","Licenciamento","02.195.907/0001-89","JOSÉ EUSTÁQUIO DE SOUSA","CATALÃO - GO, GOIANDIRA - GO","AREIA, CASCALHO","Construção civil, Construção civil","Sim"
"Gerência Regional / GO","861909/2005","Requerimento de Registro de Licença","Licenciamento","***.086.648-**","Djalma Nunes (espólio)","SÃO SIMÃO - GO","ARGILA","Cerâmica vermelha","Sim"
"Gerência Regional / GO","861337/2013","Requerimento de Registro de Licença","Licenciamento","***.925.661-**","Jose Dias","ARAGUAPAZ - GO","ARGILA","Cerâmica vermelha","Sim"
"Gerência Regional / GO","860063/2006","Requerimento de Registro de Licença","Licenciamento","***.726.781-**","NADYR GARCIA CUNHA ","CHAPADÃO DO CÉU - GO","CASCALHO","Construção civil","Sim"
"Gerência Regional / GO","861950/2008","Requerimento de Registro de Licença","Licenciamento","02.910.677/0001-92","Cerâmica Rezende Maia Ltda","MINEIROS - GO","ARGILA","Cerâmica vermelha","Sim"
"Gerência Regional / GO","860579/2003","Requerimento de Autorização de Pesquisa","Licenciamento","05.163.702/0001-00","MG MINERACAO GREEN GOLD EIRELI","CRISTALINA - GO","AREIA","Construção civil","Sim"
"Gerência Regional / GO","860506/2006","Requerimento de Registro de Licença","Licenciamento","***.273.431-**","Sandra Regina Campos Bernardino","CAMPESTRE DE GOIÁS - GO","ARGILA","Cerâmica vermelha","Sim"
"Gerência Regional / GO","860156/2014","Requerimento de Registro de Licença","Licenciamento","***.736.201-**","BALTAZAR JOSE GOMES","BRAZABRANTES - GO, INHUMAS - GO","ARGILA","Cerâmica vermelha","Sim"
"Gerência Regional / GO","863962/1996","Requerimento de Registro de Licença","Licenciamento","06.251.971/0001-90","MINERACAO MORRO ESCURO LTDA","ITAPACI - GO","CALCÁRIO DOLOMÍTICO","Demais substâncias","Sim"
"Gerência Regional / GO","861346/2006","Requerimento de Registro de Licença","Licenciamento","08.798.033/0001-30","PEDRAS URTIGAO INDUSTRIA E COMERCIO DE PRODUTOS MINERAIS LTDA","MINEIROS - GO","BASALTO","Brita","Sim"
"Gerência Regional / MT","866621/2004","Requerimento de Registro de Licença","Licenciamento","02.812.864/0001-33","OCLECIO R REZENDE","ALTO ARAGUAIA - MT","AREIA, CASCALHO","Construção civil, Construção civil","Sim"
"Gerência Regional / GO","860306/2017","Requerimento de Mudança de Regime para Licenciamento","Licenciamento","***.186.526-**","GERALDO ALOISIO DE MACEDO","GOIÁS - GO","CASCALHO","Construção civil","Sim"
"Gerência Regional / GO","860677/2017","Requerimento de Registro de Licença","Licenciamento","***.514.081-**","JAYME FERREIRA DE ARAUJO","GOIÂNIA - GO","CASCALHO","Construção civil","Sim"
"Gerência Regional / GO","860878/2022","Requerimento de Registro de Licença","Licenciamento","***.447.611-**","Nivaldo Jaime Peixoto","JARAGUÁ - GO","AREIA","Construção civil","Sim"
"Gerência Regional / GO","860634/2017","Requerimento de Registro de Licença","Licenciamento","05.680.495/0001-60","Igeologia Serviços de Mão de Obra e Representações Ltda.","CATALÃO - GO","CASCALHO","Construção civil","Sim"
"Gerência Regional / GO","860203/2011","Requerimento de Registro de Licença","Licenciamento","03.049.717/0001-16","CERAMICA SANTA BARBARA EIRELI","SANTA BÁRBARA DE GOIÁS - GO","ARGILA","Cerâmica vermelha","Sim"
"Gerência Regional / GO","860370/2015","Requerimento de Mudança de Regime para Licenciamento","Licenciamento","***.022.448-**","JAIR TAGLIARI","ARRAIAS - TO, MONTE ALEGRE DE GOIÁS - GO","AREIA, CASCALHO","Construção civil, Construção civil","Sim"
"Gerência Regional / GO","860707/2007","Requerimento de Registro de Licença","Licenciamento","***.493.501-**","Antonio Marcelino Campos","BARRO ALTO - GO","CASCALHO","Construção civil","Sim"
"Gerência Regional / GO","860262/2018","Requerimento de Registro de Licença","Licenciamento","***.936.131-**","MARCOS PAULO FERREIRA","NIQUELÂNDIA - GO","AREIA","Construção civil","Sim"
"Gerência Regional / GO","860520/2014","Requerimento de Mudança de Regime para Licenciamento","Licenciamento","07.638.538/0001-75","CALBRAX CALCARIO AGRICOLA LTDA","SÃO DOMINGOS - GO","CALCÁRIO CALCÍTICO","Fabricação de cal","Sim"
"Gerência Regional / GO","860208/2020","Requerimento de Mudança de Regime para Licenciamento","Licenciamento","07.638.538/0001-75","CALBRAX CALCARIO AGRICOLA LTDA","GUARANI DE GOIÁS - GO","CALCÁRIO CALCÍTICO, CALCÁRIO DOLOMÍTICO","Brita, Corretivo de solo","Sim"
"Gerência Regional / GO","860232/2018","Requerimento de Registro de Licença","Licenciamento","89.096.457/0001-55","SLC AGRICOLA S.A.","CRISTALINA - GO","CASCALHO","Construção civil","Sim"
"Gerência Regional / GO","861588/2008","Requerimento de Registro de Licença","Licenciamento","08.987.247/0001-55","PEDREIRA RIO VERDE FORTALEZA LTDA","RIO VERDE - GO","BASALTO","Brita","Sim"
"Gerência Regional / GO","861400/2010","Requerimento de Registro de Licença","Licenciamento","***.155.631-**","JOSE DE CAMPOS AMARAL","COCALZINHO DE GOIÁS - GO","AREIA","Construção civil","Sim"
"Gerência Regional / GO","860643/2018","Requerimento de Registro de Licença","Licenciamento","***.487.631-**","DUILIO XAVIER DE VELASCO NETO","PIRENÓPOLIS - GO","ARGILA","Cerâmica vermelha","Sim"
"Gerência Regional / GO","860417/2011","Requerimento de Registro de Licença","Licenciamento","***.753.541-**","DIVINO CELIO ALVES DE CARVALHO","ÁGUA LIMPA - GO, MORRINHOS - GO, RIO QUENTE - GO","AREIA, CASCALHO","Construção civil, Construção civil","Sim"
"Gerência Regional / GO","860128/2019","Requerimento de Registro de Licença","Licenciamento","***.167.961-**","Joserlley Carrijo Pereira","MINEIROS - GO","AREIA","Construção civil","Sim"
"Gerência Regional / GO","861255/2012","Requerimento de Registro de Licença","Licenciamento","***.594.011-**","ROMULO MARTINS GOMES","GUAPÓ - GO, PALMEIRAS DE GOIÁS - GO","AREIA","Construção civil","Sim"
"Gerência Regional / GO","860924/2011","Requerimento de Registro de Licença","Licenciamento","***.954.301-**","PAULO SERGIO MACHADO","SANTA CRUZ DE GOIÁS - GO","AREIA, CASCALHO","Construção civil, Construção civil","Sim"
"Gerência Regional / GO","860925/2013","Requerimento de Mudança de Regime para Licenciamento","Licenciamento","***.121.231-**","Nemuel Rodrigues Oliveira Vieira Silva","TURVÂNIA - GO","AREIA","Construção civil","Sim"
"Gerência Regional / GO","860911/2018","Requerimento de Registro de Licença","Licenciamento","***.248.371-**","Laudo Rosa de Paiva","RIO VERDE - GO","AREIA","Construção civil","Sim"
"Gerência Regional / GO","860306/2010","Requerimento de Registro de Licença","Licenciamento","***.961.701-**","Wálcio José da Rocha Lima","GOIÁS - GO","AREIA","Construção civil","Sim"
"Gerência Regional / GO","860219/2011","Requerimento de Registro de Licença","Licenciamento","03.463.245/0001-43","AP AREIAL LTDA","CEZARINA - GO, MAIRIPOTABA - GO","AREIA","Construção civil","Sim"
"Gerência Regional / GO","860008/2010","Requerimento de Registro de Licença","Licenciamento","***.239.901-**","HENRIQUE ALVARENGA CARDOSO","MONTE ALEGRE DE GOIÁS - GO","AREIA","Construção civil","Sim"
"Gerência Regional / GO","860144/2015","Requerimento de Registro de Licença","Licenciamento","07.457.073/0001-56","RD DE OLIVEIRA","ARAÇU - GO","AREIA, CASCALHO","Construção civil, Construção civil","Sim"
"Gerência Regional / GO","860838/2015","Requerimento de Mudança de Regime para Licenciamento","Licenciamento","03.049.717/0001-16","CERAMICA SANTA BARBARA EIRELI","SANTA BÁRBARA DE GOIÁS - GO","ARGILA","Cerâmica vermelha","Sim"
"Gerência Regional / GO","860095/2019","Requerimento de Registro de Licença","Licenciamento","***.139.741-**","Dirceu Souza de Queiroz","COCALZINHO DE GOIÁS - GO","AREIA","Construção civil","Sim"
"Gerência Regional / GO","861425/2014","Requerimento de Mudança de Regime para Licenciamento","Licenciamento","***.022.448-**","JAIR TAGLIARI","ARRAIAS - TO, MONTE ALEGRE DE GOIÁS - GO","AREIA, CASCALHO","Construção civil, Construção civil","Sim"
"Gerência Regional / GO","860610/2019","Requerimento de Registro de Licença","Licenciamento","***.588.881-**","RANDER MARQUES DE QUEIROZ","BURITI ALEGRE - GO","ARGILA","Cerâmica vermelha","Sim"
"Gerência Regional / GO","861624/2011","Requerimento de Registro de Licença","Licenciamento","***.493.501-**","Antonio Marcelino Campos","BARRO ALTO - GO","CASCALHO","Construção civil","Sim"
"Gerência Regional / GO","860935/2010","Requerimento de Registro de Licença","Licenciamento","***.325.331-**","JAIR JOSE FELIPE","BELA VISTA DE GOIÁS - GO, HIDROLÂNDIA - GO","AREIA","Construção civil","Sim"
"Gerência Regional / GO","861030/2007","Requerimento de Registro de Licença","Licenciamento","***.236.031-**","Diego Luiz Rodovalho","SANTA TEREZINHA DE GOIÁS - GO","ARGILA","Cerâmica vermelha","Sim"
"Gerência Regional / GO","860225/2017","Requerimento de Registro de Licença","Licenciamento","***.323.491-**","lecio de matos macedo","SÃO MIGUEL DO ARAGUAIA - GO","ARGILA, CASCALHO","Construção civil, Construção civil","Sim"
"Gerência Regional / GO","860998/2015","Requerimento de Registro de Licença","Licenciamento","08.512.608/0001-07","MINERACAO FELIX LTDA.","SILVÂNIA - GO","AREIA","Construção civil","Sim"
"Gerência Regional / GO","861293/2007","Requerimento de Registro de Licença","Licenciamento","***.025.136-**","ADIL RIBEIRO FIGUEIREDO","BELA VISTA DE GOIÁS - GO","CASCALHO","Construção civil","Sim"
"Gerência Regional / GO","861834/2013","Requerimento de Mudança de Regime para Licenciamento","Licenciamento","***.663.331-**","Carlucio Rodrigues Miranda","MAIRIPOTABA - GO, PIRACANJUBA - GO, PROFESSOR JAMIL - GO","AREIA","Construção civil","Sim"
"Gerência Regional / GO","860263/2018","Requerimento de Registro de Licença","Licenciamento","***.936.131-**","MARCOS PAULO FERREIRA","NIQUELÂNDIA - GO","AREIA","Construção civil","Sim"
"Gerência Regional / GO","860746/2012","Requerimento de Mudança de Regime para Licenciamento","Licenciamento","07.638.538/0001-75","CALBRAX CALCARIO AGRICOLA LTDA","SÃO DOMINGOS - GO","CALCÁRIO CALCÍTICO","Fabricação de cal","Sim"
"Gerência Regional / GO","861211/2015","Requerimento de Registro de Licença","Licenciamento","***.799.441-**","Waldison Serafim Pimenta","CORUMBÁ DE GOIÁS - GO","AREIA","Construção civil","Sim"
"Gerência Regional / GO","860978/2014","Requerimento de Registro de Licença","Licenciamento","***.747.101-**","volmir bampi","BELA VISTA DE GOIÁS - GO, CALDAZINHA - GO","AREIA","Construção civil","Sim"
"Gerência Regional / GO","860528/2015","Requerimento de Registro de Licença","Licenciamento","07.603.999/0001-02","Usina Boa Vista S)a","PARANAIGUARA - GO","CASCALHO","Construção civil","Sim"
"Gerência Regional / GO","861093/2014","Requerimento de Mudança de Regime para Licenciamento","Licenciamento","***.517.171-**","Eleuza Marisa de castro Araújo","FAZENDA NOVA - GO, ISRAELÂNDIA - GO","AREIA, CASCALHO","Construção civil, Construção civil","Sim"
"Gerência Regional / GO","860391/2017","Requerimento de Registro de Licença","Licenciamento","08.924.408/0001-61","José Alberto Vaz ","SILVÂNIA - GO","AREIA","Construção civil","Sim"
"Gerência Regional / GO","860620/2018","Requerimento de Registro de Licença","Licenciamento","***.749.841-**","Luis Carlos Erculino","BELA VISTA DE GOIÁS - GO","CASCALHO","Construção civil","Sim"
"Gerência Regional / GO","861197/2009","Requerimento de Registro de Licença","Licenciamento","***.252.501-**","Eutalia Santana","CIDADE OCIDENTAL - GO","ARGILA, CASCALHO","Cerâmica vermelha, Construção civil","Sim"
"Gerência Regional / GO","860896/2017","Requerimento de Registro de Licença","Licenciamento","***.361.281-**","EURIPEDES DARC GOMES VIEIRA","MINEIROS - GO, SANTA RITA DO ARAGUAIA - GO","AREIA","Construção civil","Sim"
"Gerência Regional / GO","861267/2008","Requerimento de Registro de Licença","Licenciamento","***.595.331-**","Leonardo de Barros Barreto","GOIÁS - GO","ARGILA","Cerâmica vermelha","Sim"
"Gerência Regional / GO","861307/2008","Requerimento de Registro de Licença","Licenciamento","***.581.561-**","PAULO SERGIO JUNQUEIRA","IPAMERI - GO","AREIA, CASCALHO","Construção civil, Construção civil","Sim"
"Gerência Regional / GO","861616/2008","Requerimento de Registro de Licença","Licenciamento","***.153.901-**","José Vieira dos Santos","UIRAPURU - GO","AREIA, CASCALHO","Construção civil, Construção civil","Sim"
"Gerência Regional / GO","860894/2014","Requerimento de Registro de Licença","Licenciamento","08.987.247/0001-55","PEDREIRA RIO VERDE FORTALEZA LTDA","RIO VERDE - GO","BASALTO","Brita","Sim"
"Gerência Regional / GO","861845/2008","Requerimento de Registro de Licença","Licenciamento","***.155.631-**","JOSE DE CAMPOS AMARAL","COCALZINHO DE GOIÁS - GO","AREIA","Construção civil","Sim"
"Gerência Regional / GO","860256/2016","Requerimento de Registro de Licença","Licenciamento","***.343.391-**","OTILIANO FERREIRA DOS SANTOS","GUARANI DE GOIÁS - GO","AREIA","Construção civil","Sim"
"Gerência Regional / GO","861612/2008","Requerimento de Registro de Licença","Licenciamento","***.364.411-**","SEBASTIAO MARCIO MARIANO SOUSA CALZADA","PROFESSOR JAMIL - GO","AREIA","Construção civil","Sim"
"Gerência Regional / GO","860657/2013","Requerimento de Registro de Licença","Licenciamento","05.020.824/0001-47","MINERAL-MINERACAO DE AREIA LTDA","SANTA RITA DO NOVO DESTINO - GO","AREIA","Construção civil","Sim"
"Gerência Regional / GO","861602/2012","Requerimento de Mudança de Regime para Licenciamento","Licenciamento","***.674.701-**","Marcelo Alves Ferreira","NAZÁRIO - GO","AREIA","Construção civil","Sim"
"Gerência Regional / GO","860117/2018","Requerimento de Mudança de Regime para Licenciamento","Licenciamento","10.416.169/0001-80","MINERACAO RIO CLARO LTDA","IPORÁ - GO, IVOLÂNDIA - GO","AREIA","Construção civil","Sim"
"Gerência Regional / GO","861191/2011","Requerimento de Registro de Licença","Licenciamento","***.907.231-**","Edieliton Gonzaga de Oliveira","PIRACANJUBA - GO","AREIA","Construção civil","Sim"
"Gerência Regional / GO","860105/2018","Requerimento de Mudança de Regime para Licenciamento","Licenciamento","***.107.611-**","MANOEL DOMINGOS FERREIRA DE SANTANA","MINAÇU - GO","AREIA","Construção civil","Sim"
"Gerência Regional / GO","861543/2013","Requerimento de Mudança de Regime para Licenciamento","Licenciamento","***.107.611-**","MANOEL DOMINGOS FERREIRA DE SANTANA","MINAÇU - GO","AREIA","Construção civil","Sim"
"Gerência Regional / GO","860725/2016","Requerimento de Registro de Licença","Licenciamento","***.200.468-**","SERGIO SERAFIM FALCAO","LUZIÂNIA - GO","AREIA","Construção civil","Sim"
"Gerência Regional / GO","860342/2010","Requerimento de Registro de Licença","Licenciamento","10.641.398/0001-07","Terraplenagem Canada Ltda","NIQUELÂNDIA - GO","AREIA","Construção civil","Sim"
"Gerência Regional / GO","860341/2010","Requerimento de Registro de Licença","Licenciamento","10.641.398/0001-07","Terraplenagem Canada Ltda","NIQUELÂNDIA - GO","AREIA","Construção civil","Sim"
"Gerência Regional / GO","861102/2010","Requerimento de Registro de Licença","Licenciamento","10.641.398/0001-07","Terraplenagem Canada Ltda","NIQUELÂNDIA - GO","AREIA, CASCALHO","Construção civil, Construção civil","Sim"
"Gerência Regional / GO","861101/2010","Requerimento de Registro de Licença","Licenciamento","10.641.398/0001-07","Terraplenagem Canada Ltda","NIQUELÂNDIA - GO","AREIA, CASCALHO","Construção civil, Construção civil","Sim"
"Gerência Regional / GO","860166/2010","Requerimento de Registro de Licença","Licenciamento","***.663.601-**","Thiago Terra de Souza","CATALÃO - GO, GOIANDIRA - GO","AREIA, CASCALHO","Construção civil, Construção civil","Sim"
"Gerência Regional / GO","860533/2016","Requerimento de Registro de Licença","Licenciamento","***.557.091-**","LUZIA PIRES DE ALMEIDA","ITAPURANGA - GO","AREIA, CASCALHO","Construção civil, Construção civil","Sim"
"Gerência Regional / GO","860412/2011","Requerimento de Registro de Licença","Licenciamento","***.702.911-**","Marcia Maria Machado","FORMOSA - GO","ARGILA, CASCALHO","Cerâmica vermelha, Construção civil","Sim"
"Gerência Regional / GO","860178/2018","Requerimento de Registro de Licença","Licenciamento","***.475.291-**","MARIA RODRIGUES DE ARAUJO","SÃO DOMINGOS - GO","CASCALHO","Construção civil","Sim"
"Gerência Regional / GO","861565/2014","Requerimento de Mudança de Regime para Licenciamento","Licenciamento","***.919.911-**","Gilberto Braz dos Santos ","PIRENÓPOLIS - GO, SÃO FRANCISCO DE GOIÁS - GO","AREIA, CASCALHO","Construção civil, Construção civil","Sim"
"Gerência Regional / GO","860366/2016","Requerimento de Registro de Licença","Licenciamento","***.470.831-**","Eudivalter Alves de Morais","CROMÍNIA - GO, PROFESSOR JAMIL - GO","AREIA","Construção civil","Sim"
"Gerência Regional / GO","862521/2011","Requerimento de Mudança de Regime para Licenciamento","Licenciamento","***.470.831-**","Eudivalter Alves de Morais","PROFESSOR JAMIL - GO","AREIA, CASCALHO","Construção civil, Construção civil","Sim"
"Gerência Regional / GO","862122/2008","Requerimento de Registro de Licença","Licenciamento","***.261.301-**","MEIKO DA SILVA ARAHI ISSA","CORUMBÁ DE GOIÁS - GO","AREIA, QUARTZITO","Construção civil, Pedra de talhe","Sim"
"Gerência Regional / GO","860585/2015","Requerimento de Registro de Licença","Licenciamento","***.346.806-**","JOAO EVANGELISTA FILHO","FORMOSA - GO","AREIA","Construção civil","Sim"
"Gerência Regional / GO","861354/2016","Requerimento de Registro de Licença","Licenciamento","01.360.990/0001-31","SALB EMPREENDIMENTOS EIRELI","SILVÂNIA - GO","AREIA, CASCALHO","Construção civil, Construção civil","Sim"
"Gerência Regional / GO","860658/2013","Requerimento de Registro de Licença","Licenciamento","05.020.824/0001-47","MINERAL-MINERACAO DE AREIA LTDA","SANTA RITA DO NOVO DESTINO - GO","AREIA","Construção civil","Sim"
"Gerência Regional / GO","861293/2014","Requerimento de Registro de Licença","Licenciamento","***.674.701-**","Marcelo Alves Ferreira","ANICUNS - GO","AREIA","Construção civil","Sim"
"Gerência Regional / GO","860189/2013","Requerimento de Registro de Licença","Licenciamento","***.554.761-**","LUIZ ANTONIO ALVES","CEZARINA - GO, MAIRIPOTABA - GO","AREIA","Construção civil","Sim"
"Gerência Regional / GO","860198/2016","Requerimento de Registro de Licença","Licenciamento","10.416.169/0001-80","MINERACAO RIO CLARO LTDA","IPORÁ - GO, IVOLÂNDIA - GO","AREIA, CASCALHO","Construção civil, Construção civil","Sim"
"Gerência Regional / GO","860516/2022","Requerimento de Registro de Licença","Licenciamento","***.742.181-**","MARIA BATISTA PINTO","ABADIA DE GOIÁS - GO","CASCALHO","Construção civil","Sim"
"Gerência Regional / GO","860752/2017","Requerimento de Registro de Licença","Licenciamento","***.318.421-**","Ronaldo Gonçalves Peixoto Sobrinho","CRIXÁS - GO, GUARINOS - GO","AREIA, CASCALHO","Construção civil, Construção civil","Sim"
"Gerência Regional / GO","862867/2008","Requerimento de Registro de Licença","Licenciamento","***.870.791-**","JOSE MAURICIO PEREIRA BORGES","NOVA ROMA - GO","AREIA","Construção civil","Sim"
"Gerência Regional / GO","862542/2011","Requerimento de Registro de Licença","Licenciamento","***.254.171-**","ANTÔNIO DAS DORES SANTANA","VARJÃO - GO","AREIA","Construção civil","Sim"
"Gerência Regional / GO","860489/2016","Requerimento de Registro de Licença","Licenciamento","89.844.294/0001-41","Reichert Agropecuária Ltda","CHAPADÃO DO CÉU - GO","CASCALHO","Construção civil","Sim"
"Gerência Regional / GO","860721/2011","Requerimento de Registro de Licença","Licenciamento","***.697.631-**","Luiz Dalmo Vieira","ALOÂNDIA - GO","AREIA","Construção civil","Sim"
"Gerência Regional / GO","861308/2009","Requerimento de Registro de Licença","Licenciamento","***.646.421-**","João Vieira de Souza","LUZIÂNIA - GO","AREIA","Construção civil","Sim"
"Gerência Regional / GO","861589/2012","Requerimento de Registro de Licença","Licenciamento","***.907.231-**","Edieliton Gonzaga de Oliveira","SANTA CRUZ DE GOIÁS - GO","AREIA","Construção civil","Sim"
"Gerência Regional / GO","860616/2010","Requerimento de Mudança de Regime para Licenciamento","Licenciamento","***.107.611-**","MANOEL DOMINGOS FERREIRA DE SANTANA","MINAÇU - GO","AREIA","Construção civil","Sim"
"Gerência Regional / GO","860750/2020","Requerimento de Registro de Licença","Licenciamento","***.820.011-**","MAURO DA SILVEIRA GOMES","RIO VERDE - GO","CASCALHO","Construção civil","Sim"
"Gerência Regional / GO","860069/2014","Requerimento de Registro de Licença","Licenciamento","***.731.581-**","RONES RIBEIRO DA SILVA","CARMO DO RIO VERDE - GO","AREIA, CASCALHO","Construção civil, Construção civil","Sim"
"Gerência Regional / GO","861320/2009","Requerimento de Registro de Licença","Licenciamento","***.161.871-**","PAULO CESAR GARCIA DE MATOS","ANICUNS - GO","AREIA","Construção civil","Sim"
"Gerência Regional / GO","860775/2013","Requerimento de Mudança de Regime para Licenciamento","Licenciamento","***.392.601-**","MARIA SILVA GUIMARAES DE PAIVA","PIRACANJUBA - GO","AREIA","Construção civil","Sim"
"Gerência Regional / GO","860672/2009","Requerimento de Mudança de Regime para Licenciamento","Licenciamento","***.324.881-**","CLEMON JOSE BUENO","SILVÂNIA - GO","AREIA","Construção civil","Sim"
"Gerência Regional / GO","860696/2009","Requerimento de Registro de Licença","Licenciamento","***.162.971-**","Joseane Ramos de Barcelos Almeida","RIO VERDE - GO","AREIA","Construção civil","Sim"
"Gerência Regional / GO","860258/2017","Requerimento de Registro de Licença","Licenciamento","***.207.691-**","JOSE WILSON DA SILVA","ITAPURANGA - GO","AREIA, CASCALHO","Construção civil, Construção civil","Sim"
"Gerência Regional / GO","861789/2012","Requerimento de Mudança de Regime para Licenciamento","Licenciamento","***.607.591-**","Vicente Pereira Da Costa","NOVA IGUAÇU DE GOIÁS - GO","AREIA","Construção civil","Sim"
"Gerência Regional / GO","861091/2012","Requerimento de Registro de Licença","Licenciamento","***.345.461-**","MICHELMI GONCALVES ROSA","URUAÇU - GO","AREIA, CASCALHO","Construção civil, Construção civil","Sim"
"Gerência Regional / GO","861647/2009","Requerimento de Mudança de Regime para Licenciamento","Licenciamento","***.470.871-**","José Gonçalves da Silva","BELA VISTA DE GOIÁS - GO, HIDROLÂNDIA - GO","AREIA","Construção civil","Sim"
"Gerência Regional / GO","860957/2009","Requerimento de Registro de Licença","Licenciamento","***.809.401-**","Euclides Barboza de Oliveira","TROMBAS - GO","ARGILA","Cerâmica vermelha","Sim"
"Gerência Regional / GO","861133/2009","Requerimento de Registro de Licença","Licenciamento","***.690.671-**","Valdimiro Moreira dos Santos","PIRENÓPOLIS - GO","AREIA, CASCALHO","Construção civil, Construção civil","Sim"
"Gerência Regional / GO","860029/2015","Requerimento de Registro de Licença","Licenciamento","***.016.341-**","Arlindo Pereira Rosa","TROMBAS - GO","ARGILA","Cerâmica vermelha","Sim"
"Gerência Regional / GO","860562/2023","Requerimento de Registro de Licença","Licenciamento","***.870.301-**","Marcos Antônio Meireles","LUZIÂNIA - GO","AREIA","Construção civil","Sim"
"Gerência Regional / GO","860727/2016","Requerimento de Registro de Licença","Licenciamento","***.200.468-**","SERGIO SERAFIM FALCAO","LUZIÂNIA - GO","AREIA","Construção civil","Sim"
"Gerência Regional / GO","861670/2012","Requerimento de Mudança de Regime para Licenciamento","Licenciamento","***.712.771-**","Jorge Luiz Ramos Caiado","AVELINÓPOLIS - GO, CATURAÍ - GO","AREIA","Construção civil","Sim"
"Gerência Regional / GO","861100/2010","Requerimento de Registro de Licença","Licenciamento","10.641.398/0001-07","Terraplenagem Canada Ltda","NIQUELÂNDIA - GO","AREIA, CASCALHO","Construção civil, Construção civil","Sim"
"Gerência Regional / GO","860331/2011","Requerimento de Registro de Licença","Licenciamento","***.663.601-**","Thiago Terra de Souza","CATALÃO - GO","CASCALHO","Construção civil","Sim"
"Gerência Regional / GO","861149/2012","Requerimento de Registro de Licença","Licenciamento","***.176.921-**","Braulio Martins da Silva","SANTA CRUZ DE GOIÁS - GO","AREIA, CASCALHO","Construção civil, Construção civil","Sim"
"Gerência Regional / GO","860255/2015","Requerimento de Mudança de Regime para Licenciamento","Licenciamento","***.564.091-**","JOSEMAR BARBOSA DE SOUZA","MINAÇU - GO","AREIA","Construção civil","Sim"
"Gerência Regional / GO","860463/2020","Requerimento de Registro de Licença","Licenciamento","***.020.981-**","ADBERTO BATISTA DE QUEIROZ","PROFESSOR JAMIL - GO","AREIA","Construção civil","Sim"
"Gerência Regional / GO","860768/2018","Requerimento de Registro de Licença","Licenciamento","***.865.201-**","AGNALDO LOPES","NAZÁRIO - GO","AREIA","Construção civil","Sim"
"Gerência Regional / GO","861155/2009","Requerimento de Registro de Licença","Licenciamento","03.043.518/0001-09","Wt Gonçalves & Santos Ltda Me","CALDAS NOVAS - GO","CASCALHO","Construção civil","Sim"
"Gerência Regional / GO","861463/2013","Requerimento de Registro de Licença","Licenciamento","***.557.091-**","LUZIA PIRES DE ALMEIDA","ITAPURANGA - GO","AREIA, CASCALHO","Construção civil, Construção civil","Sim"
"Gerência Regional / GO","861449/2016","Requerimento de Registro de Licença","Licenciamento","***.112.708-**","GLAUCIA SIMAO EIMORI","ARRAIAS - TO, MONTE ALEGRE DE GOIÁS - GO","AREIA","Construção civil","Sim"
"Gerência Regional / GO","860599/2012","Requerimento de Registro de Licença","Licenciamento","***.342.311-**","Alberto Jose Fernandes","FORMOSO - GO","AREIA, CASCALHO","Construção civil, Construção civil","Sim"
"Gerência Regional / GO","861373/2009","Requerimento de Registro de Licença","Licenciamento","***.480.471-**","Jose Gonçalves Soares Sobrinho","CIDADE OCIDENTAL - GO","CASCALHO","Construção civil","Sim"
"Gerência Regional / GO","860016/2010","Requerimento de Registro de Licença","Licenciamento","***.337.561-**","BENIGNA M MACHADO ","FORMOSA - GO","ARGILA, CASCALHO","Cerâmica vermelha, Construção civil","Sim"
"Gerência Regional / GO","860688/2017","Requerimento de Registro de Licença","Licenciamento","00.796.532/0001-87","Negreiros Incorporação Ltda","NOVO GAMA - GO","CASCALHO","Construção civil","Sim"
"Gerência Regional / GO","860239/2010","Requerimento de Registro de Licença","Licenciamento","***.702.911-**","Marcia Maria Machado","FORMOSA - GO","ARGILA, CASCALHO","Cerâmica vermelha, Construção civil","Sim"
"Gerência Regional / GO","861302/2014","Requerimento de Registro de Licença","Licenciamento","***.580.091-**","ANTONIO RODRIGUES DA SILVA","SANCLERLÂNDIA - GO, SÃO LUÍS DE MONTES BELOS - GO","AREIA, CASCALHO","Construção civil, Construção civil","Sim"
"Gerência Regional / GO","860406/2022","Requerimento de Registro de Licença","Licenciamento","***.475.291-**","MARIA RODRIGUES DE ARAUJO","SÃO DOMINGOS - GO","CASCALHO","Construção civil","Sim"
"Gerência Regional / GO","861645/2009","Requerimento de Registro de Licença","Licenciamento","***.365.521-**","Vilmar Correia Soares","TROMBAS - GO","AREIA, CASCALHO","Construção civil, Construção civil","Sim"
"Gerência Regional / GO","860673/2013","Requerimento de Registro de Licença","Licenciamento","***.336.611-**","MARLON BATISTA RIBEIRO","SÃO LUÍS DE MONTES BELOS - GO","AREIA, CASCALHO","Construção civil, Construção civil","Sim"
"Gerência Regional / GO","862901/2011","Requerimento de Registro de Licença","Licenciamento","***.859.681-**","Bosco Martins da Silva","QUIRINÓPOLIS - GO","BASALTO","Pedra de talhe","Sim"
"Gerência Regional / GO","861824/2012","Requerimento de Registro de Licença","Licenciamento","***.955.111-**","RONIER ETERNO DA SILVA","CÓRREGO DO OURO - GO, SANCLERLÂNDIA - GO","AREIA, CASCALHO","Construção civil, Construção civil","Sim"
"Gerência Regional / GO","860417/2021","Requerimento de Registro de Licença","Licenciamento","***.195.161-**","SIDCLEY OLIVEIRA DE MELO","ALEXÂNIA - GO","CASCALHO","Construção civil","Sim"
"Gerência Regional / GO","860430/2019","Requerimento de Mudança de Regime para Licenciamento","Licenciamento","***.922.791-**","GILSON DIAS DE ARAUJO","ANÁPOLIS - GO","CASCALHO","Brita","Sim"
"Gerência Regional / GO","860072/2010","Requerimento de Registro de Licença","Licenciamento","***.524.041-**","Aier Camelo Ferreira","GOIÁS - GO","AREIA","Construção civil","Sim"
"Gerência Regional / GO","861703/2009","Requerimento de Registro de Licença","Licenciamento","***.919.911-**","Gilberto Braz dos Santos ","PIRENÓPOLIS - GO, SÃO FRANCISCO DE GOIÁS - GO","AREIA, CASCALHO","Construção civil, Construção civil","Sim"
"Gerência Regional / GO","861513/2015","Requerimento de Registro de Licença","Licenciamento","***.470.831-**","Eudivalter Alves de Morais","PROFESSOR JAMIL - GO","AREIA, CASCALHO","Construção civil, Construção civil","Sim"
"Gerência Regional / GO","860580/2013","Requerimento de Mudança de Regime para Licenciamento","Licenciamento","09.646.525/0001-73","Jm Mineração e Transporte Ltda","ITAPIRAPUÃ - GO, MATRINCHÃ - GO","AREIA","Construção civil","Sim"
"Gerência Regional / GO","860171/2013","Requerimento de Mudança de Regime para Licenciamento","Licenciamento","09.646.525/0001-73","Jm Mineração e Transporte Ltda","JAUPACI - GO","AREIA","Construção civil","Sim"
"Gerência Regional / GO","861670/2009","Requerimento de Registro de Licença","Licenciamento","09.646.525/0001-73","Jm Mineração e Transporte Ltda","ITAPIRAPUÃ - GO, MATRINCHÃ - GO","AREIA","Construção civil","Sim"
"Gerência Regional / GO","861647/2011","Requerimento de Registro de Licença","Licenciamento","09.646.525/0001-73","Jm Mineração e Transporte Ltda","IVOLÂNDIA - GO, PALESTINA DE GOIÁS - GO","AREIA","Construção civil","Sim"
"Gerência Regional / GO","860767/2015","Requerimento de Registro de Licença","Licenciamento","09.646.525/0001-73","Jm Mineração e Transporte Ltda","FAZENDA NOVA - GO, JAUPACI - GO","AREIA, CASCALHO","Construção civil, Construção civil","Sim"
"Gerência Regional / GO","860549/2018","Requerimento de Registro de Licença","Licenciamento","***.736.201-**","GILBERTO BARBOSA AVELAR","PIRACANJUBA - GO","AREIA","Construção civil","Sim"
"Gerência Regional / GO","860099/2011","Requerimento de Registro de Licença","Licenciamento","***.764.191-**","marcelo biagini almeida filho","MUNDO NOVO - GO","AREIA","Construção civil","Sim"
"Gerência Regional / GO","860222/2011","Requerimento de Registro de Licença","Licenciamento","***.803.701-**","Vera Lúcia Inácia da Cruz","PIRES DO RIO - GO","AREIA","Construção civil","Sim"
"Gerência Regional / GO","860221/2011","Requerimento de Registro de Licença","Licenciamento","***.803.701-**","Vera Lúcia Inácia da Cruz","PIRES DO RIO - GO","AREIA","Construção civil","Sim"
"Gerência Regional / GO","861108/2014","Requerimento de Registro de Licença","Licenciamento","***.040.781-**","JULIO CESAR RESENDE","VIANÓPOLIS - GO","CASCALHO","Construção civil","Sim"
"Gerência Regional / GO","860276/2019","Requerimento de Registro de Licença","Licenciamento","***.908.809-**","MAURICIO DE LARA PODOLAN","MAMBAÍ - GO","CASCALHO","Construção civil","Sim"
"Gerência Regional / GO","861656/2013","Requerimento de Registro de Licença","Licenciamento","***.985.951-**","BELCHIOR DE SOUZA","ISRAELÂNDIA - GO","AREIA","Construção civil","Sim"
"Gerência Regional / GO","860306/2011","Requerimento de Registro de Licença","Licenciamento","12.746.922/0001-21","DIPRATA EMPREENDIMENTOS LTDA","FORMOSA - GO","ARGILA, CASCALHO","Cerâmica vermelha, Construção civil","Sim"
"Gerência Regional / GO","861806/2012","Requerimento de Mudança de Regime para Licenciamento","Licenciamento","11.338.568/0001-33","AREIA GOIAS MINERACAO LTDA","SENADOR CANEDO - GO","QUARTZITO, QUARTZITO","Brita, Industrial","Sim"
"Gerência Regional / GO","862092/2013","Requerimento de Registro de Licença","Licenciamento","***.655.651-**","Waldevan Alves de Oliveira","CIDADE OCIDENTAL - GO","CASCALHO","Construção civil","Sim"
"Gerência Regional / GO","860813/2010","Requerimento de Registro de Licença","Licenciamento","***.040.301-**","Aparecida de Resende","MINEIROS - GO","CASCALHO","Construção civil","Sim"
"Gerência Regional / GO","862070/2012","Requerimento de Registro de Licença","Licenciamento","***.015.411-**","HELTON AMARAL PESSOA","ITAPURANGA - GO","AREIA, CASCALHO","Construção civil, Construção civil","Sim"
"Gerência Regional / GO","860601/2009","Requerimento de Mudança de Regime para Licenciamento","Licenciamento","09.646.525/0001-73","Jm Mineração e Transporte Ltda","ISRAELÂNDIA - GO","AREIA","Construção civil","Sim"
"Gerência Regional / GO","860171/2016","Requerimento de Registro de Licença","Licenciamento","***.542.201-**","ERNANE ASSUNCAO FERNANDES","BELA VISTA DE GOIÁS - GO","CASCALHO","Construção civil","Sim"
"Gerência Regional / GO","861777/2010","Requerimento de Registro de Licença","Licenciamento","***.643.381-**","WOLNEY LUIS GONALVES","SÃO LUÍS DE MONTES BELOS - GO","AREIA","Construção civil","Sim"
"Gerência Regional / GO","860594/2018","Requerimento de Mudança de Regime para Licenciamento","Licenciamento","09.128.352/0001-00","RIO DOCE AREIA E MINERACAO LTDA","RIO VERDE - GO","AREIA","Construção civil","Sim"
"Gerência Regional / GO","860789/2010","Requerimento de Registro de Licença","Licenciamento","11.042.624/0001-98","Alaor Ferreira da Cruz Areia Me","ITAPIRAPUÃ - GO","AREIA","Construção civil","Sim"
"Gerência Regional / GO","861795/2012","Requerimento de Registro de Licença","Licenciamento","***.169.611-**","GIRLENE LEITE ORTIZ DE CAMARGO","FAINA - GO, GOIÁS - GO","AREIA, CASCALHO","Construção civil, Construção civil","Sim"
"Gerência Regional / GO","861262/2013","Requerimento de Mudança de Regime para Licenciamento","Licenciamento","***.705.751-**","ronaldo goncalves","CROMÍNIA - GO, MAIRIPOTABA - GO, PROFESSOR JAMIL - GO","AREIA","Construção civil","Sim"
"Gerência Regional / GO","860568/2010","Requerimento de Registro de Licença","Licenciamento","***.563.321-**","Delis Silvano Moreira","CATALÃO - GO","CASCALHO, SAIBRO","Construção civil, Construção civil","Sim"
"Gerência Regional / GO","860602/2017","Requerimento de Mudança de Regime para Licenciamento","Licenciamento","09.479.746/0001-02","PEDREIRA JARAGUA LTDA","JARAGUÁ - GO","SIENITO","Brita","Sim"
"Gerência Regional / GO","861433/2009","Requerimento de Registro de Licença","Licenciamento","11.825.327/0001-19","Matos & Santos Ltda Me","CARMO DO RIO VERDE - GO, RIALMA - GO","AREIA, CASCALHO","Construção civil, Construção civil","Sim"
"Gerência Regional / GO","860657/2010","Requerimento de Registro de Licença","Licenciamento","***.944.751-**","JOAO RODRIGUES DA SIVA","SÃO LUÍS DE MONTES BELOS - GO","AREIA","Construção civil","Sim"
"Gerência Regional / GO","860884/2012","Requerimento de Mudança de Regime para Licenciamento","Licenciamento","***.945.941-**","MIGUEL COSTA DE SANTANA","GOIÁS - GO","AREIA","Construção civil","Sim"
"Gerência Regional / GO","860730/2009","Requerimento de Mudança de Regime para Licenciamento","Licenciamento","11.954.210/0001-35","PEDREIRA CAMPO LIMPO LTDA","CAMPO LIMPO DE GOIÁS - GO","GRANITO","Brita","Sim"
"Gerência Regional / GO","860712/2010","Requerimento de Registro de Licença","Licenciamento","***.231.561-**","Iran Carvalho dos Santos","MINAÇU - GO","AREIA","Construção civil","Sim"
"Gerência Regional / GO","860054/2020","Requerimento de Registro de Licença","Licenciamento","***.140.836-**","Wanderlei Inácio","IPAMERI - GO","CASCALHO","Construção civil","Sim"
"Gerência Regional / GO","860378/2023","Requerimento de Registro de Licença","Licenciamento","***.408.591-**","DIVINO VALERIANO DA SILVA","GUAPÓ - GO","ARGILA, ARGILA, CASCALHO","Cerâmica vermelha, Construção civil, Construção civil","Sim"
"Gerência Regional / GO","860671/2009","Requerimento de Registro de Licença","Licenciamento","09.157.155/0001-00","Fabio Luiz Borges Cruvinel Me","PIRACANJUBA - GO","AREIA, CASCALHO","Construção civil, Construção civil","Sim"
"Gerência Regional / GO","860901/2010","Requerimento de Registro de Licença","Licenciamento","***.297.631-**","LUIZ RIBEIRO DOS SANTOS JUNIOR","ALEXÂNIA - GO","ARGILA","Cerâmica vermelha","Sim"
"Gerência Regional / GO","861380/2011","Requerimento de Registro de Licença","Licenciamento","***.736.201-**","GILBERTO BARBOSA AVELAR","PIRACANJUBA - GO","AREIA, CASCALHO","Construção civil, Construção civil","Sim"
"Gerência Regional / GO","861415/2011","Requerimento de Registro de Licença","Licenciamento","***.584.661-**","FERNANDO LOPES PEREIRA","PONTALINA - GO","AREIA","Construção civil","Sim"
"Gerência Regional / GO","861150/2016","Requerimento de Registro de Licença","Licenciamento","***.240.151-**","José do Nascimento Januario","GOUVELÂNDIA - GO","ARGILA","Cerâmica vermelha","Sim"
"Gerência Regional / GO","861084/2010","Requerimento de Registro de Licença","Licenciamento","***.835.701-**","Rogério Borges Ferreira","PIRACANJUBA - GO","AREIA, CASCALHO","Construção civil, Construção civil","Sim"
"Gerência Regional / GO","861076/2010","Requerimento de Registro de Licença","Licenciamento","***.774.271-**","Denise Cristina Fernandes Militao","ALEXÂNIA - GO","AREIA","Construção civil","Sim"
"Gerência Regional / GO","861127/2010","Requerimento de Registro de Licença","Licenciamento","***.863.841-**","Joaquim Pereira da silva","NIQUELÂNDIA - GO","CASCALHO","Construção civil","Sim"
"Gerência Regional / GO","860826/2014","Requerimento de Mudança de Regime para Licenciamento","Licenciamento","***.376.891-**","JOSE PEREIRA DA SILVA","FAZENDA NOVA - GO, JAUPACI - GO","AREIA","Construção civil","Sim"
"Gerência Regional / GO","861265/2010","Requerimento de Registro de Licença","Licenciamento","***.974.431-**","Sandra Faria de Araújo","AMARALINA - GO","AREIA, CASCALHO","Construção civil, Construção civil","Sim"
"Gerência Regional / GO","860808/2008","Requerimento de Registro de Licença","Licenciamento","***.182.721-**","EMIVAL FERREIRA FREITAS","CAVALCANTE - GO","AREIA","Construção civil","Sim"
"Gerência Regional / GO","861404/2010","Requerimento de Registro de Licença","Licenciamento","***.330.391-**","Jose Ferro de Moraes","PARAÚNA - GO","CASCALHO","Construção civil","Sim"
"Gerência Regional / GO","861605/2010","Requerimento de Registro de Licença","Licenciamento","***.369.071-**","CARLINHOS JOSE DA MATA","SANCLERLÂNDIA - GO, SÃO LUÍS DE MONTES BELOS - GO","AREIA","Construção civil","Sim"
"Gerência Regional / GO","860100/2011","Requerimento de Registro de Licença","Licenciamento","***.764.191-**","marcelo biagini almeida filho","MUNDO NOVO - GO","AREIA","Construção civil","Sim"
"Gerência Regional / GO","860223/2011","Requerimento de Registro de Licença","Licenciamento","***.803.701-**","Vera Lúcia Inácia da Cruz","SANTA CRUZ DE GOIÁS - GO","AREIA","Construção civil","Sim"
"Gerência Regional / GO","861205/2009","Requerimento de Mudança de Regime para Licenciamento","Licenciamento","12.401.884/0001-75","AREEIRA CRISTAL LTDA","ISRAELÂNDIA - GO, JAUPACI - GO","AREIA, CASCALHO","Construção civil, Construção civil","Sim"
"Gerência Regional / GO","861133/2012","Requerimento de Registro de Licença","Licenciamento","***.125.701-**","Laércio Alves Carrijo","SANTO ANTÔNIO DO DESCOBERTO - GO","CASCALHO","Construção civil","Sim"
"Gerência Regional / GO","860399/2012","Requerimento de Mudança de Regime para Licenciamento","Licenciamento","***.879.441-**","Joana Amelia de Andrade","ISRAELÂNDIA - GO","AREIA","Construção civil","Sim"
"Gerência Regional / GO","861649/2021","Requerimento de Mudança de Regime para Licenciamento","Licenciamento","***.040.781-**","JULIO CESAR RESENDE","VIANÓPOLIS - GO","CASCALHO","Construção civil","Sim"
"Gerência Regional / GO","861387/2012","Requerimento de Registro de Licença","Licenciamento","09.634.119/0001-90","Tijoleira Cedro Ltda","ADELÂNDIA - GO, ANICUNS - GO","ARGILA","Cerâmica vermelha","Sim"
"Gerência Regional / GO","861459/2016","Requerimento de Registro de Licença","Licenciamento","01.734.214/0001-54","LOCTEC ENGENHARIA LTDA - EM RECUPERACAO JUDICIAL","DIVINÓPOLIS DE GOIÁS - GO","CASCALHO","Construção civil","Sim"
"Gerência Regional / GO","860373/2011","Requerimento de Registro de Licença","Licenciamento","05.750.126/0001-05","Mayson Yran Assis","SILVÂNIA - GO","AREIA, ARGILA, CASCALHO","Cerâmica vermelha, Construção civil, Construção civil","Sim"
"Gerência Regional / GO","861186/2016","Requerimento de Registro de Licença","Licenciamento","10.566.072/0001-54","Martins Distribuidora de Tijolos Ltda Me","ÁGUA LIMPA - GO","ARGILA","Cerâmica vermelha","Sim"
"Gerência Regional / GO","860311/2019","Requerimento de Mudança de Regime para Licenciamento","Licenciamento","***.908.809-**","MAURICIO DE LARA PODOLAN","MAMBAÍ - GO","CASCALHO","Construção civil","Sim"
"Gerência Regional / GO","860361/2011","Requerimento de Registro de Licença","Licenciamento","***.560.306-**","jose eduardo ferreira junior","CABECEIRAS - GO","ARGILA","Cerâmica vermelha","Sim"
"Gerência Regional / GO","861857/2010","Requerimento de Registro de Licença","Licenciamento","12.993.197/0001-96","Areia Branca Mineradora Ltda","LUZIÂNIA - GO","AREIA","Construção civil","Sim"
"Gerência Regional / GO","860232/2011","Requerimento de Registro de Licença","Licenciamento","***.113.391-**","julia maria costa","VILA PROPÍCIO - GO","AREIA, CASCALHO","Construção civil, Construção civil","Sim"
"Gerência Regional / GO","861468/2014","Requerimento de Registro de Licença","Licenciamento","***.985.951-**","BELCHIOR DE SOUZA","GOIÁS - GO","AREIA","Construção civil","Sim"
"Gerência Regional / GO","860850/2017","Requerimento de Registro de Licença","Licenciamento","***.305.231-**","GERSOEL GOMES FERREIRA","ITAPURANGA - GO","CASCALHO","Construção civil","Sim"
"Gerência Regional / GO","861256/2014","Requerimento de Registro de Licença","Licenciamento","12.746.922/0001-21","DIPRATA EMPREENDIMENTOS LTDA","FORMOSA - GO","CASCALHO","Construção civil","Sim"
"Gerência Regional / GO","861370/2011","Requerimento de Registro de Licença","Licenciamento","***.414.731-**","Genildo Aprigio Rodrigues","PIRENÓPOLIS - GO","AREIA","Construção civil","Sim"
"Gerência Regional / GO","860420/2011","Requerimento de Registro de Licença","Licenciamento","***.496.761-**","Welliton Jose Menezes","CRIXÁS - GO","AREIA, CASCALHO","Construção civil, Construção civil","Sim"
"Gerência Regional / GO","860531/2000","Requerimento de Registro de Licença","Licenciamento","12.970.546/0001-54","DRAGA SAO BENTO E TRANSPORTES LTDA","GOIANÉSIA - GO","AREIA, CASCALHO","Construção civil, Construção civil","Sim"
"Gerência Regional / GO","860135/2013","Requerimento de Mudança de Regime para Licenciamento","Licenciamento","***.069.721-**","Orvando Pereira Cardoso","MIMOSO DE GOIÁS - GO","AREIA","Construção civil","Sim"
"Gerência Regional / GO","860379/2020","Requerimento de Registro de Licença","Licenciamento","13.307.354/0001-25","E. CAMARGO MINERACAO - EIRELI","JARAGUÁ - GO","AREIA, CASCALHO","Construção civil, Construção civil","Sim"
"Gerência Regional / GO","860979/2017","Requerimento de Mudança de Regime para Licenciamento","Licenciamento","***.444.976-**","MARCIO LAMOUNIER DOS REIS","ARRAIAS - TO, MONTE ALEGRE DE GOIÁS - GO","AREIA","Construção civil","Sim"
"Gerência Regional / GO","860173/2016","Requerimento de Registro de Licença","Licenciamento","***.325.581-**","Ademir Alves Barbosa","CROMÍNIA - GO","AREIA","Construção civil","Sim"
"Gerência Regional / GO","861489/2015","Requerimento de Registro de Licença","Licenciamento","***.844.871-**","EDVALDO APARECIDO DE OLIVEIRA","GUARANI DE GOIÁS - GO","AREIA","Construção civil","Sim"
"Gerência Regional / GO","860430/2013","Requerimento de Registro de Licença","Licenciamento","***.077.791-**","KENNEDY CELSO BORGES TELES","BOM JARDIM DE GOIÁS - GO, MONTES CLAROS DE GOIÁS - GO","AREIA, CASCALHO","Construção civil, Construção civil","Sim"
"Gerência Regional / GO","860748/2015","Requerimento de Registro de Licença","Licenciamento","10.797.481/0001-61","AREIA FORTE MINERACAO LTDA","ABADIÂNIA - GO","QUARTZITO","Brita","Sim"
"Gerência Regional / GO","860737/2011","Requerimento de Registro de Licença","Licenciamento","***.093.241-**","Luiz Fernando Guerra","GOIÁS - GO","AREIA, CASCALHO","Construção civil, Construção civil","Sim"
"Gerência Regional / GO","861288/2012","Requerimento de Registro de Licença","Licenciamento","***.172.891-**","Egnaldo Ferreira da Cunha","MORRINHOS - GO","AREIA","Construção civil","Sim"
"Gerência Regional / GO","860935/2011","Requerimento de Registro de Licença","Licenciamento","***.993.721-**","Joely Albino Vieira Júnior","PADRE BERNARDO - GO","AREIA, CASCALHO","Construção civil, Construção civil","Sim"
"Gerência Regional / GO","861556/2011","Requerimento de Registro de Licença","Licenciamento","***.946.051-**","Ana Cristina Zanini Moreira Goulart","MATRINCHÃ - GO","AREIA","Construção civil","Sim"
"Gerência Regional / GO","862561/2011","Requerimento de Registro de Licença","Licenciamento","***.303.950-**","Milton Fries","MINEIROS - GO","CASCALHO","Construção civil","Sim"
"Gerência Regional / GO","861720/2013","Requerimento de Mudança de Regime para Licenciamento","Licenciamento","***.303.806-**","Celton Hottinger Rodrigues","IPORÁ - GO, IVOLÂNDIA - GO","AREIA, CASCALHO","Construção civil, Construção civil","Sim"
"Gerência Regional / GO","861451/2015","Requerimento de Registro de Licença","Licenciamento","***.784.908-**","PEDRO BERNARDO LEITE","JESÚPOLIS - GO","AREIA, ARGILA","Cerâmica vermelha, Construção civil","Sim"
"Gerência Regional / GO","860429/2019","Requerimento de Registro de Licença","Licenciamento","***.201.251-**","PATRICIA DE OLIVEIRA BRITO","GUAPÓ - GO","AREIA, ARGILA","Cerâmica vermelha, Construção civil","Sim"
"Gerência Regional / GO","860127/2012","Requerimento de Registro de Licença","Licenciamento","***.030.981-**","Ligia Valdiva de Macedo e Louredo Teles","SÃO LUÍS DE MONTES BELOS - GO","AREIA","Construção civil","Sim"
"Gerência Regional / GO","860505/2017","Requerimento de Registro de Licença","Licenciamento","***.825.121-**","ANISIO SANCHES D ABADIA","CALDAZINHA - GO","ARGILA","Cerâmica vermelha","Sim"
"Gerência Regional / GO","860252/2018","Requerimento de Mudança de Regime para Licenciamento","Licenciamento","***.825.121-**","ANISIO SANCHES D ABADIA","CALDAZINHA - GO","ARGILA","Cerâmica vermelha","Sim"
"Gerência Regional / GO","861696/2012","Requerimento de Registro de Licença","Licenciamento","***.464.971-**","Rogerio Leao Guimaraes","INDIARA - GO","ARGILA","Cerâmica vermelha","Sim"
"Gerência Regional / GO","861498/2016","Requerimento de Registro de Licença","Licenciamento","15.219.706/0001-16","Jll Mineração Ltda Me","SILVÂNIA - GO","AREIA","Construção civil","Sim"
"Gerência Regional / GO","861235/2012","Requerimento de Registro de Licença","Licenciamento","14.966.638/0001-96","MINERADORA ESTRELA LTDA","RIALMA - GO","AREIA, SAIBRO","Construção civil, Construção civil","Sim"
"Gerência Regional / GO","861180/2012","Requerimento de Registro de Licença","Licenciamento","14.966.638/0001-96","MINERADORA ESTRELA LTDA","NOVA GLÓRIA - GO, RIALMA - GO","AREIA, CASCALHO","Construção civil, Construção civil","Sim"
"Gerência Regional / GO","861376/2014","Requerimento de Registro de Licença","Licenciamento","00.237.518/0001-43","Construtora Caiapo Ltda","JAUPACI - GO","CASCALHO","Construção civil","Sim"
"Gerência Regional / GO","860969/2012","Requerimento de Registro de Licença","Licenciamento","***.932.531-**","Bárbara Teixeira Lima","MINEIROS - GO","CASCALHO","Construção civil","Sim"
"Gerência Regional / GO","861383/2011","Requerimento de Registro de Licença","Licenciamento","***.084.271-**","RAIMUNDO FRANCISCO DIAS","MAURILÂNDIA - GO","CASCALHO","Construção civil","Sim"
"Gerência Regional / GO","861442/2014","Requerimento de Registro de Licença","Licenciamento","***.253.301-**","VANDERLUBE ALVES DE PAULA","BONÓPOLIS - GO, SÃO MIGUEL DO ARAGUAIA - GO","AREIA","Construção civil","Sim"
"Gerência Regional / GO","860438/2009","Requerimento de Registro de Licença","Licenciamento","01.623.668/0001-58","EMAC TRANSPORTES LTDA","COCALZINHO DE GOIÁS - GO","AREIA, CASCALHO","Construção civil, Construção civil","Sim"
"Gerência Regional / GO","861228/2011","Requerimento de Registro de Licença","Licenciamento","***.093.901-**","Ari Jacunda da Silva","CAVALCANTE - GO","AREIA, CASCALHO","Construção civil, Construção civil","Sim"
"Gerência Regional / GO","861194/2011","Requerimento de Registro de Licença","Licenciamento","13.690.634/0001-65","E. C. EXTRACAO E COMERCIO DE AREIA E CASCALHO LTDA","CRIXÁS - GO","AREIA, CASCALHO","Construção civil, Construção civil","Sim"
"Gerência Regional / GO","860483/2013","Requerimento de Registro de Licença","Licenciamento","***.753.641-**","Anderson Balbino de Medeiros","SANTO ANTÔNIO DO DESCOBERTO - GO","CASCALHO","Construção civil","Sim"
"Gerência Regional / GO","860712/2016","Requerimento de Registro de Licença","Licenciamento","12.564.155/0001-30","Joaquim Borges Luiz","LUZIÂNIA - GO","AREIA","Construção civil","Sim"
"Gerência Regional / GO","861721/2013","Requerimento de Mudança de Regime para Licenciamento","Licenciamento","***.303.806-**","Celton Hottinger Rodrigues","IPORÁ - GO, IVOLÂNDIA - GO","AREIA, CASCALHO","Construção civil, Construção civil","Sim"
"Gerência Regional / GO","860018/2015","Requerimento de Registro de Licença","Licenciamento","***.256.401-**","Jeone Pinto Pereira","BELA VISTA DE GOIÁS - GO","CASCALHO","Construção civil","Sim"
"Gerência Regional / GO","861414/2011","Requerimento de Registro de Licença","Licenciamento","***.592.191-**","Edno Donizete Soares da Cunha","CAMPINAÇU - GO","AREIA","Construção civil","Sim"
"Gerência Regional / GO","862562/2011","Requerimento de Registro de Licença","Licenciamento","***.629.151-**","Joaquim Alves Carrijo","MINEIROS - GO","CASCALHO","Construção civil","Sim"
"Gerência Regional / GO","861517/2011","Requerimento de Registro de Licença","Licenciamento","***.784.908-**","PEDRO BERNARDO LEITE","JESÚPOLIS - GO, SÃO FRANCISCO DE GOIÁS - GO","AREIA, CASCALHO","Construção civil, Construção civil","Sim"
"Gerência Regional / GO","861499/2011","Requerimento de Registro de Licença","Licenciamento","13.889.137/0001-90","SAMJOONG MINERACAO LTDA","HIDROLÂNDIA - GO, VARJÃO - GO","ARENITO","Construção civil","Sim"
"Gerência Regional / GO","860037/2016","Requerimento de Registro de Licença","Licenciamento","***.025.351-**","EUDES ARAUJO GALVAO JUNIOR","PETROLINA DE GOIÁS - GO","ARGILA","Cerâmica vermelha","Sim"
"Gerência Regional / GO","860840/2015","Requerimento de Registro de Licença","Licenciamento","***.201.251-**","PATRICIA DE OLIVEIRA BRITO","GUAPÓ - GO","AREIA, ARGILA","Construção civil, Construção civil","Sim"
"Gerência Regional / GO","861607/2013","Requerimento de Registro de Licença","Licenciamento","***.382.891-**","Sebastião Bartolomeu da Silva","GUAPÓ - GO","AREIA, ARGILA","Cerâmica vermelha, Construção civil","Sim"
"Gerência Regional / GO","862277/2011","Requerimento de Registro de Licença","Licenciamento","***.219.051-**","ARILDO PEREIRA DUARTE","CACHOEIRA DE GOIÁS - GO","AREIA","Construção civil","Sim"
"Gerência Regional / GO","860314/2015","Requerimento de Registro de Licença","Licenciamento","***.769.961-**","Rodrigo Miguel de Araujo","NERÓPOLIS - GO","ARGILA","Cerâmica vermelha","Sim"
"Gerência Regional / GO","860209/2014","Requerimento de Registro de Licença","Licenciamento","***.247.491-**","João Batista Flôr da Silva","PIRACANJUBA - GO","AREIA, CASCALHO","Construção civil, Construção civil","Sim"
"Gerência Regional / GO","862775/2011","Requerimento de Registro de Licença","Licenciamento","***.240.851-**","Aderi Inácio da Silveira","ALEXÂNIA - GO","ARGILA","Cerâmica vermelha","Sim"
"Gerência Regional / GO","860127/2024","Requerimento de Registro de Licença","Licenciamento","***.057.686-**","ADEMAR DA SILVA","CALDAS NOVAS - GO","CASCALHO","Construção civil","Sim"
"Gerência Regional / GO","861772/2011","Requerimento de Registro de Licença","Licenciamento","***.556.661-**","Maria do Rosário de Fátima Silva Nessralla","FORMOSA - GO","CASCALHO","Construção civil","Sim"
"Gerência Regional / GO","862422/2011","Requerimento de Registro de Licença","Licenciamento","***.425.921-**","Marcio Grey Gonçalves Miranda","ADELÂNDIA - GO","ARGILA","Cerâmica vermelha","Sim"
"Gerência Regional / GO","860139/2012","Requerimento de Registro de Licença","Licenciamento","***.931.081-**","Luis Antonio Toledo da Silveira","BRAZABRANTES - GO","ARGILA","Cerâmica vermelha","Sim"
"Gerência Regional / GO","860463/2022","Requerimento de Registro de Licença","Licenciamento","***.354.761-**","MARLY MARIA DE QUEIROZ","LUZIÂNIA - GO","CASCALHO","Construção civil","Sim"
"Gerência Regional / GO","862357/2011","Requerimento de Registro de Licença","Licenciamento","08.518.729/0001-66","TIJOLOS SAO DOMINGOS - EIRELI","ADELÂNDIA - GO, ANICUNS - GO","AREIA, ARGILA","Cerâmica vermelha, Construção civil","Sim"
"Gerência Regional / GO","860611/2023","Requerimento de Registro de Licença","Licenciamento","***.473.471-**","ADRIANO RODRIGUES PEREIRA","ABADIÂNIA - GO","AREIA, ARGILA","Construção civil, Construção civil","Sim"
"Gerência Regional / GO","862678/2011","Requerimento de Registro de Licença","Licenciamento","***.124.461-**","Umbelino Felipe Vieira","PARAÚNA - GO","CASCALHO","Construção civil","Sim"
"Gerência Regional / GO","860187/2012","Requerimento de Registro de Licença","Licenciamento","14.383.729/0001-07","Daniel Heringer Gadia","RIALMA - GO, RIANÁPOLIS - GO, URUANA - GO","AREIA, CASCALHO","Construção civil, Construção civil","Sim"
"Gerência Regional / GO","862532/2011","Requerimento de Registro de Licença","Licenciamento","12.163.749/0001-39","Consorcio Cerrado","INDIARA - GO","CASCALHO","Construção civil","Sim"
"Gerência Regional / GO","860150/2014","Requerimento de Mudança de Regime para Licenciamento","Licenciamento","***.683.191-**","KALIL NESSRALLA NETTO","FORMOSA - GO","CASCALHO","Construção civil","Sim"
"Gerência Regional / GO","862809/2011","Requerimento de Registro de Licença","Licenciamento","13.714.162/0001-33","FABIANA BARBOSA VINHAL","FAZENDA NOVA - GO, ISRAELÂNDIA - GO","AREIA, CASCALHO","Construção civil, Construção civil","Sim"
"Gerência Regional / GO","860128/2012","Requerimento de Registro de Licença","Licenciamento","***.030.981-**","Ligia Valdiva de Macedo e Louredo Teles","SÃO LUÍS DE MONTES BELOS - GO","AREIA","Construção civil","Sim"
"Gerência Regional / GO","860528/2011","Requerimento de Registro de Licença","Licenciamento","***.082.551-**","ODELIO GOMES SOBRINHO","PROFESSOR JAMIL - GO","AREIA","Construção civil","Sim"
"Gerência Regional / GO","860417/2012","Requerimento de Mudança de Regime para Licenciamento","Licenciamento","***.108.501-**","Josedilson Teodoro Alves","URUAÇU - GO","AREIA","Construção civil","Sim"
"Gerência Regional / GO","860081/2012","Requerimento de Registro de Licença","Licenciamento","***.083.011-**","Jose Carlos de Oliveira","SILVÂNIA - GO","AREIA, CASCALHO","Construção civil, Construção civil","Sim"
"Gerência Regional / GO","860918/2024","Requerimento de Registro de Licença","Licenciamento","***.825.121-**","ANISIO SANCHES D ABADIA","CALDAZINHA - GO","ARGILA","Cerâmica vermelha","Sim"
"Gerência Regional / GO","860157/2017","Requerimento de Registro de Licença","Licenciamento","14.747.535/0001-35","F. G. MINERACAO E TRANSPORTE LTDA","SILVÂNIA - GO","AREIA","Construção civil","Sim"
"Gerência Regional / GO","861407/2016","Requerimento de Registro de Licença","Licenciamento","***.442.301-**","Eurípedes Erasto Sant'ana","MORRINHOS - GO, PIRACANJUBA - GO","AREIA","Construção civil","Sim"
"Gerência Regional / GO","861871/2012","Requerimento de Registro de Licença","Licenciamento","***.464.971-**","Rogerio Leao Guimaraes","INDIARA - GO","ARGILA","Cerâmica vermelha","Sim"
"Gerência Regional / GO","860633/2014","Requerimento de Mudança de Regime para Licenciamento","Licenciamento","15.174.400/0001-90","Pedreira Britaminas Fortaleza Ltda","PORTELÂNDIA - GO","BASALTO","Revestimento","Sim"
"Gerência Regional / GO","861580/2014","Requerimento de Registro de Licença","Licenciamento","15.219.706/0001-16","Jll Mineração Ltda Me","SILVÂNIA - GO","AREIA","Construção civil","Sim"
"Gerência Regional / GO","860421/2019","Requerimento de Registro de Licença","Licenciamento","25.117.854/0001-83","JABURU AGROPECUARIA E CONSTRUCOES LTDA","SÃO MIGUEL DO ARAGUAIA - GO","AREIA","Construção civil","Sim"
"Gerência Regional / GO","860729/2020","Requerimento de Mudança de Regime para Licenciamento","Licenciamento","14.966.638/0001-96","MINERADORA ESTRELA LTDA","CRIXÁS - GO, GUARINOS - GO, SANTA TEREZINHA DE GOIÁS - GO","AREIA","Construção civil","Sim"
"Gerência Regional / GO","860332/2017","Requerimento de Registro de Licença","Licenciamento","14.945.933/0001-66","MINERACAO RG LTDA","BURITI DE GOIÁS - GO, SANCLERLÂNDIA - GO","AREIA","Construção civil","Sim"
"Gerência Regional / GO","860913/2013","Requerimento de Mudança de Regime para Licenciamento","Licenciamento","***.610.301-**","Carlos Henrique Silva Netto","CATALÃO - GO","CASCALHO","Construção civil","Sim"
"Gerência Regional / GO","860769/2012","Requerimento de Registro de Licença","Licenciamento","***.459.748-**","Affonso Soares de Gouvea","LUZIÂNIA - GO","CASCALHO","Construção civil","Sim"
"Gerência Regional / GO","861065/2014","Requerimento de Mudança de Regime para Licenciamento","Licenciamento","***.003.401-**","ligia de freitas neves","EDEALINA - GO, PONTALINA - GO","AREIA","Construção civil","Sim"
"Gerência Regional / GO","860538/2017","Requerimento de Registro de Licença","Licenciamento","10.637.588/0001-42","J.m.industria Ceramica Ltda","PETROLINA DE GOIÁS - GO","ARGILA","Cerâmica vermelha","Sim"
"Gerência Regional / GO","861107/2012","Requerimento de Registro de Licença","Licenciamento","01.232.175/0001-97","AGROCOMA - EMPREENDIMENTOS AGROPECUARIOS & IMOBILIARIOS COSTA MARINHO LTDA","CÓRREGO DO OURO - GO, SANCLERLÂNDIA - GO","AREIA, CASCALHO","Construção civil, Construção civil","Sim"
"Gerência Regional / GO","860989/2017","Requerimento de Mudança de Regime para Licenciamento","Licenciamento","***.873.331-**","FLAVIO HENRIQUE ROSA DO PRADO","EDEALINA - GO, PONTALINA - GO","AREIA","Construção civil","Sim"
"Gerência Regional / GO","861402/2016","Requerimento de Registro de Licença","Licenciamento","47.207.899/0001-81","AGRO PECUARIA RIO PARAISO LTDA","JATAÍ - GO","CASCALHO","Construção civil","Sim"
"Gerência Regional / GO","861214/2010","Requerimento de Mudança de Regime para Licenciamento","Licenciamento","14.883.253/0001-65","DIVINO CARLOS MARQUES FERNANDES","GOIÁS - GO","AREIA","Construção civil","Sim"
"Gerência Regional / GO","861765/2013","Requerimento de Registro de Licença","Licenciamento","00.237.518/0001-43","Construtora Caiapo Ltda","MONTES CLAROS DE GOIÁS - GO","CASCALHO","Construção civil","Sim"
"Gerência Regional / GO","860058/2019","Requerimento de Registro de Licença","Licenciamento","25.138.405/0001-11","JABURU EMPREENDIMENTOS TURISTICOS LTDA","SÃO MIGUEL DO ARAGUAIA - GO","AREIA, ARGILA, ARGILA","Cerâmica vermelha, Construção civil, Construção civil","Sim"
"Gerência Regional / GO","860749/2019","Requerimento de Registro de Licença","Licenciamento","***.426.391-**","João Morais de Sousa","LEOPOLDO DE BULHÕES - GO","CASCALHO","Construção civil","Sim"
"Gerência Regional / GO","861926/2012","Requerimento de Registro de Licença","Licenciamento","***.298.481-**","LUCIO MAURO RODRIGUES","ÁGUAS LINDAS DE GOIÁS - GO","ARGILA, CASCALHO","Construção civil, Construção civil","Sim"
"Gerência Regional / GO","861376/2012","Requerimento de Registro de Licença","Licenciamento","***.387.958-**","Luiz Carlos Cuzinato","PIRACANJUBA - GO","AREIA","Construção civil","Sim"
"Gerência Regional / GO","862004/2012","Requerimento de Cessão parcial","Licenciamento","***.313.081-**","DENILSON BATISTA DA SILVA","ARAGOIÂNIA - GO, HIDROLÂNDIA - GO","AREIA","Construção civil","Sim"
"Gerência Regional / GO","860311/2017","Requerimento de Registro de Licença","Licenciamento","04.336.212/0001-03","Construtora Perfil Ltda","PIRACANJUBA - GO","CASCALHO","Construção civil","Sim"
"Gerência Regional / GO","860294/2017","Requerimento de Registro de Licença","Licenciamento","04.336.212/0001-03","Construtora Perfil Ltda","OURO VERDE DE GOIÁS - GO","CASCALHO","Construção civil","Sim"
"Gerência Regional / GO","860791/2023","Requerimento de Registro de Licença","Licenciamento","08.781.579/0001-89","DISTRIBUIDORA DO CONSTRUTOR MATERIAIS DE CONSTRUCAO LTDA","APARECIDA DE GOIÂNIA - GO","CASCALHO","Construção civil","Sim"
"Gerência Regional / GO","860931/2024","Requerimento de Registro de Licença","Licenciamento","08.781.579/0001-89","DISTRIBUIDORA DO CONSTRUTOR MATERIAIS DE CONSTRUCAO LTDA","APARECIDA DE GOIÂNIA - GO","CASCALHO","Construção civil","Sim"
"Gerência Regional / GO","860392/2017","Requerimento de Mudança de Regime para Licenciamento","Licenciamento","09.688.553/0001-53","ARERRIOS MINERACAO E TRANSPORTE LTDA","ITAPIRAPUÃ - GO, MATRINCHÃ - GO","AREIA","Construção civil","Sim"
"Gerência Regional / GO","860180/2021","Requerimento de Registro de Licença","Licenciamento","23.742.620/0001-00","INSTTALE ENGENHARIA LTDA","ARAGARÇAS - GO","CASCALHO","Construção civil","Sim"
"Gerência Regional / GO","860941/2016","Requerimento de Registro de Licença","Licenciamento","06.155.950/0001-71","F2 IRMAOS FERRARI TRANSPORTES LTDA","COCALZINHO DE GOIÁS - GO, PADRE BERNARDO - GO","AREIA, CASCALHO","Construção civil, Construção civil","Sim"
"Gerência Regional / GO","861174/2016","Requerimento de Registro de Licença","Licenciamento","06.155.950/0001-71","F2 IRMAOS FERRARI TRANSPORTES LTDA","NIQUELÂNDIA - GO, VILA PROPÍCIO - GO","AREIA, CASCALHO","Construção civil, Construção civil","Sim"
"Gerência Regional / GO","861026/2013","Requerimento de Registro de Licença","Licenciamento","06.155.950/0001-71","F2 IRMAOS FERRARI TRANSPORTES LTDA","NIQUELÂNDIA - GO, VILA PROPÍCIO - GO","AREIA, CASCALHO","Construção civil, Construção civil","Sim"
"Gerência Regional / GO","860008/2008","Requerimento de Registro de Licença","Licenciamento","***.029.231-**","ANTONIO DA SILVA SARAIVA","FORMOSO - GO, SANTA TEREZA DE GOIÁS - GO","AREIA, CASCALHO","Construção civil, Construção civil","Sim"
"Gerência Regional / GO","860114/2018","Requerimento de Cessão parcial","Licenciamento","***.074.151-**","LEANDRO CAIXETA DE SOUZA","VIANÓPOLIS - GO","AREIA, ARGILA","Cerâmica vermelha, Construção civil","Sim"
"Gerência Regional / GO","860960/2023","Requerimento de Registro de Licença","Licenciamento","***.081.741-**","ADIVANIR GOMES LOBO","SILVÂNIA - GO","AREIA, ARGILA","Cerâmica vermelha, Construção civil","Sim"
"Gerência Regional / GO","861875/2013","Requerimento de Registro de Licença","Licenciamento","10.249.419/0001-35","CARGILL BIOENERGIA LTDA.","QUIRINÓPOLIS - GO","CASCALHO","Construção civil","Sim"
"Gerência Regional / GO","861874/2013","Requerimento de Registro de Licença","Licenciamento","10.249.419/0001-35","CARGILL BIOENERGIA LTDA.","QUIRINÓPOLIS - GO","CASCALHO","Construção civil","Sim"
"Gerência Regional / GO","860217/2017","Requerimento de Registro de Licença","Licenciamento","10.249.419/0001-35","CARGILL BIOENERGIA LTDA.","INACIOLÂNDIA - GO","CASCALHO","Construção civil","Sim"
"Gerência Regional / GO","861017/2022","Requerimento de Registro de Licença","Licenciamento","18.448.903/0001-03","Areia Periquitos Ltda Me","CORUMBAÍBA - GO","AREIA","Construção civil","Sim"
"Gerência Regional / GO","860055/2015","Requerimento de Registro de Licença","Licenciamento","11.935.347/0001-42","Dmx Serviços Eireli","CIDADE OCIDENTAL - GO","CASCALHO","Construção civil","Sim"
"Gerência Regional / GO","861436/2012","Requerimento de Registro de Licença","Licenciamento","***.003.411-**","Maria Gertrudes Fries","MINEIROS - GO","CASCALHO","Construção civil","Sim"
"Gerência Regional / GO","861544/2012","Requerimento de Registro de Licença","Licenciamento","***.941.311-**","Marindia Zanon","POSSE - GO","ARGILA","Cerâmica vermelha","Sim"
"Gerência Regional / GO","860426/2015","Requerimento de Registro de Licença","Licenciamento","***.862.611-**","Maria José Pereira Goulart","NERÓPOLIS - GO, OURO VERDE DE GOIÁS - GO","ARGILA","Cerâmica vermelha","Sim"
"Gerência Regional / GO","861653/2012","Requerimento de Registro de Licença","Licenciamento","***.257.861-**","Cleumar de Jesus Borges ","MONTES CLAROS DE GOIÁS - GO","AREIA, CASCALHO, SAIBRO","Construção civil, Construção civil, Construção civil","Sim"
"Gerência Regional / GO","861620/2012","Requerimento de Registro de Licença","Licenciamento","04.336.212/0001-03","Construtora Perfil Ltda","CATALÃO - GO","CASCALHO","Construção civil","Sim"
"Gerência Regional / GO","860337/2024","Requerimento de Registro de Licença","Licenciamento","15.605.227/0001-38","CONSTRUTORA C & D CONSTRUNORTE LTDA","SANTA TEREZINHA DE GOIÁS - GO","AREIA","Construção civil","Sim"
"Gerência Regional / GO","860832/2024","Requerimento de Registro de Licença","Licenciamento","08.781.579/0001-89","DISTRIBUIDORA DO CONSTRUTOR MATERIAIS DE CONSTRUCAO LTDA","ARAGOIÂNIA - GO","CASCALHO","Construção civil","Sim"
"Gerência Regional / GO","861676/2013","Requerimento de Registro de Licença","Licenciamento","09.688.553/0001-53","ARERRIOS MINERACAO E TRANSPORTE LTDA","ITAPIRAPUÃ - GO, MATRINCHÃ - GO","AREIA","Construção civil","Sim"
"Gerência Regional / GO","861939/2012","Requerimento de Registro de Licença","Licenciamento","***.512.971-**","FRANCISCO PEREIRA NETO","RIO VERDE - GO","AREIA","Construção civil","Sim"
"Gerência Regional / GO","860281/2021","Requerimento de Registro de Licença","Licenciamento","23.742.620/0001-00","INSTTALE ENGENHARIA LTDA","JUSSARA - GO","CASCALHO","Construção civil","Sim"
"Gerência Regional / GO","861025/2013","Requerimento de Registro de Licença","Licenciamento","06.155.950/0001-71","F2 IRMAOS FERRARI TRANSPORTES LTDA","VILA PROPÍCIO - GO","AREIA, CASCALHO","Construção civil, Construção civil","Sim"
"Gerência Regional / GO","862163/2012","Requerimento de Registro de Licença","Licenciamento","***.724.261-**","Édson Justino da Silva","URUTAÍ - GO","AREIA","Construção civil","Sim"
"Gerência Regional / GO","860115/2013","Requerimento de Registro de Licença","Licenciamento","***.417.631-**","LONGUINHO LEITE DA SILVA","PIRENÓPOLIS - GO","AREIA","Construção civil","Sim"
"Gerência Regional / GO","861400/2013","Requerimento de Mudança de Regime para Licenciamento","Licenciamento","16.829.873/0001-41","Safra Mineração, Industria e Comercio Ltda","ALEXÂNIA - GO","AREIA, CASCALHO","Construção civil, Construção civil","Sim"
"Gerência Regional / GO","860604/2013","Requerimento de Mudança de Regime para Licenciamento","Licenciamento","13.166.181/0001-72","F C CINTRA - PEDREIRA","ARAGUAPAZ - GO","GRANITO","Brita","Sim"
"Gerência Regional / GO","860575/2017","Requerimento de Mudança de Regime para Licenciamento","Licenciamento","***.412.021-**","WALTER NUNES DE SOUZA","NOVA IGUAÇU DE GOIÁS - GO","ARGILA","Cerâmica vermelha","Sim"
"Gerência Regional / GO","860656/2017","Requerimento de Registro de Licença","Licenciamento","***.923.931-**","Elizabete Vitorino Costa","ANÁPOLIS - GO","CASCALHO","Brita","Sim"
"Gerência Regional / GO","861970/2024","Requerimento de Registro de Licença","Licenciamento","***.140.811-**","HARLEY CARLOS MUNDIM","SILVÂNIA - GO","CASCALHO","Construção civil","Sim"
"Gerência Regional / GO","860233/2018","Requerimento de Registro de Licença","Licenciamento","***.633.951-**","Sirlena Maria Alves da Costa","ANÁPOLIS - GO","CASCALHO","Brita","Sim"
"Gerência Regional / GO","861182/2013","Requerimento de Registro de Licença","Licenciamento","***.029.231-**","ANTONIO DA SILVA SARAIVA","FORMOSO - GO, SANTA TEREZA DE GOIÁS - GO","AREIA, CASCALHO","Construção civil, Construção civil","Sim"
"Gerência Regional / GO","861443/2014","Requerimento de Registro de Licença","Licenciamento","***.588.931-**","Ricardo de Araujo Souza","LEOPOLDO DE BULHÕES - GO","AREIA","Construção civil","Sim"
"Gerência Regional / GO","861109/2014","Requerimento de Registro de Licença","Licenciamento","***.074.151-**","LEANDRO CAIXETA DE SOUZA","VIANÓPOLIS - GO","AREIA","Construção civil","Sim"
"Gerência Regional / GO","860483/2014","Requerimento de Registro de Licença","Licenciamento","***.546.861-**","Cleiton Cesar de Melo","CATALÃO - GO","AREIA, CASCALHO","Construção civil, Construção civil","Sim"
"Gerência Regional / GO","862211/2012","Requerimento de Registro de Licença","Licenciamento","***.890.258-**","Osvaldo Pinto Fiuza","INDIARA - GO","ARGILA","Cerâmica vermelha","Sim"
"Gerência Regional / GO","860093/2021","Requerimento de Registro de Licença","Licenciamento","***.862.471-**","LAZARO VIEIRA SOBRINHO","ARAÇU - GO, ITABERAÍ - GO","AREIA, ARGILA","Cerâmica vermelha, Construção civil","Sim"
"Gerência Regional / GO","860414/2014","Requerimento de Registro de Licença","Licenciamento","15.353.993/0001-52","Draga Brandao Ltda Me","CAMPESTRE DE GOIÁS - GO","AREIA, CASCALHO","Construção civil, Construção civil","Sim"
"Gerência Regional / GO","860137/2013","Requerimento de Registro de Licença","Licenciamento","***.796.201-**","OLMIR RONCEN","IACIARA - GO","CALCÁRIO DOLOMÍTICO, CALCÁRIO DOLOMÍTICO","Brita, Corretivo de solo","Sim"
"Gerência Regional / GO","860791/2016","Requerimento de Mudança de Regime para Licenciamento","Licenciamento","17.211.357/0001-11","AREIAL FERREIRINHA LTDA","GOIÁS - GO","AREIA","Construção civil","Sim"
"Gerência Regional / GO","860425/2013","Requerimento de Registro de Licença","Licenciamento","***.971.321-**","LEONAM DE SOUZA RAMOS JUNIOR","SILVÂNIA - GO","AREIA, ARGILA","Cerâmica vermelha, Construção civil","Sim"
"Gerência Regional / GO","861027/2013","Requerimento de Registro de Licença","Licenciamento","***.443.756-**","Afonso de Oliveira Carvalho","MINEIROS - GO","CASCALHO","Construção civil","Sim"
"Gerência Regional / GO","860886/2019","Requerimento de Registro de Licença","Licenciamento","***.081.741-**","ADIVANIR GOMES LOBO","SILVÂNIA - GO","AREIA","Construção civil","Sim"
"Gerência Regional / GO","860551/2013","Requerimento de Registro de Licença","Licenciamento","***.656.478-**","João Dorneles de Jesus","LUZIÂNIA - GO","CASCALHO","Construção civil","Sim"
"Gerência Regional / GO","861254/2013","Requerimento de Registro de Licença","Licenciamento","***.564.661-**","JOSE NUNES DE QUEIROZ","JATAÍ - GO","ARGILA","Cerâmica vermelha","Sim"
"Gerência Regional / GO","860625/2013","Requerimento de Registro de Licença","Licenciamento","***.992.201-**","MARIA LUCIA DE SOUZA SIQUEIRA","ARAGOIÂNIA - GO","CASCALHO","Construção civil","Sim"
"Gerência Regional / GO","860662/2013","Requerimento de Registro de Licença","Licenciamento","09.022.760/0001-74","Construsolo Ltda","LUZIÂNIA - GO","CASCALHO","Construção civil","Sim"
"Gerência Regional / GO","860655/2017","Requerimento de Registro de Licença","Licenciamento","***.297.251-**","Paulo Chaves Ferreira","SÃO JOÃO DA PARAÚNA - GO","AREIA, CASCALHO","Construção civil, Construção civil","Sim"
"Gerência Regional / GO","860885/2013","Requerimento de Registro de Licença","Licenciamento","***.092.201-**","Kin Carlos Gomides","SÃO MIGUEL DO PASSA QUATRO - GO","AREIA","Construção civil","Sim"
"Gerência Regional / GO","860926/2013","Requerimento de Registro de Licença","Licenciamento","***.709.791-**","Wilson Cardoso da Silva ","PIRENÓPOLIS - GO","ARGILA","Cerâmica vermelha","Sim"
"Gerência Regional / GO","860923/2013","Requerimento de Registro de Licença","Licenciamento","***.257.571-**","Silas Oliveira Sousa","MINEIROS - GO","CASCALHO","Construção civil","Sim"
"Gerência Regional / GO","860637/2015","Requerimento de Registro de Licença","Licenciamento","14.305.596/0001-42","GILVANA ARANTES ATAIDES VIEIRA PETRUSCKE","RIO VERDE - GO","CASCALHO","Construção civil","Sim"
"Gerência Regional / GO","860746/2025","Requerimento de Registro de Licença","Licenciamento","11.005.681/0001-05","NG - TERRAPLANAGEM, CASCALHO E AREIA LTDA","VALPARAÍSO DE GOIÁS - GO","CASCALHO, CASCALHO","Brita, Construção civil","Sim"
"Gerência Regional / GO","861348/2013","Requerimento de Registro de Licença","Licenciamento","***.157.808-**","Antonio Hindemburgo Frenandes","SÃO JOÃO D'ALIANÇA - GO","AREIA, CASCALHO","Construção civil, Construção civil","Sim"
"Gerência Regional / GO","860289/2007","Requerimento de Registro de Licença","Licenciamento","***.552.781-**","JOAO BOSCO VIEIRA","CRISTIANÓPOLIS - GO","AREIA, CASCALHO","Construção civil, Construção civil","Sim"
"Gerência Regional / GO","861205/2013","Requerimento de Registro de Licença","Licenciamento","***.939.931-**","Hesmone Jose da Silva","CAMPINORTE - GO, URUAÇU - GO","AREIA, CASCALHO","Construção civil, Construção civil","Sim"
"Gerência Regional / GO","861876/2013","Requerimento de Registro de Licença","Licenciamento","10.249.419/0001-35","CARGILL BIOENERGIA LTDA.","QUIRINÓPOLIS - GO","CASCALHO","Construção civil","Sim"
"Gerência Regional / GO","861061/2023","Requerimento de Registro de Licença","Licenciamento","***.077.011-**","JOSE ALBINO BATISTA","ARAGOIÂNIA - GO","CASCALHO","Construção civil","Sim"
"Gerência Regional / GO","860194/2014","Requerimento de Mudança de Regime para Licenciamento","Licenciamento","10.742.871/0001-34","MAGMA MINERACAO E TRANSPORTES LTDA","GOIANÉSIA - GO","GRANITO","Brita","Sim"
"Gerência Regional / GO","861286/2013","Requerimento de Registro de Licença","Licenciamento","***.663.471-**","Jose Geraldo de Carvalho","MINEIROS - GO","CASCALHO","Construção civil","Sim"
"Gerência Regional / GO","861420/2014","Requerimento de Registro de Licença","Licenciamento","***.368.441-**","JULIANO XAVIER FRAUSINO BARNABE","SANTO ANTÔNIO DE GOIÁS - GO","AREIA, GRANITO","Brita, Construção civil","Sim"
"Gerência Regional / GO","861677/2013","Requerimento de Mudança de Regime para Licenciamento","Licenciamento","13.657.568/0001-21","MR EXTRACAO DE AREIA LTDA","SÃO LUÍS DE MONTES BELOS - GO","AREIA, CASCALHO","Construção civil, Construção civil","Sim"
"Gerência Regional / GO","861284/2013","Requerimento de Registro de Licença","Licenciamento","***.276.571-**","Alberto Dourado","MINEIROS - GO","CASCALHO","Construção civil","Sim"
"Gerência Regional / GO","860318/2017","Requerimento de Registro de Licença","Licenciamento","***.961.831-**","Celso Gomes da Silva","GOIANÉSIA - GO","CASCALHO","Construção civil","Sim"
"Gerência Regional / GO","861525/2013","Requerimento de Registro de Licença","Licenciamento","10.755.308/0001-09","Rodrigo Alves Araujo Me","ALOÂNDIA - GO","ARGILA","Cerâmica vermelha","Sim"
"Gerência Regional / GO","861565/2013","Requerimento de Registro de Licença","Licenciamento","***.734.591-**","Daniel Soares de Oliveira","GUAPÓ - GO, VARJÃO - GO","ARGILA","Cerâmica vermelha","Sim"
"Gerência Regional / GO","861344/2013","Requerimento de Registro de Licença","Licenciamento","***.277.671-**","José Maurício da Silva","TRINDADE - GO","CASCALHO","Construção civil","Sim"
"Gerência Regional / GO","861567/2013","Requerimento de Registro de Licença","Licenciamento","18.058.471/0001-16","A & N Industria e Comercio de Tijolos e Telhas Ltda Me","RIALMA - GO","ARGILA","Cerâmica vermelha","Sim"
"Gerência Regional / GO","860708/2015","Requerimento de Registro de Licença","Licenciamento","***.802.581-**","ANTENOR ANTONIO DA SILVA","IPORÁ - GO","CASCALHO","Construção civil","Sim"
"Gerência Regional / GO","860487/2017","Requerimento de Registro de Licença","Licenciamento","***.982.951-**","ZILMON JOSE DA SILVA","CATURAÍ - GO, GOIANIRA - GO","AREIA, CASCALHO","Construção civil, Construção civil","Sim"
"Gerência Regional / GO","860160/2014","Requerimento de Registro de Licença","Licenciamento","***.770.281-**","Erson Carlos Borges","CATALÃO - GO","CASCALHO, SAIBRO","Construção civil, Construção civil","Sim"
"Gerência Regional / GO","860514/2024","Requerimento de Registro de Licença","Licenciamento","***.484.081-**","ISAQUE GODINHO LOPES","PIRENÓPOLIS - GO","AREIA, ARGILA, CASCALHO","Construção civil, Construção civil, Construção civil","Sim"
"Gerência Regional / GO","862099/2011","Requerimento de Registro de Licença","Licenciamento","18.448.903/0001-03","Areia Periquitos Ltda Me","CORUMBAÍBA - GO","AREIA, CASCALHO","Construção civil, Construção civil","Sim"
"Gerência Regional / GO","861299/2014","Requerimento de Mudança de Regime para Licenciamento","Licenciamento","12.695.580/0001-68","Herval Mineradora Ltda Me.","PLANALTINA - GO","AREIA","Construção civil","Sim"
"Gerência Regional / GO","861609/2013","Requerimento de Registro de Licença","Licenciamento","18.557.505/0001-17","Ceramica Pimenta Ltda","MUTUNÓPOLIS - GO","ARGILA","Cerâmica vermelha","Sim"
"Gerência Regional / GO","860121/2025","Requerimento de Mudança de Regime para Licenciamento","Licenciamento","11.974.039/0001-26","IDEAL DEPOSITO DE AREIA LTDA","MINAÇU - GO","AREIA","Construção civil","Sim"
"Gerência Regional / GO","860198/2017","Requerimento de Mudança de Regime para Licenciamento","Licenciamento","***.376.451-**","Sebastião Fraga Batista","MINEIROS - GO","CASCALHO","Construção civil","Sim"
"Gerência Regional / GO","860211/2013","Requerimento de Mudança de Regime para Licenciamento","Licenciamento","16.906.064/0001-96","COMERCIAL DE AREIA TOSTA & PRADO LTDA","JATAÍ - GO","AREIA","Construção civil","Sim"
"Gerência Regional / GO","862095/2013","Requerimento de Mudança de Regime para Licenciamento","Licenciamento","18.598.295/0001-05","Am Areias Moiporá Ltda","CÓRREGO DO OURO - GO","AREIA","Construção civil","Sim"
"Gerência Regional / GO","861370/2009","Requerimento de Registro de Licença","Licenciamento","***.117.091-**","Alice Teles Gomes","BELA VISTA DE GOIÁS - GO, HIDROLÂNDIA - GO","AREIA, CASCALHO","Construção civil, Construção civil","Sim"
"Gerência Regional / GO","860347/2014","Requerimento de Registro de Licença","Licenciamento","***.637.141-**","Fabio Fleuri Pereira","CEZARINA - GO","ARGILA","Cerâmica vermelha","Sim"
"Gerência Regional / GO","860636/2020","Requerimento de Registro de Licença","Licenciamento","***.130.491-**","Regina Clarice Cunha","CHAPADÃO DO CÉU - GO","CASCALHO","Construção civil","Sim"
"Gerência Regional / GO","861022/2025","Requerimento de Registro de Licença","Licenciamento","10.874.032/0001-70","AREIA PONTO FORTE LTDA","ITARUMÃ - GO","AREIA","Construção civil","Sim"
"Gerência Regional / GO","860149/2016","Requerimento de Mudança de Regime para Licenciamento","Licenciamento","10.874.032/0001-70","AREIA PONTO FORTE LTDA","SANTA VITÓRIA - MG, SÃO SIMÃO - GO","AREIA","Construção civil","Sim"
"Gerência Regional / GO","860148/2016","Requerimento de Mudança de Regime para Licenciamento","Licenciamento","10.874.032/0001-70","AREIA PONTO FORTE LTDA","SANTA VITÓRIA - MG, SÃO SIMÃO - GO","AREIA","Construção civil","Sim"
"Gerência Regional / GO","862089/2013","Requerimento de Mudança de Regime para Licenciamento","Licenciamento","11.476.381/0001-04","Focal Areia e Cascalho Ltda Me","PADRE BERNARDO - GO","AREIA, CASCALHO","Construção civil, Construção civil","Sim"
"Gerência Regional / GO","862088/2013","Requerimento de Mudança de Regime para Licenciamento","Licenciamento","11.476.381/0001-04","Focal Areia e Cascalho Ltda Me","PADRE BERNARDO - GO","AREIA, CASCALHO","Construção civil, Construção civil","Sim"
"Gerência Regional / MG","832137/2018","Requerimento de Registro de Licença","Licenciamento","18.145.331/0001-85","DRAGAGEM SAO FRANCISCO LTDA","CACHOEIRA DOURADA - GO, CAPINÓPOLIS - MG","AREIA","Construção civil","Sim"
"Gerência Regional / GO","860394/2017","Requerimento de Registro de Licença","Licenciamento","14.850.561/0001-94","MINERACAO & TRANSPORTADORA SAO JOAO LTDA","RIO VERDE - GO","AREIA","Construção civil","Sim"
"Gerência Regional / GO","860108/2014","Requerimento de Registro de Licença","Licenciamento","14.850.561/0001-94","MINERACAO & TRANSPORTADORA SAO JOAO LTDA","RIO VERDE - GO","AREIA","Construção civil","Sim"
"Gerência Regional / GO","860676/2022","Requerimento de Mudança de Regime para Licenciamento","Licenciamento","14.850.561/0001-94","MINERACAO & TRANSPORTADORA SAO JOAO LTDA","RIO VERDE - GO","AREIA","Construção civil","Sim"
"Gerência Regional / GO","861561/2014","Requerimento de Registro de Licença","Licenciamento","***.830.871-**","JOSE MILTON CAMELO","ALEXÂNIA - GO","CASCALHO","Brita","Sim"
"Gerência Regional / GO","860315/2021","Requerimento de Registro de Licença","Licenciamento","15.577.033/0001-76","Deposito de Areia Rio Santana e Transporte Ltda Me ","ITAPURANGA - GO","AREIA","Construção civil","Sim"
"Gerência Regional / GO","860585/2014","Requerimento de Registro de Licença","Licenciamento","***.576.641-**","CARLOS ANTONIO DE GODOI","NIQUELÂNDIA - GO","CALCÁRIO","Corretivo de solo","Sim"
"Gerência Regional / GO","861481/2015","Requerimento de Mudança de Regime para Licenciamento","Licenciamento","18.090.544/0001-57","GONCALVES E ALMEIDA LTDA","PIRANHAS - GO","AREIA","Construção civil","Sim"
"Gerência Regional / GO","860289/2025","Requerimento de Mudança de Regime para Licenciamento","Licenciamento","***.082.859-**","MARIA APARECIDA GONCALVES GELINI","RIO VERDE - GO","AREIA","Construção civil","Sim"
"Gerência Regional / GO","861062/2014","Requerimento de Registro de Licença","Licenciamento","20.666.741/0001-13","P2m Ltda Me","CAMPO ALEGRE DE GOIÁS - GO","LATERITA","Construção civil","Sim"
"Gerência Regional / GO","861137/2014","Requerimento de Registro de Licença","Licenciamento","***.126.261-**","MARCIA VALERIANO","IPAMERI - GO","AREIA","Construção civil","Sim"
"Gerência Regional / GO","861312/2014","Requerimento de Registro de Licença","Licenciamento","***.772.811-**","Clévio Vasques de Sousa","MINEIROS - GO","CASCALHO","Construção civil","Sim"
"Gerência Regional / GO","860061/2017","Requerimento de Mudança de Regime para Licenciamento","Licenciamento","***.159.331-**","RONAN COSTA PEREIRA","TRINDADE - GO","CASCALHO","Construção civil","Sim"
"Gerência Regional / GO","861417/2014","Requerimento de Registro de Licença","Licenciamento","***.532.051-**","JORGE CANEDO RIESCO DE MATOS","SANTO ANTÔNIO DE GOIÁS - GO","AREIA","Construção civil","Sim"
"Gerência Regional / GO","860847/2009","Requerimento de Registro de Licença","Licenciamento","21.057.969/0001-79","Iwamoto & Castro Ltda Me","SÃO LUÍS DE MONTES BELOS - GO","AREIA","Construção civil","Sim"
"Gerência Regional / GO","861376/2015","Requerimento de Mudança de Regime para Licenciamento","Licenciamento","20.768.254/0001-61","Mineração São Leopoldo Ltda","LEOPOLDO DE BULHÕES - GO","GRANITO","Brita","Sim"
"Gerência Regional / GO","861566/2014","Requerimento de Registro de Licença","Licenciamento","08.252.263/0001-08","N. B. dos Reis & Cia Ltda Epp","PORANGATU - GO","ARGILA","Cerâmica vermelha","Sim"
"Gerência Regional / GO","861047/2025","Requerimento de Mudança de Regime para Licenciamento","Licenciamento","10.874.032/0001-70","AREIA PONTO FORTE LTDA","SANTA VITÓRIA - MG, SÃO SIMÃO - GO","AREIA","Construção civil","Sim"
"Gerência Regional / GO","861826/2013","Requerimento de Registro de Licença","Licenciamento","***.654.071-**","JOSE MOREIRA FILHO","SÃO MIGUEL DO PASSA QUATRO - GO, VIANÓPOLIS - GO","AREIA, CASCALHO","Construção civil, Construção civil","Sim"
"Gerência Regional / GO","860682/2015","Requerimento de Registro de Licença","Licenciamento","***.137.981-**","Edwaldo Peixoto Stival","GAMELEIRA DE GOIÁS - GO","CASCALHO","Construção civil","Sim"
"Gerência Regional / GO","862090/2013","Requerimento de Mudança de Regime para Licenciamento","Licenciamento","11.476.381/0001-04","Focal Areia e Cascalho Ltda Me","PADRE BERNARDO - GO","AREIA, CASCALHO","Construção civil, Construção civil","Sim"
"Gerência Regional / GO","860327/2014","Requerimento de Registro de Licença","Licenciamento","***.888.981-**","FLAVIA LIMA TEODORO","MINEIROS - GO","CASCALHO","Construção civil","Sim"
"Gerência Regional / GO","860497/2017","Requerimento de Registro de Licença","Licenciamento","***.309.851-**","David Esteves de Azevedo","PIRENÓPOLIS - GO","ARGILA","Cerâmica vermelha","Sim"
"Gerência Regional / GO","860502/2016","Requerimento de Registro de Licença","Licenciamento","***.420.921-**","ONESIO JOSE DE ALMEIDA","MARA ROSA - GO","AREIA, CASCALHO","Construção civil, Construção civil","Sim"
"Gerência Regional / GO","860906/2014","Requerimento de Registro de Licença","Licenciamento","***.105.881-**","Roberto Marinho Ribeiro","SÃO MIGUEL DO ARAGUAIA - GO","AREIA","Construção civil","Sim"
"Gerência Regional / GO","862091/2013","Requerimento de Registro de Licença","Licenciamento","***.950.544-**","Alexandre Jorge de Oliveira Breckenfeld","CIDADE OCIDENTAL - GO","CASCALHO","Construção civil","Sim"
"Gerência Regional / GO","860179/2017","Requerimento de Registro de Licença","Licenciamento","15.617.678/0001-95","Guilhermino Gomes Meireles Me","CIDADE OCIDENTAL - GO","CASCALHO","Construção civil","Sim"
"Gerência Regional / MG","833059/2011","Requerimento de Registro de Licença","Licenciamento","18.145.331/0001-85","DRAGAGEM SAO FRANCISCO LTDA","CACHOEIRA DOURADA - GO, CAPINÓPOLIS - MG","AREIA","Construção civil","Sim"
"Gerência Regional / GO","860421/2021","Requerimento de Registro de Licença","Licenciamento","***.780.726-**","Sebastião Gontijo de Souza","ABADIÂNIA - GO","CASCALHO","Construção civil","Sim"
"Gerência Regional / GO","860326/2014","Requerimento de Registro de Licença","Licenciamento","***.873.821-**","Jose Ameridan Selvino","CATALÃO - GO","CASCALHO, SAIBRO","Construção civil, Construção civil","Sim"
"Gerência Regional / GO","861353/2014","Requerimento de Registro de Licença","Licenciamento","***.349.781-**","paulo machado da silva","CATALÃO - GO, OUVIDOR - GO","AREIA, CASCALHO, SAIBRO","Construção civil, Construção civil, Construção civil","Sim"
"Gerência Regional / GO","860153/2015","Requerimento de Registro de Licença","Licenciamento","***.681.291-**","CAMILO JACINTO DE SOUZA","JATAÍ - GO, RIO VERDE - GO","AREIA, CASCALHO","Construção civil, Construção civil","Sim"
"Gerência Regional / GO","860095/2022","Requerimento de Mudança de Regime para Licenciamento","Licenciamento","***.126.261-**","CARLOS ROBERTO DE SOUZA","COCALZINHO DE GOIÁS - GO","CASCALHO","Construção civil","Sim"
"Gerência Regional / GO","860510/2017","Requerimento de Registro de Licença","Licenciamento","14.850.561/0001-94","MINERACAO & TRANSPORTADORA SAO JOAO LTDA","CAIAPÔNIA - GO","AREIA","Construção civil","Sim"
"Gerência Regional / GO","861011/2014","Requerimento de Mudança de Regime para Licenciamento","Licenciamento","***.768.176-**","Vicente Marcos Barbosa","PIRACANJUBA - GO","AREIA","Construção civil","Sim"
"Gerência Regional / GO","860555/2014","Requerimento de Mudança de Regime para Licenciamento","Licenciamento","19.336.520/0001-06","PEDREIRA ITAPACI LTDA","ITAPACI - GO","GRANITO","Brita","Sim"
"Gerência Regional / GO","860275/2025","Requerimento de Registro de Licença","Licenciamento","19.765.405/0001-49","CALVIBOM CALCARIO VILA BOA MINERACAO LTDA","VILA BOA - GO","AREIA, CALCÁRIO, CASCALHO","Brita, Construção civil, Construção civil","Sim"
"Gerência Regional / GO","860982/2017","Requerimento de Mudança de Regime para Licenciamento","Licenciamento","12.740.314/0001-00","MINERACAO TRANSPORTE E COMERCIO CANAA LTDA","ÁGUA LIMPA - GO, CORUMBAÍBA - GO","AREIA","Construção civil","Sim"
"Gerência Regional / GO","860024/2015","Requerimento de Registro de Licença","Licenciamento","***.871.931-**","Valdivino Barbacena da Silva","IPORÁ - GO","AREIA","Construção civil","Sim"
"Gerência Regional / GO","860712/2014","Requerimento de Registro de Licença","Licenciamento","***.445.001-**","Vanderlei Resende Silva","MINEIROS - GO, PORTELÂNDIA - GO","AREIA, CASCALHO","Construção civil, Construção civil","Sim"
"Gerência Regional / GO","860458/2021","Requerimento de Registro de Licença","Licenciamento","19.450.833/0001-82","IRACIMAR VAZ","PIRENÓPOLIS - GO","AREIA","Construção civil","Sim"
"Gerência Regional / GO","860305/2014","Requerimento de Registro de Licença","Licenciamento","14.795.145/0001-30","Ana Candida Industria e Comercio de Material Ceramico Ltda","ORIZONA - GO","ARGILA","Cerâmica vermelha","Sim"
"Gerência Regional / GO","860249/2015","Requerimento de Registro de Licença","Licenciamento","***.504.211-**","Augusta Rosa da Costa","NAZÁRIO - GO","ARGILA","Construção civil","Sim"
"Gerência Regional / GO","860810/2017","Requerimento de Registro de Licença","Licenciamento","15.465.987/0001-97","Wcf Mineração e Extratora Ltda Me","RIO VERDE - GO","AREIA","Construção civil","Sim"
"Gerência Regional / GO","860267/2022","Requerimento de Registro de Licença","Licenciamento","***.830.871-**","JOSE MILTON CAMELO","ALEXÂNIA - GO","CASCALHO","Construção civil","Sim"
"Gerência Regional / GO","860323/2016","Requerimento de Mudança de Regime para Licenciamento","Licenciamento","07.436.682/0001-29","Mineradora & Transportadora Brasil Central Ltda Me","AMARALINA - GO, UIRAPURU - GO","AREIA","Construção civil","Sim"
"Gerência Regional / GO","860495/2014","Requerimento de Registro de Licença","Licenciamento","***.803.148-**","ZAIDA CASSIM CAVALINI","NOVA AMÉRICA - GO, RUBIATABA - GO","AREIA","Construção civil","Sim"
"Gerência Regional / GO","860089/2008","Requerimento de Registro de Licença","Licenciamento","09.431.553/0001-73","Distribuidora de Areia Rio Piloes Ltda Me","ISRAELÂNDIA - GO","AREIA, CASCALHO","Construção civil, Construção civil","Sim"
"Gerência Regional / GO","860628/2014","Requerimento de Registro de Licença","Licenciamento","08.995.933/0001-78","Lagoa Empreendimentos Ltda","ÁGUA LIMPA - GO, MARZAGÃO - GO","AREIA","Construção civil","Sim"
"Gerência Regional / GO","861223/2014","Requerimento de Registro de Licença","Licenciamento","***.128.701-**","Alexandre Sousa Chaves","BURITI ALEGRE - GO","CASCALHO","Construção civil","Sim"
"Gerência Regional / GO","861079/2024","Requerimento de Registro de Licença","Licenciamento","***.152.280-**","JOAO AMARILDO TOMBINI","SERRANÓPOLIS - GO","CASCALHO","Construção civil","Sim"
"Gerência Regional / GO","860333/2017","Requerimento de Mudança de Regime para Licenciamento","Licenciamento","15.577.033/0001-76","Deposito de Areia Rio Santana e Transporte Ltda Me ","ITAPURANGA - GO","AREIA","Construção civil","Sim"
"Gerência Regional / GO","860548/2014","Requerimento de Registro de Licença","Licenciamento","***.332.541-**","SAULO GILIAN DO NASCIMENTO","VIANÓPOLIS - GO","QUARTZITO","Brita","Sim"
"Gerência Regional / GO","860186/2017","Requerimento de Registro de Licença","Licenciamento","18.517.735/0001-52","Stj Cascalheira e Terraplanagem Ltda","ANÁPOLIS - GO","CASCALHO","Brita","Sim"
"Gerência Regional / GO","860586/2014","Requerimento de Registro de Licença","Licenciamento","***.576.641-**","CARLOS ANTONIO DE GODOI","NIQUELÂNDIA - GO","CALCÁRIO","Corretivo de solo","Sim"
"Gerência Regional / GO","860549/2014","Requerimento de Registro de Licença","Licenciamento","***.361.821-**","VANDETE VILELA RIBEIRO","PIRANHAS - GO","AREIA","Construção civil","Sim"
"Gerência Regional / GO","860941/2015","Requerimento de Registro de Licença","Licenciamento","***.580.618-**","Osmar Rodrigues Vieira","SÃO MIGUEL DO ARAGUAIA - GO","AREIA","Construção civil","Sim"
"Gerência Regional / GO","860176/2009","Requerimento de Registro de Licença","Licenciamento","19.089.133/0001-04","MASCARENHAS MINERADORA LTDA","ABADIÂNIA - GO","AREIA, CASCALHO, QUARTZITO","Construção civil, Construção civil, Industrial","Sim"
"Gerência Regional / GO","860836/2017","Requerimento de Registro de Licença","Licenciamento","19.093.982/0001-31","PAIS E FILHOS AREIA LTDA","ARAGUAPAZ - GO, FAINA - GO","AREIA","Construção civil","Sim"
"Gerência Regional / GO","860036/2016","Requerimento de Registro de Licença","Licenciamento","***.061.421-**","VALDEMAR RIBEIRO DA SILVA","ANÁPOLIS - GO","CASCALHO","Brita","Sim"
"Gerência Regional / GO","861046/2014","Requerimento de Registro de Licença","Licenciamento","***.962.518-**","José Ferreira da Silva","OUVIDOR - GO","CASCALHO, SAIBRO","Construção civil, Construção civil","Sim"
"Gerência Regional / GO","861488/2014","Requerimento de Mudança de Regime para Licenciamento","Licenciamento","18.090.544/0001-57","GONCALVES E ALMEIDA LTDA","BOM JARDIM DE GOIÁS - GO, PIRANHAS - GO","AREIA","Construção civil","Sim"
"Gerência Regional / GO","860837/2014","Requerimento de Registro de Licença","Licenciamento","***.539.211-**","Cezario Oliveira Lemos","PIRENÓPOLIS - GO, SÃO FRANCISCO DE GOIÁS - GO","AREIA","Construção civil","Sim"
"Gerência Regional / GO","860711/2014","Requerimento de Registro de Licença","Licenciamento","***.287.511-**","Euliene Rodrigues Siqueira","NOVO BRASIL - GO","AREIA, CASCALHO","Construção civil, Construção civil","Sim"
"Gerência Regional / GO","860745/2014","Requerimento de Registro de Licença","Licenciamento","***.065.801-**","JAIRO JACINTO DE ANDRADE","QUIRINÓPOLIS - GO","AREIA","Construção civil","Sim"
"Gerência Regional / GO","860789/2025","Requerimento de Registro de Licença","Licenciamento","***.082.859-**","MARIA APARECIDA GONCALVES GELINI","RIO VERDE - GO","AREIA","Construção civil","Sim"
"Gerência Regional / GO","861063/2014","Requerimento de Registro de Licença","Licenciamento","20.666.741/0001-13","P2m Ltda Me","CAMPO ALEGRE DE GOIÁS - GO","AREIA","Construção civil","Sim"
"Gerência Regional / GO","861021/2014","Requerimento de Registro de Licença","Licenciamento","***.997.701-**","Virgilina Maria de Oliveira","MINEIROS - GO","CASCALHO","Brita","Sim"
"Gerência Regional / GO","860316/2017","Requerimento de Registro de Licença","Licenciamento","***.126.261-**","MARCIA VALERIANO","IPAMERI - GO","AREIA","Construção civil","Sim"
"Gerência Regional / GO","860576/2023","Requerimento de Registro de Licença","Licenciamento","12.220.912/0001-58","INDUSTRIA CERAMICA ITAUCU EIRELI","TAQUARAL DE GOIÁS - GO","ARGILA","Cerâmica vermelha","Sim"
"Gerência Regional / GO","861268/2014","Requerimento de Registro de Licença","Licenciamento","***.617.611-**","Willian Wilson Rodrigues","CATALÃO - GO","CASCALHO","Construção civil","Sim"
"Gerência Regional / GO","861313/2014","Requerimento de Registro de Licença","Licenciamento","***.772.811-**","Clévio Vasques de Sousa","MINEIROS - GO","CASCALHO","Construção civil","Sim"
"Gerência Regional / GO","860526/2017","Requerimento de Mudança de Regime para Licenciamento","Licenciamento","07.081.006/0001-80","ANA PAULA LACERDA DE PAULA ALMEIDA","RIO VERDE - GO","AREIA","Construção civil","Sim"
"Gerência Regional / GO","861092/2014","Requerimento de Registro de Licença","Licenciamento","***.314.941-**","Celio Ribeiro Gonçalves","CALDAS NOVAS - GO","CASCALHO","Construção civil","Sim"
"Gerência Regional / GO","860394/2018","Requerimento de Registro de Licença","Licenciamento","***.159.331-**","RONAN COSTA PEREIRA","TRINDADE - GO","AREIA, ARGILA","Cerâmica vermelha, Construção civil","Sim"
"Gerência Regional / GO","861174/2014","Requerimento de Registro de Licença","Licenciamento","***.271.771-**","Genesio Navarro de Abreu","PORANGATU - GO","ARGILA","Cerâmica vermelha","Sim"
"Gerência Regional / GO","861583/2014","Requerimento de Registro de Licença","Licenciamento","***.532.051-**","JORGE CANEDO RIESCO DE MATOS","NERÓPOLIS - GO, SANTO ANTÔNIO DE GOIÁS - GO","AREIA","Construção civil","Sim"
"Gerência Regional / GO","861421/2009","Requerimento de Registro de Licença","Licenciamento","21.057.969/0001-79","Iwamoto & Castro Ltda Me","SÃO LUÍS DE MONTES BELOS - GO","AREIA","Construção civil","Sim"
"Gerência Regional / GO","861454/2014","Requerimento de Mudança de Regime para Licenciamento","Licenciamento","***.851.821-**","Ilhahelenade Avelar","JARAGUÁ - GO","AREIA","Construção civil","Sim"
"Gerência Regional / GO","861226/2015","Requerimento de Registro de Licença","Licenciamento","***.439.411-**","JOSE OLAVO NOGUEIRA","TRINDADE - GO","CASCALHO","Construção civil","Sim"
"Gerência Regional / GO","861747/2012","Requerimento de Registro de Licença","Licenciamento","97.529.075/0001-04","CRISTAL DISTRIBUIDORA LTDA","AMORINÓPOLIS - GO, IPORÁ - GO","AREIA","Construção civil","Sim"
"Gerência Regional / GO","860645/2018","Requerimento de Registro de Licença","Licenciamento","***.225.111-**","ELI AMERICO DE PAULA","RIO VERDE - GO","CASCALHO","Construção civil","Sim"
"Gerência Regional / GO","860911/2013","Requerimento de Registro de Licença","Licenciamento","***.525.311-**","Moises Tavares da Cunha","BELA VISTA DE GOIÁS - GO","AREIA","Construção civil","Sim"
"Gerência Regional / GO","861736/2013","Requerimento de Registro de Licença","Licenciamento","21.121.911/0001-47","Roberto da Mata Cabral Me ","TURVÂNIA - GO","AREIA","Construção civil","Sim"
"Gerência Regional / GO","861377/2015","Requerimento de Mudança de Regime para Licenciamento","Licenciamento","20.768.254/0001-61","Mineração São Leopoldo Ltda","LEOPOLDO DE BULHÕES - GO","GRANITO","Brita","Sim"
"Gerência Regional / GO","861044/2022","Requerimento de Registro de Licença","Licenciamento","00.996.424/0001-58","INACIO MARQUES JUNIOR","SÃO MIGUEL DO ARAGUAIA - GO","ARGILA","Construção civil","Sim"
"Gerência Regional / GO","860022/2018","Requerimento de Registro de Licença","Licenciamento","***.555.721-**","MARIA DA GLORIA LEITE VILELA","JANDAIA - GO","AREIA","Construção civil","Sim"
"Gerência Regional / GO","861567/2014","Requerimento de Registro de Licença","Licenciamento","08.252.263/0001-08","N. B. dos Reis & Cia Ltda Epp","PORANGATU - GO","CASCALHO","Construção civil","Sim"
"Gerência Regional / GO","861144/2022","Requerimento de Registro de Licença","Licenciamento","97.527.396/0001-61","CERAMICA PONTALINA LTDA","ALOÂNDIA - GO","ARGILA","Cerâmica vermelha","Sim"
"Gerência Regional / GO","860924/2018","Requerimento de Registro de Licença","Licenciamento","97.527.396/0001-61","CERAMICA PONTALINA LTDA","ALOÂNDIA - GO","ARGILA","Cerâmica vermelha","Sim"
"Gerência Regional / GO","860826/2017","Requerimento de Registro de Licença","Licenciamento","97.527.396/0001-61","CERAMICA PONTALINA LTDA","PONTALINA - GO","ARGILA","Construção civil","Sim"
"Gerência Regional / GO","860404/2021","Requerimento de Registro de Licença","Licenciamento","97.527.396/0001-61","CERAMICA PONTALINA LTDA","PONTALINA - GO","ARGILA","Cerâmica vermelha","Sim"
"Gerência Regional / GO","860719/2018","Requerimento de Mudança de Regime para Licenciamento","Licenciamento","19.605.943/0001-76","ASSOCIACAO DAS INDUSTRIAS DE CERAMICA DO ESTADO DE GOIAS","ANÁPOLIS - GO","ARGILA","Cerâmica vermelha","Sim"
"Gerência Regional / GO","860334/2024","Requerimento de Registro de Licença","Licenciamento","19.605.943/0001-76","ASSOCIACAO DAS INDUSTRIAS DE CERAMICA DO ESTADO DE GOIAS","ANÁPOLIS - GO","ARGILA","Cerâmica vermelha","Sim"
"Gerência Regional / GO","861225/2024","Requerimento de Registro de Licença","Licenciamento","19.605.943/0001-76","ASSOCIACAO DAS INDUSTRIAS DE CERAMICA DO ESTADO DE GOIAS","ANÁPOLIS - GO","ARGILA","Cerâmica vermelha","Sim"
"Gerência Regional / GO","860750/2022","Requerimento de Mudança de Regime para Licenciamento","Licenciamento","***.511.201-**","Claudio Lobianco de Figueiroa","BELA VISTA DE GOIÁS - GO, HIDROLÂNDIA - GO","AREIA, CASCALHO","Construção civil, Construção civil","Sim"
"Gerência Regional / GO","860921/2017","Requerimento de Registro de Licença","Licenciamento","17.341.644/0001-46","JFP Areia e Cascalho Eireli Me","SILVÂNIA - GO","AREIA, CASCALHO","Construção civil, Construção civil","Sim"
"Gerência Regional / GO","860120/2019","Requerimento de Registro de Licença","Licenciamento","17.341.644/0001-46","JFP Areia e Cascalho Eireli Me","SILVÂNIA - GO, VIANÓPOLIS - GO","AREIA, CASCALHO","Construção civil, Construção civil","Sim"
"Gerência Regional / GO","861142/2015","Requerimento de Mudança de Regime para Licenciamento","Licenciamento","08.021.890/0001-20","OURO 7 MINERACAO LTDA","PORTEIRÃO - GO, TURVELÂNDIA - GO","AREIA","Construção civil","Sim"
"Gerência Regional / GO","860200/2023","Requerimento de Registro de Licença","Licenciamento","***.984.211-**","Paulino Tavares Godinho","CRIXÁS - GO","AREIA","Construção civil","Sim"
"Gerência Regional / GO","861186/2015","Requerimento de Registro de Licença","Licenciamento","***.772.401-**","Roberta de Aguiar Vieira ","SILVÂNIA - GO, VIANÓPOLIS - GO","AREIA, ARGILA","Cerâmica vermelha, Construção civil","Sim"
"Gerência Regional / GO","861633/2021","Requerimento de Registro de Licença","Licenciamento","***.774.649-**","EVANDRO PAGNONCELLI PEIXOTO","CHAPADÃO DO CÉU - GO","CASCALHO","Construção civil","Sim"
"Gerência Regional / GO","860551/2018","Requerimento de Registro de Licença","Licenciamento","17.671.818/0001-39","EXTRACAO DE AREIA E TRANSPORTES PIRACANJUBA LTDA","ÁGUA LIMPA - GO, BURITI ALEGRE - GO","AREIA","Construção civil","Sim"
"Gerência Regional / GO","860547/2018","Requerimento de Registro de Licença","Licenciamento","17.671.818/0001-39","EXTRACAO DE AREIA E TRANSPORTES PIRACANJUBA LTDA","ÁGUA LIMPA - GO, BURITI ALEGRE - GO","AREIA","Construção civil","Sim"
"Gerência Regional / GO","860546/2018","Requerimento de Registro de Licença","Licenciamento","17.671.818/0001-39","EXTRACAO DE AREIA E TRANSPORTES PIRACANJUBA LTDA","ÁGUA LIMPA - GO, BURITI ALEGRE - GO","AREIA","Construção civil","Sim"
"Gerência Regional / GO","860545/2018","Requerimento de Registro de Licença","Licenciamento","17.671.818/0001-39","EXTRACAO DE AREIA E TRANSPORTES PIRACANJUBA LTDA","ÁGUA LIMPA - GO, BURITI ALEGRE - GO","AREIA","Construção civil","Sim"
"Gerência Regional / GO","860802/2014","Requerimento de Mudança de Regime para Licenciamento","Licenciamento","17.671.818/0001-39","EXTRACAO DE AREIA E TRANSPORTES PIRACANJUBA LTDA","ÁGUA LIMPA - GO, BURITI ALEGRE - GO","AREIA","Construção civil","Sim"
"Gerência Regional / GO","860801/2014","Requerimento de Mudança de Regime para Licenciamento","Licenciamento","17.671.818/0001-39","EXTRACAO DE AREIA E TRANSPORTES PIRACANJUBA LTDA","ÁGUA LIMPA - GO, BURITI ALEGRE - GO","AREIA","Construção civil","Sim"
"Gerência Regional / GO","861060/2017","Requerimento de Registro de Licença","Licenciamento","***.474.721-**","JUNIO SERGIO COSTA DE ASSIS","PEROLÂNDIA - GO","CASCALHO","Construção civil","Sim"
"Gerência Regional / GO","860403/2021","Requerimento de Registro de Licença","Licenciamento","97.527.396/0001-61","CERAMICA PONTALINA LTDA","PONTALINA - GO","ARGILA","Construção civil","Sim"
"Gerência Regional / GO","860321/2015","Requerimento de Registro de Licença","Licenciamento","***.168.411-**","Francival Menezes Mendonça","SANTA TEREZA DE GOIÁS - GO, TROMBAS - GO","AREIA, CASCALHO","Construção civil, Construção civil","Sim"
"Gerência Regional / GO","860739/2016","Requerimento de Registro de Licença","Licenciamento","***.750.811-**","Rafael dos Santos Lourenço","URUTAÍ - GO","AREIA","Construção civil","Sim"
"Gerência Regional / GO","861068/2015","Requerimento de Mudança de Regime para Licenciamento","Licenciamento","17.440.481/0001-59","ASSUNCAO LOCACOES DE MAQUINAS EIRELI","CRIXÁS - GO, GUARINOS - GO","AREIA","Construção civil","Sim"
"Gerência Regional / GO","860757/2015","Requerimento de Mudança de Regime para Licenciamento","Licenciamento","***.833.391-**","Marcos Antônio Orlando","CIDADE OCIDENTAL - GO, LUZIÂNIA - GO","AREIA","Construção civil","Sim"
"Gerência Regional / GO","860152/2015","Requerimento de Registro de Licença","Licenciamento","***.536.171-**","Marcilone Evangelista Ribeiro","RIO QUENTE - GO","AREIA","Construção civil","Sim"
"Gerência Regional / GO","860967/2017","Requerimento de Registro de Licença","Licenciamento","***.637.371-**","RENILDO MELQUIDES FARIA","PIRES DO RIO - GO, URUTAÍ - GO","AREIA","Construção civil","Sim"
"Gerência Regional / GO","861401/2015","Requerimento de Mudança de Regime para Licenciamento","Licenciamento","***.396.991-**","DIVINO DE SOUZA MOURA","PIRENÓPOLIS - GO","AREIA","Construção civil","Sim"
"Gerência Regional / GO","860508/2017","Requerimento de Registro de Licença","Licenciamento","***.191.941-**","Raimundo Fonsêca Junior","GOIÁS - GO, ITAPIRAPUÃ - GO","AREIA","Construção civil","Sim"
"Gerência Regional / GO","860021/2007","Requerimento de Registro de Licença","Licenciamento","15.427.061/0001-07","COMERCIAL DE AREIA TAPERA LTDA","IVOLÂNDIA - GO","AREIA","Construção civil","Sim"
"Gerência Regional / GO","860852/2022","Requerimento de Registro de Licença","Licenciamento","19.605.943/0001-76","ASSOCIACAO DAS INDUSTRIAS DE CERAMICA DO ESTADO DE GOIAS","ANÁPOLIS - GO","ARGILA","Cerâmica vermelha","Sim"
"Gerência Regional / GO","860710/2015","Requerimento de Registro de Licença","Licenciamento","***.478.351-**","Antônio Soares de Lima Junior","SÃO MIGUEL DO ARAGUAIA - GO","AREIA, CASCALHO","Construção civil, Construção civil","Sim"
"Gerência Regional / GO","860680/2015","Requerimento de Registro de Licença","Licenciamento","22.594.359/0001-77","CERAMICA SANTA CLARA LTDA","BOM JARDIM DE GOIÁS - GO","ARGILA","Cerâmica vermelha","Sim"
"Gerência Regional / GO","860744/2015","Requerimento de Registro de Licença","Licenciamento","***.957.211-**","ELIO DE OLIVEIRA LOBO JUNIOR","PIRENÓPOLIS - GO","CASCALHO","Construção civil","Sim"
"Gerência Regional / GO","860779/2015","Requerimento de Registro de Licença","Licenciamento","***.641.101-**","sebastiao alves de paula","CAMPESTRE DE GOIÁS - GO","AREIA, ARGILA","Construção civil, Construção civil","Sim"
"Gerência Regional / GO","860974/2015","Requerimento de Registro de Licença","Licenciamento","***.778.501-**","Fernando Antônio Honorato da Silva e Souza","PIRACANJUBA - GO","AREIA","Construção civil","Sim"
"Gerência Regional / GO","860846/2015","Requerimento de Registro de Licença","Licenciamento","***.091.361-**","Gesmar Gomes de Oliveira","MORRINHOS - GO","AREIA","Construção civil","Sim"
"Gerência Regional / GO","861103/2016","Requerimento de Mudança de Regime para Licenciamento","Licenciamento","***.511.201-**","Claudio Lobianco de Figueiroa","HIDROLÂNDIA - GO, PIRACANJUBA - GO","AREIA, CASCALHO","Construção civil, Construção civil","Sim"
"Gerência Regional / GO","861171/2015","Requerimento de Registro de Licença","Licenciamento","13.510.840/0001-46","Gilmar Arantes Ataides","RIO VERDE - GO","CASCALHO","Construção civil","Sim"
"Gerência Regional / GO","861435/2015","Requerimento de Mudança de Regime para Licenciamento","Licenciamento","17.341.644/0001-46","JFP Areia e Cascalho Eireli Me","SILVÂNIA - GO, VIANÓPOLIS - GO","AREIA","Construção civil","Sim"
"Gerência Regional / GO","861138/2015","Requerimento de Registro de Licença","Licenciamento","***.682.831-**","Willian Sergio da Costa","CATALÃO - GO","CASCALHO, SAIBRO","Construção civil, Construção civil","Sim"
"Gerência Regional / GO","860988/2015","Requerimento de Registro de Licença","Licenciamento","***.015.281-**","Gilka de Padua Naves Oliveira","CALDAS NOVAS - GO, MORRINHOS - GO","AREIA","Construção civil","Sim"
"Gerência Regional / GO","861750/2021","Requerimento de Mudança de Regime para Licenciamento","Licenciamento","08.021.890/0001-20","OURO 7 MINERACAO LTDA","MAURILÂNDIA - GO, TURVELÂNDIA - GO","AREIA, CASCALHO","Construção civil, Construção civil","Sim"
"Gerência Regional / GO","860342/2022","Requerimento de Mudança de Regime para Licenciamento","Licenciamento","***.984.211-**","Paulino Tavares Godinho","CRIXÁS - GO","AREIA, CASCALHO","Construção civil, Construção civil","Sim"
"Gerência Regional / GO","860245/2021","Requerimento de Registro de Licença","Licenciamento","***.871.171-**","ADEMIR VIEIRA SILVA","PETROLINA DE GOIÁS - GO","ARGILA","Cerâmica vermelha","Sim"
"Gerência Regional / GO","861448/2015","Requerimento de Registro de Licença","Licenciamento","***.772.401-**","Roberta de Aguiar Vieira ","VIANÓPOLIS - GO","AREIA, ARGILA","Cerâmica vermelha, Construção civil","Sim"
"Gerência Regional / GO","861698/2021","Requerimento de Registro de Licença","Licenciamento","***.774.649-**","EVANDRO PAGNONCELLI PEIXOTO","SERRANÓPOLIS - GO","CASCALHO","Construção civil","Sim"
"Gerência Regional / GO","861346/2015","Requerimento de Registro de Licença","Licenciamento","***.646.751-**","GIULLIANO MOMONUKI","INHUMAS - GO","ARGILA","Cerâmica vermelha","Sim"
"Gerência Regional / GO","861341/2015","Requerimento de Registro de Licença","Licenciamento","***.886.561-**","Gilson Divino da Silva","URUAÇU - GO","AREIA, CASCALHO","Construção civil, Construção civil","Sim"
"Gerência Regional / GO","861375/2015","Requerimento de Registro de Licença","Licenciamento","10.969.349/0001-90","GAMELEIRA ENERGETICA S.A.","GAMELEIRA DE GOIÁS - GO, SILVÂNIA - GO","AREIA","Construção civil","Sim"
"Gerência Regional / GO","861818/2011","Requerimento de Registro de Licença","Licenciamento","13.888.310/0001-36","MINERACAO LIMA LTDA","QUIRINÓPOLIS - GO","AREIA","Construção civil","Sim"
"Gerência Regional / GO","861434/2015","Requerimento de Registro de Licença","Licenciamento","07.704.052/0001-98","VLBM PARTICIPACOES LTDA.","IACIARA - GO","CASCALHO","Construção civil","Sim"
"Gerência Regional / GO","861519/2015","Requerimento de Registro de Licença","Licenciamento","***.975.731-**","WILLIAM ANDRADE MOREIRA","MINEIROS - GO","AREIA","Construção civil","Sim"
"Gerência Regional / GO","860546/2016","Requerimento de Mudança de Regime para Licenciamento","Licenciamento","13.512.415/0001-96","QUARTZ MINERACAO E AREIAS LTDA","ALEXÂNIA - GO","AREIA","Construção civil","Sim"
"Gerência Regional / GO","860146/2016","Requerimento de Registro de Licença","Licenciamento","***.902.881-**","Antônio Rodrigues da Silva","ABADIA DE GOIÁS - GO","CASCALHO","Construção civil","Sim"
"Gerência Regional / GO","860552/2018","Requerimento de Registro de Licença","Licenciamento","17.671.818/0001-39","EXTRACAO DE AREIA E TRANSPORTES PIRACANJUBA LTDA","ÁGUA LIMPA - GO, BURITI ALEGRE - GO","AREIA","Construção civil","Sim"
"Gerência Regional / GO","860553/2018","Requerimento de Registro de Licença","Licenciamento","***.119.931-**","TIAGO MENDONCA SILVA","RIALMA - GO","ARGILA","Cerâmica vermelha","Sim"
"Gerência Regional / GO","861061/2017","Requerimento de Registro de Licença","Licenciamento","***.474.721-**","JUNIO SERGIO COSTA DE ASSIS","PEROLÂNDIA - GO","CASCALHO","Construção civil","Sim"
"Gerência Regional / GO","860585/2016","Requerimento de Registro de Licença","Licenciamento","***.162.976-**","JOAO LUIZ RODRIGUES SOUZA","CACHOEIRA ALTA - GO","CASCALHO","Construção civil","Sim"
"Gerência Regional / GO","860241/2016","Requerimento de Registro de Licença","Licenciamento","13.494.321/0001-31","Rv Areia Ltda Me","MIMOSO DE GOIÁS - GO, PADRE BERNARDO - GO","AREIA, CASCALHO","Construção civil, Construção civil","Sim"
"Gerência Regional / GO","861037/2025","Requerimento de Registro de Licença","Licenciamento","***.614.701-**","LEONARDO VILELA DE MELO","JATAÍ - GO","CASCALHO","Construção civil","Sim"
"Gerência Regional / GO","860752/2014","Requerimento de Registro de Licença","Licenciamento","***.185.241-**","Edgar Vicente Rosa ","BRITÂNIA - GO","AREIA, CASCALHO","Construção civil, Construção civil","Sim"
"Gerência Regional / GO","860639/2018","Requerimento de Registro de Licença","Licenciamento","***.155.611-**","Delcides Ferreira Camargo","ITAPURANGA - GO","CASCALHO","Construção civil","Sim"
"Gerência Regional / GO","860802/2016","Requerimento de Mudança de Regime para Licenciamento","Licenciamento","***.195.851-**","Geraldo Bento de Oliveira Junior","ÁGUAS LINDAS DE GOIÁS - GO","CASCALHO","Construção civil","Sim"
"Gerência Regional / GO","860397/2018","Requerimento de Registro de Licença","Licenciamento","***.029.581-**","LUCIENE ROCHA TEIXEIRA","PANAMÁ - GO","AREIA","Construção civil","Sim"
"Gerência Regional / GO","861147/2016","Requerimento de Mudança de Regime para Licenciamento","Licenciamento","***.031.401-**","Nilson Levino Pereira","GOIÁS - GO","ARGILA","Construção civil","Sim"
"Gerência Regional / GO","860114/2017","Requerimento de Mudança de Regime para Licenciamento","Licenciamento","24.643.853/0001-00","AREAL SANTA ROSA LTDA","SÃO LUÍS DE MONTES BELOS - GO","AREIA, CASCALHO","Construção civil, Construção civil","Sim"
"Gerência Regional / GO","860491/2016","Requerimento de Registro de Licença","Licenciamento","***.894.071-**","Ricardo Rodrigues Roriz","GUAPÓ - GO","AREIA","Construção civil","Sim"
"Gerência Regional / GO","860219/2017","Requerimento de Mudança de Regime para Licenciamento","Licenciamento","***.401.581-**","EUDES SILVA VIEIRA","JANDAIA - GO","AREIA, ARGILA","Cerâmica vermelha, Construção civil","Sim"
"Gerência Regional / GO","860519/2016","Requerimento de Registro de Licença","Licenciamento","***.486.041-**","Alcidino Pereira de Souza ","NIQUELÂNDIA - GO","AREIA","Construção civil","Sim"
"Gerência Regional / GO","861228/2022","Requerimento de Mudança de Regime para Licenciamento","Licenciamento","***.083.801-**","SINVAL DA COSTA VALE","JARAGUÁ - GO, RIANÁPOLIS - GO","AREIA, CASCALHO","Construção civil, Construção civil","Sim"
"Gerência Regional / GO","860536/2016","Requerimento de Registro de Licença","Licenciamento","***.059.831-**","Francisco Caje Sobrinho","SANTO ANTÔNIO DO DESCOBERTO - GO","CASCALHO","Construção civil","Sim"
"Gerência Regional / GO","860927/2016","Requerimento de Registro de Licença","Licenciamento","***.389.661-**","JOAO FERREIRA DA SILVA JUNIOR","GOIANÉSIA - GO","CASCALHO","Construção civil","Sim"
"Gerência Regional / GO","861026/2009","Requerimento de Registro de Licença","Licenciamento","24.216.534/0001-18","AREIAL E TERRAPLANAGEM SILVEIRA LTDA","GOIÁS - GO","AREIA","Construção civil","Sim"
"Gerência Regional / GO","860134/2018","Requerimento de Registro de Licença","Licenciamento","***.915.698-**","Aristides Cano","PIRES DO RIO - GO","CASCALHO","Construção civil","Sim"
"Gerência Regional / GO","861989/2013","Requerimento de Registro de Licença","Licenciamento","04.919.260/0001-16","Sr Mineração Ltda Me","JUSSARA - GO, MONTES CLAROS DE GOIÁS - GO","AREIA","Construção civil","Sim"
"Gerência Regional / GO","860787/2016","Requerimento de Registro de Licença","Licenciamento","***.887.768-**","Vinícius Marcondes Camargo Terin","SERRANÓPOLIS - GO","CASCALHO","Construção civil","Sim"
"Gerência Regional / GO","860900/2016","Requerimento de Registro de Licença","Licenciamento","17.878.246/0001-63","Barc Negocios Imobiliarios Ltda Me","RIO VERDE - GO","AREIA","Construção civil","Sim"
"Gerência Regional / GO","860986/2017","Requerimento de Mudança de Regime para Licenciamento","Licenciamento","***.574.212-**","ELIAS MOREIRA LIMA","JARAGUÁ - GO, SÃO FRANCISCO DE GOIÁS - GO","AREIA","Construção civil","Sim"
"Gerência Regional / GO","860095/2017","Requerimento de Registro de Licença","Licenciamento","***.065.931-**","ISRAEL RODRIGUES DE MORAIS","ALEXÂNIA - GO","CASCALHO","Brita","Sim"
"Gerência Regional / GO","860131/2019","Requerimento de Mudança de Regime para Licenciamento","Licenciamento","24.628.608/0001-23","IVAN VIEIRA DO NASCIMENTO","GUARANI DE GOIÁS - GO, IACIARA - GO","AREIA","Construção civil","Sim"
"Gerência Regional / GO","860120/2017","Requerimento de Registro de Licença","Licenciamento","24.628.608/0001-23","IVAN VIEIRA DO NASCIMENTO","GUARANI DE GOIÁS - GO, IACIARA - GO","AREIA","Construção civil","Sim"
"Gerência Regional / GO","860429/2020","Requerimento de Registro de Licença","Licenciamento","***.588.701-**","ROSYELLEN MACHADO BERNARDES ","ANÁPOLIS - GO","CASCALHO","Construção civil","Sim"
"Gerência Regional / GO","861453/2021","Requerimento de Registro de Licença","Licenciamento","26.474.621/0001-09","AFC MINERACAO E TRANSPORTADORA LTDA","ITAPIRAPUÃ - GO","CASCALHO","Brita","Sim"
"Gerência Regional / GO","860646/2013","Requerimento de Registro de Licença","Licenciamento","26.474.621/0001-09","AFC MINERACAO E TRANSPORTADORA LTDA","FAINA - GO","AREIA, CASCALHO","Construção civil, Construção civil","Sim"
"Gerência Regional / GO","860431/2017","Requerimento de Registro de Licença","Licenciamento","***.447.141-**","ANTONIO FERNANDES DA SILVA FILHO","MINEIROS - GO","AREIA","Construção civil","Sim"
"Gerência Regional / GO","860841/2019","Requerimento de Registro de Licença","Licenciamento","19.977.623/0001-47","RMR MECAL CONSTRUÇÕES E LOCAÇÕES DE MÁQUINAS EIRELI EPP","CAVALCANTE - GO, COLINAS DO SUL - GO","AREIA, CASCALHO","Construção civil, Construção civil","Sim"
"Gerência Regional / GO","860557/2018","Requerimento de Registro de Licença","Licenciamento","***.036.131-**","ROGER ALVES DE JESUS","MORRINHOS - GO","AREIA","Construção civil","Sim"
"Gerência Regional / GO","860127/2023","Requerimento de Registro de Licença","Licenciamento","***.870.701-**","ORLANDO VERAS MACEDO","ALEXÂNIA - GO","CASCALHO","Construção civil","Sim"
"Gerência Regional / GO","860765/2021","Requerimento de Registro de Licença","Licenciamento","***.571.841-**","MARIA DE OLIVEIRA CARDOSO","JARAGUÁ - GO","AREIA, CASCALHO","Construção civil, Construção civil","Sim"
"Gerência Regional / GO","860592/2020","Requerimento de Registro de Licença","Licenciamento","***.571.841-**","MARIA DE OLIVEIRA CARDOSO","JARAGUÁ - GO","AREIA, CASCALHO","Construção civil, Construção civil","Sim"
"Gerência Regional / GO","860274/2023","Requerimento de Registro de Licença","Licenciamento","08.070.566/0001-00","ATVOS BIOENERGIA BRENCO S.A.","PEROLÂNDIA - GO","CASCALHO","Construção civil","Sim"
"Gerência Regional / GO","860585/2013","Requerimento de Mudança de Regime para Licenciamento","Licenciamento","***.474.891-**","GUSTAVO QUEIROZ CAETANO","CAMPESTRE DE GOIÁS - GO","ARGILA","Cerâmica vermelha","Sim"
"Gerência Regional / GO","861094/2014","Requerimento de Mudança de Regime para Licenciamento","Licenciamento","26.053.624/0001-60","STAFF EXTRACAO E COMERCIO DE AREIA LTDA","ARAGUAPAZ - GO, FAINA - GO","AREIA, CASCALHO","Construção civil, Construção civil","Sim"
"Gerência Regional / GO","860983/2015","Requerimento de Registro de Licença","Licenciamento","09.402.205/0001-78","CANJERE TRANSPORTES LTDA","MINEIROS - GO","AREIA, CASCALHO","Construção civil, Construção civil","Sim"
"Gerência Regional / GO","860088/2022","Requerimento de Mudança de Regime para Licenciamento","Licenciamento","09.402.205/0001-78","CANJERE TRANSPORTES LTDA","MINEIROS - GO","AREIA","Construção civil","Sim"
"Gerência Regional / GO","861473/2021","Requerimento de Registro de Licença","Licenciamento","09.402.205/0001-78","CANJERE TRANSPORTES LTDA","MINEIROS - GO","AREIA, CASCALHO","Construção civil, Construção civil","Sim"
"Gerência Regional / GO","860849/2016","Requerimento de Registro de Licença","Licenciamento","***.095.721-**","Jackson Luis Costa dos Santos","GAMELEIRA DE GOIÁS - GO","AREIA","Construção civil","Sim"
"Gerência Regional / GO","861685/2012","Requerimento de Mudança de Regime para Licenciamento","Licenciamento","***.821.041-**","KATIANE DI SILVA PERES NAVES","ARAGUAPAZ - GO, FAINA - GO","AREIA","Construção civil","Sim"
"Gerência Regional / GO","860415/2018","Requerimento de Registro de Licença","Licenciamento","21.064.931/0001-23","SPE - CRUZEIRO DO SUL EMPREENDIMENTOS LTDA","IPORÁ - GO","CASCALHO","Construção civil","Sim"
"Gerência Regional / GO","860823/2021","Requerimento de Registro de Licença","Licenciamento","***.059.201-**","MARIA MINERVINA DE BARROS VAZ","MORRINHOS - GO","AREIA, CASCALHO","Construção civil, Construção civil","Sim"
"Gerência Regional / GO","860733/2020","Requerimento de Mudança de Regime para Licenciamento","Licenciamento","25.260.776/0001-71","NEW STONES MINERACAO LTDA","NOVA IGUAÇU DE GOIÁS - GO","MINÉRIO DE OURO, QUARTZO","Industrial, Industrial","Sim"
"Gerência Regional / GO","861182/2016","Requerimento de Registro de Licença","Licenciamento","***.398.261-**","Derneval Floriano de Paula","NOVA CRIXÁS - GO","AREIA, CASCALHO","Construção civil, Construção civil","Sim"
"Gerência Regional / GO","860925/2018","Requerimento de Cessão parcial","Licenciamento","***.854.021-**","EVANDRO DA SILVA DUARTE","PIRENÓPOLIS - GO","AREIA, CASCALHO","Construção civil, Construção civil","Sim"
"Gerência Regional / GO","861259/2016","Requerimento de Registro de Licença","Licenciamento","***.574.212-**","ELIAS MOREIRA LIMA","JARAGUÁ - GO","AREIA","Construção civil","Sim"
"Gerência Regional / GO","861241/2016","Requerimento de Registro de Licença","Licenciamento","***.517.401-**","Novecy Rodrigues Rezende","PEROLÂNDIA - GO","CASCALHO","Construção civil","Sim"
"Gerência Regional / GO","860399/2011","Requerimento de Registro de Licença","Licenciamento","***.892.931-**","Sebastiana Bernardes Rosa","PROFESSOR JAMIL - GO","AREIA","Construção civil","Sim"
"Gerência Regional / GO","860344/2018","Requerimento de Registro de Licença","Licenciamento","23.448.428/0001-05","FUTURA PARTICIPACOES LTDA","PONTALINA - GO","AREIA","Construção civil","Sim"
"Gerência Regional / GO","861342/2016","Requerimento de Registro de Licença","Licenciamento","04.441.331/0001-18","Federal Náutica Ltda Me","NIQUELÂNDIA - GO","CASCALHO","Construção civil","Sim"
"Gerência Regional / GO","861371/2016","Requerimento de Registro de Licença","Licenciamento","14.479.614/0001-02","JCA MINERADORA, CONSTRUTORA E EMPREENDIMENTOS IMOBILIARIOS EIRELI","SANTO ANTÔNIO DO DESCOBERTO - GO","CASCALHO, QUARTZITO","Brita, Construção civil","Sim"
"Gerência Regional / GO","860541/2017","Requerimento de Registro de Licença","Licenciamento","***.557.091-**","JOSE ANTONIO DOS SANTOS","SÃO FRANCISCO DE GOIÁS - GO","AREIA, CASCALHO","Construção civil, Construção civil","Sim"
"Gerência Regional / GO","861406/2016","Requerimento de Registro de Licença","Licenciamento","37.363.835/0001-16","AGROPECUÁRIA PALMA LTDA","NOVO GAMA - GO","CASCALHO","Construção civil","Sim"
"Gerência Regional / GO","861503/2016","Requerimento de Registro de Licença","Licenciamento","***.678.011-**","JOÃO BERNARDINO SILVEIRA","MORRINHOS - GO","CASCALHO","Construção civil","Sim"
"Gerência Regional / GO","860408/2017","Requerimento de Registro de Licença","Licenciamento","***.577.161-**","DELVE VAZ DA SILVA","FORMOSA - GO","ARGILA, CASCALHO","Cerâmica vermelha, Construção civil","Sim"
"Gerência Regional / GO","860181/2021","Requerimento de Registro de Licença","Licenciamento","***.065.931-**","ISRAEL RODRIGUES DE MORAIS","ALEXÂNIA - GO","CASCALHO","Construção civil","Sim"
"Gerência Regional / GO","860060/2017","Requerimento de Registro de Licença","Licenciamento","26.298.765/0001-43","Mineração Pedra Viva Eireli EPP","PIRACANJUBA - GO","AREIA","Construção civil","Sim"
"Gerência Regional / GO","860117/2017","Requerimento de Registro de Licença","Licenciamento","***.919.921-**","CEZAR PIMENTA HONORATO","PIRACANJUBA - GO","AREIA","Construção civil","Sim"
"Gerência Regional / GO","860148/2010","Requerimento de Registro de Licença","Licenciamento","24.628.608/0001-23","IVAN VIEIRA DO NASCIMENTO","IACIARA - GO","AREIA","Construção civil","Sim"
"Gerência Regional / GO","860239/2017","Requerimento de Registro de Licença","Licenciamento","***.605.301-**","VAGNER GONCALVES DE SOUZA","PETROLINA DE GOIÁS - GO","ARGILA","Cerâmica vermelha","Sim"
"Gerência Regional / GO","860594/2022","Requerimento de Registro de Licença","Licenciamento","***.588.701-**","ROSYELLEN MACHADO BERNARDES ","ANÁPOLIS - GO","CASCALHO","Construção civil","Sim"
"Gerência Regional / GO","861937/2012","Requerimento de Mudança de Regime para Licenciamento","Licenciamento","26.926.452/0001-92","COPEM - MINERACAO E TRANSPORTE LTDA","IVOLÂNDIA - GO, PALESTINA DE GOIÁS - GO","AREIA","Construção civil","Sim"
"Gerência Regional / GO","860193/2017","Requerimento de Registro de Licença","Licenciamento","***.602.001-**","MOACIR ADAO CAIXETA FILHO","VIANÓPOLIS - GO","AREIA","Construção civil","Sim"
"Gerência Regional / GO","860262/2017","Requerimento de Registro de Licença","Licenciamento","***.571.401-**","VALDEMAR PEREIRA DA COSTA NETO","POSSE - GO","CASCALHO","Construção civil","Sim"
"Gerência Regional / GO","860289/2017","Requerimento de Registro de Licença","Licenciamento","***.279.006-**","jose palhares de oliveira","ITUMBIARA - GO","CASCALHO","Construção civil","Sim"
"Gerência Regional / GO","860348/2019","Requerimento de Registro de Licença","Licenciamento","26.474.621/0001-09","AFC MINERACAO E TRANSPORTADORA LTDA","GOIÁS - GO","CASCALHO","Construção civil","Sim"
"Gerência Regional / GO","860342/2017","Requerimento de Registro de Licença","Licenciamento","***.593.681-**","ANA RITA DE FONTES SIQUEIRA","PIRENÓPOLIS - GO","QUARTZITO","Pedra de talhe","Sim"
"Gerência Regional / GO","860502/2017","Requerimento de Registro de Licença","Licenciamento","***.144.411-**","BOUSKELA KAISER SOARES MENDONCA","CALDAS NOVAS - GO","CASCALHO","Construção civil","Sim"
"Gerência Regional / GO","860597/2017","Requerimento de Registro de Licença","Licenciamento","27.179.107/0001-03","MINERACAO DE AREIA BARROS - EIRELI","RIO VERDE - GO","AREIA","Construção civil","Sim"
"Gerência Regional / GO","860555/2022","Requerimento de Registro de Licença","Licenciamento","***.588.281-**","NORBELIO RIBEIRO DE ARAUJO","MOZARLÂNDIA - GO","CASCALHO","Construção civil","Sim"
"Gerência Regional / GO","860727/2017","Requerimento de Mudança de Regime para Licenciamento","Licenciamento","***.628.161-**","AZAMOR LEITE TEIXEIRA","ANÁPOLIS - GO","AREIA","Construção civil","Sim"
"Gerência Regional / GO","860414/2017","Requerimento de Registro de Licença","Licenciamento","***.568.411-**","ULISSES MARQUES DOS SANTOS","ITAPURANGA - GO","AREIA, CASCALHO","Construção civil, Construção civil","Sim"
"Gerência Regional / GO","860432/2017","Requerimento de Registro de Licença","Licenciamento","***.447.141-**","ANTONIO FERNANDES DA SILVA FILHO","MINEIROS - GO","AREIA","Construção civil","Sim"
"Gerência Regional / GO","860393/2017","Requerimento de Registro de Licença","Licenciamento","***.725.011-**","ARMINDO PEDRO DE CARVALHO","SÃO MIGUEL DO PASSA QUATRO - GO","ARGILA","Cerâmica vermelha","Sim"
"Gerência Regional / GO","860732/2024","Requerimento de Registro de Licença","Licenciamento","***.623.971-**","Edivan Rodrigues dos Santos","PIRENÓPOLIS - GO","AREIA, CASCALHO","Construção civil, Construção civil","Sim"
"Gerência Regional / GO","862954/2011","Requerimento de Registro de Licença","Licenciamento","19.977.623/0001-47","RMR MECAL CONSTRUÇÕES E LOCAÇÕES DE MÁQUINAS EIRELI EPP","CAVALCANTE - GO, COLINAS DO SUL - GO","AREIA, CASCALHO","Construção civil, Construção civil","Sim"
"Gerência Regional / GO","860756/2017","Requerimento de Registro de Licença","Licenciamento","***.360.861-**","EDSON MARCONI REZENDE COSTA","FORMOSA - GO","CASCALHO","Construção civil","Sim"
"Gerência Regional / GO","860503/2017","Requerimento de Registro de Licença","Licenciamento","***.036.131-**","ROGER ALVES DE JESUS","BURITI ALEGRE - GO, MORRINHOS - GO","AREIA","Construção civil","Sim"
"Gerência Regional / GO","860553/2017","Requerimento de Registro de Licença","Licenciamento","***.788.648-**","MARCELO JONY SWART","MONTIVIDIU - GO","CASCALHO","Construção civil","Sim"
"Gerência Regional / GO","860247/2021","Requerimento de Registro de Licença","Licenciamento","***.687.001-**","EDNEY TEODORO DA SILVA","MINEIROS - GO","AREIA, CASCALHO","Construção civil, Construção civil","Sim"
"Gerência Regional / GO","862513/2011","Requerimento de Mudança de Regime para Licenciamento","Licenciamento","***.354.891-**","Hugo Vaz Nunes","CATALÃO - GO, IPAMERI - GO","AREIA, CASCALHO","Construção civil, Construção civil","Sim"
"Gerência Regional / GO","860533/2017","Requerimento de Registro de Licença","Licenciamento","***.075.961-**","ALAN KARDEC MARUZETH FERREIRA","SANCLERLÂNDIA - GO","ARGILA","Cerâmica vermelha","Sim"
"Gerência Regional / GO","860595/2017","Requerimento de Registro de Licença","Licenciamento","***.870.701-**","ORLANDO VERAS MACEDO","ALEXÂNIA - GO","CASCALHO","Brita","Sim"
"Gerência Regional / GO","860865/2017","Requerimento de Registro de Licença","Licenciamento","***.389.481-**","ULIANDRO BORGES DA SILVA","ITUMBIARA - GO","CASCALHO","Construção civil","Sim"
"Gerência Regional / GO","860674/2017","Requerimento de Registro de Licença","Licenciamento","***.736.261-**","DIVINO MAGNO LOURENÇO","CORUMBAÍBA - GO","AREIA, CASCALHO, SAIBRO","Construção civil, Construção civil, Construção civil","Sim"
"Gerência Regional / GO","861423/2009","Requerimento de Registro de Licença","Licenciamento","***.361.501-**","ALVARO JOSE RODRIGUES","MORRINHOS - GO","AREIA, CASCALHO","Construção civil, Construção civil","Sim"
"Gerência Regional / GO","860654/2017","Requerimento de Registro de Licença","Licenciamento","***.834.661-**","BERLIM MACHADO DE LIMA","ALEXÂNIA - GO","ARGILA","Cerâmica vermelha","Sim"
"Gerência Regional / GO","860769/2017","Requerimento de Registro de Licença","Licenciamento","***.597.531-**","Nildete Martins Resende Vilela","MINEIROS - GO","CASCALHO","Construção civil","Sim"
"Gerência Regional / GO","860709/2017","Requerimento de Registro de Licença","Licenciamento","***.983.501-**","AILAND NERI DA SILVA","BELA VISTA DE GOIÁS - GO","AREIA","Construção civil","Sim"
"Gerência Regional / GO","861625/2021","Requerimento de Registro de Licença","Licenciamento","***.571.841-**","MARIA DE OLIVEIRA CARDOSO","JARAGUÁ - GO","AREIA","Construção civil","Sim"
"Gerência Regional / GO","861709/2021","Requerimento de Registro de Licença","Licenciamento","***.091.441-**","VALDEIR FIRMINO DE SOUZA","ALEXÂNIA - GO","CASCALHO","Construção civil","Sim"
"Gerência Regional / GO","860045/2016","Requerimento de Registro de Licença","Licenciamento","28.475.447/0001-36","Santa Fé Comércio e Extração EIRELI ME","SÃO JOÃO D'ALIANÇA - GO","AREIA","Construção civil","Sim"
"Gerência Regional / GO","860817/2017","Requerimento de Registro de Licença","Licenciamento","***.311.981-**","GERALDO MENDONÇA CRUVINEL","RIO VERDE - GO","CASCALHO","Construção civil","Sim"
"Gerência Regional / GO","860484/2020","Requerimento de Registro de Licença","Licenciamento","08.250.864/0001-73","LEAO EMPREENDIMENTOS IMOBILIARIOS LTDA","MONTIVIDIU - GO","CASCALHO","Construção civil","Sim"
"Gerência Regional / GO","860752/2018","Requerimento de Mudança de Regime para Licenciamento","Licenciamento","28.608.546/0001-49","PAULO LUIS PINTO 88583040125","POSSE - GO","AREIA","Construção civil","Sim"
"Gerência Regional / GO","860872/2017","Requerimento de Registro de Licença","Licenciamento","***.578.501-**","SERGIO ANTONIO DE OLIVEIRA","SILVÂNIA - GO, VIANÓPOLIS - GO","AREIA, ARGILA, CASCALHO","Cerâmica vermelha, Construção civil, Construção civil","Sim"
"Gerência Regional / GO","861454/2009","Requerimento de Mudança de Regime para Licenciamento","Licenciamento","28.173.708/0001-63","PEDREIRA SANTA HELENA LTDA","SANTA HELENA DE GOIÁS - GO","BASALTO","Brita","Sim"
"Gerência Regional / GO","860953/2017","Requerimento de Registro de Licença","Licenciamento","03.306.164/0001-30","LOCALIZA IMOVEIS LTDA","ABADIA DE GOIÁS - GO","CASCALHO","Construção civil","Sim"
"Gerência Regional / GO","860148/2018","Requerimento de Registro de Licença","Licenciamento","***.727.871-**","AILTON MARTINS DE OLIVEIRA","URUTAÍ - GO","CASCALHO","Construção civil","Sim"
"Gerência Regional / GO","860971/2017","Requerimento de Registro de Licença","Licenciamento","***.507.651-**","Hélio Monteiro Guimaraes","FORMOSA - GO","CASCALHO","Construção civil","Sim"
"Gerência Regional / GO","860681/2022","Requerimento de Registro de Licença","Licenciamento","***.474.891-**","GUSTAVO QUEIROZ CAETANO","CAMPESTRE DE GOIÁS - GO","ARGILA","Construção civil","Sim"
"Gerência Regional / GO","860246/2009","Requerimento de Registro de Licença","Licenciamento","***.969.001-**","AGNALDO ALVES DA COSTA","SÃO LUÍS DE MONTES BELOS - GO","AREIA","Construção civil","Sim"
"Gerência Regional / GO","861087/2017","Requerimento de Registro de Licença","Licenciamento","***.834.426-**","Neldeci Jose de Araujo","CORUMBAÍBA - GO","AREIA","Construção civil","Sim"
"Gerência Regional / GO","861095/2014","Requerimento de Mudança de Regime para Licenciamento","Licenciamento","26.053.624/0001-60","STAFF EXTRACAO E COMERCIO DE AREIA LTDA","ARAGUAPAZ - GO, FAINA - GO","AREIA","Construção civil","Sim"
"Gerência Regional / GO","860037/2018","Requerimento de Registro de Licença","Licenciamento","21.295.205/0001-11","MIDAS PATRIMONIAL LTDA","ALEXÂNIA - GO","CASCALHO","Brita","Sim"
"Gerência Regional / GO","861698/2012","Requerimento de Registro de Licença","Licenciamento","29.159.796/0001-01","PEDREIRA CATHALÃO LTDA","CATALÃO - GO","GRANITO","Brita","Sim"
"Gerência Regional / GO","861448/2010","Requerimento de Registro de Licença","Licenciamento","09.402.205/0001-78","CANJERE TRANSPORTES LTDA","MINEIROS - GO","AREIA","Construção civil","Sim"
"Gerência Regional / GO","860340/2018","Requerimento de Registro de Licença","Licenciamento","11.938.605/0001-44","MFG AGROPEGUARIA LTDA","MINEIROS - GO","CASCALHO","Construção civil","Sim"
"Gerência Regional / GO","860179/2018","Requerimento de Registro de Licença","Licenciamento","***.357.721-**","CARLOS ALBERTO DOS REIS ARAUJO","NOVO BRASIL - GO","AREIA","Construção civil","Sim"
"Gerência Regional / GO","860403/2017","Requerimento de Registro de Licença","Licenciamento","20.812.502/0001-24","APB MINERACAO LTDA","FORMOSA - GO","AREIA","Construção civil","Sim"
"Gerência Regional / GO","860600/2018","Requerimento de Registro de Licença","Licenciamento","***.606.671-**","Duglaci Souza Lima","CAÇU - GO","CASCALHO","Construção civil","Sim"
"Gerência Regional / GO","860050/2011","Requerimento de Registro de Licença","Licenciamento","***.619.831-**","WILTON BATISTA DA SILVA","GOIÁS - GO","AREIA","Construção civil","Sim"
"Gerência Regional / GO","860287/2018","Requerimento de Registro de Licença","Licenciamento","***.263.931-**","PAULETE MAGALHÃES SILVA MENDONÇA","INHUMAS - GO","ARGILA","Cerâmica vermelha","Sim"
"Gerência Regional / GO","860279/2018","Requerimento de Registro de Licença","Licenciamento","20.159.255/0001-09","DIVINO ALVES DE FREITAS JUNIOR","GOIATUBA - GO, PANAMÁ - GO","AREIA","Construção civil","Sim"
"Gerência Regional / GO","860274/2018","Requerimento de Registro de Licença","Licenciamento","***.958.511-**","João Asmar Júnior","ANÁPOLIS - GO","CASCALHO","Brita","Sim"
"Gerência Regional / GO","860399/2018","Requerimento de Registro de Licença","Licenciamento","***.770.421-**","RAIMUNDA DA ROCHA VIANA","SANTO ANTÔNIO DO DESCOBERTO - GO","CASCALHO","Construção civil","Sim"
"Gerência Regional / GO","861123/2021","Requerimento de Registro de Licença","Licenciamento","***.279.701-**","MURYLO MEDEIROS FORTES","RIALMA - GO","ARGILA, ARGILA","Cerâmica vermelha, Construção civil","Sim"
"Gerência Regional / GO","860840/2018","Requerimento de Registro de Licença","Licenciamento","30.012.401/0001-22","RONALDO RIBEIRO 19132611668","CORUMBAÍBA - GO","ARGILA, ARGILA","Cerâmica vermelha, Construção civil","Sim"
"Gerência Regional / GO","860607/2018","Requerimento de Registro de Licença","Licenciamento","***.327.736-**","MARIA APARECIDA GOMES REZENDE","VICENTINÓPOLIS - GO","BASALTO","Pedra de talhe","Sim"
"Gerência Regional / GO","860343/2020","Requerimento de Mudança de Regime para Licenciamento","Licenciamento","***.587.921-**","KEDMA MARQUES NESSRALLA","FORMOSA - GO","CASCALHO","Construção civil","Sim"
"Gerência Regional / GO","860803/2017","Requerimento de Registro de Licença","Licenciamento","35.098.530/0001-07","BRASIL EXTRACAO E COMERCIO DE AREIA LTDA","RIO VERDE - GO","AREIA","Construção civil","Sim"
"Gerência Regional / GO","860387/2017","Requerimento de Registro de Licença","Licenciamento","27.415.167/0001-70","SHOPPING DAS AREIAS E SERVICOS EIRELI","JARAGUÁ - GO","AREIA, ARGILA, CASCALHO","Cerâmica vermelha, Construção civil, Construção civil","Sim"
"Gerência Regional / GO","860288/2025","Requerimento de Mudança de Regime para Licenciamento","Licenciamento","27.415.167/0001-70","SHOPPING DAS AREIAS E SERVICOS EIRELI","JARAGUÁ - GO","AREIA","Construção civil","Sim"
"Gerência Regional / GO","860158/2021","Requerimento de Registro de Licença","Licenciamento","08.598.391/0001-08","ATVOS BIOENERGIA RIO CLARO S.A","CAÇU - GO","CASCALHO","Construção civil","Sim"
"Gerência Regional / GO","860420/2016","Requerimento de Mudança de Regime para Licenciamento","Licenciamento","36.189.896/0001-46","PJ  AREIAL E SERVICOS LTDA","GUARANI DE GOIÁS - GO, IACIARA - GO","AREIA","Construção civil","Sim"
"Gerência Regional / GO","860345/2022","Requerimento de Registro de Licença","Licenciamento","***.187.261-**","VANDA BATISTA PINTO","ABADIA DE GOIÁS - GO","CASCALHO","Construção civil","Sim"
"Gerência Regional / GO","861539/2024","Requerimento de Registro de Licença","Licenciamento","29.962.596/0001-92","RAFAEL DE FREITAS CURY LTDA","JARAGUÁ - GO","AREIA","Construção civil","Sim"
"Gerência Regional / GO","860426/2021","Requerimento de Registro de Licença","Licenciamento","***.279.701-**","MURYLO MEDEIROS FORTES","RIANÁPOLIS - GO","ARGILA","Construção civil","Sim"
"Gerência Regional / GO","860841/2018","Requerimento de Registro de Licença","Licenciamento","30.012.401/0001-22","RONALDO RIBEIRO 19132611668","CORUMBAÍBA - GO","ARGILA, ARGILA","Cerâmica vermelha, Construção civil","Sim"
"Gerência Regional / GO","860426/2018","Requerimento de Registro de Licença","Licenciamento","***.025.966-**","RUBENIQUE FERREIRA PAZ","MAIRIPOTABA - GO, PROFESSOR JAMIL - GO","AREIA","Construção civil","Sim"
"Gerência Regional / GO","860421/2018","Requerimento de Registro de Licença","Licenciamento","30.377.970/0001-71","DISTRIBUIDORA DE AREIA JOMA LTDA","CACHOEIRA DE GOIÁS - GO","AREIA","Construção civil","Sim"
"Gerência Regional / GO","860254/2019","Requerimento de Mudança de Regime para Licenciamento","Licenciamento","30.323.122/0001-80","FETZ MINERADORA LTDA.","RIO VERDE - GO","BASALTO","Brita","Sim"
"Gerência Regional / GO","860734/2019","Requerimento de Registro de Licença","Licenciamento","08.448.846/0001-09","EB INFRA CONSTRUÇÕES LTDA","MONTES CLAROS DE GOIÁS - GO","CASCALHO","Construção civil","Sim"
"Gerência Regional / GO","860462/2018","Requerimento de Registro de Licença","Licenciamento","***.154.966-**","JOSÉ EOLALIO BRANDÃO","VICENTINÓPOLIS - GO","CASCALHO","Construção civil","Sim"
"Gerência Regional / GO","860522/2022","Requerimento de Registro de Licença","Licenciamento","***.931.501-**","Ismael Elias Souza","MARZAGÃO - GO","CASCALHO","Construção civil","Sim"
"Gerência Regional / GO","860151/2021","Requerimento de Registro de Licença","Licenciamento","***.934.601-**","Euripedes de Araújo lima","CALDAS NOVAS - GO","CASCALHO","Construção civil","Sim"
"Gerência Regional / GO","860904/2024","Requerimento de Registro de Licença","Licenciamento","***.327.736-**","MARIA APARECIDA GOMES REZENDE","VICENTINÓPOLIS - GO","BASALTO","Pedra de talhe","Sim"
"Gerência Regional / GO","860637/2018","Requerimento de Registro de Licença","Licenciamento","00.595.322/0001-20","DENUSA DESTILARIA NOVA UNIAO S A","JANDAIA - GO","CASCALHO","Construção civil","Sim"
"Gerência Regional / GO","860647/2018","Requerimento de Registro de Licença","Licenciamento","24.869.497/0001-47","ADÉLIO MOREIRA DE CARVALHO ME","LUZIÂNIA - GO","CASCALHO","Construção civil","Sim"
"Gerência Regional / GO","860254/2020","Requerimento de Registro de Licença","Licenciamento","***.561.799-**","SIDNEI VALENTIM BITTENCOURT","IPORÁ - GO","ARGILA","Cerâmica vermelha","Sim"
"Gerência Regional / GO","860353/2020","Requerimento de Registro de Licença","Licenciamento","***.273.301-**","DIOGO FEITOZA DA COSTA","CAMPESTRE DE GOIÁS - GO","ARGILA","Cerâmica vermelha","Sim"
"Gerência Regional / GO","860771/2018","Requerimento de Registro de Licença","Licenciamento","31.032.376/0001-01","DEUSAMAR RIBEIRO DE SOZA MINERADORA EIRELI","FIRMINÓPOLIS - GO","CASCALHO","Construção civil","Sim"
"Gerência Regional / GO","860169/2019","Requerimento de Registro de Licença","Licenciamento","***.256.861-**","JOÃO RICARDO AMARAL","FAZENDA NOVA - GO, JUSSARA - GO","AREIA","Construção civil","Sim"
"Gerência Regional / GO","861434/2021","Requerimento de Registro de Licença","Licenciamento","***.092.521-**","FERNANDO VIEIRA DE BARROS","PALMEIRAS DE GOIÁS - GO","ARGILA","Construção civil","Sim"
"Gerência Regional / GO","860811/2018","Requerimento de Registro de Licença","Licenciamento","***.162.891-**","João Delfino da Silva","SILVÂNIA - GO","AREIA, ARGILA","Cerâmica vermelha, Construção civil","Sim"
"Gerência Regional / GO","860954/2018","Requerimento de Registro de Licença","Licenciamento","05.102.872/0001-84","RODRIGO BRENNER DE SOUSA & CIA LTDA","SILVÂNIA - GO","CASCALHO","Construção civil","Sim"
"Gerência Regional / GO","862147/2012","Requerimento de Registro de Licença","Licenciamento","***.859.321-**","ADRIANO CESAR FERREIRA DA SILVA SOBRINHO GARCIA","QUIRINÓPOLIS - GO","AREIA","Construção civil","Sim"
"Gerência Regional / GO","860990/2012","Requerimento de Registro de Licença","Licenciamento","30.326.153/0001-94","JONAS DIAS DOS SANTOS - DRAGA LL COMERCIO E SERVICOS","MONTE ALEGRE DE GOIÁS - GO","AREIA, CASCALHO","Construção civil, Construção civil","Sim"
"Gerência Regional / GO","860939/2018","Requerimento de Registro de Licença","Licenciamento","***.721.201-**","Jesus Pereira da Silva","GUAPÓ - GO","ARGILA","Construção civil","Sim"
"Gerência Regional / GO","860953/2018","Requerimento de Registro de Licença","Licenciamento","***.490.631-**","ROGERIO REINALDO RAMALHO","SILVÂNIA - GO","CASCALHO","Construção civil","Sim"
"Gerência Regional / GO","860126/2019","Requerimento de Registro de Licença","Licenciamento","***.122.901-**","IRISLANE LEAL BARBOSA","CAMPESTRE DE GOIÁS - GO","ARGILA","Cerâmica vermelha","Sim"
"Gerência Regional / GO","860065/2019","Requerimento de Registro de Licença","Licenciamento","***.437.671-**","CATARINO VIEIRA DOS SANTOS","GUAPÓ - GO","ARGILA","Cerâmica vermelha","Sim"
"Gerência Regional / GO","860070/2019","Requerimento de Registro de Licença","Licenciamento","31.905.031/0001-15","CASTRO AREIAO LTDA","SILVÂNIA - GO","AREIA, ARGILA","Cerâmica vermelha, Construção civil","Sim"
"Gerência Regional / GO","860547/2023","Requerimento de Registro de Licença","Licenciamento","***.503.941-**","IRAMAR JOSE DA FONSECA","CACHOEIRA DE GOIÁS - GO","AREIA","Construção civil","Sim"
"Gerência Regional / GO","861881/2012","Requerimento de Registro de Licença","Licenciamento","37.654.837/0001-64","TRANSBRITA SERVICOS LTDA","POSSE - GO","CALCÁRIO","Brita","Sim"
"Gerência Regional / GO","860795/2021","Requerimento de Registro de Licença","Licenciamento","***.587.921-**","KEDMA MARQUES NESSRALLA","CABECEIRAS - GO","ARGILA, CASCALHO","Cerâmica vermelha, Construção civil","Sim"
"Gerência Regional / GO","860179/2020","Requerimento de Registro de Licença","Licenciamento","***.490.351-**","GILDETE ARANTES ATAIDES BRAZ","RIO VERDE - GO","CASCALHO","Construção civil","Sim"
"Gerência Regional / GO","860157/2021","Requerimento de Cessão parcial","Licenciamento","***.961.631-**","Jones de Azevedo Campos","NIQUELÂNDIA - GO","AREIA","Construção civil","Sim"
"Gerência Regional / GO","860275/2019","Requerimento de Registro de Licença","Licenciamento","***.060.631-**","EDILSON BARBOSA DE SOUZA","MINAÇU - GO","AREIA","Construção civil","Sim"
"Gerência Regional / GO","860555/2019","Requerimento de Registro de Licença","Licenciamento","***.836.451-**","ANTONIO CONSTANTINO DA ROCHA","GUAPÓ - GO","AREIA, ARGILA","Cerâmica vermelha, Construção civil","Sim"
"Gerência Regional / GO","860442/2019","Requerimento de Registro de Licença","Licenciamento","***.721.501-**","ZILDA ALVES DAS DORES","MORRINHOS - GO","CASCALHO","Construção civil","Sim"
"Gerência Regional / GO","860330/2019","Requerimento de Registro de Licença","Licenciamento","***.149.101-**","ADALCINDO XAVIER DA SILVANETO","LEOPOLDO DE BULHÕES - GO, SILVÂNIA - GO","CASCALHO","Construção civil","Sim"
"Gerência Regional / GO","860356/2019","Requerimento de Registro de Licença","Licenciamento","***.013.181-**","Georgiana claudia ferreira bueno martins","BELA VISTA DE GOIÁS - GO","CASCALHO","Construção civil","Sim"
"Gerência Regional / GO","861689/2021","Requerimento de Registro de Licença","Licenciamento","***.453.941-**","VANDERLEI FERREIRA DA SILVA","SILVÂNIA - GO","AREIA, ARGILA","Construção civil, Construção civil","Sim"
"Gerência Regional / GO","861069/2021","Requerimento de Registro de Licença","Licenciamento","28.982.568/0001-74","PAIX SERVICOS POSTUMOS LTDA","TRINDADE - GO","CASCALHO, SAIBRO","Construção civil, Construção civil","Sim"
"Gerência Regional / GO","860381/2019","Requerimento de Cessão parcial","Licenciamento","***.010.131-**","MAURICIO JOSE DA CRUZ","ORIZONA - GO","ARGILA","Cerâmica vermelha","Sim"
"Gerência Regional / GO","860168/2020","Requerimento de Registro de Licença","Licenciamento","28.259.724/0001-73","3M PARTICIPACOES E INVESTIMENTOS LTDA","INHUMAS - GO","CASCALHO","Construção civil","Sim"
"Gerência Regional / GO","860443/2019","Requerimento de Registro de Licença","Licenciamento","13.982.514/0001-31","CERAMICA HONDA LTDA","BRAZABRANTES - GO","ARGILA","Cerâmica vermelha","Sim"
"Gerência Regional / GO","860347/2018","Requerimento de Mudança de Regime para Licenciamento","Licenciamento","28.092.524/0001-79","PEDREIRA URUACU LTDA","URUAÇU - GO","GRANITO","Brita","Sim"
"Gerência Regional / GO","861854/2021","Requerimento de Registro de Licença","Licenciamento","33.967.314/0001-17","TC EXTRACAO E TRANSPORTADORA EIRELI","IPORÁ - GO","CASCALHO","Construção civil","Sim"
"Gerência Regional / GO","860983/2016","Requerimento de Registro de Licença","Licenciamento","32.512.798/0001-47","PEDREIRA BELA VISTA UNIAO LTDA","URUAÇU - GO","GNAISSE","Brita","Sim"
"Gerência Regional / GO","860663/2019","Requerimento de Registro de Licença","Licenciamento","***.111.661-**","José Lima Dutra","ALEXÂNIA - GO","ARGILA","Cerâmica vermelha","Sim"
"Gerência Regional / GO","860665/2019","Requerimento de Registro de Licença","Licenciamento","06.178.335/0001-80","Imobiliária Verge LTDA","CATALÃO - GO","CASCALHO","Construção civil","Sim"
"Gerência Regional / GO","860185/2020","Requerimento de Registro de Licença","Licenciamento","***.421.541-**","Johann Moritz Marciano","RIO VERDE - GO","CASCALHO","Construção civil","Sim"
"Gerência Regional / GO","860804/2017","Requerimento de Registro de Licença","Licenciamento","35.098.530/0001-07","BRASIL EXTRACAO E COMERCIO DE AREIA LTDA","RIO VERDE - GO","AREIA","Construção civil","Sim"
"Gerência Regional / GO","860142/2012","Requerimento de Registro de Licença","Licenciamento","***.234.931-**","EDER FELIX GOUVEA","SILVÂNIA - GO","AREIA","Construção civil","Sim"
"Gerência Regional / GO","860774/2019","Requerimento de Registro de Licença","Licenciamento","***.689.331-**","Danilo Resende Ferreira","SILVÂNIA - GO","AREIA","Construção civil","Sim"
"Gerência Regional / GO","860804/2019","Requerimento de Registro de Licença","Licenciamento","12.212.041/0001-20","AGROPECUARIA WK LTDA","MONTIVIDIU - GO","CASCALHO","Construção civil","Sim"
"Gerência Regional / GO","860006/2020","Requerimento de Registro de Licença","Licenciamento","***.151.461-**","OSVALDO VIEIRA DA SILVA","VALPARAÍSO DE GOIÁS - GO","CASCALHO","Construção civil","Sim"
"Gerência Regional / GO","860004/2020","Requerimento de Registro de Licença","Licenciamento","***.130.528-**","ARTHUR OSCAR VAZ DE ALMEIDA FILHO","FAZENDA NOVA - GO, NOVO BRASIL - GO","AREIA","Construção civil","Sim"
"Gerência Regional / GO","860904/2019","Requerimento de Registro de Licença","Licenciamento","***.130.258-**","DAVID DINIZ GONCALVES DA SILVA","JANDAIA - GO","AREIA","Construção civil","Sim"
"Gerência Regional / MT","867107/2019","Requerimento de Registro de Licença","Licenciamento","19.393.924/0001-23","BELCHIOR BERNARDES MATOS 24724521104","ARUANÃ - GO, COCALINHO - MT","AREIA, CASCALHO, CASCALHO","Brita, Construção civil, Construção civil","Sim"
"Gerência Regional / GO","860007/2020","Requerimento de Registro de Licença","Licenciamento","***.154.361-**","Umberto Pereira Passos","PALMEIRAS DE GOIÁS - GO","AREIA","Construção civil","Sim"
"Gerência Regional / GO","860919/2019","Requerimento de Registro de Licença","Licenciamento","***.346.641-**","NAYD SILVIA MELO TEODORO","MINEIROS - GO","CASCALHO","Construção civil","Sim"
"Gerência Regional / GO","860012/2020","Requerimento de Registro de Licença","Licenciamento","***.882.066-**","LUIZ GONCALVES ALVES DE ALMEIDA","SILVÂNIA - GO","AREIA, ARGILA","Construção civil, Construção civil","Sim"
"Gerência Regional / GO","860224/2020","Requerimento de Registro de Licença","Licenciamento","34.822.952/0001-02","SERRA NEGRA MINERADORA EIRELI","CORUMBAÍBA - GO","AREIA, CASCALHO","Construção civil, Construção civil","Sim"
"Gerência Regional / GO","860839/2017","Requerimento de Mudança de Regime para Licenciamento","Licenciamento","27.415.167/0001-70","SHOPPING DAS AREIAS E SERVICOS EIRELI","JARAGUÁ - GO","AREIA","Construção civil","Sim"
"Gerência Regional / GO","860680/2022","Requerimento de Registro de Licença","Licenciamento","08.598.391/0001-08","ATVOS BIOENERGIA RIO CLARO S.A","CAÇU - GO","CASCALHO","Construção civil","Sim"
"Gerência Regional / GO","860469/2024","Requerimento de Registro de Licença","Licenciamento","28.526.652/0001-83","BTB CONSTRUCOES E PARTICIPACOES EIRELI","CÓRREGO DO OURO - GO","CASCALHO","Construção civil","Sim"
"Gerência Regional / GO","860537/2017","Requerimento de Registro de Licença","Licenciamento","34.158.079/0001-03","DAL PIVA & DAL PIVA LTDA","GUARANI DE GOIÁS - GO","AREIA","Construção civil","Sim"
"Gerência Regional / GO","860636/2017","Requerimento de Mudança de Regime para Licenciamento","Licenciamento","36.189.896/0001-46","PJ  AREIAL E SERVICOS LTDA","GUARANI DE GOIÁS - GO","AREIA","Construção civil","Sim"
"Gerência Regional / GO","860550/2020","Requerimento de Registro de Licença","Licenciamento","***.951.751-**","EDIEL MARCOS DA SILVA","ITAPIRAPUÃ - GO, NOVO BRASIL - GO","AREIA","Construção civil","Sim"
"Gerência Regional / GO","860756/2022","Requerimento de Registro de Licença","Licenciamento","***.533.828-**","RAFAEL JORGE CORSINO","PADRE BERNARDO - GO","CASCALHO","Construção civil","Sim"
"Gerência Regional / GO","860227/2020","Requerimento de Registro de Licença","Licenciamento","***.440.451-**","CLEBER VIEIRA DOS SANTOS","GUAPÓ - GO","ARGILA","Construção civil","Sim"
"Gerência Regional / GO","860327/2024","Requerimento de Registro de Licença","Licenciamento","36.903.503/0001-14","VALE DA SERRA MINERACAO LTDA","MINAÇU - GO","AREIA, CASCALHO, CASCALHO","Brita, Construção civil, Construção civil","Sim"
"Gerência Regional / GO","860678/2020","Requerimento de Registro de Licença","Licenciamento","***.889.501-**","ORCI NUNES TINOCO","BELA VISTA DE GOIÁS - GO","ARGILA","Cerâmica vermelha","Sim"
"Gerência Regional / GO","860291/2020","Requerimento de Registro de Licença","Licenciamento","***.438.961-**","JOSE GONCALVES DA SILVA","INHUMAS - GO","SAIBRO","Construção civil","Sim"
"Gerência Regional / GO","860611/2020","Requerimento de Registro de Licença","Licenciamento","***.078.601-**","SILVIO GERALDO JUNQUEIRA","RIO QUENTE - GO","AREIA","Construção civil","Sim"
"Gerência Regional / GO","860325/2020","Requerimento de Registro de Licença","Licenciamento","***.187.261-**","VANDA BATISTA PINTO","ABADIA DE GOIÁS - GO","CASCALHO","Construção civil","Sim"
"Gerência Regional / GO","860802/2017","Requerimento de Registro de Licença","Licenciamento","20.332.915/0001-01","RUBERPAULO PEREIRA DUARTE LTDA","CROMÍNIA - GO, MAIRIPOTABA - GO","AREIA","Construção civil","Sim"
"Gerência Regional / GO","860403/2022","Requerimento de Registro de Licença","Licenciamento","20.332.915/0001-01","RUBERPAULO PEREIRA DUARTE LTDA","PONTALINA - GO","AREIA, ARGILA","Cerâmica vermelha, Construção civil","Sim"
"Gerência Regional / GO","860511/2020","Requerimento de Registro de Licença","Licenciamento","37.852.592/0001-80","LM  EXTRACAO DE CASCALHO EIRELI","HIDROLÂNDIA - GO","CASCALHO","Construção civil","Sim"
"Gerência Regional / GO","860475/2020","Requerimento de Registro de Licença","Licenciamento","37.115.892/0001-86","SSV TRANSPORTES NOGUEIRA EIRELI","MINAÇU - GO","AREIA","Construção civil","Sim"
"Gerência Regional / GO","860487/2020","Requerimento de Registro de Licença","Licenciamento","36.728.841/0001-67","WOLNEY LUIZ DE MOURA 85209023168","NOVA IGUAÇU DE GOIÁS - GO","AREIA","Construção civil","Sim"
"Gerência Regional / GO","860734/2020","Requerimento de Registro de Licença","Licenciamento","***.815.991-**","LILIAN MIRANDA GOMES","GUAPÓ - GO","AREIA, ARGILA","Cerâmica vermelha, Construção civil","Sim"
"Gerência Regional / GO","860072/2021","Requerimento de Registro de Licença","Licenciamento","39.696.928/0001-98","JUNQUEIRA MINERADORA EIRELI","RIALMA - GO, SANTA ISABEL - GO","AREIA, CASCALHO","Construção civil, Construção civil","Sim"
"Gerência Regional / GO","860103/2022","Requerimento de Mudança de Regime para Licenciamento","Licenciamento","***.947.001-**","GUILHERME FELIPE LABONDE","PORTELÂNDIA - GO","CALCÁRIO","Corretivo de solo","Sim"
"Gerência Regional / GO","860590/2025","Requerimento de Registro de Licença","Licenciamento","12.908.384/0001-24","AREIAL MF LTDA","SILVÂNIA - GO","AREIA","Construção civil","Sim"
"Gerência Regional / GO","860365/2023","Requerimento de Registro de Licença","Licenciamento","12.908.384/0001-24","AREIAL MF LTDA","SILVÂNIA - GO","AREIA","Construção civil","Sim"
"Gerência Regional / GO","860174/2016","Requerimento de Registro de Licença","Licenciamento","12.908.384/0001-24","AREIAL MF LTDA","SILVÂNIA - GO","AREIA","Construção civil","Sim"
"Gerência Regional / GO","860113/2017","Requerimento de Registro de Licença","Licenciamento","12.908.384/0001-24","AREIAL MF LTDA","SILVÂNIA - GO","AREIA, ARGILA","Cerâmica vermelha, Construção civil","Sim"
"Gerência Regional / GO","861352/2015","Requerimento de Registro de Licença","Licenciamento","12.908.384/0001-24","AREIAL MF LTDA","SILVÂNIA - GO","AREIA, ARGILA","Cerâmica vermelha, Construção civil","Sim"
"Gerência Regional / GO","860714/2017","Requerimento de Registro de Licença","Licenciamento","12.908.384/0001-24","AREIAL MF LTDA","SILVÂNIA - GO","AREIA, ARGILA","Construção civil, Construção civil","Sim"
"Gerência Regional / GO","861843/2021","Requerimento de Mudança de Regime para Licenciamento","Licenciamento","***.405.151-**","NIVALDO DE DEUS","BRAZABRANTES - GO, INHUMAS - GO","ARGILA","Construção civil","Sim"
"Gerência Regional / GO","860368/2023","Requerimento de Registro de Licença","Licenciamento","39.253.492/0001-62","AGROPECUARIA CERRADAO LTDA.","JATAÍ - GO","CASCALHO","Construção civil","Sim"
"Gerência Regional / GO","861256/2024","Requerimento de Mudança de Regime para Licenciamento","Licenciamento","43.029.605/0001-18","MF MINERACAO E TRANSPORTE LTDA","IPORÁ - GO","AREIA, CASCALHO","Construção civil, Construção civil","Sim"
"Gerência Regional / GO","860563/2023","Requerimento de Mudança de Regime para Licenciamento","Licenciamento","15.090.690/0001-94","CONCESSIONARIA ECOVIAS DO ARAGUAIA S.A.","SÃO LUIZ DO NORTE - GO","FOSFATO, GNAISSE","Brita, Fertilizantes","Sim"
"Gerência Regional / GO","860860/2011","Requerimento de Mudança de Regime para Licenciamento","Licenciamento","37.299.462/0001-61","MINERACAO 2M LTDA","ABADIÂNIA - GO","AREIA","Construção civil","Sim"
"Gerência Regional / GO","860381/2020","Requerimento de Registro de Licença","Licenciamento","***.554.601-**","JOSE RAIMUNDO GONCALVES DE BASTOS","SILVÂNIA - GO","CASCALHO","Construção civil","Sim"
"Gerência Regional / GO","860375/2020","Requerimento de Registro de Licença","Licenciamento","35.477.650/0001-07","CERAMICA SAO MIGUEL EIRELI","SILVÂNIA - GO","AREIA, ARGILA","Construção civil, Construção civil","Sim"
"Gerência Regional / GO","860489/2020","Requerimento de Registro de Licença","Licenciamento","***.263.511-**","ALBINO EPAMINONDAS DE FARIA NETO","INHUMAS - GO","ARGILA","Cerâmica vermelha","Sim"
"Gerência Regional / GO","860412/2020","Requerimento de Registro de Licença","Licenciamento","***.861.491-**","JOAO GERALDO DA SILVA","GOIATUBA - GO","CASCALHO","Construção civil","Sim"
"Gerência Regional / GO","860091/2023","Requerimento de Registro de Licença","Licenciamento","20.332.915/0001-01","RUBERPAULO PEREIRA DUARTE LTDA","MAIRIPOTABA - GO","AREIA","Construção civil","Sim"
"Gerência Regional / GO","860638/2020","Requerimento de Registro de Licença","Licenciamento","***.437.871-**","GUILHERME BORGES DE FREITAS","QUIRINÓPOLIS - GO","CASCALHO","Construção civil","Sim"
"Gerência Regional / GO","861194/2023","Requerimento de Registro de Licença","Licenciamento","37.852.592/0001-80","LM  EXTRACAO DE CASCALHO EIRELI","HIDROLÂNDIA - GO","CASCALHO","Construção civil","Sim"
"Gerência Regional / GO","860561/2022","Requerimento de Mudança de Regime para Licenciamento","Licenciamento","37.115.892/0001-86","SSV TRANSPORTES NOGUEIRA EIRELI","MINAÇU - GO","AREIA","Construção civil","Sim"
"Gerência Regional / GO","860486/2020","Requerimento de Registro de Licença","Licenciamento","36.728.841/0001-67","WOLNEY LUIZ DE MOURA 85209023168","NOVA IGUAÇU DE GOIÁS - GO","AREIA","Construção civil","Sim"
"Gerência Regional / GO","860612/2020","Requerimento de Registro de Licença","Licenciamento","***.034.461-**","ANTONIO RIBEIRO NETTO","CABECEIRAS - GO","ARGILA","Construção civil","Sim"
"Gerência Regional / GO","860501/2020","Requerimento de Registro de Licença","Licenciamento","23.541.011/0001-84","AREIAS ALVORADA LTDA","CALDAS NOVAS - GO, MORRINHOS - GO","AREIA","Construção civil","Sim"
"Gerência Regional / MG","830464/2019","Requerimento de Mudança de Regime para Licenciamento","Licenciamento","37.524.484/0001-88","FREDERICO ARANTES SANTOS","SANTA VITÓRIA - MG","AREIA","Construção civil","Sim"
"Gerência Regional / GO","860547/2020","Requerimento de Registro de Licença","Licenciamento","***.646.696-**","Fernando de Oliveira Silva","PALMEIRAS DE GOIÁS - GO","ARGILA","Construção civil","Sim"
"Gerência Regional / GO","860170/2020","Requerimento de Mudança de Regime para Licenciamento","Licenciamento","38.333.882/0001-80","PAINEIRAS COMERCIO DE CASCALHO LTDA,","TRINDADE - GO","CASCALHO","Construção civil","Sim"
"Gerência Regional / GO","861568/2014","Requerimento de Registro de Licença","Licenciamento","10.404.228/0001-09","M. T. ALVES DE PAULA CERAMICA EIRELI","PORANGATU - GO","ARGILA","Cerâmica vermelha","Sim"
"Gerência Regional / GO","861171/2024","Requerimento de Mudança de Regime para Licenciamento","Licenciamento","***.815.991-**","LILIAN MIRANDA GOMES","GUAPÓ - GO","AREIA, ARGILA","Construção civil, Construção civil","Sim"
"Gerência Regional / GO","860780/2020","Requerimento de Registro de Licença","Licenciamento","***.884.391-**","RAFAEL PRADO DE CASTRO","RIO VERDE - GO","CASCALHO","Construção civil","Sim"
"Gerência Regional / GO","860121/2021","Requerimento de Registro de Licença","Licenciamento","***.806.571-**","MARCOS CORTES DA SILVA","CRISTALINA - GO","AREIA, CASCALHO","Construção civil, Construção civil","Sim"
"Gerência Regional / GO","860144/2021","Requerimento de Registro de Licença","Licenciamento","***.324.151-**","José Rodrigues dos Santos","TRINDADE - GO","CASCALHO, SAIBRO","Construção civil, Construção civil","Sim"
"Gerência Regional / MT","867467/2021","Requerimento de Mudança de Regime para Licenciamento","Licenciamento","39.357.394/0001-75","EXTRACAO DE AREIA MOREIRA LTDA","ARAGARÇAS - GO, BARRA DO GARÇAS - MT","AREIA, CASCALHO","Construção civil, Construção civil","Sim"
"Gerência Regional / GO","860161/2021","Requerimento de Registro de Licença","Licenciamento","***.887.921-**","Getúlio Targino Lima ","ANÁPOLIS - GO","CASCALHO","Construção civil","Sim"
"Gerência Regional / GO","860786/2020","Requerimento de Registro de Licença","Licenciamento","***.452.561-**","JOAO ALFREDO BATISTA DE LUCENA","BARRO ALTO - GO","ARGILA","Construção civil","Sim"
"Gerência Regional / GO","860772/2020","Requerimento de Registro de Licença","Licenciamento","***.677.661-**","Rafael Nascimento maia","MONTIVIDIU - GO","CASCALHO","Brita","Sim"
"Gerência Regional / GO","860002/2021","Requerimento de Registro de Licença","Licenciamento","***.532.021-**","Edgar Vinícius Pereira da silva","LUZIÂNIA - GO","CASCALHO","Construção civil","Sim"
"Gerência Regional / GO","860741/2022","Requerimento de Mudança de Regime para Licenciamento","Licenciamento","39.696.928/0001-98","JUNQUEIRA MINERADORA EIRELI","ARAGUAPAZ - GO","AREIA, CASCALHO","Construção civil, Construção civil","Sim"
"Gerência Regional / GO","860084/2021","Requerimento de Registro de Licença","Licenciamento","***.116.601-**","MAURO VICENTE DE ALMEIDA","CABECEIRAS - GO","AREIA","Construção civil","Sim"
"Gerência Regional / GO","860689/2022","Requerimento de Mudança de Regime para Licenciamento","Licenciamento","14.316.649/0001-20","MINERADORA MUQUEM LTDA","IPAMERI - GO","AREIA, ARGILA","Cerâmica vermelha, Construção civil","Sim"
"Gerência Regional / GO","860208/2010","Requerimento de Cessão parcial","Licenciamento","***.329.606-**","ISMAEL DE OLIVEIRA BOLINA","CAVALCANTE - GO","AREIA","Construção civil","Sim"
"Gerência Regional / GO","860179/2021","Requerimento de Registro de Licença","Licenciamento","***.455.968-**","JOANES HERMANUS VAN VLIET","MONTIVIDIU - GO","CASCALHO","Construção civil","Sim"
"Gerência Regional / GO","860104/2022","Requerimento de Mudança de Regime para Licenciamento","Licenciamento","***.947.001-**","GUILHERME FELIPE LABONDE","PORTELÂNDIA - GO","CALCÁRIO","Corretivo de solo","Sim"
"Gerência Regional / GO","860429/2015","Requerimento de Registro de Licença","Licenciamento","40.658.011/0001-88","MARCELO GARCIA CASCALHOS LTDA","AVELINÓPOLIS - GO","CASCALHO","Construção civil","Sim"
"Gerência Regional / GO","860333/2021","Requerimento de Registro de Licença","Licenciamento","***.151.361-**","ANTONIO FLORENCO BARROS DE ABREU","SILVÂNIA - GO","AREIA, ARGILA","Cerâmica vermelha, Construção civil","Sim"
"Gerência Regional / GO","860665/2022","Requerimento de Registro de Licença","Licenciamento","12.908.384/0001-24","AREIAL MF LTDA","SILVÂNIA - GO","AREIA, ARGILA","Construção civil, Construção civil","Sim"
"Gerência Regional / GO","860204/2021","Requerimento de Registro de Licença","Licenciamento","***.976.101-**","DANIEL VAZ PRACHEDES","GUAPÓ - GO","CASCALHO","Construção civil","Sim"
"Gerência Regional / GO","860321/2021","Requerimento de Registro de Licença","Licenciamento","***.455.291-**","ADOLFO MACHADO DE LIMA","ALEXÂNIA - GO","ARGILA","Construção civil","Sim"
"Gerência Regional / GO","860521/2021","Requerimento de Registro de Licença","Licenciamento","***.884.041-**","Manoel da Silva GARROTE FILHO","LEOPOLDO DE BULHÕES - GO","CASCALHO","Construção civil","Sim"
"Gerência Regional / GO","860710/2022","Requerimento de Mudança de Regime para Licenciamento","Licenciamento","29.359.499/0001-00","DRANAP - DRAGA NOSSA SENHORA APARECIDA LTDA","JOVIÂNIA - GO, MORRINHOS - GO","AREIA, CASCALHO","Construção civil, Construção civil","Sim"
"Gerência Regional / GO","860371/2021","Requerimento de Registro de Licença","Licenciamento","***.052.581-**","WELINTON LOPES DE ARAUJO","JANDAIA - GO","AREIA","Construção civil","Sim"
"Gerência Regional / GO","860771/2022","Requerimento de Registro de Licença","Licenciamento","***.269.971-**","ELOI DOMINGUES DE SOUSA","SÃO JOÃO D'ALIANÇA - GO","CASCALHO","Construção civil","Sim"
"Gerência Regional / GO","860644/2021","Requerimento de Registro de Licença","Licenciamento","***.159.511-**","Orlando Batista dos Santos","OURO VERDE DE GOIÁS - GO","CASCALHO","Construção civil","Sim"
"Gerência Regional / GO","861154/2015","Requerimento de Registro de Licença","Licenciamento","***.644.291-**","WILSON FERREIRA CARDOSO","BELA VISTA DE GOIÁS - GO, HIDROLÂNDIA - GO","AREIA","Construção civil","Sim"
"Gerência Regional / GO","860631/2021","Requerimento de Registro de Licença","Licenciamento","***.049.011-**","CARLOS JOSE DA SILVA","JANDAIA - GO","AREIA","Construção civil","Sim"
"Gerência Regional / GO","860701/2021","Requerimento de Registro de Licença","Licenciamento","***.095.801-**","CARLOS ANTONIO RODRIGUES","BRAZABRANTES - GO","ARGILA","Cerâmica vermelha","Sim"
"Gerência Regional / GO","860384/2021","Requerimento de Registro de Licença","Licenciamento","***.113.311-**","EDGAR FONSECA BUENO","CORUMBÁ DE GOIÁS - GO","CASCALHO","Construção civil","Sim"
"Gerência Regional / GO","860472/2024","Requerimento de Registro de Licença","Licenciamento","***.323.081-**","JOSE BATISTA DE AGUIAR","SILVÂNIA - GO","AREIA","Construção civil","Sim"
"Gerência Regional / GO","860833/2021","Requerimento de Registro de Licença","Licenciamento","***.504.981-**","José Antônio Gonçalves Boaventura","PIRENÓPOLIS - GO","AREIA, ARGILA","Construção civil, Construção civil","Sim"
"Gerência Regional / GO","860419/2021","Requerimento de Registro de Licença","Licenciamento","***.030.841-**","JOSE ROBERTO DE PAULO","CRIXÁS - GO, UIRAPURU - GO","AREIA","Construção civil","Sim"
"Gerência Regional / GO","860694/2022","Requerimento de Mudança de Regime para Licenciamento","Licenciamento","***.054.641-**","Osires Leite Pereira","ANÁPOLIS - GO","ARGILA","Cerâmica vermelha","Sim"
"Gerência Regional / GO","861851/2021","Requerimento de Registro de Licença","Licenciamento","***.405.151-**","NIVALDO DE DEUS","BRAZABRANTES - GO","ARGILA","Cerâmica vermelha","Sim"
"Gerência Regional / GO","860821/2021","Requerimento de Registro de Licença","Licenciamento","***.790.231-**","ABINAIR VARGAS VIEIRA","BRAZABRANTES - GO","ARGILA","Construção civil","Sim"
"Gerência Regional / GO","860501/2022","Requerimento de Mudança de Regime para Licenciamento","Licenciamento","***.018.401-**","Rui Paula Ferreira","PETROLINA DE GOIÁS - GO","ARGILA","Cerâmica vermelha","Sim"
"Gerência Regional / GO","860925/2011","Requerimento de Registro de Licença","Licenciamento","13.830.840/0001-23","EXTRACAO DE AREIA FERREIRA E RODRIGUES LTDA","IPAMERI - GO","AREIA","Construção civil","Sim"
"Gerência Regional / GO","860733/2021","Requerimento de Registro de Licença","Licenciamento","***.731.831-**","OSMAR ANTONIO CUNHA","ARAÇU - GO","ARGILA","Cerâmica vermelha","Sim"
"Gerência Regional / GO","861063/2021","Requerimento de Registro de Licença","Licenciamento","32.334.860/0001-58","MIRANTE DO VALE EMPREENDIMENTOS IMOBILIARIOS SPE LTDA","VALPARAÍSO DE GOIÁS - GO","CASCALHO","Construção civil","Sim"
"Gerência Regional / GO","861836/2012","Requerimento de Registro de Licença","Licenciamento","***.838.151-**","TIAGO ALENCAR FERREIRA","FORMOSA - GO","ARGILA, CASCALHO","Cerâmica vermelha, Construção civil","Sim"
"Gerência Regional / GO","860810/2021","Requerimento de Registro de Licença","Licenciamento","***.479.341-**","Odilon Lazaro Naves de Almeida ","SANTO ANTÔNIO DO DESCOBERTO - GO","CASCALHO","Construção civil","Sim"
"Gerência Regional / GO","860533/2023","Requerimento de Mudança de Regime para Licenciamento","Licenciamento","42.472.247/0001-50","CALCARIO TECNOCAL LTDA","VILA PROPÍCIO - GO","CALCÁRIO, CALCÁRIO","Brita, Corretivo de solo","Sim"
"Gerência Regional / GO","860988/2021","Requerimento de Registro de Licença","Licenciamento","11.529.442/0001-46","JOSE DONIZETE NEVES","SILVÂNIA - GO","CASCALHO","Construção civil","Sim"
"Gerência Regional / GO","861162/2021","Requerimento de Registro de Licença","Licenciamento","***.622.221-**","Carolina Makhoul Lopes","CUMARI - GO","ARGILA","Cerâmica vermelha","Sim"
"Gerência Regional / GO","860987/2021","Requerimento de Registro de Licença","Licenciamento","35.271.164/0001-38","EXCELENCIA COMERCIO EIRELI","LEOPOLDO DE BULHÕES - GO","CASCALHO","Construção civil","Sim"
"Gerência Regional / GO","860094/2022","Requerimento de Registro de Licença","Licenciamento","40.558.954/0001-39","CERAMICA BOM JARDIM LTDA","MONTIVIDIU - GO","ARGILA, ARGILA","Cerâmica vermelha, Construção civil","Sim"
"Gerência Regional / GO","860545/2011","Requerimento de Registro de Licença","Licenciamento","***.822.001-**","ADIEL GUIMARAES FERREIRA SWTAIR FERNANDES","CORUMBÁ DE GOIÁS - GO","AREIA","Construção civil","Sim"
"Gerência Regional / GO","861011/2021","Requerimento de Registro de Licença","Licenciamento","***.016.521-**","Soneide do Rosário Rodrigues Silva","CATALÃO - GO","ARGILA","Construção civil","Sim"
"Gerência Regional / GO","861625/2011","Requerimento de Registro de Licença","Licenciamento","***.141.601-**","VALCI TOMAZ CARNEIRO","ISRAELÂNDIA - GO","AREIA","Construção civil","Sim"
"Gerência Regional / GO","861614/2021","Requerimento de Registro de Licença","Licenciamento","***.301.171-**","RALPHI ROSA MOREIRA","CORUMBAÍBA - GO","CASCALHO","Construção civil","Sim"
"Gerência Regional / GO","861462/2021","Requerimento de Registro de Licença","Licenciamento","23.875.561/0001-30","LNN EMPREENDIMENTOS E PARTICIPACOES S/A","JUSSARA - GO","CASCALHO","Construção civil","Sim"
"Gerência Regional / GO","861710/2021","Requerimento de Registro de Licença","Licenciamento","***.168.481-**","José Nilvânio Peixoto","JARAGUÁ - GO, RIANÁPOLIS - GO","AREIA","Construção civil","Sim"
"Gerência Regional / GO","861460/2021","Requerimento de Registro de Licença","Licenciamento","39.253.492/0001-62","AGROPECUARIA CERRADAO LTDA.","CAÇU - GO","CASCALHO","Construção civil","Sim"
"Gerência Regional / GO","860369/2023","Requerimento de Registro de Licença","Licenciamento","***.828.301-**","EVERALDO BARBOZA PEREIRA","JATAÍ - GO","CASCALHO","Construção civil","Sim"
"Gerência Regional / GO","861546/2021","Requerimento de Registro de Licença","Licenciamento","***.460.456-**","ANTONIO CORREA VARGAS","PARAÚNA - GO","AREIA","Construção civil","Sim"
"Gerência Regional / GO","861860/2012","Requerimento de Mudança de Regime para Licenciamento","Licenciamento","43.029.605/0001-18","MF MINERACAO E TRANSPORTE LTDA","DIORAMA - GO, IPORÁ - GO","AREIA, CASCALHO","Construção civil, Construção civil","Sim"
"Gerência Regional / GO","861811/2021","Requerimento de Registro de Licença","Licenciamento","31.312.078/0001-75","CAPIM DOURADO AGROPECUARIA EIRELI","ALEXÂNIA - GO","CASCALHO","Construção civil","Sim"
"Gerência Regional / GO","861504/2021","Requerimento de Registro de Licença","Licenciamento","***.840.511-**","JOSE AIRTON MOTA","ITAPURANGA - GO","ARGILA","Construção civil","Sim"
"Gerência Regional / GO","861541/2021","Requerimento de Registro de Licença","Licenciamento","***.431.251-**","ANTONIO ALVES CASTRO","CAMPINAÇU - GO, CAMPINORTE - GO","AREIA","Construção civil","Sim"
"Gerência Regional / GO","861608/2021","Requerimento de Registro de Licença","Licenciamento","***.368.111-**","FERNANDO JUNIOR FERREIRA CABRAL","JANDAIA - GO","AREIA","Construção civil","Sim"
"Gerência Regional / GO","860699/2023","Requerimento de Registro de Licença","Licenciamento","***.449.811-**","KLEYTON CANDIDO MONTEIRO","VARJÃO - GO","AREIA","Construção civil","Sim"
"Gerência Regional / GO","860267/2016","Requerimento de Mudança de Regime para Licenciamento","Licenciamento","***.384.711-**","ALDO MARCIEL ALVES DE SOUZA","PONTALINA - GO","AREIA","Construção civil","Sim"
"Gerência Regional / GO","861630/2021","Requerimento de Registro de Licença","Licenciamento","33.189.178/0001-81","LEOVELY HOLDING PATRIMONIAL LTDA","LUZIÂNIA - GO","CASCALHO","Construção civil","Sim"
"Gerência Regional / GO","861677/2021","Requerimento de Registro de Licença","Licenciamento","42.744.874/0001-01","DEPOSITO REIS PORANGATU LTDA","PORANGATU - GO","ARGILA, CASCALHO","Cerâmica vermelha, Construção civil","Sim"
"Gerência Regional / GO","861701/2021","Requerimento de Registro de Licença","Licenciamento","***.155.231-**","CASSIA LUIZA BORGES BARBOSA","BRAZABRANTES - GO","ARGILA","Cerâmica vermelha","Sim"
"Gerência Regional / GO","861673/2021","Requerimento de Registro de Licença","Licenciamento","***.347.551-**","RINALDO DEL SARTO MELO","CIDADE OCIDENTAL - GO","CASCALHO","Construção civil","Sim"
"Gerência Regional / GO","860115/2020","Requerimento de Mudança de Regime para Licenciamento","Licenciamento","43.190.200/0001-67","EXTRACAO E COMERCIO DE AREIA MORRO ALTO LTDA","HIDROLÂNDIA - GO","AREIA","Construção civil","Sim"
"Gerência Regional / GO","860091/2015","Requerimento de Mudança de Regime para Licenciamento","Licenciamento","43.597.535/0001-02","PEDREIRA E ASFALTOS TRINDADE LTDA","RIO VERDE - GO","BASALTO","Brita","Sim"
"Gerência Regional / GO","861828/2021","Requerimento de Registro de Licença","Licenciamento","***.453.721-**","WILMAR GOMES MARQUES","ÁGUA LIMPA - GO, BURITI ALEGRE - GO","AREIA, CASCALHO","Construção civil, Construção civil","Sim"
"Gerência Regional / GO","860164/2022","Requerimento de Mudança de Regime para Licenciamento","Licenciamento","44.287.462/0001-07","MINERADORA FARIA LTDA","CRIXÁS - GO, ITAPACI - GO","AREIA","Construção civil","Sim"
"Gerência Regional / GO","860227/2022","Requerimento de Registro de Licença","Licenciamento","24.239.232/0001-65","CONSORCIO COMSA LOCTEC ENESCIL","SÃO MIGUEL DO ARAGUAIA - GO","AREIA, ARGILA","Construção civil, Construção civil","Sim"
"Gerência Regional / GO","860579/2022","Requerimento de Registro de Licença","Licenciamento","29.260.688/0001-20","NOGUEIRA LOCACAO E SERVICOS - EIRELI","MINAÇU - GO","AREIA","Construção civil","Sim"
"Gerência Regional / GO","860865/2022","Requerimento de Registro de Licença","Licenciamento","46.244.670/0001-54","LGM MINERIO LTDA","RIO QUENTE - GO","CASCALHO","Construção civil","Sim"
"Gerência Regional / GO","860834/2024","Requerimento de Mudança de Regime para Licenciamento","Licenciamento","44.514.957/0001-21","PORTECAL N.S.A INDUSTRIA E COMERCIO LTDA","PORTELÂNDIA - GO","CALCÁRIO","Corretivo de solo","Sim"
"Gerência Regional / GO","860412/2015","Requerimento de Mudança de Regime para Licenciamento","Licenciamento","47.775.428/0001-70","MINERACAO SOARES E DAMASO LTDA","SÃO LUIZ DO NORTE - GO","AREIA","Construção civil","Sim"
"Gerência Regional / GO","861532/2009","Requerimento de Registro de Licença","Licenciamento","32.429.435/0001-42","CERAMICA MGL LTDA","SILVÂNIA - GO","ARGILA","Cerâmica vermelha","Sim"
"Gerência Regional / GO","860958/2023","Requerimento de Registro de Licença","Licenciamento","04.838.212/0001-01","MG MATERIAIS LTDA","GOIANÉSIA - GO","CASCALHO","Construção civil","Sim"
"Gerência Regional / GO","860037/2022","Requerimento de Registro de Licença","Licenciamento","16.560.092/0001-02","W.A. DE MENDONCA AREIAL","MOSSÂMEDES - GO, SANCLERLÂNDIA - GO","AREIA","Construção civil","Sim"
"Gerência Regional / GO","860326/2022","Requerimento de Registro de Licença","Licenciamento","25.261.123/0001-07","AGROPECUARIA SANTA CANDIDA LTDA","RIO VERDE - GO","CASCALHO","Construção civil","Sim"
"Gerência Regional / GO","860580/2022","Requerimento de Registro de Licença","Licenciamento","***.831.031-**","ALAIDE JOAQUINA DA SILVA","NOVA CRIXÁS - GO","CASCALHO","Construção civil","Sim"
"Gerência Regional / GO","860029/2022","Requerimento de Registro de Licença","Licenciamento","***.103.941-**","ADAIR BENICIO ROSA","IPAMERI - GO","AREIA","Construção civil","Sim"
"Gerência Regional / GO","860608/2018","Requerimento de Registro de Licença","Licenciamento","39.582.826/0001-41","PEDREIRA MENDONCA EIRELI","VICENTINÓPOLIS - GO","BASALTO","Pedra de talhe","Sim"
"Gerência Regional / GO","860171/2022","Requerimento de Registro de Licença","Licenciamento","***.696.701-**","LUIZ CARLOS DE OLIVEIRA FERREIRA FELIX","PIRANHAS - GO","AREIA","Construção civil","Sim"
"Gerência Regional / GO","860147/2022","Requerimento de Registro de Licença","Licenciamento","***.263.081-**","VANESSA GOMES DE ALMEIDA MONTEIRO","PARAÚNA - GO","AREIA","Construção civil","Sim"
"Gerência Regional / GO","860165/2022","Requerimento de Registro de Licença","Licenciamento","***.910.791-**","NINDIMAR MARIA FERREIRA RIBEIRO","PETROLINA DE GOIÁS - GO","ARGILA","Cerâmica vermelha","Sim"
"Gerência Regional / GO","861377/2024","Requerimento de Registro de Licença","Licenciamento","***.554.471-**","Carlos antonio Neto ","GOIANÉSIA - GO","CASCALHO","Construção civil","Sim"
"Gerência Regional / GO","860163/2022","Requerimento de Registro de Licença","Licenciamento","***.324.751-**","Marcello Rodrigues Tavares","SILVÂNIA - GO","AREIA","Construção civil","Sim"
"Gerência Regional / GO","860579/2023","Requerimento de Registro de Licença","Licenciamento","24.239.232/0001-65","CONSORCIO COMSA LOCTEC ENESCIL","SÃO MIGUEL DO ARAGUAIA - GO","ARGILA","Construção civil","Sim"
"Gerência Regional / GO","860249/2022","Requerimento de Registro de Licença","Licenciamento","***.628.371-**","REINALDO GOVEA DE FREITAS","PLANALTINA - GO","CASCALHO","Construção civil","Sim"
"Gerência Regional / GO","860908/2014","Requerimento de Mudança de Regime para Licenciamento","Licenciamento","17.272.943/0001-76","AREIAL RIO CLARO EIRELI","ISRAELÂNDIA - GO","AREIA","Construção civil","Sim"
"Gerência Regional / GO","860327/2022","Requerimento de Registro de Licença","Licenciamento","***.322.811-**","MARCELO FERREIRA DE MELO","PIRENÓPOLIS - GO","AREIA","Construção civil","Sim"
"Gerência Regional / GO","860849/2022","Requerimento de Registro de Licença","Licenciamento","***.059.191-**","Abel Ribeiro Dos Santos Filho","GOIANÉSIA - GO","CASCALHO","Construção civil","Sim"
"Gerência Regional / GO","860567/2022","Requerimento de Registro de Licença","Licenciamento","***.784.241-**","Wesley Ribeiro Martins","RIO VERDE - GO","AREIA, ARGILA, ARGILA, CASCALHO, CASCALHO","Brita, Cerâmica vermelha, Construção civil, Construção civil, Construção civil","Sim"
"Gerência Regional / GO","860743/2022","Requerimento de Registro de Licença","Licenciamento","29.260.688/0001-20","NOGUEIRA LOCACAO E SERVICOS - EIRELI","MINAÇU - GO","AREIA","Construção civil","Sim"
"Gerência Regional / GO","862099/2013","Requerimento de Registro de Licença","Licenciamento","30.250.380/0001-83","MINERADORA CAMPO BELO LTDA","JATAÍ - GO","AREIA","Construção civil","Sim"
"Gerência Regional / GO","860361/2022","Requerimento de Registro de Licença","Licenciamento","***.645.841-**","INACIA APARECIDA MONTEIRO LIMA","ALEXÂNIA - GO","CASCALHO","Construção civil","Sim"
"Gerência Regional / GO","860529/2022","Requerimento de Registro de Licença","Licenciamento","46.142.780/0001-05","MAMB COMERCIO E EXTRACAO DE CASCALHO LTDA","RIO QUENTE - GO","CASCALHO","Construção civil","Sim"
"Gerência Regional / GO","860453/2022","Requerimento de Registro de Licença","Licenciamento","***.359.001-**","RENATO TEIXEIRA ZANELI","PIRENÓPOLIS - GO","ARGILA","Cerâmica vermelha","Sim"
"Gerência Regional / GO","860498/2022","Requerimento de Registro de Licença","Licenciamento","26.929.978/0001-26","ALCIDES PEREGRINO FAZOLINO FILHO","JATAÍ - GO","CASCALHO","Construção civil","Sim"
"Gerência Regional / GO","860473/2022","Requerimento de Registro de Licença","Licenciamento","05.000.710/0001-35","IBIZA CONSTRUTORA LTDA","ARAGOIÂNIA - GO","CASCALHO","Construção civil","Sim"
"Gerência Regional / GO","860553/2022","Requerimento de Registro de Licença","Licenciamento","***.549.601-**","WAGMAR RIBEIRO DE SOUSA","TAQUARAL DE GOIÁS - GO","CASCALHO","Construção civil","Sim"
"Gerência Regional / GO","860583/2022","Requerimento de Registro de Licença","Licenciamento","***.786.651-**","CRISTIANO ANDRE RODRIGUES","PARAÚNA - GO","AREIA","Construção civil","Sim"
"Gerência Regional / GO","860912/2022","Requerimento de Registro de Licença","Licenciamento","***.237.501-**","ADELCINO JOSE DA SILVA","MINEIROS - GO","CASCALHO","Construção civil","Sim"
"Gerência Regional / GO","860573/2022","Requerimento de Registro de Licença","Licenciamento","***.269.961-**","RODRIGO CARLOS DE OLIVEIRA","TRINDADE - GO","ARGILA","Cerâmica vermelha","Sim"
"Gerência Regional / GO","860516/2024","Requerimento de Registro de Licença","Licenciamento","46.244.670/0001-54","LGM MINERIO LTDA","RIO QUENTE - GO","CASCALHO","Construção civil","Sim"
"Gerência Regional / GO","860587/2022","Requerimento de Registro de Licença","Licenciamento","***.715.561-**","PEDRO HENRIQUE BATISTA ALVES DE PAIVA","TRINDADE - GO","CASCALHO, SAIBRO","Construção civil, Construção civil","Sim"
"Gerência Regional / GO","860697/2022","Requerimento de Registro de Licença","Licenciamento","42.571.678/0001-74","SOUZA RAMOS MINERACAO LTDA","SILVÂNIA - GO","AREIA, ARGILA","Cerâmica vermelha, Construção civil","Sim"
"Gerência Regional / GO","860610/2022","Requerimento de Registro de Licença","Licenciamento","***.392.291-**","FABIO TAVARES DA ROCHA","EDEALINA - GO, PONTALINA - GO","AREIA","Construção civil","Sim"
"Gerência Regional / GO","860652/2022","Requerimento de Registro de Licença","Licenciamento","***.581.401-**","MARIA DIVINA SUZUKI SILVA","GOIÁS - GO","AREIA","Construção civil","Sim"
"Gerência Regional / GO","860657/2022","Requerimento de Registro de Licença","Licenciamento","***.257.171-**","Demerval carvalho de freitas","SANTA RITA DO ARAGUAIA - GO","CASCALHO","Construção civil","Sim"
"Gerência Regional / GO","860690/2022","Requerimento de Registro de Licença","Licenciamento","***.371.381-**","TEREZINHA AREBA RODRIGUES VERMAM","SENADOR CANEDO - GO","CASCALHO","Construção civil","Sim"
"Gerência Regional / GO","860683/2022","Requerimento de Registro de Licença","Licenciamento","***.195.101-**","HILDA RODRIGUES DE OLIVEIRA","CAMPESTRE DE GOIÁS - GO","ARGILA","Construção civil","Sim"
"Gerência Regional / GO","860692/2022","Requerimento de Registro de Licença","Licenciamento","05.197.865/0001-03","CERAMICA AGAPE LTDA","CEZARINA - GO","ARGILA","Cerâmica vermelha","Sim"
"Gerência Regional / GO","860742/2022","Requerimento de Registro de Licença","Licenciamento","***.487.501-**","AURIZOLANDA RODRIGUES DUARTE","GOIANÉSIA - GO","CASCALHO","Construção civil","Sim"
"Gerência Regional / GO","860810/2022","Requerimento de Registro de Licença","Licenciamento","37.677.201/0001-38","SEBASTIAO EDSON BESSA DO NASCIMENTO-CERAMICA REALIZA LTDA","INHUMAS - GO","ARGILA","Cerâmica vermelha","Sim"
"Gerência Regional / GO","862492/2011","Requerimento de Registro de Licença","Licenciamento","45.716.833/0001-91","AREAL DESCOBERTO LTDA","FAZENDA NOVA - GO, ISRAELÂNDIA - GO","AREIA","Construção civil","Sim"
"Gerência Regional / GO","860929/2022","Requerimento de Registro de Licença","Licenciamento","***.009.371-**","JEFFERSON GONCALVES VITOR","SILVÂNIA - GO","AREIA, CASCALHO","Construção civil, Construção civil","Sim"
"Gerência Regional / GO","861039/2014","Requerimento de Registro de Licença","Licenciamento","43.172.218/0001-36","EXTRACAO DE AREIA BRAS HELEN  LTDA","MIMOSO DE GOIÁS - GO, PADRE BERNARDO - GO","AREIA","Construção civil","Sim"
"Gerência Regional / GO","860199/2025","Requerimento de Mudança de Regime para Licenciamento","Licenciamento","30.973.406/0001-11","LTS ENGENHARIA AMBIENTAL EIRELI","FAZENDA NOVA - GO","AREIA","Construção civil","Sim"
"Gerência Regional / GO","861204/2022","Requerimento de Registro de Licença","Licenciamento","***.032.461-**","JAIR JOSE ANTONIO BORGES","ORIZONA - GO","CASCALHO","Construção civil","Sim"
"Gerência Regional / GO","861019/2024","Requerimento de Mudança de Regime para Licenciamento","Licenciamento","44.514.957/0001-21","PORTECAL N.S.A INDUSTRIA E COMERCIO LTDA","MINEIROS - GO, PORTELÂNDIA - GO","CALCÁRIO","Corretivo de solo","Sim"
"Gerência Regional / GO","861205/2022","Requerimento de Registro de Licença","Licenciamento","***.745.291-**","Nitemar Jeronimo da silva","PIRACANJUBA - GO","AREIA, CASCALHO","Construção civil, Construção civil","Sim"
"Gerência Regional / GO","860490/2025","Requerimento de Registro de Licença","Licenciamento","43.161.062/0001-98","MINERADORA SAO JOSE LTDA","RIO VERDE - GO","CASCALHO","Construção civil","Sim"
"Gerência Regional / GO","861207/2022","Requerimento de Registro de Licença","Licenciamento","***.042.821-**","Keslley Pereira Pires ","MAIRIPOTABA - GO","AREIA","Construção civil","Sim"
"Gerência Regional / GO","860381/2023","Requerimento de Registro de Licença","Licenciamento","***.411.351-**","LUIZ MARQUES PINHEIRO","GUAPÓ - GO","AREIA","Construção civil","Sim"
"Gerência Regional / GO","861252/2022","Requerimento de Registro de Licença","Licenciamento","***.772.351-**","AGNI SILVA DE AGUIAR","ARAGOIÂNIA - GO","CASCALHO","Construção civil","Sim"
"Gerência Regional / GO","860067/2023","Requerimento de Registro de Licença","Licenciamento","***.397.388-**","FRANCISCA VANDALUCIA RODRIGUES","PIRANHAS - GO","CASCALHO","Construção civil","Sim"
"Gerência Regional / GO","861257/2022","Requerimento de Registro de Licença","Licenciamento","33.049.560/0001-90","PLANEX ENGENHARIA LTDA","NIQUELÂNDIA - GO","CASCALHO","Construção civil","Sim"
"Gerência Regional / GO","861263/2022","Requerimento de Registro de Licença","Licenciamento","***.155.271-**","WALDECIR DE MOURA","CRISTALINA - GO","AREIA","Construção civil","Sim"
"Gerência Regional / GO","861264/2022","Requerimento de Registro de Licença","Licenciamento","***.350.631-**","JOAO CHAVES","ARAGOIÂNIA - GO","CASCALHO","Construção civil","Sim"
"Gerência Regional / GO","861300/2022","Requerimento de Registro de Licença","Licenciamento","***.911.781-**","JOAO PEREIRA LEITE NETO","PIRANHAS - GO","CASCALHO","Construção civil","Sim"
"Gerência Regional / GO","860006/2023","Requerimento de Registro de Licença","Licenciamento","***.277.221-**","maria aparecida duarte santana","CATALÃO - GO","CASCALHO","Construção civil","Sim"
"Gerência Regional / GO","860555/2024","Requerimento de Mudança de Regime para Licenciamento","Licenciamento","47.775.428/0001-70","MINERACAO SOARES E DAMASO LTDA","SÃO LUIZ DO NORTE - GO","AREIA","Construção civil","Sim"
"Gerência Regional / GO","860496/2023","Requerimento de Mudança de Regime para Licenciamento","Licenciamento","***.095.351-**","weverton fernandes ramos dos santos","SANTA BÁRBARA DE GOIÁS - GO, TRINDADE - GO","AREIA","Construção civil","Sim"
"Gerência Regional / GO","860076/2023","Requerimento de Registro de Licença","Licenciamento","***.530.051-**","ODILON REZENDE","HIDROLÂNDIA - GO","AREIA","Construção civil","Sim"
"Gerência Regional / GO","860130/2023","Requerimento de Registro de Licença","Licenciamento","***.889.461-**","ANTONIO BORGES SAMPAIO JUNIOR","PIRES DO RIO - GO","CASCALHO","Construção civil","Sim"
"Gerência Regional / GO","861761/2013","Requerimento de Registro de Licença","Licenciamento","32.429.435/0001-42","CERAMICA MGL LTDA","SILVÂNIA - GO","AREIA, ARGILA","Cerâmica vermelha, Construção civil","Sim"
"Gerência Regional / GO","860129/2023","Requerimento de Registro de Licença","Licenciamento","48.939.601/0001-90","GONZAGA MINERIO LTDA","RIO QUENTE - GO","CASCALHO","Construção civil","Sim"
"Gerência Regional / GO","860471/2024","Requerimento de Registro de Licença","Licenciamento","26.240.261/0001-72","CMG META EMPREENDIMENTOS LTDA","APARECIDA DE GOIÂNIA - GO","CASCALHO","Construção civil","Sim"
"Gerência Regional / GO","860195/2023","Requerimento de Registro de Licença","Licenciamento","***.816.361-**","PEDRO VILMAR","BRAZABRANTES - GO","CASCALHO","Construção civil","Sim"
"Gerência Regional / GO","860219/2023","Requerimento de Registro de Licença","Licenciamento","***.382.871-**","ROSANE COSTA TURANO","SÃO MIGUEL DO ARAGUAIA - GO","CASCALHO","Construção civil","Sim"
"Gerência Regional / GO","860189/2023","Requerimento de Registro de Licença","Licenciamento","***.253.718-**","WEIMAR MARCHESI DE AMORIM","SANTA FÉ DE GOIÁS - GO","CASCALHO","Construção civil","Sim"
"Gerência Regional / GO","860262/2023","Requerimento de Registro de Licença","Licenciamento","***.030.041-**","Danilo Batista dos Santos ","OURO VERDE DE GOIÁS - GO","CASCALHO","Construção civil","Sim"
"Gerência Regional / GO","862748/2008","Requerimento de Registro de Licença","Licenciamento","21.440.412/0001-12","DRAGA QUATRO IRMAOS LTDA","ARRAIAS - TO, MONTE ALEGRE DE GOIÁS - GO","AREIA, CASCALHO","Construção civil, Construção civil","Sim"
"Gerência Regional / GO","860965/2016","Requerimento de Registro de Licença","Licenciamento","41.182.050/0001-14","MINERACAO CAIAPO LTDA","ARAGARÇAS - GO, MONTES CLAROS DE GOIÁS - GO","AREIA","Construção civil","Sim"
"Gerência Regional / GO","860270/2023","Requerimento de Registro de Licença","Licenciamento","***.257.151-**","Valter Ramos","MINEIROS - GO","CASCALHO","Construção civil","Sim"
"Gerência Regional / GO","860257/2023","Requerimento de Registro de Licença","Licenciamento","***.493.171-**","ROBERTO COSTA NASCIMENTO","TRINDADE - GO","CASCALHO","Construção civil","Sim"
"Gerência Regional / GO","860308/2023","Requerimento de Registro de Licença","Licenciamento","***.730.701-**","Fernanda Daddio","ORIZONA - GO","CASCALHO","Construção civil","Sim"
"Gerência Regional / GO","860409/2025","Requerimento de Mudança de Regime para Licenciamento","Licenciamento","48.590.572/0001-02","SUMATRA MINERALS LTDA","CRIXÁS - GO","AREIA, GRANITO","Brita, Construção civil","Sim"
"Gerência Regional / GO","860640/2023","Requerimento de Registro de Licença","Licenciamento","***.053.391-**","Giovanna Ferreira Dutra","FLORES DE GOIÁS - GO","CASCALHO","Construção civil","Sim"
"Gerência Regional / GO","860391/2023","Requerimento de Registro de Licença","Licenciamento","48.759.176/0001-58","MINERACAO E TRANSPORTE LOBO LTDA","SILVÂNIA - GO","AREIA, ARGILA","Cerâmica vermelha, Construção civil","Sim"
"Gerência Regional / GO","860446/2015","Requerimento de Registro de Licença","Licenciamento","44.621.177/0001-80","PRIME COMERCIO E LOCACOES LTDA","URUAÇU - GO","AREIA","Construção civil","Sim"
"Gerência Regional / GO","860002/2024","Requerimento de Registro de Licença","Licenciamento","***.049.231-**","ADRIANA LINA DE PAIVA","JANDAIA - GO","AREIA","Construção civil","Sim"
"Gerência Regional / GO","860577/2023","Requerimento de Cessão parcial","Licenciamento","50.920.972/0001-72","ILUI TEIXEIRA MARTINS","MINEIROS - GO","AREIA","Construção civil","Sim"
"Gerência Regional / GO","861084/2023","Requerimento de Registro de Licença","Licenciamento","***.514.261-**","ANNE CRISTINA RODRIGUES DA SILVA","CATALÃO - GO","CASCALHO","Construção civil","Sim"
"Gerência Regional / GO","861261/2024","Requerimento de Registro de Licença","Licenciamento","04.838.212/0001-01","MG MATERIAIS LTDA","GOIANÉSIA - GO","CASCALHO","Construção civil","Sim"
"Gerência Regional / GO","860907/2024","Requerimento de Mudança de Regime para Licenciamento","Licenciamento","50.714.205/0001-07","CERRADO EXTRACAO E MINERACAO LTDA","PARAÚNA - GO","AREIA","Construção civil","Sim"
"Gerência Regional / GO","860537/2023","Requerimento de Registro de Licença","Licenciamento","***.354.259-**","GIOVANI BATISTA PALUDO","MONTIVIDIU - GO","CASCALHO","Construção civil","Sim"
"Gerência Regional / GO","860555/2023","Requerimento de Registro de Licença","Licenciamento","***.148.846-**","LAMBERTO MARCELINO DIAS","NIQUELÂNDIA - GO","AREIA, CASCALHO","Construção civil, Construção civil","Sim"
"Gerência Regional / GO","860557/2023","Requerimento de Registro de Licença","Licenciamento","***.611.401-**","ROY LOPES AVELAR NERY","FLORES DE GOIÁS - GO","CASCALHO","Construção civil","Sim"
"Gerência Regional / GO","860568/2023","Requerimento de Registro de Licença","Licenciamento","***.730.811-**","roberto carlos de oliveira santos","RIO VERDE - GO","CASCALHO","Construção civil","Sim"
"Gerência Regional / GO","860623/2023","Requerimento de Registro de Licença","Licenciamento","***.781.631-**","IVO DINIZ DO NASCIMENTO","ANÁPOLIS - GO","ARGILA","Cerâmica vermelha","Sim"
"Gerência Regional / GO","860646/2023","Requerimento de Registro de Licença","Licenciamento","51.397.023/0001-12","GC MINERACAO EMPREENDIMENTOS LTDA","SILVÂNIA - GO","AREIA, ARGILA","Cerâmica vermelha, Construção civil","Sim"
"Gerência Regional / GO","860937/2024","Requerimento de Registro de Licença","Licenciamento","***.029.071-**","AILTON JOSE BUENO","INDIARA - GO","AREIA","Construção civil","Sim"
"Gerência Regional / GO","860291/2025","Requerimento de Registro de Licença","Licenciamento","41.496.154/0001-01","PAULINO J DO NASCIMENTO DE LIMA","BARRO ALTO - GO","CASCALHO","Construção civil","Sim"
"Gerência Regional / GO","860456/2025","Requerimento de Registro de Licença","Licenciamento","04.402.563/0001-67","CNB CONSTRUTORA LTDA","ITAPURANGA - GO","CASCALHO","Construção civil","Sim"
"Gerência Regional / GO","860873/2023","Requerimento de Registro de Licença","Licenciamento","***.579.891-**","ROGENER NAZARETH BARBOSA","GOIANIRA - GO","ARGILA","Cerâmica vermelha","Sim"
"Gerência Regional / GO","860652/2023","Requerimento de Registro de Licença","Licenciamento","***.685.091-**","milton figueiro da silva","ALEXÂNIA - GO","CASCALHO","Construção civil","Sim"
"Gerência Regional / GO","860701/2023","Requerimento de Registro de Licença","Licenciamento","51.397.023/0001-12","GC MINERACAO EMPREENDIMENTOS LTDA","SILVÂNIA - GO","AREIA, ARGILA","Cerâmica vermelha, Construção civil","Sim"
"Gerência Regional / GO","861086/2023","Requerimento de Registro de Licença","Licenciamento","19.321.410/0001-62","AJL - AGRONEGOCIO JOSIDITH LTDA","LEOPOLDO DE BULHÕES - GO","CASCALHO","Construção civil","Sim"
"Gerência Regional / GO","860869/2023","Requerimento de Registro de Licença","Licenciamento","***.880.691-**","JOAO DE OLIVEIRA FLORES","CHAPADÃO DO CÉU - GO","CASCALHO","Construção civil","Sim"
"Gerência Regional / GO","860901/2023","Requerimento de Registro de Licença","Licenciamento","***.724.831-**","FLORIVAL CABRAL GUIMARAES","RIO VERDE - GO","CASCALHO","Construção civil","Sim"
"Gerência Regional / GO","861034/2023","Requerimento de Registro de Licença","Licenciamento","***.882.486-**","ANGELO JORGE VENEROSO BENFICA","IPIRANGA DE GOIÁS - GO","ARGILA","Cerâmica vermelha","Sim"
"Gerência Regional / GO","860162/2024","Requerimento de Registro de Licença","Licenciamento","***.155.938-**","CARLOS ROBERTO DANTONIO DE ASSIS","MORRINHOS - GO","CASCALHO","Construção civil","Sim"
"Gerência Regional / GO","860339/2024","Requerimento de Registro de Licença","Licenciamento","39.149.859/0001-00","EMBRA ATIVOS INTERMEDIACAO DE NEGOCIOS LTDA","ÁGUAS LINDAS DE GOIÁS - GO","AREIA, CASCALHO","Construção civil, Construção civil","Sim"
"Gerência Regional / GO","860379/2024","Requerimento de Registro de Licença","Licenciamento","37.462.924/0001-10","S&S CONSTRUTORA E INCORPORADORA LTDA","APARECIDA DE GOIÂNIA - GO","CASCALHO","Construção civil","Sim"
"Gerência Regional / GO","861196/2023","Requerimento de Registro de Licença","Licenciamento","***.466.291-**","DANILO MATHEUS OLIVEIRA SANTOS","IVOLÂNDIA - GO, PALESTINA DE GOIÁS - GO","AREIA, ARGILA","Cerâmica vermelha, Construção civil","Sim"
"Gerência Regional / GO","860019/2024","Requerimento de Registro de Licença","Licenciamento","***.296.141-**","RENATO PERES ASSIS","SERRANÓPOLIS - GO","CASCALHO","Construção civil","Sim"
"Gerência Regional / GO","860296/2024","Requerimento de Registro de Licença","Licenciamento","***.323.801-**","CLEIDE FERREIRA DE MATOS PELA","ITAPIRAPUÃ - GO","CASCALHO","Construção civil","Sim"
"Gerência Regional / GO","860128/2024","Requerimento de Registro de Licença","Licenciamento","***.533.416-**","ANTONIO PENA TEIXEIRA","ALVORADA DO NORTE - GO","CASCALHO","Construção civil","Sim"
"Gerência Regional / GO","860270/2024","Requerimento de Registro de Licença","Licenciamento","28.055.083/0001-35","EMPRESARIAL AGROCEU LTDA","CHAPADÃO DO CÉU - GO","CASCALHO","Construção civil","Sim"
"Gerência Regional / GO","860835/2025","Requerimento de Registro de Licença","Licenciamento","12.822.040/0001-06","AREIAL DOIS IRMAOS LTDA","MOSSÂMEDES - GO","AREIA","Construção civil","Sim"
"Gerência Regional / GO","860163/2024","Requerimento de Registro de Licença","Licenciamento","***.651.601-**","NILVA MARTINS DOS SANTOS","GUARANI DE GOIÁS - GO","AREIA","Construção civil","Sim"
"Gerência Regional / GO","860387/2024","Requerimento de Registro de Licença","Licenciamento","***.055.021-**","LUIZ ROBERTO SOARES","CALDAS NOVAS - GO","CASCALHO","Construção civil","Sim"
"Gerência Regional / GO","860386/2024","Requerimento de Registro de Licença","Licenciamento","54.270.413/0001-15","ROCHA FIRME MINERACAO LTDA","ABADIA DE GOIÁS - GO","CASCALHO","Construção civil","Sim"
"Gerência Regional / GO","860377/2024","Requerimento de Registro de Licença","Licenciamento","33.040.733/0001-09","FBRC EMPREENDIMENTOS IMOBILIARIOS SPE LTDA","BELA VISTA DE GOIÁS - GO","CASCALHO","Construção civil","Sim"
"Gerência Regional / GO","860473/2024","Requerimento de Registro de Licença","Licenciamento","***.368.091-**","AULO GUIMARAES DA SILVEIRA","QUIRINÓPOLIS - GO","CASCALHO","Construção civil","Sim"
"Gerência Regional / GO","860465/2024","Requerimento de Registro de Licença","Licenciamento","***.147.181-**","DIVANDO GOMES VIEIRA","CALDAZINHA - GO","CASCALHO","Construção civil","Sim"
"Gerência Regional / GO","861111/2024","Requerimento de Registro de Licença","Licenciamento","19.574.965/0001-16","GRAN PACAEMBU ADMINISTRACAO LTDA","VALPARAÍSO DE GOIÁS - GO","CASCALHO","Construção civil","Sim"
"Gerência Regional / GO","860755/2012","Requerimento de Mudança de Regime para Licenciamento","Licenciamento","54.414.945/0001-89","MINERACAO VALE DO CAIAPO LTDA","ARENÓPOLIS - GO, DIORAMA - GO","AREIA","Construção civil","Sim"
"Gerência Regional / GO","860584/2024","Requerimento de Registro de Licença","Licenciamento","***.392.441-**","CELIA MOREIRA DE SOUZA GOMES","ALEXÂNIA - GO","CASCALHO","Construção civil","Sim"
"Gerência Regional / GO","860478/2024","Requerimento de Registro de Licença","Licenciamento","33.957.562/0001-87","TERRA FORTE CONSTRUTORA LTDA","ABADIA DE GOIÁS - GO","CASCALHO","Construção civil","Sim"
"Gerência Regional / GO","860522/2024","Requerimento de Registro de Licença","Licenciamento","***.186.651-**","JOSE REMILDES DIAS","CALDAS NOVAS - GO","CASCALHO","Construção civil","Sim"
"Gerência Regional / GO","861232/2024","Requerimento de Registro de Licença","Licenciamento","47.784.308/0001-39","M & L EXTRACAO E COMERCIO DE METAIS PRECIOSOS E AREIAS LTDA","JARAGUÁ - GO","AREIA","Construção civil","Sim"
"Gerência Regional / GO","860685/2024","Requerimento de Registro de Licença","Licenciamento","***.358.131-**","ANGELA MARIA CANDIDA NUNES","SERRANÓPOLIS - GO","CASCALHO","Construção civil","Sim"
"Gerência Regional / GO","860806/2024","Requerimento de Registro de Licença","Licenciamento","54.491.225/0001-17","VP DA SILVA MINERACAO LTDA","SILVÂNIA - GO","AREIA, ARGILA","Cerâmica vermelha, Construção civil","Sim"
"Gerência Regional / GO","860812/2024","Requerimento de Registro de Licença","Licenciamento","***.975.011-**","CARLOS ROBERTO DE SOUZA","GOIATUBA - GO","CASCALHO","Construção civil","Sim"
"Gerência Regional / GO","860808/2018","Requerimento de Registro de Licença","Licenciamento","***.435.501-**","KAWANA CRISTINA LOSMINA MORAES LOPES","SANCLERLÂNDIA - GO","AREIA","Construção civil","Sim"
"Gerência Regional / GO","860831/2024","Requerimento de Registro de Licença","Licenciamento","08.926.881/0001-88","DANTAS CONSTRUTORA E INCORPORADORA LTDA","ARAGOIÂNIA - GO","CASCALHO","Construção civil","Sim"
"Gerência Regional / GO","860921/2024","Requerimento de Registro de Licença","Licenciamento","***.116.668-**","JOSE NIVALDO GUARNIERI","JUSSARA - GO","CASCALHO","Construção civil","Sim"
"Gerência Regional / GO","860629/2019","Requerimento de Mudança de Regime para Licenciamento","Licenciamento","50.337.698/0001-03","JOAO CAIXETA GOMES  LTDA","CRIXÁS - GO, SANTA TEREZINHA DE GOIÁS - GO","AREIA","Construção civil","Sim"
"Gerência Regional / GO","860933/2024","Requerimento de Registro de Licença","Licenciamento","30.291.318/0001-30","30.291.318 MARA DALILA SOARES DOS REIS MEIRELES","IVOLÂNDIA - GO","AREIA","Construção civil","Sim"
"Gerência Regional / GO","861042/2024","Requerimento de Registro de Licença","Licenciamento","***.029.071-**","AILTON JOSE BUENO","INDIARA - GO","AREIA","Construção civil","Sim"
"Gerência Regional / GO","860714/2010","Requerimento de Registro de Licença","Licenciamento","55.571.267/0001-20","DRAGA PILOTO LTDA","ITAPURANGA - GO","AREIA","Construção civil","Sim"
"Gerência Regional / GO","861061/2024","Requerimento de Registro de Licença","Licenciamento","33.161.912/0001-02","JP DA CONCEICAO LTDA","FORMOSA - GO","AREIA","Construção civil","Sim"
"Gerência Regional / GO","861069/2024","Requerimento de Registro de Licença","Licenciamento","***.425.476-**","JOAO MATEUS DE ANDRADE","NOVA VENEZA - GO","ARGILA","Cerâmica vermelha","Sim"
"Gerência Regional / GO","861036/2025","Requerimento de Mudança de Regime para Licenciamento","Licenciamento","***.099.071-**","ADRIANA FERES JACOB","SÃO SIMÃO - GO","CASCALHO","Construção civil","Sim"
"Gerência Regional / GO","861738/2011","Requerimento de Registro de Licença","Licenciamento","***.645.341-**","IGOR BERNARDO DE SOUSA","ITAPURANGA - GO","AREIA","Construção civil","Sim"
"Gerência Regional / GO","861347/2024","Requerimento de Registro de Licença","Licenciamento","***.126.821-**","SUZANA DE SA DE JESUS NASCIMENTO","JARAGUÁ - GO","ARGILA","Cerâmica vermelha","Sim"
"Gerência Regional / GO","861263/2024","Requerimento de Registro de Licença","Licenciamento","***.896.881-**","GILMAR JOSE DA SILVA","SÃO DOMINGOS - GO","CASCALHO","Construção civil","Sim"
"Gerência Regional / GO","861376/2024","Requerimento de Registro de Licença","Licenciamento","***.735.251-**","ADERCINO GABRIEL DA SILVA","BELA VISTA DE GOIÁS - GO","AREIA","Construção civil","Sim"
"Gerência Regional / GO","861947/2024","Requerimento de Registro de Licença","Licenciamento","***.221.521-**","ADELUB TEIXEIRA DE MENDONCA JUNIOR","FIRMINÓPOLIS - GO","CASCALHO","Construção civil","Sim"
"Gerência Regional / GO","860255/2025","Requerimento de Registro de Licença","Licenciamento","27.228.173/0001-18","W COMERCIAL LTDA","IPAMERI - GO","CASCALHO","Construção civil","Sim"
"Gerência Regional / GO","860413/2017","Requerimento de Mudança de Regime para Licenciamento","Licenciamento","36.062.117/0001-47","AGAPITO EMPREENDIMENTOS LTDA","ITAPURANGA - GO, MORRO AGUDO DE GOIÁS - GO","AREIA","Construção civil","Sim"
"Gerência Regional / GO","860832/2017","Requerimento de Mudança de Regime para Licenciamento","Licenciamento","38.499.035/0001-90","SAO JOAO SJ MATERIAIS PARA CONSTRUCAO LTDA","JATAÍ - GO","AREIA","Construção civil","Sim"
"Gerência Regional / GO","860247/2025","Requerimento de Registro de Licença","Licenciamento","***.704.131-**","ARMANDO RICARDO DOS SANTOS LEMES","ITAPURANGA - GO","CASCALHO","Construção civil","Sim"
"Gerência Regional / GO","860948/2025","Requerimento de Registro de Licença","Licenciamento","59.631.215/0001-53","CERAMICA SAO SEBASTIAO DAS PALMEIRAS LTDA","CORUMBAÍBA - GO","ARGILA","Construção civil","Sim"
"Gerência Regional / GO","860805/2012","Requerimento de Mudança de Regime para Licenciamento","Licenciamento","31.201.921/0001-46","FERNANDES TRANSPORTES E DISTRIBUIDORA DE AREIA E BRITA LTDA","GOIÁS - GO","AREIA, CASCALHO","Construção civil, Construção civil","Sim"
"Gerência Regional / GO","860381/2025","Requerimento de Registro de Licença","Licenciamento","41.496.154/0001-01","PAULINO J DO NASCIMENTO DE LIMA","BARRO ALTO - GO","CASCALHO","Construção civil","Sim"
"Gerência Regional / GO","860342/2025","Requerimento de Registro de Licença","Licenciamento","***.850.461-**","HUGO PERILLO VIEIRA E SOUZA","URUANA - GO","CASCALHO","Construção civil","Sim"
"Gerência Regional / GO","860406/2025","Requerimento de Registro de Licença","Licenciamento","***.616.871-**","OSMAR DE OLIVEIRA QUEIROZ","QUIRINÓPOLIS - GO","CASCALHO","Construção civil","Sim"
"Gerência Regional / GO","860466/2025","Requerimento de Registro de Licença","Licenciamento","04.402.563/0001-67","CNB CONSTRUTORA LTDA","RUBIATABA - GO","CASCALHO","Construção civil","Sim"
"Gerência Regional / GO","860554/2025","Requerimento de Registro de Licença","Licenciamento","***.072.921-**","LUCIA AMELIA DO PRADO RAMOS","JATAÍ - GO","CASCALHO","Construção civil","Sim"
"Gerência Regional / GO","860653/2025","Requerimento de Registro de Licença","Licenciamento","***.414.551-**","GIOVANNI LUCAS MOREIRA DOS SANTOS","SIMOLÂNDIA - GO","CASCALHO","Construção civil","Sim"
"Gerência Regional / GO","860424/2013","Requerimento de Mudança de Regime para Licenciamento","Licenciamento","***.166.321-**","PAULO ROBERTO DE FREITAS NEVES","EDEALINA - GO, PONTALINA - GO","AREIA","Construção civil","Sim"
"Gerência Regional / GO","860585/2025","Requerimento de Registro de Licença","Licenciamento","***.502.891-**","MARIA NUNES DE ANDRADE","PETROLINA DE GOIÁS - GO","ARGILA","Cerâmica vermelha","Sim"
"Gerência Regional / GO","860616/2025","Requerimento de Registro de Licença","Licenciamento","***.206.701-**","EVERSON OLIMPIO SANCHES","SILVÂNIA - GO","CASCALHO","Construção civil","Sim"
"Gerência Regional / GO","860638/2025","Requerimento de Registro de Licença","Licenciamento","11.640.882/0001-76","KING GRASS AGRICOLA LTDA","TRINDADE - GO","ARGILA","Cerâmica vermelha","Sim"
"Gerência Regional / GO","860676/2025","Requerimento de Registro de Licença","Licenciamento","61.037.345/0001-04","ABC CASCALHOS LTDA","SÃO MIGUEL DO ARAGUAIA - GO","AREIA, CASCALHO","Construção civil, Construção civil","Sim"
"Gerência Regional / GO","860696/2025","Requerimento de Registro de Licença","Licenciamento","***.441.040-**","JAIR D AGUSTIN","RIO VERDE - GO","CASCALHO","Construção civil","Sim"
"Gerência Regional / GO","860837/2025","Requerimento de Registro de Licença","Licenciamento","***.071.951-**","PAULO VICTOR DE CAMPOS BARBOSA","ALEXÂNIA - GO","CASCALHO","Construção civil","Sim"
"Gerência Regional / GO","860675/2025","Requerimento de Registro de Licença","Licenciamento","***.161.421-**","LUCILENI SOARES CAMILO","BELA VISTA DE GOIÁS - GO","ARGILA","Cerâmica vermelha","Sim"
"Gerência Regional / GO","860750/2025","Requerimento de Registro de Licença","Licenciamento","***.741.521-**","FERNANDO GARCIA GODOI","JARAGUÁ - GO","ARGILA","Cerâmica vermelha","Sim"
"Gerência Regional / GO","860808/2025","Requerimento de Registro de Licença","Licenciamento","***.343.821-**","DELIO BENEDITO PIRES","SILVÂNIA - GO","AREIA, ARGILA","Cerâmica vermelha, Construção civil","Sim"
"Gerência Regional / GO","860861/2025","Requerimento de Registro de Licença","Licenciamento","***.954.841-**","WELSON DE OLIVEIRA FILHO","ANÁPOLIS - GO","CASCALHO","Construção civil","Sim"
"Gerência Regional / GO","860899/2025","Requerimento de Registro de Licença","Licenciamento","44.669.313/0001-02","AGROPECUARIA DUAS MARIAS LTDA","SÃO SIMÃO - GO","CASCALHO","Construção civil","Sim"
"Gerência Regional / GO","860892/2025","Requerimento de Registro de Licença","Licenciamento","***.731.151-**","KAMILLA ANDRADE BORGES","RIALMA - GO","CASCALHO","Construção civil","Sim"
"Gerência Regional / GO","860037/2026","Requerimento de Registro de Licença","Licenciamento","***.936.401-**","MARCOS PEREIRA DA SILVA","SÃO MIGUEL DO ARAGUAIA - GO","CASCALHO","Construção civil","Sim"
"Gerência Regional / GO","860743/2025","Requerimento de Registro de Licença","Licenciamento","18.592.147/0001-83","CERAMICA SOLAR LTDA","CUMARI - GO","ARGILA","Cerâmica vermelha","Sim"
"Gerência Regional / GO","860656/2013","Requerimento de Registro de Licença","Licenciamento","***.313.381-**","SALVADOR RODRIGUES SOBRINHO","MINAÇU - GO","AREIA","Construção civil","Sim"
"Gerência Regional / GO","860655/2018","Requerimento de Registro de Licença","Licenciamento","***.313.381-**","SALVADOR RODRIGUES SOBRINHO","MINAÇU - GO","AREIA, CASCALHO","Construção civil, Construção civil","Sim"
"Gerência Regional / GO","860539/2010","Requerimento de Registro de Licença","Licenciamento","04.692.327/0001-22","CONCRE-NORTE INDUSTRIA E COMERCIO LTDA","SÃO LUIZ DO NORTE - GO","GRANITO","Brita","Sim"
"Gerência Regional / GO","860591/2019","Requerimento de Registro de Licença","Licenciamento","09.101.388/0001-91","B N MINERACAO E SERVICOS LTDA","SILVÂNIA - GO","ARGILA","Cerâmica vermelha","Sim"
"Gerência Regional / GO","860233/2020","Requerimento de Mudança de Regime para Licenciamento","Licenciamento","***.363.621-**","João Almeida de Oliveira","ISRAELÂNDIA - GO","ARGILA","Cerâmica vermelha","Sim"
"Gerência Regional / GO","860593/2015","Requerimento de Mudança de Regime para Licenciamento","Licenciamento","***.726.371-**","Ampara Ferreira de Barros","MORRINHOS - GO","BASALTO","Brita","Sim"
"Gerência Regional / GO","860592/2015","Requerimento de Registro de Licença","Licenciamento","***.726.371-**","Ampara Ferreira de Barros","MORRINHOS - GO","BASALTO","Brita","Sim"
"Gerência Regional / GO","861102/2014","Requerimento de Mudança de Regime para Licenciamento","Licenciamento","11.857.678/0001-01","BL-EXTRACAO DE AREIA LTDA","PIRACANJUBA - GO","AREIA","Construção civil","Sim"
"Gerência Regional / GO","861787/2021","Requerimento de Registro de Licença","Licenciamento","08.777.514/0001-60","SERRA NEGRA MINERACAO DO BRASIL LTDA","SANTO ANTÔNIO DO DESCOBERTO - GO","AREIA, QUARTZITO","Brita, Construção civil","Sim"
"Gerência Regional / GO","860334/2019","Requerimento de Mudança de Regime para Licenciamento","Licenciamento","02.563.505/0001-90","ATLANTIS CONSTRUTORA S/A","ITABERAÍ - GO","GRANITO","Brita","Sim"
"Gerência Regional / GO","860782/2020","Requerimento de Registro de Licença","Licenciamento","***.425.651-**","Ivon José valente ","POSSE - GO","CASCALHO","Brita","Sim"
"Gerência Regional / GO","860249/2016","Requerimento de Mudança de Regime para Licenciamento","Licenciamento","***.486.141-**","DIONY CEZAR RABELO","ÁGUA LIMPA - GO, RIO QUENTE - GO","AREIA, CASCALHO","Construção civil, Construção civil","Sim"
"Gerência Regional / GO","860975/2015","Requerimento de Registro de Licença","Licenciamento","11.127.711/0001-48","Nova Piratininga Empreendimentos, Participacoes e Incorporacoes Ltda ","SÃO MIGUEL DO ARAGUAIA - GO","CASCALHO","Construção civil","Sim"
"Gerência Regional / GO","860979/2015","Requerimento de Registro de Licença","Licenciamento","11.127.711/0001-48","Nova Piratininga Empreendimentos, Participacoes e Incorporacoes Ltda ","SÃO MIGUEL DO ARAGUAIA - GO","AREIA","Construção civil","Sim"
"Gerência Regional / GO","860978/2015","Requerimento de Registro de Licença","Licenciamento","11.127.711/0001-48","Nova Piratininga Empreendimentos, Participacoes e Incorporacoes Ltda ","SÃO MIGUEL DO ARAGUAIA - GO","CASCALHO","Construção civil","Sim"
"Gerência Regional / GO","860977/2015","Requerimento de Registro de Licença","Licenciamento","11.127.711/0001-48","Nova Piratininga Empreendimentos, Participacoes e Incorporacoes Ltda ","SÃO MIGUEL DO ARAGUAIA - GO","AREIA","Construção civil","Sim"
"Gerência Regional / GO","860376/2019","Requerimento de Registro de Licença","Licenciamento","***.736.421-**","ATAIR CRUZEIRO DO PRADO","JATAÍ - GO","CASCALHO","Construção civil","Sim"
"Gerência Regional / GO","860461/2008","Requerimento de Registro de Licença","Licenciamento","05.767.400/0001-40","ESCAVACOES CAIXETA LTDA","CRIXÁS - GO, SANTA TEREZINHA DE GOIÁS - GO","AREIA, SAIBRO","Construção civil, Construção civil","Sim"
"Gerência Regional / GO","860769/2018","Requerimento de Mudança de Regime para Licenciamento","Licenciamento","***.711.571-**","Ayrton Pereira Santos","CÓRREGO DO OURO - GO, MOIPORÁ - GO","AREIA","Construção civil","Sim"
"Gerência Regional / GO","860179/2019","Requerimento de Mudança de Regime para Licenciamento","Licenciamento","***.711.571-**","Ayrton Pereira Santos","FAZENDA NOVA - GO, MOIPORÁ - GO","AREIA","Construção civil","Sim"
"Gerência Regional / GO","860835/2017","Requerimento de Mudança de Regime para Licenciamento","Licenciamento","18.491.706/0001-69","MINERACAO CRISTAL COMERCIO DE AREIA & CASCALHO LTDA","URUAÇU - GO","AREIA","Construção civil","Sim"
"Gerência Regional / GO","860724/2017","Requerimento de Mudança de Regime para Licenciamento","Licenciamento","18.491.706/0001-69","MINERACAO CRISTAL COMERCIO DE AREIA & CASCALHO LTDA","URUAÇU - GO","AREIA","Construção civil","Sim"
"Gerência Regional / GO","860345/2017","Requerimento de Registro de Licença","Licenciamento","***.069.261-**","DOMINGOS PEREIRA DA SILVA","MINAÇU - GO","AREIA","Construção civil","Sim"
"Gerência Regional / GO","860724/2019","Requerimento de Registro de Licença","Licenciamento","33.620.576/0001-00","EURIPEDES ALVES DA SILVA A GOIANA","MOZARLÂNDIA - GO","AREIA, ARGILA, CASCALHO","Cerâmica vermelha, Construção civil, Construção civil","Sim"
"Gerência Regional / GO","860221/2018","Requerimento de Registro de Licença","Licenciamento","***.348.291-**","EXPEDITO DA SILVA BRASILEIRO","NOVA VENEZA - GO","ARGILA","Cerâmica vermelha","Sim"
"Gerência Regional / GO","860532/2018","Requerimento de Registro de Licença","Licenciamento","30.399.152/0001-70","POTENCIA PRODUTOS E SERVICOS LTDA","CALDAS NOVAS - GO","CASCALHO","Construção civil","Sim"
"Gerência Regional / GO","862186/2007","Requerimento de Registro de Licença","Licenciamento","***.167.861-**","JEFFERSON ROSA DE JESUS","MINEIROS - GO","AREIA, CASCALHO","Construção civil, Construção civil","Sim"
"Gerência Regional / GO","860431/2022","Requerimento de Registro de Licença","Licenciamento","***.140.159-**","TAMON NAKAYAMA","ANÁPOLIS - GO","CASCALHO","Construção civil","Sim"
"Gerência Regional / GO","860654/2023","Requerimento de Mudança de Regime para Licenciamento","Licenciamento","51.065.794/0001-02","CALCARIO NORTECAL LTDA","NIQUELÂNDIA - GO","CALCÁRIO, DOLOMITO","Corretivo de solo, Corretivo de solo","Sim"
"Gerência Regional / GO","860380/2012","Requerimento de Registro de Licença","Licenciamento","02.267.869/0001-22","Draga e Transportes Rio Piracanjuba Ltda Me","MORRINHOS - GO","AREIA, CASCALHO","Construção civil, Construção civil","Sim"
"Gerência Regional / GO","860221/1999","Requerimento de Autorização de Pesquisa","Licenciamento","03.007.590/0001-72","BRITAGO MINERACAO INDUSTRIA E COMERCIO LTDA","AVELINÓPOLIS - GO","GNAISSE","Demais substâncias","Sim"
"Gerência Regional / GO","861748/2012","Requerimento de Registro de Licença","Licenciamento","26.975.599/0001-72","Espedito Mendes Me","PLANALTINA - GO","AREIA, CASCALHO","Construção civil, Construção civil","Sim"
"Gerência Regional / GO","861382/2006","Requerimento de Registro de Licença","Licenciamento","***.313.381-**","SALVADOR RODRIGUES SOBRINHO","MINAÇU - GO","AREIA, CASCALHO","Construção civil, Construção civil","Sim"
"Gerência Regional / GO","860918/2006","Requerimento de Registro de Licença","Licenciamento","***.949.181-**","VALDEMIRO JOSE DIAS","FORMOSA - GO","ARGILA","Cerâmica vermelha","Sim"
"Gerência Regional / GO","860402/2018","Requerimento de Registro de Licença","Licenciamento","***.521.501-**","Antônio Carlos da Costa","SÃO LUIZ DO NORTE - GO","CASCALHO","Construção civil","Sim"
"Gerência Regional / GO","861622/2007","Requerimento de Registro de Licença","Licenciamento","***.461.871-**","OSMAR SEBASTIAO DE REZENDE","PONTALINA - GO","AREIA","Construção civil","Sim"
"Gerência Regional / GO","862117/2005","Requerimento de Registro de Licença","Licenciamento","07.525.669/0001-46","CERÂMICA SÃO BENEDITO LTDA","ACREÚNA - GO","ARGILA","Cerâmica vermelha","Sim"
"Gerência Regional / GO","860901/2009","Requerimento de Registro de Licença","Licenciamento","02.156.313/0001-69","CONSTRUTORA CENTRAL DO BRASIL S.A","BOM JESUS DE GOIÁS - GO","CASCALHO","Construção civil","Sim"
"Gerência Regional / GO","860841/2006","Requerimento de Registro de Licença","Licenciamento","02.292.961/0001-42","FARIA & CURY LTDA","CALDAZINHA - GO","CASCALHO, GNAISSE","Brita, Construção civil","Sim"
"Gerência Regional / GO","861295/2007","Requerimento de Registro de Licença","Licenciamento","***.795.181-**","Daniel Alexandre da Silva","CRIXÁS - GO, GUARINOS - GO","AREIA, ARGILA","Cerâmica vermelha, Construção civil","Sim"
"Gerência Regional / GO","861213/2013","Requerimento de Registro de Licença","Licenciamento","09.004.478/0001-64","AREIAL OURO BRANCO LTDA","ABADIÂNIA - GO","AREIA","Construção civil","Sim"
"Gerência Regional / GO","861101/2021","Requerimento de Registro de Licença","Licenciamento","09.101.388/0001-91","B N MINERACAO E SERVICOS LTDA","SILVÂNIA - GO","AREIA, ARGILA","Cerâmica vermelha, Construção civil","Sim"
"Gerência Regional / GO","860932/2012","Requerimento de Mudança de Regime para Licenciamento","Licenciamento","09.479.748/0001-93","GESSOCAL LTDA","URUAÇU - GO","CALCÁRIO","Corretivo de solo","Sim"
"Gerência Regional / GO","861545/2010","Requerimento de Registro de Licença","Licenciamento","***.901.581-**","MARCOS ANTONIO ALVES PORTO","NIQUELÂNDIA - GO","AREIA","Construção civil","Sim"
"Gerência Regional / GO","860999/2010","Requerimento de Registro de Licença","Licenciamento","***.206.271-**","MARCELO AMERICO DANTAS","ITAPIRAPUÃ - GO, MATRINCHÃ - GO","AREIA","Construção civil","Sim"
"Gerência Regional / GO","860974/2011","Requerimento de Registro de Licença","Licenciamento","***.363.621-**","João Almeida de Oliveira","ISRAELÂNDIA - GO","ARGILA","Cerâmica vermelha","Sim"
"Gerência Regional / GO","861325/2013","Requerimento de Registro de Licença","Licenciamento","***.935.741-**","WELSON ALBUQUERQUE RIBEIRO BORGES","SILVÂNIA - GO, VIANÓPOLIS - GO","ARGILA","Cerâmica vermelha","Sim"
"Gerência Regional / GO","860706/2015","Requerimento de Registro de Licença","Licenciamento","***.726.371-**","Ampara Ferreira de Barros","MORRINHOS - GO","BASALTO","Brita","Sim"
"Gerência Regional / GO","860881/2009","Requerimento de Registro de Licença","Licenciamento","***.585.131-**","MARIA NAIR NAVES CORREA","PORANGATU - GO","AREIA, CASCALHO","Construção civil, Construção civil","Sim"
"Gerência Regional / GO","861514/2016","Requerimento de Registro de Licença","Licenciamento","***.963.621-**","Alexandre Ricardo Alves de Oliveira","GUAPÓ - GO","AREIA, ARGILA","Cerâmica vermelha, Construção civil","Sim"
"Gerência Regional / GO","861103/2014","Requerimento de Mudança de Regime para Licenciamento","Licenciamento","11.857.678/0001-01","BL-EXTRACAO DE AREIA LTDA","PIRACANJUBA - GO","AREIA","Construção civil","Sim"
"Gerência Regional / GO","860673/2009","Requerimento de Mudança de Regime para Licenciamento","Licenciamento","03.171.833/0001-03","Rafili Empreendimentos e Transportes Eireli Me","SILVÂNIA - GO","AREIA","Construção civil","Sim"
"Gerência Regional / GO","861847/2013","Requerimento de Mudança de Regime para Licenciamento","Licenciamento","00.798.066/0001-79","JESIEL MORAES MENEZES","JATAÍ - GO","AREIA","Construção civil","Sim"
"Gerência Regional / GO","860365/2021","Requerimento de Registro de Licença","Licenciamento","08.777.514/0001-60","SERRA NEGRA MINERACAO DO BRASIL LTDA","SANTO ANTÔNIO DO DESCOBERTO - GO","AREIA, QUARTZITO","Brita, Construção civil","Sim"
"Gerência Regional / GO","862560/2011","Requerimento de Registro de Licença","Licenciamento","***.718.726-**","César Augusto Sandri","MINEIROS - GO","CASCALHO","Construção civil","Sim"
"Gerência Regional / GO","861793/2011","Requerimento de Registro de Licença","Licenciamento","***.494.801-**","Ercecilia de Oliveira Netto","ITAUÇU - GO","AREIA, CASCALHO","Construção civil, Construção civil","Sim"
"Gerência Regional / GO","862882/2011","Requerimento de Registro de Licença","Licenciamento","14.074.130/0001-83","Tm Extração e Comercio de Minerais Ltda","SÃO JOÃO D'ALIANÇA - GO","AREIA","Construção civil","Sim"
"Gerência Regional / GO","861481/2013","Requerimento de Registro de Licença","Licenciamento","02.563.505/0001-90","ATLANTIS CONSTRUTORA S/A","ITABERAÍ - GO","GRANITO","Brita","Sim"
"Gerência Regional / GO","860897/2019","Requerimento de Registro de Licença","Licenciamento","***.307.321-**","Vanderlei Martins França","ANÁPOLIS - GO","CASCALHO","Construção civil","Sim"
"Gerência Regional / GO","862003/2012","Requerimento de Registro de Licença","Licenciamento","***.425.651-**","Ivon José valente ","POSSE - GO","CASCALHO","Construção civil","Sim"
"Gerência Regional / GO","862208/2012","Requerimento de Registro de Licença","Licenciamento","***.129.901-**","Ivan Geraldo de Carvalho","NOVA IGUAÇU DE GOIÁS - GO","AREIA, CASCALHO","Construção civil, Construção civil","Sim"
"Gerência Regional / GO","860837/2011","Requerimento de Registro de Licença","Licenciamento","16.830.800/0001-70","Britar Mineração Ltda ","GOIANIRA - GO","GNAISSE","Brita","Sim"
"Gerência Regional / GO","860592/2022","Requerimento de Registro de Licença","Licenciamento","***.803.891-**","DIVINO DA SILVA ROSA","ITABERAÍ - GO","CASCALHO","Construção civil","Sim"
"Gerência Regional / GO","860250/2016","Requerimento de Registro de Licença","Licenciamento","***.486.141-**","DIONY CEZAR RABELO","ÁGUA LIMPA - GO, MORRINHOS - GO","AREIA","Construção civil","Sim"
"Gerência Regional / GO","860417/2020","Requerimento de Registro de Licença","Licenciamento","***.229.671-**","DONIZETTI MARIA RIBEIRO","NOVA VENEZA - GO","ARGILA","Cerâmica vermelha","Sim"
"Gerência Regional / GO","860850/2015","Requerimento de Registro de Licença","Licenciamento","***.752.351-**","Gabriela Vilela de Sousa","MINEIROS - GO","AREIA, CASCALHO","Construção civil, Construção civil","Sim"
"Gerência Regional / GO","860390/2015","Requerimento de Registro de Licença","Licenciamento","***.190.731-**","MARIA TEREZA VARGAS","LUZIÂNIA - GO","CASCALHO","Construção civil","Sim"
"Gerência Regional / GO","860976/2015","Requerimento de Registro de Licença","Licenciamento","11.127.711/0001-48","Nova Piratininga Empreendimentos, Participacoes e Incorporacoes Ltda ","SÃO MIGUEL DO ARAGUAIA - GO","CASCALHO","Construção civil","Sim"
"Gerência Regional / GO","860596/2016","Requerimento de Registro de Licença","Licenciamento","22.575.504/0001-72","MINERACAO JS LTDA","BURITI DE GOIÁS - GO, SANCLERLÂNDIA - GO","AREIA","Construção civil","Sim"
"Gerência Regional / GO","861441/2015","Requerimento de Registro de Licença","Licenciamento","***.736.421-**","ATAIR CRUZEIRO DO PRADO","JATAÍ - GO","CASCALHO","Construção civil","Sim"
"Gerência Regional / GO","861508/2015","Requerimento de Cessão parcial","Licenciamento","05.767.400/0001-40","ESCAVACOES CAIXETA LTDA","CRIXÁS - GO, SANTA TEREZINHA DE GOIÁS - GO","AREIA, CASCALHO","Construção civil, Construção civil","Sim"
"Gerência Regional / GO","860803/2019","Requerimento de Mudança de Regime para Licenciamento","Licenciamento","***.711.571-**","Ayrton Pereira Santos","CÓRREGO DO OURO - GO, MOIPORÁ - GO","AREIA","Construção civil","Sim"
"Gerência Regional / GO","860949/2013","Requerimento de Cessão parcial","Licenciamento","18.491.706/0001-69","MINERACAO CRISTAL COMERCIO DE AREIA & CASCALHO LTDA","URUAÇU - GO","AREIA, CASCALHO","Construção civil, Construção civil","Sim"
"Gerência Regional / GO","860346/2017","Requerimento de Registro de Licença","Licenciamento","***.069.261-**","DOMINGOS PEREIRA DA SILVA","MINAÇU - GO","AREIA","Construção civil","Sim"
"Gerência Regional / GO","861267/2014","Requerimento de Mudança de Regime para Licenciamento","Licenciamento","***.660.991-**","MARCONDES LOPES DE SOUZA","SÃO LUÍS DE MONTES BELOS - GO","AREIA","Construção civil","Sim"
"Gerência Regional / GO","860596/2017","Requerimento de Registro de Licença","Licenciamento","***.642.451-**","VALQUIRIA FABRICIA BARCELOS VELASCO","PLANALTINA - GO","CASCALHO","Construção civil","Sim"
"Gerência Regional / GO","861002/2024","Requerimento de Mudança de Regime para Licenciamento","Licenciamento","***.621.162-**","ODAIR DA SILVA ROSA","GOIANÉSIA - GO, JARAGUÁ - GO","AREIA","Construção civil","Sim"
"Gerência Regional / GO","860338/2017","Requerimento de Registro de Licença","Licenciamento","***.433.891-**","IRIOMAR NAVES","ISRAELÂNDIA - GO","AREIA, CASCALHO","Construção civil, Construção civil","Sim"
"Gerência Regional / GO","860466/2017","Requerimento de Registro de Licença","Licenciamento","***.903.701-**","Adelio Tolentino da Silva","MOSSÂMEDES - GO","CASCALHO","Construção civil","Sim"
"Gerência Regional / GO","860690/2017","Requerimento de Registro de Licença","Licenciamento","***.509.391-**","Nilton Ferreira de Siqueira","PALMINÓPOLIS - GO","CASCALHO","Construção civil","Sim"
"Gerência Regional / GO","860956/2017","Requerimento de Registro de Licença","Licenciamento","***.694.051-**","José Rezende","SANTA CRUZ DE GOIÁS - GO","CASCALHO","Construção civil","Sim"
"Gerência Regional / GO","861053/2017","Requerimento de Registro de Licença","Licenciamento","33.620.576/0001-00","EURIPEDES ALVES DA SILVA A GOIANA","MOZARLÂNDIA - GO","AREIA, ARGILA, CASCALHO","Construção civil, Construção civil, Construção civil","Sim"
"Gerência Regional / GO","860128/2020","Requerimento de Registro de Licença","Licenciamento","***.348.291-**","EXPEDITO DA SILVA BRASILEIRO","NOVA VENEZA - GO","ARGILA","Cerâmica vermelha","Sim"
"Gerência Regional / GO","860424/2018","Requerimento de Registro de Licença","Licenciamento","***.852.541-**","TEREZINHA ALVES SANTOS","ANÁPOLIS - GO","CASCALHO","Brita","Sim"
"Gerência Regional / GO","860585/2018","Requerimento de Registro de Licença","Licenciamento","30.399.152/0001-70","POTENCIA PRODUTOS E SERVICOS LTDA","CALDAS NOVAS - GO","CASCALHO","Construção civil","Sim"
"Gerência Regional / GO","860003/2019","Requerimento de Registro de Licença","Licenciamento","***.583.841-**","DYEGO DOURADO DE AZEVEDO","ITABERAÍ - GO","CASCALHO","Construção civil","Sim"
"Gerência Regional / GO","860171/2020","Requerimento de Registro de Licença","Licenciamento","02.301.780/0001-35","LUIZMAR VIEIRA DA SILVA","MOZARLÂNDIA - GO","AREIA","Construção civil","Sim"
"Gerência Regional / GO","860125/2021","Requerimento de Registro de Licença","Licenciamento","***.112.071-**","Fábio Vitor schirmbeck barros ","ARAGARÇAS - GO","AREIA","Construção civil","Sim"
"Gerência Regional / GO","860637/2021","Requerimento de Registro de Licença","Licenciamento","***.801.781-**","sebastiao inacio peixoto","SILVÂNIA - GO","CASCALHO","Construção civil","Sim"
"Gerência Regional / GO","860588/2022","Requerimento de Registro de Licença","Licenciamento","***.167.861-**","JEFFERSON ROSA DE JESUS","MINEIROS - GO","AREIA, CASCALHO","Construção civil, Construção civil","Sim"
"Gerência Regional / GO","860214/2022","Requerimento de Registro de Licença","Licenciamento","***.322.416-**","EDSON LOPES FILHO","GOIATUBA - GO","CASCALHO","Construção civil","Sim"
"Gerência Regional / GO","860590/2022","Requerimento de Registro de Licença","Licenciamento","***.818.911-**","LEILA DE SA RODRIGUES DA CUNHA","OURO VERDE DE GOIÁS - GO","CASCALHO","Construção civil","Sim"
"Gerência Regional / GO","860445/2022","Requerimento de Registro de Licença","Licenciamento","***.140.159-**","TAMON NAKAYAMA","ANÁPOLIS - GO","CASCALHO","Construção civil","Sim"
"Gerência Regional / GO","860997/2022","Requerimento de Registro de Licença","Licenciamento","***.514.201-**","EMILIANA CORREA DA SILVA","GOIATUBA - GO","CASCALHO","Construção civil","Sim"
"Gerência Regional / GO","861199/2022","Requerimento de Registro de Licença","Licenciamento","***.086.891-**","SECY DE SOUZA PORTO","POSSE - GO","ARGILA","Construção civil","Sim"
"Gerência Regional / GO","860061/2023","Requerimento de Registro de Licença","Licenciamento","***.781.961-**","AERLOS JOSE NEVES","MINAÇU - GO","CASCALHO","Construção civil","Sim"
"Gerência Regional / GO","860254/2023","Requerimento de Registro de Licença","Licenciamento","***.789.913-**","ODAIR ANTONIO ZANON","POSSE - GO","AREIA","Construção civil","Sim"
"Gerência Regional / GO","860655/2023","Requerimento de Mudança de Regime para Licenciamento","Licenciamento","51.065.794/0001-02","CALCARIO NORTECAL LTDA","NIQUELÂNDIA - GO","CALCÁRIO, DOLOMITO","Corretivo de solo, Corretivo de solo","Sim"
"Gerência Regional / GO","860065/2024","Requerimento de Registro de Licença","Licenciamento","***.496.281-**","DIOGO FERREIRA MARQUES DE MORAES","BURITI ALEGRE - GO, GOIATUBA - GO","AREIA","Construção civil","Sim"
"Gerência Regional / GO","861198/2024","Requerimento de Registro de Licença","Licenciamento","***.663.951-**","RUTH DE SOUZA","SERRANÓPOLIS - GO","CASCALHO","Construção civil","Sim"
"Gerência Regional / GO","861919/2024","Requerimento de Registro de Licença","Licenciamento","15.309.956/0001-47","NOVA LUZIANIA 2 EMPREENDIMENTOS SPE LTDA","LUZIÂNIA - GO","CASCALHO","Construção civil","Sim"
"Gerência Regional / GO","860274/2025","Requerimento de Registro de Licença","Licenciamento","***.001.941-**","ENIO ROBERTO DE SOUZA","BURITI ALEGRE - GO, ITUMBIARA - GO","CASCALHO","Construção civil","Sim"
"Gerência Regional / GO","860485/2025","Requerimento de Registro de Licença","Licenciamento","***.861.801-**","CARLA STEFANE DA SILVA ALEXANDRE","MORRINHOS - GO","CASCALHO","Construção civil","Sim"
"Gerência Regional / GO","860861/2002","Requerimento de Registro de Licença","Licenciamento","02.802.569/0001-04","CERAMICA CATALAO EIRELI","CUMARI - GO","ARGILA","Cerâmica vermelha","Sim"
"Gerência Regional / GO","860860/2002","Requerimento de Registro de Licença","Licenciamento","02.802.569/0001-04","CERAMICA CATALAO EIRELI","CATALÃO - GO","ARGILA","Cerâmica vermelha","Sim"
"Gerência Regional / GO","860192/2018","Requerimento de Registro de Licença","Licenciamento","02.802.569/0001-04","CERAMICA CATALAO EIRELI","CATALÃO - GO","ARGILA","Cerâmica vermelha","Sim"
"Gerência Regional / GO","861997/2012","Requerimento de Registro de Licença","Licenciamento","26.880.146/0001-62","CERAMICA SOLIMOES LTDA","ESTRELA DO NORTE - GO","ARGILA","Cerâmica vermelha","Sim"
"Gerência Regional / GO","860323/2009","Requerimento de Registro de Licença","Licenciamento","***.672.301-**","NILTON CESAR DA SILVA","PIRACANJUBA - GO","AREIA","Construção civil","Sim"
"Gerência Regional / GO","860069/2015","Requerimento de Mudança de Regime para Licenciamento","Licenciamento","***.672.301-**","NILTON CESAR DA SILVA","PIRACANJUBA - GO, PROFESSOR JAMIL - GO","AREIA","Construção civil","Sim"
"Gerência Regional / GO","861606/2009","Requerimento de Registro de Licença","Licenciamento","***.672.301-**","NILTON CESAR DA SILVA","PIRACANJUBA - GO","AREIA","Construção civil","Sim"
"Gerência Regional / GO","860044/2006","Requerimento de Registro de Licença","Licenciamento","37.586.757/0001-19","Cerâmica Goiandira Indústria e Comércio Ltda","GOIANDIRA - GO","ARGILA","Cerâmica vermelha","Sim"
"Gerência Regional / GO","861201/2009","Requerimento de Registro de Licença","Licenciamento","***.593.796-**","Eduardo Antonio Fonseca Cardoso","MORRINHOS - GO","AREIA, CASCALHO","Construção civil, Construção civil","Sim"
"Gerência Regional / GO","860059/2012","Requerimento de Registro de Licença","Licenciamento","***.902.311-**","abadio alves teles","MINAÇU - GO","CALCÁRIO","Brita","Sim"
"Gerência Regional / GO","860173/2020","Requerimento de Registro de Licença","Licenciamento","***.797.371-**","LUCILEY ALVES ROSA","PARAÚNA - GO","AREIA","Construção civil","Sim"
"Gerência Regional / GO","861140/2024","Requerimento de Mudança de Regime para Licenciamento","Licenciamento","***.797.371-**","LUCILEY ALVES ROSA","PARAÚNA - GO","AREIA","Construção civil","Sim"
"Gerência Regional / GO","861455/2013","Requerimento de Registro de Licença","Licenciamento","59.107.938/0001-58","TRANSZERO TRANSPORTADORA DE VEICULOS LTDA","MONTES CLAROS DE GOIÁS - GO","CASCALHO","Construção civil","Sim"
"Gerência Regional / GO","861454/2013","Requerimento de Registro de Licença","Licenciamento","59.107.938/0001-58","TRANSZERO TRANSPORTADORA DE VEICULOS LTDA","MONTES CLAROS DE GOIÁS - GO","CASCALHO","Construção civil","Sim"
"Gerência Regional / GO","860024/2020","Requerimento de Registro de Licença","Licenciamento","13.325.996/0001-57","MINERADORA AROEIRA LTDA","SILVÂNIA - GO","GNAISSE","Brita","Sim"
"Gerência Regional / GO","860644/2022","Requerimento de Registro de Licença","Licenciamento","***.121.081-**","Ecio Carlos de Mendonça ","LUZIÂNIA - GO","CASCALHO","Construção civil","Sim"
"Gerência Regional / GO","861351/2011","Requerimento de Registro de Licença","Licenciamento","25.454.292/0001-63","LEANDRO RODRIGO DE SOUSA LTDA","SILVÂNIA - GO","AREIA","Construção civil","Sim"
"Gerência Regional / GO","861570/2021","Requerimento de Registro de Licença","Licenciamento","42.258.670/0001-52","DOURADOS CASCALHO E MAQUINAS LTDA","ABADIA DE GOIÁS - GO","CASCALHO","Construção civil","Sim"
"Gerência Regional / GO","860004/2010","Requerimento de Registro de Licença","Licenciamento","54.430.685/0001-35","PRADO MINERACAO E COMERCIO DE AREIA LTDA","MONTE ALEGRE DE GOIÁS - GO","AREIA","Construção civil","Sim"
"Gerência Regional / MG","831336/1998","Requerimento de Registro de Licença","Licenciamento","01.181.529/0001-11","MILTON DE FREITAS GUEDES-ME                                                     ","CAPINÓPOLIS - MG","ARGILA","Demais substâncias","Sim"
"Gerência Regional / GO","860599/1998","Requerimento de Registro de Licença","Licenciamento","01.917.961/0001-28","FLEXA MINERAÇÃO LTDA                                                            ","SÃO SIMÃO - GO","AREIA, CASCALHO","Demais substâncias, Demais substâncias","Sim"
"Gerência Regional / GO","861130/1993","Requerimento de Registro de Licença","Licenciamento","26.880.146/0001-62","CERAMICA SOLIMOES LTDA","NOVA IGUAÇU DE GOIÁS - GO","ARGILA","Demais substâncias","Sim"
"Gerência Regional / GO","861245/2024","Requerimento de Registro de Licença","Licenciamento","33.588.328/0001-20","FORNECEDORA SILVANIA DE AREIA LTDA","SILVÂNIA - GO","AREIA, ARGILA","Cerâmica vermelha, Construção civil","Sim"
"Gerência Regional / GO","861566/2013","Requerimento de Cessão parcial","Licenciamento","37.889.813/0001-94","CERAMICA MONTE CRISTO LTDA","SILVÂNIA - GO","AREIA","Construção civil","Sim"
"Gerência Regional / GO","860319/1998","Requerimento de Autorização de Pesquisa","Licenciamento","86.924.701/0001-32","JOFEGE MINERACAO LTDA","VILA PROPÍCIO - GO","CALCÁRIO","Demais substâncias","Sim"
"Gerência Regional / GO","860537/2010","Requerimento de Registro de Licença","Licenciamento","***.668.371-**","Vasconcelos Paes Balduino","AMORINÓPOLIS - GO","AREIA, SAIBRO","Construção civil, Construção civil","Sim"
"Gerência Regional / GO","861541/2010","Requerimento de Registro de Licença","Licenciamento","***.672.301-**","NILTON CESAR DA SILVA","PIRACANJUBA - GO","AREIA","Construção civil","Sim"
"Gerência Regional / GO","860454/2013","Requerimento de Mudança de Regime para Licenciamento","Licenciamento","37.586.757/0001-19","Cerâmica Goiandira Indústria e Comércio Ltda","CATALÃO - GO","ARGILA","Industrial","Sim"
"Gerência Regional / GO","860823/2014","Requerimento de Registro de Licença","Licenciamento","***.891.721-**","ANTONIO CANDIDO DE SOUZA","NOVA ROMA - GO","AREIA","Construção civil","Sim"
"Gerência Regional / GO","860173/2018","Requerimento de Registro de Licença","Licenciamento","***.095.971-**","ORLANDO LEITE DE REZENDE","VIANÓPOLIS - GO","CASCALHO","Construção civil","Sim"
"Gerência Regional / GO","862171/2005","Requerimento de Registro de Licença","Licenciamento","***.645.461-**","BRUNO OLIVEIRA RIBEIRO","CRISTIANÓPOLIS - GO","AREIA","Construção civil","Sim"
"Gerência Regional / GO","860060/2006","Requerimento de Registro de Licença","Licenciamento","***.640.761-**","Joao Ferreira Guimaraes","CHAPADÃO DO CÉU - GO","CASCALHO","Construção civil","Sim"
"Gerência Regional / GO","860718/2010","Requerimento de Registro de Licença","Licenciamento","***.300.511-**","Benedito Ernesto do Nascimento ","PIRENÓPOLIS - GO","AREIA, QUARTZITO","Construção civil, Pedra de talhe","Sim"
"Gerência Regional / GO","861498/2007","Requerimento de Registro de Licença","Licenciamento","***.593.796-**","Eduardo Antonio Fonseca Cardoso","ALOÂNDIA - GO, JOVIÂNIA - GO, MORRINHOS - GO","AREIA","Construção civil","Sim"
"Gerência Regional / GO","860792/2009","Requerimento de Registro de Licença","Licenciamento","07.664.254/0001-53","OLEDI DE ABREU FILHO ME","SILVÂNIA - GO","AREIA","Construção civil","Sim"
"Gerência Regional / GO","860439/2010","Requerimento de Registro de Licença","Licenciamento","***.023.781-**","Oswaldo Rosa Junior","SENADOR CANEDO - GO","CASCALHO","Construção civil","Sim"
"Gerência Regional / GO","860841/2008","Requerimento de Registro de Licença","Licenciamento","***.113.921-**","VALDIRON LUIZ DE CARVALHO","MOSSÂMEDES - GO","AREIA, CASCALHO","Construção civil, Construção civil","Sim"
"Gerência Regional / GO","860081/2014","Requerimento de Mudança de Regime para Licenciamento","Licenciamento","***.798.751-**","Antão Silvestre de Oliveira Neto","BELA VISTA DE GOIÁS - GO, HIDROLÂNDIA - GO","AREIA","Construção civil","Sim"
"Gerência Regional / GO","860170/2013","Requerimento de Registro de Licença","Licenciamento","***.854.781-**","Ambrosina Silva de Queiroz","ABADIA DE GOIÁS - GO","AREIA","Construção civil","Sim"
"Gerência Regional / GO","861441/2014","Requerimento de Registro de Licença","Licenciamento","***.312.971-**","LINDOLFO NETO DA SILVA","MAIRIPOTABA - GO, PROFESSOR JAMIL - GO","AREIA","Construção civil","Sim"
"Gerência Regional / GO","861520/2012","Requerimento de Registro de Licença","Licenciamento","***.902.311-**","abadio alves teles","SANTA TEREZA DE GOIÁS - GO, TROMBAS - GO","AREIA","Construção civil","Sim"
"Gerência Regional / GO","860665/2020","Requerimento de Mudança de Regime para Licenciamento","Licenciamento","***.797.371-**","LUCILEY ALVES ROSA","ITAPIRAPUÃ - GO, MATRINCHÃ - GO","AREIA","Construção civil","Sim"
"Gerência Regional / GO","862081/2013","Requerimento de Registro de Licença","Licenciamento","59.107.938/0001-58","TRANSZERO TRANSPORTADORA DE VEICULOS LTDA","ARAGARÇAS - GO","CASCALHO","Construção civil","Sim"
"Gerência Regional / GO","862098/2012","Requerimento de Registro de Licença","Licenciamento","10.906.721/0001-19","Transtelles Construção e Transportes Ltda Me","CRIXÁS - GO, SANTA TEREZINHA DE GOIÁS - GO","AREIA, CASCALHO","Construção civil, Construção civil","Sim"
"Gerência Regional / GO","860384/2011","Requerimento de Mudança de Regime para Licenciamento","Licenciamento","11.461.800/0001-26","QUARTZITI MINERADORA LTDA","CORUMBÁ DE GOIÁS - GO","AREIA","Construção civil","Sim"
"Gerência Regional / GO","860455/2023","Requerimento de Registro de Licença","Licenciamento","***.058.381-**","Osmar da Cunha Teles","SILVÂNIA - GO","AREIA","Construção civil","Sim"
"Gerência Regional / GO","861662/2010","Requerimento de Registro de Licença","Licenciamento","***.171.111-**","Eley Alves Peixoto","PIRENÓPOLIS - GO, SÃO FRANCISCO DE GOIÁS - GO","AREIA, CASCALHO","Construção civil, Construção civil","Sim"
"Gerência Regional / GO","860329/2020","Requerimento de Registro de Licença","Licenciamento","13.325.996/0001-57","MINERADORA AROEIRA LTDA","SILVÂNIA - GO","GNAISSE","Brita","Sim"
"Gerência Regional / GO","861691/2011","Requerimento de Registro de Licença","Licenciamento","***.253.281-**","Evandro Rodrigues Peixoto","ANÁPOLIS - GO","CASCALHO","Construção civil","Sim"
"Gerência Regional / GO","860467/2018","Requerimento de Registro de Licença","Licenciamento","***.567.731-**","Antonio Carlos Bento","BRAZABRANTES - GO","ARGILA","Cerâmica vermelha","Sim"
"Gerência Regional / GO","860453/2013","Requerimento de Mudança de Regime para Licenciamento","Licenciamento","***.247.121-**","Jose João Silva","CATALÃO - GO","CASCALHO","Construção civil","Sim"
"Gerência Regional / GO","860066/2015","Requerimento de Mudança de Regime para Licenciamento","Licenciamento","13.737.624/0001-38","ANDRADE MINERACAO E TRANSPORTES LTDA","CRISTALINA - GO","AREIA","Construção civil","Sim"
"Gerência Regional / GO","861382/2012","Requerimento de Registro de Licença","Licenciamento","***.679.731-**","Nelson Lopes Zedes","LUZIÂNIA - GO","CASCALHO","Construção civil","Sim"
"Gerência Regional / GO","861383/2012","Requerimento de Registro de Licença","Licenciamento","***.885.121-**","Rogério Saldanha","LUZIÂNIA - GO","CASCALHO","Construção civil","Sim"
"Gerência Regional / GO","860990/2024","Requerimento de Registro de Licença","Licenciamento","***.867.771-**","LUDHMILA ABRAHAO HAJJAR","ANÁPOLIS - GO","CASCALHO","Construção civil","Sim"
"Gerência Regional / GO","861470/2016","Requerimento de Registro de Licença","Licenciamento","***.371.101-**","MARCOS INACIO DA SILVA","BELA VISTA DE GOIÁS - GO, HIDROLÂNDIA - GO","AREIA","Construção civil","Sim"
"Gerência Regional / GO","860719/2014","Requerimento de Registro de Licença","Licenciamento","***.196.321-**","Carlos Alberto Gomes Pereira","TERESINA DE GOIÁS - GO","AREIA, CASCALHO","Construção civil, Construção civil","Sim"
"Gerência Regional / GO","861117/2013","Requerimento de Registro de Licença","Licenciamento","***.751.488-**","Joao Paulo e Silva","MINAÇU - GO","GRANITO","Brita","Sim"
"Gerência Regional / GO","860520/2015","Requerimento de Mudança de Regime para Licenciamento","Licenciamento","***.187.216-**","Domingos Fernando Mouro","ABADIÂNIA - GO","QUARTZITO","Brita","Sim"
"Gerência Regional / GO","861067/2013","Requerimento de Registro de Licença","Licenciamento","***.561.601-**","Dorcelino Aparecido Merces","MORRINHOS - GO","AREIA","Construção civil","Sim"
"Gerência Regional / GO","861195/2023","Requerimento de Registro de Licença","Licenciamento","01.990.199/0001-05","CONSTRUTORA MILAO EIRELI","SILVÂNIA - GO","CASCALHO","Construção civil","Sim"
"Gerência Regional / GO","860157/1999","Requerimento de Registro de Licença","Licenciamento","15.923.130/0001-73","AREAL RM COMERCIO DE MATERIAL PARA CONSTRUCAO EIRELI","FORMOSA - GO","AREIA, FILITO, QUARTZITO","Construção civil, Industrial, Pedra de talhe","Sim"
"Gerência Regional / GO","860473/2023","Requerimento de Registro de Licença","Licenciamento","***.955.991-**","Maria Lenita Dutra e Silva","ALEXÂNIA - GO","CASCALHO","Construção civil","Sim"
"Gerência Regional / GO","860977/2017","Requerimento de Mudança de Regime para Licenciamento","Licenciamento","20.929.582/0001-00","MINERACAO SANT'ANA EIRELI","MONTE ALEGRE DE GOIÁS - GO","AREIA","Construção civil","Sim"
"Gerência Regional / GO","860359/2015","Requerimento de Registro de Licença","Licenciamento","***.194.920-**","Sadi Soares Miron","GUARANI DE GOIÁS - GO","AREIA","Construção civil","Sim"
"Gerência Regional / GO","860194/2023","Requerimento de Registro de Licença","Licenciamento","***.311.561-**","ALVARO FERNANDES VIEIRA SILVA","PETROLINA DE GOIÁS - GO","ARGILA","Cerâmica vermelha","Sim"
"Gerência Regional / GO","861089/2015","Requerimento de Registro de Licença","Licenciamento","***.121.081-**","Ecio Carlos de Mendonça ","LUZIÂNIA - GO","CASCALHO","Construção civil","Sim"
"Gerência Regional / GO","861117/2015","Requerimento de Registro de Licença","Licenciamento","***.702.251-**","MARIA HELENA DOS SANTOS","CEZARINA - GO","AREIA, ARGILA","Cerâmica vermelha, Construção civil","Sim"
"Gerência Regional / GO","861289/2015","Requerimento de Registro de Licença","Licenciamento","***.809.371-**","JOSE VIANA DA SILVA","CACHOEIRA DE GOIÁS - GO","AREIA","Construção civil","Sim"
"Gerência Regional / GO","860628/2016","Requerimento de Mudança de Regime para Licenciamento","Licenciamento","***.945.191-**","FABIO RODRIGUES DA COSTA","CALDAZINHA - GO","AREIA","Construção civil","Sim"
"Gerência Regional / GO","860745/2017","Requerimento de Mudança de Regime para Licenciamento","Licenciamento","05.872.794/0001-05","Ps Assessoria e Consultoria Empresarial Eireli Me","NIQUELÂNDIA - GO","AREIA","Construção civil","Sim"
"Gerência Regional / GO","860519/2014","Requerimento de Mudança de Regime para Licenciamento","Licenciamento","***.021.901-**","LAZARO HENRIQUE VASCONCELOS","GOIÁS - GO","AREIA, CASCALHO","Construção civil, Construção civil","Sim"
"Gerência Regional / GO","861082/2025","Requerimento de Registro de Licença","Licenciamento","25.454.292/0001-63","LEANDRO RODRIGO DE SOUSA LTDA","SILVÂNIA - GO","AREIA, ARGILA","Construção civil, Construção civil","Sim"
"Gerência Regional / GO","860985/2014","Requerimento de Registro de Licença","Licenciamento","22.800.048/0001-17","CASCALHEIRA SALINA LTDA","PANAMÁ - GO","CASCALHO","Construção civil","Sim"
"Gerência Regional / GO","860091/2018","Requerimento de Registro de Licença","Licenciamento","27.186.892/0001-13","CONSORCIO SANTA HELENA","SANTA HELENA DE GOIÁS - GO","CASCALHO, CASCALHO","Brita, Construção civil","Sim"
"Gerência Regional / GO","860684/2019","Requerimento de Registro de Licença","Licenciamento","31.936.000/0001-21","BORGES EMPRESA RURAL LTDA","INHUMAS - GO","ARGILA","Cerâmica vermelha","Sim"
"Gerência Regional / GO","860627/2009","Requerimento de Registro de Licença","Licenciamento","35.105.443/0001-21","OSIEL NERES DA SILVA EIRELI","GOIÁS - GO, ITAPIRAPUÃ - GO","AREIA","Construção civil","Sim"
"Gerência Regional / GO","860871/2017","Requerimento de Mudança de Regime para Licenciamento","Licenciamento","14.751.509/0001-80","MINERADORA E TRANSPORTADORA 3 PODERES LTDA","CATALÃO - GO, GOIANDIRA - GO, IPAMERI - GO","AREIA, CASCALHO","Construção civil, Construção civil","Sim"
"Gerência Regional / GO","861778/2021","Requerimento de Registro de Licença","Licenciamento","***.774.041-**","RENATO INACIO CARDOSO","JATAÍ - GO","CASCALHO","Construção civil","Sim"
"Gerência Regional / GO","861415/2013","Requerimento de Registro de Licença","Licenciamento","***.106.401-**","JOAO JOSE DOS SANTOS","MOSSÂMEDES - GO, SANCLERLÂNDIA - GO","AREIA","Construção civil","Sim"
"Gerência Regional / GO","860034/2022","Requerimento de Registro de Licença","Licenciamento","***.158.141-**","PAULO ANTONIO GOMES DO CARMO","JARAGUÁ - GO","ARGILA","Cerâmica vermelha","Sim"
"Gerência Regional / GO","860704/2023","Requerimento de Registro de Licença","Licenciamento","***.689.531-**","ROGERIO DE OLIVEIRA","IPAMERI - GO","AREIA, CASCALHO","Construção civil, Construção civil","Sim"
"Gerência Regional / GO","861696/2021","Requerimento de Registro de Licença","Licenciamento","***.437.801-**","IRON GOMES DA SILVA","SANTO ANTÔNIO DO DESCOBERTO - GO","CASCALHO","Construção civil","Sim"
"Gerência Regional / GO","860683/2019","Requerimento de Registro de Licença","Licenciamento","42.258.670/0001-52","DOURADOS CASCALHO E MAQUINAS LTDA","ABADIA DE GOIÁS - GO","CASCALHO","Construção civil","Sim"
"Gerência Regional / GO","860257/2022","Requerimento de Registro de Licença","Licenciamento","***.064.271-**","robson afonso de oliveira","CALDAS NOVAS - GO","CASCALHO","Construção civil","Sim"
"Gerência Regional / GO","860450/2022","Requerimento de Registro de Licença","Licenciamento","***.159.081-**","MARIA NEUSA ATAIDE","PEROLÂNDIA - GO","CASCALHO","Construção civil","Sim"
"Gerência Regional / GO","860556/2022","Requerimento de Registro de Licença","Licenciamento","***.724.531-**","CARLOS JOSE SOARES","JATAÍ - GO","CASCALHO","Construção civil","Sim"
"Gerência Regional / GO","860730/2022","Requerimento de Registro de Licença","Licenciamento","***.849.811-**","LUCIA DE FATIMA GODOY FREITAS","CALDAS NOVAS - GO","AREIA","Construção civil","Sim"
"Gerência Regional / GO","860835/2022","Requerimento de Registro de Licença","Licenciamento","***.839.621-**","GETULIO MORAES LEITE","ALEXÂNIA - GO","CASCALHO","Construção civil","Sim"
"Gerência Regional / GO","860402/2023","Requerimento de Registro de Licença","Licenciamento","***.710.751-**","Ivonildo pinto de Faria","ALEXÂNIA - GO","ARGILA","Cerâmica vermelha","Sim"
"Gerência Regional / GO","860481/2023","Requerimento de Registro de Licença","Licenciamento","***.978.891-**","LINETE ALMEIDA RODRIGUES","RIALMA - GO","CASCALHO","Construção civil","Sim"
"Gerência Regional / GO","860763/2023","Requerimento de Registro de Licença","Licenciamento","***.310.591-**","ITAMAR ROBERTO DE MORAIS","ITABERAÍ - GO","CASCALHO","Construção civil","Sim"
"Gerência Regional / GO","860003/2010","Requerimento de Registro de Licença","Licenciamento","54.430.685/0001-35","PRADO MINERACAO E COMERCIO DE AREIA LTDA","MONTE ALEGRE DE GOIÁS - GO","AREIA","Construção civil","Sim"
"Gerência Regional / GO","860586/2024","Requerimento de Registro de Licença","Licenciamento","54.648.940/0001-10","BORGES DE LIMA MINERACAO LTDA","CALDAS NOVAS - GO","CASCALHO","Construção civil","Sim"
"Gerência Regional / GO","860747/2024","Requerimento de Registro de Licença","Licenciamento","***.851.581-**","DENNER ALVES STIVAL","ANÁPOLIS - GO","CASCALHO","Construção civil","Sim"
"Gerência Regional / GO","860835/2024","Requerimento de Registro de Licença","Licenciamento","***.918.781-**","LUIZ CARLOS ABDALA FILHO","IPAMERI - GO","AREIA, CASCALHO","Construção civil, Construção civil","Sim"
"Gerência Regional / GO","861116/2024","Requerimento de Registro de Licença","Licenciamento","***.276.241-**","RANOR ALVES SOARES","INHUMAS - GO","ARGILA","Cerâmica vermelha","Sim"
"Gerência Regional / GO","860368/2025","Requerimento de Registro de Licença","Licenciamento","***.073.241-**","KAIRO RANGEL CORDEIRO E SILVA","BELA VISTA DE GOIÁS - GO","AREIA","Construção civil","Sim"
"Gerência Regional / GO","861203/2003","Requerimento de Registro de Licença","Licenciamento","00.116.681/0001-58","ROSA E CAVALCANTE LTDA","MARA ROSA - GO","ARGILA P/CER. VERMELH","Energético","Sim"
"Gerência Regional / GO","860500/2015","Requerimento de Mudança de Regime para Licenciamento","Licenciamento","00.116.681/0001-58","ROSA E CAVALCANTE LTDA","MARA ROSA - GO","ARGILA","Cerâmica vermelha","Sim"
"Gerência Regional / GO","860202/2020","Requerimento de Registro de Licença","Licenciamento","02.359.156/0001-99","RIO QUENTE MINERACAO LTDA","RIO QUENTE - GO","CASCALHO","Construção civil","Sim"
"Gerência Regional / MG","835981/1995","Requerimento de Registro de Licença","Licenciamento","18.424.895/0001-57","MINASGOIAS MINERACAO BERGAMO LTDA","CANÁPOLIS - MG","AREIA","Demais substâncias","Sim"
"Gerência Regional / MG","835980/1995","Requerimento de Registro de Licença","Licenciamento","18.424.895/0001-57","MINASGOIAS MINERACAO BERGAMO LTDA","CANÁPOLIS - MG","AREIA","Demais substâncias","Sim"
"Gerência Regional / MG","830228/1993","Requerimento de Registro de Licença","Licenciamento","18.424.895/0001-57","MINASGOIAS MINERACAO BERGAMO LTDA","ARAPORÃ - MG, ITUMBIARA - GO","AREIA","Demais substâncias","Sim"
"Gerência Regional / MG","830226/1993","Requerimento de Registro de Licença","Licenciamento","18.424.895/0001-57","MINASGOIAS MINERACAO BERGAMO LTDA","ARAPORÃ - MG, ITUMBIARA - GO","AREIA","Demais substâncias","Sim"
"Gerência Regional / MG","830224/1993","Requerimento de Registro de Licença","Licenciamento","18.424.895/0001-57","MINASGOIAS MINERACAO BERGAMO LTDA","ARAPORÃ - MG, ITUMBIARA - GO","AREIA","Demais substâncias","Sim"
"Gerência Regional / MG","835991/1995","Requerimento de Registro de Licença","Licenciamento","18.424.895/0001-57","MINASGOIAS MINERACAO BERGAMO LTDA","CANÁPOLIS - MG","AREIA","Demais substâncias","Sim"
"Gerência Regional / MG","835990/1995","Requerimento de Registro de Licença","Licenciamento","18.424.895/0001-57","MINASGOIAS MINERACAO BERGAMO LTDA","CANÁPOLIS - MG","AREIA","Demais substâncias","Sim"
"Gerência Regional / MG","835989/1995","Requerimento de Registro de Licença","Licenciamento","18.424.895/0001-57","MINASGOIAS MINERACAO BERGAMO LTDA","CANÁPOLIS - MG","AREIA","Demais substâncias","Sim"
"Gerência Regional / MG","835988/1995","Requerimento de Registro de Licença","Licenciamento","18.424.895/0001-57","MINASGOIAS MINERACAO BERGAMO LTDA","CANÁPOLIS - MG","AREIA","Demais substâncias","Sim"
"Gerência Regional / MG","835987/1995","Requerimento de Registro de Licença","Licenciamento","18.424.895/0001-57","MINASGOIAS MINERACAO BERGAMO LTDA","CANÁPOLIS - MG","AREIA","Demais substâncias","Sim"
"Gerência Regional / MG","835985/1995","Requerimento de Registro de Licença","Licenciamento","18.424.895/0001-57","MINASGOIAS MINERACAO BERGAMO LTDA","CANÁPOLIS - MG","AREIA","Demais substâncias","Sim"
"Gerência Regional / GO","860855/2012","Requerimento de Registro de Licença","Licenciamento","36.853.331/0001-11","CERAMICA 3 IRMAOS EIRELI","SILVÂNIA - GO","ARGILA","Cerâmica vermelha","Sim"
"Gerência Regional / GO","860306/2020","Requerimento de Registro de Licença","Licenciamento","36.853.331/0001-11","CERAMICA 3 IRMAOS EIRELI","VIANÓPOLIS - GO","ARGILA","Construção civil","Sim"
"Gerência Regional / GO","860510/2020","Requerimento de Registro de Licença","Licenciamento","51.466.860/0001-56","SAO MARTINHO S/A","QUIRINÓPOLIS - GO","CASCALHO","Construção civil","Sim"
"Gerência Regional / GO","860504/2020","Requerimento de Registro de Licença","Licenciamento","51.466.860/0001-56","SAO MARTINHO S/A","QUIRINÓPOLIS - GO","CASCALHO","Construção civil","Sim"
"Gerência Regional / GO","860269/2002","Requerimento de Registro de Licença","Licenciamento","***.368.891-**","CLAYTON DE SOUZA FORTUNATO","CAMPESTRE DE GOIÁS - GO","AREIA","Construção civil","Sim"
"Gerência Regional / GO","860275/2016","Requerimento de Registro de Licença","Licenciamento","04.693.661/0001-09","Areia São Jose Extração, Comércio e Transporte Ltda Me","CORUMBAÍBA - GO, TUPACIGUARA - MG","AREIA, CASCALHO","Construção civil, Construção civil","Sim"
"Gerência Regional / GO","860274/2016","Requerimento de Registro de Licença","Licenciamento","04.693.661/0001-09","Areia São Jose Extração, Comércio e Transporte Ltda Me","CORUMBAÍBA - GO, TUPACIGUARA - MG","AREIA, CASCALHO","Construção civil, Construção civil","Sim"
"Gerência Regional / GO","860273/2016","Requerimento de Registro de Licença","Licenciamento","04.693.661/0001-09","Areia São Jose Extração, Comércio e Transporte Ltda Me","CORUMBAÍBA - GO, TUPACIGUARA - MG","AREIA, CASCALHO","Construção civil, Construção civil","Sim"
"Gerência Regional / GO","860272/2016","Requerimento de Registro de Licença","Licenciamento","04.693.661/0001-09","Areia São Jose Extração, Comércio e Transporte Ltda Me","CORUMBAÍBA - GO, TUPACIGUARA - MG","AREIA, CASCALHO","Construção civil, Construção civil","Sim"
"Gerência Regional / GO","861575/2014","Requerimento de Registro de Licença","Licenciamento","***.651.521-**","ANTONIO MARTINS GOUVEA","RIO VERDE - GO","AREIA","Construção civil","Sim"
"Gerência Regional / GO","861222/2016","Requerimento de Registro de Licença","Licenciamento","05.695.212/0001-54","MINERAÇÃO & TRANSPORTE NOSSA SENHORA APARECIDA LTDA","BOM JESUS DE GOIÁS - GO, GOUVELÂNDIA - GO","AREIA, CASCALHO","Construção civil, Construção civil","Sim"
"Gerência Regional / GO","861221/2016","Requerimento de Registro de Licença","Licenciamento","05.695.212/0001-54","MINERAÇÃO & TRANSPORTE NOSSA SENHORA APARECIDA LTDA","BOM JESUS DE GOIÁS - GO, GOUVELÂNDIA - GO","AREIA, CASCALHO","Construção civil, Construção civil","Sim"
"Gerência Regional / GO","860785/1997","Requerimento de Registro de Licença","Licenciamento","05.695.212/0001-54","MINERAÇÃO & TRANSPORTE NOSSA SENHORA APARECIDA LTDA","SÃO SIMÃO - GO","AREIA, CASCALHO","Demais substâncias, Demais substâncias","Sim"
"Gerência Regional / GO","860599/1990","Requerimento de Registro de Licença","Licenciamento","05.695.212/0001-54","MINERAÇÃO & TRANSPORTE NOSSA SENHORA APARECIDA LTDA","SANTA VITÓRIA - MG, SÃO SIMÃO - GO","AREIA","Demais substâncias","Sim"
"Gerência Regional / GO","860597/1990","Requerimento de Registro de Licença","Licenciamento","05.695.212/0001-54","MINERAÇÃO & TRANSPORTE NOSSA SENHORA APARECIDA LTDA","SANTA VITÓRIA - MG, SÃO SIMÃO - GO","AREIA","Demais substâncias","Sim"
"Gerência Regional / GO","861569/2013","Requerimento de Registro de Licença","Licenciamento","05.695.212/0001-54","MINERAÇÃO & TRANSPORTE NOSSA SENHORA APARECIDA LTDA","GOUVELÂNDIA - GO, INACIOLÂNDIA - GO","AREIA","Construção civil","Sim"
"Gerência Regional / GO","861224/2016","Requerimento de Registro de Licença","Licenciamento","05.695.212/0001-54","MINERAÇÃO & TRANSPORTE NOSSA SENHORA APARECIDA LTDA","BOM JESUS DE GOIÁS - GO, GOUVELÂNDIA - GO","AREIA, CASCALHO","Construção civil, Construção civil","Sim"
"Gerência Regional / GO","860437/2014","Requerimento de Mudança de Regime para Licenciamento","Licenciamento","04.317.119/0001-43","MINERADORA AMERICAL LTDA - EPP","POSSE - GO","CALCÁRIO, CALCÁRIO","Brita, Corretivo de solo","Sim"
"Gerência Regional / GO","860436/2014","Requerimento de Mudança de Regime para Licenciamento","Licenciamento","04.317.119/0001-43","MINERADORA AMERICAL LTDA - EPP","POSSE - GO","CALCÁRIO, CALCÁRIO","Brita, Corretivo de solo","Sim"
"Gerência Regional / GO","860189/2017","Requerimento de Registro de Licença","Licenciamento","***.986.101-**","SERGIO JOSE FERREIRA","BURITI ALEGRE - GO, MORRINHOS - GO","AREIA","Construção civil","Sim"
"Gerência Regional / GO","860258/2025","Requerimento de Registro de Licença","Licenciamento","26.631.473/0001-80","ETICA CONSTRUTORA LTDA","HIDROLÂNDIA - GO","CASCALHO","Construção civil","Sim"
"Gerência Regional / GO","861120/2024","Requerimento de Registro de Licença","Licenciamento","26.631.473/0001-80","ETICA CONSTRUTORA LTDA","HIDROLÂNDIA - GO","CASCALHO","Construção civil","Sim"
"Gerência Regional / GO","860648/2022","Requerimento de Registro de Licença","Licenciamento","05.161.568/0001-08","ITAFORTE MINERADORA LTDA","POSSE - GO","SAIBRO","Construção civil","Sim"
"Gerência Regional / GO","860872/2019","Requerimento de Mudança de Regime para Licenciamento","Licenciamento","***.550.141-**","ANA LUIZA CHAVES RAMOS","MINEIROS - GO","AREIA, CASCALHO","Construção civil, Construção civil","Sim"
"Gerência Regional / GO","860700/2018","Requerimento de Mudança de Regime para Licenciamento","Licenciamento","***.550.141-**","ANA LUIZA CHAVES RAMOS","MINEIROS - GO","AREIA","Construção civil","Sim"
"Gerência Regional / GO","861520/2011","Requerimento de Registro de Licença","Licenciamento","51.288.085/0001-96","ELDORADO MINERACAO LTDA","PIRENÓPOLIS - GO","AREIA, CASCALHO","Construção civil, Construção civil","Sim"
"Gerência Regional / GO","862724/2011","Requerimento de Mudança de Regime para Licenciamento","Licenciamento","00.116.681/0001-58","ROSA E CAVALCANTE LTDA","MARA ROSA - GO","ARGILA","Cerâmica vermelha","Sim"
"Gerência Regional / GO","860686/1997","Requerimento de Registro de Licença","Licenciamento","00.132.781/0001-78","Pedreira Rio Verde Ltda","COCALZINHO DE GOIÁS - GO","CALCÁRIO, CALCÁRIO","Brita, Demais substâncias","Sim"
"Gerência Regional / GO","861061/2015","Requerimento de Registro de Licença","Licenciamento","02.359.156/0001-99","RIO QUENTE MINERACAO LTDA","RIO QUENTE - GO","CASCALHO","Construção civil","Sim"
"Gerência Regional / GO","861084/2025","Requerimento de Registro de Licença","Licenciamento","36.853.331/0001-11","CERAMICA 3 IRMAOS EIRELI","ORIZONA - GO","AREIA, ARGILA","Construção civil, Construção civil","Sim"
"Gerência Regional / GO","860717/2020","Requerimento de Registro de Licença","Licenciamento","51.466.860/0001-56","SAO MARTINHO S/A","QUIRINÓPOLIS - GO","CASCALHO","Construção civil","Sim"
"Gerência Regional / GO","862036/2012","Requerimento de Registro de Licença","Licenciamento","***.671.681-**","SEVAN NAVES","ARENÓPOLIS - GO","AREIA","Construção civil","Sim"
"Gerência Regional / GO","860112/2021","Requerimento de Mudança de Regime para Licenciamento","Licenciamento","***.470.212-**","ADIGINTON DA SILVA FERREIRA","PIRENÓPOLIS - GO","AREIA, MINÉRIO DE OURO, QUARTZITO","Construção civil, Industrial, Pedra de talhe","Sim"
"Gerência Regional / GO","860145/2019","Requerimento de Registro de Licença","Licenciamento","***.368.891-**","CLAYTON DE SOUZA FORTUNATO","CRIXÁS - GO","AREIA","Construção civil","Sim"
"Gerência Regional / GO","860271/2016","Requerimento de Registro de Licença","Licenciamento","04.693.661/0001-09","Areia São Jose Extração, Comércio e Transporte Ltda Me","CORUMBAÍBA - GO, TUPACIGUARA - MG","AREIA, CASCALHO","Construção civil, Construção civil","Sim"
"Gerência Regional / GO","860235/2023","Requerimento de Registro de Licença","Licenciamento","***.651.521-**","ANTONIO MARTINS GOUVEA","RIO VERDE - GO","AREIA","Construção civil","Sim"
"Gerência Regional / GO","861547/2011","Requerimento de Registro de Licença","Licenciamento","***.192.961-**","AMADEU CUSTODIO MARTINS","ADELÂNDIA - GO","ARGILA","Cerâmica vermelha","Sim"
"Gerência Regional / GO","861223/2016","Requerimento de Registro de Licença","Licenciamento","05.695.212/0001-54","MINERAÇÃO & TRANSPORTE NOSSA SENHORA APARECIDA LTDA","GOUVELÂNDIA - GO, INACIOLÂNDIA - GO","AREIA, CASCALHO","Construção civil, Construção civil","Sim"
"Gerência Regional / GO","860114/2004","Requerimento de Registro de Licença","Licenciamento","70.997.689/0001-56","Dleon Mineradora Ltda EPP","ABADIÂNIA - GO","AREIA","Construção civil","Sim"
"Gerência Regional / GO","861430/2006","Requerimento de Registro de Licença","Licenciamento","***.349.771-**","ANTONIO JOAO VILELA","DOVERLÂNDIA - GO","AREIA, CASCALHO","Construção civil, Construção civil","Sim"
"Gerência Regional / GO","860703/2015","Requerimento de Mudança de Regime para Licenciamento","Licenciamento","03.402.824/0001-86","WM - AREIAS VALE DO ARAGUAIA LTDA","MOZARLÂNDIA - GO","AREIA","Construção civil","Sim"
"Gerência Regional / GO","860485/2010","Requerimento de Registro de Licença","Licenciamento","***.194.751-**","Gesner Teodoro Leão","BELA VISTA DE GOIÁS - GO","CASCALHO","Construção civil","Sim"
"Gerência Regional / GO","860533/2015","Requerimento de Registro de Licença","Licenciamento","***.891.701-**","PEDRO SEBASTIAO DA SILVA","HIDROLÂNDIA - GO","AREIA","Construção civil","Sim"
"Gerência Regional / GO","861840/2007","Requerimento de Registro de Licença","Licenciamento","***.402.821-**","JOSÉ WILSON DA SILVA","FORMOSO - GO","AREIA","Construção civil","Sim"
"Gerência Regional / GO","860360/2011","Requerimento de Registro de Licença","Licenciamento","07.235.166/0001-36","Ceramica Jussara Ltda","NOVO BRASIL - GO","ARGILA","Cerâmica vermelha","Sim"
"Gerência Regional / GO","860683/2004","Requerimento de Autorização de Pesquisa","Licenciamento","04.317.119/0001-43","MINERADORA AMERICAL LTDA - EPP","POSSE - GO","CALCÁRIO","Corretivo de solo","Sim"
"Gerência Regional / GO","860751/2020","Requerimento de Registro de Licença","Licenciamento","***.265.911-**","Deise Lúcia Belarmino da Silva","CAMPO LIMPO DE GOIÁS - GO","ARGILA","Cerâmica vermelha","Sim"
"Gerência Regional / GO","860421/2016","Requerimento de Mudança de Regime para Licenciamento","Licenciamento","***.832.901-**","MARINON MARCELINO DA SILVA","CATALÃO - GO, CUMARI - GO","AREIA","Construção civil","Sim"
"Gerência Regional / GO","860987/2014","Requerimento de Registro de Licença","Licenciamento","***.122.641-**","Alberto Lucas arcanjo da rocha","PETROLINA DE GOIÁS - GO","ARGILA","Cerâmica vermelha","Sim"
"Gerência Regional / GO","860178/2019","Requerimento de Registro de Licença","Licenciamento","***.318.941-**","Fabiano Jorge Crisostomo de Paula","INHUMAS - GO","ARGILA","Cerâmica vermelha","Sim"
"Gerência Regional / GO","861259/2022","Requerimento de Registro de Licença","Licenciamento","***.155.181-**","SIMAURO VALDIVINO GONCALVES DOS SANTOS","BELA VISTA DE GOIÁS - GO","AREIA","Construção civil","Sim"
"Gerência Regional / GO","860331/2014","Requerimento de Mudança de Regime para Licenciamento","Licenciamento","11.953.334/0001-04","TIJOLO FORTE INDUSTRIA E COMERCIO LTDA","FORMOSA - GO","ARGILA","Cerâmica vermelha","Sim"
"Gerência Regional / GO","861917/2012","Requerimento de Mudança de Regime para Licenciamento","Licenciamento","12.021.400/0001-62","MINERACAO NOVA ESPERANCA LTDA","PROFESSOR JAMIL - GO","AREIA","Construção civil","Sim"
"Gerência Regional / GO","860228/2011","Requerimento de Mudança de Regime para Licenciamento","Licenciamento","***.120.111-**","Dorvilio Matias da Costa","LUZIÂNIA - GO","AREIA","Construção civil","Sim"
"Gerência Regional / GO","861788/2010","Requerimento de Registro de Licença","Licenciamento","***.361.501-**","LUZIA ALVES FERREIRA","ANÁPOLIS - GO","AREIA","Construção civil","Sim"
"Gerência Regional / GO","860633/2017","Requerimento de Registro de Licença","Licenciamento","***.341.400-**","CLEODIR VICENTE VENDRUSCOLO","CHAPADÃO DO CÉU - GO","CASCALHO","Construção civil","Sim"
"Gerência Regional / GO","861613/2011","Requerimento de Registro de Licença","Licenciamento","***.166.771-**","Hozana Lemos do Prado","GOUVELÂNDIA - GO","ARGILA","Cerâmica vermelha","Sim"
"Gerência Regional / GO","862506/2011","Requerimento de Registro de Licença","Licenciamento","13.383.473/0001-67","EMERSON PINHEIRO ROSA","CROMÍNIA - GO, PROFESSOR JAMIL - GO","AREIA","Construção civil","Sim"
"Gerência Regional / GO","860757/2017","Requerimento de Registro de Licença","Licenciamento","***.505.301-**","JOANA ISIDORA MOREIRA","SÃO SIMÃO - GO","ARGILA","Cerâmica vermelha","Sim"
"Gerência Regional / GO","860650/2012","Requerimento de Registro de Licença","Licenciamento","***.755.701-**","Izanilton Pereira Barbosa ","NIQUELÂNDIA - GO","CASCALHO","Brita","Sim"
"Gerência Regional / GO","861793/2010","Requerimento de Registro de Licença","Licenciamento","15.507.902/0001-96","D LIGA FILITO MINERADORA LTDA","VILA PROPÍCIO - GO","ARGILA, FILITO","Construção civil, Industrial","Sim"
"Gerência Regional / GO","861843/2012","Requerimento de Registro de Licença","Licenciamento","***.717.636-**","Marcelo Francisco Nunes","PIRES DO RIO - GO","ARGILA","Cerâmica vermelha","Sim"
"Gerência Regional / GO","860150/2013","Requerimento de Registro de Licença","Licenciamento","08.380.918/0001-15","Cerâmica W.h & Oliveira Ltda Me","SIMOLÂNDIA - GO","ARGILA","Cerâmica vermelha","Sim"
"Gerência Regional / GO","860622/2019","Requerimento de Mudança de Regime para Licenciamento","Licenciamento","***.986.101-**","SERGIO JOSE FERREIRA","BURITI ALEGRE - GO, MORRINHOS - GO","AREIA","Construção civil","Sim"
"Gerência Regional / GO","860750/2013","Requerimento de Registro de Licença","Licenciamento","11.483.560/0001-60","DUNAS AREIAS LTDA","BURITI DE GOIÁS - GO, SANCLERLÂNDIA - GO","AREIA","Construção civil","Sim"
"Gerência Regional / GO","860496/2015","Requerimento de Mudança de Regime para Licenciamento","Licenciamento","***.581.456-**","Fabricio Lopes Vieira","COCALZINHO DE GOIÁS - GO","CASCALHO","Construção civil","Sim"
"Gerência Regional / GO","861184/2007","Requerimento de Autorização de Pesquisa","Licenciamento","***.202.441-**","PAULO FREDERICO DA MATTA CLEMENTINO","TURVÂNIA - GO","AREIA","Construção civil","Sim"
"Gerência Regional / GO","860680/2017","Requerimento de Registro de Licença","Licenciamento","13.587.247/0001-06","Ceramica Cedro Ltda Me","SILVÂNIA - GO","ARGILA","Cerâmica vermelha","Sim"
"Gerência Regional / GO","861813/2013","Requerimento de Registro de Licença","Licenciamento","***.654.281-**","Edna Souza Braga ","COLINAS DO SUL - GO","AREIA","Construção civil","Sim"
"Gerência Regional / GO","860800/2024","Requerimento de Registro de Licença","Licenciamento","12.096.109/0001-53","CENTRO -  OESTE PECAS, ACESSORIOS E SEVICOS LTDA","LUZIÂNIA - GO","CASCALHO","Construção civil","Sim"
"Gerência Regional / GO","860799/2025","Requerimento de Registro de Licença","Licenciamento","26.631.473/0001-80","ETICA CONSTRUTORA LTDA","HIDROLÂNDIA - GO","CASCALHO","Construção civil","Sim"
"Gerência Regional / GO","860478/2017","Requerimento de Registro de Licença","Licenciamento","***.677.311-**","Helena de Oliveira Valeriano","ITUMBIARA - GO","CASCALHO","Construção civil","Sim"
"Gerência Regional / GO","861545/2012","Requerimento de Registro de Licença","Licenciamento","05.161.568/0001-08","ITAFORTE MINERADORA LTDA","POSSE - GO","CALCÁRIO CALCÍTICO, CALCÁRIO CALCÍTICO","Brita, Corretivo de solo","Sim"
"Gerência Regional / GO","861185/2016","Requerimento de Registro de Licença","Licenciamento","***.890.051-**","Morgana Mendes Xavier","CAMPESTRE DE GOIÁS - GO, GUAPÓ - GO","AREIA","Construção civil","Sim"
"Gerência Regional / GO","860236/2018","Requerimento de Mudança de Regime para Licenciamento","Licenciamento","26.212.301/0001-72","Mineradora Magal Ltda Me","GOIANÉSIA - GO, JARAGUÁ - GO","AREIA","Construção civil","Sim"
"Gerência Regional / GO","860309/2017","Requerimento de Registro de Licença","Licenciamento","***.050.111-**","MARILENE ALVES FONTES E SILVA","PIRENÓPOLIS - GO","QUARTZITO","Pedra de talhe","Sim"
"Gerência Regional / GO","860630/2017","Requerimento de Registro de Licença","Licenciamento","***.490.161-**","Raphael Franco Andrade Costa","CACHOEIRA DOURADA - GO","CASCALHO","Construção civil","Sim"
"Gerência Regional / GO","860205/2011","Requerimento de Registro de Licença","Licenciamento","27.995.830/0001-52","Cal Mineradora de Cascalho e Areia Ltda","ÁGUAS LINDAS DE GOIÁS - GO","AREIA","Construção civil","Sim"
"Gerência Regional / GO","860675/2017","Requerimento de Registro de Licença","Licenciamento","***.093.769-**","JAIR LUZZI","IPAMERI - GO","AREIA, CASCALHO","Construção civil, Construção civil","Sim"
"Gerência Regional / GO","860831/2017","Requerimento de Registro de Licença","Licenciamento","***.918.191-**","PAULO GOMES DA SILVA","CAMPESTRE DE GOIÁS - GO, GUAPÓ - GO","AREIA","Construção civil","Sim"
"Gerência Regional / GO","860883/2019","Requerimento de Mudança de Regime para Licenciamento","Licenciamento","***.550.141-**","ANA LUIZA CHAVES RAMOS","MINEIROS - GO","AREIA, CASCALHO","Construção civil, Construção civil","Sim"
"Gerência Regional / GO","862760/2011","Requerimento de Registro de Licença","Licenciamento","18.056.378/0001-72","ALVORADA EXTRACAO DE AREIA EIRELI","ALVORADA DO NORTE - GO","AREIA","Construção civil","Sim"
"Gerência Regional / GO","860215/2017","Requerimento de Registro de Licença","Licenciamento","28.443.446/0001-00","L F MONTEIRO FILHO","SÃO FRANCISCO DE GOIÁS - GO","AREIA","Construção civil","Sim"
"Gerência Regional / GO","860484/2018","Requerimento de Registro de Licença","Licenciamento","***.418.891-**","IGOR LUCAS FERREIRA SOUZA VILODRES","JATAÍ - GO","CASCALHO","Construção civil","Sim"
"Gerência Regional / GO","860671/2018","Requerimento de Registro de Licença","Licenciamento","***.972.811-**","IRANILDES ROSA LEAL","CAMPESTRE DE GOIÁS - GO","AREIA, ARGILA","Cerâmica vermelha, Construção civil","Sim"
"Gerência Regional / GO","860926/2018","Requerimento de Registro de Licença","Licenciamento","07.023.615/0001-82","Confiança Empreendimentos Imobiliários Ltda","ANÁPOLIS - GO","CASCALHO","Brita","Sim"
"Gerência Regional / GO","860001/2019","Requerimento de Registro de Licença","Licenciamento","***.654.661-**","Elias Rodrigues da Fonseca","CAÇU - GO","AREIA, ARGILA","Cerâmica vermelha, Construção civil","Sim"
"Gerência Regional / GO","860094/2021","Requerimento de Registro de Licença","Licenciamento","***.079.211-**","JOSE DE CARVALHO MENDES","ANÁPOLIS - GO","ARGILA","Cerâmica vermelha","Sim"
"Gerência Regional / GO","860304/2024","Requerimento de Mudança de Regime para Licenciamento","Licenciamento","41.457.231/0001-06","JIREH MINERACAO E PESQUISA LTDA","GOIANÉSIA - GO, SANTA ISABEL - GO","AREIA, CASCALHO","Construção civil, Construção civil","Sim"
"Gerência Regional / GO","860050/2022","Requerimento de Mudança de Regime para Licenciamento","Licenciamento","***.451.221-**","DANIEL DENER DE OLIVEIRA RAMOS","JARAGUÁ - GO","AREIA","Construção civil","Sim"
"Gerência Regional / GO","861403/2013","Requerimento de Registro de Licença","Licenciamento","26.156.110/0001-30","GASPARETO SEARA DAS OLIVEIRAS PRESTADORA DE SERVICOS LTDA","CÓRREGO DO OURO - GO","AREIA","Construção civil","Sim"
"Gerência Regional / GO","860858/2009","Requerimento de Registro de Licença","Licenciamento","***.483.421-**","WELLINGTON JOSE ALVES ROSA","CROMÍNIA - GO, MAIRIPOTABA - GO","AREIA","Construção civil","Sim"
"Gerência Regional / GO","861436/2021","Requerimento de Registro de Licença","Licenciamento","40.976.319/0001-71","BRASIL EXTRACOES LTDA","ARAGARÇAS - GO","CASCALHO","Construção civil","Sim"
"Gerência Regional / GO","861495/2021","Requerimento de Registro de Licença","Licenciamento","***.047.991-**","MOACIR LEAL DE FREITAS","RIO VERDE - GO","AREIA","Construção civil","Sim"
"Gerência Regional / GO","861632/2021","Requerimento de Registro de Licença","Licenciamento","31.493.861/0001-82","OZEIAS RODRIGUES AGUIAR LTDA","ITARUMÃ - GO","AREIA","Construção civil","Sim"
"Gerência Regional / GO","860981/2012","Requerimento de Registro de Licença","Licenciamento","***.579.151-**","FABIANO QUEIROZ CAPUZZO","CAMPESTRE DE GOIÁS - GO","ARGILA","Cerâmica vermelha","Sim"
"Gerência Regional / GO","860405/2022","Requerimento de Registro de Licença","Licenciamento","***.171.391-**","SANDERSON MENDES FERREIRA","ABADIÂNIA - GO","ARGILA","Construção civil","Sim"
"Gerência Regional / GO","860562/2022","Requerimento de Registro de Licença","Licenciamento","***.202.301-**","LEANDRO ALVES FERREIRA","ANÁPOLIS - GO","CASCALHO","Construção civil","Sim"
"Gerência Regional / GO","860833/2022","Requerimento de Registro de Licença","Licenciamento","***.870.301-**","Janete pereira dos Santos ","ALEXÂNIA - GO","CASCALHO","Construção civil","Sim"
"Gerência Regional / GO","860914/2022","Requerimento de Registro de Licença","Licenciamento","***.656.391-**","ALAM JOSE MARINHO","DAMIANÓPOLIS - GO","CASCALHO","Construção civil","Sim"
"Gerência Regional / GO","860071/2023","Requerimento de Registro de Licença","Licenciamento","***.719.351-**","Agnes Prieto Mendonça","MINEIROS - GO","CASCALHO","Construção civil","Sim"
"Gerência Regional / GO","860766/2019","Requerimento de Registro de Licença","Licenciamento","***.338.821-**","julio cezar da silva neto","LEOPOLDO DE BULHÕES - GO","CASCALHO","Construção civil","Sim"
"Gerência Regional / GO","861841/2010","Requerimento de Registro de Licença","Licenciamento","51.288.085/0001-96","ELDORADO MINERACAO LTDA","PIRENÓPOLIS - GO","AREIA","Construção civil","Sim"
"Gerência Regional / GO","860645/2023","Requerimento de Registro de Licença","Licenciamento","41.182.784/0001-01","MARONAPA AGROPECUARIA LTDA","GUAPÓ - GO","AREIA, ARGILA, ARGILA","Cerâmica vermelha, Construção civil, Construção civil","Sim"
"Gerência Regional / GO","860932/2025","Requerimento de Registro de Licença","Licenciamento","***.559.791-**","LUCAS DE CARVALHO ALMEIDA GOIS","SILVÂNIA - GO","AREIA, ARGILA","Cerâmica vermelha, Construção civil","Sim"
"Gerência Regional / GO","860784/2023","Requerimento de Registro de Licença","Licenciamento","***.675.222-**","SANDRO FERREIRA DE SOUSA","PIRENÓPOLIS - GO","CASCALHO, SAIBRO","Construção civil, Construção civil","Sim"
"Gerência Regional / GO","860328/2024","Requerimento de Registro de Licença","Licenciamento","***.190.101-**","MARIA ROSANA DOURADO","ARAGOIÂNIA - GO","AREIA, CASCALHO","Construção civil, Construção civil","Sim"
"Gerência Regional / GO","860923/2024","Requerimento de Registro de Licença","Licenciamento","43.261.252/0001-87","PRADO DE CASTRO AGROPECUARIA LTDA","JATAÍ - GO","CASCALHO","Construção civil","Sim"
"Gerência Regional / GO","860264/2025","Requerimento de Mudança de Regime para Licenciamento","Licenciamento","55.925.585/0001-42","BRAVIA MINERACAO INDUSTRIA E COMERCIO LTDA","BOM JARDIM DE GOIÁS - GO","GNAISSE","Brita","Sim"
"Gerência Regional / GO","860533/2025","Requerimento de Registro de Licença","Licenciamento","11.776.235/0001-96","POLO REPRESENTACOES COMERCIAIS LTDA","POSSE - GO","CASCALHO","Construção civil","Sim"
"Gerência Regional / GO","860646/2025","Requerimento de Registro de Licença","Licenciamento","***.996.821-**","EDIBERTO ALVES PIMENTA","RIO VERDE - GO","CASCALHO","Construção civil","Sim"
"Gerência Regional / GO","860566/2015","Requerimento de Registro de Licença","Licenciamento","00.652.008/0001-32","LEMOS CONSTRUCOES TRANSPORTES AREIA E CASCALHO LTDA","IPAMERI - GO","AREIA, CASCALHO","Construção civil, Construção civil","Sim"
"Gerência Regional / GO","860361/1997","Requerimento de Registro de Licença","Licenciamento","00.652.008/0001-32","LEMOS CONSTRUCOES TRANSPORTES AREIA E CASCALHO LTDA","PIRES DO RIO - GO","AREIA, CASCALHO","Demais substâncias, Demais substâncias","Sim"
"Gerência Regional / GO","860299/1993","Requerimento de Registro de Licença","Licenciamento","00.652.008/0001-32","LEMOS CONSTRUCOES TRANSPORTES AREIA E CASCALHO LTDA","LUZIÂNIA - GO","AREIA","Demais substâncias","Sim"
"Gerência Regional / GO","860298/1993","Requerimento de Registro de Licença","Licenciamento","00.652.008/0001-32","LEMOS CONSTRUCOES TRANSPORTES AREIA E CASCALHO LTDA","ORIZONA - GO","AREIA","Demais substâncias","Sim"
"Gerência Regional / GO","860297/1993","Requerimento de Registro de Licença","Licenciamento","00.652.008/0001-32","LEMOS CONSTRUCOES TRANSPORTES AREIA E CASCALHO LTDA","ORIZONA - GO","AREIA","Demais substâncias","Sim"
"Gerência Regional / GO","860296/1993","Requerimento de Registro de Licença","Licenciamento","00.652.008/0001-32","LEMOS CONSTRUCOES TRANSPORTES AREIA E CASCALHO LTDA","ORIZONA - GO","AREIA, CASCALHO","Demais substâncias, Demais substâncias","Sim"
"Gerência Regional / GO","860295/1993","Requerimento de Registro de Licença","Licenciamento","00.652.008/0001-32","LEMOS CONSTRUCOES TRANSPORTES AREIA E CASCALHO LTDA","ORIZONA - GO","AREIA, CASCALHO","Demais substâncias, Demais substâncias","Sim"
"Gerência Regional / GO","860294/1993","Requerimento de Registro de Licença","Licenciamento","00.652.008/0001-32","LEMOS CONSTRUCOES TRANSPORTES AREIA E CASCALHO LTDA","ORIZONA - GO","AREIA, CASCALHO","Demais substâncias, Demais substâncias","Sim"
"Gerência Regional / GO","860293/1993","Requerimento de Registro de Licença","Licenciamento","00.652.008/0001-32","LEMOS CONSTRUCOES TRANSPORTES AREIA E CASCALHO LTDA","ORIZONA - GO","AREIA","Demais substâncias","Sim"
"Gerência Regional / GO","860292/1993","Requerimento de Registro de Licença","Licenciamento","00.652.008/0001-32","LEMOS CONSTRUCOES TRANSPORTES AREIA E CASCALHO LTDA","ORIZONA - GO","AREIA","Demais substâncias","Sim"
"Gerência Regional / GO","860291/1993","Requerimento de Registro de Licença","Licenciamento","00.652.008/0001-32","LEMOS CONSTRUCOES TRANSPORTES AREIA E CASCALHO LTDA","LUZIÂNIA - GO","AREIA","Demais substâncias","Sim"
"Gerência Regional / GO","860290/1993","Requerimento de Registro de Licença","Licenciamento","00.652.008/0001-32","LEMOS CONSTRUCOES TRANSPORTES AREIA E CASCALHO LTDA","LUZIÂNIA - GO","AREIA","Demais substâncias","Sim"
"Gerência Regional / GO","860289/1993","Requerimento de Registro de Licença","Licenciamento","00.652.008/0001-32","LEMOS CONSTRUCOES TRANSPORTES AREIA E CASCALHO LTDA","LUZIÂNIA - GO","AREIA","Demais substâncias","Sim"
"Gerência Regional / GO","860288/1993","Requerimento de Registro de Licença","Licenciamento","00.652.008/0001-32","LEMOS CONSTRUCOES TRANSPORTES AREIA E CASCALHO LTDA","LUZIÂNIA - GO","AREIA","Demais substâncias","Sim"
"Gerência Regional / GO","860287/1993","Requerimento de Registro de Licença","Licenciamento","00.652.008/0001-32","LEMOS CONSTRUCOES TRANSPORTES AREIA E CASCALHO LTDA","LUZIÂNIA - GO","AREIA","Demais substâncias","Sim"
"Gerência Regional / GO","860286/1993","Requerimento de Registro de Licença","Licenciamento","00.652.008/0001-32","LEMOS CONSTRUCOES TRANSPORTES AREIA E CASCALHO LTDA","LUZIÂNIA - GO","AREIA, CASCALHO","Demais substâncias, Demais substâncias","Sim"
"Gerência Regional / GO","860285/1993","Requerimento de Registro de Licença","Licenciamento","00.652.008/0001-32","LEMOS CONSTRUCOES TRANSPORTES AREIA E CASCALHO LTDA","LUZIÂNIA - GO","AREIA","Demais substâncias","Sim"
"Gerência Regional / GO","860284/1993","Requerimento de Registro de Licença","Licenciamento","00.652.008/0001-32","LEMOS CONSTRUCOES TRANSPORTES AREIA E CASCALHO LTDA","IPAMERI - GO, LUZIÂNIA - GO","AREIA","Demais substâncias","Sim"
"Gerência Regional / GO","860156/2001","Requerimento de Registro de Licença","Licenciamento","00.652.008/0001-32","LEMOS CONSTRUCOES TRANSPORTES AREIA E CASCALHO LTDA","IPAMERI - GO","AREIA, CASCALHO","Construção civil, Construção civil","Sim"
"Gerência Regional / GO","860155/2001","Requerimento de Registro de Licença","Licenciamento","00.652.008/0001-32","LEMOS CONSTRUCOES TRANSPORTES AREIA E CASCALHO LTDA","IPAMERI - GO","AREIA, CASCALHO","Construção civil, Construção civil","Sim"
"Gerência Regional / GO","860154/2001","Requerimento de Registro de Licença","Licenciamento","00.652.008/0001-32","LEMOS CONSTRUCOES TRANSPORTES AREIA E CASCALHO LTDA","IPAMERI - GO","AREIA, CASCALHO","Construção civil, Construção civil","Sim"
"Gerência Regional / GO","860038/2000","Requerimento de Registro de Licença","Licenciamento","00.652.008/0001-32","LEMOS CONSTRUCOES TRANSPORTES AREIA E CASCALHO LTDA","IPAMERI - GO","AREIA, CASCALHO","Demais substâncias, Demais substâncias","Sim"
"Gerência Regional / GO","760772/1996","Requerimento de Registro de Licença","Licenciamento","00.652.008/0001-32","LEMOS CONSTRUCOES TRANSPORTES AREIA E CASCALHO LTDA","IPAMERI - GO, ORIZONA - GO","AREIA, CASCALHO","Demais substâncias, Demais substâncias","Sim"
"Gerência Regional / GO","760771/1996","Requerimento de Registro de Licença","Licenciamento","00.652.008/0001-32","LEMOS CONSTRUCOES TRANSPORTES AREIA E CASCALHO LTDA","ORIZONA - GO","AREIA, CASCALHO","Demais substâncias, Demais substâncias","Sim"
"Gerência Regional / GO","760770/1996","Requerimento de Registro de Licença","Licenciamento","00.652.008/0001-32","LEMOS CONSTRUCOES TRANSPORTES AREIA E CASCALHO LTDA","ORIZONA - GO","AREIA, CASCALHO","Demais substâncias, Demais substâncias","Sim"
"Gerência Regional / GO","760769/1996","Requerimento de Registro de Licença","Licenciamento","00.652.008/0001-32","LEMOS CONSTRUCOES TRANSPORTES AREIA E CASCALHO LTDA","ORIZONA - GO","AREIA, CASCALHO","Demais substâncias, Demais substâncias","Sim"
"Gerência Regional / GO","760767/1996","Requerimento de Registro de Licença","Licenciamento","00.652.008/0001-32","LEMOS CONSTRUCOES TRANSPORTES AREIA E CASCALHO LTDA","ORIZONA - GO","AREIA, CASCALHO","Demais substâncias, Demais substâncias","Sim"
"Gerência Regional / GO","860688/2013","Requerimento de Registro de Licença","Licenciamento","00.652.008/0001-32","LEMOS CONSTRUCOES TRANSPORTES AREIA E CASCALHO LTDA","PADRE BERNARDO - GO","AREIA","Construção civil","Sim"
"Gerência Regional / GO","860687/2013","Requerimento de Registro de Licença","Licenciamento","00.652.008/0001-32","LEMOS CONSTRUCOES TRANSPORTES AREIA E CASCALHO LTDA","PADRE BERNARDO - GO","AREIA","Construção civil","Sim"
"Gerência Regional / GO","860686/2013","Requerimento de Registro de Licença","Licenciamento","00.652.008/0001-32","LEMOS CONSTRUCOES TRANSPORTES AREIA E CASCALHO LTDA","PADRE BERNARDO - GO","AREIA","Construção civil","Sim"
"Gerência Regional / GO","860685/2013","Requerimento de Registro de Licença","Licenciamento","00.652.008/0001-32","LEMOS CONSTRUCOES TRANSPORTES AREIA E CASCALHO LTDA","PADRE BERNARDO - GO","AREIA","Construção civil","Sim"
"Gerência Regional / GO","860684/2013","Requerimento de Registro de Licença","Licenciamento","00.652.008/0001-32","LEMOS CONSTRUCOES TRANSPORTES AREIA E CASCALHO LTDA","PADRE BERNARDO - GO","AREIA","Construção civil","Sim"
"Gerência Regional / GO","860568/2015","Requerimento de Registro de Licença","Licenciamento","00.652.008/0001-32","LEMOS CONSTRUCOES TRANSPORTES AREIA E CASCALHO LTDA","IPAMERI - GO","AREIA, CASCALHO","Construção civil, Construção civil","Sim"
"Gerência Regional / GO","861204/2008","Requerimento de Registro de Licença","Licenciamento","03.035.112/0001-76","Goyaz Britas Ltda","ITUMBIARA - GO","BASALTO","Brita","Sim"
"Gerência Regional / GO","860456/1999","Requerimento de Registro de Licença","Licenciamento","03.035.112/0001-76","Goyaz Britas Ltda","PANAMÁ - GO","BASALTO, BASALTO","Brita, Demais substâncias","Sim"
"Gerência Regional / GO","860129/2010","Requerimento de Mudança de Regime para Licenciamento","Licenciamento","03.035.112/0001-76","Goyaz Britas Ltda","PANAMÁ - GO","BASALTO","Brita","Sim"
"Gerência Regional / GO","860089/2016","Requerimento de Registro de Licença","Licenciamento","01.849.926/0001-19","Cerâmica Corumbá Ltda","CORUMBAÍBA - GO","ARGILA","Cerâmica vermelha","Sim"
"Gerência Regional / GO","862047/2005","Requerimento de Registro de Licença","Licenciamento","68.531.292/0001-22","REFLORESTADORA ARCOS, SERVIÇOS E ASSESSORIA LTDA","NIQUELÂNDIA - GO","CALCÁRIO","Corretivo de solo","Sim"
"Gerência Regional / GO","860492/2024","Requerimento de Registro de Licença","Licenciamento","***.306.011-**","BENILSON MACEDO GUIMARAES","CAIAPÔNIA - GO","AREIA","Construção civil","Sim"
"Gerência Regional / GO","861702/2005","Requerimento de Registro de Licença","Licenciamento","***.306.011-**","BENILSON MACEDO GUIMARAES","CAIAPÔNIA - GO","AREIA","Construção civil","Sim"
"Gerência Regional / GO","860002/2015","Requerimento de Registro de Licença","Licenciamento","***.610.441-**","SILVIO JOSE GOMES","FORMOSO - GO, SANTA TEREZA DE GOIÁS - GO","AREIA, CASCALHO","Construção civil, Construção civil","Sim"
"Gerência Regional / GO","860366/2021","Requerimento de Registro de Licença","Licenciamento","***.995.041-**","GERCINA MARIA PINHEIRO","ARAGOIÂNIA - GO, HIDROLÂNDIA - GO","AREIA","Construção civil","Sim"
"Gerência Regional / GO","860228/2017","Requerimento de Registro de Licença","Licenciamento","***.616.791-**","LUIZ FERNANDES MONTEIRO FILHO","SANTA ISABEL - GO","AREIA","Construção civil","Sim"
"Gerência Regional / GO","861515/2009","Requerimento de Registro de Licença","Licenciamento","13.229.739/0001-11","V & A. EXTRACAO E COMERCIO DE AREIA E CASCALHO LTDA","SÃO PATRÍCIO - GO","AREIA, CASCALHO","Construção civil, Construção civil","Sim"
"Gerência Regional / GO","861514/2009","Requerimento de Registro de Licença","Licenciamento","13.229.739/0001-11","V & A. EXTRACAO E COMERCIO DE AREIA E CASCALHO LTDA","SÃO PATRÍCIO - GO","AREIA, CASCALHO, SAIBRO","Construção civil, Construção civil, Construção civil","Sim"
"Gerência Regional / GO","861513/2009","Requerimento de Registro de Licença","Licenciamento","13.229.739/0001-11","V & A. EXTRACAO E COMERCIO DE AREIA E CASCALHO LTDA","SÃO PATRÍCIO - GO","AREIA, CASCALHO","Construção civil, Construção civil","Sim"
"Gerência Regional / GO","860546/2021","Requerimento de Mudança de Regime para Licenciamento","Licenciamento","13.229.739/0001-11","V & A. EXTRACAO E COMERCIO DE AREIA E CASCALHO LTDA","SÃO PATRÍCIO - GO","AREIA","Construção civil","Sim"
"Gerência Regional / GO","862425/2011","Requerimento de Registro de Licença","Licenciamento","16.842.764/0001-64","Mineradora Santa Barbara Ltda Me","SANTA BÁRBARA DE GOIÁS - GO","ARGILA","Cerâmica vermelha","Sim"
"Gerência Regional / GO","860794/2025","Requerimento de Registro de Licença","Licenciamento","10.441.611/0001-29","TRIER ENGENHARIA S/A","FORMOSA - GO","CASCALHO","Construção civil","Sim"
"Gerência Regional / GO","860252/2017","Requerimento de Registro de Licença","Licenciamento","***.627.651-**","Mirian Maria menezes Pinto ","JARAGUÁ - GO","AREIA","Construção civil","Sim"
"Gerência Regional / GO","860138/2024","Requerimento de Mudança de Regime para Licenciamento","Licenciamento","***.536.061-**","Cairo Roberto da Silva","DOVERLÂNDIA - GO","AREIA","Construção civil","Sim"
"Gerência Regional / GO","861143/2014","Requerimento de Registro de Licença","Licenciamento","02.773.950/0001-84","GOIASA GOIATUBA ALCOOL LTDA","GOIATUBA - GO","CASCALHO","Construção civil","Sim"
"Gerência Regional / GO","861142/2014","Requerimento de Registro de Licença","Licenciamento","02.773.950/0001-84","GOIASA GOIATUBA ALCOOL LTDA","GOIATUBA - GO","CASCALHO","Construção civil","Sim"
"Gerência Regional / GO","861140/2014","Requerimento de Registro de Licença","Licenciamento","02.773.950/0001-84","GOIASA GOIATUBA ALCOOL LTDA","JOVIÂNIA - GO","CASCALHO","Construção civil","Sim"
"Gerência Regional / GO","860942/2016","Requerimento de Registro de Licença","Licenciamento","02.773.950/0001-84","GOIASA GOIATUBA ALCOOL LTDA","GOIATUBA - GO","CASCALHO","Construção civil","Sim"
"Gerência Regional / GO","860295/2016","Requerimento de Registro de Licença","Licenciamento","02.773.950/0001-84","GOIASA GOIATUBA ALCOOL LTDA","BOM JESUS DE GOIÁS - GO","CASCALHO","Construção civil","Sim"
"Gerência Regional / GO","860402/2014","Requerimento de Registro de Licença","Licenciamento","17.736.663/0001-71","FB MINERACAO LTDA","NIQUELÂNDIA - GO, VILA PROPÍCIO - GO","AREIA, CASCALHO","Construção civil, Construção civil","Sim"
"Gerência Regional / GO","860903/2024","Requerimento de Registro de Licença","Licenciamento","***.078.501-**","IVERSON FARIA DE SOUSA JUNIOR","PIRANHAS - GO","CASCALHO","Construção civil","Sim"
"Gerência Regional / GO","861232/2014","Requerimento de Mudança de Regime para Licenciamento","Licenciamento","00.107.151/0001-43","CERAMICA BARREIRAO LTDA","CAMPOS BELOS - GO","ARGILA","Cerâmica vermelha","Sim"
"Gerência Regional / GO","860567/2015","Requerimento de Registro de Licença","Licenciamento","00.652.008/0001-32","LEMOS CONSTRUCOES TRANSPORTES AREIA E CASCALHO LTDA","IPAMERI - GO","AREIA, CASCALHO","Construção civil, Construção civil","Sim"
"Gerência Regional / GO","861360/1984","Requerimento de Registro de Licença","Licenciamento","00.803.791/0001-98","EMFOL EMPRESA DE MINERACAO FORMOSA LTDA","FORMOSA - GO","CALCÁRIO DOLOMÍTICO","Demais substâncias","Sim"
"Gerência Regional / GO","861299/2021","Requerimento de Registro de Licença","Licenciamento","02.094.118/0001-51","CERAMICA SALEIRO LTDA","INHUMAS - GO","ARGILA","Construção civil","Sim"
"Gerência Regional / GO","862138/1980","Requerimento de Registro de Licença","Licenciamento","02.756.435/0001-96","Companhia de Pavimentação do Municipio de Goiânia","APARECIDA DE GOIÂNIA - GO","MICAXISTO","Demais substâncias","Sim"
"Gerência Regional / GO","862921/2011","Requerimento de Registro de Licença","Licenciamento","03.035.112/0001-76","Goyaz Britas Ltda","SANTA HELENA DE GOIÁS - GO","BASALTO","Brita","Sim"
"Gerência Regional / GO","860096/2023","Requerimento de Registro de Licença","Licenciamento","***.414.251-**","Luciano Teodoro Ramos Lopes","MAIRIPOTABA - GO","AREIA","Construção civil","Sim"
"Gerência Regional / GO","861559/2009","Requerimento de Registro de Licença","Licenciamento","***.955.891-**","Vilmar Angelo Barbosa","COCALZINHO DE GOIÁS - GO","AREIA, CASCALHO","Construção civil, Construção civil","Sim"
"Gerência Regional / GO","861546/2005","Requerimento de Registro de Licença","Licenciamento","***.857.931-**","CORISVALDO REBOUÇAS DE SOUZA","JUSSARA - GO","AREIA, CASCALHO","Construção civil, Construção civil","Sim"
"Gerência Regional / GO","861463/2021","Requerimento de Mudança de Regime para Licenciamento","Licenciamento","04.669.159/0001-54","SINESIO FAGUNDES DOS SANTOS","GOIANÉSIA - GO, JARAGUÁ - GO","AREIA, CASCALHO","Construção civil, Construção civil","Sim"
"Gerência Regional / GO","862298/2011","Requerimento de Registro de Licença","Licenciamento","01.849.926/0001-19","Cerâmica Corumbá Ltda","CORUMBAÍBA - GO","ARGILA","Cerâmica vermelha","Sim"
"Gerência Regional / GO","862048/2005","Requerimento de Registro de Licença","Licenciamento","68.531.292/0001-22","REFLORESTADORA ARCOS, SERVIÇOS E ASSESSORIA LTDA","NIQUELÂNDIA - GO","CALCÁRIO","Corretivo de solo","Sim"
"Gerência Regional / GO","861300/2011","Requerimento de Registro de Licença","Licenciamento","***.306.011-**","BENILSON MACEDO GUIMARAES","CAIAPÔNIA - GO","AREIA","Construção civil","Sim"
"Gerência Regional / GO","860542/2011","Requerimento de Mudança de Regime para Licenciamento","Licenciamento","***.850.081-**","Marcelo Leonardo da Silva","FORMOSA - GO","CASCALHO","Construção civil","Sim"
"Gerência Regional / GO","860062/2006","Requerimento de Registro de Licença","Licenciamento","***.549.540-**","ELO RAMIRO LOEFF","CHAPADÃO DO CÉU - GO","CASCALHO","Construção civil","Sim"
"Gerência Regional / GO","860931/2005","Requerimento de Registro de Licença","Licenciamento","08.773.532/0001-73","MULTI - MINERACAO INDUSTRIA E COMERCIO LTDA","CEZARINA - GO, VARJÃO - GO","AREIA","Construção civil","Sim"
"Gerência Regional / GO","860556/2009","Requerimento de Registro de Licença","Licenciamento","***.610.441-**","SILVIO JOSE GOMES","FORMOSO - GO, SANTA TEREZA DE GOIÁS - GO","AREIA, CASCALHO","Construção civil, Construção civil","Sim"
"Gerência Regional / GO","862301/2011","Requerimento de Registro de Licença","Licenciamento","***.384.051-**","MILTON PIRES SOARES","MAIRIPOTABA - GO","AREIA","Construção civil","Sim"
"Gerência Regional / GO","860841/2010","Requerimento de Registro de Licença","Licenciamento","***.995.041-**","GERCINA MARIA PINHEIRO","ARAGOIÂNIA - GO, HIDROLÂNDIA - GO","AREIA","Construção civil","Sim"
"Gerência Regional / GO","860456/2017","Requerimento de Registro de Licença","Licenciamento","***.176.416-**","JOÃO BATISTA DE ALMEIDA","CAÇU - GO","AREIA","Construção civil","Sim"
"Gerência Regional / GO","860244/2004","Requerimento de Autorização de Pesquisa","Licenciamento","10.174.537/0001-21","Cristalina Mineração e Transportes Ltda Me","CRISTALINA - GO","AREIA","Construção civil","Sim"
"Gerência Regional / GO","860007/2008","Requerimento de Registro de Licença","Licenciamento","07.415.431/0001-68","Zedimilton Ferreira da Silva","FORMOSO - GO, SANTA TEREZA DE GOIÁS - GO","AREIA, CASCALHO","Construção civil, Construção civil","Sim"
"Gerência Regional / GO","862068/2013","Requerimento de Registro de Licença","Licenciamento","***.616.791-**","LUIZ FERNANDES MONTEIRO FILHO","JARAGUÁ - GO","AREIA, ARGILA","Cerâmica vermelha, Construção civil","Sim"
"Gerência Regional / GO","861744/2010","Requerimento de Registro de Licença","Licenciamento","***.039.191-**","Sebastião Alexandre Souto","PILAR DE GOIÁS - GO","AREIA","Construção civil","Sim"
"Gerência Regional / GO","861243/2011","Requerimento de Registro de Licença","Licenciamento","***.848.341-**","José Tadeu de Rezende","CATALÃO - GO","CASCALHO","Construção civil","Sim"
"Gerência Regional / GO","861579/2009","Requerimento de Mudança de Regime para Licenciamento","Licenciamento","13.229.739/0001-11","V & A. EXTRACAO E COMERCIO DE AREIA E CASCALHO LTDA","CARMO DO RIO VERDE - GO, SÃO PATRÍCIO - GO","AREIA, CASCALHO","Construção civil, Construção civil","Sim"
"Gerência Regional / GO","860108/2015","Requerimento de Registro de Licença","Licenciamento","***.693.201-**","Davi Silva","BOM JARDIM DE GOIÁS - GO","AREIA, CASCALHO","Construção civil, Construção civil","Sim"
"Gerência Regional / GO","861505/2013","Requerimento de Mudança de Regime para Licenciamento","Licenciamento","***.509.271-**","Roberto Rodrigues Dias","ITAPACI - GO, NOVA GLÓRIA - GO","AREIA","Construção civil","Sim"
"Gerência Regional / GO","861103/2009","Requerimento de Registro de Licença","Licenciamento","***.939.501-**","MATEUS RODRIGUES DE GOUVEIA","GOIÁS - GO","AREIA","Construção civil","Sim"
"Gerência Regional / GO","860972/2012","Requerimento de Registro de Licença","Licenciamento","15.010.992/0001-05","Almeri Justino Cardoso Eireli Me","APORÉ - GO","ARGILA","Cerâmica vermelha","Sim"
"Gerência Regional / GO","860439/2015","Requerimento de Mudança de Regime para Licenciamento","Licenciamento","16.842.764/0001-64","Mineradora Santa Barbara Ltda Me","CATURAÍ - GO","ARGILA","Cerâmica vermelha","Sim"
"Gerência Regional / GO","862093/2012","Requerimento de Registro de Licença","Licenciamento","***.884.081-**","NEILSON GONCALVES DE ALMEIDA JUNIOR","BOM JARDIM DE GOIÁS - GO, PIRANHAS - GO","AREIA","Construção civil","Sim"
"Gerência Regional / GO","861764/2013","Requerimento de Registro de Licença","Licenciamento","***.154.511-**","Jose Bezerra Alves","ITAPACI - GO","CASCALHO","Construção civil","Sim"
"Gerência Regional / GO","860771/2013","Requerimento de Registro de Licença","Licenciamento","***.627.651-**","Mirian Maria menezes Pinto ","JARAGUÁ - GO","AREIA, CASCALHO","Construção civil, Construção civil","Sim"
"Gerência Regional / GO","861177/2013","Requerimento de Registro de Licença","Licenciamento","***.731.481-**","Amariles Agapito da Silveira","CATALÃO - GO","CASCALHO","Construção civil","Sim"
"Gerência Regional / GO","861419/2013","Requerimento de Registro de Licença","Licenciamento","***.676.851-**","Morgana Moreira de Paula","GUARANI DE GOIÁS - GO","AREIA","Construção civil","Sim"
"Gerência Regional / GO","861409/2016","Requerimento de Registro de Licença","Licenciamento","02.773.950/0001-84","GOIASA GOIATUBA ALCOOL LTDA","ITUMBIARA - GO","CASCALHO","Construção civil","Sim"
"Gerência Regional / GO","860872/2023","Requerimento de Mudança de Regime para Licenciamento","Licenciamento","17.736.663/0001-71","FB MINERACAO LTDA","SANTO ANTÔNIO DO DESCOBERTO - GO","AREIA, CASCALHO","Construção civil, Construção civil","Sim"
"Gerência Regional / GO","860323/2014","Requerimento de Registro de Licença","Licenciamento","***.843.431-**","Jose Vieira de Aleluia Junior","CRISTIANÓPOLIS - GO, PIRES DO RIO - GO","AREIA, CASCALHO","Construção civil, Construção civil","Sim"
"Gerência Regional / GO","860940/2015","Requerimento de Registro de Licença","Licenciamento","07.692.415/0001-12","Cerâmica J M Paulista Ltda","SÃO MIGUEL DO ARAGUAIA - GO","ARGILA","Cerâmica vermelha","Sim"
"Gerência Regional / GO","860597/2016","Requerimento de Registro de Licença","Licenciamento","***.377.181-**","Leila Marcelino da Silva Santos","CATALÃO - GO, IPAMERI - GO","AREIA, CASCALHO","Construção civil, Construção civil","Sim"
"Gerência Regional / GO","860512/2022","Requerimento de Mudança de Regime para Licenciamento","Licenciamento","***.715.371-**","Lázaro Francisco Alves","RIO VERDE - GO","AREIA","Construção civil","Sim"
"Gerência Regional / GO","860148/2022","Requerimento de Registro de Licença","Licenciamento","***.610.681-**","LEANDRO MOREIRA DE MOURA","JARAGUÁ - GO","ARGILA","Construção civil","Sim"
"Gerência Regional / GO","860880/2024","Requerimento de Registro de Licença","Licenciamento","***.400.821-**","VANIA LUCE GUIMARAES AGUIAR","RIO VERDE - GO","CASCALHO","Construção civil","Sim"
"Gerência Regional / GO","860759/2017","Requerimento de Mudança de Regime para Licenciamento","Licenciamento","***.155.921-**","ALEX DIAS COUTO","GOIANÉSIA - GO, JARAGUÁ - GO, PIRENÓPOLIS - GO","AREIA","Construção civil","Sim"
"Gerência Regional / GO","860305/2017","Requerimento de Registro de Licença","Licenciamento","***.429.441-**","Adelson Alves de Paiva","NERÓPOLIS - GO","CASCALHO","Construção civil","Sim"
"Gerência Regional / GO","860637/2022","Requerimento de Mudança de Regime para Licenciamento","Licenciamento","***.188.021-**","LUCIMAR MARIA CAIXETA SPERANCIN","HIDROLINA - GO","AREIA","Construção civil","Sim"
"Gerência Regional / GO","860191/2017","Requerimento de Registro de Licença","Licenciamento","***.728.501-**","NILSON ROSA DE SOUSA","INHUMAS - GO","ARGILA","Cerâmica vermelha","Sim"
"Gerência Regional / GO","860981/2017","Requerimento de Registro de Licença","Licenciamento","***.325.801-**","Ordeval Monteiro de Paiva","PIRES DO RIO - GO","CASCALHO","Construção civil","Sim"
"Gerência Regional / GO","860338/2018","Requerimento de Registro de Licença","Licenciamento","19.900.824/0001-46","SPE RUBIATABA URBANISMO LTDA","RUBIATABA - GO","CASCALHO","Construção civil","Sim"
"Gerência Regional / GO","860690/2019","Requerimento de Mudança de Regime para Licenciamento","Licenciamento","***.317.201-**","WENDER LAZARO DA COSTA","ESTRELA DO NORTE - GO, FORMOSO - GO","AREIA","Construção civil","Sim"
"Gerência Regional / GO","860833/2018","Requerimento de Registro de Licença","Licenciamento","***.477.381-**","GENOR SOARES DE RESENDE","PIRACANJUBA - GO","CASCALHO","Construção civil","Sim"
"Gerência Regional / GO","860929/2018","Requerimento de Registro de Licença","Licenciamento","08.723.148/0001-66","CERAMICA 2A LTDA","SÃO LUÍS DE MONTES BELOS - GO","ARGILA","Cerâmica vermelha","Sim"
"Gerência Regional / GO","860068/2020","Requerimento de Registro de Licença","Licenciamento","***.865.581-**","Silvino Ferreira Neto","CAVALCANTE - GO","AREIA","Construção civil","Sim"
"Gerência Regional / GO","860326/2024","Requerimento de Registro de Licença","Licenciamento","36.368.973/0001-25","ARS MATERIAIS CONSTRUCAO FERRAGISTA E MINERACAO LTDA","CACHOEIRA DE GOIÁS - GO","AREIA","Construção civil","Sim"
"Gerência Regional / GO","860069/2021","Requerimento de Registro de Licença","Licenciamento","***.584.801-**","PAULO REIS RIZZO ESSELIN DE MELO","GAMELEIRA DE GOIÁS - GO","CASCALHO","Construção civil","Sim"
"Gerência Regional / GO","860334/2021","Requerimento de Registro de Licença","Licenciamento","***.258.501-**","RONALDO MENDONCA LOURES","INHUMAS - GO","ARGILA","Cerâmica vermelha","Sim"
"Gerência Regional / GO","860207/2019","Requerimento de Mudança de Regime para Licenciamento","Licenciamento","39.951.664/0001-71","PEDREIRA SAO LOURENCO LTDA","TRINDADE - GO","CASCALHO","Construção civil","Sim"
"Gerência Regional / GO","860982/2021","Requerimento de Registro de Licença","Licenciamento","***.078.501-**","IVERSON FARIA DE SOUSA JUNIOR","PIRANHAS - GO","ARGILA, CASCALHO","Construção civil, Construção civil","Sim"
"Gerência Regional / GO","861692/2021","Requerimento de Registro de Licença","Licenciamento","28.415.796/0001-62","VILMA MARIA VIEIRA DO PRADO SOUZA EIRELI","PIRACANJUBA - GO","AREIA, ARGILA","Cerâmica vermelha, Construção civil","Sim"
"Gerência Regional / GO","861196/2024","Requerimento de Mudança de Regime para Licenciamento","Licenciamento","***.312.501-**","Jucenilson Domingos da Silva ","BURITI DE GOIÁS - GO","AREIA, CASCALHO, QUARTZITO, QUARTZITO, QUARTZITO","Brita, Construção civil, Construção civil, Industrial, Pedra de talhe","Sim"
"Gerência Regional / GO","860470/2022","Requerimento de Registro de Licença","Licenciamento","***.927.161-**","MARGARET LUIZ DE OLIVEIRA MORAIS","PIRENÓPOLIS - GO","CASCALHO","Construção civil","Sim"
"Gerência Regional / GO","860022/2023","Requerimento de Registro de Licença","Licenciamento","***.189.271-**","Célia Lopes Switalsci","SÃO MIGUEL DO PASSA QUATRO - GO, VIANÓPOLIS - GO","AREIA","Construção civil","Sim"
"Gerência Regional / GO","860626/2022","Requerimento de Registro de Licença","Licenciamento","***.352.181-**","JONATAS IUDYS MAGALHAES BISPO","MINEIROS - GO","AREIA, CASCALHO","Construção civil, Construção civil","Sim"
"Gerência Regional / GO","860558/2023","Requerimento de Registro de Licença","Licenciamento","***.398.381-**","Luiz Marques de Oliveira e Silva","ALEXÂNIA - GO","CASCALHO","Construção civil","Sim"
"Gerência Regional / GO","860639/2023","Requerimento de Registro de Licença","Licenciamento","***.029.821-**","BENEDITA ALVES APRIGIO DO PRADO","RIO VERDE - GO","CASCALHO","Construção civil","Sim"
"Gerência Regional / GO","861169/2023","Requerimento de Registro de Licença","Licenciamento","53.669.193/0001-34","CASCALHEIRA GERALDO MOISES E SILVERIO LTDA","LEOPOLDO DE BULHÕES - GO","CASCALHO","Construção civil","Sim"
"Gerência Regional / GO","860875/2024","Requerimento de Registro de Licença","Licenciamento","***.836.509-**","KENEDY HUMBERTO JUSSIANI","POSSE - GO","AREIA, CASCALHO","Construção civil, Construção civil","Sim"
"Gerência Regional / GO","861141/2024","Requerimento de Registro de Licença","Licenciamento","***.005.441-**","JOELMA TRINDADE BORGES","LUZIÂNIA - GO","CASCALHO","Construção civil","Sim"
"Gerência Regional / GO","860276/2025","Requerimento de Registro de Licença","Licenciamento","51.883.637/0001-04","MARCOS MOURA TRANSPORTES E ESCAVACOES LTDA","MORRINHOS - GO","CASCALHO","Construção civil","Sim"
"Gerência Regional / GO","860539/2025","Requerimento de Registro de Licença","Licenciamento","***.097.051-**","EDMEIA OLIVEIRA QUEIROZ DE PAULA","QUIRINÓPOLIS - GO","CASCALHO","Construção civil","Sim"
"Gerência Regional / GO","860635/2025","Requerimento de Registro de Licença","Licenciamento","***.276.361-**","ADRIANO SILVA LOPES","RIO VERDE - GO","CASCALHO","Construção civil","Sim"
"Gerência Regional / GO","860722/2025","Requerimento de Registro de Licença","Licenciamento","***.321.521-**","GILMAR CASTILHO BATISTA DOS SANTOS","PALMEIRAS DE GOIÁS - GO","ARGILA","Cerâmica vermelha","Sim"
