"Superintendência","Processo","Tipo de requerimento","Fase Atual","CPF/CNPJ do titular","Titular","Municipio(s)","Substância(s)","Tipo(s) de Uso","Situação"
"Gerência Regional / MG","810833/1968","Requerimento de Autorização de Pesquisa","Concessão de Lavra","33.993.221/0001-67","MINERAÇÃO XINGU LTDA                                                            ","CABECEIRAS - GO, UNAÍ - MG","NIÓBIO, TITÂNIO","Demais substâncias, Demais substâncias","Sim"
"Gerência Regional / MG","860658/1986","Requerimento de Registro de Licença","Concessão de Lavra","02.204.584/0001-42","Sida Sociedade Itumbiarense de Dragagem e Areia Ltda.","CANÁPOLIS - MG, ITUMBIARA - GO","AREIA","Demais substâncias","Sim"
"Gerência Regional / MG","860663/1986","Requerimento de Registro de Licença","Concessão de Lavra","02.204.584/0001-42","Sida Sociedade Itumbiarense de Dragagem e Areia Ltda.","CANÁPOLIS - MG, ITUMBIARA - GO","AREIA","Demais substâncias","Sim"
"Gerência Regional / MG","830553/1996","Requerimento de Autorização de Pesquisa","Concessão de Lavra","45.701.942/0001-35","AREAL PARANAIBA LTDA","ARAGUARI - MG, CUMARI - GO","AREIA","Demais substâncias","Sim"
"Gerência Regional / MG","830922/1998","Requerimento de Autorização de Pesquisa","Concessão de Lavra","45.701.942/0001-35","AREAL PARANAIBA LTDA","ARAGUARI - MG, CUMARI - GO","AREIA","Demais substâncias","Sim"
"Gerência Regional / MG","830410/2005","Requerimento de Autorização de Pesquisa","Concessão de Lavra","03.765.951/0001-40","Espólio de José Machado Neto Fi","ABADIA DOS DOURADOS - MG, COROMANDEL - MG, DAVINÓPOLIS - GO","DIAMANTE INDUSTRIAL","Industrial","Sim"
"Gerência Regional / MG","860013/2006","Requerimento de Autorização de Pesquisa","Concessão de Lavra","05.695.212/0001-54","MINERAÇÃO & TRANSPORTE NOSSA SENHORA APARECIDA LTDA","SANTA VITÓRIA - MG","AREIA, CASCALHO, DIAMANTE INDUSTRIAL","Construção civil, Construção civil, Industrial","Sim"
"Gerência Regional / MG","830007/2008","Requerimento de Autorização de Pesquisa","Concessão de Lavra","04.693.661/0001-09","Areia São Jose Extração, Comércio e Transporte Ltda Me","ARAGUARI - MG, CORUMBAÍBA - GO","AREIA","Construção civil","Sim"
"Gerência Regional / GO","001154/1935","Requerimento de Manifesto de Mina","Concessão de Lavra","01.638.832/0001-09","CIA. MELHORAMENTOS DE CALDAS NOVAS","CALDAS NOVAS - GO","ÁGUAS TERMAIS","Demais substâncias","Sim"
"Gerência Regional / GO","001475/1935","Requerimento de Manifesto de Mina","Concessão de Lavra","00.258.657/0001-53","EMPRESA PUBLICA MUNICIPAL EXPLORACAO MINERAL","CALDAS NOVAS - GO","ÁGUA MINERAL","Demais substâncias","Sim"
"Gerência Regional / GO","002286/1935","Requerimento de Manifesto de Mina","Concessão de Lavra","42.445.403/0001-94","MINERACAO SERRA GRANDE S A","CRIXÁS - GO","OURO","Demais substâncias","Sim"
"Gerência Regional / GO","002019/1939","Requerimento de Manifesto de Mina","Concessão de Lavra","48.656.146/0001-16","MINERACAO MACEDO LTDA","NIQUELÂNDIA - GO","COBALTO, COBRE, NÍQUEL","Demais substâncias, Demais substâncias, Demais substâncias","Sim"
"Gerência Regional / GO","000696/1945","Requerimento de Autorização de Pesquisa","Concessão de Lavra","***.903.540-**","JOÃO PEDRO CASQUEIRA CORREDOURA","ITABERAÍ - GO","ESMERALDA","Demais substâncias","Sim"
"Gerência Regional / GO","004056/1952","Requerimento de Autorização de Pesquisa","Concessão de Lavra","62.258.884/0001-36","INTERCEMENT BRASIL S/A - EM RECUPERACAO JUDICIAL","CEZARINA - GO","CALCÁRIO","Demais substâncias","Sim"
"Gerência Regional / GO","000647/1959","Requerimento de Autorização de Pesquisa","Concessão de Lavra","60.869.336/0001-17","CSN CIMENTOS BRASIL S.A.","COCALZINHO DE GOIÁS - GO","CALCÁRIO","Demais substâncias","Sim"
"Gerência Regional / GO","001138/1962","Requerimento de Autorização de Pesquisa","Concessão de Lavra","00.323.600/0001-90","Empresa Água de Brasília Ltda","BRASÍLIA - DF","ÁGUA MINERAL, ÁGUAS TERMAIS","Demais substâncias, Demais substâncias","Sim"
"Gerência Regional / GO","001230/1962","Requerimento de Autorização de Pesquisa","Concessão de Lavra","60.869.336/0001-17","CSN CIMENTOS BRASIL S.A.","COCALZINHO DE GOIÁS - GO","CALCÁRIO","Demais substâncias","Sim"
"Gerência Regional / GO","003517/1962","Requerimento de Autorização de Pesquisa","Concessão de Lavra","15.104.599/0001-80","SAMA S.A. - MINERACOES ASSOCIADAS EM RECUPERACAO JUDICIAL","MINAÇU - GO","AMIANTO","Demais substâncias","Sim"
"Gerência Regional / GO","008868/1962","Requerimento de Autorização de Pesquisa","Concessão de Lavra","15.104.599/0001-80","SAMA S.A. - MINERACOES ASSOCIADAS EM RECUPERACAO JUDICIAL","MINAÇU - GO","AMIANTO","Demais substâncias","Sim"
"Gerência Regional / GO","000365/1963","Requerimento de Autorização de Pesquisa","Concessão de Lavra","28.844.942/0001-75","AURA-MINERAÇÃO AURIFERA ANICUNS LTDA                                            ","ANICUNS - GO","OURO","Demais substâncias","Sim"
"Gerência Regional / GO","000376/1963","Requerimento de Autorização de Pesquisa","Concessão de Lavra","51.334.345/0001-12","PEDRA PRETA MINERACAO LTDA","SÃO JOÃO D'ALIANÇA - GO","MANGANÊS","Demais substâncias","Sim"
"Gerência Regional / GO","004853/1964","Requerimento de Autorização de Pesquisa","Concessão de Lavra","00.048.785/0001-72","INDAIA BRASIL AGUAS MINERAIS LTDA","ANÁPOLIS - GO","ÁGUA MINERAL","Demais substâncias","Sim"
"Gerência Regional / GO","006516/1964","Requerimento de Autorização de Pesquisa","Concessão de Lavra","01.048.735/0001-58","CHRYSTALINO MINERAIS E REFRIGERANTES LTDA","ANÁPOLIS - GO","ÁGUA POTÁVEL DE MESA","Demais substâncias","Sim"
"Gerência Regional / GO","002409/1965","Requerimento de Autorização de Pesquisa","Concessão de Lavra","42.184.226/0019-69","ANGLO AMERICAN NIQUEL BRASIL LTDA","NIQUELÂNDIA - GO","AMIANTO, MICA, NÍQUEL","Demais substâncias, Demais substâncias, Demais substâncias","Sim"
"Gerência Regional / GO","002410/1965","Requerimento de Autorização de Pesquisa","Concessão de Lavra","42.184.226/0019-69","ANGLO AMERICAN NIQUEL BRASIL LTDA","NIQUELÂNDIA - GO","AMIANTO, MICA, NÍQUEL","Demais substâncias, Demais substâncias, Demais substâncias","Sim"
"Gerência Regional / GO","002411/1965","Requerimento de Autorização de Pesquisa","Concessão de Lavra","42.184.226/0019-69","ANGLO AMERICAN NIQUEL BRASIL LTDA","NIQUELÂNDIA - GO","AMIANTO, MICA, NÍQUEL","Demais substâncias, Demais substâncias, Demais substâncias","Sim"
"Gerência Regional / GO","008120/1966","Requerimento de Autorização de Pesquisa","Concessão de Lavra","42.184.226/0019-69","ANGLO AMERICAN NIQUEL BRASIL LTDA","NIQUELÂNDIA - GO","NÍQUEL","Demais substâncias","Sim"
"Gerência Regional / GO","009357/1966","Requerimento de Autorização de Pesquisa","Concessão de Lavra","02.359.156/0001-99","RIO QUENTE MINERACAO LTDA","RIO QUENTE - GO","ÁGUAS TERMAIS","Demais substâncias","Sim"
"Gerência Regional / GO","000490/1967","Requerimento de Autorização de Pesquisa","Concessão de Lavra","42.184.226/0019-69","ANGLO AMERICAN NIQUEL BRASIL LTDA","NIQUELÂNDIA - GO","NÍQUEL","Demais substâncias","Sim"
"Gerência Regional / GO","000491/1967","Requerimento de Autorização de Pesquisa","Concessão de Lavra","42.184.226/0019-69","ANGLO AMERICAN NIQUEL BRASIL LTDA","NIQUELÂNDIA - GO","NÍQUEL","Demais substâncias","Sim"
"Gerência Regional / GO","006706/1967","Requerimento de Autorização de Pesquisa","Concessão de Lavra","62.258.884/0001-36","INTERCEMENT BRASIL S/A - EM RECUPERACAO JUDICIAL","PALMEIRAS DE GOIÁS - GO","CALCÁRIO","Demais substâncias","Sim"
"Gerência Regional / GO","009291/1967","Requerimento de Autorização de Pesquisa","Concessão de Lavra","33.931.486/0014-55","MOSAIC FERTILIZANTES P&K LTDA.","CATALÃO - GO, OUVIDOR - GO","APATITA, BARITA, MINÉRIO DE FERRO, MINÉRIO DE NIÓBIO, VERMICULITA","Industrial, Industrial, Industrial, Industrial, Industrial","Sim"
"Gerência Regional / GO","009965/1967","Requerimento de Autorização de Pesquisa","Concessão de Lavra","00.048.785/0001-72","INDAIA BRASIL AGUAS MINERAIS LTDA","FORMOSA - GO","ÁGUA POTÁVEL DE MESA","Demais substâncias","Sim"
"Gerência Regional / GO","010602/1967","Requerimento de Autorização de Pesquisa","Concessão de Lavra","60.869.336/0001-17","CSN CIMENTOS BRASIL S.A.","COCALZINHO DE GOIÁS - GO","CALCÁRIO","Demais substâncias","Sim"
"Gerência Regional / GO","010670/1967","Requerimento de Autorização de Pesquisa","Concessão de Lavra","15.104.599/0001-80","SAMA S.A. - MINERACOES ASSOCIADAS EM RECUPERACAO JUDICIAL","MINAÇU - GO","AMIANTO","Demais substâncias","Sim"
"Gerência Regional / GO","016414/1967","Requerimento de Autorização de Pesquisa","Concessão de Lavra","60.869.336/0001-17","CSN CIMENTOS BRASIL S.A.","COCALZINHO DE GOIÁS - GO","CALCÁRIO","Demais substâncias","Sim"
"Gerência Regional / GO","801244/1968","Requerimento de Autorização de Pesquisa","Concessão de Lavra","26.108.898/0001-00","CMOC BRASIL MINERACAO, INDUSTRIA E PARTICIPACOES LTDA.","CATALÃO - GO, OUVIDOR - GO","BARITA, FOSFATO, NIÓBIO","Demais substâncias, Demais substâncias, Industrial","Sim"
"Gerência Regional / GO","801560/1968","Requerimento de Autorização de Pesquisa","Concessão de Lavra","26.108.898/0001-00","CMOC BRASIL MINERACAO, INDUSTRIA E PARTICIPACOES LTDA.","CATALÃO - GO, OUVIDOR - GO","BARITA, FOSFATO, MINÉRIO DE NIÓBIO","Demais substâncias, Industrial, Industrial","Sim"
"Gerência Regional / GO","801562/1968","Requerimento de Autorização de Pesquisa","Concessão de Lavra","33.931.486/0014-55","MOSAIC FERTILIZANTES P&K LTDA.","OUVIDOR - GO","FOSFATO, MINÉRIO DE FERRO, MINÉRIO DE TITÂNIO, PIROCLORO, TITÂNIO","Demais substâncias, Demais substâncias, Fertilizantes, Industrial, Industrial","Sim"
"Gerência Regional / GO","802424/1968","Requerimento de Autorização de Pesquisa","Concessão de Lavra","62.258.884/0001-36","INTERCEMENT BRASIL S/A - EM RECUPERACAO JUDICIAL","CEZARINA - GO","CALCÁRIO","Demais substâncias","Sim"
"Gerência Regional / GO","804513/1968","Requerimento de Autorização de Pesquisa","Concessão de Lavra","26.108.898/0001-00","CMOC BRASIL MINERACAO, INDUSTRIA E PARTICIPACOES LTDA.","CATALÃO - GO, OUVIDOR - GO","BARITA, FOSFATO, MINÉRIO DE NIÓBIO","Demais substâncias, Industrial, Industrial","Sim"
"Gerência Regional / GO","808745/1968","Requerimento de Autorização de Pesquisa","Concessão de Lavra","42.184.226/0019-69","ANGLO AMERICAN NIQUEL BRASIL LTDA","BARRO ALTO - GO","MINÉRIO DE NÍQUEL","Demais substâncias","Sim"
"Gerência Regional / GO","809011/1968","Requerimento de Autorização de Pesquisa","Concessão de Lavra","60.869.336/0001-17","CSN CIMENTOS BRASIL S.A.","COCALZINHO DE GOIÁS - GO","CALCÁRIO","Demais substâncias","Sim"
"Gerência Regional / GO","811050/1968","Requerimento de Autorização de Pesquisa","Concessão de Lavra","02.683.365/0001-93","BRASIL MINERIOS S/A","SÃO LUÍS DE MONTES BELOS - GO","ANTOFILITA, VERMICULITA, VERMICULITA","Demais substâncias, Industrial, Industrial","Sim"
"Gerência Regional / GO","811113/1968","Requerimento de Autorização de Pesquisa","Concessão de Lavra","42.184.226/0019-69","ANGLO AMERICAN NIQUEL BRASIL LTDA","NIQUELÂNDIA - GO","NÍQUEL","Demais substâncias","Sim"
"Gerência Regional / GO","812854/1968","Requerimento de Autorização de Pesquisa","Concessão de Lavra","33.328.063/0001-20","Mineração Mozondó Ltda","PLANALTINA - GO","CALCÁRIO, DOLOMITO","Demais substâncias, Demais substâncias","Sim"
"Gerência Regional / GO","814093/1968","Requerimento de Autorização de Pesquisa","Concessão de Lavra","26.970.103/0001-78","BRITACAL IND E COM DE BRITA E CALCARIO BRASILIA LTDA","PLANALTINA - GO","CALCÁRIO DOLOMÍTICO","Demais substâncias","Sim"
"Gerência Regional / GO","816757/1968","Requerimento de Autorização de Pesquisa","Concessão de Lavra","60.869.336/0001-17","CSN CIMENTOS BRASIL S.A.","COCALZINHO DE GOIÁS - GO","CALCÁRIO","Demais substâncias","Sim"
"Gerência Regional / GO","800464/1969","Requerimento de Autorização de Pesquisa","Concessão de Lavra","00.162.123/0001-29","MINERACAO PEDRA LINDA LTDA","SANTO ANTÔNIO DO DESCOBERTO - GO","FERRO, MANGANÊS","Demais substâncias, Demais substâncias","Sim"
"Gerência Regional / GO","800745/1969","Requerimento de Autorização de Pesquisa","Concessão de Lavra","01.736.347/0001-60","GOLAJE EXTRACAO DE LAJES LTDA","CRISTALINA - GO","QUARTZITO, QUARTZO","Demais substâncias, Demais substâncias","Sim"
"Gerência Regional / GO","807493/1969","Requerimento de Autorização de Pesquisa","Concessão de Lavra","37.883.097/0001-38","CALCARIO OURO BRANCO LTDA","INDIARA - GO","CALCÁRIO, MÁRMORE","Demais substâncias, Demais substâncias","Sim"
"Gerência Regional / GO","815129/1969","Requerimento de Autorização de Pesquisa","Concessão de Lavra","09.433.698/0001-03","Companhia Niquel Santa Fé","IPORÁ - GO","NÍQUEL","Demais substâncias","Sim"
"Gerência Regional / GO","815130/1969","Requerimento de Autorização de Pesquisa","Concessão de Lavra","09.433.698/0001-03","Companhia Niquel Santa Fé","IPORÁ - GO","NÍQUEL","Demais substâncias","Sim"
"Gerência Regional / GO","815131/1969","Requerimento de Autorização de Pesquisa","Concessão de Lavra","09.433.698/0001-03","Companhia Niquel Santa Fé","IPORÁ - GO, ISRAELÂNDIA - GO","NÍQUEL","Demais substâncias","Sim"
"Gerência Regional / GO","815132/1969","Requerimento de Autorização de Pesquisa","Concessão de Lavra","09.433.698/0001-03","Companhia Niquel Santa Fé","IPORÁ - GO","NÍQUEL","Demais substâncias","Sim"
"Gerência Regional / GO","818726/1969","Requerimento de Autorização de Pesquisa","Concessão de Lavra","42.184.226/0019-69","ANGLO AMERICAN NIQUEL BRASIL LTDA","NIQUELÂNDIA - GO","AMIANTO, MICA, NÍQUEL","Demais substâncias, Demais substâncias, Demais substâncias","Sim"
"Gerência Regional / GO","800423/1970","Requerimento de Autorização de Pesquisa","Concessão de Lavra","60.869.336/0001-17","CSN CIMENTOS BRASIL S.A.","COCALZINHO DE GOIÁS - GO","CALCÁRIO","Demais substâncias","Sim"
"Gerência Regional / GO","811902/1970","Requerimento de Autorização de Pesquisa","Concessão de Lavra","62.258.884/0001-36","INTERCEMENT BRASIL S/A - EM RECUPERACAO JUDICIAL","CEZARINA - GO","ARGILA","Demais substâncias","Sim"
"Gerência Regional / GO","813086/1970","Requerimento de Autorização de Pesquisa","Concessão de Lavra","01.638.832/0001-09","CIA. MELHORAMENTOS DE CALDAS NOVAS","CALDAS NOVAS - GO","ÁGUA MINERAL, MANGANÊS","Demais substâncias, Demais substâncias","Sim"
"Gerência Regional / GO","813379/1970","Requerimento de Autorização de Pesquisa","Concessão de Lavra","10.936.580/0001-87","MINERACAO BOA VISTA LTDA","ÁGUA FRIA DE GOIÁS - GO, NIQUELÂNDIA - GO, SÃO JOÃO D'ALIANÇA - GO","MANGANÊS","Demais substâncias","Sim"
"Gerência Regional / GO","814258/1970","Requerimento de Autorização de Pesquisa","Concessão de Lavra","10.936.580/0001-87","MINERACAO BOA VISTA LTDA","SÃO JOÃO D'ALIANÇA - GO","MANGANÊS","Demais substâncias","Sim"
"Gerência Regional / GO","816021/1970","Requerimento de Autorização de Pesquisa","Concessão de Lavra","48.656.146/0001-16","MINERACAO MACEDO LTDA","NIQUELÂNDIA - GO","NÍQUEL","Demais substâncias","Sim"
"Gerência Regional / GO","817951/1970","Requerimento de Autorização de Pesquisa","Concessão de Lavra","02.540.029/0001-91","GOIAS VERMICULITA SA","OUVIDOR - GO","APATITA, TITÂNIO, VERMICULITA","Demais substâncias, Demais substâncias, Demais substâncias","Sim"
"Gerência Regional / GO","805835/1971","Requerimento de Autorização de Pesquisa","Concessão de Lavra","09.433.698/0001-03","Companhia Niquel Santa Fé","SANTA FÉ DE GOIÁS - GO","VERMICULITA","Demais substâncias","Sim"
"Gerência Regional / GO","805985/1971","Requerimento de Autorização de Pesquisa","Concessão de Lavra","48.656.146/0001-16","MINERACAO MACEDO LTDA","NIQUELÂNDIA - GO","COBALTO, COBRE, NÍQUEL","Demais substâncias, Demais substâncias, Demais substâncias","Sim"
"Gerência Regional / GO","818544/1971","Requerimento de Autorização de Pesquisa","Concessão de Lavra","00.104.067/0001-76","RIMIL RIALMA MINERACAO LTDA","HIDROLINA - GO, PILAR DE GOIÁS - GO","TALCO","Demais substâncias","Sim"
"Gerência Regional / GO","821197/1971","Requerimento de Autorização de Pesquisa","Concessão de Lavra","00.519.280/0001-49","MAP MINERACAO AGRO PECUARIA LIMITADA","BRASÍLIA - DF, PLANALTINA - GO","CALCÁRIO","Demais substâncias","Sim"
"Gerência Regional / GO","823273/1971","Requerimento de Autorização de Pesquisa","Concessão de Lavra","62.258.884/0001-36","INTERCEMENT BRASIL S/A - EM RECUPERACAO JUDICIAL","CEZARINA - GO","CALCÁRIO","Demais substâncias","Sim"
"Gerência Regional / GO","824205/1971","Requerimento de Autorização de Pesquisa","Concessão de Lavra","00.640.169/0001-06","INDAIATUR - INDAIA TURISMO LTDA","ITAJÁ - GO, PARANAÍBA - MS","ÁGUAS TERMAIS","Demais substâncias","Sim"
"Gerência Regional / GO","806837/1972","Requerimento de Autorização de Pesquisa","Concessão de Lavra","02.787.125/0001-39","PIRECAL PIRENOPOLIS CALCARIO LTDA","VILA PROPÍCIO - GO","DOLOMITO","Demais substâncias","Sim"
"Gerência Regional / GO","806838/1972","Requerimento de Autorização de Pesquisa","Concessão de Lavra","02.840.072/0001-72","MIBASA MINERADORA BARRO ALTO LTDA","VILA PROPÍCIO - GO","DOLOMITO","Demais substâncias","Sim"
"Gerência Regional / GO","809896/1972","Requerimento de Autorização de Pesquisa","Concessão de Lavra","24.348.469/0001-84","CMA AGRONEGOCIOS LTDA","ITABERAÍ - GO","BERILO","Demais substâncias","Sim"
"Gerência Regional / GO","814326/1972","Requerimento de Autorização de Pesquisa","Concessão de Lavra","51.334.345/0001-12","PEDRA PRETA MINERACAO LTDA","SÃO JOÃO D'ALIANÇA - GO","MANGANÊS","Demais substâncias","Sim"
"Gerência Regional / GO","814335/1972","Requerimento de Autorização de Pesquisa","Concessão de Lavra","01.342.930/0001-96","Sucal Mineração Ltda","PEROLÂNDIA - GO","BASALTO, DOLOMITO","Brita, Demais substâncias","Sim"
"Gerência Regional / GO","816480/1972","Requerimento de Autorização de Pesquisa","Concessão de Lavra","06.235.513/0001-68","Prometálica Mineração Centro Oeste S A","AMERICANO DO BRASIL - GO, MOSSÂMEDES - GO","COBALTO, COBRE, NÍQUEL","Demais substâncias, Demais substâncias, Demais substâncias","Sim"
"Gerência Regional / GO","803343/1973","Requerimento de Autorização de Pesquisa","Concessão de Lavra","26.108.898/0001-00","CMOC BRASIL MINERACAO, INDUSTRIA E PARTICIPACOES LTDA.","CATALÃO - GO","NIÓBIO","Demais substâncias","Sim"
"Gerência Regional / GO","803603/1973","Requerimento de Autorização de Pesquisa","Concessão de Lavra","00.162.123/0001-29","MINERACAO PEDRA LINDA LTDA","CAVALCANTE - GO","BERILO, ESTANHO, MOSCOVITA","Demais substâncias, Gema, Industrial","Sim"
"Gerência Regional / GO","804392/1973","Requerimento de Autorização de Pesquisa","Concessão de Lavra","60.869.336/0001-17","CSN CIMENTOS BRASIL S.A.","COCALZINHO DE GOIÁS - GO","ARGILA, LIMONITA","Demais substâncias, Demais substâncias","Sim"
"Gerência Regional / GO","806590/1973","Requerimento de Autorização de Pesquisa","Concessão de Lavra","00.751.537/0001-93","MINERAÇÃO INGAZEIRA LTDA","MINAÇU - GO","CASSITERITA","Demais substâncias","Sim"
"Gerência Regional / GO","807536/1973","Requerimento de Autorização de Pesquisa","Concessão de Lavra","42.176.941/0001-20","SALOMÃO MINERAÇÃO LTDA.","MONTE ALEGRE DE GOIÁS - GO","CASSITERITA","Demais substâncias","Sim"
"Gerência Regional / GO","807538/1973","Requerimento de Autorização de Pesquisa","Concessão de Lavra","42.176.941/0001-20","SALOMÃO MINERAÇÃO LTDA.","MONTE ALEGRE DE GOIÁS - GO","CASSITERITA","Demais substâncias","Sim"
"Gerência Regional / GO","807539/1973","Requerimento de Autorização de Pesquisa","Concessão de Lavra","42.176.941/0001-20","SALOMÃO MINERAÇÃO LTDA.","MONTE ALEGRE DE GOIÁS - GO","CASSITERITA","Demais substâncias","Sim"
"Gerência Regional / GO","807540/1973","Requerimento de Autorização de Pesquisa","Concessão de Lavra","13.568.566/0001-66","MINERACAO GNB LTDA","MONTE ALEGRE DE GOIÁS - GO","CASSITERITA","Demais substâncias","Sim"
"Gerência Regional / GO","811966/1973","Requerimento de Autorização de Pesquisa","Concessão de Lavra","60.869.336/0001-17","CSN CIMENTOS BRASIL S.A.","COCALZINHO DE GOIÁS - GO","CALCÁRIO","Demais substâncias","Sim"
"Gerência Regional / GO","812761/1973","Requerimento de Autorização de Pesquisa","Concessão de Lavra","33.846.902/0001-00","AG MINERACAO LTDA","BRASÍLIA - DF, SANTO ANTÔNIO DO DESCOBERTO - GO","MANGANÊS","Demais substâncias","Sim"
"Gerência Regional / GO","813396/1973","Requerimento de Autorização de Pesquisa","Concessão de Lavra","01.413.855/0001-07","GOIASCAL MINERACAO E CALCARIO LTDA","INDIARA - GO","CALCÁRIO","Demais substâncias","Sim"
"Gerência Regional / GO","813473/1973","Requerimento de Autorização de Pesquisa","Concessão de Lavra","02.105.880/0001-96","Julio Cesar Camelo Parrode","APARECIDA DE GOIÂNIA - GO","MICAXISTO","Demais substâncias","Sim"
"Gerência Regional / GO","813474/1973","Requerimento de Autorização de Pesquisa","Concessão de Lavra","27.556.902/0001-65","ACTUALPAR ADMINISTRACAO E PARTICIPACAO LTDA","APARECIDA DE GOIÂNIA - GO","MICAXISTO","Demais substâncias","Sim"
"Gerência Regional / GO","816055/1973","Requerimento de Autorização de Pesquisa","Concessão de Lavra","01.413.855/0001-07","GOIASCAL MINERACAO E CALCARIO LTDA","INDIARA - GO","CALCÁRIO","Demais substâncias","Sim"
"Gerência Regional / GO","816056/1973","Requerimento de Autorização de Pesquisa","Concessão de Lavra","01.413.855/0001-07","GOIASCAL MINERACAO E CALCARIO LTDA","CEZARINA - GO, INDIARA - GO","CALCÁRIO","Demais substâncias","Sim"
"Gerência Regional / GO","808587/1974","Requerimento de Autorização de Pesquisa","Concessão de Lavra","09.433.698/0001-03","Companhia Niquel Santa Fé","DIORAMA - GO, IPORÁ - GO","SILICATOS DE NÍQUEL","Demais substâncias","Sim"
"Gerência Regional / GO","808588/1974","Requerimento de Autorização de Pesquisa","Concessão de Lavra","09.433.698/0001-03","Companhia Niquel Santa Fé","DIORAMA - GO, IPORÁ - GO, JAUPACI - GO","SILICATOS DE NÍQUEL","Demais substâncias","Sim"
"Gerência Regional / GO","808589/1974","Requerimento de Autorização de Pesquisa","Concessão de Lavra","09.433.698/0001-03","Companhia Niquel Santa Fé","IPORÁ - GO, JAUPACI - GO","SILICATOS DE NÍQUEL","Demais substâncias","Sim"
"Gerência Regional / GO","808923/1974","Requerimento de Autorização de Pesquisa","Concessão de Lavra","86.902.053/0001-13","MINERACAO MARACA INDUSTRIA E COMERCIO S/A","ALTO HORIZONTE - GO, NOVA IGUAÇU DE GOIÁS - GO","COBRE, MINÉRIO DE OURO, MINÉRIO DE PRATA","Demais substâncias, Industrial, Industrial","Sim"
"Gerência Regional / GO","810817/1974","Requerimento de Autorização de Pesquisa","Concessão de Lavra","15.083.339/0001-76","M CAL COMBUSTIVEIS E MINERACAO LTDA","CAIAPÔNIA - GO, PEROLÂNDIA - GO","BASALTO, CALCÁRIO DOLOMÍTICO","Brita, Demais substâncias","Sim"
"Gerência Regional / GO","810831/1974","Requerimento de Autorização de Pesquisa","Concessão de Lavra","02.683.365/0001-93","BRASIL MINERIOS S/A","SANCLERLÂNDIA - GO","VERMICULITA","Demais substâncias","Sim"
"Gerência Regional / GO","810832/1974","Requerimento de Autorização de Pesquisa","Concessão de Lavra","02.683.365/0001-93","BRASIL MINERIOS S/A","SANCLERLÂNDIA - GO","VERMICULITA","Demais substâncias","Sim"
"Gerência Regional / GO","811383/1974","Requerimento de Autorização de Pesquisa","Concessão de Lavra","00.519.280/0001-49","MAP MINERACAO AGRO PECUARIA LIMITADA","PLANALTINA - GO","CALCÁRIO","Demais substâncias","Sim"
"Gerência Regional / GO","811421/1974","Requerimento de Autorização de Pesquisa","Concessão de Lavra","02.174.951/0001-02","MINERACAO DE CALCARIO MONTIVIDIU LTDA","MONTIVIDIU - GO","CALCÁRIO","Demais substâncias","Sim"
"Gerência Regional / GO","811774/1974","Requerimento de Autorização de Pesquisa","Concessão de Lavra","02.683.365/0001-93","BRASIL MINERIOS S/A","SANCLERLÂNDIA - GO","VERMICULITA","Demais substâncias","Sim"
"Gerência Regional / GO","813064/1974","Requerimento de Autorização de Pesquisa","Concessão de Lavra","01.413.855/0001-07","GOIASCAL MINERACAO E CALCARIO LTDA","VILA PROPÍCIO - GO","DOLOMITO","Demais substâncias","Sim"
"Gerência Regional / GO","813066/1974","Requerimento de Autorização de Pesquisa","Concessão de Lavra","01.413.855/0001-07","GOIASCAL MINERACAO E CALCARIO LTDA","CEZARINA - GO","CALCÁRIO","Demais substâncias","Sim"
"Gerência Regional / GO","801381/1975","Requerimento de Autorização de Pesquisa","Concessão de Lavra","02.110.260/0001-45","JANDAIA CALCARIO AGRICOLA LTDA","INDIARA - GO, JANDAIA - GO","CALCÁRIO","Demais substâncias","Sim"
"Gerência Regional / GO","801526/1975","Requerimento de Autorização de Pesquisa","Concessão de Lavra","26.970.103/0001-78","BRITACAL IND E COM DE BRITA E CALCARIO BRASILIA LTDA","PLANALTINA - GO","CALCÁRIO","Demais substâncias","Sim"
"Gerência Regional / GO","803988/1975","Requerimento de Autorização de Pesquisa","Concessão de Lavra","62.258.884/0001-36","INTERCEMENT BRASIL S/A - EM RECUPERACAO JUDICIAL","CEZARINA - GO","CALCÁRIO","Demais substâncias","Sim"
"Gerência Regional / GO","804365/1975","Requerimento de Autorização de Pesquisa","Concessão de Lavra","29.541.600/0001-49","DOMUS AUREA MINERACAO LTDA","CRIXÁS - GO","CIANITA, MINÉRIO DE OURO","Demais substâncias, Industrial","Sim"
"Gerência Regional / GO","804366/1975","Requerimento de Autorização de Pesquisa","Concessão de Lavra","42.445.403/0001-94","MINERACAO SERRA GRANDE S A","CRIXÁS - GO","CIANITA, MINÉRIO DE OURO, MINÉRIO DE PRATA","Demais substâncias, Industrial, Industrial","Sim"
"Gerência Regional / GO","805289/1975","Requerimento de Autorização de Pesquisa","Concessão de Lavra","05.291.545/0001-18","CALCILANDIA MINERACAO LTDA","GOIÁS - GO","CALCÁRIO","Demais substâncias","Sim"
"Gerência Regional / GO","807641/1975","Requerimento de Autorização de Pesquisa","Concessão de Lavra","01.059.930/0001-83","CALCARIO SANTA TEREZA LTDA","FORMOSO - GO","CALCÁRIO","Demais substâncias","Sim"
"Gerência Regional / GO","807670/1975","Requerimento de Autorização de Pesquisa","Concessão de Lavra","01.059.930/0001-83","CALCARIO SANTA TEREZA LTDA","FORMOSO - GO","CALCÁRIO DOLOMÍTICO","Demais substâncias","Sim"
"Gerência Regional / GO","808219/1975","Requerimento de Autorização de Pesquisa","Concessão de Lavra","03.764.875/0001-58","AURIFERA NOVA ROMA LTDA","NOVA ROMA - GO","OURO","Demais substâncias","Sim"
"Gerência Regional / GO","811652/1975","Requerimento de Autorização de Pesquisa","Concessão de Lavra","02.683.365/0001-93","BRASIL MINERIOS S/A","SÃO LUÍS DE MONTES BELOS - GO","VERMICULITA","Demais substâncias","Sim"
"Gerência Regional / GO","812925/1975","Requerimento de Autorização de Pesquisa","Concessão de Lavra","62.258.884/0001-36","INTERCEMENT BRASIL S/A - EM RECUPERACAO JUDICIAL","CEZARINA - GO","CALCÁRIO","Demais substâncias","Sim"
"Gerência Regional / GO","800146/1976","Requerimento de Autorização de Pesquisa","Concessão de Lavra","02.780.575/0001-08","EXTRABLOCO EXTRACAO DE BLOCOS DE PEDRA LTDA","JAUPACI - GO","GRANITO","Demais substâncias","Sim"
"Gerência Regional / GO","802231/1976","Requerimento de Autorização de Pesquisa","Concessão de Lavra","02.173.151/0001-77","ELBA CALCARIO LTDA","MONTIVIDIU - GO","CALCÁRIO","Demais substâncias","Sim"
"Gerência Regional / GO","803152/1976","Requerimento de Autorização de Pesquisa","Concessão de Lavra","47.190.335/0001-83","Ferrogeo Mineração Ltda","CATALÃO - GO","ARGILA","Demais substâncias","Sim"
"Gerência Regional / GO","803153/1976","Requerimento de Autorização de Pesquisa","Concessão de Lavra","47.190.335/0001-83","Ferrogeo Mineração Ltda","CATALÃO - GO","ARGILA","Demais substâncias","Sim"
"Gerência Regional / GO","803154/1976","Requerimento de Autorização de Pesquisa","Concessão de Lavra","47.190.335/0001-83","Ferrogeo Mineração Ltda","CATALÃO - GO","ARGILA","Demais substâncias","Sim"
"Gerência Regional / GO","803155/1976","Requerimento de Autorização de Pesquisa","Concessão de Lavra","47.190.335/0001-83","Ferrogeo Mineração Ltda","CATALÃO - GO","ARGILA","Demais substâncias","Sim"
"Gerência Regional / GO","803156/1976","Requerimento de Autorização de Pesquisa","Concessão de Lavra","47.190.335/0001-83","Ferrogeo Mineração Ltda","CATALÃO - GO","ARGILA","Demais substâncias","Sim"
"Gerência Regional / GO","804104/1976","Requerimento de Autorização de Pesquisa","Concessão de Lavra","01.413.855/0001-07","GOIASCAL MINERACAO E CALCARIO LTDA","INDIARA - GO","CALCÁRIO","Demais substâncias","Sim"
"Gerência Regional / GO","804105/1976","Requerimento de Autorização de Pesquisa","Concessão de Lavra","01.413.855/0001-07","GOIASCAL MINERACAO E CALCARIO LTDA","CEZARINA - GO, INDIARA - GO","CALCÁRIO","Demais substâncias","Sim"
"Gerência Regional / GO","804106/1976","Requerimento de Autorização de Pesquisa","Concessão de Lavra","01.413.855/0001-07","GOIASCAL MINERACAO E CALCARIO LTDA","CEZARINA - GO, INDIARA - GO","CALCÁRIO","Demais substâncias","Sim"
"Gerência Regional / GO","805230/1976","Requerimento de Autorização de Pesquisa","Concessão de Lavra","47.190.335/0001-83","Ferrogeo Mineração Ltda","CATALÃO - GO","ARGILA","Demais substâncias","Sim"
"Gerência Regional / GO","805231/1976","Requerimento de Autorização de Pesquisa","Concessão de Lavra","47.190.335/0001-83","Ferrogeo Mineração Ltda","CATALÃO - GO","ARGILA","Demais substâncias","Sim"
"Gerência Regional / GO","805236/1976","Requerimento de Autorização de Pesquisa","Concessão de Lavra","47.190.335/0001-83","Ferrogeo Mineração Ltda","CATALÃO - GO","ARGILA","Demais substâncias","Sim"
"Gerência Regional / GO","805237/1976","Requerimento de Autorização de Pesquisa","Concessão de Lavra","47.190.335/0001-83","Ferrogeo Mineração Ltda","CATALÃO - GO, PARACATU - MG","ARGILA","Demais substâncias","Sim"
"Gerência Regional / GO","805238/1976","Requerimento de Autorização de Pesquisa","Concessão de Lavra","47.190.335/0001-83","Ferrogeo Mineração Ltda","CATALÃO - GO, PARACATU - MG","ARGILA","Demais substâncias","Sim"
"Gerência Regional / GO","805239/1976","Requerimento de Autorização de Pesquisa","Concessão de Lavra","47.190.335/0001-83","Ferrogeo Mineração Ltda","CATALÃO - GO, PARACATU - MG","ARGILA","Demais substâncias","Sim"
"Gerência Regional / GO","806201/1976","Requerimento de Autorização de Pesquisa","Concessão de Lavra","02.991.389/0001-00","Saúde Indústria e Comércio de Água Mineral Ltda.","HIDROLÂNDIA - GO","ÁGUA MINERAL","Demais substâncias","Sim"
"Gerência Regional / GO","806847/1976","Requerimento de Autorização de Pesquisa","Concessão de Lavra","50.170.281/0001-07","PEDREIRA ANHANGUERA S/A EMPRESA DE MINERACAO","CATURAÍ - GO, GOIANIRA - GO","GRANODIORITO","Demais substâncias","Sim"
"Gerência Regional / GO","806848/1976","Requerimento de Autorização de Pesquisa","Concessão de Lavra","50.170.281/0001-07","PEDREIRA ANHANGUERA S/A EMPRESA DE MINERACAO","GOIANIRA - GO","GRANODIORITO","Demais substâncias","Sim"
"Gerência Regional / GO","807790/1976","Requerimento de Autorização de Pesquisa","Concessão de Lavra","62.258.884/0001-36","INTERCEMENT BRASIL S/A - EM RECUPERACAO JUDICIAL","CEZARINA - GO","CALCÁRIO","Demais substâncias","Sim"
"Gerência Regional / GO","808490/1976","Requerimento de Autorização de Pesquisa","Concessão de Lavra","37.883.097/0001-38","CALCARIO OURO BRANCO LTDA","INDIARA - GO","CALCÁRIO","Demais substâncias","Sim"
"Gerência Regional / GO","813623/1976","Requerimento de Autorização de Pesquisa","Concessão de Lavra","02.173.151/0001-77","ELBA CALCARIO LTDA","MONTIVIDIU - GO","CALCÁRIO","Demais substâncias","Sim"
"Gerência Regional / GO","813624/1976","Requerimento de Autorização de Pesquisa","Concessão de Lavra","02.173.151/0001-77","ELBA CALCARIO LTDA","MONTIVIDIU - GO","CALCÁRIO","Demais substâncias","Sim"
"Gerência Regional / GO","813913/1976","Requerimento de Autorização de Pesquisa","Concessão de Lavra","02.174.951/0001-02","MINERACAO DE CALCARIO MONTIVIDIU LTDA","CAIAPÔNIA - GO","CALCÁRIO DOLOMÍTICO","Demais substâncias","Sim"
"Gerência Regional / GO","801825/1977","Requerimento de Autorização de Pesquisa","Concessão de Lavra","50.629.385/0001-29","Klace S A Pisos e Azulejos","PADRE BERNARDO - GO","ARGILA","Demais substâncias","Sim"
"Gerência Regional / GO","803300/1977","Requerimento de Autorização de Pesquisa","Concessão de Lavra","60.869.336/0001-17","CSN CIMENTOS BRASIL S.A.","COCALZINHO DE GOIÁS - GO","CALCÁRIO","Demais substâncias","Sim"
"Gerência Regional / GO","805525/1977","Requerimento de Autorização de Pesquisa","Concessão de Lavra","01.512.017/0001-90","Primavera Industria de Agua Mineral Ltda","GOIANIRA - GO","ÁGUA MINERAL","Demais substâncias","Sim"
"Gerência Regional / GO","807299/1977","Requerimento de Autorização de Pesquisa","Concessão de Lavra","02.683.365/0001-93","BRASIL MINERIOS S/A","SÃO LUÍS DE MONTES BELOS - GO","VERMICULITA","Demais substâncias","Sim"
"Gerência Regional / GO","807524/1977","Requerimento de Autorização de Pesquisa","Concessão de Lavra","33.931.486/0014-55","MOSAIC FERTILIZANTES P&K LTDA.","CATALÃO - GO, OUVIDOR - GO","FOSFATO","Demais substâncias","Sim"
"Gerência Regional / GO","802161/1978","Requerimento de Autorização de Pesquisa","Concessão de Lavra","33.931.486/0014-55","MOSAIC FERTILIZANTES P&K LTDA.","CATALÃO - GO","FOSFATO, TERRAS RARAS","Demais substâncias, Fertilizantes","Sim"
"Gerência Regional / GO","802696/1978","Requerimento de Autorização de Pesquisa","Concessão de Lavra","00.048.785/0001-72","INDAIA BRASIL AGUAS MINERAIS LTDA","GOIÂNIA - GO","ÁGUA MINERAL","Demais substâncias","Sim"
"Gerência Regional / GO","803240/1978","Requerimento de Autorização de Pesquisa","Concessão de Lavra","73.956.088/0001-93","ZEUS MINERACAO LTDA","CAVALCANTE - GO","MANGANÊS","Demais substâncias","Sim"
"Gerência Regional / GO","860005/1978","Requerimento de Autorização de Pesquisa","Concessão de Lavra","80.084.809/0001-88","COLORMINAS COLORIFICIO E MINERACAO LTDA","PADRE BERNARDO - GO","FILITO","Demais substâncias","Sim"
"Gerência Regional / GO","860160/1978","Requerimento de Autorização de Pesquisa","Concessão de Lavra","00.048.785/0001-72","INDAIA BRASIL AGUAS MINERAIS LTDA","GOIÂNIA - GO","ÁGUA MINERAL","Demais substâncias","Sim"
"Gerência Regional / GO","860096/1979","Requerimento de Autorização de Pesquisa","Concessão de Lavra","01.048.735/0001-58","CHRYSTALINO MINERAIS E REFRIGERANTES LTDA","ANÁPOLIS - GO","ÁGUA MINERAL","Demais substâncias","Sim"
"Gerência Regional / GO","860285/1979","Requerimento de Autorização de Pesquisa","Concessão de Lavra","02.910.511/0001-76","ELDORADO EMPRESA DE MINERACAO BALNEOTERAPIA LTDA","CACHOEIRA DOURADA - GO","ÁGUA MINERAL, ÁGUAS TERMAIS","Balneoterapia, Demais substâncias","Sim"
"Gerência Regional / GO","860297/1979","Requerimento de Autorização de Pesquisa","Concessão de Lavra","53.622.130/0001-22","PENERY MINERACAO LTDA","CAVALCANTE - GO","OURO","Demais substâncias","Sim"
"Gerência Regional / GO","860352/1979","Requerimento de Autorização de Pesquisa","Concessão de Lavra","42.445.403/0001-94","MINERACAO SERRA GRANDE S A","CRIXÁS - GO","OURO","Demais substâncias","Sim"
"Gerência Regional / GO","860824/1979","Requerimento de Autorização de Pesquisa","Concessão de Lavra","42.445.403/0001-94","MINERACAO SERRA GRANDE S A","CRIXÁS - GO","OURO","Demais substâncias","Sim"
"Gerência Regional / GO","861218/1979","Requerimento de Autorização de Pesquisa","Concessão de Lavra","60.869.336/0001-17","CSN CIMENTOS BRASIL S.A.","COCALZINHO DE GOIÁS - GO","CALCÁRIO, CALCÁRIO DOLOMÍTICO","Demais substâncias, Demais substâncias","Sim"
"Gerência Regional / GO","861236/1979","Requerimento de Autorização de Pesquisa","Concessão de Lavra","80.084.809/0001-88","COLORMINAS COLORIFICIO E MINERACAO LTDA","TROMBAS - GO","CAULIM","Demais substâncias","Sim"
"Gerência Regional / GO","860834/1980","Requerimento de Autorização de Pesquisa","Concessão de Lavra","60.869.336/0001-17","CSN CIMENTOS BRASIL S.A.","COCALZINHO DE GOIÁS - GO","AREIA","Demais substâncias","Sim"
"Gerência Regional / GO","860929/1980","Requerimento de Autorização de Pesquisa","Concessão de Lavra","03.299.740/0001-69","SOMA EMPRESA DE MINERACAO LTDA","CALDAS NOVAS - GO","ÁGUA MINERAL","Demais substâncias","Sim"
"Gerência Regional / GO","860952/1980","Requerimento de Autorização de Pesquisa","Concessão de Lavra","42.799.486/0001-10","AMARILLO MINERACAO DO BRASIL LTDA","MARA ROSA - GO","OURO","Demais substâncias","Sim"
"Gerência Regional / GO","861156/1980","Requerimento de Autorização de Pesquisa","Concessão de Lavra","07.410.766/0001-93","CD MINERADORA LTDA","CACHOEIRA DOURADA - GO","ÁGUA MINERAL","Demais substâncias","Sim"
"Gerência Regional / GO","861241/1980","Requerimento de Autorização de Pesquisa","Concessão de Lavra","42.799.486/0001-10","AMARILLO MINERACAO DO BRASIL LTDA","MARA ROSA - GO","OURO","Demais substâncias","Sim"
"Gerência Regional / GO","861507/1980","Requerimento de Autorização de Pesquisa","Concessão de Lavra","47.190.335/0001-83","Ferrogeo Mineração Ltda","CATALÃO - GO","ARGILA REFRATÁRIA","Demais substâncias","Sim"
"Gerência Regional / GO","861508/1980","Requerimento de Autorização de Pesquisa","Concessão de Lavra","47.190.335/0001-83","Ferrogeo Mineração Ltda","CATALÃO - GO","ARGILA REFRATÁRIA","Demais substâncias","Sim"
"Gerência Regional / GO","861509/1980","Requerimento de Autorização de Pesquisa","Concessão de Lavra","47.190.335/0001-83","Ferrogeo Mineração Ltda","CATALÃO - GO","ARGILA REFRATÁRIA","Demais substâncias","Sim"
"Gerência Regional / GO","861776/1980","Requerimento de Autorização de Pesquisa","Concessão de Lavra","27.184.936/0001-76","CBE COMPANHIA BRASILEIRA DE EQUIPAMENTO - EM RECUPERACAO JUDICIAL","FORMOSA - GO","CALCÁRIO","Demais substâncias","Sim"
"Gerência Regional / GO","861832/1980","Requerimento de Autorização de Pesquisa","Concessão de Lavra","24.927.667/0001-00","MATRA MINERAÇÃO LTDA","ÁGUA FRIA DE GOIÁS - GO, PLANALTINA - GO","CALCÁRIO","Demais substâncias","Sim"
"Gerência Regional / GO","862617/1980","Requerimento de Autorização de Pesquisa","Concessão de Lavra","03.297.900/0001-30","AGUAS DE CALDAS-NOVAS COLONIA DO SESC LTDA","CALDAS NOVAS - GO","ÁGUAS TERMAIS","Demais substâncias","Sim"
"Gerência Regional / GO","862618/1980","Requerimento de Autorização de Pesquisa","Concessão de Lavra","03.440.450/0001-93","CENTRO CLINICO TERMAS DA SAUDE LTDA","CALDAS NOVAS - GO","ÁGUAS TERMAIS","Demais substâncias","Sim"
"Gerência Regional / GO","862619/1980","Requerimento de Autorização de Pesquisa","Concessão de Lavra","35.098.488/0001-16","SERRA DAS THERMAS MINERACAO LTDA","CALDAS NOVAS - GO","ÁGUA MINERAL","Demais substâncias","Sim"
"Gerência Regional / GO","862620/1980","Requerimento de Autorização de Pesquisa","Concessão de Lavra","02.172.674/0001-07","VALLE MINERACAO INDUSTRIA E COMERCIO EIRELI","CALDAS NOVAS - GO","ÁGUA MINERAL","Demais substâncias","Sim"
"Gerência Regional / GO","862621/1980","Requerimento de Autorização de Pesquisa","Concessão de Lavra","24.877.573/0001-66","MINERADORA ARCADAS LTDA","CALDAS NOVAS - GO","ÁGUA MINERAL","Balneoterapia","Sim"
"Gerência Regional / GO","862622/1980","Requerimento de Autorização de Pesquisa","Concessão de Lavra","02.766.517/0001-11","AGUA BONITA EMPREENDIMENTOS LTDA","CALDAS NOVAS - GO","ÁGUA MINERAL, ÁGUA MINERAL","Balneoterapia, Demais substâncias","Sim"
"Gerência Regional / GO","862623/1980","Requerimento de Autorização de Pesquisa","Concessão de Lavra","01.013.416/0001-07","SERRA DAS CALDAS MINERACAO LTDA","CALDAS NOVAS - GO","ÁGUA MINERAL","Demais substâncias","Sim"
"Gerência Regional / GO","862638/1980","Requerimento de Autorização de Pesquisa","Concessão de Lavra","01.013.416/0001-07","SERRA DAS CALDAS MINERACAO LTDA","CALDAS NOVAS - GO","ÁGUA MINERAL","Demais substâncias","Sim"
"Gerência Regional / GO","862639/1980","Requerimento de Autorização de Pesquisa","Concessão de Lavra","08.455.683/0001-83","PAINEIRAS MINERACAO LTDA","CALDAS NOVAS - GO","ÁGUA MINERAL","Demais substâncias","Sim"
"Gerência Regional / GO","862640/1980","Requerimento de Autorização de Pesquisa","Concessão de Lavra","01.173.871/0001-70","Termas de Goiás Ltda.","CALDAS NOVAS - GO","ÁGUAS TERMAIS","Demais substâncias","Sim"
"Gerência Regional / GO","862641/1980","Requerimento de Autorização de Pesquisa","Concessão de Lavra","00.888.735/0001-01","MINERADORA CONCHAL LTDA","CALDAS NOVAS - GO","ÁGUA MINERAL","Demais substâncias","Sim"
"Gerência Regional / GO","862642/1980","Requerimento de Autorização de Pesquisa","Concessão de Lavra","03.299.740/0001-69","SOMA EMPRESA DE MINERACAO LTDA","CALDAS NOVAS - GO","ÁGUA MINERAL","Demais substâncias","Sim"
"Gerência Regional / GO","862643/1980","Requerimento de Autorização de Pesquisa","Concessão de Lavra","03.299.740/0001-69","SOMA EMPRESA DE MINERACAO LTDA","CALDAS NOVAS - GO","ÁGUA MINERAL","Demais substâncias","Sim"
"Gerência Regional / GO","862644/1980","Requerimento de Autorização de Pesquisa","Concessão de Lavra","03.286.358/0001-10","MINERACAO CALDAS NOVAS LTDA","CALDAS NOVAS - GO","ÁGUA MINERAL","Demais substâncias","Sim"
"Gerência Regional / GO","862645/1980","Requerimento de Autorização de Pesquisa","Concessão de Lavra","03.286.358/0001-10","MINERACAO CALDAS NOVAS LTDA","CALDAS NOVAS - GO","ÁGUA MINERAL","Demais substâncias","Sim"
"Gerência Regional / GO","862646/1980","Requerimento de Autorização de Pesquisa","Concessão de Lavra","09.018.435/0001-38","POLITEC MINERACAO LTDA","CALDAS NOVAS - GO","ÁGUA MINERAL","Demais substâncias","Sim"
"Gerência Regional / GO","862647/1980","Requerimento de Autorização de Pesquisa","Concessão de Lavra","09.018.435/0001-38","POLITEC MINERACAO LTDA","CALDAS NOVAS - GO","ÁGUA MINERAL","Industrial","Sim"
"Gerência Regional / GO","862648/1980","Requerimento de Autorização de Pesquisa","Concessão de Lavra","02.941.532/0001-59","MINASTERMAS MINERADORA DAS TERMAS LTDA","CALDAS NOVAS - GO","ÁGUA MINERAL","Demais substâncias","Sim"
"Gerência Regional / GO","862722/1980","Requerimento de Autorização de Pesquisa","Concessão de Lavra","02.186.028/0001-90","ORSEL MINERADORA LTDA","CALDAS NOVAS - GO","ÁGUA MINERAL","Demais substâncias","Sim"
"Gerência Regional / GO","860015/1981","Requerimento de Autorização de Pesquisa","Concessão de Lavra","27.184.936/0001-76","CBE COMPANHIA BRASILEIRA DE EQUIPAMENTO - EM RECUPERACAO JUDICIAL","FORMOSA - GO","CALCÁRIO","Demais substâncias","Sim"
"Gerência Regional / GO","860618/1981","Requerimento de Autorização de Pesquisa","Concessão de Lavra","02.174.951/0001-02","MINERACAO DE CALCARIO MONTIVIDIU LTDA","PIRANHAS - GO","CALCÁRIO, CALCÁRIO CALCÍTICO","Demais substâncias, Fabricação de cal","Sim"
"Gerência Regional / GO","860649/1981","Requerimento de Autorização de Pesquisa","Concessão de Lavra","35.098.488/0001-16","SERRA DAS THERMAS MINERACAO LTDA","CALDAS NOVAS - GO","ÁGUAS TERMAIS","Demais substâncias","Sim"
"Gerência Regional / GO","860688/1981","Requerimento de Autorização de Pesquisa","Concessão de Lavra","27.184.936/0001-76","CBE COMPANHIA BRASILEIRA DE EQUIPAMENTO - EM RECUPERACAO JUDICIAL","FORMOSA - GO","CALCÁRIO","Demais substâncias","Sim"
"Gerência Regional / GO","860743/1981","Requerimento de Autorização de Pesquisa","Concessão de Lavra","03.464.088/0001-90","MINERAGUA MINERACAO LTDA","CALDAS NOVAS - GO","ÁGUA MINERAL","Demais substâncias","Sim"
"Gerência Regional / GO","860841/1981","Requerimento de Autorização de Pesquisa","Concessão de Lavra","03.726.817/0001-30","JALIM MINERACAO LTDA","CALDAS NOVAS - GO","ÁGUA MINERAL","Balneoterapia","Sim"
"Gerência Regional / GO","860970/1981","Requerimento de Registro de Licença","Concessão de Lavra","02.056.554/0001-36","CALCARIO RIO VERDE MINERACAO E AGROPECUARIA LTDA","CAIAPÔNIA - GO","CALCÁRIO DOLOMÍTICO","Demais substâncias","Sim"
"Gerência Regional / GO","860982/1981","Requerimento de Autorização de Pesquisa","Concessão de Lavra","03.840.063/0001-44","MINERAÇÃO ITAPETI LTDA","CALDAS NOVAS - GO","ÁGUA MINERAL","Demais substâncias","Sim"
"Gerência Regional / GO","861100/1981","Requerimento de Autorização de Pesquisa","Concessão de Lavra","33.931.486/0014-55","MOSAIC FERTILIZANTES P&K LTDA.","CATALÃO - GO, OUVIDOR - GO","FOSFATO","Demais substâncias","Sim"
"Gerência Regional / GO","860916/1982","Requerimento de Autorização de Pesquisa","Concessão de Lavra","60.869.336/0001-17","CSN CIMENTOS BRASIL S.A.","COCALZINHO DE GOIÁS - GO","CALCÁRIO","Demais substâncias","Sim"
"Gerência Regional / GO","860237/1983","Requerimento de Registro de Licença","Concessão de Lavra","02.204.584/0001-42","Sida Sociedade Itumbiarense de Dragagem e Areia Ltda.","ARAPORÃ - MG, ITUMBIARA - GO","AREIA, AREIA DE FUNDIÇÃO","Construção civil, Demais substâncias","Sim"
"Gerência Regional / GO","860238/1983","Requerimento de Registro de Licença","Concessão de Lavra","02.204.584/0001-42","Sida Sociedade Itumbiarense de Dragagem e Areia Ltda.","ARAPORÃ - MG, ITUMBIARA - GO","AREIA","Demais substâncias","Sim"
"Gerência Regional / GO","860239/1983","Requerimento de Registro de Licença","Concessão de Lavra","02.204.584/0001-42","Sida Sociedade Itumbiarense de Dragagem e Areia Ltda.","ARAPORÃ - MG, ITUMBIARA - GO","AREIA","Demais substâncias","Sim"
"Gerência Regional / GO","860240/1983","Requerimento de Registro de Licença","Concessão de Lavra","02.204.584/0001-42","Sida Sociedade Itumbiarense de Dragagem e Areia Ltda.","ARAPORÃ - MG, ITUMBIARA - GO","AREIA","Demais substâncias","Sim"
"Gerência Regional / GO","860348/1984","Requerimento de Autorização de Pesquisa","Concessão de Lavra","01.013.416/0001-07","SERRA DAS CALDAS MINERACAO LTDA","CALDAS NOVAS - GO","ÁGUA MINERAL","Demais substâncias","Sim"
"Gerência Regional / GO","860914/1984","Requerimento de Autorização de Pesquisa","Concessão de Lavra","21.823.063/0001-18","PILAR DE GOIAS DESENVOLVIMENTO MINERAL LTDA","CRIXÁS - GO","MINÉRIO DE OURO","Industrial","Sim"
"Gerência Regional / GO","860957/1984","Requerimento de Autorização de Pesquisa","Concessão de Lavra","00.745.323/0001-04","MINERADORA SUL AMERICA LTDA","CALDAS NOVAS - GO","ÁGUA MINERAL","Balneoterapia","Sim"
"Gerência Regional / GO","860958/1984","Requerimento de Autorização de Pesquisa","Concessão de Lavra","35.098.488/0001-16","SERRA DAS THERMAS MINERACAO LTDA","CALDAS NOVAS - GO","ÁGUA MINERAL","Balneoterapia","Sim"
"Gerência Regional / GO","861703/1984","Requerimento de Autorização de Pesquisa","Concessão de Lavra","21.823.063/0001-18","PILAR DE GOIAS DESENVOLVIMENTO MINERAL LTDA","CRIXÁS - GO, GUARINOS - GO","MINÉRIO DE OURO","Industrial","Sim"
"Gerência Regional / GO","861965/1984","Requerimento de Autorização de Pesquisa","Concessão de Lavra","24.793.929/0001-83","Jalina Thermas Mineração Ltda","CALDAS NOVAS - GO","ÁGUA MINERAL","Balneoterapia","Sim"
"Gerência Regional / GO","861997/1984","Requerimento de Autorização de Pesquisa","Concessão de Lavra","04.665.430/0001-83","Baribras Mineração Ltda","MARA ROSA - GO","BARITA, MINÉRIO DE OURO, MINÉRIO DE PRATA","Demais substâncias, Industrial, Industrial","Sim"
"Gerência Regional / GO","862000/1984","Requerimento de Autorização de Pesquisa","Concessão de Lavra","42.799.486/0001-10","AMARILLO MINERACAO DO BRASIL LTDA","MARA ROSA - GO","OURO","Demais substâncias","Sim"
"Gerência Regional / GO","862028/1984","Requerimento de Autorização de Pesquisa","Concessão de Lavra","07.410.766/0001-93","CD MINERADORA LTDA","CACHOEIRA DOURADA - GO","ÁGUAS TERMAIS","Demais substâncias","Sim"
"Gerência Regional / GO","862067/1984","Requerimento de Autorização de Pesquisa","Concessão de Lavra","19.391.749/0001-35","GVSA MINERADORA LTDA","CALDAS NOVAS - GO","ÁGUA MINERAL","Demais substâncias","Sim"
"Gerência Regional / GO","862223/1984","Requerimento de Autorização de Pesquisa","Concessão de Lavra","37.847.845/0001-27","TAIYO THERMAS HOTEL LTDA","CALDAS NOVAS - GO","ÁGUA MINERAL","Balneoterapia","Sim"
"Gerência Regional / GO","860002/1985","Requerimento de Autorização de Pesquisa","Concessão de Lavra","09.018.435/0001-38","POLITEC MINERACAO LTDA","CALDAS NOVAS - GO","ÁGUA MINERAL","Demais substâncias","Sim"
"Gerência Regional / GO","860045/1985","Requerimento de Autorização de Pesquisa","Concessão de Lavra","03.299.740/0001-69","SOMA EMPRESA DE MINERACAO LTDA","CALDAS NOVAS - GO","ÁGUA MINERAL","Demais substâncias","Sim"
"Gerência Regional / GO","860664/1985","Requerimento de Autorização de Pesquisa","Concessão de Lavra","***.063.471-**","JIBRAN EL HADJ","COCALZINHO DE GOIÁS - GO","OURO, QUARTZO","Demais substâncias, Demais substâncias","Sim"
"Gerência Regional / GO","860665/1985","Requerimento de Autorização de Pesquisa","Concessão de Lavra","***.063.471-**","JIBRAN EL HADJ","COCALZINHO DE GOIÁS - GO, CORUMBÁ DE GOIÁS - GO","OURO, QUARTZO","Demais substâncias, Demais substâncias","Sim"
"Gerência Regional / GO","861203/1985","Requerimento de Autorização de Pesquisa","Concessão de Lavra","19.391.749/0001-35","GVSA MINERADORA LTDA","CALDAS NOVAS - GO","ÁGUA MINERAL","Demais substâncias","Sim"
"Gerência Regional / GO","861205/1985","Requerimento de Autorização de Pesquisa","Concessão de Lavra","37.665.643/0001-64","SONHO DOURADO MINERACAO LTDA","CALDAS NOVAS - GO","ÁGUA MINERAL","Balneoterapia","Sim"
"Gerência Regional / GO","861351/1985","Requerimento de Autorização de Pesquisa","Concessão de Lavra","73.935.660/0001-38","Kananxuê Thermas Mineração Ltda.","CALDAS NOVAS - GO","ÁGUAS TERMAIS","Demais substâncias","Sim"
"Gerência Regional / GO","861497/1985","Requerimento de Autorização de Pesquisa","Concessão de Lavra","19.391.749/0001-35","GVSA MINERADORA LTDA","CALDAS NOVAS - GO","ÁGUA MINERAL","Balneoterapia","Sim"
"Gerência Regional / GO","861545/1985","Requerimento de Autorização de Pesquisa","Concessão de Lavra","24.793.929/0001-83","Jalina Thermas Mineração Ltda","CALDAS NOVAS - GO","ÁGUA MINERAL","Balneoterapia","Sim"
"Gerência Regional / GO","861681/1985","Requerimento de Autorização de Pesquisa","Concessão de Lavra","03.764.875/0001-58","AURIFERA NOVA ROMA LTDA","SÃO JOÃO DA PARAÚNA - GO","OURO","Demais substâncias","Sim"
"Gerência Regional / GO","861819/1985","Requerimento de Autorização de Pesquisa","Concessão de Lavra","18.751.354/0001-33","CERAMICA SAFFRAN LTDA EM RECUPERACAO JUDICIAL","CATALÃO - GO","ARGILA REFRATÁRIA","Cerâmica vermelha","Sim"
"Gerência Regional / GO","861822/1985","Requerimento de Autorização de Pesquisa","Concessão de Lavra","18.751.354/0001-33","CERAMICA SAFFRAN LTDA EM RECUPERACAO JUDICIAL","CATALÃO - GO","HIDRARGILITA","Demais substâncias","Sim"
"Gerência Regional / GO","861823/1985","Requerimento de Autorização de Pesquisa","Concessão de Lavra","18.751.354/0001-33","CERAMICA SAFFRAN LTDA EM RECUPERACAO JUDICIAL","CATALÃO - GO","HIDRARGILITA","Demais substâncias","Sim"
"Gerência Regional / GO","860065/1986","Requerimento de Autorização de Pesquisa","Concessão de Lavra","07.617.060/0001-05","ERSPINDOLA MINERACAO LTDA","CALDAS NOVAS - GO","ÁGUA MINERAL, ÁGUAS TERMAIS","Demais substâncias, Demais substâncias","Sim"
"Gerência Regional / GO","860096/1986","Requerimento de Autorização de Pesquisa","Concessão de Lavra","14.304.566/0001-11","PROSPECTOR MINERALS LTDA","FAINA - GO","MINÉRIO DE OURO","Industrial","Sim"
"Gerência Regional / GO","860182/1986","Requerimento de Autorização de Pesquisa","Concessão de Lavra","26.655.175/0001-20","PEMAR PEREIRA MARTINS MINERACAO LTDA","CALDAS NOVAS - GO","ÁGUAS TERMAIS","Demais substâncias","Sim"
"Gerência Regional / GO","860183/1986","Requerimento de Autorização de Pesquisa","Concessão de Lavra","02.797.371/0001-71","MINERADORA MARA LTDA","CALDAS NOVAS - GO","ÁGUA MINERAL","Demais substâncias","Sim"
"Gerência Regional / GO","860219/1986","Requerimento de Autorização de Pesquisa","Concessão de Lavra","37.847.845/0001-27","TAIYO THERMAS HOTEL LTDA","CALDAS NOVAS - GO","ÁGUA MINERAL","Demais substâncias","Sim"
"Gerência Regional / GO","860409/1986","Requerimento de Autorização de Pesquisa","Concessão de Lavra","01.860.177/0001-20","MINERACAO SANDE LTDA","CALDAS NOVAS - GO","ÁGUA MINERAL","Demais substâncias","Sim"
"Gerência Regional / GO","860426/1986","Requerimento de Autorização de Pesquisa","Concessão de Lavra","00.888.735/0001-01","MINERADORA CONCHAL LTDA","CALDAS NOVAS - GO","ÁGUA MINERAL","Demais substâncias","Sim"
"Gerência Regional / GO","860465/1986","Requerimento de Autorização de Pesquisa","Concessão de Lavra","01.668.103/0001-97","OURO BRANCO MINERACAO LTDA","CALDAS NOVAS - GO","ÁGUA MINERAL","Demais substâncias","Sim"
"Gerência Regional / GO","860513/1986","Requerimento de Autorização de Pesquisa","Concessão de Lavra","11.022.569/0001-74","MINERGO-MINERACAO GOIANA LTDA","CALDAS NOVAS - GO","ÁGUA MINERAL","Demais substâncias","Sim"
"Gerência Regional / GO","860516/1986","Requerimento de Autorização de Pesquisa","Concessão de Lavra","01.956.912/0001-02","HIDROMIGO MINERACAO LTDA","CALDAS NOVAS - GO","ÁGUA MINERAL","Demais substâncias","Sim"
"Gerência Regional / GO","860517/1986","Requerimento de Autorização de Pesquisa","Concessão de Lavra","07.617.060/0001-05","ERSPINDOLA MINERACAO LTDA","CALDAS NOVAS - GO","ÁGUAS TERMAIS","Demais substâncias","Sim"
"Gerência Regional / GO","860522/1986","Requerimento de Autorização de Pesquisa","Concessão de Lavra","35.098.488/0001-16","SERRA DAS THERMAS MINERACAO LTDA","CALDAS NOVAS - GO","ÁGUA MINERAL","Demais substâncias","Sim"
"Gerência Regional / GO","860561/1986","Requerimento de Autorização de Pesquisa","Concessão de Lavra","01.628.278/0001-70","TRIÂNGULO MINERAÇÃO LTDA","CALDAS NOVAS - GO","ÁGUA MINERAL","Demais substâncias","Sim"
"Gerência Regional / GO","860563/1986","Requerimento de Autorização de Pesquisa","Concessão de Lavra","02.142.962/0001-00","PENA MINERACAO LTDA","CALDAS NOVAS - GO","ÁGUA MINERAL","Demais substâncias","Sim"
"Gerência Regional / GO","860577/1986","Requerimento de Autorização de Pesquisa","Concessão de Lavra","03.299.740/0001-69","SOMA EMPRESA DE MINERACAO LTDA","CALDAS NOVAS - GO","ÁGUA MINERAL","Demais substâncias","Sim"
"Gerência Regional / GO","860598/1986","Requerimento de Registro de Licença","Concessão de Lavra","03.279.056/0001-15","CABECAL - CALCARIO DE CABECEIRAS MINERACAO LTDA","CABECEIRAS - GO","CALCÁRIO DOLOMÍTICO","Corretivo de solo","Sim"
"Gerência Regional / GO","860653/1986","Requerimento de Registro de Licença","Concessão de Lavra","02.204.584/0001-42","Sida Sociedade Itumbiarense de Dragagem e Areia Ltda.","CENTRALINA - MG, ITUMBIARA - GO","AREIA","Demais substâncias","Sim"
"Gerência Regional / GO","860654/1986","Requerimento de Registro de Licença","Concessão de Lavra","02.204.584/0001-42","Sida Sociedade Itumbiarense de Dragagem e Areia Ltda.","CENTRALINA - MG, ITUMBIARA - GO","AREIA","Demais substâncias","Sim"
"Gerência Regional / GO","860655/1986","Requerimento de Registro de Licença","Concessão de Lavra","02.204.584/0001-42","Sida Sociedade Itumbiarense de Dragagem e Areia Ltda.","CENTRALINA - MG, ITUMBIARA - GO","AREIA","Demais substâncias","Sim"
"Gerência Regional / GO","860656/1986","Requerimento de Registro de Licença","Concessão de Lavra","02.204.584/0001-42","Sida Sociedade Itumbiarense de Dragagem e Areia Ltda.","CENTRALINA - MG, ITUMBIARA - GO","AREIA","Demais substâncias","Sim"
"Gerência Regional / GO","860657/1986","Requerimento de Registro de Licença","Concessão de Lavra","02.204.584/0001-42","Sida Sociedade Itumbiarense de Dragagem e Areia Ltda.","CENTRALINA - MG, ITUMBIARA - GO","AREIA","Demais substâncias","Sim"
"Gerência Regional / GO","860659/1986","Requerimento de Registro de Licença","Concessão de Lavra","02.204.584/0001-42","Sida Sociedade Itumbiarense de Dragagem e Areia Ltda.","CANÁPOLIS - MG, ITUMBIARA - GO","AREIA","Demais substâncias","Sim"
"Gerência Regional / GO","860660/1986","Requerimento de Registro de Licença","Concessão de Lavra","02.204.584/0001-42","Sida Sociedade Itumbiarense de Dragagem e Areia Ltda.","CANÁPOLIS - MG, ITUMBIARA - GO","AREIA","Demais substâncias","Sim"
"Gerência Regional / GO","860661/1986","Requerimento de Registro de Licença","Concessão de Lavra","02.204.584/0001-42","Sida Sociedade Itumbiarense de Dragagem e Areia Ltda.","CANÁPOLIS - MG, ITUMBIARA - GO","AREIA","Demais substâncias","Sim"
"Gerência Regional / GO","860662/1986","Requerimento de Registro de Licença","Concessão de Lavra","02.204.584/0001-42","Sida Sociedade Itumbiarense de Dragagem e Areia Ltda.","CANÁPOLIS - MG, ITUMBIARA - GO","AREIA","Demais substâncias","Sim"
"Gerência Regional / GO","860664/1986","Requerimento de Registro de Licença","Concessão de Lavra","02.204.584/0001-42","Sida Sociedade Itumbiarense de Dragagem e Areia Ltda.","CANÁPOLIS - MG, ITUMBIARA - GO","AREIA","Demais substâncias","Sim"
"Gerência Regional / GO","860665/1986","Requerimento de Registro de Licença","Concessão de Lavra","02.204.584/0001-42","Sida Sociedade Itumbiarense de Dragagem e Areia Ltda.","ARAPORÃ - MG, ITUMBIARA - GO","AREIA","Demais substâncias","Sim"
"Gerência Regional / GO","860667/1986","Requerimento de Autorização de Pesquisa","Concessão de Lavra","07.657.644/0001-04","MINERADORA PAMWILL LTDA","CALDAS NOVAS - GO","ÁGUA MINERAL","Demais substâncias","Sim"
"Gerência Regional / GO","860668/1986","Requerimento de Autorização de Pesquisa","Concessão de Lavra","01.637.895/0001-32","VOTORANTIM CIMENTOS S.A.","INDIARA - GO","CALCÁRIO","Industrial","Sim"
"Gerência Regional / GO","860669/1986","Requerimento de Autorização de Pesquisa","Concessão de Lavra","01.637.895/0001-32","VOTORANTIM CIMENTOS S.A.","EDÉIA - GO, INDIARA - GO","CALCÁRIO, MÁRMORE","Corretivo de solo, Fabricação de cimento","Sim"
"Gerência Regional / GO","860670/1986","Requerimento de Autorização de Pesquisa","Concessão de Lavra","01.637.895/0001-32","VOTORANTIM CIMENTOS S.A.","EDEALINA - GO, EDÉIA - GO, INDIARA - GO","CALCÁRIO, MÁRMORE","Demais substâncias, Fabricação de cimento","Sim"
"Gerência Regional / GO","860920/1986","Requerimento de Registro de Licença","Concessão de Lavra","02.204.584/0001-42","Sida Sociedade Itumbiarense de Dragagem e Areia Ltda.","ARAPORÃ - MG, ITUMBIARA - GO","AREIA","Demais substâncias","Sim"
"Gerência Regional / GO","860921/1986","Requerimento de Registro de Licença","Concessão de Lavra","02.204.584/0001-42","Sida Sociedade Itumbiarense de Dragagem e Areia Ltda.","ARAPORÃ - MG, ITUMBIARA - GO","AREIA","Demais substâncias","Sim"
"Gerência Regional / GO","860922/1986","Requerimento de Registro de Licença","Concessão de Lavra","02.204.584/0001-42","Sida Sociedade Itumbiarense de Dragagem e Areia Ltda.","ARAPORÃ - MG, ITUMBIARA - GO","AREIA","Demais substâncias","Sim"
"Gerência Regional / GO","860923/1986","Requerimento de Registro de Licença","Concessão de Lavra","02.204.584/0001-42","Sida Sociedade Itumbiarense de Dragagem e Areia Ltda.","ARAPORÃ - MG, ITUMBIARA - GO","AREIA","Demais substâncias","Sim"
"Gerência Regional / GO","860924/1986","Requerimento de Registro de Licença","Concessão de Lavra","02.204.584/0001-42","Sida Sociedade Itumbiarense de Dragagem e Areia Ltda.","ARAPORÃ - MG, ITUMBIARA - GO","AREIA","Demais substâncias","Sim"
"Gerência Regional / GO","860925/1986","Requerimento de Registro de Licença","Concessão de Lavra","02.204.584/0001-42","Sida Sociedade Itumbiarense de Dragagem e Areia Ltda.","ARAPORÃ - MG, ITUMBIARA - GO","AREIA","Demais substâncias","Sim"
"Gerência Regional / GO","860930/1986","Requerimento de Autorização de Pesquisa","Concessão de Lavra","06.230.789/0001-53","THERMAS SESI EMPREENDIMENTOS S/A","CALDAS NOVAS - GO","ÁGUA MINERAL","Demais substâncias","Sim"
"Gerência Regional / GO","861075/1986","Requerimento de Autorização de Pesquisa","Concessão de Lavra","03.299.740/0001-69","SOMA EMPRESA DE MINERACAO LTDA","CALDAS NOVAS - GO","ÁGUA MINERAL","Demais substâncias","Sim"
"Gerência Regional / GO","861199/1986","Requerimento de Autorização de Pesquisa","Concessão de Lavra","04.746.213/0001-18","MINERADORA THERMAS LTDA","CALDAS NOVAS - GO","ÁGUA MINERAL, ÁGUAS TERMAIS","Balneoterapia, Demais substâncias","Sim"
"Gerência Regional / GO","861224/1986","Requerimento de Autorização de Pesquisa","Concessão de Lavra","06.730.693/0001-54","MINERACAO BELOCAL LTDA","PLANALTINA - GO","CALCÁRIO, DOLOMITO","Industrial, Industrial","Sim"
"Gerência Regional / GO","861242/1986","Requerimento de Autorização de Pesquisa","Concessão de Lavra","19.677.970/0001-54","MINERAÇÃO PERDIZES LTDA","CATALÃO - GO","ARGILA REFRATÁRIA","Industrial","Sim"
"Gerência Regional / GO","861243/1986","Requerimento de Autorização de Pesquisa","Concessão de Lavra","19.677.970/0001-54","MINERAÇÃO PERDIZES LTDA","CATALÃO - GO","ARGILA","Industrial","Sim"
"Gerência Regional / GO","861252/1986","Requerimento de Autorização de Pesquisa","Concessão de Lavra","07.552.877/0001-34","AGUA DA VIDA MINERACAO LTDA","CALDAS NOVAS - GO","ÁGUA MINERAL","Demais substâncias","Sim"
"Gerência Regional / GO","860160/1987","Requerimento de Autorização de Pesquisa","Concessão de Lavra","02.174.951/0001-02","MINERACAO DE CALCARIO MONTIVIDIU LTDA","INDIARA - GO","MÁRMORE","Fabricação de cal","Sim"
"Gerência Regional / GO","860161/1987","Requerimento de Autorização de Pesquisa","Concessão de Lavra","06.117.381/0001-70","MINERACAO AGUA QUENTE LTDA","CALDAS NOVAS - GO","ÁGUA MINERAL","Demais substâncias","Sim"
"Gerência Regional / GO","860201/1987","Requerimento de Autorização de Pesquisa","Concessão de Lavra","06.134.646/0001-48","MINERAÇÃO RIO THERMAL LTDA","CALDAS NOVAS - GO","ÁGUA MINERAL, ÁGUAS TERMAIS","Balneoterapia, Demais substâncias","Sim"
"Gerência Regional / GO","860224/1987","Requerimento de Autorização de Pesquisa","Concessão de Lavra","01.860.177/0001-20","MINERACAO SANDE LTDA","CALDAS NOVAS - GO","ÁGUA MINERAL","Demais substâncias","Sim"
"Gerência Regional / GO","860492/1987","Requerimento de Registro de Licença","Concessão de Lavra","02.174.951/0001-02","MINERACAO DE CALCARIO MONTIVIDIU LTDA","INDIARA - GO","CALCÁRIO, CALCÁRIO DOLOMÍTICO","Corretivo de solo, Demais substâncias","Sim"
"Gerência Regional / GO","860493/1987","Requerimento de Registro de Licença","Concessão de Lavra","02.174.951/0001-02","MINERACAO DE CALCARIO MONTIVIDIU LTDA","INDIARA - GO","CALCÁRIO, CALCÁRIO DOLOMÍTICO","Corretivo de solo, Demais substâncias","Sim"
"Gerência Regional / GO","861082/1987","Requerimento de Autorização de Pesquisa","Concessão de Lavra","03.117.381/0001-81","AFFEGO LTDA","CALDAS NOVAS - GO","ÁGUA MINERAL","Demais substâncias","Sim"
"Gerência Regional / GO","861089/1987","Requerimento de Autorização de Pesquisa","Concessão de Lavra","35.098.488/0001-16","SERRA DAS THERMAS MINERACAO LTDA","CALDAS NOVAS - GO","ÁGUA MINERAL","Demais substâncias","Sim"
"Gerência Regional / GO","861090/1987","Requerimento de Autorização de Pesquisa","Concessão de Lavra","00.822.452/0001-59","PEDREIRA GOIAS LTDA","ABADIÂNIA - GO","XISTO, XISTO","Brita, Demais substâncias","Sim"
"Gerência Regional / GO","860337/1988","Requerimento de Autorização de Pesquisa","Concessão de Lavra","01.535.210/0001-47","METAIS DE GOIAS SA METAGO","AVELINÓPOLIS - GO","MINÉRIO DE TITÂNIO","Demais substâncias","Sim"
"Gerência Regional / GO","860339/1988","Requerimento de Autorização de Pesquisa","Concessão de Lavra","01.535.210/0001-47","METAIS DE GOIAS SA METAGO","AVELINÓPOLIS - GO, SANTA BÁRBARA DE GOIÁS - GO","ILMENO MAGNETITA, MINÉRIO DE TITÂNIO","Industrial, Industrial","Sim"
"Gerência Regional / GO","860465/1988","Requerimento de Autorização de Pesquisa","Concessão de Lavra","03.299.740/0001-69","SOMA EMPRESA DE MINERACAO LTDA","CALDAS NOVAS - GO","ÁGUA MINERAL","Demais substâncias","Sim"
"Gerência Regional / GO","860551/1988","Requerimento de Autorização de Pesquisa","Concessão de Lavra","02.361.598/0001-70","W B MINERADORA LTDA","CALDAS NOVAS - GO","ÁGUA MINERAL","Demais substâncias","Sim"
"Gerência Regional / GO","860561/1988","Requerimento de Autorização de Pesquisa","Concessão de Lavra","00.707.400/0001-31","Thermas de Goiás Mineradora Ltda.","CALDAS NOVAS - GO","ÁGUA MINERAL","Demais substâncias","Sim"
"Gerência Regional / GO","860702/1988","Requerimento de Autorização de Pesquisa","Concessão de Lavra","06.117.379/0001-09","MINERACAO THERMAS PARANOA LTDA","CALDAS NOVAS - GO","ÁGUA MINERAL","Demais substâncias","Sim"
"Gerência Regional / GO","861104/1988","Requerimento de Autorização de Pesquisa","Concessão de Lavra","03.299.740/0001-69","SOMA EMPRESA DE MINERACAO LTDA","CALDAS NOVAS - GO","ÁGUA MINERAL","Demais substâncias","Sim"
"Gerência Regional / GO","861105/1988","Requerimento de Autorização de Pesquisa","Concessão de Lavra","03.299.740/0001-69","SOMA EMPRESA DE MINERACAO LTDA","CALDAS NOVAS - GO","ÁGUA MINERAL","Demais substâncias","Sim"
"Gerência Regional / GO","860082/1989","Requerimento de Autorização de Pesquisa","Concessão de Lavra","33.554.452/0001-74","Titanio Goiás Mineração Ind. e Com. Ltda","AVELINÓPOLIS - GO, NAZÁRIO - GO, SANTA BÁRBARA DE GOIÁS - GO","MINÉRIO DE TITÂNIO","Demais substâncias","Sim"
"Gerência Regional / GO","860083/1989","Requerimento de Autorização de Pesquisa","Concessão de Lavra","33.554.452/0001-74","Titanio Goiás Mineração Ind. e Com. Ltda","SANTA BÁRBARA DE GOIÁS - GO","MINÉRIO DE FERRO, TITÂNIO","Demais substâncias, Demais substâncias","Sim"
"Gerência Regional / GO","860086/1989","Requerimento de Autorização de Pesquisa","Concessão de Lavra","05.979.543/0001-16","PEDREIRA ANAPOLIS LTDA","ANÁPOLIS - GO","GNAISSE","Demais substâncias","Sim"
"Gerência Regional / GO","860126/1989","Requerimento de Autorização de Pesquisa","Concessão de Lavra","19.635.344/0001-03","LUCIO CAVALCANTI PARREIRA LTDA","GOIÁS - GO","ÁGUA MINERAL","Demais substâncias","Sim"
"Gerência Regional / GO","860159/1989","Requerimento de Autorização de Pesquisa","Concessão de Lavra","03.237.715/0001-50","MINERADORA AFRANIO ROBERTO DE SOUZA LTDA","APARECIDA DE GOIÂNIA - GO, GOIÂNIA - GO","XISTO, XISTO","Brita, Demais substâncias","Sim"
"Gerência Regional / GO","860286/1989","Requerimento de Autorização de Pesquisa","Concessão de Lavra","02.785.798/0001-50","ITACUA INDUSTRIA E COMERCIO DE MINERIOS LTDA","MOSSÂMEDES - GO","CALCÁRIO, CALCÁRIO","Brita, Demais substâncias","Sim"
"Gerência Regional / GO","860429/1989","Requerimento de Autorização de Pesquisa","Concessão de Lavra","02.764.530/0001-31","CTS EXTRAÇÃO DE MINÉRIOS LTDA","CALDAS NOVAS - GO","ÁGUA MINERAL","Demais substâncias","Sim"
"Gerência Regional / GO","860495/1989","Requerimento de Autorização de Pesquisa","Concessão de Lavra","32.440.901/0001-90","CAJUGRAM GRANITOS E MARMORES DO BRASIL LTDA","FAZENDA NOVA - GO, JUSSARA - GO","GRANITO","Demais substâncias","Sim"
"Gerência Regional / GO","860505/1989","Requerimento de Autorização de Pesquisa","Concessão de Lavra","00.453.771/0001-34","GRAN VERMELHO GOIAS IMP EXP EXTRACAO E COMERCIO DE PEDRAS LTDA","JAUPACI - GO","GRANITO","Demais substâncias","Sim"
"Gerência Regional / GO","861028/1989","Requerimento de Autorização de Pesquisa","Concessão de Lavra","01.285.170/0001-22","COMPANHIA DE DESENVOLVIMENTO ECONOMICO DE GOIAS-CODEGO","FAZENDA NOVA - GO","MINÉRIO DE OURO","Demais substâncias","Sim"
"Gerência Regional / GO","861081/1989","Requerimento de Registro de Licença","Concessão de Lavra","02.110.260/0001-45","JANDAIA CALCARIO AGRICOLA LTDA","JANDAIA - GO","CALCÁRIO, CALCÁRIO DOLOMÍTICO, CALCÁRIO DOLOMÍTICO","Corretivo de solo, Corretivo de solo, Demais substâncias","Sim"
"Gerência Regional / GO","861082/1989","Requerimento de Registro de Licença","Concessão de Lavra","02.110.260/0001-45","JANDAIA CALCARIO AGRICOLA LTDA","JANDAIA - GO","CALCÁRIO DOLOMÍTICO","Demais substâncias","Sim"
"Gerência Regional / GO","861116/1989","Requerimento de Autorização de Pesquisa","Concessão de Lavra","60.869.336/0001-17","CSN CIMENTOS BRASIL S.A.","COCALZINHO DE GOIÁS - GO","ARGILA, LATERITA","Fabricação de cimento, Fabricação de cimento","Sim"
"Gerência Regional / GO","861133/1989","Requerimento de Autorização de Pesquisa","Concessão de Lavra","30.056.295/0001-89","CAMPING CLUBE TURISMO AGENCIA DE VIAGENS LTDA","CALDAS NOVAS - GO","ÁGUA MINERAL","Demais substâncias","Sim"
"Gerência Regional / GO","860072/1990","Requerimento de Autorização de Pesquisa","Concessão de Lavra","37.883.097/0001-38","CALCARIO OURO BRANCO LTDA","INDIARA - GO","CALCÁRIO","Industrial","Sim"
"Gerência Regional / GO","860658/1990","Requerimento de Registro de Licença","Concessão de Lavra","33.624.438/0001-08","SETA MINERACAO LTDA","SANTA VITÓRIA - MG, SÃO SIMÃO - GO","AREIA","Demais substâncias","Sim"
"Gerência Regional / GO","860659/1990","Requerimento de Registro de Licença","Concessão de Lavra","33.624.438/0001-08","SETA MINERACAO LTDA","SANTA VITÓRIA - MG, SÃO SIMÃO - GO","AREIA","Demais substâncias","Sim"
"Gerência Regional / GO","860669/1990","Requerimento de Registro de Licença","Concessão de Lavra","02.174.951/0001-02","MINERACAO DE CALCARIO MONTIVIDIU LTDA","INDIARA - GO","CALCÁRIO, CALCÁRIO DOLOMÍTICO","Corretivo de solo, Demais substâncias","Sim"
"Gerência Regional / GO","860670/1990","Requerimento de Registro de Licença","Concessão de Lavra","02.174.951/0001-02","MINERACAO DE CALCARIO MONTIVIDIU LTDA","INDIARA - GO","CALCÁRIO DOLOMÍTICO","Demais substâncias","Sim"
"Gerência Regional / GO","860702/1990","Requerimento de Autorização de Pesquisa","Concessão de Lavra","06.234.638/0001-73","MINERADORA PROMISSAO LTDA.","CALDAS NOVAS - GO","ÁGUA MINERAL","Demais substâncias","Sim"
"Gerência Regional / GO","860730/1990","Requerimento de Autorização de Pesquisa","Concessão de Lavra","04.380.570/0001-05","Marlin Blue Stone Ltda.","PIRANHAS - GO","GRANITO","Demais substâncias","Sim"
"Gerência Regional / GO","860731/1990","Requerimento de Autorização de Pesquisa","Concessão de Lavra","04.380.570/0001-05","Marlin Blue Stone Ltda.","PIRANHAS - GO","GRANITO","Demais substâncias","Sim"
"Gerência Regional / GO","860116/1991","Requerimento de Autorização de Pesquisa","Concessão de Lavra","03.163.210/0001-99","SARKIS MINERACAO LTDA","PADRE BERNARDO - GO","CALCÁRIO INDUSTRIAL","Demais substâncias","Sim"
"Gerência Regional / GO","860155/1991","Requerimento de Autorização de Pesquisa","Concessão de Lavra","09.642.280/0001-06","PEDREIRA HVB LTDA","BELA VISTA DE GOIÁS - GO","MICAXISTO","Demais substâncias","Sim"
"Gerência Regional / GO","860173/1991","Requerimento de Autorização de Pesquisa","Concessão de Lavra","37.883.097/0001-38","CALCARIO OURO BRANCO LTDA","INDIARA - GO","CALCÁRIO","Demais substâncias","Sim"
"Gerência Regional / GO","861198/1991","Requerimento de Autorização de Pesquisa","Concessão de Lavra","32.440.901/0001-90","CAJUGRAM GRANITOS E MARMORES DO BRASIL LTDA","FAZENDA NOVA - GO","GRANITO","Demais substâncias","Sim"
"Gerência Regional / GO","861245/1991","Requerimento de Registro de Licença","Concessão de Lavra","02.204.584/0001-42","Sida Sociedade Itumbiarense de Dragagem e Areia Ltda.","ITUMBIARA - GO","AREIA","Demais substâncias","Sim"
"Gerência Regional / GO","861249/1992","Requerimento de Autorização de Pesquisa","Concessão de Lavra","80.084.809/0001-88","COLORMINAS COLORIFICIO E MINERACAO LTDA","SANTO ANTÔNIO DO DESCOBERTO - GO","QUARTZITO","Demais substâncias","Sim"
"Gerência Regional / GO","861344/1992","Requerimento de Autorização de Pesquisa","Concessão de Lavra","36.368.918/0001-35","IMEX BRASIL COMÉRCIO EXTERIOR LTDA","PIRANHAS - GO","GRANITO","Demais substâncias","Sim"
"Gerência Regional / GO","861385/1992","Requerimento de Autorização de Pesquisa","Concessão de Lavra","32.440.901/0001-90","CAJUGRAM GRANITOS E MARMORES DO BRASIL LTDA","FAZENDA NOVA - GO, JUSSARA - GO","GRANITO","Demais substâncias","Sim"
"Gerência Regional / GO","861535/1992","Requerimento de Autorização de Pesquisa","Concessão de Lavra","01.283.145/0001-00","CMMS - Cia de Mineração Morada do Sol LTDA","JARAGUÁ - GO","GRANITO, SIENITO","Brita, Demais substâncias","Sim"
"Gerência Regional / GO","860039/1993","Requerimento de Registro de Licença","Concessão de Lavra","02.204.584/0001-42","Sida Sociedade Itumbiarense de Dragagem e Areia Ltda.","ITUMBIARA - GO","AREIA","Demais substâncias","Sim"
"Gerência Regional / GO","860054/1993","Requerimento de Autorização de Pesquisa","Concessão de Lavra","06.132.519/0001-00","MINERACAO REZENDE LTDA.","CALDAS NOVAS - GO","ÁGUA MINERAL","Demais substâncias","Sim"
"Gerência Regional / GO","860238/1993","Requerimento de Autorização de Pesquisa","Concessão de Lavra","06.102.950/0001-03","MINERACAO THERMAS CORUMBA LTDA","CALDAS NOVAS - GO","ÁGUA MINERAL","Demais substâncias","Sim"
"Gerência Regional / GO","860239/1993","Requerimento de Autorização de Pesquisa","Concessão de Lavra","02.217.005/0001-04","D'VIDA AGUAS MINERAIS LTDA","GOIANIRA - GO","ÁGUA POTÁVEL DE MESA","Engarrafamento","Sim"
"Gerência Regional / GO","860300/1993","Requerimento de Autorização de Pesquisa","Concessão de Lavra","80.084.809/0001-88","COLORMINAS COLORIFICIO E MINERACAO LTDA","SILVÂNIA - GO","ARGILA","Demais substâncias","Sim"
"Gerência Regional / GO","860302/1993","Requerimento de Autorização de Pesquisa","Concessão de Lavra","02.718.764/0001-42","MINERAÇÃO ARARAS LTDA","PIRENÓPOLIS - GO","QUARTZITO","Demais substâncias","Sim"
"Gerência Regional / GO","860303/1993","Requerimento de Autorização de Pesquisa","Concessão de Lavra","02.718.764/0001-42","MINERAÇÃO ARARAS LTDA","PIRENÓPOLIS - GO","QUARTZITO","Demais substâncias","Sim"
"Gerência Regional / GO","860393/1993","Requerimento de Autorização de Pesquisa","Concessão de Lavra","01.958.717/0001-03","AGUA NINA INDUSTRIA DE BEBIDAS LTDA.","ANÁPOLIS - GO","ÁGUA POTÁVEL DE MESA","Industrial","Sim"
"Gerência Regional / GO","860945/1993","Requerimento de Registro de Licença","Concessão de Lavra","03.417.227/0001-25","TARCAL TRANSPORTES E MATERIAL DE CONSTRUCAO LTDA","JARAGUÁ - GO","AREIA, CASCALHO","Demais substâncias, Demais substâncias","Sim"
"Gerência Regional / GO","860946/1993","Requerimento de Registro de Licença","Concessão de Lavra","03.417.227/0001-25","TARCAL TRANSPORTES E MATERIAL DE CONSTRUCAO LTDA","JARAGUÁ - GO","AREIA, CASCALHO","Demais substâncias, Demais substâncias","Sim"
"Gerência Regional / GO","860961/1993","Requerimento de Registro de Licença","Concessão de Lavra","07.073.218/0001-15","CALCARIO DE PAULA LTDA","CALDAS NOVAS - GO","CALCÁRIO","Demais substâncias","Sim"
"Gerência Regional / GO","861154/1993","Requerimento de Autorização de Pesquisa","Concessão de Lavra","00.894.045/0001-57","TRITON ENERGIA LTDA","ARENÓPOLIS - GO, IPORÁ - GO","AREIA, DIAMANTE INDUSTRIAL, MINÉRIO DE OURO","Construção civil, Industrial, Industrial","Sim"
"Gerência Regional / GO","861780/1993","Requerimento de Autorização de Pesquisa","Concessão de Lavra","97.837.181/0001-47","DEXCO S.A","NERÓPOLIS - GO","ARGILA","Demais substâncias","Sim"
"Gerência Regional / GO","861870/1993","Requerimento de Autorização de Pesquisa","Concessão de Lavra","00.258.657/0001-53","EMPRESA PUBLICA MUNICIPAL EXPLORACAO MINERAL","CALDAS NOVAS - GO","MICAXISTO","Demais substâncias","Sim"
"Gerência Regional / GO","860007/1994","Requerimento de Autorização de Pesquisa","Concessão de Lavra","37.883.097/0001-38","CALCARIO OURO BRANCO LTDA","CEZARINA - GO, INDIARA - GO","CALCÁRIO","Demais substâncias","Sim"
"Gerência Regional / GO","860311/1994","Requerimento de Lavra Garimpeira","Concessão de Lavra","08.529.201/0001-92","MB CAPITAL TRANSPORTE DE AREIA LTDA ME","HIDROLINA - GO, SANTA RITA DO NOVO DESTINO - GO","AREIA","Demais substâncias","Sim"
"Gerência Regional / GO","860312/1994","Requerimento de Lavra Garimpeira","Concessão de Lavra","08.529.201/0001-92","MB CAPITAL TRANSPORTE DE AREIA LTDA ME","HIDROLINA - GO, SANTA RITA DO NOVO DESTINO - GO","AREIA","Demais substâncias","Sim"
"Gerência Regional / GO","860313/1994","Requerimento de Lavra Garimpeira","Concessão de Lavra","08.529.201/0001-92","MB CAPITAL TRANSPORTE DE AREIA LTDA ME","HIDROLINA - GO, SANTA RITA DO NOVO DESTINO - GO","AREIA","Demais substâncias","Sim"
"Gerência Regional / GO","860314/1994","Requerimento de Lavra Garimpeira","Concessão de Lavra","08.529.201/0001-92","MB CAPITAL TRANSPORTE DE AREIA LTDA ME","HIDROLINA - GO, SANTA RITA DO NOVO DESTINO - GO","AREIA","Demais substâncias","Sim"
"Gerência Regional / GO","860315/1994","Requerimento de Lavra Garimpeira","Concessão de Lavra","27.002.490/0001-11","DRAGA PARAISO EIRELI","HIDROLINA - GO, SANTA RITA DO NOVO DESTINO - GO, URUAÇU - GO","AREIA, MINÉRIO DE OURO","Construção civil, Industrial","Sim"
"Gerência Regional / GO","860316/1994","Requerimento de Lavra Garimpeira","Concessão de Lavra","02.055.243/0001-52","Evandro Quintino de Andrade","SANTA RITA DO NOVO DESTINO - GO, URUAÇU - GO","AREIA, CASCALHO","Demais substâncias, Demais substâncias","Sim"
"Gerência Regional / GO","860317/1994","Requerimento de Lavra Garimpeira","Concessão de Lavra","02.055.243/0001-52","Evandro Quintino de Andrade","SANTA RITA DO NOVO DESTINO - GO, URUAÇU - GO","AREIA, CASCALHO","Demais substâncias, Demais substâncias","Sim"
"Gerência Regional / GO","860318/1994","Requerimento de Lavra Garimpeira","Concessão de Lavra","17.125.322/0001-60","EMBRAAREIA EMPRESA DE EXTRACAO E COMERCIO DE AREIA LTDA","SANTA RITA DO NOVO DESTINO - GO, URUAÇU - GO","AREIA, CASCALHO","Demais substâncias, Demais substâncias","Sim"
"Gerência Regional / GO","860319/1994","Requerimento de Lavra Garimpeira","Concessão de Lavra","17.125.322/0001-60","EMBRAAREIA EMPRESA DE EXTRACAO E COMERCIO DE AREIA LTDA","SANTA RITA DO NOVO DESTINO - GO, URUAÇU - GO","AREIA, CASCALHO","Demais substâncias, Demais substâncias","Sim"
"Gerência Regional / GO","860905/1994","Requerimento de Autorização de Pesquisa","Concessão de Lavra","97.837.181/0001-47","DEXCO S.A","MONTIVIDIU - GO","SILTITO","Demais substâncias","Sim"
"Gerência Regional / GO","860931/1994","Requerimento de Autorização de Pesquisa","Concessão de Lavra","86.902.053/0001-13","MINERACAO MARACA INDUSTRIA E COMERCIO S/A","ALTO HORIZONTE - GO","MINÉRIO DE COBRE, MINÉRIO DE OURO","Demais substâncias, Demais substâncias","Sim"
"Gerência Regional / GO","861455/1994","Requerimento de Registro de Licença","Concessão de Lavra","02.174.951/0001-02","MINERACAO DE CALCARIO MONTIVIDIU LTDA","PIRANHAS - GO","CALCÁRIO","Corretivo de solo","Sim"
"Gerência Regional / GO","861868/1994","Requerimento de Autorização de Pesquisa","Concessão de Lavra","02.204.584/0001-42","Sida Sociedade Itumbiarense de Dragagem e Areia Ltda.","ARAPORÃ - MG, ITUMBIARA - GO","AREIA","Demais substâncias","Sim"
"Gerência Regional / GO","861887/1994","Requerimento de Autorização de Pesquisa","Concessão de Lavra","03.991.800/0001-00","PEDRA BRITADA INDUSTRIA E COMERCIO LIMITADA","GOIANÁPOLIS - GO, TEREZÓPOLIS DE GOIÁS - GO","GRANULITO","Demais substâncias","Sim"
"Gerência Regional / GO","862097/1994","Requerimento de Autorização de Pesquisa","Concessão de Lavra","01.270.710/0001-02","GRAN PEDRAS COMERCIO DE PEDRAS LTDA","BURITI DE GOIÁS - GO","QUARTZITO","Demais substâncias","Sim"
"Gerência Regional / GO","862103/1994","Requerimento de Autorização de Pesquisa","Concessão de Lavra","42.445.403/0001-94","MINERACAO SERRA GRANDE S A","CRIXÁS - GO","MINÉRIO DE OURO, MINÉRIO DE OURO","Demais substâncias, Industrial","Sim"
"Gerência Regional / GO","862117/1994","Requerimento de Autorização de Pesquisa","Concessão de Lavra","37.878.162/0001-37","BRITENG BRITAGEM E CONSTRUCOES LTDA","APARECIDA DE GOIÂNIA - GO","MICAXISTO","Demais substâncias","Sim"
"Gerência Regional / GO","860368/1995","Requerimento de Autorização de Pesquisa","Concessão de Lavra","14.304.566/0001-11","PROSPECTOR MINERALS LTDA","FAINA - GO","MINÉRIO DE OURO","Demais substâncias","Sim"
"Gerência Regional / GO","860525/1995","Requerimento de Registro de Licença","Concessão de Lavra","02.544.294/0001-48","Bueno e Teles Ltda","BURITI DE GOIÁS - GO","QUARTZITO","Demais substâncias","Sim"
"Gerência Regional / GO","860582/1995","Requerimento de Autorização de Pesquisa","Concessão de Lavra","00.969.944/0001-71","Rebica Industria e Comercio Ltda","ANÁPOLIS - GO","ÁGUA POTÁVEL DE MESA","Demais substâncias","Sim"
"Gerência Regional / GO","860609/1995","Requerimento de Autorização de Pesquisa","Concessão de Lavra","02.130.870/0001-00","BENUNES E BENUNES LTDA","GOIÁS - GO","CALCÁRIO DOLOMÍTICO, FOSFATO","Corretivo de solo, Demais substâncias","Sim"
"Gerência Regional / GO","860764/1995","Requerimento de Autorização de Pesquisa","Concessão de Lavra","06.978.870/0001-16","WESLEY JOSE DA SILVA","ARAGUARI - MG, CUMARI - GO","AREIA","Construção civil","Sim"
"Gerência Regional / GO","860778/1995","Requerimento de Autorização de Pesquisa","Concessão de Lavra","01.493.392/0001-30","TUCARANA INDUSTRIA E COMERCIO LTDA","JARAGUÁ - GO","ÁGUA MINERAL","Demais substâncias","Sim"
"Gerência Regional / GO","860794/1995","Requerimento de Autorização de Pesquisa","Concessão de Lavra","37.588.415/0001-38","MINERACAO PIRINEUS LTDA","VILA PROPÍCIO - GO","CALCÁRIO, DOLOMITO","Corretivo de solo, Industrial","Sim"
"Gerência Regional / GO","860939/1995","Requerimento de Autorização de Pesquisa","Concessão de Lavra","33.554.452/0001-74","Titanio Goiás Mineração Ind. e Com. Ltda","IPORÁ - GO","MINÉRIO DE TITÂNIO","Demais substâncias","Sim"
"Gerência Regional / GO","861575/1995","Requerimento de Autorização de Pesquisa","Concessão de Lavra","11.857.678/0001-01","BL-EXTRACAO DE AREIA LTDA","PIRACANJUBA - GO, PROFESSOR JAMIL - GO","AREIA","Demais substâncias","Sim"
"Gerência Regional / GO","861576/1995","Requerimento de Autorização de Pesquisa","Concessão de Lavra","11.857.678/0001-01","BL-EXTRACAO DE AREIA LTDA","PIRACANJUBA - GO, PROFESSOR JAMIL - GO","AREIA","Demais substâncias","Sim"
"Gerência Regional / GO","861578/1995","Requerimento de Autorização de Pesquisa","Concessão de Lavra","11.857.678/0001-01","BL-EXTRACAO DE AREIA LTDA","PIRACANJUBA - GO","AREIA","Demais substâncias","Sim"
"Gerência Regional / GO","861579/1995","Requerimento de Autorização de Pesquisa","Concessão de Lavra","11.857.678/0001-01","BL-EXTRACAO DE AREIA LTDA","PIRACANJUBA - GO","AREIA","Demais substâncias","Sim"
"Gerência Regional / GO","861580/1995","Requerimento de Autorização de Pesquisa","Concessão de Lavra","11.857.678/0001-01","BL-EXTRACAO DE AREIA LTDA","PIRACANJUBA - GO, PROFESSOR JAMIL - GO","AREIA","Demais substâncias","Sim"
"Gerência Regional / GO","861581/1995","Requerimento de Autorização de Pesquisa","Concessão de Lavra","11.857.678/0001-01","BL-EXTRACAO DE AREIA LTDA","PIRACANJUBA - GO, PROFESSOR JAMIL - GO","AREIA","Demais substâncias","Sim"
"Gerência Regional / GO","861922/1995","Requerimento de Autorização de Pesquisa","Concessão de Lavra","10.404.860/0001-44","Mineração Rio do Sal Ltda","PADRE BERNARDO - GO","CALCÁRIO","Demais substâncias","Sim"
"Gerência Regional / GO","861923/1995","Requerimento de Autorização de Pesquisa","Concessão de Lavra","00.057.240/0001-22","CIPLAN CIMENTO PLANALTO SA","GUAPÓ - GO","GRANITO","Demais substâncias","Sim"
"Gerência Regional / GO","861942/1995","Requerimento de Autorização de Pesquisa","Concessão de Lavra","03.817.198/0001-99","N S A MINERACAO AGUA D'MINA LTDA","SÃO MIGUEL DO PASSA QUATRO - GO","ÁGUA MINERAL","Demais substâncias","Sim"
"Gerência Regional / GO","861943/1995","Requerimento de Autorização de Pesquisa","Concessão de Lavra","02.840.072/0001-72","MIBASA MINERADORA BARRO ALTO LTDA","VILA PROPÍCIO - GO","DOLOMITO","Demais substâncias","Sim"
"Gerência Regional / GO","862008/1995","Requerimento de Autorização de Pesquisa","Concessão de Lavra","02.392.929/0001-39","IPE Industria e Comercio de Água Mineral e Refrigrerantes Ltda","HIDROLÂNDIA - GO","ÁGUA MINERAL","Demais substâncias","Sim"
"Gerência Regional / GO","862087/1995","Requerimento de Autorização de Pesquisa","Concessão de Lavra","18.424.895/0001-57","MINASGOIAS MINERACAO BERGAMO LTDA","CANÁPOLIS - MG, ITUMBIARA - GO","AREIA","Demais substâncias","Sim"
"Gerência Regional / GO","862089/1995","Requerimento de Autorização de Pesquisa","Concessão de Lavra","18.424.895/0001-57","MINASGOIAS MINERACAO BERGAMO LTDA","CANÁPOLIS - MG, ITUMBIARA - GO","AREIA","Demais substâncias","Sim"
"Gerência Regional / GO","862090/1995","Requerimento de Autorização de Pesquisa","Concessão de Lavra","18.424.895/0001-57","MINASGOIAS MINERACAO BERGAMO LTDA","ITUMBIARA - GO","AREIA","Demais substâncias","Sim"
"Gerência Regional / GO","862091/1995","Requerimento de Autorização de Pesquisa","Concessão de Lavra","18.424.895/0001-57","MINASGOIAS MINERACAO BERGAMO LTDA","ITUMBIARA - GO","AREIA","Demais substâncias","Sim"
"Gerência Regional / GO","862097/1995","Requerimento de Autorização de Pesquisa","Concessão de Lavra","18.424.895/0001-57","MINASGOIAS MINERACAO BERGAMO LTDA","CANÁPOLIS - MG, ITUMBIARA - GO","AREIA","Demais substâncias","Sim"
"Gerência Regional / GO","862098/1995","Requerimento de Autorização de Pesquisa","Concessão de Lavra","18.424.895/0001-57","MINASGOIAS MINERACAO BERGAMO LTDA","CACHOEIRA DOURADA - MG, CANÁPOLIS - MG, ITUMBIARA - GO","AREIA","Demais substâncias","Sim"
"Gerência Regional / GO","862099/1995","Requerimento de Autorização de Pesquisa","Concessão de Lavra","18.424.895/0001-57","MINASGOIAS MINERACAO BERGAMO LTDA","CACHOEIRA DOURADA - MG, CANÁPOLIS - MG, ITUMBIARA - GO","AREIA","Demais substâncias","Sim"
"Gerência Regional / GO","862100/1995","Requerimento de Autorização de Pesquisa","Concessão de Lavra","18.424.895/0001-57","MINASGOIAS MINERACAO BERGAMO LTDA","CACHOEIRA DOURADA - MG, ITUMBIARA - GO","AREIA","Demais substâncias","Sim"
"Gerência Regional / GO","862101/1995","Requerimento de Autorização de Pesquisa","Concessão de Lavra","18.424.895/0001-57","MINASGOIAS MINERACAO BERGAMO LTDA","CACHOEIRA DOURADA - MG, ITUMBIARA - GO","AREIA","Demais substâncias","Sim"
"Gerência Regional / GO","862102/1995","Requerimento de Autorização de Pesquisa","Concessão de Lavra","18.424.895/0001-57","MINASGOIAS MINERACAO BERGAMO LTDA","CACHOEIRA DOURADA - MG, ITUMBIARA - GO","AREIA","Demais substâncias","Sim"
"Gerência Regional / GO","862103/1995","Requerimento de Autorização de Pesquisa","Concessão de Lavra","18.424.895/0001-57","MINASGOIAS MINERACAO BERGAMO LTDA","CACHOEIRA DOURADA - MG, ITUMBIARA - GO","AREIA","Demais substâncias","Sim"
"Gerência Regional / GO","862104/1995","Requerimento de Autorização de Pesquisa","Concessão de Lavra","18.424.895/0001-57","MINASGOIAS MINERACAO BERGAMO LTDA","CACHOEIRA DOURADA - MG, ITUMBIARA - GO","AREIA","Demais substâncias","Sim"
"Gerência Regional / GO","862105/1995","Requerimento de Autorização de Pesquisa","Concessão de Lavra","18.424.895/0001-57","MINASGOIAS MINERACAO BERGAMO LTDA","CACHOEIRA DOURADA - MG, ITUMBIARA - GO","AREIA","Demais substâncias","Sim"
"Gerência Regional / GO","862106/1995","Requerimento de Autorização de Pesquisa","Concessão de Lavra","18.424.895/0001-57","MINASGOIAS MINERACAO BERGAMO LTDA","CACHOEIRA DOURADA - MG, ITUMBIARA - GO","AREIA","Demais substâncias","Sim"
"Gerência Regional / GO","862108/1995","Requerimento de Autorização de Pesquisa","Concessão de Lavra","18.424.895/0001-57","MINASGOIAS MINERACAO BERGAMO LTDA","CACHOEIRA DOURADA - MG, ITUMBIARA - GO","AREIA","Demais substâncias","Sim"
"Gerência Regional / GO","862110/1995","Requerimento de Autorização de Pesquisa","Concessão de Lavra","18.424.895/0001-57","MINASGOIAS MINERACAO BERGAMO LTDA","CACHOEIRA DOURADA - MG, ITUMBIARA - GO","AREIA","Demais substâncias","Sim"
"Gerência Regional / GO","862111/1995","Requerimento de Autorização de Pesquisa","Concessão de Lavra","18.424.895/0001-57","MINASGOIAS MINERACAO BERGAMO LTDA","CACHOEIRA DOURADA - MG, ITUMBIARA - GO","AREIA","Demais substâncias","Sim"
"Gerência Regional / GO","862112/1995","Requerimento de Autorização de Pesquisa","Concessão de Lavra","18.424.895/0001-57","MINASGOIAS MINERACAO BERGAMO LTDA","CACHOEIRA DOURADA - MG, ITUMBIARA - GO","AREIA","Demais substâncias","Sim"
"Gerência Regional / GO","862113/1995","Requerimento de Autorização de Pesquisa","Concessão de Lavra","18.424.895/0001-57","MINASGOIAS MINERACAO BERGAMO LTDA","CACHOEIRA DOURADA - MG, ITUMBIARA - GO","AREIA","Demais substâncias","Sim"
"Gerência Regional / GO","862114/1995","Requerimento de Autorização de Pesquisa","Concessão de Lavra","18.424.895/0001-57","MINASGOIAS MINERACAO BERGAMO LTDA","CACHOEIRA DOURADA - MG, ITUMBIARA - GO","AREIA","Demais substâncias","Sim"
"Gerência Regional / GO","862143/1995","Requerimento de Autorização de Pesquisa","Concessão de Lavra","13.568.566/0001-66","MINERACAO GNB LTDA","IPORÁ - GO","SIENITO","Demais substâncias","Sim"
"Gerência Regional / GO","760507/1996","Requerimento de Registro de Licença","Concessão de Lavra","00.114.258/0001-19","AREIALTO EXTRACAO COMERCIO E TRANSPORTES DE AREIA LTDA","ORIZONA - GO, PIRES DO RIO - GO","AREIA","Demais substâncias","Sim"
"Gerência Regional / GO","761016/1996","Requerimento de Autorização de Pesquisa","Concessão de Lavra","03.163.210/0001-99","SARKIS MINERACAO LTDA","PADRE BERNARDO - GO","CALCÁRIO","Demais substâncias","Sim"
"Gerência Regional / GO","761017/1996","Requerimento de Autorização de Pesquisa","Concessão de Lavra","03.163.210/0001-99","SARKIS MINERACAO LTDA","PADRE BERNARDO - GO","CALCÁRIO","Demais substâncias","Sim"
"Gerência Regional / GO","761018/1996","Requerimento de Autorização de Pesquisa","Concessão de Lavra","03.163.210/0001-99","SARKIS MINERACAO LTDA","PADRE BERNARDO - GO","CALCÁRIO","Demais substâncias","Sim"
"Gerência Regional / GO","861045/1996","Requerimento de Registro de Licença","Concessão de Lavra","00.097.494/0001-74","CAMPOS AGRICOLA LTDA","FORMOSA - GO","AREIA, QUARTZITO, SAIBRO","Demais substâncias, Demais substâncias, Demais substâncias","Sim"
"Gerência Regional / GO","861207/1996","Requerimento de Autorização de Pesquisa","Concessão de Lavra","37.588.415/0001-38","MINERACAO PIRINEUS LTDA","VILA PROPÍCIO - GO","DOLOMITO","Demais substâncias","Sim"
"Gerência Regional / GO","861217/1996","Requerimento de Autorização de Pesquisa","Concessão de Lavra","01.133.479/0001-05","COMGEO MINERACAO EMPREENDIMENTOS E PARTICIPACAO LTDA","FAINA - GO","DOLOMITO","Demais substâncias","Sim"
"Gerência Regional / GO","863474/1996","Requerimento de Autorização de Pesquisa","Concessão de Lavra","37.883.097/0001-38","CALCARIO OURO BRANCO LTDA","INDIARA - GO","CALCÁRIO, MÁRMORE","Corretivo de solo, Demais substâncias","Sim"
"Gerência Regional / GO","863475/1996","Requerimento de Autorização de Pesquisa","Concessão de Lavra","37.883.097/0001-38","CALCARIO OURO BRANCO LTDA","INDIARA - GO","CALCÁRIO, MÁRMORE","Corretivo de solo, Demais substâncias","Sim"
"Gerência Regional / GO","860050/1997","Requerimento de Autorização de Pesquisa","Concessão de Lavra","06.248.241/0001-30","Asfalto Brasília Ltda","COCALZINHO DE GOIÁS - GO","CALCÁRIO","Demais substâncias","Sim"
"Gerência Regional / GO","860150/1997","Requerimento de Registro de Licença","Concessão de Lavra","33.624.438/0001-08","SETA MINERACAO LTDA","SANTA VITÓRIA - MG, SÃO SIMÃO - GO","AREIA","Demais substâncias","Sim"
"Gerência Regional / GO","860430/1997","Requerimento de Autorização de Pesquisa","Concessão de Lavra","01.551.829/0001-45","PEDREIRA IZAIRA INDUSTRIA E COMERCIO LTDA","HIDROLÂNDIA - GO","XISTO","Demais substâncias","Sim"
"Gerência Regional / GO","860529/1997","Requerimento de Autorização de Pesquisa","Concessão de Lavra","03.899.875/0001-65","MINERADORA AREIA CRISTAL LTDA","CRISTALINA - GO","AREIA","Construção civil","Sim"
"Gerência Regional / GO","860698/1997","Requerimento de Autorização de Pesquisa","Concessão de Lavra","02.428.437/0001-56","GOYA INDUSTRIA E COMERCIO DE AGUA MINERAL LTDA","BOM JESUS DE GOIÁS - GO","ÁGUA MINERAL","Demais substâncias","Sim"
"Gerência Regional / GO","860877/1997","Requerimento de Autorização de Pesquisa","Concessão de Lavra","37.883.097/0001-38","CALCARIO OURO BRANCO LTDA","INDIARA - GO","CALCÁRIO DOLOMÍTICO","Demais substâncias","Sim"
"Gerência Regional / GO","861044/1997","Requerimento de Autorização de Pesquisa","Concessão de Lavra","04.740.374/0001-02","Mateiro Industria e Comercio de Agua Mineral Ltda","JATAÍ - GO","ÁGUA MINERAL","Demais substâncias","Sim"
"Gerência Regional / GO","860001/1998","Requerimento de Autorização de Pesquisa","Concessão de Lavra","05.452.826/0001-05","SOLO E TETO CONSTRUTORA E INCORPORADORA LTDA","PIRES DO RIO - GO, URUTAÍ - GO","AREIA, CASCALHO","Demais substâncias, Demais substâncias","Sim"
"Gerência Regional / GO","860003/1998","Requerimento de Autorização de Pesquisa","Concessão de Lavra","05.452.826/0001-05","SOLO E TETO CONSTRUTORA E INCORPORADORA LTDA","PIRES DO RIO - GO, URUTAÍ - GO","AREIA, CASCALHO","Demais substâncias, Demais substâncias","Sim"
"Gerência Regional / GO","860005/1998","Requerimento de Autorização de Pesquisa","Concessão de Lavra","05.452.826/0001-05","SOLO E TETO CONSTRUTORA E INCORPORADORA LTDA","PIRES DO RIO - GO, URUTAÍ - GO","AREIA, CASCALHO","Demais substâncias, Demais substâncias","Sim"
"Gerência Regional / GO","860010/1998","Requerimento de Autorização de Pesquisa","Concessão de Lavra","05.452.826/0001-05","SOLO E TETO CONSTRUTORA E INCORPORADORA LTDA","PIRES DO RIO - GO, URUTAÍ - GO","AREIA, CASCALHO","Demais substâncias, Demais substâncias","Sim"
"Gerência Regional / GO","860011/1998","Requerimento de Autorização de Pesquisa","Concessão de Lavra","05.452.826/0001-05","SOLO E TETO CONSTRUTORA E INCORPORADORA LTDA","PIRES DO RIO - GO","AREIA, CASCALHO","Demais substâncias, Demais substâncias","Sim"
"Gerência Regional / GO","860013/1998","Requerimento de Autorização de Pesquisa","Concessão de Lavra","05.452.826/0001-05","SOLO E TETO CONSTRUTORA E INCORPORADORA LTDA","PIRES DO RIO - GO, URUTAÍ - GO","AREIA, CASCALHO","Demais substâncias, Demais substâncias","Sim"
"Gerência Regional / GO","860014/1998","Requerimento de Autorização de Pesquisa","Concessão de Lavra","05.452.826/0001-05","SOLO E TETO CONSTRUTORA E INCORPORADORA LTDA","PIRES DO RIO - GO, URUTAÍ - GO","AREIA, CASCALHO","Demais substâncias, Demais substâncias","Sim"
"Gerência Regional / GO","860016/1998","Requerimento de Autorização de Pesquisa","Concessão de Lavra","05.452.826/0001-05","SOLO E TETO CONSTRUTORA E INCORPORADORA LTDA","PIRES DO RIO - GO, URUTAÍ - GO","AREIA, CASCALHO","Demais substâncias, Demais substâncias","Sim"
"Gerência Regional / GO","860018/1998","Requerimento de Autorização de Pesquisa","Concessão de Lavra","05.452.826/0001-05","SOLO E TETO CONSTRUTORA E INCORPORADORA LTDA","PIRES DO RIO - GO, URUTAÍ - GO","AREIA, CASCALHO","Demais substâncias, Demais substâncias","Sim"
"Gerência Regional / GO","860019/1998","Requerimento de Autorização de Pesquisa","Concessão de Lavra","05.452.826/0001-05","SOLO E TETO CONSTRUTORA E INCORPORADORA LTDA","PIRES DO RIO - GO, URUTAÍ - GO","AREIA, CASCALHO","Demais substâncias, Demais substâncias","Sim"
"Gerência Regional / GO","860020/1998","Requerimento de Autorização de Pesquisa","Concessão de Lavra","05.452.826/0001-05","SOLO E TETO CONSTRUTORA E INCORPORADORA LTDA","PIRES DO RIO - GO, URUTAÍ - GO","AREIA, CASCALHO","Demais substâncias, Demais substâncias","Sim"
"Gerência Regional / GO","860021/1998","Requerimento de Autorização de Pesquisa","Concessão de Lavra","05.452.826/0001-05","SOLO E TETO CONSTRUTORA E INCORPORADORA LTDA","PIRES DO RIO - GO, URUTAÍ - GO","AREIA, CASCALHO","Demais substâncias, Demais substâncias","Sim"
"Gerência Regional / GO","860022/1998","Requerimento de Autorização de Pesquisa","Concessão de Lavra","05.452.826/0001-05","SOLO E TETO CONSTRUTORA E INCORPORADORA LTDA","PIRES DO RIO - GO, URUTAÍ - GO","AREIA, CASCALHO","Demais substâncias, Demais substâncias","Sim"
"Gerência Regional / GO","860023/1998","Requerimento de Autorização de Pesquisa","Concessão de Lavra","05.452.826/0001-05","SOLO E TETO CONSTRUTORA E INCORPORADORA LTDA","PIRES DO RIO - GO","AREIA, CASCALHO","Demais substâncias, Demais substâncias","Sim"
"Gerência Regional / GO","860095/1998","Requerimento de Autorização de Pesquisa","Concessão de Lavra","01.117.528/0001-08","BRASILCA MINERACAO BRASILEIRA EIRELI","BALIZA - GO, PONTAL DO ARAGUAIA - MT","DIAMANTE INDUSTRIAL","Demais substâncias","Sim"
"Gerência Regional / GO","860163/1998","Requerimento de Autorização de Pesquisa","Concessão de Lavra","00.136.630/0001-98","TRANSPEL TRANSPORTE E BRITAGEM DE PEDRAS LTDA","GOIANIRA - GO","GRANITO","Demais substâncias","Sim"
"Gerência Regional / GO","860164/1998","Requerimento de Autorização de Pesquisa","Concessão de Lavra","01.551.829/0001-45","PEDREIRA IZAIRA INDUSTRIA E COMERCIO LTDA","GOIANIRA - GO","GRANITO","Demais substâncias","Sim"
"Gerência Regional / GO","860225/1998","Requerimento de Autorização de Pesquisa","Concessão de Lavra","18.424.895/0001-57","MINASGOIAS MINERACAO BERGAMO LTDA","CACHOEIRA DOURADA - MG, ITUMBIARA - GO","AREIA","Demais substâncias","Sim"
"Gerência Regional / GO","860226/1998","Requerimento de Autorização de Pesquisa","Concessão de Lavra","18.424.895/0001-57","MINASGOIAS MINERACAO BERGAMO LTDA","CACHOEIRA DOURADA - MG, ITUMBIARA - GO","AREIA","Demais substâncias","Sim"
"Gerência Regional / GO","860227/1998","Requerimento de Autorização de Pesquisa","Concessão de Lavra","01.535.210/0001-47","METAIS DE GOIAS SA METAGO","AVELINÓPOLIS - GO, SANTA BÁRBARA DE GOIÁS - GO","MINÉRIO DE TITÂNIO","Demais substâncias","Sim"
"Gerência Regional / GO","860228/1998","Requerimento de Autorização de Pesquisa","Concessão de Lavra","03.665.281/0001-90","Carmo Mineração Industria e Comercio Ltda","GOIÂNIA - GO","ÁGUA MINERAL","Demais substâncias","Sim"
"Gerência Regional / GO","860269/1998","Requerimento de Autorização de Pesquisa","Concessão de Lavra","02.204.584/0001-42","Sida Sociedade Itumbiarense de Dragagem e Areia Ltda.","CACHOEIRA DOURADA - GO, CAPINÓPOLIS - MG","AREIA","Demais substâncias","Sim"
"Gerência Regional / GO","860283/1998","Requerimento de Autorização de Pesquisa","Concessão de Lavra","05.059.630/0001-55","Conesuque Águas Minerais Ltda Me","MONTES CLAROS DE GOIÁS - GO","ÁGUA MINERAL","Demais substâncias","Sim"
"Gerência Regional / GO","860297/1998","Requerimento de Autorização de Pesquisa","Concessão de Lavra","02.174.951/0001-02","MINERACAO DE CALCARIO MONTIVIDIU LTDA","PIRANHAS - GO","CALCÁRIO DOLOMÍTICO","Demais substâncias","Sim"
"Gerência Regional / GO","860303/1998","Requerimento de Autorização de Pesquisa","Concessão de Lavra","32.440.901/0001-90","CAJUGRAM GRANITOS E MARMORES DO BRASIL LTDA","PIRANHAS - GO","GRANITO","Demais substâncias","Sim"
"Gerência Regional / GO","860304/1998","Requerimento de Autorização de Pesquisa","Concessão de Lavra","32.440.901/0001-90","CAJUGRAM GRANITOS E MARMORES DO BRASIL LTDA","PIRANHAS - GO","GRANITO","Demais substâncias","Sim"
"Gerência Regional / GO","860336/1998","Requerimento de Autorização de Pesquisa","Concessão de Lavra","11.857.678/0001-01","BL-EXTRACAO DE AREIA LTDA","PIRACANJUBA - GO, PROFESSOR JAMIL - GO","AREIA","Construção civil","Sim"
"Gerência Regional / GO","860337/1998","Requerimento de Autorização de Pesquisa","Concessão de Lavra","11.857.678/0001-01","BL-EXTRACAO DE AREIA LTDA","PIRACANJUBA - GO","AREIA","Construção civil","Sim"
"Gerência Regional / GO","860354/1998","Requerimento de Autorização de Pesquisa","Concessão de Lavra","02.522.005/0001-00","AREIA ANHANGUERA LTDA","ANHANGUERA - GO, CUMARI - GO","AREIA","Construção civil","Sim"
"Gerência Regional / GO","860355/1998","Requerimento de Autorização de Pesquisa","Concessão de Lavra","02.522.005/0001-00","AREIA ANHANGUERA LTDA","ANHANGUERA - GO, CUMARI - GO","AREIA","Demais substâncias","Sim"
"Gerência Regional / GO","860356/1998","Requerimento de Autorização de Pesquisa","Concessão de Lavra","02.522.005/0001-00","AREIA ANHANGUERA LTDA","ANHANGUERA - GO, CUMARI - GO","AREIA","Construção civil","Sim"
"Gerência Regional / GO","860406/1998","Requerimento de Autorização de Pesquisa","Concessão de Lavra","06.978.870/0001-16","WESLEY JOSE DA SILVA","ARAGUARI - MG, CUMARI - GO","AREIA","Demais substâncias","Sim"
"Gerência Regional / GO","860407/1998","Requerimento de Autorização de Pesquisa","Concessão de Lavra","06.978.870/0001-16","WESLEY JOSE DA SILVA","ARAGUARI - MG, CUMARI - GO","AREIA","Demais substâncias","Sim"
"Gerência Regional / GO","860408/1998","Requerimento de Autorização de Pesquisa","Concessão de Lavra","06.978.870/0001-16","WESLEY JOSE DA SILVA","ARAGUARI - MG, CUMARI - GO","AREIA","Demais substâncias","Sim"
"Gerência Regional / GO","860409/1998","Requerimento de Autorização de Pesquisa","Concessão de Lavra","06.978.870/0001-16","WESLEY JOSE DA SILVA","ARAGUARI - MG, CUMARI - GO","AREIA","Demais substâncias","Sim"
"Gerência Regional / GO","860410/1998","Requerimento de Autorização de Pesquisa","Concessão de Lavra","06.978.870/0001-16","WESLEY JOSE DA SILVA","ARAGUARI - MG, CUMARI - GO","AREIA","Demais substâncias","Sim"
"Gerência Regional / GO","860411/1998","Requerimento de Autorização de Pesquisa","Concessão de Lavra","06.978.870/0001-16","WESLEY JOSE DA SILVA","ARAGUARI - MG, CUMARI - GO","AREIA","Demais substâncias","Sim"
"Gerência Regional / GO","860517/1998","Requerimento de Autorização de Pesquisa","Concessão de Lavra","01.440.325/0001-58","RAIO DO SOL MINERACAO LTDA","BELA VISTA DE GOIÁS - GO","ÁGUA MINERAL","Demais substâncias","Sim"
"Gerência Regional / GO","860557/1998","Requerimento de Autorização de Pesquisa","Concessão de Lavra","07.965.002/0001-64","MINERADORA CRISTALINA LTDA","CRISTALINA - GO","AREIA","Demais substâncias","Sim"
"Gerência Regional / GO","860561/1998","Requerimento de Autorização de Pesquisa","Concessão de Lavra","04.075.924/0001-08","Brasília Mineração Indústria Comércio Exp. de Rochas e Metais Ltda.","MONTE ALEGRE DE GOIÁS - GO","GRANITO","Demais substâncias","Sim"
"Gerência Regional / GO","860649/1998","Requerimento de Autorização de Pesquisa","Concessão de Lavra","08.255.585/0001-00","WAKA MIZU ENGARRAFADORA DE AGUA MINERAL LTDA","ITUMBIARA - GO","ÁGUA MINERAL","Demais substâncias","Sim"
"Gerência Regional / GO","860741/1998","Requerimento de Autorização de Pesquisa","Concessão de Lavra","03.143.693/0001-60","BRICOL - BRITAS CORUMBÁ LTDA","CORUMBÁ DE GOIÁS - GO","XISTO","Demais substâncias","Sim"
"Gerência Regional / GO","860744/1998","Requerimento de Autorização de Pesquisa","Concessão de Lavra","02.204.584/0001-42","Sida Sociedade Itumbiarense de Dragagem e Areia Ltda.","ARAPORÃ - MG, ITUMBIARA - GO","AREIA","Demais substâncias","Sim"
"Gerência Regional / GO","860750/1998","Requerimento de Autorização de Pesquisa","Concessão de Lavra","03.431.203/0001-20","Indústria de Água Mineral Cristal Azul Ltda.","MINAÇU - GO","ÁGUA MINERAL","Demais substâncias","Sim"
"Gerência Regional / GO","860765/1998","Requerimento de Autorização de Pesquisa","Concessão de Lavra","02.006.210/0001-12","Brita Brasília Ltda","COCALZINHO DE GOIÁS - GO","CALCÁRIO","Demais substâncias","Sim"
"Gerência Regional / GO","860805/1998","Requerimento de Autorização de Pesquisa","Concessão de Lavra","00.057.240/0001-22","CIPLAN CIMENTO PLANALTO SA","FORMOSA - GO","ARGILA","Demais substâncias","Sim"
"Gerência Regional / GO","860007/1999","Requerimento de Autorização de Pesquisa","Concessão de Lavra","11.857.678/0001-01","BL-EXTRACAO DE AREIA LTDA","PIRACANJUBA - GO, PROFESSOR JAMIL - GO","AREIA","Demais substâncias","Sim"
"Gerência Regional / GO","860107/1999","Requerimento de Autorização de Pesquisa","Concessão de Lavra","01.637.895/0001-32","VOTORANTIM CIMENTOS S.A.","BRASÍLIA - DF, PLANALTINA - GO","ARGILA","Demais substâncias","Sim"
"Gerência Regional / GO","860178/1999","Requerimento de Autorização de Pesquisa","Concessão de Lavra","01.126.983/0001-70","Arenan Extração e Comércio de Areia Ltda","LUZIÂNIA - GO, ORIZONA - GO","AREIA, CASCALHO","Demais substâncias, Demais substâncias","Sim"
"Gerência Regional / GO","860188/1999","Requerimento de Autorização de Pesquisa","Concessão de Lavra","03.304.233/0001-76","INDUSTRIA E COMERCIO DE BEBIDAS PANOFF LTDA","MARZAGÃO - GO","ÁGUA MINERAL","Demais substâncias","Sim"
"Gerência Regional / GO","860243/1999","Requerimento de Autorização de Pesquisa","Concessão de Lavra","04.372.115/0001-68","COOPEDRAS DE PIRENOPOLIS LTDA","PIRENÓPOLIS - GO","QUARTZITO","Demais substâncias","Sim"
"Gerência Regional / GO","860250/1999","Requerimento de Autorização de Pesquisa","Concessão de Lavra","01.719.007/0001-20","SAO PEDRO MINERACAO E INDUSTRIA LTDA","PADRE BERNARDO - GO, VILA PROPÍCIO - GO","AREIA","Demais substâncias","Sim"
"Gerência Regional / GO","860260/1999","Requerimento de Autorização de Pesquisa","Concessão de Lavra","07.245.544/0001-62","Mineração Bom Jesus Ltda","LUZIÂNIA - GO","ÁGUA MINERAL","Demais substâncias","Sim"
"Gerência Regional / GO","860261/1999","Requerimento de Autorização de Pesquisa","Concessão de Lavra","78.851.995/0006-04","KADE ENGENHARIA E CONSTRUÇÃO LTDA.","RIO VERDE - GO","AREIA","Demais substâncias","Sim"
"Gerência Regional / GO","860312/1999","Requerimento de Autorização de Pesquisa","Concessão de Lavra","03.638.380/0001-82","MINERADORA PEDRA RICA LTDA","RIO VERDE - GO","BASALTO, BASALTO","Demais substâncias, Demais substâncias","Sim"
"Gerência Regional / GO","860359/1999","Requerimento de Autorização de Pesquisa","Concessão de Lavra","42.184.226/0019-69","ANGLO AMERICAN NIQUEL BRASIL LTDA","BARRO ALTO - GO","NÍQUEL","Demais substâncias","Sim"
"Gerência Regional / GO","860407/1999","Requerimento de Autorização de Pesquisa","Concessão de Lavra","33.554.452/0001-74","Titanio Goiás Mineração Ind. e Com. Ltda","ISRAELÂNDIA - GO","MINÉRIO DE TITÂNIO","Demais substâncias","Sim"
"Gerência Regional / GO","860450/1999","Requerimento de Autorização de Pesquisa","Concessão de Lavra","02.683.168/0001-74","GRANIPI - COMERCIO E IND. LTDA","PIRANHAS - GO","GRANITO","Demais substâncias","Sim"
"Gerência Regional / GO","860530/1999","Requerimento de Autorização de Pesquisa","Concessão de Lavra","02.204.584/0001-42","Sida Sociedade Itumbiarense de Dragagem e Areia Ltda.","ARAPORÃ - MG, ITUMBIARA - GO","AREIA","Demais substâncias","Sim"
"Gerência Regional / GO","860544/1999","Requerimento de Autorização de Pesquisa","Concessão de Lavra","00.063.878/0001-76","MINERACAO NOVO BRASIL GRANITOS EIRELI","JAUPACI - GO","GRANITO","Demais substâncias","Sim"
"Gerência Regional / GO","860676/1999","Requerimento de Autorização de Pesquisa","Concessão de Lavra","03.438.630/0001-30","AREIA BARRA AZUL EXTRACAO E COMERCIO LTDA","CUMARI - GO","AREIA","Demais substâncias","Sim"
"Gerência Regional / GO","860684/1999","Requerimento de Autorização de Pesquisa","Concessão de Lavra","03.417.227/0001-25","TARCAL TRANSPORTES E MATERIAL DE CONSTRUCAO LTDA","JARAGUÁ - GO, RIANÁPOLIS - GO","AREIA, CASCALHO","Construção civil, Construção civil","Sim"
"Gerência Regional / GO","860696/1999","Requerimento de Autorização de Pesquisa","Concessão de Lavra","08.767.239/0001-01","IZABEL OLIVIER HECKLER","PADRE BERNARDO - GO, VILA PROPÍCIO - GO","AREIA, MINÉRIO DE OURO","Construção civil, Metalurgia","Sim"
"Gerência Regional / GO","860782/1999","Requerimento de Autorização de Pesquisa","Concessão de Lavra","03.438.630/0001-30","AREIA BARRA AZUL EXTRACAO E COMERCIO LTDA","CUMARI - GO","AREIA","Demais substâncias","Sim"
"Gerência Regional / GO","860874/1999","Requerimento de Autorização de Pesquisa","Concessão de Lavra","19.442.547/0001-75","CRISTAL INDUSTRIA E COMERCIO DE AGUA MINERAL E SERVICOS LTDA","APARECIDA DE GOIÂNIA - GO","ÁGUA MINERAL","Demais substâncias","Sim"
"Gerência Regional / GO","860876/1999","Requerimento de Registro de Licença","Concessão de Lavra","03.417.227/0001-25","TARCAL TRANSPORTES E MATERIAL DE CONSTRUCAO LTDA","JARAGUÁ - GO, RIANÁPOLIS - GO","AREIA, CASCALHO","Demais substâncias, Demais substâncias","Sim"
"Gerência Regional / GO","860902/1999","Requerimento de Autorização de Pesquisa","Concessão de Lavra","01.535.210/0001-47","METAIS DE GOIAS SA METAGO","AVELINÓPOLIS - GO, SANTA BÁRBARA DE GOIÁS - GO","ARGILA, MINÉRIO DE TITÂNIO","Cerâmica vermelha, Demais substâncias","Sim"
"Gerência Regional / GO","860905/1999","Requerimento de Autorização de Pesquisa","Concessão de Lavra","03.417.227/0001-25","TARCAL TRANSPORTES E MATERIAL DE CONSTRUCAO LTDA","JARAGUÁ - GO","AREIA, CASCALHO","Demais substâncias, Demais substâncias","Sim"
"Gerência Regional / GO","860915/1999","Requerimento de Autorização de Pesquisa","Concessão de Lavra","62.258.884/0001-36","INTERCEMENT BRASIL S/A - EM RECUPERACAO JUDICIAL","VICENTINÓPOLIS - GO","ARGILA, MINÉRIO DE FERRO","Demais substâncias, Demais substâncias","Sim"
"Gerência Regional / GO","860942/1999","Requerimento de Registro de Licença","Concessão de Lavra","78.851.995/0006-04","KADE ENGENHARIA E CONSTRUÇÃO LTDA.","RIO VERDE - GO","AREIA","Demais substâncias","Sim"
"Gerência Regional / GO","860982/1999","Requerimento de Autorização de Pesquisa","Concessão de Lavra","03.791.771/0001-32","Agua Mineral Itiquira Ltda","BRASÍLIA - DF, FORMOSA - GO","ÁGUA MINERAL","Engarrafamento","Sim"
"Gerência Regional / GO","860066/2000","Requerimento de Autorização de Pesquisa","Concessão de Lavra","04.591.846/0001-02","Belo Valle Industria e Comercio Ltda","NOVO GAMA - GO","ÁGUA POTÁVEL DE MESA","Demais substâncias","Sim"
"Gerência Regional / GO","860175/2000","Requerimento de Autorização de Pesquisa","Concessão de Lavra","02.204.584/0001-42","Sida Sociedade Itumbiarense de Dragagem e Areia Ltda.","CACHOEIRA DOURADA - GO","AREIA","Construção civil","Sim"
"Gerência Regional / GO","860186/2000","Requerimento de Autorização de Pesquisa","Concessão de Lavra","37.883.097/0001-38","CALCARIO OURO BRANCO LTDA","INDIARA - GO","CALCÁRIO DOLOMÍTICO","Demais substâncias","Sim"
"Gerência Regional / GO","860362/2000","Requerimento de Autorização de Pesquisa","Concessão de Lavra","07.478.600/0001-09","CERAMIKALYS INDUSTRIA CERAMICA E COMERCIO LTDA","COCALZINHO DE GOIÁS - GO","AREIA","Construção civil","Sim"
"Gerência Regional / GO","860370/2000","Requerimento de Autorização de Pesquisa","Concessão de Lavra","05.486.247/0001-83","DLS EXTRACAO E COMERCIO DE AREIA E CASCALHO LTDA","SANTA CRUZ DE GOIÁS - GO","AREIA, CASCALHO","Construção civil, Construção civil","Sim"
"Gerência Regional / GO","860388/2000","Requerimento de Autorização de Pesquisa","Concessão de Lavra","03.665.281/0001-90","Carmo Mineração Industria e Comercio Ltda","GOIÂNIA - GO","ÁGUA MINERAL","Industrial","Sim"
"Gerência Regional / GO","860390/2000","Requerimento de Autorização de Pesquisa","Concessão de Lavra","05.947.515/0001-17","AGUAS MINERAIS VEREDAS LTDA","FORMOSA - GO, PLANALTINA - GO","ÁGUA MINERAL","Industrial","Sim"
"Gerência Regional / GO","860448/2000","Requerimento de Autorização de Pesquisa","Concessão de Lavra","03.910.327/0001-99","PEDREIRA RIO CLARO LTDA","JATAÍ - GO","BASALTO","Construção civil","Sim"
"Gerência Regional / GO","860510/2000","Requerimento de Autorização de Pesquisa","Concessão de Lavra","42.184.226/0019-69","ANGLO AMERICAN NIQUEL BRASIL LTDA","NIQUELÂNDIA - GO","MINÉRIO DE NÍQUEL","Metalurgia","Sim"
"Gerência Regional / GO","860547/2000","Requerimento de Autorização de Pesquisa","Concessão de Lavra","01.126.983/0001-70","Arenan Extração e Comércio de Areia Ltda","ORIZONA - GO","AREIA, CASCALHO","Construção civil, Construção civil","Sim"
"Gerência Regional / GO","860652/2000","Requerimento de Autorização de Pesquisa","Concessão de Lavra","80.084.809/0001-88","COLORMINAS COLORIFICIO E MINERACAO LTDA","COCALZINHO DE GOIÁS - GO","FILITO","Industrial","Sim"
"Gerência Regional / GO","860660/2000","Requerimento de Autorização de Pesquisa","Concessão de Lavra","25.027.442/0001-52","Delvani Rodrigues de Souza Lima","PALMEIRAS DE GOIÁS - GO","ARGILA","Cerâmica vermelha","Sim"
"Gerência Regional / GO","860662/2000","Requerimento de Autorização de Pesquisa","Concessão de Lavra","05.284.606/0001-10","PLANALTO EXTRACAO DE AREIA LTDA","BRASÍLIA - DF, PLANALTINA - GO","AREIA","Demais substâncias","Sim"
"Gerência Regional / GO","860700/2000","Requerimento de Autorização de Pesquisa","Concessão de Lavra","04.752.475/0001-95","COMERCIO E ENGARRAFAMENTO DE AGUA MINERAL SARA LTDA","GOIÁS - GO","ÁGUA MINERAL","Industrial","Sim"
"Gerência Regional / GO","860745/2000","Requerimento de Autorização de Pesquisa","Concessão de Lavra","17.125.322/0001-60","EMBRAAREIA EMPRESA DE EXTRACAO E COMERCIO DE AREIA LTDA","SANTA RITA DO NOVO DESTINO - GO, URUAÇU - GO","AREIA","Construção civil","Sim"
"Gerência Regional / GO","860748/2000","Requerimento de Autorização de Pesquisa","Concessão de Lavra","02.174.951/0001-02","MINERACAO DE CALCARIO MONTIVIDIU LTDA","PIRANHAS - GO","CALCÁRIO","Corretivo de solo","Sim"
"Gerência Regional / GO","860820/2000","Requerimento de Autorização de Pesquisa","Concessão de Lavra","05.929.196/0001-17","CAIAPO INDUSTRIA E COMERCIO DE AGUA MINERAL LTDA","JATAÍ - GO","ÁGUA MINERAL","Engarrafamento","Sim"
"Gerência Regional / GO","860821/2000","Requerimento de Autorização de Pesquisa","Concessão de Lavra","06.293.722/0002-49","MRC - MINERADORA RIO CLARO EIRELI","FAZENDA NOVA - GO","GRANITO","Demais substâncias","Sim"
"Gerência Regional / GO","861018/2000","Requerimento de Autorização de Pesquisa","Concessão de Lavra","23.640.204/0001-92","Mineração Curimbaba Ltda","SANTA RITA DO NOVO DESTINO - GO","MINÉRIO DE ALUMÍNIO","Industrial","Sim"
"Gerência Regional / GO","861026/2000","Requerimento de Autorização de Pesquisa","Concessão de Lavra","26.970.103/0001-78","BRITACAL IND E COM DE BRITA E CALCARIO BRASILIA LTDA","PLANALTINA - GO","CALCÁRIO","Industrial","Sim"
"Gerência Regional / GO","861040/2000","Requerimento de Autorização de Pesquisa","Concessão de Lavra","04.832.053/0001-20","PEDREIRA SERRA AZUL EIRELI","SÃO MIGUEL DO ARAGUAIA - GO","GNAISSE","Demais substâncias","Sim"
"Gerência Regional / GO","861065/2000","Requerimento de Autorização de Pesquisa","Concessão de Lavra","62.258.884/0001-36","INTERCEMENT BRASIL S/A - EM RECUPERACAO JUDICIAL","CEZARINA - GO","CALCÁRIO","Industrial","Sim"
"Gerência Regional / GO","861082/2000","Requerimento de Autorização de Pesquisa","Concessão de Lavra","08.528.222/0001-93","BRITAGRAN BRITAS E GRANITOS MINERADORA LTDA","NOVA VENEZA - GO","GNAISSE","Demais substâncias","Sim"
"Gerência Regional / GO","861100/2000","Requerimento de Autorização de Pesquisa","Concessão de Lavra","02.545.352/0001-58","AREAL OURO FINO LTDA","CORUMBÁ DE GOIÁS - GO","QUARTZITO","Industrial","Sim"
"Gerência Regional / GO","861178/2000","Requerimento de Autorização de Pesquisa","Concessão de Lavra","04.261.672/0001-01","EBCBM LTDA","INDIARA - GO, JANDAIA - GO","AREIA, MINÉRIO DE OURO","Construção civil, Metalurgia","Sim"
"Gerência Regional / GO","860017/2001","Requerimento de Autorização de Pesquisa","Concessão de Lavra","01.005.875/0001-49","PEDREIRA ITAUNA LTDA","APARECIDA DE GOIÂNIA - GO, HIDROLÂNDIA - GO","XISTO","Brita","Sim"
"Gerência Regional / GO","860070/2001","Requerimento de Autorização de Pesquisa","Concessão de Lavra","05.163.702/0001-00","MG MINERACAO GREEN GOLD EIRELI","CRISTALINA - GO","AREIA","Demais substâncias","Sim"
"Gerência Regional / GO","860083/2001","Requerimento de Autorização de Pesquisa","Concessão de Lavra","02.174.951/0001-02","MINERACAO DE CALCARIO MONTIVIDIU LTDA","PIRANHAS - GO","CALCÁRIO","Demais substâncias","Sim"
"Gerência Regional / GO","860099/2001","Requerimento de Autorização de Pesquisa","Concessão de Lavra","16.002.933/0001-58","C. DO V. ROCHELLE - MINERADORA DO VALE","RIO VERDE - GO","ÁGUA MINERAL","Industrial","Sim"
"Gerência Regional / GO","860171/2001","Requerimento de Autorização de Pesquisa","Concessão de Lavra","39.282.298/0002-96","MINERAÇÃO CORCOVADO DE MINAS LTDA","NOVA ROMA - GO","MÁRMORE","Demais substâncias","Sim"
"Gerência Regional / GO","860183/2001","Requerimento de Autorização de Pesquisa","Concessão de Lavra","02.319.226/0001-85","AGUA SANTA EMPREENDIMENTOS LTDA","ARAGARÇAS - GO","ÁGUA MINERAL","Balneoterapia","Sim"
"Gerência Regional / GO","860213/2001","Requerimento de Autorização de Pesquisa","Concessão de Lavra","07.033.559/0001-67","MINERACAO DOMA LTDA","ITAPURANGA - GO, URUANA - GO","AREIA, CASCALHO","Construção civil, Construção civil","Sim"
"Gerência Regional / GO","860233/2001","Requerimento de Autorização de Pesquisa","Concessão de Lavra","13.568.566/0001-66","MINERACAO GNB LTDA","PORANGATU - GO","GRANULITO","Demais substâncias","Sim"
"Gerência Regional / GO","860237/2001","Requerimento de Autorização de Pesquisa","Concessão de Lavra","08.528.222/0001-93","BRITAGRAN BRITAS E GRANITOS MINERADORA LTDA","NOVA VENEZA - GO","GNAISSE","Demais substâncias","Sim"
"Gerência Regional / GO","860242/2001","Requerimento de Autorização de Pesquisa","Concessão de Lavra","78.851.995/0006-04","KADE ENGENHARIA E CONSTRUÇÃO LTDA.","RIO VERDE - GO","AREIA","Construção civil","Sim"
"Gerência Regional / GO","860246/2001","Requerimento de Autorização de Pesquisa","Concessão de Lavra","26.898.916/0001-02","ARQUIMEDES & FIGUEIREDO LTDA","PIRENÓPOLIS - GO","QUARTZITO","Demais substâncias","Sim"
"Gerência Regional / GO","860263/2001","Requerimento de Autorização de Pesquisa","Concessão de Lavra","02.130.870/0001-00","BENUNES E BENUNES LTDA","GOIÁS - GO","CALCÁRIO DOLOMÍTICO","Corretivo de solo","Sim"
"Gerência Regional / GO","860360/2001","Requerimento de Autorização de Pesquisa","Concessão de Lavra","04.596.259/0001-06","MINERACAO CAPA BRANCA LTDA","RIO VERDE - GO","DOLOMITO","Demais substâncias","Sim"
"Gerência Regional / GO","860372/2001","Requerimento de Autorização de Pesquisa","Concessão de Lavra","80.084.809/0001-88","COLORMINAS COLORIFICIO E MINERACAO LTDA","ANÁPOLIS - GO","ARGILA","Cerâmica vermelha","Sim"
"Gerência Regional / GO","860402/2001","Requerimento de Autorização de Pesquisa","Concessão de Lavra","26.108.898/0001-00","CMOC BRASIL MINERACAO, INDUSTRIA E PARTICIPACOES LTDA.","CATALÃO - GO, OUVIDOR - GO","BARITA, FOSFATO, MINÉRIO DE NIÓBIO","Fertilizantes, Industrial, Industrial","Sim"
"Gerência Regional / GO","860432/2001","Requerimento de Autorização de Pesquisa","Concessão de Lavra","04.261.672/0001-01","EBCBM LTDA","INDIARA - GO, JANDAIA - GO","AREIA","Construção civil","Sim"
"Gerência Regional / GO","860433/2001","Requerimento de Autorização de Pesquisa","Concessão de Lavra","04.261.672/0001-01","EBCBM LTDA","INDIARA - GO, JANDAIA - GO","AREIA","Construção civil","Sim"
"Gerência Regional / GO","860434/2001","Requerimento de Autorização de Pesquisa","Concessão de Lavra","04.261.672/0001-01","EBCBM LTDA","INDIARA - GO, JANDAIA - GO","AREIA","Construção civil","Sim"
"Gerência Regional / GO","860435/2001","Requerimento de Autorização de Pesquisa","Concessão de Lavra","04.261.672/0001-01","EBCBM LTDA","INDIARA - GO, JANDAIA - GO","AREIA","Construção civil","Sim"
"Gerência Regional / GO","860436/2001","Requerimento de Autorização de Pesquisa","Concessão de Lavra","04.261.672/0001-01","EBCBM LTDA","INDIARA - GO, JANDAIA - GO","AREIA","Construção civil","Sim"
"Gerência Regional / GO","860437/2001","Requerimento de Autorização de Pesquisa","Concessão de Lavra","04.261.672/0001-01","EBCBM LTDA","INDIARA - GO, JANDAIA - GO","AREIA","Construção civil","Sim"
"Gerência Regional / GO","860540/2001","Requerimento de Autorização de Pesquisa","Concessão de Lavra","14.134.311/0001-58","AGUA MINERAL BEIRA DA MATA INDUSTRIA E COMERCIO LTDA","HIDROLÂNDIA - GO","ÁGUA POTÁVEL DE MESA","Industrial","Sim"
"Gerência Regional / GO","860558/2001","Requerimento de Autorização de Pesquisa","Concessão de Lavra","01.719.007/0001-20","SAO PEDRO MINERACAO E INDUSTRIA LTDA","MIMOSO DE GOIÁS - GO, PADRE BERNARDO - GO","AREIA","Construção civil","Sim"
"Gerência Regional / GO","860561/2001","Requerimento de Autorização de Pesquisa","Concessão de Lavra","04.926.666/0001-26","CELESTIAL INDÚSTRIA BRASILEIRA DE ÁGUA MINERAL LTDA","CACHOEIRA ALTA - GO","ÁGUA MINERAL","Industrial","Sim"
"Gerência Regional / GO","860619/2001","Requerimento de Autorização de Pesquisa","Concessão de Lavra","38.046.421/0001-26","AZ CONSTRUTORA E COMÉRCIO LTDA","MIMOSO DE GOIÁS - GO, PADRE BERNARDO - GO","AREIA","Construção civil","Sim"
"Gerência Regional / GO","860685/2001","Requerimento de Autorização de Pesquisa","Concessão de Lavra","63.798.625/0001-60","F3A AGUA MINERAL NATURAL LTDA","ABADIÂNIA - GO","ÁGUA MINERAL","Industrial","Sim"
"Gerência Regional / GO","860753/2001","Requerimento de Autorização de Pesquisa","Concessão de Lavra","05.835.276/0001-03","RIO MINERALS LTDA","URUANA - GO","SIENITO","Demais substâncias","Sim"
"Gerência Regional / GO","860754/2001","Requerimento de Autorização de Pesquisa","Concessão de Lavra","01.719.007/0001-20","SAO PEDRO MINERACAO E INDUSTRIA LTDA","MIMOSO DE GOIÁS - GO, PADRE BERNARDO - GO, VILA PROPÍCIO - GO","AREIA","Construção civil","Sim"
"Gerência Regional / GO","860761/2001","Requerimento de Autorização de Pesquisa","Concessão de Lavra","00.057.240/0001-22","CIPLAN CIMENTO PLANALTO SA","GUAPÓ - GO","GRANITO","Construção civil","Sim"
"Gerência Regional / GO","860783/2001","Requerimento de Autorização de Pesquisa","Concessão de Lavra","02.545.352/0001-58","AREAL OURO FINO LTDA","CORUMBÁ DE GOIÁS - GO","QUARTZITO","Industrial","Sim"
"Gerência Regional / GO","860809/2001","Requerimento de Autorização de Pesquisa","Concessão de Lavra","02.094.748/0001-26","Mineraçâo e Transportes Corumbá Ltda","CORUMBAÍBA - GO, MARZAGÃO - GO","AREIA","Construção civil","Sim"
"Gerência Regional / GO","860810/2001","Requerimento de Autorização de Pesquisa","Concessão de Lavra","02.094.748/0001-26","Mineraçâo e Transportes Corumbá Ltda","CALDAS NOVAS - GO, CORUMBAÍBA - GO, MARZAGÃO - GO","AREIA","Construção civil","Sim"
"Gerência Regional / GO","860811/2001","Requerimento de Autorização de Pesquisa","Concessão de Lavra","02.094.748/0001-26","Mineraçâo e Transportes Corumbá Ltda","CALDAS NOVAS - GO, CORUMBAÍBA - GO","AREIA","Construção civil","Sim"
"Gerência Regional / GO","860812/2001","Requerimento de Autorização de Pesquisa","Concessão de Lavra","02.094.748/0001-26","Mineraçâo e Transportes Corumbá Ltda","CALDAS NOVAS - GO, CORUMBAÍBA - GO","AREIA","Construção civil","Sim"
"Gerência Regional / GO","860831/2001","Requerimento de Autorização de Pesquisa","Concessão de Lavra","50.221.019/0001-36","HNK BR INDUSTRIA DE BEBIDAS LTDA.","ALEXÂNIA - GO","ÁGUA MINERAL","Industrial","Sim"
"Gerência Regional / GO","860837/2001","Requerimento de Registro de Licença","Concessão de Lavra","01.126.983/0001-70","Arenan Extração e Comércio de Areia Ltda","ORIZONA - GO","AREIA","Construção civil","Sim"
"Gerência Regional / GO","860838/2001","Requerimento de Registro de Licença","Concessão de Lavra","01.126.983/0001-70","Arenan Extração e Comércio de Areia Ltda","ORIZONA - GO","AREIA","Construção civil","Sim"
"Gerência Regional / GO","860878/2001","Requerimento de Autorização de Pesquisa","Concessão de Lavra","37.588.415/0001-38","MINERACAO PIRINEUS LTDA","COCALZINHO DE GOIÁS - GO, VILA PROPÍCIO - GO","DOLOMITO","Demais substâncias","Sim"
"Gerência Regional / GO","860882/2001","Requerimento de Autorização de Pesquisa","Concessão de Lavra","37.657.541/0001-05","RINCO INDUSTRIA E COMERCIO DE PRODUTOS ALIMENTICIOS E BEBIDAS S/A","RIO VERDE - GO","ÁGUA MINERAL","Industrial","Sim"
"Gerência Regional / GO","860900/2001","Requerimento de Autorização de Pesquisa","Concessão de Lavra","04.596.259/0001-06","MINERACAO CAPA BRANCA LTDA","RIO VERDE - GO","DOLOMITO","Demais substâncias","Sim"
"Gerência Regional / GO","860923/2001","Requerimento de Autorização de Pesquisa","Concessão de Lavra","37.588.415/0001-38","MINERACAO PIRINEUS LTDA","VILA PROPÍCIO - GO","DOLOMITO","Demais substâncias","Sim"
"Gerência Regional / GO","860926/2001","Requerimento de Autorização de Pesquisa","Concessão de Lavra","02.787.125/0001-39","PIRECAL PIRENOPOLIS CALCARIO LTDA","GUARANI DE GOIÁS - GO","CALCÁRIO, DOLOMITO","Corretivo de solo, Industrial","Sim"
"Gerência Regional / GO","860969/2001","Requerimento de Autorização de Pesquisa","Concessão de Lavra","03.007.590/0001-72","BRITAGO MINERACAO INDUSTRIA E COMERCIO LTDA","AVELINÓPOLIS - GO","DIORITO, DIORITO","Brita, Revestimento","Sim"
"Gerência Regional / GO","860970/2001","Requerimento de Autorização de Pesquisa","Concessão de Lavra","03.007.590/0001-72","BRITAGO MINERACAO INDUSTRIA E COMERCIO LTDA","AVELINÓPOLIS - GO","DIORITO","Brita","Sim"
"Gerência Regional / GO","860979/2001","Requerimento de Autorização de Pesquisa","Concessão de Lavra","03.417.227/0001-25","TARCAL TRANSPORTES E MATERIAL DE CONSTRUCAO LTDA","JARAGUÁ - GO","AREIA, CASCALHO","Construção civil, Construção civil","Sim"
"Gerência Regional / GO","861042/2001","Requerimento de Autorização de Pesquisa","Concessão de Lavra","01.637.895/0001-32","VOTORANTIM CIMENTOS S.A.","EDÉIA - GO","CALCÁRIO, MÁRMORE","Demais substâncias, Fabricação de cimento","Sim"
"Gerência Regional / GO","861043/2001","Requerimento de Autorização de Pesquisa","Concessão de Lavra","02.174.951/0001-02","MINERACAO DE CALCARIO MONTIVIDIU LTDA","MONTIVIDIU - GO","DOLOMITO","Demais substâncias","Sim"
"Gerência Regional / GO","861079/2001","Requerimento de Autorização de Pesquisa","Concessão de Lavra","06.293.722/0002-49","MRC - MINERADORA RIO CLARO EIRELI","FAZENDA NOVA - GO","GRANITO","Demais substâncias","Sim"
"Gerência Regional / GO","861105/2001","Requerimento de Autorização de Pesquisa","Concessão de Lavra","62.258.884/0001-36","INTERCEMENT BRASIL S/A - EM RECUPERACAO JUDICIAL","CEZARINA - GO","GRANITO","Industrial","Sim"
"Gerência Regional / GO","861112/2001","Requerimento de Autorização de Pesquisa","Concessão de Lavra","33.264.359/0001-25","Rei das Pedras","PIRENÓPOLIS - GO","QUARTZITO","Industrial","Sim"
"Gerência Regional / GO","860002/2002","Requerimento de Autorização de Pesquisa","Concessão de Lavra","04.306.016/0001-88","AGUA MINERAL BELA VISTA LTDA","BELA VISTA DE GOIÁS - GO","ÁGUA POTÁVEL DE MESA","Industrial","Sim"
"Gerência Regional / GO","860015/2002","Requerimento de Autorização de Pesquisa","Concessão de Lavra","10.870.821/0001-32","PEDREIRA SANTA RITA LTDA","SILVÂNIA - GO","CALCÁRIO","Corretivo de solo","Sim"
"Gerência Regional / GO","860053/2002","Requerimento de Autorização de Pesquisa","Concessão de Lavra","06.156.218/0001-16","Areial Fartura Ltda","CÓRREGO DO OURO - GO, SANCLERLÂNDIA - GO","AREIA","Construção civil","Sim"
"Gerência Regional / GO","860063/2002","Requerimento de Autorização de Pesquisa","Concessão de Lavra","21.962.006/0001-10","Loguiminas Serviços e Mineração Ltda","GUARANI DE GOIÁS - GO","DOLOMITO","Demais substâncias","Sim"
"Gerência Regional / GO","860064/2002","Requerimento de Autorização de Pesquisa","Concessão de Lavra","07.638.538/0001-75","CALBRAX CALCARIO AGRICOLA LTDA","IACIARA - GO","DOLOMITO","Industrial","Sim"
"Gerência Regional / GO","860110/2002","Requerimento de Autorização de Pesquisa","Concessão de Lavra","03.007.590/0001-72","BRITAGO MINERACAO INDUSTRIA E COMERCIO LTDA","SANTA BÁRBARA DE GOIÁS - GO","DIORITO, MINÉRIO DE TITÂNIO","Brita, Industrial","Sim"
"Gerência Regional / GO","860172/2002","Requerimento de Registro de Licença","Concessão de Lavra","02.056.554/0001-36","CALCARIO RIO VERDE MINERACAO E AGROPECUARIA LTDA","CAIAPÔNIA - GO","DOLOMITO","Demais substâncias","Sim"
"Gerência Regional / GO","860173/2002","Requerimento de Registro de Licença","Concessão de Lavra","02.056.554/0001-36","CALCARIO RIO VERDE MINERACAO E AGROPECUARIA LTDA","CAIAPÔNIA - GO","DOLOMITO","Demais substâncias","Sim"
"Gerência Regional / GO","860329/2002","Requerimento de Autorização de Pesquisa","Concessão de Lavra","05.163.702/0001-00","MG MINERACAO GREEN GOLD EIRELI","CRISTALINA - GO","AREIA, CASCALHO","Demais substâncias, Demais substâncias","Sim"
"Gerência Regional / GO","860361/2002","Requerimento de Autorização de Pesquisa","Concessão de Lavra","03.297.900/0001-30","AGUAS DE CALDAS-NOVAS COLONIA DO SESC LTDA","JATAÍ - GO","ÁGUA MINERAL","Balneoterapia","Sim"
"Gerência Regional / GO","860366/2002","Requerimento de Autorização de Pesquisa","Concessão de Lavra","35.770.961/0001-60","AGUA MINERAL GUARANI LTDA","HIDROLÂNDIA - GO","ÁGUA MINERAL, ÁGUA MINERAL, MINÉRIO DE OURO","Balneoterapia, Engarrafamento, Industrial","Sim"
"Gerência Regional / GO","860412/2002","Requerimento de Autorização de Pesquisa","Concessão de Lavra","03.417.227/0001-25","TARCAL TRANSPORTES E MATERIAL DE CONSTRUCAO LTDA","PIRES DO RIO - GO, SANTA CRUZ DE GOIÁS - GO","AREIA","Demais substâncias","Sim"
"Gerência Regional / GO","860469/2002","Requerimento de Autorização de Pesquisa","Concessão de Lavra","03.417.227/0001-25","TARCAL TRANSPORTES E MATERIAL DE CONSTRUCAO LTDA","JARAGUÁ - GO","AREIA, CASCALHO","Construção civil, Demais substâncias","Sim"
"Gerência Regional / GO","860494/2002","Requerimento de Autorização de Pesquisa","Concessão de Lavra","02.094.748/0001-26","Mineraçâo e Transportes Corumbá Ltda","CORUMBAÍBA - GO","AREIA","Construção civil","Sim"
"Gerência Regional / GO","860519/2002","Requerimento de Autorização de Pesquisa","Concessão de Lavra","00.114.258/0001-19","AREIALTO EXTRACAO COMERCIO E TRANSPORTES DE AREIA LTDA","ORIZONA - GO, PIRES DO RIO - GO","AREIA","Construção civil","Sim"
"Gerência Regional / GO","860524/2002","Requerimento de Autorização de Pesquisa","Concessão de Lavra","01.976.153/0002-12","ELETRO MINERACAO SAO SIMAO LTDA","SÃO SIMÃO - GO","BASALTO","Brita","Sim"
"Gerência Regional / GO","860626/2002","Requerimento de Autorização de Pesquisa","Concessão de Lavra","03.417.227/0001-25","TARCAL TRANSPORTES E MATERIAL DE CONSTRUCAO LTDA","JARAGUÁ - GO","AREIA","Construção civil","Sim"
"Gerência Regional / GO","860629/2002","Requerimento de Autorização de Pesquisa","Concessão de Lavra","01.719.007/0001-20","SAO PEDRO MINERACAO E INDUSTRIA LTDA","PADRE BERNARDO - GO, VILA PROPÍCIO - GO","AREIA","Construção civil","Sim"
"Gerência Regional / GO","860723/2002","Requerimento de Autorização de Pesquisa","Concessão de Lavra","05.566.668/0001-14","Agregados Para A Construção Civil Ltda","PLANALTINA - GO","AREIA","Construção civil","Sim"
"Gerência Regional / GO","860734/2002","Requerimento de Autorização de Pesquisa","Concessão de Lavra","19.635.242/0001-80","MISTEL MINERACAO SANTA TEREZINHA LTDA","LUZIÂNIA - GO","XISTO","Industrial","Sim"
"Gerência Regional / GO","860782/2002","Requerimento de Autorização de Pesquisa","Concessão de Lavra","02.787.125/0001-39","PIRECAL PIRENOPOLIS CALCARIO LTDA","GUARANI DE GOIÁS - GO","CALCÁRIO DOLOMÍTICO, DOLOMITO, DOLOMITO","Corretivo de solo, Corretivo de solo, Industrial","Sim"
"Gerência Regional / GO","860956/2002","Requerimento de Autorização de Pesquisa","Concessão de Lavra","14.526.202/0001-86","AREIAL J. R LTDA","CAMPESTRE DE GOIÁS - GO, PALMEIRAS DE GOIÁS - GO","AREIA","Demais substâncias","Sim"
"Gerência Regional / GO","861058/2002","Requerimento de Autorização de Pesquisa","Concessão de Lavra","00.057.240/0001-22","CIPLAN CIMENTO PLANALTO SA","FORMOSA - GO","ARGILA, TURFA","Industrial, Industrial","Sim"
"Gerência Regional / GO","860057/2003","Requerimento de Autorização de Pesquisa","Concessão de Lavra","28.443.446/0001-00","L F MONTEIRO FILHO","JARAGUÁ - GO, SÃO FRANCISCO DE GOIÁS - GO","AREIA, CASCALHO","Construção civil, Construção civil","Sim"
"Gerência Regional / GO","860135/2003","Requerimento de Autorização de Pesquisa","Concessão de Lavra","04.261.672/0001-01","EBCBM LTDA","INDIARA - GO, JANDAIA - GO","AREIA","Construção civil","Sim"
"Gerência Regional / GO","860136/2003","Requerimento de Autorização de Pesquisa","Concessão de Lavra","04.261.672/0001-01","EBCBM LTDA","JANDAIA - GO","AREIA","Construção civil","Sim"
"Gerência Regional / GO","860137/2003","Requerimento de Autorização de Pesquisa","Concessão de Lavra","04.261.672/0001-01","EBCBM LTDA","INDIARA - GO, JANDAIA - GO","AREIA","Construção civil","Sim"
"Gerência Regional / GO","860273/2003","Requerimento de Autorização de Pesquisa","Concessão de Lavra","86.902.053/0001-13","MINERACAO MARACA INDUSTRIA E COMERCIO S/A","ALTO HORIZONTE - GO, NOVA IGUAÇU DE GOIÁS - GO, PILAR DE GOIÁS - GO","MINÉRIO DE COBRE, MINÉRIO DE OURO, MINÉRIO DE PRATA","Industrial, Industrial, Industrial","Sim"
"Gerência Regional / GO","860282/2003","Requerimento de Autorização de Pesquisa","Concessão de Lavra","13.648.937/0001-10","Cpx Goiana Mineração S.a.","ANICUNS - GO","CALCÁRIO DOLOMÍTICO","Industrial","Sim"
"Gerência Regional / GO","860312/2003","Requerimento de Autorização de Pesquisa","Concessão de Lavra","17.125.322/0001-60","EMBRAAREIA EMPRESA DE EXTRACAO E COMERCIO DE AREIA LTDA","SANTA RITA DO NOVO DESTINO - GO, URUAÇU - GO","AREIA","Construção civil","Sim"
"Gerência Regional / GO","860313/2003","Requerimento de Autorização de Pesquisa","Concessão de Lavra","05.620.834/0001-13","MINERACAO PLANALTO LTDA","SANTA RITA DO NOVO DESTINO - GO, URUAÇU - GO","AREIA","Construção civil","Sim"
"Gerência Regional / GO","860347/2003","Requerimento de Autorização de Pesquisa","Concessão de Lavra","01.126.983/0001-70","Arenan Extração e Comércio de Areia Ltda","LUZIÂNIA - GO, ORIZONA - GO","AREIA, DIAMANTE INDUSTRIAL","Construção civil, Industrial","Sim"
"Gerência Regional / GO","860433/2003","Requerimento de Autorização de Pesquisa","Concessão de Lavra","03.007.590/0001-72","BRITAGO MINERACAO INDUSTRIA E COMERCIO LTDA","AVELINÓPOLIS - GO","DIORITO, GNAISSE","Brita, Construção civil","Sim"
"Gerência Regional / GO","860440/2003","Requerimento de Autorização de Pesquisa","Concessão de Lavra","50.170.281/0012-51","PEDREIRA ANHANGUERA S.A. - EMPRESA DE MINERAÇÃO","GOIANIRA - GO","GRANITO, GRANITO","Brita, Pedra decorativa","Sim"
"Gerência Regional / GO","860460/2003","Requerimento de Autorização de Pesquisa","Concessão de Lavra","08.528.222/0001-93","BRITAGRAN BRITAS E GRANITOS MINERADORA LTDA","NOVA VENEZA - GO","GRANITO, GRANITO P/ REVESTIMENTO","Revestimento, Revestimento","Sim"
"Gerência Regional / GO","860479/2003","Requerimento de Autorização de Pesquisa","Concessão de Lavra","34.031.776/0001-90","VALE DO RIO VERDE COMERCIO DE MATERIAIS PARA CONSTRUCAO EIRELI","JATAÍ - GO","AREIA","Construção civil","Sim"
"Gerência Regional / GO","860481/2003","Requerimento de Autorização de Pesquisa","Concessão de Lavra","34.031.776/0001-90","VALE DO RIO VERDE COMERCIO DE MATERIAIS PARA CONSTRUCAO EIRELI","JATAÍ - GO","AREIA","Construção civil","Sim"
"Gerência Regional / GO","860482/2003","Requerimento de Autorização de Pesquisa","Concessão de Lavra","37.813.440/0001-78","COMERCIAL AREIA SAO SEBASTIAO LTDA","JATAÍ - GO","AREIA","Construção civil","Sim"
"Gerência Regional / GO","860483/2003","Requerimento de Autorização de Pesquisa","Concessão de Lavra","37.813.440/0001-78","COMERCIAL AREIA SAO SEBASTIAO LTDA","JATAÍ - GO","AREIA","Construção civil","Sim"
"Gerência Regional / GO","860554/2003","Requerimento de Autorização de Pesquisa","Concessão de Lavra","05.036.167/0001-26","SEBA COMERCIO E INDUSTRIA LTDA","CALDAS NOVAS - GO, PIRES DO RIO - GO","AREIA, DIAMANTE INDUSTRIAL","Construção civil, Industrial","Sim"
"Gerência Regional / GO","860556/2003","Requerimento de Autorização de Pesquisa","Concessão de Lavra","33.624.438/0001-08","SETA MINERACAO LTDA","CAÇU - GO, SÃO SIMÃO - GO","AREIA, CASCALHO","Construção civil, Construção civil","Sim"
"Gerência Regional / GO","860560/2003","Requerimento de Autorização de Pesquisa","Concessão de Lavra","13.648.937/0001-10","Cpx Goiana Mineração S.a.","ANICUNS - GO, AVELINÓPOLIS - GO","CALCÁRIO","Demais substâncias","Sim"
"Gerência Regional / GO","860602/2003","Requerimento de Autorização de Pesquisa","Concessão de Lavra","08.638.106/0001-27","PEDREIRA FORTALEZA DO BAUZINHO LTDA","RIO VERDE - GO, SANTA HELENA DE GOIÁS - GO","BASALTO","Industrial","Sim"
"Gerência Regional / GO","860630/2003","Requerimento de Autorização de Pesquisa","Concessão de Lavra","11.388.431/0001-93","PEDRAS MULTICORES LTDA","PIRENÓPOLIS - GO","QUARTZITO","Industrial","Sim"
"Gerência Regional / GO","860631/2003","Requerimento de Autorização de Pesquisa","Concessão de Lavra","11.388.431/0001-93","PEDRAS MULTICORES LTDA","PIRENÓPOLIS - GO","QUARTZITO","Industrial","Sim"
"Gerência Regional / GO","860745/2003","Requerimento de Autorização de Pesquisa","Concessão de Lavra","08.155.670/0001-99","D. L. do Prado M. Construcao Me","EDEALINA - GO, PONTALINA - GO","AREIA, MINÉRIO DE TITÂNIO","Construção civil, Industrial","Sim"
"Gerência Regional / GO","860762/2003","Requerimento de Autorização de Pesquisa","Concessão de Lavra","07.478.600/0001-09","CERAMIKALYS INDUSTRIA CERAMICA E COMERCIO LTDA","ÁGUAS LINDAS DE GOIÁS - GO, COCALZINHO DE GOIÁS - GO","AREIA","Construção civil","Sim"
"Gerência Regional / GO","860891/2003","Requerimento de Autorização de Pesquisa","Concessão de Lavra","04.746.729/0001-62","LEVANTINA NATURAL STONE BRASIL LTDA","MONTIVIDIU DO NORTE - GO","GRANITO, GRANITO P/ REVESTIMENTO","Revestimento, Revestimento","Sim"
"Gerência Regional / GO","860904/2003","Requerimento de Autorização de Pesquisa","Concessão de Lavra","62.258.884/0001-36","INTERCEMENT BRASIL S/A - EM RECUPERACAO JUDICIAL","CEZARINA - GO","CALCÁRIO","Industrial","Sim"
"Gerência Regional / GO","860936/2003","Requerimento de Autorização de Pesquisa","Concessão de Lavra","37.208.486/0001-68","VMF MINERACAO E CALCARIO LTDA","ANICUNS - GO","CALCÁRIO DOLOMÍTICO","Demais substâncias","Sim"
"Gerência Regional / GO","860975/2003","Requerimento de Autorização de Pesquisa","Concessão de Lavra","06.730.693/0001-54","MINERACAO BELOCAL LTDA","PLANALTINA - GO","DOLOMITO","Demais substâncias","Sim"
"Gerência Regional / GO","861152/2003","Requerimento de Autorização de Pesquisa","Concessão de Lavra","05.163.702/0001-00","MG MINERACAO GREEN GOLD EIRELI","CRISTALINA - GO","AREIA","Construção civil","Sim"
"Gerência Regional / GO","861155/2003","Requerimento de Autorização de Pesquisa","Concessão de Lavra","07.191.574/0001-33","MARIZA AGUAS MINERAIS LTDA","HIDROLÂNDIA - GO","ÁGUA MINERAL","Industrial","Sim"
"Gerência Regional / GO","861187/2003","Requerimento de Autorização de Pesquisa","Concessão de Lavra","02.195.907/0001-89","JOSÉ EUSTÁQUIO DE SOUSA","CUMARI - GO","AREIA, CASCALHO","Construção civil, Construção civil","Sim"
"Gerência Regional / GO","861192/2003","Requerimento de Autorização de Pesquisa","Concessão de Lavra","01.126.983/0001-70","Arenan Extração e Comércio de Areia Ltda","ORIZONA - GO","AREIA, DIAMANTE INDUSTRIAL","Construção civil, Industrial","Sim"
"Gerência Regional / GO","861200/2003","Requerimento de Autorização de Pesquisa","Concessão de Lavra","10.482.288/0001-31","HIDROMINERAL CELESTE LTDA","ITUMBIARA - GO","ÁGUA MINERAL","Industrial","Sim"
"Gerência Regional / GO","861283/2003","Requerimento de Autorização de Pesquisa","Concessão de Lavra","01.445.576/0001-25","TERRA GOYANA MINERADORA LTDA","BARRO ALTO - GO, SANTA RITA DO NOVO DESTINO - GO","MINÉRIO DE ALUMÍNIO","Demais substâncias","Sim"
"Gerência Regional / GO","861315/2003","Requerimento de Autorização de Pesquisa","Concessão de Lavra","05.163.702/0001-00","MG MINERACAO GREEN GOLD EIRELI","CRISTALINA - GO","AREIA","Demais substâncias","Sim"
"Gerência Regional / GO","861326/2003","Requerimento de Autorização de Pesquisa","Concessão de Lavra","39.282.298/0001-05","MINERACAO CORCOVADO DE MINAS LTDA","NOVA ROMA - GO","CONGLOMERADO, MINÉRIO DE TITÂNIO, QUARTZITO","Industrial, Revestimento, Revestimento","Sim"
"Gerência Regional / GO","861332/2003","Requerimento de Autorização de Pesquisa","Concessão de Lavra","01.126.983/0001-70","Arenan Extração e Comércio de Areia Ltda","ORIZONA - GO","AREIA","Construção civil","Sim"
"Gerência Regional / GO","860042/2004","Requerimento de Autorização de Pesquisa","Concessão de Lavra","00.097.494/0001-74","CAMPOS AGRICOLA LTDA","FORMOSA - GO","AREIA, SAIBRO","Demais substâncias, Demais substâncias","Sim"
"Gerência Regional / GO","860076/2004","Requerimento de Autorização de Pesquisa","Concessão de Lavra","21.962.006/0001-10","Loguiminas Serviços e Mineração Ltda","SÃO DOMINGOS - GO","DOLOMITO","Demais substâncias","Sim"
"Gerência Regional / GO","860094/2004","Requerimento de Autorização de Pesquisa","Concessão de Lavra","00.097.494/0001-74","CAMPOS AGRICOLA LTDA","FORMOSA - GO","AREIA, SAIBRO","Demais substâncias, Demais substâncias","Sim"
"Gerência Regional / GO","860160/2004","Requerimento de Autorização de Pesquisa","Concessão de Lavra","05.695.212/0001-54","MINERAÇÃO & TRANSPORTE NOSSA SENHORA APARECIDA LTDA","SANTA VITÓRIA - MG, SÃO SIMÃO - GO","AREIA, MINÉRIO DE OURO","Construção civil, Metalurgia","Sim"
"Gerência Regional / GO","860165/2004","Requerimento de Autorização de Pesquisa","Concessão de Lavra","06.978.870/0001-16","WESLEY JOSE DA SILVA","ARAGUARI - MG, CUMARI - GO","AREIA, DIAMANTE INDUSTRIAL","Construção civil, Industrial","Sim"
"Gerência Regional / GO","860190/2004","Requerimento de Autorização de Pesquisa","Concessão de Lavra","45.701.942/0001-35","AREAL PARANAIBA LTDA","ANHANGUERA - GO, ARAGUARI - MG","AREIA, DIAMANTE INDUSTRIAL","Construção civil, Industrial","Sim"
"Gerência Regional / GO","860202/2004","Requerimento de Autorização de Pesquisa","Concessão de Lavra","26.970.103/0001-78","BRITACAL IND E COM DE BRITA E CALCARIO BRASILIA LTDA","DIVINÓPOLIS DE GOIÁS - GO","CALCÁRIO, MINÉRIO DE OURO","Industrial, Industrial","Sim"
"Gerência Regional / GO","860243/2004","Requerimento de Autorização de Pesquisa","Concessão de Lavra","02.110.260/0001-45","JANDAIA CALCARIO AGRICOLA LTDA","JANDAIA - GO","CALCÁRIO, MINÉRIO DE TITÂNIO","Corretivo de solo, Industrial","Sim"
"Gerência Regional / GO","860260/2004","Requerimento de Autorização de Pesquisa","Concessão de Lavra","01.133.510/0001-08","MINERADORA SANTO EXPEDITO LTDA","BARRO ALTO - GO","MINÉRIO DE ALUMÍNIO","Demais substâncias","Sim"
"Gerência Regional / GO","860281/2004","Requerimento de Autorização de Pesquisa","Concessão de Lavra","05.163.702/0001-00","MG MINERACAO GREEN GOLD EIRELI","CRISTALINA - GO","AREIA, QUARTZO","Construção civil, Industrial","Sim"
"Gerência Regional / GO","860282/2004","Requerimento de Autorização de Pesquisa","Concessão de Lavra","05.163.702/0001-00","MG MINERACAO GREEN GOLD EIRELI","CRISTALINA - GO","AREIA, CASCALHO, QUARTZO","Construção civil, Construção civil, Industrial","Sim"
"Gerência Regional / GO","860308/2004","Requerimento de Autorização de Pesquisa","Concessão de Lavra","03.438.630/0001-30","AREIA BARRA AZUL EXTRACAO E COMERCIO LTDA","ARAGUARI - MG, CUMARI - GO","AREIA, CASCALHO, DIAMANTE INDUSTRIAL","Construção civil, Construção civil, Industrial","Sim"
"Gerência Regional / GO","860405/2004","Requerimento de Autorização de Pesquisa","Concessão de Lavra","05.695.212/0001-54","MINERAÇÃO & TRANSPORTE NOSSA SENHORA APARECIDA LTDA","CAÇU - GO, SANTA VITÓRIA - MG, SÃO SIMÃO - GO","AREIA","Construção civil","Sim"
"Gerência Regional / GO","860406/2004","Requerimento de Autorização de Pesquisa","Concessão de Lavra","21.823.063/0001-18","PILAR DE GOIAS DESENVOLVIMENTO MINERAL LTDA","PILAR DE GOIÁS - GO","MINÉRIO DE OURO","Industrial","Sim"
"Gerência Regional / GO","860416/2004","Requerimento de Autorização de Pesquisa","Concessão de Lavra","07.478.600/0001-09","CERAMIKALYS INDUSTRIA CERAMICA E COMERCIO LTDA","COCALZINHO DE GOIÁS - GO","ARGILA","Demais substâncias","Sim"
"Gerência Regional / GO","860457/2004","Requerimento de Autorização de Pesquisa","Concessão de Lavra","07.478.600/0001-09","CERAMIKALYS INDUSTRIA CERAMICA E COMERCIO LTDA","ÁGUAS LINDAS DE GOIÁS - GO, COCALZINHO DE GOIÁS - GO","AREIA, ARGILA, MINÉRIO DE OURO","Construção civil, Industrial, Industrial","Sim"
"Gerência Regional / GO","860503/2004","Requerimento de Autorização de Pesquisa","Concessão de Lavra","05.036.167/0001-26","SEBA COMERCIO E INDUSTRIA LTDA","CALDAS NOVAS - GO, IPAMERI - GO","AREIA, DIAMANTE INDUSTRIAL","Construção civil, Industrial","Sim"
"Gerência Regional / GO","860504/2004","Requerimento de Autorização de Pesquisa","Concessão de Lavra","05.036.167/0001-26","SEBA COMERCIO E INDUSTRIA LTDA","CALDAS NOVAS - GO, IPAMERI - GO","AREIA, DIAMANTE INDUSTRIAL","Construção civil, Industrial","Sim"
"Gerência Regional / GO","860525/2004","Requerimento de Autorização de Pesquisa","Concessão de Lavra","06.220.490/0001-18","Calcario Uruaçu Ltda","NIQUELÂNDIA - GO","CALCÁRIO DOLOMÍTICO, DOLOMITO","Corretivo de solo, Corretivo de solo","Sim"
"Gerência Regional / GO","860686/2004","Requerimento de Autorização de Pesquisa","Concessão de Lavra","05.695.212/0001-54","MINERAÇÃO & TRANSPORTE NOSSA SENHORA APARECIDA LTDA","SANTA VITÓRIA - MG, SÃO SIMÃO - GO","AREIA","Construção civil","Sim"
"Gerência Regional / GO","860694/2004","Requerimento de Autorização de Pesquisa","Concessão de Lavra","37.637.063/0001-63","SAN SEBASTIAN EMPREENDIMENTOS GERAIS LTDA","HIDROLÂNDIA - GO","ÁGUA MINERAL","Industrial","Sim"
"Gerência Regional / GO","860758/2004","Requerimento de Autorização de Pesquisa","Concessão de Lavra","05.036.167/0001-26","SEBA COMERCIO E INDUSTRIA LTDA","CALDAS NOVAS - GO, IPAMERI - GO","AREIA, DIAMANTE","Construção civil, Industrial","Sim"
"Gerência Regional / GO","860794/2004","Requerimento de Autorização de Pesquisa","Concessão de Lavra","16.699.653/0001-40","GUSMAO-LIMA MINERADORA LTDA","VILA PROPÍCIO - GO","CALCÁRIO, CALCÁRIO DOLOMÍTICO","Fabricação de cal, Industrial","Sim"
"Gerência Regional / GO","860910/2004","Requerimento de Autorização de Pesquisa","Concessão de Lavra","06.024.240/0001-02","Agropecuária Limírio Gonçalves Ltda.","CAMPO LIMPO DE GOIÁS - GO","ÁGUA MINERAL","Engarrafamento","Sim"
"Gerência Regional / GO","860975/2004","Requerimento de Autorização de Pesquisa","Concessão de Lavra","08.784.926/0001-27","Ds Godinho","PIRENÓPOLIS - GO","QUARTZITO","Revestimento","Sim"
"Gerência Regional / GO","860983/2004","Requerimento de Autorização de Pesquisa","Concessão de Lavra","01.140.744/0001-74","Mineração Manacá LTDA","AMARALINA - GO","MINÉRIO DE OURO, TALCO","Industrial, Industrial","Sim"
"Gerência Regional / GO","860985/2004","Requerimento de Autorização de Pesquisa","Concessão de Lavra","06.137.876/0001-60","TRANSAREIA LTDA","CACHOEIRA DOURADA - GO, CAPINÓPOLIS - MG","AREIA, CASCALHO","Construção civil, Demais substâncias","Sim"
"Gerência Regional / GO","861009/2004","Requerimento de Autorização de Pesquisa","Concessão de Lavra","05.919.578/0001-60","ITAFOS ARRAIAS MINERACAO E FERTILIZANTES S.A.","CAMPOS BELOS - GO","CALCÁRIO, FOSFATO","Corretivo de solo, Fertilizantes","Sim"
"Gerência Regional / GO","861013/2004","Requerimento de Registro de Licença","Concessão de Lavra","15.577.033/0001-76","Deposito de Areia Rio Santana e Transporte Ltda Me ","ITAPURANGA - GO","AREIA, CASCALHO","Construção civil, Construção civil","Sim"
"Gerência Regional / GO","861017/2004","Requerimento de Autorização de Pesquisa","Concessão de Lavra","05.036.167/0001-26","SEBA COMERCIO E INDUSTRIA LTDA","CALDAS NOVAS - GO, IPAMERI - GO","AREIA","Construção civil","Sim"
"Gerência Regional / GO","861121/2004","Requerimento de Autorização de Pesquisa","Concessão de Lavra","63.585.614/0001-00","FRANCO INDUSTRIALIZACAO E COMERCIALIZACAO DE AGUA MINERAL LTDA","JUSSARA - GO","ÁGUA MINERAL","Industrial","Sim"
"Gerência Regional / GO","861155/2004","Requerimento de Autorização de Pesquisa","Concessão de Lavra","01.277.116/0001-35","CONCREMAX MATERIAIS LTDA","MINEIROS - GO","AREIA, CASCALHO","Construção civil, Construção civil","Sim"
"Gerência Regional / GO","861156/2004","Requerimento de Autorização de Pesquisa","Concessão de Lavra","01.277.116/0001-35","CONCREMAX MATERIAIS LTDA","MINEIROS - GO","AREIA, CASCALHO","Construção civil, Construção civil","Sim"
"Gerência Regional / GO","861157/2004","Requerimento de Autorização de Pesquisa","Concessão de Lavra","01.277.116/0001-35","CONCREMAX MATERIAIS LTDA","MINEIROS - GO","AREIA, CASCALHO","Construção civil, Construção civil","Sim"
"Gerência Regional / GO","861295/2004","Requerimento de Autorização de Pesquisa","Concessão de Lavra","10.338.305/0001-61","Santa Vitória Energia e Mineração Ltda","SANTA CRUZ DE GOIÁS - GO","AREIA","Construção civil","Sim"
"Gerência Regional / GO","861321/2004","Requerimento de Autorização de Pesquisa","Concessão de Lavra","26.970.103/0001-78","BRITACAL IND E COM DE BRITA E CALCARIO BRASILIA LTDA","PLANALTINA - GO","CALCÁRIO, CALCÁRIO DOLOMÍTICO","Corretivo de solo, Industrial","Sim"
"Gerência Regional / GO","861344/2004","Requerimento de Autorização de Pesquisa","Concessão de Lavra","03.417.227/0001-25","TARCAL TRANSPORTES E MATERIAL DE CONSTRUCAO LTDA","SANTA CRUZ DE GOIÁS - GO","AREIA","Construção civil","Sim"
"Gerência Regional / GO","861469/2004","Requerimento de Autorização de Pesquisa","Concessão de Lavra","28.443.446/0001-00","L F MONTEIRO FILHO","JARAGUÁ - GO, SÃO FRANCISCO DE GOIÁS - GO","AREIA, CASCALHO","Construção civil, Construção civil","Sim"
"Gerência Regional / GO","860001/2005","Requerimento de Autorização de Pesquisa","Concessão de Lavra","14.526.202/0001-86","AREIAL J. R LTDA","GUAPÓ - GO, PALMEIRAS DE GOIÁS - GO","AREIA, OURO","Construção civil, Industrial","Sim"
"Gerência Regional / GO","860003/2005","Requerimento de Autorização de Pesquisa","Concessão de Lavra","03.250.862/0001-60","A. R. T. AREIAS RIO TESOURAS LTDA","MOZARLÂNDIA - GO, NOVA CRIXÁS - GO","AREIA, CASCALHO","Construção civil, Construção civil","Sim"
"Gerência Regional / GO","860004/2005","Requerimento de Autorização de Pesquisa","Concessão de Lavra","03.417.227/0001-25","TARCAL TRANSPORTES E MATERIAL DE CONSTRUCAO LTDA","SANTA CRUZ DE GOIÁS - GO","AREIA","Demais substâncias","Sim"
"Gerência Regional / GO","860047/2005","Requerimento de Autorização de Pesquisa","Concessão de Lavra","09.216.167/0001-69","MINERACOES DO BRASIL LTDA","CRISTALINA - GO, IPAMERI - GO","CALCÁRIO","Corretivo de solo","Sim"
"Gerência Regional / GO","860158/2005","Requerimento de Autorização de Pesquisa","Concessão de Lavra","08.897.104/0001-52","SALPAR PARTICIPACOES LTDA","SÃO JOÃO D'ALIANÇA - GO","FILITO, SILTITO","Industrial, Industrial","Sim"
"Gerência Regional / GO","860159/2005","Requerimento de Autorização de Pesquisa","Concessão de Lavra","10.306.257/0001-20","BRASIL MANGANES LTDA","CAVALCANTE - GO","MINÉRIO DE MANGANÊS, MINÉRIO DE OURO","Industrial, Industrial","Sim"
"Gerência Regional / GO","860160/2005","Requerimento de Autorização de Pesquisa","Concessão de Lavra","10.306.257/0001-20","BRASIL MANGANES LTDA","CAVALCANTE - GO","MINÉRIO DE MANGANÊS, MINÉRIO DE OURO","Industrial, Industrial","Sim"
"Gerência Regional / GO","860161/2005","Requerimento de Autorização de Pesquisa","Concessão de Lavra","10.306.257/0001-20","BRASIL MANGANES LTDA","CAVALCANTE - GO","MINÉRIO DE MANGANÊS, MINÉRIO DE OURO","Industrial, Industrial","Sim"
"Gerência Regional / GO","860162/2005","Requerimento de Autorização de Pesquisa","Concessão de Lavra","10.306.257/0001-20","BRASIL MANGANES LTDA","CAVALCANTE - GO","MINÉRIO DE MANGANÊS, MINÉRIO DE OURO","Industrial, Industrial","Sim"
"Gerência Regional / GO","860256/2005","Requerimento de Autorização de Pesquisa","Concessão de Lavra","08.640.137/0001-12","Manoel Aires Filho & Cia Ltda","LUZIÂNIA - GO","ÁGUA MINERAL","Industrial","Sim"
"Gerência Regional / GO","860310/2005","Requerimento de Autorização de Pesquisa","Concessão de Lavra","03.417.227/0001-25","TARCAL TRANSPORTES E MATERIAL DE CONSTRUCAO LTDA","SANTA CRUZ DE GOIÁS - GO","AREIA","Demais substâncias","Sim"
"Gerência Regional / GO","860370/2005","Requerimento de Autorização de Pesquisa","Concessão de Lavra","02.802.569/0001-04","CERAMICA CATALAO EIRELI","CATALÃO - GO, CUMARI - GO","AREIA, ARGILA, CASCALHO","Construção civil, Construção civil, Industrial","Sim"
"Gerência Regional / GO","860407/2005","Requerimento de Autorização de Pesquisa","Concessão de Lavra","05.163.702/0001-00","MG MINERACAO GREEN GOLD EIRELI","CRISTALINA - GO","AREIA","Construção civil","Sim"
"Gerência Regional / GO","860420/2005","Requerimento de Autorização de Pesquisa","Concessão de Lavra","23.640.204/0001-92","Mineração Curimbaba Ltda","BARRO ALTO - GO","MINÉRIO DE ALUMÍNIO","Industrial","Sim"
"Gerência Regional / GO","860445/2005","Requerimento de Autorização de Pesquisa","Concessão de Lavra","00.097.494/0001-74","CAMPOS AGRICOLA LTDA","FORMOSA - GO","AREIA, SAIBRO","Construção civil, Construção civil","Sim"
"Gerência Regional / GO","860446/2005","Requerimento de Autorização de Pesquisa","Concessão de Lavra","00.097.494/0001-74","CAMPOS AGRICOLA LTDA","FORMOSA - GO","AREIA, SAIBRO","Construção civil, Construção civil","Sim"
"Gerência Regional / GO","860447/2005","Requerimento de Autorização de Pesquisa","Concessão de Lavra","00.097.494/0001-74","CAMPOS AGRICOLA LTDA","FORMOSA - GO","AREIA, SAIBRO","Construção civil, Construção civil","Sim"
"Gerência Regional / GO","860448/2005","Requerimento de Autorização de Pesquisa","Concessão de Lavra","00.097.494/0001-74","CAMPOS AGRICOLA LTDA","FORMOSA - GO","AREIA, SAIBRO","Construção civil, Construção civil","Sim"
"Gerência Regional / GO","860449/2005","Requerimento de Autorização de Pesquisa","Concessão de Lavra","00.097.494/0001-74","CAMPOS AGRICOLA LTDA","FORMOSA - GO","AREIA, SAIBRO","Construção civil, Construção civil","Sim"
"Gerência Regional / GO","860450/2005","Requerimento de Autorização de Pesquisa","Concessão de Lavra","00.097.494/0001-74","CAMPOS AGRICOLA LTDA","FORMOSA - GO","AREIA, SAIBRO","Construção civil, Construção civil","Sim"
"Gerência Regional / GO","860451/2005","Requerimento de Autorização de Pesquisa","Concessão de Lavra","00.097.494/0001-74","CAMPOS AGRICOLA LTDA","FORMOSA - GO","AREIA, SAIBRO","Construção civil, Construção civil","Sim"
"Gerência Regional / GO","860452/2005","Requerimento de Autorização de Pesquisa","Concessão de Lavra","00.097.494/0001-74","CAMPOS AGRICOLA LTDA","FORMOSA - GO","AREIA, SAIBRO","Construção civil, Construção civil","Sim"
"Gerência Regional / GO","860473/2005","Requerimento de Autorização de Pesquisa","Concessão de Lavra","14.526.202/0001-86","AREIAL J. R LTDA","CEZARINA - GO, VARJÃO - GO","AREIA, MINÉRIO DE OURO","Construção civil, Ourivesaria","Sim"
"Gerência Regional / GO","860650/2005","Requerimento de Autorização de Pesquisa","Concessão de Lavra","18.424.895/0001-57","MINASGOIAS MINERACAO BERGAMO LTDA","CENTRALINA - MG, ITUMBIARA - GO","AREIA","Construção civil","Sim"
"Gerência Regional / GO","860665/2005","Requerimento de Autorização de Pesquisa","Concessão de Lavra","26.970.103/0001-78","BRITACAL IND E COM DE BRITA E CALCARIO BRASILIA LTDA","DIVINÓPOLIS DE GOIÁS - GO","CALCÁRIO","Industrial","Sim"
"Gerência Regional / GO","860694/2005","Requerimento de Autorização de Pesquisa","Concessão de Lavra","10.261.177/0001-03","Pedra Ferro Mineração Ltda.","PARAÚNA - GO","BASALTO","Industrial","Sim"
"Gerência Regional / GO","860712/2005","Requerimento de Autorização de Pesquisa","Concessão de Lavra","07.478.600/0001-09","CERAMIKALYS INDUSTRIA CERAMICA E COMERCIO LTDA","ÁGUAS LINDAS DE GOIÁS - GO, COCALZINHO DE GOIÁS - GO","ARGILA, CALCÁRIO, MINÉRIO DE OURO, QUARTZITO","Fabricação de cimento, Industrial, Industrial, Industrial","Sim"
"Gerência Regional / GO","860746/2005","Requerimento de Autorização de Pesquisa","Concessão de Lavra","42.445.403/0001-94","MINERACAO SERRA GRANDE S A","CRIXÁS - GO","MINÉRIO DE OURO, MINÉRIO DE PRATA","Industrial, Industrial","Sim"
"Gerência Regional / GO","860751/2005","Requerimento de Autorização de Pesquisa","Concessão de Lavra","42.184.226/0019-69","ANGLO AMERICAN NIQUEL BRASIL LTDA","BARRO ALTO - GO","MINÉRIO DE NÍQUEL","Metalurgia","Sim"
"Gerência Regional / GO","860755/2005","Requerimento de Autorização de Pesquisa","Concessão de Lavra","02.056.554/0001-36","CALCARIO RIO VERDE MINERACAO E AGROPECUARIA LTDA","CAIAPÔNIA - GO","CALCÁRIO","Industrial","Sim"
"Gerência Regional / GO","860792/2005","Requerimento de Autorização de Pesquisa","Concessão de Lavra","02.802.569/0001-04","CERAMICA CATALAO EIRELI","CUMARI - GO","AREIA, ARGILA, DIAMANTE INDUSTRIAL","Cerâmica vermelha, Construção civil, Industrial","Sim"
"Gerência Regional / GO","860802/2005","Requerimento de Autorização de Pesquisa","Concessão de Lavra","31.248.224/0001-40","UNGARELLI CONSULTORIA E PARTICIPACOES LTDA","ÁGUAS LINDAS DE GOIÁS - GO, COCALZINHO DE GOIÁS - GO","MINÉRIO DE OURO, QUARTZITO","Industrial, Industrial","Sim"
"Gerência Regional / GO","860844/2005","Requerimento de Autorização de Pesquisa","Concessão de Lavra","01.126.983/0001-70","Arenan Extração e Comércio de Areia Ltda","ORIZONA - GO","AREIA","Construção civil","Sim"
"Gerência Regional / GO","860934/2005","Requerimento de Autorização de Pesquisa","Concessão de Lavra","05.731.908/0001-99","KYMERA MINE MINERACAO E COMERCIO LTDA","VIANÓPOLIS - GO","AGALMATOLITO","Industrial","Sim"
"Gerência Regional / GO","860940/2005","Requerimento de Autorização de Pesquisa","Concessão de Lavra","36.547.112/0001-04","AGROCAL MINERACAO LTDA","PADRE BERNARDO - GO","CALCÁRIO, CALCÁRIO DOLOMÍTICO","Corretivo de solo, Industrial","Sim"
"Gerência Regional / GO","860969/2005","Requerimento de Autorização de Pesquisa","Concessão de Lavra","00.097.494/0001-74","CAMPOS AGRICOLA LTDA","FORMOSA - GO","AREIA, SAIBRO","Demais substâncias, Demais substâncias","Sim"
"Gerência Regional / GO","860970/2005","Requerimento de Autorização de Pesquisa","Concessão de Lavra","00.097.494/0001-74","CAMPOS AGRICOLA LTDA","FORMOSA - GO","AREIA, SAIBRO","Demais substâncias, Demais substâncias","Sim"
"Gerência Regional / GO","860971/2005","Requerimento de Autorização de Pesquisa","Concessão de Lavra","00.097.494/0001-74","CAMPOS AGRICOLA LTDA","FORMOSA - GO","AREIA, SAIBRO","Construção civil, Construção civil","Sim"
"Gerência Regional / GO","861168/2005","Requerimento de Autorização de Pesquisa","Concessão de Lavra","42.184.226/0019-69","ANGLO AMERICAN NIQUEL BRASIL LTDA","BARRO ALTO - GO","MINÉRIO DE NÍQUEL","Metalurgia","Sim"
"Gerência Regional / GO","861595/2005","Requerimento de Autorização de Pesquisa","Concessão de Lavra","02.110.260/0001-45","JANDAIA CALCARIO AGRICOLA LTDA","JANDAIA - GO","CALCÁRIO","Industrial","Sim"
"Gerência Regional / GO","861693/2005","Requerimento de Autorização de Pesquisa","Concessão de Lavra","07.517.672/0001-18","MINERADORA Q-LIGA LTDA","VILA PROPÍCIO - GO","FILITO","Industrial","Sim"
"Gerência Regional / GO","861701/2005","Requerimento de Autorização de Pesquisa","Concessão de Lavra","08.285.230/0001-56","MINERACAO E AGROPECUARIA SILVANIA LTDA","SILVÂNIA - GO","CAULIM","Industrial","Sim"
"Gerência Regional / GO","861788/2005","Requerimento de Autorização de Pesquisa","Concessão de Lavra","11.036.735/0001-91","KIOKI EMPREENDIMENTOS E LAZER LTDA","LAGOA SANTA - GO","ÁGUA MINERAL","Balneoterapia","Sim"
"Gerência Regional / GO","861928/2005","Requerimento de Registro de Licença","Concessão de Lavra","11.122.917/0001-85","DIAMANTE NEGRO MINERADORA LTDA","GOIATUBA - GO","BASALTO","Construção civil","Sim"
"Gerência Regional / GO","861938/2005","Requerimento de Autorização de Pesquisa","Concessão de Lavra","01.277.116/0001-35","CONCREMAX MATERIAIS LTDA","MINEIROS - GO","AREIA, CASCALHO","Construção civil, Construção civil","Sim"
"Gerência Regional / GO","861979/2005","Requerimento de Autorização de Pesquisa","Concessão de Lavra","61.409.892/0001-73","COMPANHIA BRASILEIRA DE ALUMINIO","BARRO ALTO - GO, SANTA RITA DO NOVO DESTINO - GO","MINÉRIO DE ALUMÍNIO","Demais substâncias","Sim"
"Gerência Regional / GO","862164/2005","Requerimento de Autorização de Pesquisa","Concessão de Lavra","34.031.776/0001-90","VALE DO RIO VERDE COMERCIO DE MATERIAIS PARA CONSTRUCAO EIRELI","JATAÍ - GO","AREIA, MINÉRIO DE OURO","Construção civil, Industrial","Sim"
"Gerência Regional / GO","862172/2005","Requerimento de Autorização de Pesquisa","Concessão de Lavra","46.155.245/0001-99","G4 MINERACAO LTDA","CRISTALINA - GO","AREIA, QUARTZO","Construção civil, Industrial","Sim"
"Gerência Regional / GO","862178/2005","Requerimento de Autorização de Pesquisa","Concessão de Lavra","12.676.991/0001-06","OLAF WINKING","CRISTALINA - GO","AREIA, QUARTZO","Construção civil, Industrial","Sim"
"Gerência Regional / GO","862179/2005","Requerimento de Autorização de Pesquisa","Concessão de Lavra","03.417.227/0001-25","TARCAL TRANSPORTES E MATERIAL DE CONSTRUCAO LTDA","JARAGUÁ - GO","AREIA","Construção civil","Sim"
"Gerência Regional / GO","862207/2005","Requerimento de Autorização de Pesquisa","Concessão de Lavra","42.184.226/0019-69","ANGLO AMERICAN NIQUEL BRASIL LTDA","BARRO ALTO - GO","MINÉRIO DE NÍQUEL","Metalurgia","Sim"
"Gerência Regional / GO","862208/2005","Requerimento de Autorização de Pesquisa","Concessão de Lavra","42.184.226/0019-69","ANGLO AMERICAN NIQUEL BRASIL LTDA","BARRO ALTO - GO","MINÉRIO DE NÍQUEL","Metalurgia","Sim"
"Gerência Regional / GO","862216/2005","Requerimento de Autorização de Pesquisa","Concessão de Lavra","05.163.702/0001-00","MG MINERACAO GREEN GOLD EIRELI","CRISTALINA - GO","AREIA, QUARTZO","Construção civil, Industrial","Sim"
"Gerência Regional / GO","860011/2006","Requerimento de Autorização de Pesquisa","Concessão de Lavra","05.695.212/0001-54","MINERAÇÃO & TRANSPORTE NOSSA SENHORA APARECIDA LTDA","SANTA VITÓRIA - MG, SÃO SIMÃO - GO","AREIA","Construção civil","Sim"
"Gerência Regional / GO","860014/2006","Requerimento de Autorização de Pesquisa","Concessão de Lavra","05.695.212/0001-54","MINERAÇÃO & TRANSPORTE NOSSA SENHORA APARECIDA LTDA","SANTA VITÓRIA - MG, SÃO SIMÃO - GO","AREIA","Construção civil","Sim"
"Gerência Regional / GO","860015/2006","Requerimento de Autorização de Pesquisa","Concessão de Lavra","05.695.212/0001-54","MINERAÇÃO & TRANSPORTE NOSSA SENHORA APARECIDA LTDA","CAÇU - GO, SANTA VITÓRIA - MG, SÃO SIMÃO - GO","AREIA, CASCALHO, DIAMANTE INDUSTRIAL","Construção civil, Construção civil, Industrial","Sim"
"Gerência Regional / GO","860178/2006","Requerimento de Autorização de Pesquisa","Concessão de Lavra","02.787.125/0001-39","PIRECAL PIRENOPOLIS CALCARIO LTDA","VILA PROPÍCIO - GO","DOLOMITO, DOLOMITO, DOLOMITO","Brita, Corretivo de solo, Demais substâncias","Sim"
"Gerência Regional / GO","860198/2006","Requerimento de Autorização de Pesquisa","Concessão de Lavra","07.478.600/0001-09","CERAMIKALYS INDUSTRIA CERAMICA E COMERCIO LTDA","COCALZINHO DE GOIÁS - GO","AREIA, ARGILA REFRATÁRIA, CASCALHO","Construção civil, Construção civil, Construção civil","Sim"
"Gerência Regional / GO","860221/2006","Requerimento de Autorização de Pesquisa","Concessão de Lavra","05.036.167/0001-26","SEBA COMERCIO E INDUSTRIA LTDA","CALDAS NOVAS - GO, PIRES DO RIO - GO","AREIA, CASCALHO, DIAMANTE INDUSTRIAL","Construção civil, Construção civil, Industrial","Sim"
"Gerência Regional / GO","860556/2006","Requerimento de Autorização de Pesquisa","Concessão de Lavra","20.011.715/0001-57","CARLOS EDUARDO RODRIGUES CARDOSO","CEZARINA - GO, PONTALINA - GO","AREIA, MINÉRIO DE OURO","Construção civil, Industrial","Sim"
"Gerência Regional / GO","860583/2006","Requerimento de Lavra Garimpeira","Concessão de Lavra","05.163.702/0001-00","MG MINERACAO GREEN GOLD EIRELI","CRISTALINA - GO","AREIA, QUARTZO","Construção civil, Gema","Sim"
"Gerência Regional / GO","860584/2006","Requerimento de Lavra Garimpeira","Concessão de Lavra","29.794.730/0001-93","CHAPEU DO SOL ECOTURISMO EIRELI","CRISTALINA - GO","AREIA, QUARTZO","Construção civil, Gema","Sim"
"Gerência Regional / GO","860594/2006","Requerimento de Autorização de Pesquisa","Concessão de Lavra","13.342.485/0001-43","MINERACAO ANTONELLI LTDA","ABADIÂNIA - GO","ARENITO, ARENITO, MINÉRIO DE OURO, QUARTZITO","Construção civil, Industrial, Industrial, Revestimento","Sim"
"Gerência Regional / GO","860725/2006","Requerimento de Autorização de Pesquisa","Concessão de Lavra","05.163.702/0001-00","MG MINERACAO GREEN GOLD EIRELI","CRISTALINA - GO","AREIA, QUARTZO","Construção civil, Industrial","Sim"
"Gerência Regional / GO","860760/2006","Requerimento de Autorização de Pesquisa","Concessão de Lavra","04.372.115/0001-68","COOPEDRAS DE PIRENOPOLIS LTDA","PIRENÓPOLIS - GO","QUARTZITO","Industrial","Sim"
"Gerência Regional / GO","860806/2006","Requerimento de Autorização de Pesquisa","Concessão de Lavra","37.588.415/0001-38","MINERACAO PIRINEUS LTDA","PADRE BERNARDO - GO","CALCÁRIO, MÁRMORE","Fabricação de cimento, Revestimento","Sim"
"Gerência Regional / GO","860850/2006","Requerimento de Autorização de Pesquisa","Concessão de Lavra","05.620.834/0001-13","MINERACAO PLANALTO LTDA","SÃO LUIZ DO NORTE - GO","AREIA","Construção civil","Sim"
"Gerência Regional / GO","860916/2006","Requerimento de Autorização de Pesquisa","Concessão de Lavra","23.120.037/0001-59","W. DE S. FERNANDES LTDA","CROMÍNIA - GO","AREIA, CASCALHO","Construção civil, Construção civil","Sim"
"Gerência Regional / GO","860921/2006","Requerimento de Autorização de Pesquisa","Concessão de Lavra","15.174.400/0001-90","Pedreira Britaminas Fortaleza Ltda","MINEIROS - GO","BASALTO","Revestimento","Sim"
"Gerência Regional / GO","860927/2006","Requerimento de Autorização de Pesquisa","Concessão de Lavra","46.667.810/0001-05","JEFFERSON GONCALVES VITOR 03900937184","SILVÂNIA - GO","AREIA","Construção civil","Sim"
"Gerência Regional / GO","860934/2006","Requerimento de Autorização de Pesquisa","Concessão de Lavra","25.454.292/0001-63","LEANDRO RODRIGO DE SOUSA LTDA","SILVÂNIA - GO","AREIA, MINÉRIO DE OURO","Construção civil, Industrial","Sim"
"Gerência Regional / GO","860935/2006","Requerimento de Autorização de Pesquisa","Concessão de Lavra","07.237.532/0001-96","AREIAL ELDORADO LTDA","HIDROLÂNDIA - GO, PIRACANJUBA - GO","AREIA, CASCALHO","Construção civil, Construção civil","Sim"
"Gerência Regional / GO","860981/2006","Requerimento de Autorização de Pesquisa","Concessão de Lavra","12.970.546/0001-54","DRAGA SAO BENTO E TRANSPORTES LTDA","GOIANÉSIA - GO, SANTA ISABEL - GO","AREIA, CASCALHO, MINÉRIO DE OURO","Construção civil, Construção civil, Industrial","Sim"
"Gerência Regional / GO","861036/2006","Requerimento de Autorização de Pesquisa","Concessão de Lavra","10.486.442/0001-43","MIGUEL ALVES DE FREITAS","GAMELEIRA DE GOIÁS - GO, SILVÂNIA - GO","AREIA","Construção civil","Sim"
"Gerência Regional / GO","861040/2006","Requerimento de Autorização de Pesquisa","Concessão de Lavra","00.114.258/0001-19","AREIALTO EXTRACAO COMERCIO E TRANSPORTES DE AREIA LTDA","URUTAÍ - GO","AREIA","Construção civil","Sim"
"Gerência Regional / GO","861042/2006","Requerimento de Autorização de Pesquisa","Concessão de Lavra","03.211.362/0001-10","BICUDO'S PRESTADORA DE SERVICOS LTDA","PIRENÓPOLIS - GO","QUARTZITO","Pedra de talhe","Sim"
"Gerência Regional / GO","861043/2006","Requerimento de Autorização de Pesquisa","Concessão de Lavra","03.211.362/0001-10","BICUDO'S PRESTADORA DE SERVICOS LTDA","PIRENÓPOLIS - GO","QUARTZITO","Pedra de talhe","Sim"
"Gerência Regional / GO","861160/2006","Requerimento de Autorização de Pesquisa","Concessão de Lavra","00.798.066/0001-79","JESIEL MORAES MENEZES","JATAÍ - GO","AREIA, MINÉRIO DE OURO","Construção civil, Industrial","Sim"
"Gerência Regional / GO","861299/2006","Requerimento de Autorização de Pesquisa","Concessão de Lavra","11.211.244/0001-30","EXTRACAO DE AREIA BOA ESPERANCA","JATAÍ - GO","AREIA","Construção civil","Sim"
"Gerência Regional / GO","861301/2006","Requerimento de Autorização de Pesquisa","Concessão de Lavra","01.277.116/0001-35","CONCREMAX MATERIAIS LTDA","MINEIROS - GO, PORTELÂNDIA - GO","AREIA, CASCALHO","Construção civil, Construção civil","Sim"
"Gerência Regional / GO","861303/2006","Requerimento de Autorização de Pesquisa","Concessão de Lavra","37.883.097/0001-38","CALCARIO OURO BRANCO LTDA","INDIARA - GO","CALCÁRIO","Fabricação de cal","Sim"
"Gerência Regional / GO","861358/2006","Requerimento de Autorização de Pesquisa","Concessão de Lavra","04.372.115/0001-68","COOPEDRAS DE PIRENOPOLIS LTDA","PIRENÓPOLIS - GO","QUARTZITO","Pedra de talhe","Sim"
"Gerência Regional / GO","861390/2006","Requerimento de Autorização de Pesquisa","Concessão de Lavra","08.512.615/0001-09","Amin Salomão","SILVÂNIA - GO","AREIA","Construção civil","Sim"
"Gerência Regional / GO","860017/2007","Requerimento de Autorização de Pesquisa","Concessão de Lavra","01.776.331/0001-80","J.L. AREIA E CASCALHO LTDA","SILVÂNIA - GO","AREIA","Construção civil","Sim"
"Gerência Regional / GO","860036/2007","Requerimento de Autorização de Pesquisa","Concessão de Lavra","09.004.478/0001-64","AREIAL OURO BRANCO LTDA","ABADIÂNIA - GO","QUARTZITO, QUARTZITO","Industrial, Revestimento","Sim"
"Gerência Regional / GO","860323/2007","Requerimento de Autorização de Pesquisa","Concessão de Lavra","33.588.328/0001-20","FORNECEDORA SILVANIA DE AREIA LTDA","SILVÂNIA - GO","AREIA","Construção civil","Sim"
"Gerência Regional / GO","860363/2007","Requerimento de Autorização de Pesquisa","Concessão de Lavra","41.532.605/0001-00","ETR MINERALE - EXTRACAO DE MINERIOS LTDA","NIQUELÂNDIA - GO, VILA PROPÍCIO - GO","AREIA, MINÉRIO DE OURO","Construção civil, Industrial","Sim"
"Gerência Regional / GO","860404/2007","Requerimento de Autorização de Pesquisa","Concessão de Lavra","08.512.615/0001-09","Amin Salomão","SILVÂNIA - GO","AREIA","Construção civil","Sim"
"Gerência Regional / GO","860406/2007","Requerimento de Autorização de Pesquisa","Concessão de Lavra","08.602.412/0001-03","São Luis Indústria e Comércio de Água Mineral Ltda","GOIÂNIA - GO","ÁGUA MINERAL","Engarrafamento","Sim"
"Gerência Regional / GO","860421/2007","Requerimento de Autorização de Pesquisa","Concessão de Lavra","14.687.879/0001-04","F. G. Mineradora Ltda","HIDROLÂNDIA - GO","AREIA, CASCALHO, MINÉRIO DE OURO","Construção civil, Construção civil, Industrial","Sim"
"Gerência Regional / GO","860598/2007","Requerimento de Autorização de Pesquisa","Concessão de Lavra","03.691.871/0001-97","CERAMICA GONCALVES OLIVEIRA LTDA","JATAÍ - GO","ARGILA","Cerâmica vermelha","Sim"
"Gerência Regional / GO","860644/2007","Requerimento de Autorização de Pesquisa","Concessão de Lavra","10.666.230/0001-48","WM MINERACAO LTDA","GOIANIRA - GO, TRINDADE - GO","CALCÁRIO, CALCÁRIO, MÁRMORE, PIROXENITO","Brita, Brita, Corretivo de solo, Revestimento","Sim"
"Gerência Regional / GO","861056/2007","Requerimento de Autorização de Pesquisa","Concessão de Lavra","22.575.504/0001-72","MINERACAO JS LTDA","BURITI DE GOIÁS - GO, SANCLERLÂNDIA - GO","AREIA, MINÉRIO DE OURO","Construção civil, Industrial","Sim"
"Gerência Regional / GO","861092/2007","Requerimento de Autorização de Pesquisa","Concessão de Lavra","36.847.747/0001-27","V. P. DA SILVA AGROMAX - AGROPECUARIA","SILVÂNIA - GO","AREIA","Construção civil","Sim"
"Gerência Regional / GO","861108/2007","Requerimento de Autorização de Pesquisa","Concessão de Lavra","08.512.608/0001-07","MINERACAO FELIX LTDA.","SILVÂNIA - GO","AREIA","Construção civil","Sim"
"Gerência Regional / GO","861147/2007","Requerimento de Autorização de Pesquisa","Concessão de Lavra","00.254.984/0001-37","ANTONIA DUTRA CORREA DE PAULA ME","SILVÂNIA - GO","AREIA","Construção civil","Sim"
"Gerência Regional / GO","861152/2007","Requerimento de Autorização de Pesquisa","Concessão de Lavra","05.036.167/0001-26","SEBA COMERCIO E INDUSTRIA LTDA","IPAMERI - GO, PIRES DO RIO - GO","AREIA, DIAMANTE","Construção civil, Industrial","Sim"
"Gerência Regional / GO","861163/2007","Requerimento de Autorização de Pesquisa","Concessão de Lavra","10.646.951/0001-96","L ACQUA MATERIAIS PARA CONSTRUCOES E    TRANSPORTES EIRELI","BARRO ALTO - GO, NIQUELÂNDIA - GO","AREIA, MINÉRIO DE OURO","Construção civil, Industrial","Sim"
"Gerência Regional / GO","861183/2007","Requerimento de Autorização de Pesquisa","Concessão de Lavra","03.417.227/0001-25","TARCAL TRANSPORTES E MATERIAL DE CONSTRUCAO LTDA","SANTA CRUZ DE GOIÁS - GO","AREIA, MINÉRIO DE OURO","Construção civil, Industrial","Sim"
"Gerência Regional / GO","861192/2007","Requerimento de Autorização de Pesquisa","Concessão de Lavra","33.597.618/0001-30","A R Borges de Sousa Me","RIALMA - GO, SANTA ISABEL - GO","AREIA, CASCALHO, MINÉRIO DE OURO","Construção civil, Construção civil, Industrial","Sim"
"Gerência Regional / GO","861305/2007","Requerimento de Autorização de Pesquisa","Concessão de Lavra","12.970.546/0001-54","DRAGA SAO BENTO E TRANSPORTES LTDA","GOIANÉSIA - GO, SANTA ISABEL - GO","AREIA","Construção civil","Sim"
"Gerência Regional / GO","861350/2007","Requerimento de Autorização de Pesquisa","Concessão de Lavra","06.155.950/0001-71","F2 IRMAOS FERRARI TRANSPORTES LTDA","NIQUELÂNDIA - GO","AREIA, CASCALHO, MINÉRIO DE OURO","Construção civil, Construção civil, Industrial","Sim"
"Gerência Regional / GO","861379/2007","Requerimento de Autorização de Pesquisa","Concessão de Lavra","13.083.254/0001-62","MINERACAO 3R LTDA","PADRE BERNARDO - GO","CALCÁRIO, CALCÁRIO","Brita, Fabricação de cimento","Sim"
"Gerência Regional / GO","861390/2007","Requerimento de Autorização de Pesquisa","Concessão de Lavra","04.683.156/0001-75","Sulamericana Mineracao e Comercial Ltda ","COCALZINHO DE GOIÁS - GO, CORUMBÁ DE GOIÁS - GO, PIRENÓPOLIS - GO","AREIA, MINÉRIO DE OURO, QUARTZITO","Construção civil, Industrial, Revestimento","Sim"
"Gerência Regional / GO","861426/2007","Requerimento de Autorização de Pesquisa","Concessão de Lavra","36.829.356/0001-80","CATALANA IND E COM DE ARTEFATOS DE CIMENTO E CONST LTDA","CORUMBAÍBA - GO, CUMARI - GO, NOVA AURORA - GO","AREIA, CASCALHO, DIAMANTE, DIAMANTE","Construção civil, Construção civil, Gema, Industrial","Sim"
"Gerência Regional / GO","861430/2007","Requerimento de Autorização de Pesquisa","Concessão de Lavra","02.174.951/0001-02","MINERACAO DE CALCARIO MONTIVIDIU LTDA","CEZARINA - GO","CALCÁRIO, MINÉRIO DE OURO","Corretivo de solo, Industrial","Sim"
"Gerência Regional / GO","861449/2007","Requerimento de Autorização de Pesquisa","Concessão de Lavra","73.956.088/0001-93","ZEUS MINERACAO LTDA","CAVALCANTE - GO","MINÉRIO DE MANGANÊS","Industrial","Sim"
"Gerência Regional / GO","861589/2007","Requerimento de Autorização de Pesquisa","Concessão de Lavra","01.761.779/0001-20","BRUTUS MINERACAO LTDA","SILVÂNIA - GO, VIANÓPOLIS - GO","AREIA, MINÉRIO DE OURO","Construção civil, Industrial","Sim"
"Gerência Regional / GO","861781/2007","Requerimento de Autorização de Pesquisa","Concessão de Lavra","02.540.029/0001-91","GOIAS VERMICULITA SA","OUVIDOR - GO","VERMICULITA","Industrial","Sim"
"Gerência Regional / GO","861806/2007","Requerimento de Autorização de Pesquisa","Concessão de Lavra","36.653.651/0001-28","SIDNEY LIMA DE QUEIROZ","ARAGUAPAZ - GO, FAINA - GO","AREIA, MINÉRIO DE OURO","Industrial, Industrial","Sim"
"Gerência Regional / GO","861846/2007","Requerimento de Autorização de Pesquisa","Concessão de Lavra","11.831.626/0001-66","Mineração Caulim Rio Santa Tereza Ltda EPP","TROMBAS - GO","CAULIM","Industrial","Sim"
"Gerência Regional / GO","861992/2007","Requerimento de Autorização de Pesquisa","Concessão de Lavra","10.649.567/0001-47","RIO VERMELHO MINERACAO LTDA","LUZIÂNIA - GO","AREIA, MINÉRIO DE OURO","Construção civil, Industrial","Sim"
"Gerência Regional / GO","861993/2007","Requerimento de Autorização de Pesquisa","Concessão de Lavra","10.649.567/0001-47","RIO VERMELHO MINERACAO LTDA","LUZIÂNIA - GO","AREIA, MINÉRIO DE OURO","Construção civil, Industrial","Sim"
"Gerência Regional / GO","862043/2007","Requerimento de Autorização de Pesquisa","Concessão de Lavra","08.155.670/0001-99","D. L. do Prado M. Construcao Me","ISRAELÂNDIA - GO","AREIA, MINÉRIO DE OURO","Construção civil, Industrial","Sim"
"Gerência Regional / GO","862066/2007","Requerimento de Autorização de Pesquisa","Concessão de Lavra","02.286.425/0001-34","PEDRAS DE PIRENÓPOLIS LTDA","PIRENÓPOLIS - GO","QUARTZITO","Pedra de talhe","Sim"
"Gerência Regional / GO","862384/2007","Requerimento de Autorização de Pesquisa","Concessão de Lavra","17.196.423/0001-21","TRIMINING - MINERACAO DO BRASIL LTDA","NIQUELÂNDIA - GO","MINÉRIO DE MANGANÊS, MINÉRIO DE OURO","Industrial, Industrial","Sim"
"Gerência Regional / GO","862397/2007","Requerimento de Autorização de Pesquisa","Concessão de Lavra","08.227.476/0001-71","SINTERTEC MINERAIS INDUSTRIAIS LTDA.","CAMPO ALEGRE DE GOIÁS - GO","ARGILA, TURFA","Energético, Industrial","Sim"
"Gerência Regional / GO","860056/2008","Requerimento de Autorização de Pesquisa","Concessão de Lavra","02.174.951/0001-02","MINERACAO DE CALCARIO MONTIVIDIU LTDA","RIO VERDE - GO","CALCÁRIO, CALCÁRIO CALCÍTICO","Corretivo de solo, Fabricação de cimento","Sim"
"Gerência Regional / GO","860092/2008","Requerimento de Autorização de Pesquisa","Concessão de Lavra","15.456.201/0001-75","I.M. NEVES - DRAGA BEM-TI-VI","GOIANÉSIA - GO, JARAGUÁ - GO","AREIA, CASCALHO, MINÉRIO DE OURO","Construção civil, Construção civil, Industrial","Sim"
"Gerência Regional / GO","860122/2008","Requerimento de Autorização de Pesquisa","Concessão de Lavra","00.063.878/0001-76","MINERACAO NOVO BRASIL GRANITOS EIRELI","JAUPACI - GO","GRANITO","Revestimento","Sim"
"Gerência Regional / GO","860222/2008","Requerimento de Autorização de Pesquisa","Concessão de Lavra","01.637.895/0001-32","VOTORANTIM CIMENTOS S.A.","EDÉIA - GO","ARGILA, CALCÁRIO","Fabricação de cimento, Industrial","Sim"
"Gerência Regional / GO","860235/2008","Requerimento de Autorização de Pesquisa","Concessão de Lavra","03.702.149/0001-00","RIBEIRO PAIVA AREIA EIRELI","RIO VERDE - GO","AREIA, CASCALHO, DIAMANTE","Construção civil, Construção civil, Industrial","Sim"
"Gerência Regional / GO","860358/2008","Requerimento de Autorização de Pesquisa","Concessão de Lavra","03.438.630/0001-30","AREIA BARRA AZUL EXTRACAO E COMERCIO LTDA","ARAGUARI - MG, CUMARI - GO","AREIA","Construção civil","Sim"
"Gerência Regional / GO","860372/2008","Requerimento de Autorização de Pesquisa","Concessão de Lavra","10.486.442/0001-43","MIGUEL ALVES DE FREITAS","GAMELEIRA DE GOIÁS - GO, SILVÂNIA - GO","AREIA","Construção civil","Sim"
"Gerência Regional / GO","860453/2008","Requerimento de Autorização de Pesquisa","Concessão de Lavra","05.036.167/0001-26","SEBA COMERCIO E INDUSTRIA LTDA","CALDAS NOVAS - GO, IPAMERI - GO","AREIA, MINÉRIO DE OURO","Construção civil, Industrial","Sim"
"Gerência Regional / GO","860460/2008","Requerimento de Autorização de Pesquisa","Concessão de Lavra","07.114.299/0001-54","Agropecuaria Olga Ltda Epp","GOIÁS - GO, ITAPIRAPUÃ - GO, MATRINCHÃ - GO","AREIA, MINÉRIO DE OURO","Industrial, Industrial","Sim"
"Gerência Regional / GO","860465/2008","Requerimento de Autorização de Pesquisa","Concessão de Lavra","22.575.504/0001-72","MINERACAO JS LTDA","BURITI DE GOIÁS - GO, SANCLERLÂNDIA - GO","AREIA","Construção civil","Sim"
"Gerência Regional / GO","860466/2008","Requerimento de Autorização de Pesquisa","Concessão de Lavra","14.945.933/0001-66","MINERACAO RG LTDA","BURITI DE GOIÁS - GO, SANCLERLÂNDIA - GO","AREIA","Construção civil","Sim"
"Gerência Regional / GO","860467/2008","Requerimento de Autorização de Pesquisa","Concessão de Lavra","14.945.933/0001-66","MINERACAO RG LTDA","BURITI DE GOIÁS - GO, SANCLERLÂNDIA - GO","AREIA","Construção civil","Sim"
"Gerência Regional / GO","860586/2008","Requerimento de Autorização de Pesquisa","Concessão de Lavra","01.126.983/0001-70","Arenan Extração e Comércio de Areia Ltda","CRISTALINA - GO, IPAMERI - GO","AREIA, DIAMANTE","Construção civil, Industrial","Sim"
"Gerência Regional / GO","860807/2008","Requerimento de Autorização de Pesquisa","Concessão de Lavra","14.883.253/0001-65","DIVINO CARLOS MARQUES FERNANDES","GOIÁS - GO, ITAPIRAPUÃ - GO","AREIA, MINÉRIO DE OURO","Construção civil, Industrial","Sim"
"Gerência Regional / GO","860858/2008","Requerimento de Autorização de Pesquisa","Concessão de Lavra","08.924.408/0001-61","José Alberto Vaz ","SILVÂNIA - GO, VIANÓPOLIS - GO","AREIA","Construção civil","Sim"
"Gerência Regional / GO","860859/2008","Requerimento de Autorização de Pesquisa","Concessão de Lavra","01.360.990/0001-31","SALB EMPREENDIMENTOS EIRELI","SILVÂNIA - GO","AREIA","Construção civil","Sim"
"Gerência Regional / GO","860881/2008","Requerimento de Autorização de Pesquisa","Concessão de Lavra","17.742.494/0001-82","SABLO EXTRACAO E COMERCIO DE AREIA E CASCALHO EIRELI","SÃO LUIZ DO NORTE - GO","AREIA, MINÉRIO DE OURO","Construção civil, Industrial","Sim"
"Gerência Regional / GO","860933/2008","Requerimento de Autorização de Pesquisa","Concessão de Lavra","18.501.803/0001-95","CALCARIO MARA ROSA LTDA","MARA ROSA - GO","CALCÁRIO, CALCÁRIO","Corretivo de solo, Fabricação de cimento","Sim"
"Gerência Regional / GO","860934/2008","Requerimento de Autorização de Pesquisa","Concessão de Lavra","01.707.025/0001-92","Formacol Areia e Cascalho Ltda","LUZIÂNIA - GO","AREIA, ARGILA, CASCALHO","Construção civil, Construção civil, Industrial","Sim"
"Gerência Regional / GO","860936/2008","Requerimento de Autorização de Pesquisa","Concessão de Lavra","23.876.315/0001-00","PONTE NOVA MINERADORA LTDA","PALMEIRAS DE GOIÁS - GO","GNAISSE, GNAISSE, GNAISSE, MINÉRIO DE OURO","Brita, Industrial, Pedra de talhe, Revestimento","Sim"
"Gerência Regional / GO","861039/2008","Requerimento de Autorização de Pesquisa","Concessão de Lavra","09.101.388/0001-91","B N MINERACAO E SERVICOS LTDA","SILVÂNIA - GO","AREIA","Construção civil","Sim"
"Gerência Regional / GO","861040/2008","Requerimento de Autorização de Pesquisa","Concessão de Lavra","21.575.577/0001-00","Eurípedes Assis de Oliveira Me","SILVÂNIA - GO","AREIA","Construção civil","Sim"
"Gerência Regional / GO","861151/2008","Requerimento de Autorização de Pesquisa","Concessão de Lavra","17.398.980/0001-25","VALEMAR - VALE DO MARANHAO MINERACAO LTDA","MIMOSO DE GOIÁS - GO","MINÉRIO DE FERRO","Industrial","Sim"
"Gerência Regional / GO","861357/2008","Requerimento de Autorização de Pesquisa","Concessão de Lavra","01.126.983/0001-70","Arenan Extração e Comércio de Areia Ltda","ORIZONA - GO","AREIA, DIAMANTE","Construção civil, Industrial","Sim"
"Gerência Regional / GO","861377/2008","Requerimento de Autorização de Pesquisa","Concessão de Lavra","40.830.258/0001-30","MOTA MINERACAO E EXTRACAO II LTDA","JUSSARA - GO, MONTES CLAROS DE GOIÁS - GO","AREIA, DIAMANTE","Construção civil, Industrial","Sim"
"Gerência Regional / GO","861428/2008","Requerimento de Autorização de Pesquisa","Concessão de Lavra","15.616.813/0001-88","C A DA CRUZ - EIRELI","SANTA CRUZ DE GOIÁS - GO","AREIA","Construção civil","Sim"
"Gerência Regional / GO","861429/2008","Requerimento de Autorização de Pesquisa","Concessão de Lavra","15.616.813/0001-88","C A DA CRUZ - EIRELI","SANTA CRUZ DE GOIÁS - GO","AREIA","Construção civil","Sim"
"Gerência Regional / GO","861446/2008","Requerimento de Autorização de Pesquisa","Concessão de Lavra","70.997.689/0001-56","Dleon Mineradora Ltda EPP","LUZIÂNIA - GO","AREIA, MINÉRIO DE OURO, QUARTZITO","Construção civil, Industrial, Revestimento","Sim"
"Gerência Regional / GO","861559/2008","Requerimento de Autorização de Pesquisa","Concessão de Lavra","***.155.631-**","JOSE DE CAMPOS AMARAL","COCALZINHO DE GOIÁS - GO","AREIA","Construção civil","Sim"
"Gerência Regional / GO","861559/2008","Requerimento de Autorização de Pesquisa","Concessão de Lavra","12.985.327/0001-49","JOSE DE CAMPOS AMARAL","COCALZINHO DE GOIÁS - GO","AREIA","Construção civil","Sim"
"Gerência Regional / GO","861610/2008","Requerimento de Autorização de Pesquisa","Concessão de Lavra","04.146.891/0001-40","MINERAX MINERACOES S.A.","PADRE BERNARDO - GO","CALCÁRIO","Fabricação de cimento","Sim"
"Gerência Regional / GO","861844/2008","Requerimento de Autorização de Pesquisa","Concessão de Lavra","***.155.631-**","JOSE DE CAMPOS AMARAL","COCALZINHO DE GOIÁS - GO","AREIA","Construção civil","Sim"
"Gerência Regional / GO","861844/2008","Requerimento de Autorização de Pesquisa","Concessão de Lavra","12.985.327/0001-49","JOSE DE CAMPOS AMARAL","COCALZINHO DE GOIÁS - GO","AREIA","Construção civil","Sim"
"Gerência Regional / GO","862085/2008","Requerimento de Autorização de Pesquisa","Concessão de Lavra","02.174.951/0001-02","MINERACAO DE CALCARIO MONTIVIDIU LTDA","INDIARA - GO","CALCÁRIO, CALCÁRIO, CALCÁRIO DOLOMÍTICO","Corretivo de solo, Corretivo de solo, Fabricação de cimento","Sim"
"Gerência Regional / GO","862091/2008","Requerimento de Autorização de Pesquisa","Concessão de Lavra","07.478.600/0001-09","CERAMIKALYS INDUSTRIA CERAMICA E COMERCIO LTDA","PADRE BERNARDO - GO","ARGILA, MINÉRIO DE OURO","Industrial, Industrial","Sim"
"Gerência Regional / GO","862236/2008","Requerimento de Autorização de Pesquisa","Concessão de Lavra","73.956.088/0001-93","ZEUS MINERACAO LTDA","CAVALCANTE - GO","MINÉRIO DE MANGANÊS","Industrial","Sim"
"Gerência Regional / GO","862237/2008","Requerimento de Autorização de Pesquisa","Concessão de Lavra","31.179.384/0001-85","EDMILSO FERNANDES DE SOUZA EIRELI","NIQUELÂNDIA - GO","AREIA, CASCALHO, MINÉRIO DE OURO","Construção civil, Construção civil, Industrial","Sim"
"Gerência Regional / GO","862266/2008","Requerimento de Autorização de Pesquisa","Concessão de Lavra","15.131.446/0001-22","EGP - EMPRESA GLOBAL DE PROJETOS E OBRAS LTDA","CATALÃO - GO","GRANITO","Brita","Sim"
"Gerência Regional / GO","862448/2008","Requerimento de Autorização de Pesquisa","Concessão de Lavra","01.383.301/0001-04","ABNER JESUS MOREIRA","MINEIROS - GO","AREIA, CASCALHO","Construção civil, Construção civil","Sim"
"Gerência Regional / GO","862456/2008","Requerimento de Autorização de Pesquisa","Concessão de Lavra","07.282.674/0001-75","AREIA SAO TOMAZ EIRELI","MONTIVIDIU - GO","AREIA, MINÉRIO DE OURO","Industrial, Industrial","Sim"
"Gerência Regional / GO","862631/2008","Requerimento de Cessão parcial","Concessão de Lavra","25.454.292/0001-63","LEANDRO RODRIGO DE SOUSA LTDA","SILVÂNIA - GO","AREIA","Construção civil","Sim"
"Gerência Regional / GO","862887/2008","Requerimento de Autorização de Pesquisa","Concessão de Lavra","01.126.983/0001-70","Arenan Extração e Comércio de Areia Ltda","ORIZONA - GO","AREIA, DIAMANTE","Construção civil, Industrial","Sim"
"Gerência Regional / GO","860056/2009","Requerimento de Autorização de Pesquisa","Concessão de Lavra","01.059.930/0001-83","CALCARIO SANTA TEREZA LTDA","FORMOSO - GO","CALCÁRIO, CALCÁRIO","Corretivo de solo, Fabricação de cal","Sim"
"Gerência Regional / GO","860082/2009","Requerimento de Cessão parcial","Concessão de Lavra","01.761.779/0001-20","BRUTUS MINERACAO LTDA","SILVÂNIA - GO","AREIA","Construção civil","Sim"
"Gerência Regional / GO","860088/2009","Requerimento de Autorização de Pesquisa","Concessão de Lavra","13.055.336/0001-01","PEDREIRA MSC LTDA","SANTA TEREZA DE GOIÁS - GO","GRANITO, ILMENITA","Brita, Industrial","Sim"
"Gerência Regional / GO","860094/2009","Requerimento de Autorização de Pesquisa","Concessão de Lavra","10.801.245/0001-71","Agropecuaria Andorinhas do Cerrado Ltda","NOVO GAMA - GO","ÁGUA MINERAL","Engarrafamento","Sim"
"Gerência Regional / GO","860146/2009","Requerimento de Autorização de Pesquisa","Concessão de Lavra","47.530.724/0001-00","BRW MINERACAO S.A.","ANICUNS - GO","CALCÁRIO, CALCÁRIO CALCÍTICO","Fabricação de cimento, Fabricação de cimento","Sim"
"Gerência Regional / GO","860155/2009","Requerimento de Autorização de Pesquisa","Concessão de Lavra","16.949.392/0001-70","PHANTHOM GREEN MINERADORA LTDA-ME","AURILÂNDIA - GO, SÃO LUÍS DE MONTES BELOS - GO","AREIA, CASCALHO, MINÉRIO DE OURO","Construção civil, Construção civil, Industrial","Sim"
"Gerência Regional / GO","860158/2009","Requerimento de Autorização de Pesquisa","Concessão de Lavra","14.747.535/0001-35","F. G. MINERACAO E TRANSPORTE LTDA","SILVÂNIA - GO","AREIA","Construção civil","Sim"
"Gerência Regional / GO","860236/2009","Requerimento de Cessão parcial","Concessão de Lavra","22.734.502/0001-89","Jc Mineração Eireli Me","SILVÂNIA - GO, VIANÓPOLIS - GO","AREIA","Construção civil","Sim"
"Gerência Regional / GO","860264/2009","Requerimento de Autorização de Pesquisa","Concessão de Lavra","02.174.951/0001-02","MINERACAO DE CALCARIO MONTIVIDIU LTDA","CEZARINA - GO","CALCÁRIO, CALCÁRIO","Corretivo de solo, Fabricação de cal","Sim"
"Gerência Regional / GO","860269/2009","Requerimento de Autorização de Pesquisa","Concessão de Lavra","18.488.698/0001-00","QUARTZOEST MINERACAO E TRANSPORTE LTDA","PIRENÓPOLIS - GO","AREIA, MINÉRIO DE OURO","Construção civil, Industrial","Sim"
"Gerência Regional / GO","860312/2009","Requerimento de Disponibilidade para pesquisa","Concessão de Lavra","06.271.638/0001-43","BRASILIA MINERACAO LTDA","CRISTALINA - GO","AREIA, CASCALHO, QUARTZO","Construção civil, Construção civil, Demais substâncias","Sim"
"Gerência Regional / GO","860435/2009","Requerimento de Autorização de Pesquisa","Concessão de Lavra","13.157.337/0001-59","WERLON ALVES CORDEIRO","AURILÂNDIA - GO","AREIA, MINÉRIO DE OURO","Construção civil, Industrial","Sim"
"Gerência Regional / GO","860466/2009","Requerimento de Autorização de Pesquisa","Concessão de Lavra","10.404.860/0001-44","Mineração Rio do Sal Ltda","PADRE BERNARDO - GO","CALCÁRIO, CALCÁRIO, CALCÁRIO","Brita, Fabricação de cal, Fabricação de cimento","Sim"
"Gerência Regional / GO","860544/2009","Requerimento de Autorização de Pesquisa","Concessão de Lavra","26.949.545/0001-32","DRAGA BATISTA RAMOS LTDA","SILVÂNIA - GO","AREIA","Construção civil","Sim"
"Gerência Regional / GO","860595/2009","Requerimento de Disponibilidade para pesquisa","Concessão de Lavra","86.902.053/0001-13","MINERACAO MARACA INDUSTRIA E COMERCIO S/A","ALTO HORIZONTE - GO","MINÉRIO DE OURO","Industrial","Sim"
"Gerência Regional / GO","860734/2009","Requerimento de Autorização de Pesquisa","Concessão de Lavra","09.688.553/0001-53","ARERRIOS MINERACAO E TRANSPORTE LTDA","ITAPIRAPUÃ - GO, MATRINCHÃ - GO","AREIA","Construção civil","Sim"
"Gerência Regional / GO","860752/2009","Requerimento de Cessão parcial","Concessão de Lavra","02.650.521/0001-10","Construforte Construções Ferreira Maia Ltda","JATAÍ - GO","AREIA","Construção civil","Sim"
"Gerência Regional / GO","860753/2009","Requerimento de Cessão parcial","Concessão de Lavra","05.959.672/0001-42","MENEZES ASSIS MATERIAIS PARA CONSTRUCAO LTDA","JATAÍ - GO","AREIA","Construção civil","Sim"
"Gerência Regional / GO","860872/2009","Requerimento de Cessão parcial","Concessão de Lavra","01.551.829/0001-45","PEDREIRA IZAIRA INDUSTRIA E COMERCIO LTDA","APARECIDA DE GOIÂNIA - GO","GNAISSE, MICAXISTO","Brita, Brita","Sim"
"Gerência Regional / GO","860911/2009","Requerimento de Autorização de Pesquisa","Concessão de Lavra","09.431.553/0001-73","Distribuidora de Areia Rio Piloes Ltda Me","FAZENDA NOVA - GO, ISRAELÂNDIA - GO","AREIA, MINÉRIO DE OURO","Construção civil, Industrial","Sim"
"Gerência Regional / GO","861162/2009","Requerimento de Autorização de Pesquisa","Concessão de Lavra","21.823.063/0001-18","PILAR DE GOIAS DESENVOLVIMENTO MINERAL LTDA","GUARINOS - GO","MINÉRIO DE OURO","Industrial","Sim"
"Gerência Regional / GO","861299/2009","Requerimento de Autorização de Pesquisa","Concessão de Lavra","11.338.568/0001-33","AREIA GOIAS MINERACAO LTDA","SENADOR CANEDO - GO","MINÉRIO DE OURO, QUARTZITO","Industrial, Industrial","Sim"
"Gerência Regional / GO","861414/2009","Requerimento de Disponibilidade para lavra","Concessão de Lavra","04.084.750/0001-40","Gomes e Gomes Pedreiras Ltda Me","PALMEIRAS DE GOIÁS - GO","GNAISSE","Industrial","Sim"
"Gerência Regional / GO","861475/2009","Requerimento de Autorização de Pesquisa","Concessão de Lavra","13.508.385/0001-44","Mineração Jd Ltda","APARECIDA DE GOIÂNIA - GO","AREIA, XISTO","Brita, Construção civil","Sim"
"Gerência Regional / GO","861525/2009","Requerimento de Cessão parcial","Concessão de Lavra","02.650.521/0001-10","Construforte Construções Ferreira Maia Ltda","JATAÍ - GO","AREIA, CASCALHO","Construção civil, Construção civil","Sim"
"Gerência Regional / GO","861531/2009","Requerimento de Autorização de Pesquisa","Concessão de Lavra","18.424.895/0001-57","MINASGOIAS MINERACAO BERGAMO LTDA","CENTRALINA - MG, ITUMBIARA - GO","AREIA","Construção civil","Sim"
"Gerência Regional / GO","861592/2009","Requerimento de Disponibilidade para lavra","Concessão de Lavra","04.970.432/0001-86","RTC NEGOCIOS IMOBILIARIOS LTDA","FAZENDA NOVA - GO, JAUPACI - GO","AREIA","Demais substâncias","Sim"
"Gerência Regional / GO","861648/2009","Requerimento de Autorização de Pesquisa","Concessão de Lavra","13.707.719/0001-09","ARMAZEM DA AREIA LTDA","SENADOR CANEDO - GO","CASCALHO, QUARTZITO, QUARTZITO","Brita, Construção civil, Industrial","Sim"
"Gerência Regional / GO","860097/2010","Requerimento de Autorização de Pesquisa","Concessão de Lavra","20.677.187/0001-70","JC AREIA LTDA","ARAGUAPAZ - GO, FAINA - GO","AREIA, MINÉRIO DE OURO","Construção civil, Industrial","Sim"
"Gerência Regional / GO","860130/2010","Requerimento de Disponibilidade para pesquisa","Concessão de Lavra","04.877.603/0001-27","COMPANHIA MUNICIPAL DE TURISMO E AGUAS TERMAIS - COMTAT","JATAÍ - GO","ÁGUA MINERAL","Balneoterapia","Sim"
"Gerência Regional / GO","860140/2010","Requerimento de Autorização de Pesquisa","Concessão de Lavra","10.416.169/0001-80","MINERACAO RIO CLARO LTDA","IVOLÂNDIA - GO, PALESTINA DE GOIÁS - GO","AREIA, CASCALHO, DIAMANTE","Construção civil, Construção civil, Industrial","Sim"
"Gerência Regional / GO","860187/2010","Requerimento de Autorização de Pesquisa","Concessão de Lavra","26.575.395/0001-44","Jose Pedro Vaz Neto ME","CATALÃO - GO, CUMARI - GO, TRÊS RANCHOS - GO","AREIA, CASCALHO, DIAMANTE, DIAMANTE","Construção civil, Construção civil, Gema, Industrial","Sim"
"Gerência Regional / GO","860191/2010","Requerimento de Mudança de Regime para Aut. de Pesquisa","Concessão de Lavra","01.761.779/0001-20","BRUTUS MINERACAO LTDA","SILVÂNIA - GO","AREIA","Construção civil","Sim"
"Gerência Regional / GO","860194/2010","Requerimento de Autorização de Pesquisa","Concessão de Lavra","37.704.398/0001-57","MOTA MINERACAO E EXTRACAO LTDA","ISRAELÂNDIA - GO","AREIA","Construção civil","Sim"
"Gerência Regional / GO","860358/2010","Requerimento de Autorização de Pesquisa","Concessão de Lavra","15.455.139/0001-05","SCAVA TERRA EMPREENDIMENTOS LTDA","FAINA - GO","AREIA, MINÉRIO DE OURO","Construção civil, Industrial","Sim"
"Gerência Regional / GO","860359/2010","Requerimento de Autorização de Pesquisa","Concessão de Lavra","17.439.238/0001-10","Calcario Norte Sul Ltda","CAMPINORTE - GO","CALCÁRIO DOLOMÍTICO, MINÉRIO DE CHUMBO, MINÉRIO DE ZINCO","Corretivo de solo, Industrial, Industrial","Sim"
"Gerência Regional / GO","860364/2010","Requerimento de Autorização de Pesquisa","Concessão de Lavra","27.710.993/0001-41","UNIÃO MINERADORA LTDA ME","PADRE BERNARDO - GO","CALCÁRIO, CALCÁRIO CALCÍTICO, QUARTZITO","Corretivo de solo, Fabricação de cimento, Revestimento","Sim"
"Gerência Regional / GO","860495/2010","Requerimento de Autorização de Pesquisa","Concessão de Lavra","02.683.365/0001-93","BRASIL MINERIOS S/A","SÃO LUÍS DE MONTES BELOS - GO","VERMICULITA","Industrial","Sim"
"Gerência Regional / GO","860519/2010","Requerimento de Disponibilidade para pesquisa","Concessão de Lavra","42.184.226/0019-69","ANGLO AMERICAN NIQUEL BRASIL LTDA","BARRO ALTO - GO","MINÉRIO DE NÍQUEL","Industrial","Sim"
"Gerência Regional / GO","860526/2010","Requerimento de Disponibilidade para pesquisa","Concessão de Lavra","42.184.226/0019-69","ANGLO AMERICAN NIQUEL BRASIL LTDA","BARRO ALTO - GO","MINÉRIO DE NÍQUEL","Industrial","Sim"
"Gerência Regional / GO","860541/2010","Requerimento de Cessão parcial","Concessão de Lavra","10.646.951/0001-96","L ACQUA MATERIAIS PARA CONSTRUCOES E    TRANSPORTES EIRELI","BARRO ALTO - GO, NIQUELÂNDIA - GO","AREIA","Construção civil","Sim"
"Gerência Regional / GO","860542/2010","Requerimento de Cessão parcial","Concessão de Lavra","10.646.951/0001-96","L ACQUA MATERIAIS PARA CONSTRUCOES E    TRANSPORTES EIRELI","BARRO ALTO - GO, NIQUELÂNDIA - GO","AREIA","Construção civil","Sim"
"Gerência Regional / GO","860636/2010","Requerimento de Autorização de Pesquisa","Concessão de Lavra","19.026.684/0001-29","RAMOS E GOMES MINERACAO LTDA","ALEXÂNIA - GO","MINÉRIO DE OURO, QUARTZITO","Industrial, Industrial","Sim"
"Gerência Regional / GO","860684/2010","Requerimento de Autorização de Pesquisa","Concessão de Lavra","41.532.605/0001-00","ETR MINERALE - EXTRACAO DE MINERIOS LTDA","NIQUELÂNDIA - GO, VILA PROPÍCIO - GO","AREIA, MINÉRIO DE OURO","Construção civil, Industrial","Sim"
"Gerência Regional / GO","860811/2010","Requerimento de Autorização de Pesquisa","Concessão de Lavra","06.220.490/0001-18","Calcario Uruaçu Ltda","NIQUELÂNDIA - GO","CALCÁRIO, MINÉRIO DE OURO","Corretivo de solo, Industrial","Sim"
"Gerência Regional / GO","860816/2010","Requerimento de Autorização de Pesquisa","Concessão de Lavra","12.334.860/0001-40","JJX: FORTES INDUSTRIA, COMERCIO, CONSTRUCOES E MINERACAO LTDA","FORMOSA - GO","AREIA, CASCALHO","Construção civil, Construção civil","Sim"
"Gerência Regional / GO","860851/2010","Requerimento de Autorização de Pesquisa","Concessão de Lavra","27.748.087/0001-36","NOVA ESPERANCA EXTRACAO E MINERACAO DE AREIAS LTDA","CORUMBÁ DE GOIÁS - GO","AREIA, MINÉRIO DE OURO, QUARTZITO","Construção civil, Industrial, Industrial","Sim"
"Gerência Regional / GO","860946/2010","Requerimento de Disponibilidade para pesquisa","Concessão de Lavra","21.240.477/0001-14","Oliveira e Conti Ltda Me","GOIÁS - GO","AREIA, MINÉRIO DE OURO","Construção civil, Industrial","Sim"
"Gerência Regional / GO","861050/2010","Requerimento de Autorização de Pesquisa","Concessão de Lavra","05.486.247/0001-83","DLS EXTRACAO E COMERCIO DE AREIA E CASCALHO LTDA","SANTA CRUZ DE GOIÁS - GO","AREIA, MINÉRIO DE OURO","Construção civil, Industrial","Sim"
"Gerência Regional / GO","861052/2010","Requerimento de Autorização de Pesquisa","Concessão de Lavra","50.096.744/0001-20","AREIAL PRIMICIAS LTDA","BURITI DE GOIÁS - GO, SANCLERLÂNDIA - GO","AREIA, MINÉRIO DE OURO","Construção civil, Industrial","Sim"
"Gerência Regional / GO","861083/2010","Requerimento de Cessão parcial","Concessão de Lavra","13.083.254/0001-62","MINERACAO 3R LTDA","PADRE BERNARDO - GO","CALCÁRIO","Brita","Sim"
"Gerência Regional / GO","861103/2010","Requerimento de Cessão parcial","Concessão de Lavra","15.132.316/0001-04","OURO BRANCO TRANSPORTES E MINERACAO LTDA","NIQUELÂNDIA - GO","AREIA, CASCALHO, MINÉRIO DE OURO","Construção civil, Construção civil, Industrial","Sim"
"Gerência Regional / GO","861124/2010","Requerimento de Cessão parcial","Concessão de Lavra","37.780.330/0001-57","CARMELIA LUCIA NORONHA","GOIÁS - GO","AREIA, CASCALHO","Construção civil, Construção civil","Sim"
"Gerência Regional / GO","861141/2010","Requerimento de Autorização de Pesquisa","Concessão de Lavra","32.714.483/0001-82","M.R. PEREIRA EIRELI","SANTA BÁRBARA DE GOIÁS - GO","AREIA, ARGILA, CAULIM","Cerâmica vermelha, Construção civil, Industrial","Sim"
"Gerência Regional / GO","861211/2010","Requerimento de Autorização de Pesquisa","Concessão de Lavra","04.693.661/0001-09","Areia São Jose Extração, Comércio e Transporte Ltda Me","ARAGUARI - MG, CORUMBAÍBA - GO","AREIA, DIAMANTE","Construção civil, Industrial","Sim"
"Gerência Regional / GO","861212/2010","Requerimento de Autorização de Pesquisa","Concessão de Lavra","04.693.661/0001-09","Areia São Jose Extração, Comércio e Transporte Ltda Me","ARAGUARI - MG, CORUMBAÍBA - GO","AREIA, DIAMANTE","Construção civil, Industrial","Sim"
"Gerência Regional / GO","861300/2010","Requerimento de Disponibilidade para lavra","Concessão de Lavra","86.924.701/0001-32","JOFEGE MINERACAO LTDA","VILA PROPÍCIO - GO","CALCÁRIO, CALCÁRIO DOLOMÍTICO, MINÉRIO DE OURO","Corretivo de solo, Corretivo de solo, Demais substâncias","Sim"
"Gerência Regional / GO","861427/2010","Requerimento de Autorização de Pesquisa","Concessão de Lavra","08.842.895/0003-85","SERRA VERDE PESQUISA E MINERACAO LTDA","MINAÇU - GO","TERRAS RARAS","Industrial","Sim"
"Gerência Regional / GO","861428/2010","Requerimento de Autorização de Pesquisa","Concessão de Lavra","08.842.895/0003-85","SERRA VERDE PESQUISA E MINERACAO LTDA","MINAÇU - GO","TERRAS RARAS","Industrial","Sim"
"Gerência Regional / GO","861430/2010","Requerimento de Autorização de Pesquisa","Concessão de Lavra","08.842.895/0003-85","SERRA VERDE PESQUISA E MINERACAO LTDA","MINAÇU - GO","TERRAS RARAS","Industrial","Sim"
"Gerência Regional / GO","861431/2010","Requerimento de Autorização de Pesquisa","Concessão de Lavra","08.842.895/0003-85","SERRA VERDE PESQUISA E MINERACAO LTDA","MINAÇU - GO","TERRAS RARAS","Industrial","Sim"
"Gerência Regional / GO","861432/2010","Requerimento de Autorização de Pesquisa","Concessão de Lavra","08.842.895/0003-85","SERRA VERDE PESQUISA E MINERACAO LTDA","MINAÇU - GO","TERRAS RARAS","Industrial","Sim"
"Gerência Regional / GO","861440/2010","Requerimento de Autorização de Pesquisa","Concessão de Lavra","15.616.813/0001-88","C A DA CRUZ - EIRELI","PIRES DO RIO - GO, SANTA CRUZ DE GOIÁS - GO","AREIA","Construção civil","Sim"
"Gerência Regional / GO","861441/2010","Requerimento de Autorização de Pesquisa","Concessão de Lavra","12.928.046/0001-54","D&M AREIA BOA LTDA","PIRES DO RIO - GO, SANTA CRUZ DE GOIÁS - GO","AREIA","Construção civil","Sim"
"Gerência Regional / GO","861493/2010","Requerimento de Disponibilidade para pesquisa","Concessão de Lavra","08.665.973/0001-51","MARCOS PAULO FERREIRA","NIQUELÂNDIA - GO","AREIA, MINÉRIO DE OURO","Construção civil, Industrial","Sim"
"Gerência Regional / GO","861581/2010","Requerimento de Autorização de Pesquisa","Concessão de Lavra","17.363.462/0001-76","MINERADORA VITORIA LTDA","GOIANIRA - GO","GRANITO, ILMENITA","Brita, Industrial","Sim"
"Gerência Regional / GO","861598/2010","Requerimento de Autorização de Pesquisa","Concessão de Lavra","12.219.604/0001-02","STRACTA MINERACAO LTDA","BARRO ALTO - GO","ARGILA, BAUXITA","Industrial, Industrial","Sim"
"Gerência Regional / GO","861629/2010","Requerimento de Mudança de Regime para Aut. de Pesquisa","Concessão de Lavra","36.843.985/0001-64","BRICCAL INDUSTRIA COMERCIO E MINERACAO LTDA","PADRE BERNARDO - GO","CALCÁRIO, CALCÁRIO","Brita, Corretivo de solo","Sim"
"Gerência Regional / GO","861677/2010","Requerimento de Cessão parcial","Concessão de Lavra","31.135.683/0001-18","CONCRETOS USINADOS NEW LTDA","GOIÁS - GO","AREIA, ARGILA","Construção civil, Industrial","Sim"
"Gerência Regional / GO","861694/2010","Requerimento de Autorização de Pesquisa","Concessão de Lavra","08.842.895/0003-85","SERRA VERDE PESQUISA E MINERACAO LTDA","MINAÇU - GO","TERRAS RARAS","Industrial","Sim"
"Gerência Regional / GO","861810/2010","Requerimento de Autorização de Pesquisa","Concessão de Lavra","04.693.661/0001-09","Areia São Jose Extração, Comércio e Transporte Ltda Me","ARAGUARI - MG, CORUMBAÍBA - GO","AREIA, CASCALHO, DIAMANTE","Construção civil, Construção civil, Industrial","Sim"
"Gerência Regional / GO","861835/2010","Requerimento de Autorização de Pesquisa","Concessão de Lavra","17.833.812/0001-10","DANTAS MINERIOS LTDA","GUAPÓ - GO","GNAISSE","Revestimento","Sim"
"Gerência Regional / GO","861877/2010","Requerimento de Cessão parcial","Concessão de Lavra","42.145.404/0001-13","TWXX MINERACAO LTDA","NIQUELÂNDIA - GO","AREIA, CASCALHO, MINÉRIO DE OURO","Construção civil, Construção civil, Industrial","Sim"
"Gerência Regional / GO","860022/2011","Requerimento de Autorização de Pesquisa","Concessão de Lavra","15.616.813/0001-88","C A DA CRUZ - EIRELI","SANTA CRUZ DE GOIÁS - GO","AREIA","Construção civil","Sim"
"Gerência Regional / GO","860188/2011","Requerimento de Cessão parcial","Concessão de Lavra","33.649.158/0001-46","CAMILLO E CABRAL MINERADORA LTDA","RIO VERDE - GO","AREIA","Construção civil","Sim"
"Gerência Regional / GO","860211/2011","Requerimento de Autorização de Pesquisa","Concessão de Lavra","17.671.818/0001-39","EXTRACAO DE AREIA E TRANSPORTES PIRACANJUBA LTDA","BURITI ALEGRE - GO","AREIA, CASCALHO","Construção civil, Construção civil","Sim"
"Gerência Regional / GO","860212/2011","Requerimento de Autorização de Pesquisa","Concessão de Lavra","17.671.818/0001-39","EXTRACAO DE AREIA E TRANSPORTES PIRACANJUBA LTDA","ÁGUA LIMPA - GO, BURITI ALEGRE - GO","AREIA, CASCALHO","Construção civil, Construção civil","Sim"
"Gerência Regional / GO","860214/2011","Requerimento de Autorização de Pesquisa","Concessão de Lavra","17.671.818/0001-39","EXTRACAO DE AREIA E TRANSPORTES PIRACANJUBA LTDA","BURITI ALEGRE - GO","AREIA, CASCALHO","Construção civil, Construção civil","Sim"
"Gerência Regional / GO","860215/2011","Requerimento de Autorização de Pesquisa","Concessão de Lavra","17.671.818/0001-39","EXTRACAO DE AREIA E TRANSPORTES PIRACANJUBA LTDA","ÁGUA LIMPA - GO, BURITI ALEGRE - GO","AREIA, CASCALHO","Construção civil, Construção civil","Sim"
"Gerência Regional / GO","860216/2011","Requerimento de Autorização de Pesquisa","Concessão de Lavra","17.671.818/0001-39","EXTRACAO DE AREIA E TRANSPORTES PIRACANJUBA LTDA","ÁGUA LIMPA - GO, BURITI ALEGRE - GO","AREIA, CASCALHO","Construção civil, Construção civil","Sim"
"Gerência Regional / GO","860262/2011","Requerimento de Autorização de Pesquisa","Concessão de Lavra","08.842.895/0003-85","SERRA VERDE PESQUISA E MINERACAO LTDA","MINAÇU - GO","TERRAS RARAS","Industrial","Sim"
"Gerência Regional / GO","860326/2011","Requerimento de Disponibilidade para lavra","Concessão de Lavra","23.448.428/0001-05","FUTURA PARTICIPACOES LTDA","CEZARINA - GO, EDEALINA - GO, PONTALINA - GO","AREIA","Construção civil","Sim"
"Gerência Regional / GO","860577/2011","Requerimento de Autorização de Pesquisa","Concessão de Lavra","11.857.678/0001-01","BL-EXTRACAO DE AREIA LTDA","PIRACANJUBA - GO","AREIA, CASCALHO","Construção civil, Construção civil","Sim"
"Gerência Regional / GO","860808/2011","Requerimento de Autorização de Pesquisa","Concessão de Lavra","15.616.813/0001-88","C A DA CRUZ - EIRELI","ITAPURANGA - GO, MORRO AGUDO DE GOIÁS - GO","AREIA, MINÉRIO DE OURO","Construção civil, Industrial","Sim"
"Gerência Regional / GO","860947/2011","Requerimento de Autorização de Pesquisa","Concessão de Lavra","18.592.147/0001-83","CERAMICA SOLAR LTDA","CUMARI - GO","ARGILA","Cerâmica vermelha","Sim"
"Gerência Regional / GO","861034/2011","Requerimento de Autorização de Pesquisa","Concessão de Lavra","10.976.787/0001-85","AGUAS DE GOIAS EXTRACAO MINERAL LTDA","ANÁPOLIS - GO","ÁGUA MINERAL","Engarrafamento","Sim"
"Gerência Regional / GO","861071/2011","Requerimento de Autorização de Pesquisa","Concessão de Lavra","25.227.736/0001-28","Mineração Novo Horizonte Me","CRISTALINA - GO","CALCÁRIO, CALCÁRIO DOLOMÍTICO","Corretivo de solo, Fabricação de cal","Sim"
"Gerência Regional / GO","861087/2011","Requerimento de Autorização de Pesquisa","Concessão de Lavra","08.258.118/0001-26","CEFAS MINERACAO LTDA","PORANGATU - GO","GRANITO","Revestimento","Sim"
"Gerência Regional / GO","861249/2011","Requerimento de Autorização de Pesquisa","Concessão de Lavra","17.151.451/0001-22","DARA ARTEFATOS DE CIMENTO LTDA.","EDEALINA - GO, PONTALINA - GO","AREIA, ARGILA","Construção civil, Industrial","Sim"
"Gerência Regional / GO","861270/2011","Requerimento de Autorização de Pesquisa","Concessão de Lavra","13.273.843/0001-03","SYLVIO ROBERTO PEREIRA BARBOSA LTDA","CORUMBÁ DE GOIÁS - GO","AREIA","Construção civil","Sim"
"Gerência Regional / GO","861272/2011","Requerimento de Autorização de Pesquisa","Concessão de Lavra","21.256.494/0001-40","ARCAL MINERADORA LTDA","ABADIÂNIA - GO","AREIA, MINÉRIO DE OURO","Construção civil, Industrial","Sim"
"Gerência Regional / GO","861551/2011","Requerimento de Autorização de Pesquisa","Concessão de Lavra","05.778.572/0001-10","COMERCIO VAREJISTA E ATACADISTA DE MATERIAIS DE CONSTRUCAO LTDA","SERRANÓPOLIS - GO","AREIA, MINÉRIO DE OURO","Construção civil, Industrial","Sim"
"Gerência Regional / GO","861554/2011","Requerimento de Autorização de Pesquisa","Concessão de Lavra","05.036.167/0001-26","SEBA COMERCIO E INDUSTRIA LTDA","CALDAS NOVAS - GO, IPAMERI - GO","AREIA, MINÉRIO DE OURO","Construção civil, Industrial","Sim"
"Gerência Regional / GO","861610/2011","Requerimento de Autorização de Pesquisa","Concessão de Lavra","13.707.719/0001-09","ARMAZEM DA AREIA LTDA","SENADOR CANEDO - GO","AREIA, CASCALHO, QUARTZITO","Brita, Construção civil, Construção civil","Sim"
"Gerência Regional / GO","861676/2011","Requerimento de Autorização de Pesquisa","Concessão de Lavra","02.759.124/0001-80","DRAGA SAO GERALDO LTDA","CAMPESTRE DE GOIÁS - GO, PALMEIRAS DE GOIÁS - GO","AREIA, MINÉRIO DE OURO","Construção civil, Industrial","Sim"
"Gerência Regional / GO","861708/2011","Requerimento de Autorização de Pesquisa","Concessão de Lavra","05.036.167/0001-26","SEBA COMERCIO E INDUSTRIA LTDA","CALDAS NOVAS - GO, IPAMERI - GO, PIRES DO RIO - GO","AREIA, CASCALHO, MINÉRIO DE OURO","Construção civil, Construção civil, Industrial","Sim"
"Gerência Regional / GO","861747/2011","Requerimento de Cessão parcial","Concessão de Lavra","05.163.702/0001-00","MG MINERACAO GREEN GOLD EIRELI","CRISTALINA - GO","AREIA","Construção civil","Sim"
"Gerência Regional / GO","861932/2011","Requerimento de Autorização de Pesquisa","Concessão de Lavra","42.287.841/0001-71","DU VALLE EXTRACAO E COMERCIO DE AREIAS LTDA","ITAPURANGA - GO","AREIA, MINÉRIO DE OURO","Construção civil, Industrial","Sim"
"Gerência Regional / GO","862051/2011","Requerimento de Disponibilidade para pesquisa","Concessão de Lavra","13.648.937/0001-10","Cpx Goiana Mineração S.a.","FORMOSA - GO","ARGILA, CALCÁRIO, CALCÁRIO CALCÍTICO, FOSFATO, MARGA, SILTITO","Brita, Fabricação de cal, Fabricação de cimento, Fertilizantes, Industrial, Industrial","Sim"
"Gerência Regional / GO","862061/2011","Requerimento de Cessão parcial","Concessão de Lavra","18.476.378/0001-21","AFRANIO FERREIRA FILHO & CIA LTDA","GOIÁS - GO","AREIA","Construção civil","Sim"
"Gerência Regional / GO","862299/2011","Requerimento de Mudança de Regime para Aut. de Pesquisa","Concessão de Lavra","49.703.695/0001-67","AREIAL COUTRIM LTDA","IVOLÂNDIA - GO","AREIA","Construção civil","Sim"
"Gerência Regional / GO","862393/2011","Requerimento de Mudança de Regime para Aut. de Pesquisa","Concessão de Lavra","37.021.524/0001-79","LUIZ HUMBERTO DE OLIVEIRA","VICENTINÓPOLIS - GO","BASALTO, BASALTO","Pedra de talhe, Revestimento","Sim"
"Gerência Regional / GO","862429/2011","Requerimento de Autorização de Pesquisa","Concessão de Lavra","13.307.354/0001-25","E. CAMARGO MINERACAO - EIRELI","JARAGUÁ - GO","AREIA, CASCALHO, MINÉRIO DE OURO","Construção civil, Construção civil, Industrial","Sim"
"Gerência Regional / GO","862668/2011","Requerimento de Cessão parcial","Concessão de Lavra","27.748.087/0001-36","NOVA ESPERANCA EXTRACAO E MINERACAO DE AREIAS LTDA","CORUMBÁ DE GOIÁS - GO","AREIA, QUARTZITO","Construção civil, Industrial","Sim"
"Gerência Regional / GO","862706/2011","Requerimento de Autorização de Pesquisa","Concessão de Lavra","49.606.104/0001-33","MINERACAO GALANTA K.U.K. LTDA","JARAGUÁ - GO","MIGMATITO, XISTO, XISTO","Brita, Brita, Revestimento","Sim"
"Gerência Regional / GO","862739/2011","Requerimento de Autorização de Pesquisa","Concessão de Lavra","29.541.600/0001-49","DOMUS AUREA MINERACAO LTDA","CRIXÁS - GO","MINÉRIO DE OURO","Industrial","Sim"
"Gerência Regional / GO","862740/2011","Requerimento de Autorização de Pesquisa","Concessão de Lavra","29.541.600/0001-49","DOMUS AUREA MINERACAO LTDA","CRIXÁS - GO","MINÉRIO DE OURO","Industrial","Sim"
"Gerência Regional / GO","862868/2011","Requerimento de Cessão parcial","Concessão de Lavra","26.931.501/0001-85","Alfa Rock Construtora Ltda","BURITI DE GOIÁS - GO, MOSSÂMEDES - GO, SANCLERLÂNDIA - GO","AREIA","Construção civil","Sim"
"Gerência Regional / GO","862889/2011","Requerimento de Autorização de Pesquisa","Concessão de Lavra","18.491.706/0001-69","MINERACAO CRISTAL COMERCIO DE AREIA & CASCALHO LTDA","URUAÇU - GO","AREIA, CASCALHO","Construção civil, Construção civil","Sim"
"Gerência Regional / GO","860264/2012","Requerimento de Cessão parcial","Concessão de Lavra","16.573.195/0001-07","ARANTES E GOUVEIA MINERACAO LTDA","ARAGUAPAZ - GO, FAINA - GO","AREIA","Construção civil","Sim"
"Gerência Regional / GO","860281/2012","Requerimento de Autorização de Pesquisa","Concessão de Lavra","27.468.408/0001-49","MINERACAO MOURA LTDA","GUAPÓ - GO","AREIA, GNAISSE, GNAISSE","Brita, Construção civil, Revestimento","Sim"
"Gerência Regional / GO","860291/2012","Requerimento de Autorização de Pesquisa","Concessão de Lavra","07.346.767/0001-16","GUARANI BLACK MARBLE LTDA","GUARANI DE GOIÁS - GO","CALCÁRIO, MÁRMORE","Brita, Revestimento","Sim"
"Gerência Regional / GO","860356/2012","Requerimento de Cessão parcial","Concessão de Lavra","36.829.356/0001-80","CATALANA IND E COM DE ARTEFATOS DE CIMENTO E CONST LTDA","CUMARI - GO, GOIANDIRA - GO, NOVA AURORA - GO","AREIA, CASCALHO","Construção civil, Construção civil","Sim"
"Gerência Regional / GO","860357/2012","Requerimento de Cessão parcial","Concessão de Lavra","36.829.356/0001-80","CATALANA IND E COM DE ARTEFATOS DE CIMENTO E CONST LTDA","CUMARI - GO, NOVA AURORA - GO","AREIA, CASCALHO","Construção civil, Construção civil","Sim"
"Gerência Regional / GO","860358/2012","Requerimento de Cessão parcial","Concessão de Lavra","36.829.356/0001-80","CATALANA IND E COM DE ARTEFATOS DE CIMENTO E CONST LTDA","CUMARI - GO, NOVA AURORA - GO","AREIA, CASCALHO","Construção civil, Construção civil","Sim"
"Gerência Regional / GO","860372/2012","Requerimento de Disponibilidade para lavra","Concessão de Lavra","06.730.693/0001-54","MINERACAO BELOCAL LTDA","PLANALTINA - GO","CALCÁRIO, DOLOMITO, DOLOMITO","Corretivo de solo, Industrial, Industrial","Sim"
"Gerência Regional / GO","860378/2012","Requerimento de Disponibilidade para pesquisa","Concessão de Lavra","23.448.428/0001-05","FUTURA PARTICIPACOES LTDA","CEZARINA - GO, EDEALINA - GO, PONTALINA - GO","AREIA","Construção civil","Sim"
"Gerência Regional / GO","860435/2012","Requerimento de Cessão parcial","Concessão de Lavra","27.390.543/0001-19","EDMAR A. MOTA LTDA","FAZENDA NOVA - GO, MOIPORÁ - GO","AREIA, DIAMANTE","Construção civil, Industrial","Sim"
"Gerência Regional / GO","860567/2012","Requerimento de Cessão parcial","Concessão de Lavra","20.929.582/0001-00","MINERACAO SANT'ANA EIRELI","MONTE ALEGRE DE GOIÁS - GO","AREIA","Industrial","Sim"
"Gerência Regional / GO","860571/2012","Requerimento de Cessão parcial","Concessão de Lavra","16.738.357/0001-01","AGROPECUARIA E MINERADORA REVELACAO LTDA","GUAPÓ - GO","AREIA, MINÉRIO DE OURO","Construção civil, Industrial","Sim"
"Gerência Regional / GO","860886/2012","Requerimento de Disponibilidade para lavra","Concessão de Lavra","13.568.566/0001-66","MINERACAO GNB LTDA","HIDROLINA - GO","GABRO, GNAISSE","Industrial, Industrial","Sim"
"Gerência Regional / GO","860905/2012","Requerimento de Disponibilidade para pesquisa","Concessão de Lavra","12.970.546/0001-54","DRAGA SAO BENTO E TRANSPORTES LTDA","GOIANÉSIA - GO, SANTA ISABEL - GO","AREIA, CASCALHO","Construção civil, Construção civil","Sim"
"Gerência Regional / GO","860906/2012","Requerimento de Disponibilidade para pesquisa","Concessão de Lavra","12.970.546/0001-54","DRAGA SAO BENTO E TRANSPORTES LTDA","GOIANÉSIA - GO, SANTA ISABEL - GO","AREIA, CASCALHO","Construção civil, Construção civil","Sim"
"Gerência Regional / GO","860907/2012","Requerimento de Disponibilidade para pesquisa","Concessão de Lavra","12.970.546/0001-54","DRAGA SAO BENTO E TRANSPORTES LTDA","GOIANÉSIA - GO, SANTA ISABEL - GO","AREIA, CASCALHO","Construção civil, Construção civil","Sim"
"Gerência Regional / GO","860960/2012","Requerimento de Disponibilidade para pesquisa","Concessão de Lavra","04.970.432/0001-86","RTC NEGOCIOS IMOBILIARIOS LTDA","AURILÂNDIA - GO, CÓRREGO DO OURO - GO, MOIPORÁ - GO","AREIA","Construção civil","Sim"
"Gerência Regional / GO","860989/2012","Requerimento de Autorização de Pesquisa","Concessão de Lavra","18.941.864/0001-73","Cerâmica Cruzeiro Ltda","CUMARI - GO","ARGILA","Cerâmica vermelha","Sim"
"Gerência Regional / GO","861151/2012","Requerimento de Cessão parcial","Concessão de Lavra","14.883.253/0001-65","DIVINO CARLOS MARQUES FERNANDES","GOIÁS - GO, ITAPIRAPUÃ - GO","AREIA","Construção civil","Sim"
"Gerência Regional / GO","861254/2012","Requerimento de Cessão parcial","Concessão de Lavra","02.306.385/0001-45","BORGES E DONATO LTDA ME","AURILÂNDIA - GO, SÃO LUÍS DE MONTES BELOS - GO","AREIA","Construção civil","Sim"
"Gerência Regional / GO","861262/2012","Requerimento de Disponibilidade para lavra","Concessão de Lavra","00.095.039/0001-30","SAVANA MINAS MINERACAO LTDA","VILA PROPÍCIO - GO","FILITO","Industrial","Sim"
"Gerência Regional / GO","861305/2012","Requerimento de Disponibilidade para pesquisa","Concessão de Lavra","04.970.432/0001-86","RTC NEGOCIOS IMOBILIARIOS LTDA","MOIPORÁ - GO","AREIA","Construção civil","Sim"
"Gerência Regional / GO","861355/2012","Requerimento de Disponibilidade para pesquisa","Concessão de Lavra","24.216.534/0001-18","AREIAL E TERRAPLANAGEM SILVEIRA LTDA","GOIÁS - GO","AREIA","Construção civil","Sim"
"Gerência Regional / GO","861374/2012","Requerimento de Mudança de Regime para Aut. de Pesquisa","Concessão de Lavra","15.923.130/0001-73","AREAL RM COMERCIO DE MATERIAL PARA CONSTRUCAO EIRELI","FORMOSA - GO","AREIA, FILITO, QUARTZITO","Brita, Construção civil, Industrial","Sim"
"Gerência Regional / GO","861386/2012","Requerimento de Autorização de Pesquisa","Concessão de Lavra","49.160.481/0001-91","FWS CONSTRUTORA LTDA","IVOLÂNDIA - GO","AREIA, MINÉRIO DE OURO","Construção civil, Industrial","Sim"
"Gerência Regional / GO","861480/2012","Requerimento de Autorização de Pesquisa","Concessão de Lavra","10.404.860/0001-44","Mineração Rio do Sal Ltda","PADRE BERNARDO - GO","CALCÁRIO","Fabricação de cimento","Sim"
"Gerência Regional / GO","861626/2012","Requerimento de Autorização de Pesquisa","Concessão de Lavra","52.699.033/0001-75","AREIAL VBS LTDA","ITAPURANGA - GO","AREIA, MINÉRIO DE OURO","Construção civil, Industrial","Sim"
"Gerência Regional / GO","861690/2012","Requerimento de Cessão parcial","Concessão de Lavra","17.833.812/0001-10","DANTAS MINERIOS LTDA","GUAPÓ - GO","GNAISSE","Brita","Sim"
"Gerência Regional / GO","861691/2012","Requerimento de Cessão parcial","Concessão de Lavra","17.833.812/0001-10","DANTAS MINERIOS LTDA","GUAPÓ - GO","GNAISSE","Brita","Sim"
"Gerência Regional / GO","861692/2012","Requerimento de Cessão parcial","Concessão de Lavra","17.833.812/0001-10","DANTAS MINERIOS LTDA","GUAPÓ - GO","GNAISSE","Brita","Sim"
"Gerência Regional / GO","861805/2012","Requerimento de Autorização de Pesquisa","Concessão de Lavra","02.094.748/0001-26","Mineraçâo e Transportes Corumbá Ltda","CALDAS NOVAS - GO, MARZAGÃO - GO","AREIA, CASCALHO","Construção civil, Construção civil","Sim"
"Gerência Regional / GO","861999/2012","Requerimento de Mudança de Regime para Aut. de Pesquisa","Concessão de Lavra","10.690.080/0001-08","VANESSA DE ALMEIDA GOMES AREIA MAQ","SÃO LUÍS DE MONTES BELOS - GO","AREIA","Construção civil","Sim"
"Gerência Regional / GO","862033/2012","Requerimento de Cessão parcial","Concessão de Lavra","11.391.743/0001-56","CLEMON JOSE BUENO","SILVÂNIA - GO","AREIA","Construção civil","Sim"
"Gerência Regional / GO","862149/2012","Requerimento de Cessão parcial","Concessão de Lavra","07.346.767/0001-16","GUARANI BLACK MARBLE LTDA","GUARANI DE GOIÁS - GO","CALCÁRIO","Fabricação de cimento","Sim"
"Gerência Regional / GO","862157/2012","Requerimento de Cessão parcial","Concessão de Lavra","04.596.259/0001-06","MINERACAO CAPA BRANCA LTDA","RIO VERDE - GO","CALCÁRIO","Corretivo de solo","Sim"
"Gerência Regional / GO","860213/2013","Requerimento de Autorização de Pesquisa","Concessão de Lavra","00.114.258/0001-19","AREIALTO EXTRACAO COMERCIO E TRANSPORTES DE AREIA LTDA","ORIZONA - GO","AREIA, DIAMANTE","Construção civil, Industrial","Sim"
"Gerência Regional / GO","860263/2013","Requerimento de Autorização de Pesquisa","Concessão de Lavra","00.114.258/0001-19","AREIALTO EXTRACAO COMERCIO E TRANSPORTES DE AREIA LTDA","ORIZONA - GO","AREIA","Construção civil","Sim"
"Gerência Regional / GO","860286/2013","Requerimento de Mudança de Regime para Aut. de Pesquisa","Concessão de Lavra","13.229.739/0001-11","V & A. EXTRACAO E COMERCIO DE AREIA E CASCALHO LTDA","SÃO PATRÍCIO - GO","AREIA, CASCALHO","Construção civil, Construção civil","Sim"
"Gerência Regional / GO","860287/2013","Requerimento de Mudança de Regime para Aut. de Pesquisa","Concessão de Lavra","13.229.739/0001-11","V & A. EXTRACAO E COMERCIO DE AREIA E CASCALHO LTDA","SÃO PATRÍCIO - GO","AREIA, CASCALHO","Construção civil, Construção civil","Sim"
"Gerência Regional / GO","860600/2013","Requerimento de Cessão parcial","Concessão de Lavra","45.701.942/0001-35","AREAL PARANAIBA LTDA","ARAGUARI - MG, CUMARI - GO","AREIA, CASCALHO, DIAMANTE","Construção civil, Construção civil, Industrial","Sim"
"Gerência Regional / GO","860601/2013","Requerimento de Cessão parcial","Concessão de Lavra","45.701.942/0001-35","AREAL PARANAIBA LTDA","ARAGUARI - MG, CUMARI - GO","AREIA, CASCALHO, DIAMANTE","Construção civil, Construção civil, Industrial","Sim"
"Gerência Regional / GO","860602/2013","Requerimento de Cessão parcial","Concessão de Lavra","45.701.942/0001-35","AREAL PARANAIBA LTDA","ARAGUARI - MG, CUMARI - GO","AREIA, CASCALHO, DIAMANTE","Construção civil, Construção civil, Industrial","Sim"
"Gerência Regional / GO","860845/2013","Requerimento de Autorização de Pesquisa","Concessão de Lavra","40.830.258/0001-30","MOTA MINERACAO E EXTRACAO II LTDA","JUSSARA - GO, MONTES CLAROS DE GOIÁS - GO","AREIA, DIAMANTE","Construção civil, Industrial","Sim"
"Gerência Regional / GO","860899/2013","Requerimento de Cessão parcial","Concessão de Lavra","33.649.158/0001-46","CAMILLO E CABRAL MINERADORA LTDA","RIO VERDE - GO","AREIA","Construção civil","Sim"
"Gerência Regional / GO","860900/2013","Requerimento de Cessão parcial","Concessão de Lavra","33.649.158/0001-46","CAMILLO E CABRAL MINERADORA LTDA","RIO VERDE - GO","AREIA","Construção civil","Sim"
"Gerência Regional / GO","860901/2013","Requerimento de Cessão parcial","Concessão de Lavra","33.649.158/0001-46","CAMILLO E CABRAL MINERADORA LTDA","RIO VERDE - GO","AREIA","Construção civil","Sim"
"Gerência Regional / GO","861022/2013","Requerimento de Autorização de Pesquisa","Concessão de Lavra","08.258.118/0001-26","CEFAS MINERACAO LTDA","MONTIVIDIU DO NORTE - GO","GRANITO","Revestimento","Sim"
"Gerência Regional / GO","861119/2013","Requerimento de Autorização de Pesquisa","Concessão de Lavra","14.641.999/0001-62","Centro Mineração Ltda","SÃO JOÃO D'ALIANÇA - GO","MINÉRIO DE MANGANÊS","Industrial","Sim"
"Gerência Regional / GO","861204/2013","Requerimento de Cessão parcial","Concessão de Lavra","06.220.490/0001-18","Calcario Uruaçu Ltda","NIQUELÂNDIA - GO","CALCÁRIO, CALCÁRIO DOLOMÍTICO, MINÉRIO DE OURO","Corretivo de solo, Corretivo de solo, Industrial","Sim"
"Gerência Regional / GO","861332/2013","Requerimento de Autorização de Pesquisa","Concessão de Lavra","20.766.728/0001-36","J R EXTRACAO E COMERCIO DE AREIA LTDA","CÓRREGO DO OURO - GO, SANCLERLÂNDIA - GO","AREIA, DIAMANTE","Construção civil, Industrial","Sim"
"Gerência Regional / GO","861648/2013","Requerimento de Autorização de Pesquisa","Concessão de Lavra","21.766.307/0001-78","MINERAÇÃO MS LTDA","GOIÁS - GO","AREIA, DIAMANTE","Construção civil, Industrial","Sim"
"Gerência Regional / GO","861680/2013","Requerimento de Cessão parcial","Concessão de Lavra","40.830.258/0001-30","MOTA MINERACAO E EXTRACAO II LTDA","JUSSARA - GO, MONTES CLAROS DE GOIÁS - GO","AREIA, DIAMANTE","Construção civil, Industrial","Sim"
"Gerência Regional / GO","861681/2013","Requerimento de Cessão parcial","Concessão de Lavra","40.830.258/0001-30","MOTA MINERACAO E EXTRACAO II LTDA","JUSSARA - GO, MONTES CLAROS DE GOIÁS - GO","AREIA, DIAMANTE","Construção civil, Industrial","Sim"
"Gerência Regional / GO","861752/2013","Requerimento de Autorização de Pesquisa","Concessão de Lavra","25.001.607/0001-17","COMERCIO DE ENGARRAFAMENTO DE AGUA MINERAL JADE EIRELI","ITABERAÍ - GO","ÁGUA MINERAL","Engarrafamento","Sim"
"Gerência Regional / GO","861788/2013","Requerimento de Autorização de Pesquisa","Concessão de Lavra","10.874.032/0001-70","AREIA PONTO FORTE LTDA","CAÇU - GO, SANTA VITÓRIA - MG","AREIA, CASCALHO, DIAMANTE, DIAMANTE","Construção civil, Construção civil, Gema, Industrial","Sim"
"Gerência Regional / GO","861852/2013","Requerimento de Cessão parcial","Concessão de Lavra","18.584.977/0001-69","Mineração Rlrj Ltda Me","AURILÂNDIA - GO, CÓRREGO DO OURO - GO","AREIA","Construção civil","Sim"
"Gerência Regional / GO","861856/2013","Requerimento de Disponibilidade para lavra","Concessão de Lavra","03.297.900/0001-30","AGUAS DE CALDAS-NOVAS COLONIA DO SESC LTDA","JATAÍ - GO","ÁGUA MINERAL","Balneoterapia","Sim"
"Gerência Regional / GO","862004/2013","Requerimento de Autorização de Pesquisa","Concessão de Lavra","27.616.215/0001-98","NSO INDUSTRIA DE BEBIDAS EIRELI","GOIÁS - GO","ÁGUA MINERAL","Engarrafamento","Sim"
"Gerência Regional / GO","860032/2014","Requerimento de Mudança de Regime para Aut. de Pesquisa","Concessão de Lavra","03.417.227/0001-25","TARCAL TRANSPORTES E MATERIAL DE CONSTRUCAO LTDA","PIRACANJUBA - GO","AREIA","Construção civil","Sim"
"Gerência Regional / GO","860052/2014","Requerimento de Autorização de Pesquisa","Concessão de Lavra","25.982.566/0001-97","CALFORTE BENEFICIAMENTO DE CALCARIO LTDA","INDIARA - GO","CALCÁRIO, CALCÁRIO, CASCALHO","Construção civil, Corretivo de solo, Fabricação de cal","Sim"
"Gerência Regional / GO","860149/2014","Requerimento de Mudança de Regime para Aut. de Pesquisa","Concessão de Lavra","14.213.571/0001-19","AREIA BRASIL MINERACAO INDUSTRIA E COMERCIO LTDA","ARAGOIÂNIA - GO","QUARTZITO","Brita","Sim"
"Gerência Regional / GO","860224/2014","Requerimento de Cessão parcial","Concessão de Lavra","00.888.735/0001-01","MINERADORA CONCHAL LTDA","CALDAS NOVAS - GO","ÁGUA MINERAL","Balneoterapia","Sim"
"Gerência Regional / GO","860298/2014","Requerimento de Cessão parcial","Concessão de Lavra","10.174.537/0001-21","Cristalina Mineração e Transportes Ltda Me","CRISTALINA - GO","AREIA","Construção civil","Sim"
"Gerência Regional / GO","860299/2014","Requerimento de Cessão parcial","Concessão de Lavra","10.174.537/0001-21","Cristalina Mineração e Transportes Ltda Me","CRISTALINA - GO","AREIA","Construção civil","Sim"
"Gerência Regional / GO","860300/2014","Requerimento de Cessão parcial","Concessão de Lavra","10.174.537/0001-21","Cristalina Mineração e Transportes Ltda Me","CRISTALINA - GO","AREIA","Construção civil","Sim"
"Gerência Regional / GO","860301/2014","Requerimento de Cessão parcial","Concessão de Lavra","10.174.537/0001-21","Cristalina Mineração e Transportes Ltda Me","CRISTALINA - GO","AREIA","Construção civil","Sim"
"Gerência Regional / GO","860355/2014","Requerimento de Autorização de Pesquisa","Concessão de Lavra","16.949.392/0001-70","PHANTHOM GREEN MINERADORA LTDA-ME","AURILÂNDIA - GO","AREIA, CASCALHO, DIAMANTE","Construção civil, Construção civil, Industrial","Sim"
"Gerência Regional / GO","860398/2014","Requerimento de Autorização de Pesquisa","Concessão de Lavra","07.042.829/0001-04","J LANUSSE CONSTRUTORA E EMPREENDIMENTOS IMOBILIARIOS LTDA","TRINDADE - GO","ÁGUA MINERAL","Engarrafamento","Sim"
"Gerência Regional / GO","860405/2014","Requerimento de Autorização de Pesquisa","Concessão de Lavra","08.678.980/0001-98","CEMAN MINERACAO LTDA","ALTO HORIZONTE - GO","GRANITO, MINÉRIO DE MANGANÊS","Industrial, Revestimento","Sim"
"Gerência Regional / GO","860432/2014","Requerimento de Cessão parcial","Concessão de Lavra","00.948.470/0001-81","PONTUAL INCORPORADORA E EMPREENDIMENTOS IMOBILIARIOS S/A","CRISTALINA - GO","AREIA","Construção civil","Sim"
"Gerência Regional / GO","860433/2014","Requerimento de Cessão parcial","Concessão de Lavra","00.948.470/0001-81","PONTUAL INCORPORADORA E EMPREENDIMENTOS IMOBILIARIOS S/A","CRISTALINA - GO","AREIA","Construção civil","Sim"
"Gerência Regional / GO","860434/2014","Requerimento de Cessão parcial","Concessão de Lavra","05.163.702/0001-00","MG MINERACAO GREEN GOLD EIRELI","CRISTALINA - GO","AREIA, CASCALHO, QUARTZITO","Brita, Construção civil, Construção civil","Sim"
"Gerência Regional / GO","860435/2014","Requerimento de Cessão parcial","Concessão de Lavra","05.163.702/0001-00","MG MINERACAO GREEN GOLD EIRELI","CRISTALINA - GO","AREIA, QUARTZITO","Brita, Construção civil","Sim"
"Gerência Regional / GO","860454/2014","Requerimento de Autorização de Pesquisa","Concessão de Lavra","51.078.984/0001-64","MINERACAO PJ LTDA","ALEXÂNIA - GO, SANTO ANTÔNIO DO DESCOBERTO - GO","AREIA","Construção civil","Sim"
"Gerência Regional / GO","860576/2014","Requerimento de Autorização de Pesquisa","Concessão de Lavra","01.126.983/0001-70","Arenan Extração e Comércio de Areia Ltda","CRISTALINA - GO, IPAMERI - GO","AREIA, MINÉRIO DE OURO","Construção civil, Industrial","Sim"
"Gerência Regional / GO","860656/2014","Requerimento de Autorização de Pesquisa","Concessão de Lavra","20.183.888/0001-52","NOVA ERA EXTRACAO E TRANSPORTES DE AREIA LTDA","CEZARINA - GO, PONTALINA - GO","AREIA","Construção civil","Sim"
"Gerência Regional / GO","860899/2014","Requerimento de Autorização de Pesquisa","Concessão de Lavra","01.637.895/0001-32","VOTORANTIM CIMENTOS S.A.","EDEALINA - GO, INDIARA - GO","ARGILA, CALCÁRIO","Fabricação de cimento, Industrial","Sim"
"Gerência Regional / GO","861054/2014","Requerimento de Disponibilidade para lavra","Concessão de Lavra","14.584.512/0001-57","Victor Leonardo de Lima Soares Me ","MOSSÂMEDES - GO, SANCLERLÂNDIA - GO","AREIA, CASCALHO","Construção civil, Construção civil","Sim"
"Gerência Regional / GO","861064/2014","Requerimento de Cessão parcial","Concessão de Lavra","22.131.400/0001-79","AD3 PARTICIPACOES LTDA","GOIÁS - GO","AREIA","Construção civil","Sim"
"Gerência Regional / GO","861066/2014","Requerimento de Cessão parcial","Concessão de Lavra","37.704.398/0001-57","MOTA MINERACAO E EXTRACAO LTDA","ISRAELÂNDIA - GO","AREIA","Construção civil","Sim"
"Gerência Regional / GO","861225/2014","Requerimento de Autorização de Pesquisa","Concessão de Lavra","18.424.895/0001-57","MINASGOIAS MINERACAO BERGAMO LTDA","CANÁPOLIS - MG, ITUMBIARA - GO","AREIA, CASCALHO","Construção civil, Construção civil","Sim"
"Gerência Regional / GO","861226/2014","Requerimento de Autorização de Pesquisa","Concessão de Lavra","18.424.895/0001-57","MINASGOIAS MINERACAO BERGAMO LTDA","CANÁPOLIS - MG, ITUMBIARA - GO","AREIA, CASCALHO","Construção civil, Construção civil","Sim"
"Gerência Regional / GO","861227/2014","Requerimento de Autorização de Pesquisa","Concessão de Lavra","18.424.895/0001-57","MINASGOIAS MINERACAO BERGAMO LTDA","CANÁPOLIS - MG, ITUMBIARA - GO","AREIA, CASCALHO","Construção civil, Construção civil","Sim"
"Gerência Regional / GO","861228/2014","Requerimento de Autorização de Pesquisa","Concessão de Lavra","18.424.895/0001-57","MINASGOIAS MINERACAO BERGAMO LTDA","CANÁPOLIS - MG, ITUMBIARA - GO","AREIA, CASCALHO","Construção civil, Construção civil","Sim"
"Gerência Regional / GO","861229/2014","Requerimento de Autorização de Pesquisa","Concessão de Lavra","18.424.895/0001-57","MINASGOIAS MINERACAO BERGAMO LTDA","CANÁPOLIS - MG, ITUMBIARA - GO","AREIA, CASCALHO","Construção civil, Construção civil","Sim"
"Gerência Regional / GO","861230/2014","Requerimento de Autorização de Pesquisa","Concessão de Lavra","18.424.895/0001-57","MINASGOIAS MINERACAO BERGAMO LTDA","CANÁPOLIS - MG, ITUMBIARA - GO","AREIA, CASCALHO","Construção civil, Construção civil","Sim"
"Gerência Regional / GO","861262/2014","Requerimento de Autorização de Pesquisa","Concessão de Lavra","13.342.485/0001-43","MINERACAO ANTONELLI LTDA","ANÁPOLIS - GO","GRANULITO, QUARTZITO","Revestimento, Revestimento","Sim"
"Gerência Regional / GO","861385/2014","Requerimento de Autorização de Pesquisa","Concessão de Lavra","24.563.102/0001-83","CASCALHEIRA SÃO PAULO EIRELI ME ","SANTO ANTÔNIO DO DESCOBERTO - GO","CASCALHO, QUARTZITO","Construção civil, Industrial","Sim"
"Gerência Regional / GO","861555/2014","Requerimento de Autorização de Pesquisa","Concessão de Lavra","28.642.604/0001-50","MARIA MOREIRA DOS SANTOS RODRIGUES 15492427172","PIRANHAS - GO","AREIA","Construção civil","Sim"
"Gerência Regional / GO","861574/2014","Requerimento de Cessão parcial","Concessão de Lavra","21.393.761/0001-20","NARAE MINERADORA LTDA.","INDIARA - GO","AREIA, MINÉRIO DE OURO","Construção civil, Industrial","Sim"
"Gerência Regional / GO","861592/2014","Requerimento de Cessão parcial","Concessão de Lavra","27.468.408/0001-49","MINERACAO MOURA LTDA","GUAPÓ - GO","AREIA, GNAISSE, GNAISSE","Brita, Construção civil, Revestimento","Sim"
"Gerência Regional / GO","861594/2014","Requerimento de Cessão parcial","Concessão de Lavra","27.468.408/0001-49","MINERACAO MOURA LTDA","GUAPÓ - GO","AREIA, GNAISSE, GNAISSE","Brita, Construção civil, Revestimento","Sim"
"Gerência Regional / GO","861595/2014","Requerimento de Cessão parcial","Concessão de Lavra","27.468.408/0001-49","MINERACAO MOURA LTDA","GUAPÓ - GO","AREIA, GNAISSE, GNAISSE","Brita, Construção civil, Revestimento","Sim"
"Gerência Regional / GO","861603/2014","Requerimento de Disponibilidade para pesquisa","Concessão de Lavra","30.294.129/0001-10","M2M COMÉRCIO DE MARMORES E GRANITOS LTDA","PORANGATU - GO","FELDSPATO, GRANITO, MINÉRIO DE OURO","Industrial, Industrial, Revestimento","Sim"
"Gerência Regional / GO","860037/2015","Requerimento de Autorização de Pesquisa","Concessão de Lavra","00.266.761/0001-90","MINERACAO ALAZAO LTDA","MONTIVIDIU DO NORTE - GO","GRANITO","Revestimento","Sim"
"Gerência Regional / GO","860074/2015","Requerimento de Autorização de Pesquisa","Concessão de Lavra","29.709.464/0001-53","29.709.464 MARCONDES LOPES DE SOUZA","SÃO LUÍS DE MONTES BELOS - GO","AREIA, DIAMANTE","Construção civil, Industrial","Sim"
"Gerência Regional / GO","860149/2015","Requerimento de Autorização de Pesquisa","Concessão de Lavra","37.792.194/0001-15","FORT MINERACAO LTDA","SÃO JOÃO D'ALIANÇA - GO","MINÉRIO DE MANGANÊS","Industrial","Sim"
"Gerência Regional / GO","860354/2015","Requerimento de Autorização de Pesquisa","Concessão de Lavra","11.415.113/0001-74","FERNANDO ALVES SERAFIM","RIALMA - GO","GNAISSE, GRANITO","Brita, Brita","Sim"
"Gerência Regional / GO","860396/2015","Requerimento de Disponibilidade para lavra","Concessão de Lavra","13.383.473/0001-67","EMERSON PINHEIRO ROSA","CROMÍNIA - GO, PROFESSOR JAMIL - GO","AREIA, CASCALHO","Construção civil, Construção civil","Sim"
"Gerência Regional / GO","860489/2015","Requerimento de Disponibilidade para lavra","Concessão de Lavra","01.005.225/0001-01","Hp Mineração e Meio Ambiente Ltda","ISRAELÂNDIA - GO, JAUPACI - GO","GRANITO","Demais substâncias","Sim"
"Gerência Regional / GO","860535/2015","Requerimento de Autorização de Pesquisa","Concessão de Lavra","09.167.564/0001-98","LGV MINERACAO LTDA","MONTES CLAROS DE GOIÁS - GO","GRANITO, ILMENITA, ROCHA POTÁSSICA","Industrial, Industrial, Revestimento","Sim"
"Gerência Regional / GO","860583/2015","Requerimento de Autorização de Pesquisa","Concessão de Lavra","27.427.364/0001-09","S & J MINERACAO DE GRANITOS DO BRASIL LTDA","RUBIATABA - GO","GRANITO, GRANITO, MONZONITO","Brita, Revestimento, Revestimento","Sim"
"Gerência Regional / GO","860635/2015","Requerimento de Mudança de Regime para Aut. de Pesquisa","Concessão de Lavra","09.431.553/0001-73","Distribuidora de Areia Rio Piloes Ltda Me","FAZENDA NOVA - GO, ISRAELÂNDIA - GO","AREIA, CASCALHO","Construção civil, Construção civil","Sim"
"Gerência Regional / GO","860734/2015","Requerimento de Autorização de Pesquisa","Concessão de Lavra","11.036.735/0001-91","KIOKI EMPREENDIMENTOS E LAZER LTDA","LAGOA SANTA - GO","ÁGUA MINERAL","Balneoterapia","Sim"
"Gerência Regional / GO","860790/2015","Requerimento de Autorização de Pesquisa","Concessão de Lavra","13.201.433/0001-57","ESTONE'S HANGER AREIA E SIMILARES LTDA","ABADIÂNIA - GO","AREIA, DIAMANTE","Construção civil, Industrial","Sim"
"Gerência Regional / GO","860831/2015","Requerimento de Mudança de Regime para Aut. de Pesquisa","Concessão de Lavra","15.577.033/0001-76","Deposito de Areia Rio Santana e Transporte Ltda Me ","ITAPURANGA - GO","AREIA","Construção civil","Sim"
"Gerência Regional / GO","860879/2015","Requerimento de Autorização de Pesquisa","Concessão de Lavra","10.874.032/0001-70","AREIA PONTO FORTE LTDA","SANTA VITÓRIA - MG, SÃO SIMÃO - GO","AREIA, CASCALHO, DIAMANTE, DIAMANTE","Construção civil, Construção civil, Gema, Industrial","Sim"
"Gerência Regional / GO","861114/2015","Requerimento de Autorização de Pesquisa","Concessão de Lavra","02.683.365/0001-93","BRASIL MINERIOS S/A","SÃO LUÍS DE MONTES BELOS - GO","VERMICULITA","Industrial","Sim"
"Gerência Regional / GO","861116/2015","Requerimento de Cessão parcial","Concessão de Lavra","01.360.990/0001-31","SALB EMPREENDIMENTOS EIRELI","SILVÂNIA - GO","AREIA","Construção civil","Sim"
"Gerência Regional / GO","861232/2015","Requerimento de Cessão parcial","Concessão de Lavra","01.445.576/0001-25","TERRA GOYANA MINERADORA LTDA","BARRO ALTO - GO, SANTA RITA DO NOVO DESTINO - GO","BAUXITA","Industrial","Sim"
"Gerência Regional / GO","861283/2015","Requerimento de Disponibilidade para pesquisa","Concessão de Lavra","37.875.374/0001-60","MINERADORA PICO DA GEMA LTDA","GOIANÉSIA - GO","GRANITO, MINÉRIO DE OURO","Brita, Industrial","Sim"
"Gerência Regional / GO","861290/2015","Requerimento de Autorização de Pesquisa","Concessão de Lavra","13.157.337/0001-59","WERLON ALVES CORDEIRO","AURILÂNDIA - GO, FIRMINÓPOLIS - GO","AREIA","Construção civil","Sim"
"Gerência Regional / GO","861301/2015","Requerimento de Disponibilidade para pesquisa","Concessão de Lavra","29.962.596/0001-92","RAFAEL DE FREITAS CURY LTDA","JARAGUÁ - GO","AREIA, CAULIM","Construção civil, Industrial","Sim"
"Gerência Regional / GO","861313/2015","Requerimento de Disponibilidade para pesquisa","Concessão de Lavra","27.468.408/0001-49","MINERACAO MOURA LTDA","GUAPÓ - GO","AREIA, MINÉRIO DE OURO","Construção civil, Industrial","Sim"
"Gerência Regional / GO","861368/2015","Requerimento de Autorização de Pesquisa","Concessão de Lavra","18.424.895/0001-57","MINASGOIAS MINERACAO BERGAMO LTDA","ARAPORÃ - MG, ITUMBIARA - GO","AREIA, CASCALHO","Construção civil, Construção civil","Sim"
"Gerência Regional / GO","861452/2015","Requerimento de Autorização de Pesquisa","Concessão de Lavra","31.162.448/0001-35","MEIRE GOMES MENDONÇA NASCIMENTO EIRELI","BELA VISTA DE GOIÁS - GO","ÁGUA MINERAL","Engarrafamento","Sim"
"Gerência Regional / GO","861454/2015","Requerimento de Autorização de Pesquisa","Concessão de Lavra","57.658.329/0001-61","MINERADORA E TRANSPORTES SAO LUCAS LTDA","FAZENDA NOVA - GO, JAUPACI - GO","AREIA, DIAMANTE","Construção civil, Industrial","Sim"
"Gerência Regional / GO","860039/2016","Requerimento de Cessão parcial","Concessão de Lavra","04.693.661/0001-09","Areia São Jose Extração, Comércio e Transporte Ltda Me","ARAGUARI - MG, CUMARI - GO","AREIA, CASCALHO","Construção civil, Construção civil","Sim"
"Gerência Regional / GO","860040/2016","Requerimento de Cessão parcial","Concessão de Lavra","04.693.661/0001-09","Areia São Jose Extração, Comércio e Transporte Ltda Me","ARAGUARI - MG, CUMARI - GO","AREIA, CASCALHO","Construção civil, Construção civil","Sim"
"Gerência Regional / GO","860041/2016","Requerimento de Cessão parcial","Concessão de Lavra","04.693.661/0001-09","Areia São Jose Extração, Comércio e Transporte Ltda Me","ARAGUARI - MG, CUMARI - GO","AREIA, CASCALHO","Construção civil, Construção civil","Sim"
"Gerência Regional / GO","860042/2016","Requerimento de Cessão parcial","Concessão de Lavra","04.693.661/0001-09","Areia São Jose Extração, Comércio e Transporte Ltda Me","ARAGUARI - MG, CUMARI - GO","AREIA, CASCALHO","Construção civil, Construção civil","Sim"
"Gerência Regional / GO","860043/2016","Requerimento de Cessão parcial","Concessão de Lavra","04.693.661/0001-09","Areia São Jose Extração, Comércio e Transporte Ltda Me","ARAGUARI - MG, CUMARI - GO","AREIA, CASCALHO","Construção civil, Construção civil","Sim"
"Gerência Regional / GO","860044/2016","Requerimento de Cessão parcial","Concessão de Lavra","04.693.661/0001-09","Areia São Jose Extração, Comércio e Transporte Ltda Me","ARAGUARI - MG, CUMARI - GO","AREIA, CASCALHO","Construção civil, Construção civil","Sim"
"Gerência Regional / GO","860075/2016","Requerimento de Cessão parcial","Concessão de Lavra","00.114.258/0001-19","AREIALTO EXTRACAO COMERCIO E TRANSPORTES DE AREIA LTDA","ORIZONA - GO, PIRES DO RIO - GO","AREIA","Construção civil","Sim"
"Gerência Regional / GO","860076/2016","Requerimento de Cessão parcial","Concessão de Lavra","00.114.258/0001-19","AREIALTO EXTRACAO COMERCIO E TRANSPORTES DE AREIA LTDA","ORIZONA - GO","AREIA","Construção civil","Sim"
"Gerência Regional / GO","860077/2016","Requerimento de Cessão parcial","Concessão de Lavra","00.114.258/0001-19","AREIALTO EXTRACAO COMERCIO E TRANSPORTES DE AREIA LTDA","ORIZONA - GO","AREIA","Construção civil","Sim"
"Gerência Regional / GO","860184/2016","Requerimento de Autorização de Pesquisa","Concessão de Lavra","25.355.031/0001-96","JERIBA MINERACAO DE PEDRAS ORNAMENTAIS, EXTRACAO, IMPORTACAO E EXPORTACAO LTDA","CRIXÁS - GO","DIABÁSIO","Revestimento","Sim"
"Gerência Regional / GO","860194/2016","Requerimento de Autorização de Pesquisa","Concessão de Lavra","16.842.764/0001-64","Mineradora Santa Barbara Ltda Me","CATURAÍ - GO","ARGILA","Industrial","Sim"
"Gerência Regional / GO","860277/2016","Requerimento de Cessão parcial","Concessão de Lavra","01.126.983/0001-70","Arenan Extração e Comércio de Areia Ltda","CRISTALINA - GO, IPAMERI - GO","AREIA, MINÉRIO DE OURO","Construção civil, Industrial","Sim"
"Gerência Regional / GO","860284/2016","Requerimento de Autorização de Pesquisa","Concessão de Lavra","37.118.345/0001-54","ALVES E MOREIRA MINERACAO LTDA","PLANALTINA - GO","AREIA, ARGILA, CASCALHO","Construção civil, Industrial, Industrial","Sim"
"Gerência Regional / GO","860374/2016","Requerimento de Disponibilidade para pesquisa","Concessão de Lavra","13.353.018/0001-19","Mineradora L & M Fronteira Ltda","SANTO ANTÔNIO DO DESCOBERTO - GO","AREIA, ARENITO, SAIBRO","Construção civil, Construção civil, Construção civil","Sim"
"Gerência Regional / GO","860430/2016","Requerimento de Disponibilidade para pesquisa","Concessão de Lavra","18.862.543/0001-83","MONTE SIAO MINERACAO LTDA","PORANGATU - GO","GRANITO","Revestimento","Sim"
"Gerência Regional / GO","860470/2016","Requerimento de Disponibilidade para lavra","Concessão de Lavra","12.226.996/0001-37","Pedreira do Vale Ltda","GUAPÓ - GO","GNAISSE","Brita","Sim"
"Gerência Regional / GO","860542/2016","Requerimento de Autorização de Pesquisa","Concessão de Lavra","36.547.112/0001-04","AGROCAL MINERACAO LTDA","ÁGUA FRIA DE GOIÁS - GO","CALCÁRIO, CALCÁRIO CALCÍTICO, CALCÁRIO CALCÍTICO, CALCÁRIO DOLOMÍTICO, CALCÁRIO DOLOMÍTICO","Corretivo de solo, Corretivo de solo, Fabricação de cal, Fabricação de cal, Fabricação de cimento","Sim"
"Gerência Regional / GO","860554/2016","Requerimento de Cessão parcial","Concessão de Lavra","18.090.544/0001-57","GONCALVES E ALMEIDA LTDA","PIRANHAS - GO","AREIA","Construção civil","Sim"
"Gerência Regional / GO","860555/2016","Requerimento de Cessão parcial","Concessão de Lavra","18.090.544/0001-57","GONCALVES E ALMEIDA LTDA","PIRANHAS - GO","AREIA","Construção civil","Sim"
"Gerência Regional / GO","860714/2016","Requerimento de Autorização de Pesquisa","Concessão de Lavra","02.683.365/0001-93","BRASIL MINERIOS S/A","SÃO LUÍS DE MONTES BELOS - GO","VERMICULITA","Industrial","Sim"
"Gerência Regional / GO","860809/2016","Requerimento de Cessão parcial","Concessão de Lavra","12.021.400/0001-62","MINERACAO NOVA ESPERANCA LTDA","PROFESSOR JAMIL - GO","AREIA","Construção civil","Sim"
"Gerência Regional / GO","860810/2016","Requerimento de Cessão parcial","Concessão de Lavra","12.021.400/0001-62","MINERACAO NOVA ESPERANCA LTDA","PROFESSOR JAMIL - GO","AREIA","Construção civil","Sim"
"Gerência Regional / GO","860811/2016","Requerimento de Cessão parcial","Concessão de Lavra","12.021.400/0001-62","MINERACAO NOVA ESPERANCA LTDA","PROFESSOR JAMIL - GO","AREIA","Construção civil","Sim"
"Gerência Regional / GO","860897/2016","Requerimento de Autorização de Pesquisa","Concessão de Lavra","40.019.822/0001-39","P T SOARES EIRELI","TAQUARAL DE GOIÁS - GO","ÁGUA MINERAL","Engarrafamento","Sim"
"Gerência Regional / GO","860924/2016","Requerimento de Autorização de Pesquisa","Concessão de Lavra","18.090.544/0001-57","GONCALVES E ALMEIDA LTDA","PIRANHAS - GO","AREIA, DIAMANTE","Construção civil, Industrial","Sim"
"Gerência Regional / GO","861137/2016","Requerimento de Autorização de Pesquisa","Concessão de Lavra","05.835.276/0001-03","RIO MINERALS LTDA","JARAGUÁ - GO","GRANITO, SIENITO","Revestimento, Revestimento","Sim"
"Gerência Regional / GO","861256/2016","Requerimento de Autorização de Pesquisa","Concessão de Lavra","60.916.520/0001-70","DOLOMAX MINERACAO LTDA","MONTE ALEGRE DE GOIÁS - GO","CALCÁRIO, MÁRMORE","Corretivo de solo, Revestimento","Sim"
"Gerência Regional / GO","861330/2016","Requerimento de Mudança de Regime para Aut. de Pesquisa","Concessão de Lavra","43.597.535/0001-02","PEDREIRA E ASFALTOS TRINDADE LTDA","RIO VERDE - GO","BASALTO","Brita","Sim"
"Gerência Regional / GO","861345/2016","Requerimento de Autorização de Pesquisa","Concessão de Lavra","31.932.299/0001-46","ACQUAVIE AGUAS MINERAIS E BEBIDAS LTDA","HIDROLÂNDIA - GO","ÁGUA MINERAL","Engarrafamento","Sim"
"Gerência Regional / GO","861350/2016","Requerimento de Autorização de Pesquisa","Concessão de Lavra","39.282.298/0001-05","MINERACAO CORCOVADO DE MINAS LTDA","NOVA ROMA - GO","ILMENITA, MÁRMORE","Industrial, Revestimento","Sim"
"Gerência Regional / GO","861412/2016","Requerimento de Cessão parcial","Concessão de Lavra","05.036.167/0001-26","SEBA COMERCIO E INDUSTRIA LTDA","CALDAS NOVAS - GO, IPAMERI - GO, PIRES DO RIO - GO","AREIA","Construção civil","Sim"
"Gerência Regional / GO","861427/2016","Requerimento de Autorização de Pesquisa","Concessão de Lavra","33.777.721/0001-61","AREIAL RIO PILOES LTDA","AURILÂNDIA - GO, CÓRREGO DO OURO - GO","AREIA","Construção civil","Sim"
"Gerência Regional / GO","861441/2016","Requerimento de Autorização de Pesquisa","Concessão de Lavra","24.670.613/0001-02","Central Park Lazer e Entretenimento Ltda. EPP","LAGOA SANTA - GO","ÁGUA MINERAL","Balneoterapia","Sim"
"Gerência Regional / GO","861483/2016","Requerimento de Autorização de Pesquisa","Concessão de Lavra","00.264.528/0001-78","GUIDONI BRASIL S/A","BURITIS - MG, FLORES DE GOIÁS - GO, SÍTIO D'ABADIA - GO","MÁRMORE","Revestimento","Sim"
"Gerência Regional / GO","860028/2017","Requerimento de Disponibilidade para lavra","Concessão de Lavra","27.541.433/0001-00","JET EXTRACAO DE AREIA LTDA","CAMPESTRE DE GOIÁS - GO, PALMEIRAS DE GOIÁS - GO","AREIA","Construção civil","Sim"
"Gerência Regional / GO","860165/2017","Requerimento de Autorização de Pesquisa","Concessão de Lavra","09.466.225/0001-02","CONSTRUREQUINTE MINERACAO LTDA","URUAÇU - GO","QUARTZO","Gema","Sim"
"Gerência Regional / GO","860192/2017","Requerimento de Autorização de Pesquisa","Concessão de Lavra","16.949.392/0001-70","PHANTHOM GREEN MINERADORA LTDA-ME","CÓRREGO DO OURO - GO","AREIA","Construção civil","Sim"
"Gerência Regional / GO","860204/2017","Requerimento de Autorização de Pesquisa","Concessão de Lavra","39.145.951/0001-94","ANGELO E QUEIROZ LTDA","CASTELÂNDIA - GO, MAURILÂNDIA - GO","ÁGUA MINERAL","Engarrafamento","Sim"
"Gerência Regional / GO","860257/2017","Requerimento de Autorização de Pesquisa","Concessão de Lavra","16.699.143/0001-73","NATALIA ANDRADE RIBEIRO NR MINERAÇÃO","CRISTALINA - GO","AREIA, QUARTZO","Construção civil, Industrial","Sim"
"Gerência Regional / GO","860340/2017","Requerimento de Autorização de Pesquisa","Concessão de Lavra","52.448.287/0001-10","EXTRACAO DE AREIA NOSSA SENHORA DAS GRACAS LTDA","QUIRINÓPOLIS - GO","AREIA, CASCALHO","Construção civil, Construção civil","Sim"
"Gerência Regional / GO","860341/2017","Requerimento de Autorização de Pesquisa","Concessão de Lavra","52.448.287/0001-10","EXTRACAO DE AREIA NOSSA SENHORA DAS GRACAS LTDA","QUIRINÓPOLIS - GO","AREIA, CASCALHO","Construção civil, Construção civil","Sim"
"Gerência Regional / GO","860367/2017","Requerimento de Autorização de Pesquisa","Concessão de Lavra","32.052.762/0001-28","MINERACAO CORDILHEIRA LTDA","COLINAS DO SUL - GO, NIQUELÂNDIA - GO","MÁRMORE, MINÉRIO DE OURO, QUARTZO, QUARTZO, XISTO","Industrial, Industrial, Revestimento, Revestimento, Revestimento","Sim"
"Gerência Regional / GO","860415/2017","Requerimento de Autorização de Pesquisa","Concessão de Lavra","17.064.304/0001-15","PORTO MIRANDA LTDA","GOIANDIRA - GO, NOVA AURORA - GO","AREIA, CASCALHO","Construção civil, Construção civil","Sim"
"Gerência Regional / GO","860439/2017","Requerimento de Autorização de Pesquisa","Concessão de Lavra","00.264.528/0001-78","GUIDONI BRASIL S/A","CAMPINAÇU - GO","QUARTZITO, QUARTZO","Industrial, Revestimento","Sim"
"Gerência Regional / GO","860571/2017","Requerimento de Cessão parcial","Concessão de Lavra","11.857.678/0001-01","BL-EXTRACAO DE AREIA LTDA","GOIÁS - GO, MATRINCHÃ - GO","AREIA","Construção civil","Sim"
"Gerência Regional / GO","860723/2017","Requerimento de Autorização de Pesquisa","Concessão de Lavra","28.178.110/0001-67","JAS IND e COM de AGUA MINERAL E PRODUTOS PLASTICOS EIRELI","HIDROLÂNDIA - GO","ÁGUA MINERAL","Engarrafamento","Sim"
"Gerência Regional / GO","860976/2017","Requerimento de Autorização de Pesquisa","Concessão de Lavra","12.219.604/0001-02","STRACTA MINERACAO LTDA","VILA PROPÍCIO - GO","CALCÁRIO, CALCÁRIO, CALCÁRIO CALCÍTICO, CALCÁRIO DOLOMÍTICO, FILITO","Corretivo de solo, Corretivo de solo, Fabricação de cimento, Fabricação de cimento, Industrial","Sim"
"Gerência Regional / GO","860002/2018","Requerimento de Autorização de Pesquisa","Concessão de Lavra","33.624.438/0001-08","SETA MINERACAO LTDA","JATAÍ - GO, RIO VERDE - GO","AREIA","Construção civil","Sim"
"Gerência Regional / GO","860203/2018","Requerimento de Autorização de Pesquisa","Concessão de Lavra","30.323.122/0001-80","FETZ MINERADORA LTDA.","RIO VERDE - GO","BASALTO","Revestimento","Sim"
"Gerência Regional / GO","860241/2018","Requerimento de Cessão parcial","Concessão de Lavra","15.616.813/0001-88","C A DA CRUZ - EIRELI","MORRO AGUDO DE GOIÁS - GO","AREIA","Construção civil","Sim"
"Gerência Regional / GO","860289/2018","Requerimento de Autorização de Pesquisa","Concessão de Lavra","01.126.983/0001-70","Arenan Extração e Comércio de Areia Ltda","CRISTALINA - GO, LUZIÂNIA - GO","AREIA","Construção civil","Sim"
"Gerência Regional / GO","860460/2018","Requerimento de Autorização de Pesquisa","Concessão de Lavra","08.227.476/0001-71","SINTERTEC MINERAIS INDUSTRIAIS LTDA.","VILA PROPÍCIO - GO","CALCÁRIO DOLOMÍTICO","Fabricação de cal","Sim"
"Gerência Regional / GO","860505/2018","Requerimento de Disponibilidade para pesquisa","Concessão de Lavra","17.671.818/0001-39","EXTRACAO DE AREIA E TRANSPORTES PIRACANJUBA LTDA","ÁGUA LIMPA - GO, BURITI ALEGRE - GO","AREIA","Construção civil","Sim"
"Gerência Regional / GO","860506/2018","Requerimento de Disponibilidade para pesquisa","Concessão de Lavra","17.671.818/0001-39","EXTRACAO DE AREIA E TRANSPORTES PIRACANJUBA LTDA","ÁGUA LIMPA - GO, BURITI ALEGRE - GO","AREIA","Construção civil","Sim"
"Gerência Regional / GO","860512/2018","Requerimento de Disponibilidade para pesquisa","Concessão de Lavra","41.390.917/0001-27","TUBARAO AREIAS - EIRELI","ARAGUAPAZ - GO, FAINA - GO","AREIA","Construção civil","Sim"
"Gerência Regional / GO","860522/2018","Requerimento de Disponibilidade para pesquisa","Concessão de Lavra","17.671.818/0001-39","EXTRACAO DE AREIA E TRANSPORTES PIRACANJUBA LTDA","ÁGUA LIMPA - GO, BURITI ALEGRE - GO","AREIA","Construção civil","Sim"
"Gerência Regional / GO","860542/2018","Requerimento de Disponibilidade para pesquisa","Concessão de Lavra","17.671.818/0001-39","EXTRACAO DE AREIA E TRANSPORTES PIRACANJUBA LTDA","ÁGUA LIMPA - GO, BURITI ALEGRE - GO","AREIA","Construção civil","Sim"
"Gerência Regional / GO","860566/2018","Requerimento de Autorização de Pesquisa","Concessão de Lavra","41.042.751/0001-58","MINERADORA RIO DOCE LTDA","APARECIDA DO RIO DOCE - GO, JATAÍ - GO","AREIA","Construção civil","Sim"
"Gerência Regional / GO","860904/2018","Requerimento de Cessão parcial","Concessão de Lavra","32.115.986/0001-31","CALCARIO ALTO ARAGUAIA LTDA","FAINA - GO","CALCÁRIO","Corretivo de solo","Sim"
"Gerência Regional / GO","860905/2018","Requerimento de Disponibilidade para pesquisa","Concessão de Lavra","41.503.362/0001-82","JAIR BUENO DA SILVA 14711770178","CRIXÁS - GO, GUARINOS - GO","AREIA","Construção civil","Sim"
"Gerência Regional / GO","860113/2019","Requerimento de Autorização de Pesquisa","Concessão de Lavra","14.526.202/0001-86","AREIAL J. R LTDA","GOIÁS - GO, MATRINCHÃ - GO","AREIA","Construção civil","Sim"
"Gerência Regional / GO","860125/2019","Requerimento de Autorização de Pesquisa","Concessão de Lavra","37.052.747/0001-01","SAO MIGUEL NEGOCIOS LTDA","RIO VERDE - GO","AREIA","Construção civil","Sim"
"Gerência Regional / GO","860146/2019","Requerimento de Autorização de Pesquisa","Concessão de Lavra","36.784.717/0001-19","AURALITE BRAZIL PEDRAS PRECIOSAS LTDA","NIQUELÂNDIA - GO","QUARTZO","Industrial","Sim"
"Gerência Regional / GO","860308/2019","Requerimento de Autorização de Pesquisa","Concessão de Lavra","11.857.678/0001-01","BL-EXTRACAO DE AREIA LTDA","CÓRREGO DO OURO - GO, MOIPORÁ - GO","AREIA","Construção civil","Sim"
"Gerência Regional / GO","860384/2019","Requerimento de Cessão parcial","Concessão de Lavra","18.090.544/0001-57","GONCALVES E ALMEIDA LTDA","JATAÍ - GO","AREIA","Construção civil","Sim"
"Gerência Regional / GO","860549/2019","Requerimento de Cessão parcial","Concessão de Lavra","30.323.122/0001-80","FETZ MINERADORA LTDA.","RIO VERDE - GO","BASALTO","Revestimento","Sim"
"Gerência Regional / GO","860578/2019","Requerimento de Cessão parcial","Concessão de Lavra","33.700.304/0001-10","WILTON BATISTA DA SILVA","GOIÁS - GO","AREIA","Construção civil","Sim"
"Gerência Regional / GO","860056/2020","Requerimento de Cessão parcial","Concessão de Lavra","13.846.030/0001-65","AREIAL FRONTEIRA LTDA","CÓRREGO DO OURO - GO, SANCLERLÂNDIA - GO","AREIA","Construção civil","Sim"
"Gerência Regional / GO","860304/2020","Requerimento de Cessão parcial","Concessão de Lavra","12.021.400/0001-62","MINERACAO NOVA ESPERANCA LTDA","PROFESSOR JAMIL - GO","AREIA","Construção civil","Sim"
"Gerência Regional / GO","860305/2020","Requerimento de Cessão parcial","Concessão de Lavra","12.021.400/0001-62","MINERACAO NOVA ESPERANCA LTDA","PROFESSOR JAMIL - GO","AREIA","Construção civil","Sim"
"Gerência Regional / GO","860333/2020","Requerimento de Mudança de Regime para Aut. de Pesquisa","Concessão de Lavra","09.688.553/0001-53","ARERRIOS MINERACAO E TRANSPORTE LTDA","GOIÁS - GO","AREIA","Construção civil","Sim"
"Gerência Regional / GO","860337/2020","Requerimento de Cessão parcial","Concessão de Lavra","09.355.939/0001-43","SUPERGRAN MINERACAO LTDA","BARRO ALTO - GO, SANTA RITA DO NOVO DESTINO - GO","BAUXITA, MINÉRIO DE ALUMÍNIO","Demais substâncias, Industrial","Sim"
"Gerência Regional / GO","860444/2020","Requerimento de Cessão parcial","Concessão de Lavra","54.198.621/0001-50","AREIAL PEROLA I LTDA","JUSSARA - GO, MONTES CLAROS DE GOIÁS - GO","AREIA","Construção civil","Sim"
"Gerência Regional / GO","860092/2021","Requerimento de Cessão parcial","Concessão de Lavra","39.412.688/0001-52","AREIAL BORGES LTDA","CÓRREGO DO OURO - GO, SANCLERLÂNDIA - GO","AREIA","Construção civil","Sim"
"Gerência Regional / GO","860190/2021","Requerimento de Mudança de Regime para Aut. de Pesquisa","Concessão de Lavra","12.740.314/0001-00","MINERACAO TRANSPORTE E COMERCIO CANAA LTDA","CORUMBAÍBA - GO, CUMARI - GO","AREIA","Construção civil","Sim"
"Gerência Regional / GO","860224/2021","Requerimento de Cessão parcial","Concessão de Lavra","04.308.413/0001-99","AREEIRA MELO LTDA","CUMARI - GO, NOVA AURORA - GO","AREIA","Construção civil","Sim"
"Gerência Regional / GO","860258/2021","Requerimento de Autorização de Pesquisa","Concessão de Lavra","14.526.202/0001-86","AREIAL J. R LTDA","ITAPIRAPUÃ - GO, MATRINCHÃ - GO","AREIA","Construção civil","Sim"
"Gerência Regional / GO","860420/2021","Requerimento de Autorização de Pesquisa","Concessão de Lavra","16.949.392/0001-70","PHANTHOM GREEN MINERADORA LTDA-ME","ARAGUAPAZ - GO, FAINA - GO","AREIA","Construção civil","Sim"
"Gerência Regional / GO","860446/2021","Requerimento de Pesquisa - Oferta Pública ","Concessão de Lavra","02.683.365/0001-93","BRASIL MINERIOS S/A","SÃO LUÍS DE MONTES BELOS - GO","VERMICULITA","Industrial","Sim"
"Gerência Regional / GO","860554/2021","Requerimento de Lavra - Leilão","Concessão de Lavra","46.095.570/0001-03","FORTALEZA COMERCIO DE AREIA LTDA","MOSSÂMEDES - GO, SANCLERLÂNDIA - GO","AREIA","Construção civil","Sim"
"Gerência Regional / GO","860840/2021","Requerimento de Cessão parcial","Concessão de Lavra","17.833.589/0001-01","MAMBORE AGROPECUARIA LTDA","ARAGUAPAZ - GO, FAINA - GO","AREIA","Construção civil","Sim"
"Gerência Regional / GO","861140/2021","Requerimento de Pesquisa - Leilão","Concessão de Lavra","49.790.815/0001-00","49.790.815 PENILDO FLAVIO DE CARVALHO","MINEIROS - GO","AREIA","Construção civil","Sim"
"Gerência Regional / GO","861154/2021","Requerimento de Lavra - Leilão","Concessão de Lavra","13.568.566/0001-66","MINERACAO GNB LTDA","TROMBAS - GO","CAULIM","Demais substâncias","Sim"
"Gerência Regional / GO","861155/2021","Requerimento de Lavra - Leilão","Concessão de Lavra","59.637.742/0001-75","MINERACAO SERRA NORTH LTDA","SANTA TEREZA DE GOIÁS - GO","GNAISSE","Revestimento","Sim"
"Gerência Regional / GO","861209/2021","Requerimento de Lavra - Leilão","Concessão de Lavra","37.704.398/0001-57","MOTA MINERACAO E EXTRACAO LTDA","ISRAELÂNDIA - GO","AREIA","Construção civil","Sim"
"Gerência Regional / GO","861244/2021","Requerimento de Pesquisa - Leilão","Concessão de Lavra","12.693.630/0001-78","RESENDE MINERACAO LTDA","FAZENDA NOVA - GO, JAUPACI - GO, MONTES CLAROS DE GOIÁS - GO","AREIA","Construção civil","Sim"
"Gerência Regional / GO","861259/2021","Requerimento de Lavra - Leilão","Concessão de Lavra","18.090.544/0001-57","GONCALVES E ALMEIDA LTDA","ÁGUA LIMPA - GO, BURITI ALEGRE - GO","AREIA","Construção civil","Sim"
"Gerência Regional / GO","861265/2021","Requerimento de Lavra - Leilão","Concessão de Lavra","18.090.544/0001-57","GONCALVES E ALMEIDA LTDA","ÁGUA LIMPA - GO, BURITI ALEGRE - GO","AREIA","Construção civil","Sim"
"Gerência Regional / GO","860065/2022","Requerimento de Cessão parcial","Concessão de Lavra","36.601.506/0001-01","MINERACAO RIO TIGRE LTDA","COCALZINHO DE GOIÁS - GO","CALCÁRIO","Brita","Sim"
"Gerência Regional / GO","860070/2022","Requerimento de Autorização de Pesquisa","Concessão de Lavra","60.287.704/0001-19","SETTE MINERACAO LTDA","ARAGUAPAZ - GO","AREIA, CASCALHO, MINÉRIO DE OURO","Construção civil, Construção civil, Industrial","Sim"
"Gerência Regional / GO","860077/2022","Requerimento de Autorização de Pesquisa","Concessão de Lavra","48.895.845/0001-19","SANTA NORMA EMPREENDIMENTOS LTDA","CHAPADÃO DO CÉU - GO","CASCALHO, CASCALHO","Brita, Construção civil","Sim"
"Gerência Regional / GO","860196/2022","Requerimento de Cessão parcial","Concessão de Lavra","44.505.848/0001-48","MINERACAO SANTA RITA LTDA","CRIXÁS - GO","AREIA","Construção civil","Sim"
"Gerência Regional / GO","860220/2022","Requerimento de Autorização de Pesquisa","Concessão de Lavra","14.747.535/0001-35","F. G. MINERACAO E TRANSPORTE LTDA","SILVÂNIA - GO","AREIA","Construção civil","Sim"
"Gerência Regional / GO","860297/2022","Requerimento de Cessão parcial","Concessão de Lavra","43.421.060/0001-90","R R DE FARIA  LTDA","BURITI DE GOIÁS - GO, CÓRREGO DO OURO - GO","AREIA","Construção civil","Sim"
"Gerência Regional / GO","860609/2022","Requerimento de Mudança de Regime para Aut. de Pesquisa","Concessão de Lavra","00.057.240/0001-22","CIPLAN CIMENTO PLANALTO SA","PLANALTINA - GO","ARGILA","Construção civil","Sim"
"Gerência Regional / GO","860813/2022","Requerimento de Autorização de Pesquisa","Concessão de Lavra","42.287.841/0001-71","DU VALLE EXTRACAO E COMERCIO DE AREIAS LTDA","GUARAÍTA - GO","AREIA","Construção civil","Sim"
"Gerência Regional / GO","860988/2022","Requerimento de Pesquisa - Leilão","Concessão de Lavra","37.542.695/0001-43","BAHIA GOLD LTDA","MINAÇU - GO","GRANITO, QUARTZITO, QUARTZO, QUARTZO","Industrial, Revestimento, Revestimento, Revestimento","Sim"
"Gerência Regional / GO","861039/2022","Requerimento de Lavra - Leilão","Concessão de Lavra","27.415.167/0001-70","SHOPPING DAS AREIAS E SERVICOS EIRELI","GOIANÉSIA - GO, JARAGUÁ - GO","AREIA","Construção civil","Sim"
"Gerência Regional / GO","861145/2022","Requerimento de Cessão parcial","Concessão de Lavra","45.716.833/0001-91","AREAL DESCOBERTO LTDA","SÃO LUÍS DE MONTES BELOS - GO","AREIA","Construção civil","Sim"
"Gerência Regional / GO","861243/2022","Requerimento de Cessão parcial","Concessão de Lavra","49.594.555/0001-06","MINERADORA RIO BONITO LTDA","CAIAPÔNIA - GO","AREIA","Construção civil","Sim"
"Gerência Regional / GO","860077/2023","Requerimento de Cessão parcial","Concessão de Lavra","49.040.701/0001-43","AREIALTO NOSSA SENHORA APARECIDA LTDA","PIRES DO RIO - GO, URUTAÍ - GO","AREIA, CASCALHO","Industrial, Industrial","Sim"
"Gerência Regional / GO","860080/2023","Requerimento de Cessão parcial","Concessão de Lavra","49.040.701/0001-43","AREIALTO NOSSA SENHORA APARECIDA LTDA","PIRES DO RIO - GO, URUTAÍ - GO","AREIA, CASCALHO","Construção civil, Construção civil","Sim"
"Gerência Regional / GO","860316/2024","Requerimento de Cessão parcial","Concessão de Lavra","13.259.956/0001-54","MINAGRAN MINERACAO LTDA","PORANGATU - GO","GRANITO","Revestimento","Sim"
"Gerência Regional / GO","860466/2024","Requerimento de Cessão parcial","Concessão de Lavra","05.702.632/0001-10","RIO DAS PEDRAS EMPREENDIMENTOS TURISTICOS LTDA","CALDAS NOVAS - GO","ÁGUA MINERAL","Balneoterapia","Sim"
"Gerência Regional / GO","860486/2024","Requerimento de Cessão parcial","Concessão de Lavra","97.529.075/0003-68","CRISTAL DISTRIBUIDORA LTDA","FAZENDA NOVA - GO, JAUPACI - GO","AREIA","Construção civil","Sim"
"Gerência Regional / GO","861412/2024","Requerimento de Lavra - Leilão","Concessão de Lavra","63.609.074/0001-40","VERDE ABADI MINERACAO LTDA","ABADIÂNIA - GO","SERPENTINITO","Demais substâncias","Sim"
"Gerência Regional / MT","860206/1993","Requerimento de Autorização de Pesquisa","Concessão de Lavra","01.117.528/0001-08","BRASILCA MINERACAO BRASILEIRA EIRELI","ARAGARÇAS - GO, BALIZA - GO, PONTAL DO ARAGUAIA - MT","CASCALHO DIAMANTÍFERO","Demais substâncias","Sim"
