"Superintendência","Processo","Tipo de requerimento","Fase Atual","CPF/CNPJ do titular","Titular","Municipio(s)","Substância(s)","Tipo(s) de Uso","Situação"
"Gerência Regional / GO","009965/1967","Requerimento de Autorização de Pesquisa","Concessão de Lavra","00.048.785/0001-72","INDAIA BRASIL AGUAS MINERAIS LTDA","FORMOSA - GO","ÁGUA POTÁVEL DE MESA","Demais substâncias","Sim"
"Gerência Regional / GO","861923/1995","Requerimento de Autorização de Pesquisa","Concessão de Lavra","00.057.240/0001-22","CIPLAN CIMENTO PLANALTO SA","GUAPÓ - GO","GRANITO","Demais substâncias","Sim"
"Gerência Regional / GO","861058/2002","Requerimento de Autorização de Pesquisa","Concessão de Lavra","00.057.240/0001-22","CIPLAN CIMENTO PLANALTO SA","FORMOSA - GO","ARGILA, TURFA","Industrial, Industrial","Sim"
"Gerência Regional / GO","860971/2021","Requerimento de Autorização de Pesquisa","Direito de Requerer a Lavra","00.057.240/0001-22","CIPLAN CIMENTO PLANALTO SA","PLANALTINA - GO","ARGILA","Industrial","Sim"
"Gerência Regional / GO","860805/1998","Requerimento de Autorização de Pesquisa","Concessão de Lavra","00.057.240/0001-22","CIPLAN CIMENTO PLANALTO SA","FORMOSA - GO","ARGILA","Demais substâncias","Sim"
"Gerência Regional / GO","860761/2001","Requerimento de Autorização de Pesquisa","Concessão de Lavra","00.057.240/0001-22","CIPLAN CIMENTO PLANALTO SA","GUAPÓ - GO","GRANITO","Construção civil","Sim"
"Gerência Regional / GO","860609/2022","Requerimento de Mudança de Regime para Aut. de Pesquisa","Concessão de Lavra","00.057.240/0001-22","CIPLAN CIMENTO PLANALTO SA","PLANALTINA - GO","ARGILA","Construção civil","Sim"
"Gerência Regional / GO","860450/2005","Requerimento de Autorização de Pesquisa","Concessão de Lavra","00.097.494/0001-74","CAMPOS AGRICOLA LTDA","FORMOSA - GO","AREIA, SAIBRO","Construção civil, Construção civil","Sim"
"Gerência Regional / GO","860449/2005","Requerimento de Autorização de Pesquisa","Concessão de Lavra","00.097.494/0001-74","CAMPOS AGRICOLA LTDA","FORMOSA - GO","AREIA, SAIBRO","Construção civil, Construção civil","Sim"
"Gerência Regional / GO","860448/2005","Requerimento de Autorização de Pesquisa","Concessão de Lavra","00.097.494/0001-74","CAMPOS AGRICOLA LTDA","FORMOSA - GO","AREIA, SAIBRO","Construção civil, Construção civil","Sim"
"Gerência Regional / GO","860447/2005","Requerimento de Autorização de Pesquisa","Concessão de Lavra","00.097.494/0001-74","CAMPOS AGRICOLA LTDA","FORMOSA - GO","AREIA, SAIBRO","Construção civil, Construção civil","Sim"
"Gerência Regional / GO","860446/2005","Requerimento de Autorização de Pesquisa","Concessão de Lavra","00.097.494/0001-74","CAMPOS AGRICOLA LTDA","FORMOSA - GO","AREIA, SAIBRO","Construção civil, Construção civil","Sim"
"Gerência Regional / GO","860445/2005","Requerimento de Autorização de Pesquisa","Concessão de Lavra","00.097.494/0001-74","CAMPOS AGRICOLA LTDA","FORMOSA - GO","AREIA, SAIBRO","Construção civil, Construção civil","Sim"
"Gerência Regional / GO","860094/2004","Requerimento de Autorização de Pesquisa","Concessão de Lavra","00.097.494/0001-74","CAMPOS AGRICOLA LTDA","FORMOSA - GO","AREIA, SAIBRO","Demais substâncias, Demais substâncias","Sim"
"Gerência Regional / GO","860042/2004","Requerimento de Autorização de Pesquisa","Concessão de Lavra","00.097.494/0001-74","CAMPOS AGRICOLA LTDA","FORMOSA - GO","AREIA, SAIBRO","Demais substâncias, Demais substâncias","Sim"
"Gerência Regional / GO","861045/1996","Requerimento de Registro de Licença","Concessão de Lavra","00.097.494/0001-74","CAMPOS AGRICOLA LTDA","FORMOSA - GO","AREIA, QUARTZITO, SAIBRO","Demais substâncias, Demais substâncias, Demais substâncias","Sim"
"Gerência Regional / GO","860971/2005","Requerimento de Autorização de Pesquisa","Concessão de Lavra","00.097.494/0001-74","CAMPOS AGRICOLA LTDA","FORMOSA - GO","AREIA, SAIBRO","Construção civil, Construção civil","Sim"
"Gerência Regional / GO","860970/2005","Requerimento de Autorização de Pesquisa","Concessão de Lavra","00.097.494/0001-74","CAMPOS AGRICOLA LTDA","FORMOSA - GO","AREIA, SAIBRO","Demais substâncias, Demais substâncias","Sim"
"Gerência Regional / GO","860969/2005","Requerimento de Autorização de Pesquisa","Concessão de Lavra","00.097.494/0001-74","CAMPOS AGRICOLA LTDA","FORMOSA - GO","AREIA, SAIBRO","Demais substâncias, Demais substâncias","Sim"
"Gerência Regional / GO","860452/2005","Requerimento de Autorização de Pesquisa","Concessão de Lavra","00.097.494/0001-74","CAMPOS AGRICOLA LTDA","FORMOSA - GO","AREIA, SAIBRO","Construção civil, Construção civil","Sim"
"Gerência Regional / GO","860075/2016","Requerimento de Cessão parcial","Concessão de Lavra","00.114.258/0001-19","AREIALTO EXTRACAO COMERCIO E TRANSPORTES DE AREIA LTDA","ORIZONA - GO, PIRES DO RIO - GO","AREIA","Construção civil","Sim"
"Gerência Regional / GO","760507/1996","Requerimento de Registro de Licença","Concessão de Lavra","00.114.258/0001-19","AREIALTO EXTRACAO COMERCIO E TRANSPORTES DE AREIA LTDA","ORIZONA - GO, PIRES DO RIO - GO","AREIA","Demais substâncias","Sim"
"Gerência Regional / GO","861040/2006","Requerimento de Autorização de Pesquisa","Concessão de Lavra","00.114.258/0001-19","AREIALTO EXTRACAO COMERCIO E TRANSPORTES DE AREIA LTDA","URUTAÍ - GO","AREIA","Construção civil","Sim"
"Gerência Regional / GO","860623/2019","Requerimento de Autorização de Pesquisa","Autorização de Pesquisa","00.114.258/0001-19","AREIALTO EXTRACAO COMERCIO E TRANSPORTES DE AREIA LTDA","ORIZONA - GO","AREIA","Construção civil","Sim"
"Gerência Regional / GO","860519/2002","Requerimento de Autorização de Pesquisa","Concessão de Lavra","00.114.258/0001-19","AREIALTO EXTRACAO COMERCIO E TRANSPORTES DE AREIA LTDA","ORIZONA - GO, PIRES DO RIO - GO","AREIA","Construção civil","Sim"
"Gerência Regional / GO","860263/2013","Requerimento de Autorização de Pesquisa","Concessão de Lavra","00.114.258/0001-19","AREIALTO EXTRACAO COMERCIO E TRANSPORTES DE AREIA LTDA","ORIZONA - GO","AREIA","Construção civil","Sim"
"Gerência Regional / GO","860213/2013","Requerimento de Autorização de Pesquisa","Concessão de Lavra","00.114.258/0001-19","AREIALTO EXTRACAO COMERCIO E TRANSPORTES DE AREIA LTDA","ORIZONA - GO","AREIA, DIAMANTE","Construção civil, Industrial","Sim"
"Gerência Regional / GO","860077/2016","Requerimento de Cessão parcial","Concessão de Lavra","00.114.258/0001-19","AREIALTO EXTRACAO COMERCIO E TRANSPORTES DE AREIA LTDA","ORIZONA - GO","AREIA","Construção civil","Sim"
"Gerência Regional / GO","860422/2019","Requerimento de Autorização de Pesquisa","Direito de Requerer a Lavra","00.264.528/0001-78","GUIDONI BRASIL S/A","MINAÇU - GO","GRAFITA","Industrial","Sim"
"Gerência Regional / GO","860032/2019","Requerimento de Autorização de Pesquisa","Direito de Requerer a Lavra","00.264.528/0001-78","GUIDONI BRASIL S/A","NIQUELÂNDIA - GO","MINÉRIO DE NÍQUEL","Industrial","Sim"
"Gerência Regional / GO","860031/2019","Requerimento de Autorização de Pesquisa","Direito de Requerer a Lavra","00.264.528/0001-78","GUIDONI BRASIL S/A","NIQUELÂNDIA - GO","MINÉRIO DE NÍQUEL","Industrial","Sim"
"Gerência Regional / GO","860030/2019","Requerimento de Autorização de Pesquisa","Direito de Requerer a Lavra","00.264.528/0001-78","GUIDONI BRASIL S/A","NIQUELÂNDIA - GO","MINÉRIO DE NÍQUEL","Industrial","Sim"
"Gerência Regional / GO","860029/2019","Requerimento de Autorização de Pesquisa","Direito de Requerer a Lavra","00.264.528/0001-78","GUIDONI BRASIL S/A","CAVALCANTE - GO","MINÉRIO DE MANGANÊS","Industrial","Sim"
"Gerência Regional / GO","860028/2019","Requerimento de Autorização de Pesquisa","Direito de Requerer a Lavra","00.264.528/0001-78","GUIDONI BRASIL S/A","CAVALCANTE - GO","MINÉRIO DE MANGANÊS","Industrial","Sim"
"Gerência Regional / GO","860027/2019","Requerimento de Autorização de Pesquisa","Direito de Requerer a Lavra","00.264.528/0001-78","GUIDONI BRASIL S/A","CAVALCANTE - GO","MINÉRIO DE MANGANÊS","Industrial","Sim"
"Gerência Regional / GO","860026/2019","Requerimento de Autorização de Pesquisa","Direito de Requerer a Lavra","00.264.528/0001-78","GUIDONI BRASIL S/A","CAVALCANTE - GO","MINÉRIO DE MANGANÊS","Industrial","Sim"
"Gerência Regional / GO","861483/2016","Requerimento de Autorização de Pesquisa","Concessão de Lavra","00.264.528/0001-78","GUIDONI BRASIL S/A","BURITIS - MG, FLORES DE GOIÁS - GO, SÍTIO D'ABADIA - GO","MÁRMORE","Revestimento","Sim"
"Gerência Regional / GO","860580/2019","Requerimento de Autorização de Pesquisa","Direito de Requerer a Lavra","00.264.528/0001-78","GUIDONI BRASIL S/A","MINAÇU - GO","CALCÁRIO, CALCÁRIO, CALCÁRIO, CALCÁRIO, FOSFATO","Brita, Corretivo de solo, Fabricação de cal, Fabricação de cimento, Fertilizantes","Sim"
"Gerência Regional / GO","861286/2021","Requerimento de Pesquisa - Leilão","Direito de Requerer a Lavra","00.508.829/0001-08","EDEM EMPRESA DE DESENVOLVIMENTO EM MINERACAO E PARTICIPACOES LTDA","FAINA - GO","MINÉRIO DE OURO","Industrial","Sim"
"Gerência Regional / GO","860989/2016","Requerimento de Autorização de Pesquisa","Direito de Requerer a Lavra","00.508.829/0001-08","EDEM EMPRESA DE DESENVOLVIMENTO EM MINERACAO E PARTICIPACOES LTDA","FAINA - GO","CALCÁRIO, CALCÁRIO, ILMENITA","Corretivo de solo, Fabricação de cal, Industrial","Sim"
"Gerência Regional / GO","861155/1989","Requerimento de Autorização de Pesquisa","Direito de Requerer a Lavra","01.013.416/0001-07","SERRA DAS CALDAS MINERACAO LTDA","CALDAS NOVAS - GO","ÁGUA MINERAL","Demais substâncias","Sim"
"Gerência Regional / MT","860206/1993","Requerimento de Autorização de Pesquisa","Concessão de Lavra","01.117.528/0001-08","BRASILCA MINERACAO BRASILEIRA EIRELI","ARAGARÇAS - GO, BALIZA - GO, PONTAL DO ARAGUAIA - MT","CASCALHO DIAMANTÍFERO","Demais substâncias","Sim"
"Gerência Regional / GO","861357/2008","Requerimento de Autorização de Pesquisa","Concessão de Lavra","01.126.983/0001-70","Arenan Extração e Comércio de Areia Ltda","ORIZONA - GO","AREIA, DIAMANTE","Construção civil, Industrial","Sim"
"Gerência Regional / GO","861332/2003","Requerimento de Autorização de Pesquisa","Concessão de Lavra","01.126.983/0001-70","Arenan Extração e Comércio de Areia Ltda","ORIZONA - GO","AREIA","Construção civil","Sim"
"Gerência Regional / GO","861192/2003","Requerimento de Autorização de Pesquisa","Concessão de Lavra","01.126.983/0001-70","Arenan Extração e Comércio de Areia Ltda","ORIZONA - GO","AREIA, DIAMANTE INDUSTRIAL","Construção civil, Industrial","Sim"
"Gerência Regional / GO","860844/2005","Requerimento de Autorização de Pesquisa","Concessão de Lavra","01.126.983/0001-70","Arenan Extração e Comércio de Areia Ltda","ORIZONA - GO","AREIA","Construção civil","Sim"
"Gerência Regional / GO","860838/2001","Requerimento de Registro de Licença","Concessão de Lavra","01.126.983/0001-70","Arenan Extração e Comércio de Areia Ltda","ORIZONA - GO","AREIA","Construção civil","Sim"
"Gerência Regional / GO","860837/2001","Requerimento de Registro de Licença","Concessão de Lavra","01.126.983/0001-70","Arenan Extração e Comércio de Areia Ltda","ORIZONA - GO","AREIA","Construção civil","Sim"
"Gerência Regional / GO","860586/2008","Requerimento de Autorização de Pesquisa","Concessão de Lavra","01.126.983/0001-70","Arenan Extração e Comércio de Areia Ltda","CRISTALINA - GO, IPAMERI - GO","AREIA, DIAMANTE","Construção civil, Industrial","Sim"
"Gerência Regional / GO","860576/2014","Requerimento de Autorização de Pesquisa","Concessão de Lavra","01.126.983/0001-70","Arenan Extração e Comércio de Areia Ltda","CRISTALINA - GO, IPAMERI - GO","AREIA, MINÉRIO DE OURO","Construção civil, Industrial","Sim"
"Gerência Regional / GO","860547/2000","Requerimento de Autorização de Pesquisa","Concessão de Lavra","01.126.983/0001-70","Arenan Extração e Comércio de Areia Ltda","ORIZONA - GO","AREIA, CASCALHO","Construção civil, Construção civil","Sim"
"Gerência Regional / GO","860347/2003","Requerimento de Autorização de Pesquisa","Concessão de Lavra","01.126.983/0001-70","Arenan Extração e Comércio de Areia Ltda","LUZIÂNIA - GO, ORIZONA - GO","AREIA, DIAMANTE INDUSTRIAL","Construção civil, Industrial","Sim"
"Gerência Regional / GO","860289/2018","Requerimento de Autorização de Pesquisa","Concessão de Lavra","01.126.983/0001-70","Arenan Extração e Comércio de Areia Ltda","CRISTALINA - GO, LUZIÂNIA - GO","AREIA","Construção civil","Sim"
"Gerência Regional / GO","860277/2016","Requerimento de Cessão parcial","Concessão de Lavra","01.126.983/0001-70","Arenan Extração e Comércio de Areia Ltda","CRISTALINA - GO, IPAMERI - GO","AREIA, MINÉRIO DE OURO","Construção civil, Industrial","Sim"
"Gerência Regional / GO","860220/2018","Requerimento de Autorização de Pesquisa","Direito de Requerer a Lavra","01.126.983/0001-70","Arenan Extração e Comércio de Areia Ltda","LUZIÂNIA - GO","AREIA","Construção civil","Sim"
"Gerência Regional / GO","860178/1999","Requerimento de Autorização de Pesquisa","Concessão de Lavra","01.126.983/0001-70","Arenan Extração e Comércio de Areia Ltda","LUZIÂNIA - GO, ORIZONA - GO","AREIA, CASCALHO","Demais substâncias, Demais substâncias","Sim"
"Gerência Regional / GO","861217/1996","Requerimento de Autorização de Pesquisa","Concessão de Lavra","01.133.479/0001-05","COMGEO MINERACAO EMPREENDIMENTOS E PARTICIPACAO LTDA","FAINA - GO","DOLOMITO","Demais substâncias","Sim"
"Gerência Regional / GO","861157/2004","Requerimento de Autorização de Pesquisa","Concessão de Lavra","01.277.116/0001-35","CONCREMAX MATERIAIS LTDA","MINEIROS - GO","AREIA, CASCALHO","Construção civil, Construção civil","Sim"
"Gerência Regional / GO","861156/2004","Requerimento de Autorização de Pesquisa","Concessão de Lavra","01.277.116/0001-35","CONCREMAX MATERIAIS LTDA","MINEIROS - GO","AREIA, CASCALHO","Construção civil, Construção civil","Sim"
"Gerência Regional / GO","861155/2004","Requerimento de Autorização de Pesquisa","Concessão de Lavra","01.277.116/0001-35","CONCREMAX MATERIAIS LTDA","MINEIROS - GO","AREIA, CASCALHO","Construção civil, Construção civil","Sim"
"Gerência Regional / GO","861938/2005","Requerimento de Autorização de Pesquisa","Concessão de Lavra","01.277.116/0001-35","CONCREMAX MATERIAIS LTDA","MINEIROS - GO","AREIA, CASCALHO","Construção civil, Construção civil","Sim"
"Gerência Regional / GO","861346/2016","Requerimento de Autorização de Pesquisa","Direito de Requerer a Lavra","01.445.576/0001-25","TERRA GOYANA MINERADORA LTDA","ARENÓPOLIS - GO","ILMENITA","Industrial","Sim"
"Gerência Regional / GO","861283/2003","Requerimento de Autorização de Pesquisa","Concessão de Lavra","01.445.576/0001-25","TERRA GOYANA MINERADORA LTDA","BARRO ALTO - GO, SANTA RITA DO NOVO DESTINO - GO","MINÉRIO DE ALUMÍNIO","Demais substâncias","Sim"
"Gerência Regional / GO","860337/1988","Requerimento de Autorização de Pesquisa","Concessão de Lavra","01.535.210/0001-47","METAIS DE GOIAS SA METAGO","AVELINÓPOLIS - GO","MINÉRIO DE TITÂNIO","Demais substâncias","Sim"
"Gerência Regional / GO","860227/1998","Requerimento de Autorização de Pesquisa","Concessão de Lavra","01.535.210/0001-47","METAIS DE GOIAS SA METAGO","AVELINÓPOLIS - GO, SANTA BÁRBARA DE GOIÁS - GO","MINÉRIO DE TITÂNIO","Demais substâncias","Sim"
"Gerência Regional / GO","860902/1999","Requerimento de Autorização de Pesquisa","Concessão de Lavra","01.535.210/0001-47","METAIS DE GOIAS SA METAGO","AVELINÓPOLIS - GO, SANTA BÁRBARA DE GOIÁS - GO","ARGILA, MINÉRIO DE TITÂNIO","Cerâmica vermelha, Demais substâncias","Sim"
"Gerência Regional / GO","860445/1991","Requerimento de Autorização de Pesquisa","Direito de Requerer a Lavra","01.535.210/0001-47","METAIS DE GOIAS SA METAGO","JATAÍ - GO","QUARTZITO","Demais substâncias","Sim"
"Gerência Regional / GO","860164/1998","Requerimento de Autorização de Pesquisa","Concessão de Lavra","01.551.829/0001-45","PEDREIRA IZAIRA INDUSTRIA E COMERCIO LTDA","GOIANIRA - GO","GRANITO","Demais substâncias","Sim"
"Gerência Regional / GO","860629/2002","Requerimento de Autorização de Pesquisa","Concessão de Lavra","01.719.007/0001-20","SAO PEDRO MINERACAO E INDUSTRIA LTDA","PADRE BERNARDO - GO, VILA PROPÍCIO - GO","AREIA","Construção civil","Sim"
"Gerência Regional / GO","860558/2001","Requerimento de Autorização de Pesquisa","Concessão de Lavra","01.719.007/0001-20","SAO PEDRO MINERACAO E INDUSTRIA LTDA","MIMOSO DE GOIÁS - GO, PADRE BERNARDO - GO","AREIA","Construção civil","Sim"
"Gerência Regional / GO","860250/1999","Requerimento de Autorização de Pesquisa","Concessão de Lavra","01.719.007/0001-20","SAO PEDRO MINERACAO E INDUSTRIA LTDA","PADRE BERNARDO - GO, VILA PROPÍCIO - GO","AREIA","Demais substâncias","Sim"
"Gerência Regional / GO","860082/2009","Requerimento de Cessão parcial","Concessão de Lavra","01.761.779/0001-20","BRUTUS MINERACAO LTDA","SILVÂNIA - GO","AREIA","Construção civil","Sim"
"Gerência Regional / GO","861589/2007","Requerimento de Autorização de Pesquisa","Concessão de Lavra","01.761.779/0001-20","BRUTUS MINERACAO LTDA","SILVÂNIA - GO, VIANÓPOLIS - GO","AREIA, MINÉRIO DE OURO","Construção civil, Industrial","Sim"
"Gerência Regional / GO","860316/1994","Requerimento de Lavra Garimpeira","Concessão de Lavra","02.055.243/0001-52","Evandro Quintino de Andrade","SANTA RITA DO NOVO DESTINO - GO, URUAÇU - GO","AREIA, CASCALHO","Demais substâncias, Demais substâncias","Sim"
"Gerência Regional / GO","860755/2005","Requerimento de Autorização de Pesquisa","Concessão de Lavra","02.056.554/0001-36","CALCARIO RIO VERDE MINERACAO E AGROPECUARIA LTDA","CAIAPÔNIA - GO","CALCÁRIO","Industrial","Sim"
"Gerência Regional / GO","860173/2002","Requerimento de Registro de Licença","Concessão de Lavra","02.056.554/0001-36","CALCARIO RIO VERDE MINERACAO E AGROPECUARIA LTDA","CAIAPÔNIA - GO","DOLOMITO","Demais substâncias","Sim"
"Gerência Regional / GO","860172/2002","Requerimento de Registro de Licença","Concessão de Lavra","02.056.554/0001-36","CALCARIO RIO VERDE MINERACAO E AGROPECUARIA LTDA","CAIAPÔNIA - GO","DOLOMITO","Demais substâncias","Sim"
"Gerência Regional / GO","861082/1989","Requerimento de Registro de Licença","Concessão de Lavra","02.110.260/0001-45","JANDAIA CALCARIO AGRICOLA LTDA","JANDAIA - GO","CALCÁRIO DOLOMÍTICO","Demais substâncias","Sim"
"Gerência Regional / GO","861081/1989","Requerimento de Registro de Licença","Concessão de Lavra","02.110.260/0001-45","JANDAIA CALCARIO AGRICOLA LTDA","JANDAIA - GO","CALCÁRIO, CALCÁRIO DOLOMÍTICO, CALCÁRIO DOLOMÍTICO","Corretivo de solo, Corretivo de solo, Demais substâncias","Sim"
"Gerência Regional / GO","860243/2004","Requerimento de Autorização de Pesquisa","Concessão de Lavra","02.110.260/0001-45","JANDAIA CALCARIO AGRICOLA LTDA","JANDAIA - GO","CALCÁRIO, MINÉRIO DE TITÂNIO","Corretivo de solo, Industrial","Sim"
"Gerência Regional / GO","860160/1987","Requerimento de Autorização de Pesquisa","Concessão de Lavra","02.174.951/0001-02","MINERACAO DE CALCARIO MONTIVIDIU LTDA","INDIARA - GO","MÁRMORE","Fabricação de cal","Sim"
"Gerência Regional / GO","860083/2001","Requerimento de Autorização de Pesquisa","Concessão de Lavra","02.174.951/0001-02","MINERACAO DE CALCARIO MONTIVIDIU LTDA","PIRANHAS - GO","CALCÁRIO","Demais substâncias","Sim"
"Gerência Regional / GO","860056/2008","Requerimento de Autorização de Pesquisa","Concessão de Lavra","02.174.951/0001-02","MINERACAO DE CALCARIO MONTIVIDIU LTDA","RIO VERDE - GO","CALCÁRIO, CALCÁRIO CALCÍTICO","Corretivo de solo, Fabricação de cimento","Sim"
"Gerência Regional / GO","813913/1976","Requerimento de Autorização de Pesquisa","Concessão de Lavra","02.174.951/0001-02","MINERACAO DE CALCARIO MONTIVIDIU LTDA","CAIAPÔNIA - GO","CALCÁRIO DOLOMÍTICO","Demais substâncias","Sim"
"Gerência Regional / GO","862085/2008","Requerimento de Autorização de Pesquisa","Concessão de Lavra","02.174.951/0001-02","MINERACAO DE CALCARIO MONTIVIDIU LTDA","INDIARA - GO","CALCÁRIO, CALCÁRIO, CALCÁRIO DOLOMÍTICO","Corretivo de solo, Corretivo de solo, Fabricação de cimento","Sim"
"Gerência Regional / GO","861455/1994","Requerimento de Registro de Licença","Concessão de Lavra","02.174.951/0001-02","MINERACAO DE CALCARIO MONTIVIDIU LTDA","PIRANHAS - GO","CALCÁRIO","Corretivo de solo","Sim"
"Gerência Regional / GO","861430/2007","Requerimento de Autorização de Pesquisa","Concessão de Lavra","02.174.951/0001-02","MINERACAO DE CALCARIO MONTIVIDIU LTDA","CEZARINA - GO","CALCÁRIO, MINÉRIO DE OURO","Corretivo de solo, Industrial","Sim"
"Gerência Regional / GO","861043/2001","Requerimento de Autorização de Pesquisa","Concessão de Lavra","02.174.951/0001-02","MINERACAO DE CALCARIO MONTIVIDIU LTDA","MONTIVIDIU - GO","DOLOMITO","Demais substâncias","Sim"
"Gerência Regional / GO","860748/2000","Requerimento de Autorização de Pesquisa","Concessão de Lavra","02.174.951/0001-02","MINERACAO DE CALCARIO MONTIVIDIU LTDA","PIRANHAS - GO","CALCÁRIO","Corretivo de solo","Sim"
"Gerência Regional / GO","860670/1990","Requerimento de Registro de Licença","Concessão de Lavra","02.174.951/0001-02","MINERACAO DE CALCARIO MONTIVIDIU LTDA","INDIARA - GO","CALCÁRIO DOLOMÍTICO","Demais substâncias","Sim"
"Gerência Regional / GO","860669/1990","Requerimento de Registro de Licença","Concessão de Lavra","02.174.951/0001-02","MINERACAO DE CALCARIO MONTIVIDIU LTDA","INDIARA - GO","CALCÁRIO, CALCÁRIO DOLOMÍTICO","Corretivo de solo, Demais substâncias","Sim"
"Gerência Regional / GO","860493/1987","Requerimento de Registro de Licença","Concessão de Lavra","02.174.951/0001-02","MINERACAO DE CALCARIO MONTIVIDIU LTDA","INDIARA - GO","CALCÁRIO, CALCÁRIO DOLOMÍTICO","Corretivo de solo, Demais substâncias","Sim"
"Gerência Regional / GO","860492/1987","Requerimento de Registro de Licença","Concessão de Lavra","02.174.951/0001-02","MINERACAO DE CALCARIO MONTIVIDIU LTDA","INDIARA - GO","CALCÁRIO, CALCÁRIO DOLOMÍTICO","Corretivo de solo, Demais substâncias","Sim"
"Gerência Regional / GO","860297/1998","Requerimento de Autorização de Pesquisa","Concessão de Lavra","02.174.951/0001-02","MINERACAO DE CALCARIO MONTIVIDIU LTDA","PIRANHAS - GO","CALCÁRIO DOLOMÍTICO","Demais substâncias","Sim"
"Gerência Regional / GO","860264/2009","Requerimento de Autorização de Pesquisa","Concessão de Lavra","02.174.951/0001-02","MINERACAO DE CALCARIO MONTIVIDIU LTDA","CEZARINA - GO","CALCÁRIO, CALCÁRIO","Corretivo de solo, Fabricação de cal","Sim"
"Gerência Regional / GO","860662/1986","Requerimento de Registro de Licença","Concessão de Lavra","02.204.584/0001-42","Sida Sociedade Itumbiarense de Dragagem e Areia Ltda.","CANÁPOLIS - MG, ITUMBIARA - GO","AREIA","Demais substâncias","Sim"
"Gerência Regional / GO","860661/1986","Requerimento de Registro de Licença","Concessão de Lavra","02.204.584/0001-42","Sida Sociedade Itumbiarense de Dragagem e Areia Ltda.","CANÁPOLIS - MG, ITUMBIARA - GO","AREIA","Demais substâncias","Sim"
"Gerência Regional / GO","860660/1986","Requerimento de Registro de Licença","Concessão de Lavra","02.204.584/0001-42","Sida Sociedade Itumbiarense de Dragagem e Areia Ltda.","CANÁPOLIS - MG, ITUMBIARA - GO","AREIA","Demais substâncias","Sim"
"Gerência Regional / GO","860659/1986","Requerimento de Registro de Licença","Concessão de Lavra","02.204.584/0001-42","Sida Sociedade Itumbiarense de Dragagem e Areia Ltda.","CANÁPOLIS - MG, ITUMBIARA - GO","AREIA","Demais substâncias","Sim"
"Gerência Regional / MG","860658/1986","Requerimento de Registro de Licença","Concessão de Lavra","02.204.584/0001-42","Sida Sociedade Itumbiarense de Dragagem e Areia Ltda.","CANÁPOLIS - MG, ITUMBIARA - GO","AREIA","Demais substâncias","Sim"
"Gerência Regional / GO","860657/1986","Requerimento de Registro de Licença","Concessão de Lavra","02.204.584/0001-42","Sida Sociedade Itumbiarense de Dragagem e Areia Ltda.","CENTRALINA - MG, ITUMBIARA - GO","AREIA","Demais substâncias","Sim"
"Gerência Regional / GO","860656/1986","Requerimento de Registro de Licença","Concessão de Lavra","02.204.584/0001-42","Sida Sociedade Itumbiarense de Dragagem e Areia Ltda.","CENTRALINA - MG, ITUMBIARA - GO","AREIA","Demais substâncias","Sim"
"Gerência Regional / GO","860655/1986","Requerimento de Registro de Licença","Concessão de Lavra","02.204.584/0001-42","Sida Sociedade Itumbiarense de Dragagem e Areia Ltda.","CENTRALINA - MG, ITUMBIARA - GO","AREIA","Demais substâncias","Sim"
"Gerência Regional / GO","860654/1986","Requerimento de Registro de Licença","Concessão de Lavra","02.204.584/0001-42","Sida Sociedade Itumbiarense de Dragagem e Areia Ltda.","CENTRALINA - MG, ITUMBIARA - GO","AREIA","Demais substâncias","Sim"
"Gerência Regional / GO","860653/1986","Requerimento de Registro de Licença","Concessão de Lavra","02.204.584/0001-42","Sida Sociedade Itumbiarense de Dragagem e Areia Ltda.","CENTRALINA - MG, ITUMBIARA - GO","AREIA","Demais substâncias","Sim"
"Gerência Regional / GO","860530/1999","Requerimento de Autorização de Pesquisa","Concessão de Lavra","02.204.584/0001-42","Sida Sociedade Itumbiarense de Dragagem e Areia Ltda.","ARAPORÃ - MG, ITUMBIARA - GO","AREIA","Demais substâncias","Sim"
"Gerência Regional / GO","860240/1983","Requerimento de Registro de Licença","Concessão de Lavra","02.204.584/0001-42","Sida Sociedade Itumbiarense de Dragagem e Areia Ltda.","ARAPORÃ - MG, ITUMBIARA - GO","AREIA","Demais substâncias","Sim"
"Gerência Regional / GO","860239/1983","Requerimento de Registro de Licença","Concessão de Lavra","02.204.584/0001-42","Sida Sociedade Itumbiarense de Dragagem e Areia Ltda.","ARAPORÃ - MG, ITUMBIARA - GO","AREIA","Demais substâncias","Sim"
"Gerência Regional / GO","860238/1983","Requerimento de Registro de Licença","Concessão de Lavra","02.204.584/0001-42","Sida Sociedade Itumbiarense de Dragagem e Areia Ltda.","ARAPORÃ - MG, ITUMBIARA - GO","AREIA","Demais substâncias","Sim"
"Gerência Regional / GO","860237/1983","Requerimento de Registro de Licença","Concessão de Lavra","02.204.584/0001-42","Sida Sociedade Itumbiarense de Dragagem e Areia Ltda.","ARAPORÃ - MG, ITUMBIARA - GO","AREIA, AREIA DE FUNDIÇÃO","Construção civil, Demais substâncias","Sim"
"Gerência Regional / GO","860175/2000","Requerimento de Autorização de Pesquisa","Concessão de Lavra","02.204.584/0001-42","Sida Sociedade Itumbiarense de Dragagem e Areia Ltda.","CACHOEIRA DOURADA - GO","AREIA","Construção civil","Sim"
"Gerência Regional / GO","860039/1993","Requerimento de Registro de Licença","Concessão de Lavra","02.204.584/0001-42","Sida Sociedade Itumbiarense de Dragagem e Areia Ltda.","ITUMBIARA - GO","AREIA","Demais substâncias","Sim"
"Gerência Regional / GO","861868/1994","Requerimento de Autorização de Pesquisa","Concessão de Lavra","02.204.584/0001-42","Sida Sociedade Itumbiarense de Dragagem e Areia Ltda.","ARAPORÃ - MG, ITUMBIARA - GO","AREIA","Demais substâncias","Sim"
"Gerência Regional / GO","861245/1991","Requerimento de Registro de Licença","Concessão de Lavra","02.204.584/0001-42","Sida Sociedade Itumbiarense de Dragagem e Areia Ltda.","ITUMBIARA - GO","AREIA","Demais substâncias","Sim"
"Gerência Regional / GO","860925/1986","Requerimento de Registro de Licença","Concessão de Lavra","02.204.584/0001-42","Sida Sociedade Itumbiarense de Dragagem e Areia Ltda.","ARAPORÃ - MG, ITUMBIARA - GO","AREIA","Demais substâncias","Sim"
"Gerência Regional / GO","860924/1986","Requerimento de Registro de Licença","Concessão de Lavra","02.204.584/0001-42","Sida Sociedade Itumbiarense de Dragagem e Areia Ltda.","ARAPORÃ - MG, ITUMBIARA - GO","AREIA","Demais substâncias","Sim"
"Gerência Regional / GO","860923/1986","Requerimento de Registro de Licença","Concessão de Lavra","02.204.584/0001-42","Sida Sociedade Itumbiarense de Dragagem e Areia Ltda.","ARAPORÃ - MG, ITUMBIARA - GO","AREIA","Demais substâncias","Sim"
"Gerência Regional / GO","860922/1986","Requerimento de Registro de Licença","Concessão de Lavra","02.204.584/0001-42","Sida Sociedade Itumbiarense de Dragagem e Areia Ltda.","ARAPORÃ - MG, ITUMBIARA - GO","AREIA","Demais substâncias","Sim"
"Gerência Regional / GO","860921/1986","Requerimento de Registro de Licença","Concessão de Lavra","02.204.584/0001-42","Sida Sociedade Itumbiarense de Dragagem e Areia Ltda.","ARAPORÃ - MG, ITUMBIARA - GO","AREIA","Demais substâncias","Sim"
"Gerência Regional / GO","860920/1986","Requerimento de Registro de Licença","Concessão de Lavra","02.204.584/0001-42","Sida Sociedade Itumbiarense de Dragagem e Areia Ltda.","ARAPORÃ - MG, ITUMBIARA - GO","AREIA","Demais substâncias","Sim"
"Gerência Regional / GO","860744/1998","Requerimento de Autorização de Pesquisa","Concessão de Lavra","02.204.584/0001-42","Sida Sociedade Itumbiarense de Dragagem e Areia Ltda.","ARAPORÃ - MG, ITUMBIARA - GO","AREIA","Demais substâncias","Sim"
"Gerência Regional / GO","860665/1986","Requerimento de Registro de Licença","Concessão de Lavra","02.204.584/0001-42","Sida Sociedade Itumbiarense de Dragagem e Areia Ltda.","ARAPORÃ - MG, ITUMBIARA - GO","AREIA","Demais substâncias","Sim"
"Gerência Regional / GO","860664/1986","Requerimento de Registro de Licença","Concessão de Lavra","02.204.584/0001-42","Sida Sociedade Itumbiarense de Dragagem e Areia Ltda.","CANÁPOLIS - MG, ITUMBIARA - GO","AREIA","Demais substâncias","Sim"
"Gerência Regional / GO","860355/1998","Requerimento de Autorização de Pesquisa","Concessão de Lavra","02.522.005/0001-00","AREIA ANHANGUERA LTDA","ANHANGUERA - GO, CUMARI - GO","AREIA","Demais substâncias","Sim"
"Gerência Regional / GO","860354/1998","Requerimento de Autorização de Pesquisa","Concessão de Lavra","02.522.005/0001-00","AREIA ANHANGUERA LTDA","ANHANGUERA - GO, CUMARI - GO","AREIA","Construção civil","Sim"
"Gerência Regional / GO","811050/1968","Requerimento de Autorização de Pesquisa","Concessão de Lavra","02.683.365/0001-93","BRASIL MINERIOS S/A","SÃO LUÍS DE MONTES BELOS - GO","ANTOFILITA, VERMICULITA, VERMICULITA","Demais substâncias, Industrial, Industrial","Sim"
"Gerência Regional / GO","810832/1974","Requerimento de Autorização de Pesquisa","Concessão de Lavra","02.683.365/0001-93","BRASIL MINERIOS S/A","SANCLERLÂNDIA - GO","VERMICULITA","Demais substâncias","Sim"
"Gerência Regional / GO","807299/1977","Requerimento de Autorização de Pesquisa","Concessão de Lavra","02.683.365/0001-93","BRASIL MINERIOS S/A","SÃO LUÍS DE MONTES BELOS - GO","VERMICULITA","Demais substâncias","Sim"
"Gerência Regional / GO","861114/2015","Requerimento de Autorização de Pesquisa","Concessão de Lavra","02.683.365/0001-93","BRASIL MINERIOS S/A","SÃO LUÍS DE MONTES BELOS - GO","VERMICULITA","Industrial","Sim"
"Gerência Regional / GO","860714/2016","Requerimento de Autorização de Pesquisa","Concessão de Lavra","02.683.365/0001-93","BRASIL MINERIOS S/A","SÃO LUÍS DE MONTES BELOS - GO","VERMICULITA","Industrial","Sim"
"Gerência Regional / GO","860495/2010","Requerimento de Autorização de Pesquisa","Concessão de Lavra","02.683.365/0001-93","BRASIL MINERIOS S/A","SÃO LUÍS DE MONTES BELOS - GO","VERMICULITA","Industrial","Sim"
"Gerência Regional / GO","860446/2021","Requerimento de Pesquisa - Oferta Pública ","Concessão de Lavra","02.683.365/0001-93","BRASIL MINERIOS S/A","SÃO LUÍS DE MONTES BELOS - GO","VERMICULITA","Industrial","Sim"
"Gerência Regional / GO","860179/1978","Requerimento de Autorização de Pesquisa","Direito de Requerer a Lavra","02.683.365/0001-93","BRASIL MINERIOS S/A","SÃO LUÍS DE MONTES BELOS - GO","VERMICULITA","Demais substâncias","Sim"
"Gerência Regional / GO","811774/1974","Requerimento de Autorização de Pesquisa","Concessão de Lavra","02.683.365/0001-93","BRASIL MINERIOS S/A","SANCLERLÂNDIA - GO","VERMICULITA","Demais substâncias","Sim"
"Gerência Regional / GO","860178/2006","Requerimento de Autorização de Pesquisa","Concessão de Lavra","02.787.125/0001-39","PIRECAL PIRENOPOLIS CALCARIO LTDA","VILA PROPÍCIO - GO","DOLOMITO, DOLOMITO, DOLOMITO","Brita, Corretivo de solo, Demais substâncias","Sim"
"Gerência Regional / GO","860926/2001","Requerimento de Autorização de Pesquisa","Concessão de Lavra","02.787.125/0001-39","PIRECAL PIRENOPOLIS CALCARIO LTDA","GUARANI DE GOIÁS - GO","CALCÁRIO, DOLOMITO","Corretivo de solo, Industrial","Sim"
"Gerência Regional / GO","860370/2005","Requerimento de Autorização de Pesquisa","Concessão de Lavra","02.802.569/0001-04","CERAMICA CATALAO EIRELI","CATALÃO - GO, CUMARI - GO","AREIA, ARGILA, CASCALHO","Construção civil, Construção civil, Industrial","Sim"
"Gerência Regional / GO","861943/1995","Requerimento de Autorização de Pesquisa","Concessão de Lavra","02.840.072/0001-72","MIBASA MINERADORA BARRO ALTO LTDA","VILA PROPÍCIO - GO","DOLOMITO","Demais substâncias","Sim"
"Gerência Regional / GO","860969/2001","Requerimento de Autorização de Pesquisa","Concessão de Lavra","03.007.590/0001-72","BRITAGO MINERACAO INDUSTRIA E COMERCIO LTDA","AVELINÓPOLIS - GO","DIORITO, DIORITO","Brita, Revestimento","Sim"
"Gerência Regional / GO","860433/2003","Requerimento de Autorização de Pesquisa","Concessão de Lavra","03.007.590/0001-72","BRITAGO MINERACAO INDUSTRIA E COMERCIO LTDA","AVELINÓPOLIS - GO","DIORITO, GNAISSE","Brita, Construção civil","Sim"
"Gerência Regional / GO","860110/2002","Requerimento de Autorização de Pesquisa","Concessão de Lavra","03.007.590/0001-72","BRITAGO MINERACAO INDUSTRIA E COMERCIO LTDA","SANTA BÁRBARA DE GOIÁS - GO","DIORITO, MINÉRIO DE TITÂNIO","Brita, Industrial","Sim"
"Gerência Regional / GO","861104/1988","Requerimento de Autorização de Pesquisa","Concessão de Lavra","03.299.740/0001-69","SOMA EMPRESA DE MINERACAO LTDA","CALDAS NOVAS - GO","ÁGUA MINERAL","Demais substâncias","Sim"
"Gerência Regional / GO","861075/1986","Requerimento de Autorização de Pesquisa","Concessão de Lavra","03.299.740/0001-69","SOMA EMPRESA DE MINERACAO LTDA","CALDAS NOVAS - GO","ÁGUA MINERAL","Demais substâncias","Sim"
"Gerência Regional / GO","860045/1985","Requerimento de Autorização de Pesquisa","Concessão de Lavra","03.299.740/0001-69","SOMA EMPRESA DE MINERACAO LTDA","CALDAS NOVAS - GO","ÁGUA MINERAL","Demais substâncias","Sim"
"Gerência Regional / GO","862643/1980","Requerimento de Autorização de Pesquisa","Concessão de Lavra","03.299.740/0001-69","SOMA EMPRESA DE MINERACAO LTDA","CALDAS NOVAS - GO","ÁGUA MINERAL","Demais substâncias","Sim"
"Gerência Regional / GO","861183/2007","Requerimento de Autorização de Pesquisa","Concessão de Lavra","03.417.227/0001-25","TARCAL TRANSPORTES E MATERIAL DE CONSTRUCAO LTDA","SANTA CRUZ DE GOIÁS - GO","AREIA, MINÉRIO DE OURO","Construção civil, Industrial","Sim"
"Gerência Regional / GO","860979/2001","Requerimento de Autorização de Pesquisa","Concessão de Lavra","03.417.227/0001-25","TARCAL TRANSPORTES E MATERIAL DE CONSTRUCAO LTDA","JARAGUÁ - GO","AREIA, CASCALHO","Construção civil, Construção civil","Sim"
"Gerência Regional / GO","860946/1993","Requerimento de Registro de Licença","Concessão de Lavra","03.417.227/0001-25","TARCAL TRANSPORTES E MATERIAL DE CONSTRUCAO LTDA","JARAGUÁ - GO","AREIA, CASCALHO","Demais substâncias, Demais substâncias","Sim"
"Gerência Regional / GO","860945/1993","Requerimento de Registro de Licença","Concessão de Lavra","03.417.227/0001-25","TARCAL TRANSPORTES E MATERIAL DE CONSTRUCAO LTDA","JARAGUÁ - GO","AREIA, CASCALHO","Demais substâncias, Demais substâncias","Sim"
"Gerência Regional / GO","860905/1999","Requerimento de Autorização de Pesquisa","Concessão de Lavra","03.417.227/0001-25","TARCAL TRANSPORTES E MATERIAL DE CONSTRUCAO LTDA","JARAGUÁ - GO","AREIA, CASCALHO","Demais substâncias, Demais substâncias","Sim"
"Gerência Regional / GO","860876/1999","Requerimento de Registro de Licença","Concessão de Lavra","03.417.227/0001-25","TARCAL TRANSPORTES E MATERIAL DE CONSTRUCAO LTDA","JARAGUÁ - GO, RIANÁPOLIS - GO","AREIA, CASCALHO","Demais substâncias, Demais substâncias","Sim"
"Gerência Regional / GO","860684/1999","Requerimento de Autorização de Pesquisa","Concessão de Lavra","03.417.227/0001-25","TARCAL TRANSPORTES E MATERIAL DE CONSTRUCAO LTDA","JARAGUÁ - GO, RIANÁPOLIS - GO","AREIA, CASCALHO","Construção civil, Construção civil","Sim"
"Gerência Regional / GO","860626/2002","Requerimento de Autorização de Pesquisa","Concessão de Lavra","03.417.227/0001-25","TARCAL TRANSPORTES E MATERIAL DE CONSTRUCAO LTDA","JARAGUÁ - GO","AREIA","Construção civil","Sim"
"Gerência Regional / GO","860469/2002","Requerimento de Autorização de Pesquisa","Concessão de Lavra","03.417.227/0001-25","TARCAL TRANSPORTES E MATERIAL DE CONSTRUCAO LTDA","JARAGUÁ - GO","AREIA, CASCALHO","Construção civil, Demais substâncias","Sim"
"Gerência Regional / GO","860412/2002","Requerimento de Autorização de Pesquisa","Concessão de Lavra","03.417.227/0001-25","TARCAL TRANSPORTES E MATERIAL DE CONSTRUCAO LTDA","PIRES DO RIO - GO, SANTA CRUZ DE GOIÁS - GO","AREIA","Demais substâncias","Sim"
"Gerência Regional / GO","860310/2005","Requerimento de Autorização de Pesquisa","Concessão de Lavra","03.417.227/0001-25","TARCAL TRANSPORTES E MATERIAL DE CONSTRUCAO LTDA","SANTA CRUZ DE GOIÁS - GO","AREIA","Demais substâncias","Sim"
"Gerência Regional / GO","860032/2014","Requerimento de Mudança de Regime para Aut. de Pesquisa","Concessão de Lavra","03.417.227/0001-25","TARCAL TRANSPORTES E MATERIAL DE CONSTRUCAO LTDA","PIRACANJUBA - GO","AREIA","Construção civil","Sim"
"Gerência Regional / GO","860004/2005","Requerimento de Autorização de Pesquisa","Concessão de Lavra","03.417.227/0001-25","TARCAL TRANSPORTES E MATERIAL DE CONSTRUCAO LTDA","SANTA CRUZ DE GOIÁS - GO","AREIA","Demais substâncias","Sim"
"Gerência Regional / GO","862179/2005","Requerimento de Autorização de Pesquisa","Concessão de Lavra","03.417.227/0001-25","TARCAL TRANSPORTES E MATERIAL DE CONSTRUCAO LTDA","JARAGUÁ - GO","AREIA","Construção civil","Sim"
"Gerência Regional / GO","808219/1975","Requerimento de Autorização de Pesquisa","Concessão de Lavra","03.764.875/0001-58","AURIFERA NOVA ROMA LTDA","NOVA ROMA - GO","OURO","Demais substâncias","Sim"
"Gerência Regional / GO","860022/1998","Requerimento de Autorização de Pesquisa","Concessão de Lavra","05.452.826/0001-05","SOLO E TETO CONSTRUTORA E INCORPORADORA LTDA","PIRES DO RIO - GO, URUTAÍ - GO","AREIA, CASCALHO","Demais substâncias, Demais substâncias","Sim"
"Gerência Regional / GO","860021/1998","Requerimento de Autorização de Pesquisa","Concessão de Lavra","05.452.826/0001-05","SOLO E TETO CONSTRUTORA E INCORPORADORA LTDA","PIRES DO RIO - GO, URUTAÍ - GO","AREIA, CASCALHO","Demais substâncias, Demais substâncias","Sim"
"Gerência Regional / GO","860020/1998","Requerimento de Autorização de Pesquisa","Concessão de Lavra","05.452.826/0001-05","SOLO E TETO CONSTRUTORA E INCORPORADORA LTDA","PIRES DO RIO - GO, URUTAÍ - GO","AREIA, CASCALHO","Demais substâncias, Demais substâncias","Sim"
"Gerência Regional / GO","860019/1998","Requerimento de Autorização de Pesquisa","Concessão de Lavra","05.452.826/0001-05","SOLO E TETO CONSTRUTORA E INCORPORADORA LTDA","PIRES DO RIO - GO, URUTAÍ - GO","AREIA, CASCALHO","Demais substâncias, Demais substâncias","Sim"
"Gerência Regional / GO","860018/1998","Requerimento de Autorização de Pesquisa","Concessão de Lavra","05.452.826/0001-05","SOLO E TETO CONSTRUTORA E INCORPORADORA LTDA","PIRES DO RIO - GO, URUTAÍ - GO","AREIA, CASCALHO","Demais substâncias, Demais substâncias","Sim"
"Gerência Regional / GO","860016/1998","Requerimento de Autorização de Pesquisa","Concessão de Lavra","05.452.826/0001-05","SOLO E TETO CONSTRUTORA E INCORPORADORA LTDA","PIRES DO RIO - GO, URUTAÍ - GO","AREIA, CASCALHO","Demais substâncias, Demais substâncias","Sim"
"Gerência Regional / GO","860014/1998","Requerimento de Autorização de Pesquisa","Concessão de Lavra","05.452.826/0001-05","SOLO E TETO CONSTRUTORA E INCORPORADORA LTDA","PIRES DO RIO - GO, URUTAÍ - GO","AREIA, CASCALHO","Demais substâncias, Demais substâncias","Sim"
"Gerência Regional / GO","860013/1998","Requerimento de Autorização de Pesquisa","Concessão de Lavra","05.452.826/0001-05","SOLO E TETO CONSTRUTORA E INCORPORADORA LTDA","PIRES DO RIO - GO, URUTAÍ - GO","AREIA, CASCALHO","Demais substâncias, Demais substâncias","Sim"
"Gerência Regional / GO","860011/1998","Requerimento de Autorização de Pesquisa","Concessão de Lavra","05.452.826/0001-05","SOLO E TETO CONSTRUTORA E INCORPORADORA LTDA","PIRES DO RIO - GO","AREIA, CASCALHO","Demais substâncias, Demais substâncias","Sim"
"Gerência Regional / GO","860010/1998","Requerimento de Autorização de Pesquisa","Concessão de Lavra","05.452.826/0001-05","SOLO E TETO CONSTRUTORA E INCORPORADORA LTDA","PIRES DO RIO - GO, URUTAÍ - GO","AREIA, CASCALHO","Demais substâncias, Demais substâncias","Sim"
"Gerência Regional / GO","860005/1998","Requerimento de Autorização de Pesquisa","Concessão de Lavra","05.452.826/0001-05","SOLO E TETO CONSTRUTORA E INCORPORADORA LTDA","PIRES DO RIO - GO, URUTAÍ - GO","AREIA, CASCALHO","Demais substâncias, Demais substâncias","Sim"
"Gerência Regional / GO","860003/1998","Requerimento de Autorização de Pesquisa","Concessão de Lavra","05.452.826/0001-05","SOLO E TETO CONSTRUTORA E INCORPORADORA LTDA","PIRES DO RIO - GO, URUTAÍ - GO","AREIA, CASCALHO","Demais substâncias, Demais substâncias","Sim"
"Gerência Regional / GO","860001/1998","Requerimento de Autorização de Pesquisa","Concessão de Lavra","05.452.826/0001-05","SOLO E TETO CONSTRUTORA E INCORPORADORA LTDA","PIRES DO RIO - GO, URUTAÍ - GO","AREIA, CASCALHO","Demais substâncias, Demais substâncias","Sim"
"Gerência Regional / GO","010670/1967","Requerimento de Autorização de Pesquisa","Concessão de Lavra","15.104.599/0001-80","SAMA S.A. - MINERACOES ASSOCIADAS EM RECUPERACAO JUDICIAL","MINAÇU - GO","AMIANTO","Demais substâncias","Sim"
"Gerência Regional / GO","008868/1962","Requerimento de Autorização de Pesquisa","Concessão de Lavra","15.104.599/0001-80","SAMA S.A. - MINERACOES ASSOCIADAS EM RECUPERACAO JUDICIAL","MINAÇU - GO","AMIANTO","Demais substâncias","Sim"
"Gerência Regional / GO","003517/1962","Requerimento de Autorização de Pesquisa","Concessão de Lavra","15.104.599/0001-80","SAMA S.A. - MINERACOES ASSOCIADAS EM RECUPERACAO JUDICIAL","MINAÇU - GO","AMIANTO","Demais substâncias","Sim"
"Gerência Regional / GO","850037/1975","Requerimento de Grupamento Mineiro","Concessão de Lavra","15.104.599/0001-80","SAMA S.A. - MINERACOES ASSOCIADAS EM RECUPERACAO JUDICIAL","MINAÇU - GO","AMIANTO, CRISOTILA","Demais substâncias, Demais substâncias","Sim"
"Gerência Regional / GO","862089/1995","Requerimento de Autorização de Pesquisa","Concessão de Lavra","18.424.895/0001-57","MINASGOIAS MINERACAO BERGAMO LTDA","CANÁPOLIS - MG, ITUMBIARA - GO","AREIA","Demais substâncias","Sim"
"Gerência Regional / GO","862087/1995","Requerimento de Autorização de Pesquisa","Concessão de Lavra","18.424.895/0001-57","MINASGOIAS MINERACAO BERGAMO LTDA","CANÁPOLIS - MG, ITUMBIARA - GO","AREIA","Demais substâncias","Sim"
"Gerência Regional / GO","861531/2009","Requerimento de Autorização de Pesquisa","Concessão de Lavra","18.424.895/0001-57","MINASGOIAS MINERACAO BERGAMO LTDA","CENTRALINA - MG, ITUMBIARA - GO","AREIA","Construção civil","Sim"
"Gerência Regional / GO","861368/2015","Requerimento de Autorização de Pesquisa","Concessão de Lavra","18.424.895/0001-57","MINASGOIAS MINERACAO BERGAMO LTDA","ARAPORÃ - MG, ITUMBIARA - GO","AREIA, CASCALHO","Construção civil, Construção civil","Sim"
"Gerência Regional / GO","861230/2014","Requerimento de Autorização de Pesquisa","Concessão de Lavra","18.424.895/0001-57","MINASGOIAS MINERACAO BERGAMO LTDA","CANÁPOLIS - MG, ITUMBIARA - GO","AREIA, CASCALHO","Construção civil, Construção civil","Sim"
"Gerência Regional / GO","861229/2014","Requerimento de Autorização de Pesquisa","Concessão de Lavra","18.424.895/0001-57","MINASGOIAS MINERACAO BERGAMO LTDA","CANÁPOLIS - MG, ITUMBIARA - GO","AREIA, CASCALHO","Construção civil, Construção civil","Sim"
"Gerência Regional / GO","861228/2014","Requerimento de Autorização de Pesquisa","Concessão de Lavra","18.424.895/0001-57","MINASGOIAS MINERACAO BERGAMO LTDA","CANÁPOLIS - MG, ITUMBIARA - GO","AREIA, CASCALHO","Construção civil, Construção civil","Sim"
"Gerência Regional / GO","861227/2014","Requerimento de Autorização de Pesquisa","Concessão de Lavra","18.424.895/0001-57","MINASGOIAS MINERACAO BERGAMO LTDA","CANÁPOLIS - MG, ITUMBIARA - GO","AREIA, CASCALHO","Construção civil, Construção civil","Sim"
"Gerência Regional / GO","861226/2014","Requerimento de Autorização de Pesquisa","Concessão de Lavra","18.424.895/0001-57","MINASGOIAS MINERACAO BERGAMO LTDA","CANÁPOLIS - MG, ITUMBIARA - GO","AREIA, CASCALHO","Construção civil, Construção civil","Sim"
"Gerência Regional / GO","861225/2014","Requerimento de Autorização de Pesquisa","Concessão de Lavra","18.424.895/0001-57","MINASGOIAS MINERACAO BERGAMO LTDA","CANÁPOLIS - MG, ITUMBIARA - GO","AREIA, CASCALHO","Construção civil, Construção civil","Sim"
"Gerência Regional / GO","860650/2005","Requerimento de Autorização de Pesquisa","Concessão de Lavra","18.424.895/0001-57","MINASGOIAS MINERACAO BERGAMO LTDA","CENTRALINA - MG, ITUMBIARA - GO","AREIA","Construção civil","Sim"
"Gerência Regional / GO","860226/1998","Requerimento de Autorização de Pesquisa","Concessão de Lavra","18.424.895/0001-57","MINASGOIAS MINERACAO BERGAMO LTDA","CACHOEIRA DOURADA - MG, ITUMBIARA - GO","AREIA","Demais substâncias","Sim"
"Gerência Regional / GO","860225/1998","Requerimento de Autorização de Pesquisa","Concessão de Lavra","18.424.895/0001-57","MINASGOIAS MINERACAO BERGAMO LTDA","CACHOEIRA DOURADA - MG, ITUMBIARA - GO","AREIA","Demais substâncias","Sim"
"Gerência Regional / GO","862114/1995","Requerimento de Autorização de Pesquisa","Concessão de Lavra","18.424.895/0001-57","MINASGOIAS MINERACAO BERGAMO LTDA","CACHOEIRA DOURADA - MG, ITUMBIARA - GO","AREIA","Demais substâncias","Sim"
"Gerência Regional / GO","862113/1995","Requerimento de Autorização de Pesquisa","Concessão de Lavra","18.424.895/0001-57","MINASGOIAS MINERACAO BERGAMO LTDA","CACHOEIRA DOURADA - MG, ITUMBIARA - GO","AREIA","Demais substâncias","Sim"
"Gerência Regional / GO","862112/1995","Requerimento de Autorização de Pesquisa","Concessão de Lavra","18.424.895/0001-57","MINASGOIAS MINERACAO BERGAMO LTDA","CACHOEIRA DOURADA - MG, ITUMBIARA - GO","AREIA","Demais substâncias","Sim"
"Gerência Regional / GO","862111/1995","Requerimento de Autorização de Pesquisa","Concessão de Lavra","18.424.895/0001-57","MINASGOIAS MINERACAO BERGAMO LTDA","CACHOEIRA DOURADA - MG, ITUMBIARA - GO","AREIA","Demais substâncias","Sim"
"Gerência Regional / GO","862110/1995","Requerimento de Autorização de Pesquisa","Concessão de Lavra","18.424.895/0001-57","MINASGOIAS MINERACAO BERGAMO LTDA","CACHOEIRA DOURADA - MG, ITUMBIARA - GO","AREIA","Demais substâncias","Sim"
"Gerência Regional / GO","862108/1995","Requerimento de Autorização de Pesquisa","Concessão de Lavra","18.424.895/0001-57","MINASGOIAS MINERACAO BERGAMO LTDA","CACHOEIRA DOURADA - MG, ITUMBIARA - GO","AREIA","Demais substâncias","Sim"
"Gerência Regional / GO","862106/1995","Requerimento de Autorização de Pesquisa","Concessão de Lavra","18.424.895/0001-57","MINASGOIAS MINERACAO BERGAMO LTDA","CACHOEIRA DOURADA - MG, ITUMBIARA - GO","AREIA","Demais substâncias","Sim"
"Gerência Regional / GO","862105/1995","Requerimento de Autorização de Pesquisa","Concessão de Lavra","18.424.895/0001-57","MINASGOIAS MINERACAO BERGAMO LTDA","CACHOEIRA DOURADA - MG, ITUMBIARA - GO","AREIA","Demais substâncias","Sim"
"Gerência Regional / GO","862104/1995","Requerimento de Autorização de Pesquisa","Concessão de Lavra","18.424.895/0001-57","MINASGOIAS MINERACAO BERGAMO LTDA","CACHOEIRA DOURADA - MG, ITUMBIARA - GO","AREIA","Demais substâncias","Sim"
"Gerência Regional / GO","862103/1995","Requerimento de Autorização de Pesquisa","Concessão de Lavra","18.424.895/0001-57","MINASGOIAS MINERACAO BERGAMO LTDA","CACHOEIRA DOURADA - MG, ITUMBIARA - GO","AREIA","Demais substâncias","Sim"
"Gerência Regional / GO","862102/1995","Requerimento de Autorização de Pesquisa","Concessão de Lavra","18.424.895/0001-57","MINASGOIAS MINERACAO BERGAMO LTDA","CACHOEIRA DOURADA - MG, ITUMBIARA - GO","AREIA","Demais substâncias","Sim"
"Gerência Regional / GO","862101/1995","Requerimento de Autorização de Pesquisa","Concessão de Lavra","18.424.895/0001-57","MINASGOIAS MINERACAO BERGAMO LTDA","CACHOEIRA DOURADA - MG, ITUMBIARA - GO","AREIA","Demais substâncias","Sim"
"Gerência Regional / GO","862100/1995","Requerimento de Autorização de Pesquisa","Concessão de Lavra","18.424.895/0001-57","MINASGOIAS MINERACAO BERGAMO LTDA","CACHOEIRA DOURADA - MG, ITUMBIARA - GO","AREIA","Demais substâncias","Sim"
"Gerência Regional / GO","862099/1995","Requerimento de Autorização de Pesquisa","Concessão de Lavra","18.424.895/0001-57","MINASGOIAS MINERACAO BERGAMO LTDA","CACHOEIRA DOURADA - MG, CANÁPOLIS - MG, ITUMBIARA - GO","AREIA","Demais substâncias","Sim"
"Gerência Regional / GO","862098/1995","Requerimento de Autorização de Pesquisa","Concessão de Lavra","18.424.895/0001-57","MINASGOIAS MINERACAO BERGAMO LTDA","CACHOEIRA DOURADA - MG, CANÁPOLIS - MG, ITUMBIARA - GO","AREIA","Demais substâncias","Sim"
"Gerência Regional / GO","862097/1995","Requerimento de Autorização de Pesquisa","Concessão de Lavra","18.424.895/0001-57","MINASGOIAS MINERACAO BERGAMO LTDA","CANÁPOLIS - MG, ITUMBIARA - GO","AREIA","Demais substâncias","Sim"
"Gerência Regional / GO","862091/1995","Requerimento de Autorização de Pesquisa","Concessão de Lavra","18.424.895/0001-57","MINASGOIAS MINERACAO BERGAMO LTDA","ITUMBIARA - GO","AREIA","Demais substâncias","Sim"
"Gerência Regional / GO","861823/1985","Requerimento de Autorização de Pesquisa","Concessão de Lavra","18.751.354/0001-33","CERAMICA SAFFRAN LTDA EM RECUPERACAO JUDICIAL","CATALÃO - GO","HIDRARGILITA","Demais substâncias","Sim"
"Gerência Regional / GO","861822/1985","Requerimento de Autorização de Pesquisa","Concessão de Lavra","18.751.354/0001-33","CERAMICA SAFFRAN LTDA EM RECUPERACAO JUDICIAL","CATALÃO - GO","HIDRARGILITA","Demais substâncias","Sim"
"Gerência Regional / GO","861243/1986","Requerimento de Autorização de Pesquisa","Concessão de Lavra","19.677.970/0001-54","MINERAÇÃO PERDIZES LTDA","CATALÃO - GO","ARGILA","Industrial","Sim"
"Gerência Regional / GO","861018/2000","Requerimento de Autorização de Pesquisa","Concessão de Lavra","23.640.204/0001-92","Mineração Curimbaba Ltda","SANTA RITA DO NOVO DESTINO - GO","MINÉRIO DE ALUMÍNIO","Industrial","Sim"
"Gerência Regional / GO","860420/2005","Requerimento de Autorização de Pesquisa","Concessão de Lavra","23.640.204/0001-92","Mineração Curimbaba Ltda","BARRO ALTO - GO","MINÉRIO DE ALUMÍNIO","Industrial","Sim"
"Gerência Regional / GO","814093/1968","Requerimento de Autorização de Pesquisa","Concessão de Lavra","26.970.103/0001-78","BRITACAL IND E COM DE BRITA E CALCARIO BRASILIA LTDA","PLANALTINA - GO","CALCÁRIO DOLOMÍTICO","Demais substâncias","Sim"
"Gerência Regional / GO","801526/1975","Requerimento de Autorização de Pesquisa","Concessão de Lavra","26.970.103/0001-78","BRITACAL IND E COM DE BRITA E CALCARIO BRASILIA LTDA","PLANALTINA - GO","CALCÁRIO","Demais substâncias","Sim"
"Gerência Regional / GO","861321/2004","Requerimento de Autorização de Pesquisa","Concessão de Lavra","26.970.103/0001-78","BRITACAL IND E COM DE BRITA E CALCARIO BRASILIA LTDA","PLANALTINA - GO","CALCÁRIO, CALCÁRIO DOLOMÍTICO","Corretivo de solo, Industrial","Sim"
"Gerência Regional / GO","861026/2000","Requerimento de Autorização de Pesquisa","Concessão de Lavra","26.970.103/0001-78","BRITACAL IND E COM DE BRITA E CALCARIO BRASILIA LTDA","PLANALTINA - GO","CALCÁRIO","Industrial","Sim"
"Gerência Regional / GO","860665/2005","Requerimento de Autorização de Pesquisa","Concessão de Lavra","26.970.103/0001-78","BRITACAL IND E COM DE BRITA E CALCARIO BRASILIA LTDA","DIVINÓPOLIS DE GOIÁS - GO","CALCÁRIO","Industrial","Sim"
"Gerência Regional / GO","860202/2004","Requerimento de Autorização de Pesquisa","Concessão de Lavra","26.970.103/0001-78","BRITACAL IND E COM DE BRITA E CALCARIO BRASILIA LTDA","DIVINÓPOLIS DE GOIÁS - GO","CALCÁRIO, MINÉRIO DE OURO","Industrial, Industrial","Sim"
"Gerência Regional / GO","860015/1981","Requerimento de Autorização de Pesquisa","Concessão de Lavra","27.184.936/0001-76","CBE COMPANHIA BRASILEIRA DE EQUIPAMENTO - EM RECUPERACAO JUDICIAL","FORMOSA - GO","CALCÁRIO","Demais substâncias","Sim"
"Gerência Regional / GO","861198/1991","Requerimento de Autorização de Pesquisa","Concessão de Lavra","32.440.901/0001-90","CAJUGRAM GRANITOS E MARMORES DO BRASIL LTDA","FAZENDA NOVA - GO","GRANITO","Demais substâncias","Sim"
"Gerência Regional / GO","860495/1989","Requerimento de Autorização de Pesquisa","Concessão de Lavra","32.440.901/0001-90","CAJUGRAM GRANITOS E MARMORES DO BRASIL LTDA","FAZENDA NOVA - GO, JUSSARA - GO","GRANITO","Demais substâncias","Sim"
"Gerência Regional / GO","860304/1998","Requerimento de Autorização de Pesquisa","Concessão de Lavra","32.440.901/0001-90","CAJUGRAM GRANITOS E MARMORES DO BRASIL LTDA","PIRANHAS - GO","GRANITO","Demais substâncias","Sim"
"Gerência Regional / GO","860303/1998","Requerimento de Autorização de Pesquisa","Concessão de Lavra","32.440.901/0001-90","CAJUGRAM GRANITOS E MARMORES DO BRASIL LTDA","PIRANHAS - GO","GRANITO","Demais substâncias","Sim"
"Gerência Regional / GO","860895/2017","Requerimento de Autorização de Pesquisa","Direito de Requerer a Lavra","32.474.215/0001-30","Granitos Retiro Ltda.","GUARANI DE GOIÁS - GO","MINÉRIO DE OURO","Industrial","Sim"
"Gerência Regional / GO","860418/2018","Requerimento de Mudança de Regime para Aut. de Pesquisa","Direito de Requerer a Lavra","32.474.215/0001-30","Granitos Retiro Ltda.","PORANGATU - GO","MINÉRIO DE OURO","Industrial","Sim"
"Gerência Regional / GO","860451/2005","Requerimento de Autorização de Pesquisa","Concessão de Lavra","00.097.494/0001-74","CAMPOS AGRICOLA LTDA","FORMOSA - GO","AREIA, SAIBRO","Construção civil, Construção civil","Sim"
"Gerência Regional / GO","860076/2016","Requerimento de Cessão parcial","Concessão de Lavra","00.114.258/0001-19","AREIALTO EXTRACAO COMERCIO E TRANSPORTES DE AREIA LTDA","ORIZONA - GO","AREIA","Construção civil","Sim"
"Gerência Regional / GO","860431/2015","Requerimento de Mudança de Regime para Aut. de Pesquisa","Direito de Requerer a Lavra","00.132.781/0001-78","Pedreira Rio Verde Ltda","COCALZINHO DE GOIÁS - GO","CALCÁRIO","Brita","Sim"
"Gerência Regional / GO","861147/2007","Requerimento de Autorização de Pesquisa","Concessão de Lavra","00.254.984/0001-37","ANTONIA DUTRA CORREA DE PAULA ME","SILVÂNIA - GO","AREIA","Construção civil","Sim"
"Gerência Regional / GO","861870/1993","Requerimento de Autorização de Pesquisa","Concessão de Lavra","00.258.657/0001-53","EMPRESA PUBLICA MUNICIPAL EXPLORACAO MINERAL","CALDAS NOVAS - GO","MICAXISTO","Demais substâncias","Sim"
"Gerência Regional / GO","860439/2017","Requerimento de Autorização de Pesquisa","Concessão de Lavra","00.264.528/0001-78","GUIDONI BRASIL S/A","CAMPINAÇU - GO","QUARTZITO, QUARTZO","Industrial, Revestimento","Sim"
"Gerência Regional / GO","860561/1988","Requerimento de Autorização de Pesquisa","Concessão de Lavra","00.707.400/0001-31","Thermas de Goiás Mineradora Ltda.","CALDAS NOVAS - GO","ÁGUA MINERAL","Demais substâncias","Sim"
"Gerência Regional / GO","861090/1987","Requerimento de Autorização de Pesquisa","Concessão de Lavra","00.822.452/0001-59","PEDREIRA GOIAS LTDA","ABADIÂNIA - GO","XISTO, XISTO","Brita, Demais substâncias","Sim"
"Gerência Regional / GO","860426/1986","Requerimento de Autorização de Pesquisa","Concessão de Lavra","00.888.735/0001-01","MINERADORA CONCHAL LTDA","CALDAS NOVAS - GO","ÁGUA MINERAL","Demais substâncias","Sim"
"Gerência Regional / GO","860582/1995","Requerimento de Autorização de Pesquisa","Concessão de Lavra","00.969.944/0001-71","Rebica Industria e Comercio Ltda","ANÁPOLIS - GO","ÁGUA POTÁVEL DE MESA","Demais substâncias","Sim"
"Gerência Regional / GO","860017/2001","Requerimento de Autorização de Pesquisa","Concessão de Lavra","01.005.875/0001-49","PEDREIRA ITAUNA LTDA","APARECIDA DE GOIÂNIA - GO, HIDROLÂNDIA - GO","XISTO","Brita","Sim"
"Gerência Regional / GO","862638/1980","Requerimento de Autorização de Pesquisa","Concessão de Lavra","01.013.416/0001-07","SERRA DAS CALDAS MINERACAO LTDA","CALDAS NOVAS - GO","ÁGUA MINERAL","Demais substâncias","Sim"
"Gerência Regional / GO","860056/2009","Requerimento de Autorização de Pesquisa","Concessão de Lavra","01.059.930/0001-83","CALCARIO SANTA TEREZA LTDA","FORMOSO - GO","CALCÁRIO, CALCÁRIO","Corretivo de solo, Fabricação de cal","Sim"
"Gerência Regional / GO","861386/1992","Requerimento de Autorização de Pesquisa","Direito de Requerer a Lavra","01.095.412/0001-15","OURO BRASIL MINERAÇÃO LTDA","FAZENDA NOVA - GO","GRANITO","Demais substâncias","Sim"
"Gerência Regional / GO","860095/1998","Requerimento de Autorização de Pesquisa","Concessão de Lavra","01.117.528/0001-08","BRASILCA MINERACAO BRASILEIRA EIRELI","BALIZA - GO, PONTAL DO ARAGUAIA - MT","DIAMANTE INDUSTRIAL","Demais substâncias","Sim"
"Gerência Regional / GO","862887/2008","Requerimento de Autorização de Pesquisa","Concessão de Lavra","01.126.983/0001-70","Arenan Extração e Comércio de Areia Ltda","ORIZONA - GO","AREIA, DIAMANTE","Construção civil, Industrial","Sim"
"Gerência Regional / GO","860260/2004","Requerimento de Autorização de Pesquisa","Concessão de Lavra","01.133.510/0001-08","MINERADORA SANTO EXPEDITO LTDA","BARRO ALTO - GO","MINÉRIO DE ALUMÍNIO","Demais substâncias","Sim"
"Gerência Regional / GO","862097/1994","Requerimento de Autorização de Pesquisa","Concessão de Lavra","01.270.710/0001-02","GRAN PEDRAS COMERCIO DE PEDRAS LTDA","BURITI DE GOIÁS - GO","QUARTZITO","Demais substâncias","Sim"
"Gerência Regional / GO","861301/2006","Requerimento de Autorização de Pesquisa","Concessão de Lavra","01.277.116/0001-35","CONCREMAX MATERIAIS LTDA","MINEIROS - GO, PORTELÂNDIA - GO","AREIA, CASCALHO","Construção civil, Construção civil","Sim"
"Gerência Regional / GO","861535/1992","Requerimento de Autorização de Pesquisa","Concessão de Lavra","01.283.145/0001-00","CMMS - Cia de Mineração Morada do Sol LTDA","JARAGUÁ - GO","GRANITO, SIENITO","Brita, Demais substâncias","Sim"
"Gerência Regional / GO","814335/1972","Requerimento de Autorização de Pesquisa","Concessão de Lavra","01.342.930/0001-96","Sucal Mineração Ltda","PEROLÂNDIA - GO","BASALTO, DOLOMITO","Brita, Demais substâncias","Sim"
"Gerência Regional / GO","860517/1998","Requerimento de Autorização de Pesquisa","Concessão de Lavra","01.440.325/0001-58","RAIO DO SOL MINERACAO LTDA","BELA VISTA DE GOIÁS - GO","ÁGUA MINERAL","Demais substâncias","Sim"
"Gerência Regional / GO","861347/2016","Requerimento de Autorização de Pesquisa","Direito de Requerer a Lavra","01.445.576/0001-25","TERRA GOYANA MINERADORA LTDA","ARENÓPOLIS - GO","ILMENITA","Industrial","Sim"
"Gerência Regional / GO","860778/1995","Requerimento de Autorização de Pesquisa","Concessão de Lavra","01.493.392/0001-30","TUCARANA INDUSTRIA E COMERCIO LTDA","JARAGUÁ - GO","ÁGUA MINERAL","Demais substâncias","Sim"
"Gerência Regional / GO","805525/1977","Requerimento de Autorização de Pesquisa","Concessão de Lavra","01.512.017/0001-90","Primavera Industria de Agua Mineral Ltda","GOIANIRA - GO","ÁGUA MINERAL","Demais substâncias","Sim"
"Gerência Regional / GO","860339/1988","Requerimento de Autorização de Pesquisa","Concessão de Lavra","01.535.210/0001-47","METAIS DE GOIAS SA METAGO","AVELINÓPOLIS - GO, SANTA BÁRBARA DE GOIÁS - GO","ILMENO MAGNETITA, MINÉRIO DE TITÂNIO","Industrial, Industrial","Sim"
"Gerência Regional / GO","860430/1997","Requerimento de Autorização de Pesquisa","Concessão de Lavra","01.551.829/0001-45","PEDREIRA IZAIRA INDUSTRIA E COMERCIO LTDA","HIDROLÂNDIA - GO","XISTO","Demais substâncias","Sim"
"Gerência Regional / GO","860465/1986","Requerimento de Autorização de Pesquisa","Concessão de Lavra","01.668.103/0001-97","OURO BRANCO MINERACAO LTDA","CALDAS NOVAS - GO","ÁGUA MINERAL","Demais substâncias","Sim"
"Gerência Regional / GO","860934/2008","Requerimento de Autorização de Pesquisa","Concessão de Lavra","01.707.025/0001-92","Formacol Areia e Cascalho Ltda","LUZIÂNIA - GO","AREIA, ARGILA, CASCALHO","Construção civil, Construção civil, Industrial","Sim"
"Gerência Regional / GO","860754/2001","Requerimento de Autorização de Pesquisa","Concessão de Lavra","01.719.007/0001-20","SAO PEDRO MINERACAO E INDUSTRIA LTDA","MIMOSO DE GOIÁS - GO, PADRE BERNARDO - GO, VILA PROPÍCIO - GO","AREIA","Construção civil","Sim"
"Gerência Regional / GO","860191/2010","Requerimento de Mudança de Regime para Aut. de Pesquisa","Concessão de Lavra","01.761.779/0001-20","BRUTUS MINERACAO LTDA","SILVÂNIA - GO","AREIA","Construção civil","Sim"
"Gerência Regional / GO","860017/2007","Requerimento de Autorização de Pesquisa","Concessão de Lavra","01.776.331/0001-80","J.L. AREIA E CASCALHO LTDA","SILVÂNIA - GO","AREIA","Construção civil","Sim"
"Gerência Regional / GO","860224/1987","Requerimento de Autorização de Pesquisa","Concessão de Lavra","01.860.177/0001-20","MINERACAO SANDE LTDA","CALDAS NOVAS - GO","ÁGUA MINERAL","Demais substâncias","Sim"
"Gerência Regional / GO","860516/1986","Requerimento de Autorização de Pesquisa","Concessão de Lavra","01.956.912/0001-02","HIDROMIGO MINERACAO LTDA","CALDAS NOVAS - GO","ÁGUA MINERAL","Demais substâncias","Sim"
"Gerência Regional / GO","860393/1993","Requerimento de Autorização de Pesquisa","Concessão de Lavra","01.958.717/0001-03","AGUA NINA INDUSTRIA DE BEBIDAS LTDA.","ANÁPOLIS - GO","ÁGUA POTÁVEL DE MESA","Industrial","Sim"
"Gerência Regional / GO","860765/1998","Requerimento de Autorização de Pesquisa","Concessão de Lavra","02.006.210/0001-12","Brita Brasília Ltda","COCALZINHO DE GOIÁS - GO","CALCÁRIO","Demais substâncias","Sim"
"Gerência Regional / GO","860317/1994","Requerimento de Lavra Garimpeira","Concessão de Lavra","02.055.243/0001-52","Evandro Quintino de Andrade","SANTA RITA DO NOVO DESTINO - GO, URUAÇU - GO","AREIA, CASCALHO","Demais substâncias, Demais substâncias","Sim"
"Gerência Regional / GO","860970/1981","Requerimento de Registro de Licença","Concessão de Lavra","02.056.554/0001-36","CALCARIO RIO VERDE MINERACAO E AGROPECUARIA LTDA","CAIAPÔNIA - GO","CALCÁRIO DOLOMÍTICO","Demais substâncias","Sim"
"Gerência Regional / GO","861595/2005","Requerimento de Autorização de Pesquisa","Concessão de Lavra","02.110.260/0001-45","JANDAIA CALCARIO AGRICOLA LTDA","JANDAIA - GO","CALCÁRIO","Industrial","Sim"
"Gerência Regional / GO","860609/1995","Requerimento de Autorização de Pesquisa","Concessão de Lavra","02.130.870/0001-00","BENUNES E BENUNES LTDA","GOIÁS - GO","CALCÁRIO DOLOMÍTICO, FOSFATO","Corretivo de solo, Demais substâncias","Sim"
"Gerência Regional / GO","860563/1986","Requerimento de Autorização de Pesquisa","Concessão de Lavra","02.142.962/0001-00","PENA MINERACAO LTDA","CALDAS NOVAS - GO","ÁGUA MINERAL","Demais substâncias","Sim"
"Gerência Regional / GO","860176/2020","Requerimento de Autorização de Pesquisa","Direito de Requerer a Lavra","02.174.951/0001-02","MINERACAO DE CALCARIO MONTIVIDIU LTDA","PIRANHAS - GO","CALCÁRIO, FOSFATO","Corretivo de solo, Fertilizantes","Sim"
"Gerência Regional / MG","860663/1986","Requerimento de Registro de Licença","Concessão de Lavra","02.204.584/0001-42","Sida Sociedade Itumbiarense de Dragagem e Areia Ltda.","CANÁPOLIS - MG, ITUMBIARA - GO","AREIA","Demais substâncias","Sim"
"Gerência Regional / GO","860239/1993","Requerimento de Autorização de Pesquisa","Concessão de Lavra","02.217.005/0001-04","D'VIDA AGUAS MINERAIS LTDA","GOIANIRA - GO","ÁGUA POTÁVEL DE MESA","Engarrafamento","Sim"
"Gerência Regional / GO","862066/2007","Requerimento de Autorização de Pesquisa","Concessão de Lavra","02.286.425/0001-34","PEDRAS DE PIRENÓPOLIS LTDA","PIRENÓPOLIS - GO","QUARTZITO","Pedra de talhe","Sim"
"Gerência Regional / GO","009357/1966","Requerimento de Autorização de Pesquisa","Concessão de Lavra","02.359.156/0001-99","RIO QUENTE MINERACAO LTDA","RIO QUENTE - GO","ÁGUAS TERMAIS","Demais substâncias","Sim"
"Gerência Regional / GO","860551/1988","Requerimento de Autorização de Pesquisa","Concessão de Lavra","02.361.598/0001-70","W B MINERADORA LTDA","CALDAS NOVAS - GO","ÁGUA MINERAL","Demais substâncias","Sim"
"Gerência Regional / GO","862008/1995","Requerimento de Autorização de Pesquisa","Concessão de Lavra","02.392.929/0001-39","IPE Industria e Comercio de Água Mineral e Refrigrerantes Ltda","HIDROLÂNDIA - GO","ÁGUA MINERAL","Demais substâncias","Sim"
"Gerência Regional / GO","860356/1998","Requerimento de Autorização de Pesquisa","Concessão de Lavra","02.522.005/0001-00","AREIA ANHANGUERA LTDA","ANHANGUERA - GO, CUMARI - GO","AREIA","Construção civil","Sim"
"Gerência Regional / GO","860525/1995","Requerimento de Registro de Licença","Concessão de Lavra","02.544.294/0001-48","Bueno e Teles Ltda","BURITI DE GOIÁS - GO","QUARTZITO","Demais substâncias","Sim"
"Gerência Regional / GO","811652/1975","Requerimento de Autorização de Pesquisa","Concessão de Lavra","02.683.365/0001-93","BRASIL MINERIOS S/A","SÃO LUÍS DE MONTES BELOS - GO","VERMICULITA","Demais substâncias","Sim"
"Gerência Regional / GO","860286/1989","Requerimento de Autorização de Pesquisa","Concessão de Lavra","02.785.798/0001-50","ITACUA INDUSTRIA E COMERCIO DE MINERIOS LTDA","MOSSÂMEDES - GO","CALCÁRIO, CALCÁRIO","Brita, Demais substâncias","Sim"
"Gerência Regional / GO","860782/2002","Requerimento de Autorização de Pesquisa","Concessão de Lavra","02.787.125/0001-39","PIRECAL PIRENOPOLIS CALCARIO LTDA","GUARANI DE GOIÁS - GO","CALCÁRIO DOLOMÍTICO, DOLOMITO, DOLOMITO","Corretivo de solo, Corretivo de solo, Industrial","Sim"
"Gerência Regional / GO","860792/2005","Requerimento de Autorização de Pesquisa","Concessão de Lavra","02.802.569/0001-04","CERAMICA CATALAO EIRELI","CUMARI - GO","AREIA, ARGILA, DIAMANTE INDUSTRIAL","Cerâmica vermelha, Construção civil, Industrial","Sim"
"Gerência Regional / GO","860999/1988","Requerimento de Autorização de Pesquisa","Direito de Requerer a Lavra","02.840.072/0001-72","MIBASA MINERADORA BARRO ALTO LTDA","FAINA - GO","CALCÁRIO","Demais substâncias","Sim"
"Gerência Regional / GO","860970/2001","Requerimento de Autorização de Pesquisa","Concessão de Lavra","03.007.590/0001-72","BRITAGO MINERACAO INDUSTRIA E COMERCIO LTDA","AVELINÓPOLIS - GO","DIORITO","Brita","Sim"
"Gerência Regional / GO","860003/2005","Requerimento de Autorização de Pesquisa","Concessão de Lavra","03.250.862/0001-60","A. R. T. AREIAS RIO TESOURAS LTDA","MOZARLÂNDIA - GO, NOVA CRIXÁS - GO","AREIA, CASCALHO","Construção civil, Construção civil","Sim"
"Gerência Regional / GO","860361/2002","Requerimento de Autorização de Pesquisa","Concessão de Lavra","03.297.900/0001-30","AGUAS DE CALDAS-NOVAS COLONIA DO SESC LTDA","JATAÍ - GO","ÁGUA MINERAL","Balneoterapia","Sim"
"Gerência Regional / GO","861105/1988","Requerimento de Autorização de Pesquisa","Concessão de Lavra","03.299.740/0001-69","SOMA EMPRESA DE MINERACAO LTDA","CALDAS NOVAS - GO","ÁGUA MINERAL","Demais substâncias","Sim"
"Gerência Regional / GO","861344/2004","Requerimento de Autorização de Pesquisa","Concessão de Lavra","03.417.227/0001-25","TARCAL TRANSPORTES E MATERIAL DE CONSTRUCAO LTDA","SANTA CRUZ DE GOIÁS - GO","AREIA","Construção civil","Sim"
"Gerência Regional / GO","860235/2008","Requerimento de Autorização de Pesquisa","Concessão de Lavra","03.702.149/0001-00","RIBEIRO PAIVA AREIA EIRELI","RIO VERDE - GO","AREIA, CASCALHO, DIAMANTE","Construção civil, Construção civil, Industrial","Sim"
"Gerência Regional / GO","860841/1981","Requerimento de Autorização de Pesquisa","Concessão de Lavra","03.726.817/0001-30","JALIM MINERACAO LTDA","CALDAS NOVAS - GO","ÁGUA MINERAL","Balneoterapia","Sim"
"Gerência Regional / GO","861681/1985","Requerimento de Autorização de Pesquisa","Concessão de Lavra","03.764.875/0001-58","AURIFERA NOVA ROMA LTDA","SÃO JOÃO DA PARAÚNA - GO","OURO","Demais substâncias","Sim"
"Gerência Regional / GO","860023/1998","Requerimento de Autorização de Pesquisa","Concessão de Lavra","05.452.826/0001-05","SOLO E TETO CONSTRUTORA E INCORPORADORA LTDA","PIRES DO RIO - GO","AREIA, CASCALHO","Demais substâncias, Demais substâncias","Sim"
"Gerência Regional / GO","010671/1967","Requerimento de Autorização de Pesquisa","Concessão de Lavra","15.104.599/0001-80","SAMA S.A. - MINERACOES ASSOCIADAS EM RECUPERACAO JUDICIAL","MINAÇU - GO","AMIANTO","Demais substâncias","Sim"
"Gerência Regional / GO","860415/2017","Requerimento de Autorização de Pesquisa","Concessão de Lavra","17.064.304/0001-15","PORTO MIRANDA LTDA","GOIANDIRA - GO, NOVA AURORA - GO","AREIA, CASCALHO","Construção civil, Construção civil","Sim"
"Gerência Regional / GO","862090/1995","Requerimento de Autorização de Pesquisa","Concessão de Lavra","18.424.895/0001-57","MINASGOIAS MINERACAO BERGAMO LTDA","ITUMBIARA - GO","AREIA","Demais substâncias","Sim"
"Gerência Regional / GO","862621/1980","Requerimento de Autorização de Pesquisa","Concessão de Lavra","24.877.573/0001-66","MINERADORA ARCADAS LTDA","CALDAS NOVAS - GO","ÁGUA MINERAL","Balneoterapia","Sim"
"Gerência Regional / GO","860544/2009","Requerimento de Autorização de Pesquisa","Concessão de Lavra","26.949.545/0001-32","DRAGA BATISTA RAMOS LTDA","SILVÂNIA - GO","AREIA","Construção civil","Sim"
"Gerência Regional / GO","861133/1989","Requerimento de Autorização de Pesquisa","Concessão de Lavra","30.056.295/0001-89","CAMPING CLUBE TURISMO AGENCIA DE VIAGENS LTDA","CALDAS NOVAS - GO","ÁGUA MINERAL","Demais substâncias","Sim"
"Gerência Regional / GO","861385/1992","Requerimento de Autorização de Pesquisa","Concessão de Lavra","32.440.901/0001-90","CAJUGRAM GRANITOS E MARMORES DO BRASIL LTDA","FAZENDA NOVA - GO, JUSSARA - GO","GRANITO","Demais substâncias","Sim"
"Gerência Regional / GO","860083/1989","Requerimento de Autorização de Pesquisa","Concessão de Lavra","33.554.452/0001-74","Titanio Goiás Mineração Ind. e Com. Ltda","SANTA BÁRBARA DE GOIÁS - GO","MINÉRIO DE FERRO, TITÂNIO","Demais substâncias, Demais substâncias","Sim"
"Gerência Regional / GO","860082/1989","Requerimento de Autorização de Pesquisa","Concessão de Lavra","33.554.452/0001-74","Titanio Goiás Mineração Ind. e Com. Ltda","AVELINÓPOLIS - GO, NAZÁRIO - GO, SANTA BÁRBARA DE GOIÁS - GO","MINÉRIO DE TITÂNIO","Demais substâncias","Sim"
"Gerência Regional / GO","860939/1995","Requerimento de Autorização de Pesquisa","Concessão de Lavra","33.554.452/0001-74","Titanio Goiás Mineração Ind. e Com. Ltda","IPORÁ - GO","MINÉRIO DE TITÂNIO","Demais substâncias","Sim"
"Gerência Regional / GO","862127/2011","Requerimento de Disponibilidade para pesquisa","Direito de Requerer a Lavra","33.624.438/0001-08","SETA MINERACAO LTDA","JATAÍ - GO","AREIA, DIAMANTE","Construção civil, Industrial","Sim"
"Gerência Regional / GO","861658/2010","Requerimento de Autorização de Pesquisa","Direito de Requerer a Lavra","33.624.438/0001-08","SETA MINERACAO LTDA","CAÇU - GO, SÃO SIMÃO - GO","AREIA, DIAMANTE","Construção civil, Industrial","Sim"
"Gerência Regional / GO","860659/1990","Requerimento de Registro de Licença","Concessão de Lavra","33.624.438/0001-08","SETA MINERACAO LTDA","SANTA VITÓRIA - MG, SÃO SIMÃO - GO","AREIA","Demais substâncias","Sim"
"Gerência Regional / GO","860658/1990","Requerimento de Registro de Licença","Concessão de Lavra","33.624.438/0001-08","SETA MINERACAO LTDA","SANTA VITÓRIA - MG, SÃO SIMÃO - GO","AREIA","Demais substâncias","Sim"
"Gerência Regional / GO","860556/2003","Requerimento de Autorização de Pesquisa","Concessão de Lavra","33.624.438/0001-08","SETA MINERACAO LTDA","CAÇU - GO, SÃO SIMÃO - GO","AREIA, CASCALHO","Construção civil, Construção civil","Sim"
"Gerência Regional / GO","860150/1997","Requerimento de Registro de Licença","Concessão de Lavra","33.624.438/0001-08","SETA MINERACAO LTDA","SANTA VITÓRIA - MG, SÃO SIMÃO - GO","AREIA","Demais substâncias","Sim"
"Gerência Regional / GO","860127/2011","Requerimento de Disponibilidade para pesquisa","Direito de Requerer a Lavra","33.624.438/0001-08","SETA MINERACAO LTDA","BOM JESUS DE GOIÁS - GO, GOUVELÂNDIA - GO","AREIA, DIAMANTE","Construção civil, Industrial","Sim"
"Gerência Regional / GO","860002/2018","Requerimento de Autorização de Pesquisa","Concessão de Lavra","33.624.438/0001-08","SETA MINERACAO LTDA","JATAÍ - GO, RIO VERDE - GO","AREIA","Construção civil","Sim"
"Gerência Regional / GO","807524/1977","Requerimento de Autorização de Pesquisa","Concessão de Lavra","33.931.486/0014-55","MOSAIC FERTILIZANTES P&K LTDA.","CATALÃO - GO, OUVIDOR - GO","FOSFATO","Demais substâncias","Sim"
"Gerência Regional / GO","802161/1978","Requerimento de Autorização de Pesquisa","Concessão de Lavra","33.931.486/0014-55","MOSAIC FERTILIZANTES P&K LTDA.","CATALÃO - GO","FOSFATO, TERRAS RARAS","Demais substâncias, Fertilizantes","Sim"
"Gerência Regional / GO","801562/1968","Requerimento de Autorização de Pesquisa","Concessão de Lavra","33.931.486/0014-55","MOSAIC FERTILIZANTES P&K LTDA.","OUVIDOR - GO","FOSFATO, MINÉRIO DE FERRO, MINÉRIO DE TITÂNIO, PIROCLORO, TITÂNIO","Demais substâncias, Demais substâncias, Fertilizantes, Industrial, Industrial","Sim"
"Gerência Regional / GO","009291/1967","Requerimento de Autorização de Pesquisa","Concessão de Lavra","33.931.486/0014-55","MOSAIC FERTILIZANTES P&K LTDA.","CATALÃO - GO, OUVIDOR - GO","APATITA, BARITA, MINÉRIO DE FERRO, MINÉRIO DE NIÓBIO, VERMICULITA","Industrial, Industrial, Industrial, Industrial, Industrial","Sim"
"Gerência Regional / GO","861100/1981","Requerimento de Autorização de Pesquisa","Concessão de Lavra","33.931.486/0014-55","MOSAIC FERTILIZANTES P&K LTDA.","CATALÃO - GO, OUVIDOR - GO","FOSFATO","Demais substâncias","Sim"
"Gerência Regional / GO","860000/1980","Requerimento de Autorização de Pesquisa","Direito de Requerer a Lavra","33.931.486/0014-55","MOSAIC FERTILIZANTES P&K LTDA.","OUVIDOR - GO","TITÂNIO","Demais substâncias","Sim"
"Gerência Regional / GO","860358/2012","Requerimento de Cessão parcial","Concessão de Lavra","36.829.356/0001-80","CATALANA IND E COM DE ARTEFATOS DE CIMENTO E CONST LTDA","CUMARI - GO, NOVA AURORA - GO","AREIA, CASCALHO","Construção civil, Construção civil","Sim"
"Gerência Regional / GO","860357/2012","Requerimento de Cessão parcial","Concessão de Lavra","36.829.356/0001-80","CATALANA IND E COM DE ARTEFATOS DE CIMENTO E CONST LTDA","CUMARI - GO, NOVA AURORA - GO","AREIA, CASCALHO","Construção civil, Construção civil","Sim"
"Gerência Regional / GO","860356/2012","Requerimento de Cessão parcial","Concessão de Lavra","36.829.356/0001-80","CATALANA IND E COM DE ARTEFATOS DE CIMENTO E CONST LTDA","CUMARI - GO, GOIANDIRA - GO, NOVA AURORA - GO","AREIA, CASCALHO","Construção civil, Construção civil","Sim"
"Gerência Regional / GO","861426/2007","Requerimento de Autorização de Pesquisa","Concessão de Lavra","36.829.356/0001-80","CATALANA IND E COM DE ARTEFATOS DE CIMENTO E CONST LTDA","CORUMBAÍBA - GO, CUMARI - GO, NOVA AURORA - GO","AREIA, CASCALHO, DIAMANTE, DIAMANTE","Construção civil, Construção civil, Gema, Industrial","Sim"
"Gerência Regional / GO","861092/2007","Requerimento de Autorização de Pesquisa","Concessão de Lavra","36.847.747/0001-27","V. P. DA SILVA AGROMAX - AGROPECUARIA","SILVÂNIA - GO","AREIA","Construção civil","Sim"
"Gerência Regional / GO","861114/2012","Requerimento de Autorização de Pesquisa","Autorização de Pesquisa","37.111.010/0001-04","BRACAL MINERACAO LTDA","FORMOSA - GO, PLANALTINA - GO","MINÉRIO DE MANGANÊS","Industrial","Sim"
"Gerência Regional / GO","860878/2001","Requerimento de Autorização de Pesquisa","Concessão de Lavra","37.588.415/0001-38","MINERACAO PIRINEUS LTDA","COCALZINHO DE GOIÁS - GO, VILA PROPÍCIO - GO","DOLOMITO","Demais substâncias","Sim"
"Gerência Regional / GO","860806/2006","Requerimento de Autorização de Pesquisa","Concessão de Lavra","37.588.415/0001-38","MINERACAO PIRINEUS LTDA","PADRE BERNARDO - GO","CALCÁRIO, MÁRMORE","Fabricação de cimento, Revestimento","Sim"
"Gerência Regional / GO","860794/1995","Requerimento de Autorização de Pesquisa","Concessão de Lavra","37.588.415/0001-38","MINERACAO PIRINEUS LTDA","VILA PROPÍCIO - GO","CALCÁRIO, DOLOMITO","Corretivo de solo, Industrial","Sim"
"Gerência Regional / GO","861207/1996","Requerimento de Autorização de Pesquisa","Concessão de Lavra","37.588.415/0001-38","MINERACAO PIRINEUS LTDA","VILA PROPÍCIO - GO","DOLOMITO","Demais substâncias","Sim"
"Gerência Regional / GO","861438/2016","Requerimento de Autorização de Pesquisa","Direito de Requerer a Lavra","37.878.162/0001-37","BRITENG BRITAGEM E CONSTRUCOES LTDA","APARECIDA DE GOIÂNIA - GO, GOIÂNIA - GO","GNAISSE, SAIBRO, XISTO","Brita, Construção civil, Revestimento","Sim"
"Gerência Regional / GO","863474/1996","Requerimento de Autorização de Pesquisa","Concessão de Lavra","37.883.097/0001-38","CALCARIO OURO BRANCO LTDA","INDIARA - GO","CALCÁRIO, MÁRMORE","Corretivo de solo, Demais substâncias","Sim"
"Gerência Regional / GO","861303/2006","Requerimento de Autorização de Pesquisa","Concessão de Lavra","37.883.097/0001-38","CALCARIO OURO BRANCO LTDA","INDIARA - GO","CALCÁRIO","Fabricação de cal","Sim"
"Gerência Regional / GO","860877/1997","Requerimento de Autorização de Pesquisa","Concessão de Lavra","37.883.097/0001-38","CALCARIO OURO BRANCO LTDA","INDIARA - GO","CALCÁRIO DOLOMÍTICO","Demais substâncias","Sim"
"Gerência Regional / GO","860186/2000","Requerimento de Autorização de Pesquisa","Concessão de Lavra","37.883.097/0001-38","CALCARIO OURO BRANCO LTDA","INDIARA - GO","CALCÁRIO DOLOMÍTICO","Demais substâncias","Sim"
"Gerência Regional / GO","860173/1991","Requerimento de Autorização de Pesquisa","Concessão de Lavra","37.883.097/0001-38","CALCARIO OURO BRANCO LTDA","INDIARA - GO","CALCÁRIO","Demais substâncias","Sim"
"Gerência Regional / GO","860072/1990","Requerimento de Autorização de Pesquisa","Concessão de Lavra","37.883.097/0001-38","CALCARIO OURO BRANCO LTDA","INDIARA - GO","CALCÁRIO","Industrial","Sim"
"Gerência Regional / GO","860007/1994","Requerimento de Autorização de Pesquisa","Concessão de Lavra","37.883.097/0001-38","CALCARIO OURO BRANCO LTDA","CEZARINA - GO, INDIARA - GO","CALCÁRIO","Demais substâncias","Sim"
"Gerência Regional / GO","861350/2016","Requerimento de Autorização de Pesquisa","Concessão de Lavra","39.282.298/0001-05","MINERACAO CORCOVADO DE MINAS LTDA","NOVA ROMA - GO","ILMENITA, MÁRMORE","Industrial, Revestimento","Sim"
"Gerência Regional / GO","861326/2003","Requerimento de Autorização de Pesquisa","Concessão de Lavra","39.282.298/0001-05","MINERACAO CORCOVADO DE MINAS LTDA","NOVA ROMA - GO","CONGLOMERADO, MINÉRIO DE TITÂNIO, QUARTZITO","Industrial, Revestimento, Revestimento","Sim"
"Gerência Regional / GO","861324/2016","Requerimento de Autorização de Pesquisa","Direito de Requerer a Lavra","39.282.298/0001-05","MINERACAO CORCOVADO DE MINAS LTDA","CAMPINAÇU - GO","MÁRMORE","Revestimento","Sim"
"Gerência Regional / GO","860352/2019","Requerimento de Disponibilidade para pesquisa","Direito de Requerer a Lavra","39.282.298/0001-05","MINERACAO CORCOVADO DE MINAS LTDA","IACIARA - GO","CALCÁRIO, CALCÁRIO, CALCÁRIO, CALCÁRIO, FOSFATO","Brita, Fabricação de cal, Fabricação de cimento, Fertilizantes, Revestimento","Sim"
"Gerência Regional / GO","860351/2019","Requerimento de Disponibilidade para pesquisa","Direito de Requerer a Lavra","39.282.298/0001-05","MINERACAO CORCOVADO DE MINAS LTDA","IACIARA - GO","CALCÁRIO, CALCÁRIO, CALCÁRIO, CALCÁRIO, FOSFATO","Brita, Corretivo de solo, Fabricação de cal, Fabricação de cimento, Fertilizantes","Sim"
"Gerência Regional / GO","860350/2019","Requerimento de Disponibilidade para pesquisa","Direito de Requerer a Lavra","39.282.298/0001-05","MINERACAO CORCOVADO DE MINAS LTDA","NOVA ROMA - GO","CALCÁRIO, CALCÁRIO, CALCÁRIO, CALCÁRIO, FOSFATO","Brita, Corretivo de solo, Fabricação de cal, Fabricação de cimento, Fertilizantes","Sim"
"Gerência Regional / GO","862208/2005","Requerimento de Autorização de Pesquisa","Concessão de Lavra","42.184.226/0019-69","ANGLO AMERICAN NIQUEL BRASIL LTDA","BARRO ALTO - GO","MINÉRIO DE NÍQUEL","Metalurgia","Sim"
"Gerência Regional / GO","862207/2005","Requerimento de Autorização de Pesquisa","Concessão de Lavra","42.184.226/0019-69","ANGLO AMERICAN NIQUEL BRASIL LTDA","BARRO ALTO - GO","MINÉRIO DE NÍQUEL","Metalurgia","Sim"
"Gerência Regional / GO","861168/2005","Requerimento de Autorização de Pesquisa","Concessão de Lavra","42.184.226/0019-69","ANGLO AMERICAN NIQUEL BRASIL LTDA","BARRO ALTO - GO","MINÉRIO DE NÍQUEL","Metalurgia","Sim"
"Gerência Regional / GO","860751/2005","Requerimento de Autorização de Pesquisa","Concessão de Lavra","42.184.226/0019-69","ANGLO AMERICAN NIQUEL BRASIL LTDA","BARRO ALTO - GO","MINÉRIO DE NÍQUEL","Metalurgia","Sim"
"Gerência Regional / GO","860526/2010","Requerimento de Disponibilidade para pesquisa","Concessão de Lavra","42.184.226/0019-69","ANGLO AMERICAN NIQUEL BRASIL LTDA","BARRO ALTO - GO","MINÉRIO DE NÍQUEL","Industrial","Sim"
"Gerência Regional / GO","860519/2010","Requerimento de Disponibilidade para pesquisa","Concessão de Lavra","42.184.226/0019-69","ANGLO AMERICAN NIQUEL BRASIL LTDA","BARRO ALTO - GO","MINÉRIO DE NÍQUEL","Industrial","Sim"
"Gerência Regional / GO","860510/2000","Requerimento de Autorização de Pesquisa","Concessão de Lavra","42.184.226/0019-69","ANGLO AMERICAN NIQUEL BRASIL LTDA","NIQUELÂNDIA - GO","MINÉRIO DE NÍQUEL","Metalurgia","Sim"
"Gerência Regional / GO","860359/1999","Requerimento de Autorização de Pesquisa","Concessão de Lavra","42.184.226/0019-69","ANGLO AMERICAN NIQUEL BRASIL LTDA","BARRO ALTO - GO","NÍQUEL","Demais substâncias","Sim"
"Gerência Regional / GO","808745/1968","Requerimento de Autorização de Pesquisa","Concessão de Lavra","42.184.226/0019-69","ANGLO AMERICAN NIQUEL BRASIL LTDA","BARRO ALTO - GO","MINÉRIO DE NÍQUEL","Demais substâncias","Sim"
"Gerência Regional / GO","008120/1966","Requerimento de Autorização de Pesquisa","Concessão de Lavra","42.184.226/0019-69","ANGLO AMERICAN NIQUEL BRASIL LTDA","NIQUELÂNDIA - GO","NÍQUEL","Demais substâncias","Sim"
"Gerência Regional / GO","000491/1967","Requerimento de Autorização de Pesquisa","Concessão de Lavra","42.184.226/0019-69","ANGLO AMERICAN NIQUEL BRASIL LTDA","NIQUELÂNDIA - GO","NÍQUEL","Demais substâncias","Sim"
"Gerência Regional / GO","860824/1979","Requerimento de Autorização de Pesquisa","Concessão de Lavra","42.445.403/0001-94","MINERACAO SERRA GRANDE S A","CRIXÁS - GO","OURO","Demais substâncias","Sim"
"Gerência Regional / GO","860746/2005","Requerimento de Autorização de Pesquisa","Concessão de Lavra","42.445.403/0001-94","MINERACAO SERRA GRANDE S A","CRIXÁS - GO","MINÉRIO DE OURO, MINÉRIO DE PRATA","Industrial, Industrial","Sim"
"Gerência Regional / GO","860352/1979","Requerimento de Autorização de Pesquisa","Concessão de Lavra","42.445.403/0001-94","MINERACAO SERRA GRANDE S A","CRIXÁS - GO","OURO","Demais substâncias","Sim"
"Gerência Regional / GO","804366/1975","Requerimento de Autorização de Pesquisa","Concessão de Lavra","42.445.403/0001-94","MINERACAO SERRA GRANDE S A","CRIXÁS - GO","CIANITA, MINÉRIO DE OURO, MINÉRIO DE PRATA","Demais substâncias, Industrial, Industrial","Sim"
"Gerência Regional / GO","002286/1935","Requerimento de Manifesto de Mina","Concessão de Lavra","42.445.403/0001-94","MINERACAO SERRA GRANDE S A","CRIXÁS - GO","OURO","Demais substâncias","Sim"
"Gerência Regional / GO","861241/1980","Requerimento de Autorização de Pesquisa","Concessão de Lavra","42.799.486/0001-10","AMARILLO MINERACAO DO BRASIL LTDA","MARA ROSA - GO","OURO","Demais substâncias","Sim"
"Gerência Regional / GO","860952/1980","Requerimento de Autorização de Pesquisa","Concessão de Lavra","42.799.486/0001-10","AMARILLO MINERACAO DO BRASIL LTDA","MARA ROSA - GO","OURO","Demais substâncias","Sim"
"Gerência Regional / GO","860403/2013","Requerimento de Disponibilidade para pesquisa","Autorização de Pesquisa","42.799.486/0001-10","AMARILLO MINERACAO DO BRASIL LTDA","ESTRELA DO NORTE - GO, MARA ROSA - GO","MINÉRIO DE OURO","Industrial","Sim"
"Gerência Regional / GO","860831/2001","Requerimento de Autorização de Pesquisa","Concessão de Lavra","50.221.019/0001-36","HNK BR INDUSTRIA DE BEBIDAS LTDA.","ALEXÂNIA - GO","ÁGUA MINERAL","Industrial","Sim"
"Gerência Regional / GO","803300/1977","Requerimento de Autorização de Pesquisa","Concessão de Lavra","60.869.336/0001-17","CSN CIMENTOS BRASIL S.A.","COCALZINHO DE GOIÁS - GO","CALCÁRIO","Demais substâncias","Sim"
"Gerência Regional / GO","861218/1979","Requerimento de Autorização de Pesquisa","Concessão de Lavra","60.869.336/0001-17","CSN CIMENTOS BRASIL S.A.","COCALZINHO DE GOIÁS - GO","CALCÁRIO, CALCÁRIO DOLOMÍTICO","Demais substâncias, Demais substâncias","Sim"
"Gerência Regional / GO","861116/1989","Requerimento de Autorização de Pesquisa","Concessão de Lavra","60.869.336/0001-17","CSN CIMENTOS BRASIL S.A.","COCALZINHO DE GOIÁS - GO","ARGILA, LATERITA","Fabricação de cimento, Fabricação de cimento","Sim"
"Gerência Regional / GO","860916/1982","Requerimento de Autorização de Pesquisa","Concessão de Lavra","60.869.336/0001-17","CSN CIMENTOS BRASIL S.A.","COCALZINHO DE GOIÁS - GO","CALCÁRIO","Demais substâncias","Sim"
"Gerência Regional / GO","861979/2005","Requerimento de Autorização de Pesquisa","Concessão de Lavra","61.409.892/0001-73","COMPANHIA BRASILEIRA DE ALUMINIO","BARRO ALTO - GO, SANTA RITA DO NOVO DESTINO - GO","MINÉRIO DE ALUMÍNIO","Demais substâncias","Sim"
"Gerência Regional / GO","861084/2006","Requerimento de Autorização de Pesquisa","Direito de Requerer a Lavra","61.409.892/0001-73","COMPANHIA BRASILEIRA DE ALUMINIO","MONTES CLAROS DE GOIÁS - GO","MINÉRIO DE NÍQUEL","Industrial","Sim"
"Gerência Regional / GO","803988/1975","Requerimento de Autorização de Pesquisa","Concessão de Lavra","62.258.884/0001-36","INTERCEMENT BRASIL S/A - EM RECUPERACAO JUDICIAL","CEZARINA - GO","CALCÁRIO","Demais substâncias","Sim"
"Gerência Regional / GO","861105/2001","Requerimento de Autorização de Pesquisa","Concessão de Lavra","62.258.884/0001-36","INTERCEMENT BRASIL S/A - EM RECUPERACAO JUDICIAL","CEZARINA - GO","GRANITO","Industrial","Sim"
"Gerência Regional / GO","861065/2000","Requerimento de Autorização de Pesquisa","Concessão de Lavra","62.258.884/0001-36","INTERCEMENT BRASIL S/A - EM RECUPERACAO JUDICIAL","CEZARINA - GO","CALCÁRIO","Industrial","Sim"
"Gerência Regional / GO","860915/1999","Requerimento de Autorização de Pesquisa","Concessão de Lavra","62.258.884/0001-36","INTERCEMENT BRASIL S/A - EM RECUPERACAO JUDICIAL","VICENTINÓPOLIS - GO","ARGILA, MINÉRIO DE FERRO","Demais substâncias, Demais substâncias","Sim"
"Gerência Regional / GO","860904/2003","Requerimento de Autorização de Pesquisa","Concessão de Lavra","62.258.884/0001-36","INTERCEMENT BRASIL S/A - EM RECUPERACAO JUDICIAL","CEZARINA - GO","CALCÁRIO","Industrial","Sim"
"Gerência Regional / GO","861444/2012","Requerimento de Cessão parcial","Direito de Requerer a Lavra","81.244.253/0001-02","Areial do Vale Ltda","CRISTALINA - GO","AREIA, MINÉRIO DE OURO","Construção civil, Industrial","Sim"
"Gerência Regional / GO","861443/2012","Requerimento de Cessão parcial","Direito de Requerer a Lavra","81.244.253/0001-02","Areial do Vale Ltda","CRISTALINA - GO","AREIA","Construção civil","Sim"
"Gerência Regional / GO","861441/2012","Requerimento de Cessão parcial","Direito de Requerer a Lavra","81.244.253/0001-02","Areial do Vale Ltda","CRISTALINA - GO","AREIA","Construção civil","Sim"
"Gerência Regional / GO","861440/2012","Requerimento de Cessão parcial","Direito de Requerer a Lavra","81.244.253/0001-02","Areial do Vale Ltda","CRISTALINA - GO","AREIA","Construção civil","Sim"
"Gerência Regional / GO","861439/2012","Requerimento de Cessão parcial","Direito de Requerer a Lavra","81.244.253/0001-02","Areial do Vale Ltda","CRISTALINA - GO","AREIA","Construção civil","Sim"
"Gerência Regional / GO","861438/2012","Requerimento de Cessão parcial","Direito de Requerer a Lavra","81.244.253/0001-02","Areial do Vale Ltda","CRISTALINA - GO","AREIA, MINÉRIO DE OURO","Construção civil, Industrial","Sim"
"Gerência Regional / GO","860931/1994","Requerimento de Autorização de Pesquisa","Concessão de Lavra","86.902.053/0001-13","MINERACAO MARACA INDUSTRIA E COMERCIO S/A","ALTO HORIZONTE - GO","MINÉRIO DE COBRE, MINÉRIO DE OURO","Demais substâncias, Demais substâncias","Sim"
"Gerência Regional / GO","860595/2009","Requerimento de Disponibilidade para pesquisa","Concessão de Lavra","86.902.053/0001-13","MINERACAO MARACA INDUSTRIA E COMERCIO S/A","ALTO HORIZONTE - GO","MINÉRIO DE OURO","Industrial","Sim"
"Gerência Regional / GO","860273/2003","Requerimento de Autorização de Pesquisa","Concessão de Lavra","86.902.053/0001-13","MINERACAO MARACA INDUSTRIA E COMERCIO S/A","ALTO HORIZONTE - GO, NOVA IGUAÇU DE GOIÁS - GO, PILAR DE GOIÁS - GO","MINÉRIO DE COBRE, MINÉRIO DE OURO, MINÉRIO DE PRATA","Industrial, Industrial, Industrial","Sim"
"Gerência Regional / GO","860938/2016","Requerimento de Cessão parcial","Direito de Requerer a Lavra","33.328.063/0001-20","Mineração Mozondó Ltda","MIMOSO DE GOIÁS - GO","CALCÁRIO","Fabricação de cal","Sim"
"Gerência Regional / GO","860407/1999","Requerimento de Autorização de Pesquisa","Concessão de Lavra","33.554.452/0001-74","Titanio Goiás Mineração Ind. e Com. Ltda","ISRAELÂNDIA - GO","MINÉRIO DE TITÂNIO","Demais substâncias","Sim"
"Gerência Regional / GO","860323/2007","Requerimento de Autorização de Pesquisa","Concessão de Lavra","33.588.328/0001-20","FORNECEDORA SILVANIA DE AREIA LTDA","SILVÂNIA - GO","AREIA","Construção civil","Sim"
"Gerência Regional / GO","861404/2007","Requerimento de Autorização de Pesquisa","Direito de Requerer a Lavra","36.829.356/0001-80","CATALANA IND E COM DE ARTEFATOS DE CIMENTO E CONST LTDA","CUMARI - GO","DIAMANTE INDUSTRIAL","Industrial","Sim"
"Gerência Regional / GO","861629/2010","Requerimento de Mudança de Regime para Aut. de Pesquisa","Concessão de Lavra","36.843.985/0001-64","BRICCAL INDUSTRIA COMERCIO E MINERACAO LTDA","PADRE BERNARDO - GO","CALCÁRIO, CALCÁRIO","Brita, Corretivo de solo","Sim"
"Gerência Regional / GO","861658/2021","Requerimento de Autorização de Pesquisa","Direito de Requerer a Lavra","36.847.747/0001-27","V. P. DA SILVA AGROMAX - AGROPECUARIA","SILVÂNIA - GO","AREIA","Construção civil","Sim"
"Gerência Regional / GO","860923/2001","Requerimento de Autorização de Pesquisa","Concessão de Lavra","37.588.415/0001-38","MINERACAO PIRINEUS LTDA","VILA PROPÍCIO - GO","DOLOMITO","Demais substâncias","Sim"
"Gerência Regional / GO","861205/1985","Requerimento de Autorização de Pesquisa","Concessão de Lavra","37.665.643/0001-64","SONHO DOURADO MINERACAO LTDA","CALDAS NOVAS - GO","ÁGUA MINERAL","Balneoterapia","Sim"
"Gerência Regional / GO","862117/1994","Requerimento de Autorização de Pesquisa","Concessão de Lavra","37.878.162/0001-37","BRITENG BRITAGEM E CONSTRUCOES LTDA","APARECIDA DE GOIÂNIA - GO","MICAXISTO","Demais substâncias","Sim"
"Gerência Regional / GO","863475/1996","Requerimento de Autorização de Pesquisa","Concessão de Lavra","37.883.097/0001-38","CALCARIO OURO BRANCO LTDA","INDIARA - GO","CALCÁRIO, MÁRMORE","Corretivo de solo, Demais substâncias","Sim"
"Gerência Regional / GO","860619/2001","Requerimento de Autorização de Pesquisa","Concessão de Lavra","38.046.421/0001-26","AZ CONSTRUTORA E COMÉRCIO LTDA","MIMOSO DE GOIÁS - GO, PADRE BERNARDO - GO","AREIA","Construção civil","Sim"
"Gerência Regional / GO","960146/2003","Requerimento de Grupamento Mineiro","Concessão de Lavra","42.184.226/0019-69","ANGLO AMERICAN NIQUEL BRASIL LTDA","BARRO ALTO - GO, SANTA RITA DO NOVO DESTINO - GO","MINÉRIO DE NÍQUEL","Demais substâncias","Sim"
"Gerência Regional / GO","862103/1994","Requerimento de Autorização de Pesquisa","Concessão de Lavra","42.445.403/0001-94","MINERACAO SERRA GRANDE S A","CRIXÁS - GO","MINÉRIO DE OURO, MINÉRIO DE OURO","Demais substâncias, Industrial","Sim"
"Gerência Regional / GO","862000/1984","Requerimento de Autorização de Pesquisa","Concessão de Lavra","42.799.486/0001-10","AMARILLO MINERACAO DO BRASIL LTDA","MARA ROSA - GO","OURO","Demais substâncias","Sim"
"Gerência Regional / GO","860440/2003","Requerimento de Autorização de Pesquisa","Concessão de Lavra","50.170.281/0012-51","PEDREIRA ANHANGUERA S.A. - EMPRESA DE MINERAÇÃO","GOIANIRA - GO","GRANITO, GRANITO","Brita, Pedra decorativa","Sim"
"Gerência Regional / GO","861123/2010","Requerimento de Cessão parcial","Direito de Requerer a Lavra","57.633.521/0001-01","Minerpal Mineração e Comércio Ltda","GOIÁS - GO","AREIA, CASCALHO","Construção civil, Construção civil","Sim"
"Gerência Regional / GO","860557/2014","Requerimento de Autorização de Pesquisa","Direito de Requerer a Lavra","77.955.532/0001-07","CONSTRUTORA TRIUNFO S/A - EM RECUPERACAO JUDICIAL","MORRINHOS - GO","BASALTO","Revestimento","Sim"
"Gerência Regional / GO","808923/1974","Requerimento de Autorização de Pesquisa","Concessão de Lavra","86.902.053/0001-13","MINERACAO MARACA INDUSTRIA E COMERCIO S/A","ALTO HORIZONTE - GO, NOVA IGUAÇU DE GOIÁS - GO","COBRE, MINÉRIO DE OURO, MINÉRIO DE PRATA","Demais substâncias, Industrial, Industrial","Sim"
"Gerência Regional / GO","860665/1985","Requerimento de Autorização de Pesquisa","Concessão de Lavra","***.063.471-**","JIBRAN EL HADJ","COCALZINHO DE GOIÁS - GO, CORUMBÁ DE GOIÁS - GO","OURO, QUARTZO","Demais substâncias, Demais substâncias","Sim"
"Gerência Regional / GO","860362/2015","Requerimento de Autorização de Pesquisa","Direito de Requerer a Lavra","***.163.301-**","OSVALDO MOREIRA DE LIMA","DIVINÓPOLIS DE GOIÁS - GO","CALCÁRIO, FOSFATO","Fabricação de cimento, Fertilizantes","Sim"
"Gerência Regional / GO","860360/2015","Requerimento de Autorização de Pesquisa","Autorização de Pesquisa","***.163.301-**","OSVALDO MOREIRA DE LIMA","MONTE ALEGRE DE GOIÁS - GO","CALCÁRIO, FOSFATO","Fabricação de cimento, Fertilizantes","Sim"
"Gerência Regional / GO","860401/2016","Requerimento de Autorização de Pesquisa","Direito de Requerer a Lavra","***.492.751-**","Eny Fernando Vieira de Abreu","CRISTALINA - GO","AREIA","Construção civil","Sim"
"Gerência Regional / GO","861249/1992","Requerimento de Autorização de Pesquisa","Concessão de Lavra","80.084.809/0001-88","COLORMINAS COLORIFICIO E MINERACAO LTDA","SANTO ANTÔNIO DO DESCOBERTO - GO","QUARTZITO","Demais substâncias","Sim"
"Gerência Regional / GO","861236/1979","Requerimento de Autorização de Pesquisa","Concessão de Lavra","80.084.809/0001-88","COLORMINAS COLORIFICIO E MINERACAO LTDA","TROMBAS - GO","CAULIM","Demais substâncias","Sim"
"Gerência Regional / GO","860652/2000","Requerimento de Autorização de Pesquisa","Concessão de Lavra","80.084.809/0001-88","COLORMINAS COLORIFICIO E MINERACAO LTDA","COCALZINHO DE GOIÁS - GO","FILITO","Industrial","Sim"
"Gerência Regional / GO","860372/2001","Requerimento de Autorização de Pesquisa","Concessão de Lavra","80.084.809/0001-88","COLORMINAS COLORIFICIO E MINERACAO LTDA","ANÁPOLIS - GO","ARGILA","Cerâmica vermelha","Sim"
"Gerência Regional / GO","860300/1993","Requerimento de Autorização de Pesquisa","Concessão de Lavra","80.084.809/0001-88","COLORMINAS COLORIFICIO E MINERACAO LTDA","SILVÂNIA - GO","ARGILA","Demais substâncias","Sim"
"Gerência Regional / GO","860243/1999","Requerimento de Autorização de Pesquisa","Concessão de Lavra","04.372.115/0001-68","COOPEDRAS DE PIRENOPOLIS LTDA","PIRENÓPOLIS - GO","QUARTZITO","Demais substâncias","Sim"
"Gerência Regional / GO","861358/2006","Requerimento de Autorização de Pesquisa","Concessão de Lavra","04.372.115/0001-68","COOPEDRAS DE PIRENOPOLIS LTDA","PIRENÓPOLIS - GO","QUARTZITO","Pedra de talhe","Sim"
"Gerência Regional / GO","761017/1996","Requerimento de Autorização de Pesquisa","Concessão de Lavra","03.163.210/0001-99","SARKIS MINERACAO LTDA","PADRE BERNARDO - GO","CALCÁRIO","Demais substâncias","Sim"
"Gerência Regional / GO","761016/1996","Requerimento de Autorização de Pesquisa","Concessão de Lavra","03.163.210/0001-99","SARKIS MINERACAO LTDA","PADRE BERNARDO - GO","CALCÁRIO","Demais substâncias","Sim"
"Gerência Regional / GO","860116/1991","Requerimento de Autorização de Pesquisa","Concessão de Lavra","03.163.210/0001-99","SARKIS MINERACAO LTDA","PADRE BERNARDO - GO","CALCÁRIO INDUSTRIAL","Demais substâncias","Sim"
"Gerência Regional / GO","860175/2018","Requerimento de Autorização de Pesquisa","Direito de Requerer a Lavra","04.596.259/0001-06","MINERACAO CAPA BRANCA LTDA","RIO VERDE - GO","CALCÁRIO, CALCÁRIO DOLOMÍTICO","Corretivo de solo, Fabricação de cal","Sim"
"Gerência Regional / GO","862157/2012","Requerimento de Cessão parcial","Concessão de Lavra","04.596.259/0001-06","MINERACAO CAPA BRANCA LTDA","RIO VERDE - GO","CALCÁRIO","Corretivo de solo","Sim"
"Gerência Regional / GO","860900/2001","Requerimento de Autorização de Pesquisa","Concessão de Lavra","04.596.259/0001-06","MINERACAO CAPA BRANCA LTDA","RIO VERDE - GO","DOLOMITO","Demais substâncias","Sim"
"Gerência Regional / GO","860782/2018","Requerimento de Autorização de Pesquisa","Direito de Requerer a Lavra","05.195.728/0001-30","CORCOVADO GRANITOS LTDA","IACIARA - GO","MÁRMORE","Revestimento","Sim"
"Gerência Regional / GO","860429/1989","Requerimento de Autorização de Pesquisa","Concessão de Lavra","02.764.530/0001-31","CTS EXTRAÇÃO DE MINÉRIOS LTDA","CALDAS NOVAS - GO","ÁGUA MINERAL","Demais substâncias","Sim"
"Gerência Regional / GO","860811/2010","Requerimento de Autorização de Pesquisa","Concessão de Lavra","06.220.490/0001-18","Calcario Uruaçu Ltda","NIQUELÂNDIA - GO","CALCÁRIO, MINÉRIO DE OURO","Corretivo de solo, Industrial","Sim"
"Gerência Regional / GO","860525/2004","Requerimento de Autorização de Pesquisa","Concessão de Lavra","06.220.490/0001-18","Calcario Uruaçu Ltda","NIQUELÂNDIA - GO","CALCÁRIO DOLOMÍTICO, DOLOMITO","Corretivo de solo, Corretivo de solo","Sim"
"Gerência Regional / GO","860973/2006","Requerimento de Autorização de Pesquisa","Direito de Requerer a Lavra","05.778.572/0001-10","COMERCIO VAREJISTA E ATACADISTA DE MATERIAIS DE CONSTRUCAO LTDA","JATAÍ - GO","AREIA, MINÉRIO DE OURO","Construção civil, Industrial","Sim"
"Gerência Regional / GO","861009/2004","Requerimento de Autorização de Pesquisa","Concessão de Lavra","05.919.578/0001-60","ITAFOS ARRAIAS MINERACAO E FERTILIZANTES S.A.","CAMPOS BELOS - GO","CALCÁRIO, FOSFATO","Corretivo de solo, Fertilizantes","Sim"
"Gerência Regional / GO","860850/2006","Requerimento de Autorização de Pesquisa","Concessão de Lavra","05.620.834/0001-13","MINERACAO PLANALTO LTDA","SÃO LUIZ DO NORTE - GO","AREIA","Construção civil","Sim"
"Gerência Regional / GO","860821/2000","Requerimento de Autorização de Pesquisa","Concessão de Lavra","06.293.722/0002-49","MRC - MINERADORA RIO CLARO EIRELI","FAZENDA NOVA - GO","GRANITO","Demais substâncias","Sim"
"Gerência Regional / GO","861224/1986","Requerimento de Autorização de Pesquisa","Concessão de Lavra","06.730.693/0001-54","MINERACAO BELOCAL LTDA","PLANALTINA - GO","CALCÁRIO, DOLOMITO","Industrial, Industrial","Sim"
"Gerência Regional / GO","860975/2003","Requerimento de Autorização de Pesquisa","Concessão de Lavra","06.730.693/0001-54","MINERACAO BELOCAL LTDA","PLANALTINA - GO","DOLOMITO","Demais substâncias","Sim"
"Gerência Regional / GO","860372/2012","Requerimento de Disponibilidade para lavra","Concessão de Lavra","06.730.693/0001-54","MINERACAO BELOCAL LTDA","PLANALTINA - GO","CALCÁRIO, DOLOMITO, DOLOMITO","Corretivo de solo, Industrial, Industrial","Sim"
"Gerência Regional / GO","860037/2015","Requerimento de Autorização de Pesquisa","Concessão de Lavra","00.266.761/0001-90","MINERACAO ALAZAO LTDA","MONTIVIDIU DO NORTE - GO","GRANITO","Revestimento","Sim"
"Gerência Regional / GO","860664/1985","Requerimento de Autorização de Pesquisa","Concessão de Lavra","***.063.471-**","JIBRAN EL HADJ","COCALZINHO DE GOIÁS - GO","OURO, QUARTZO","Demais substâncias, Demais substâncias","Sim"
"Gerência Regional / GO","860636/2018","Requerimento de Autorização de Pesquisa","Direito de Requerer a Lavra","***.023.666-**","Daniel Barbosa Procopio","ANHANGUERA - GO, CUMARI - GO","AREIA","Construção civil","Sim"
"Gerência Regional / GO","860363/2015","Requerimento de Autorização de Pesquisa","Autorização de Pesquisa","***.163.301-**","OSVALDO MOREIRA DE LIMA","MONTE ALEGRE DE GOIÁS - GO","CALCÁRIO, FOSFATO","Fabricação de cimento, Fertilizantes","Sim"
"Gerência Regional / GO","860560/2016","Requerimento de Autorização de Pesquisa","Direito de Requerer a Lavra","***.718.824-**","RAIMUNDO VIANA DUTRA","NOVA ROMA - GO","ILMENITA","Industrial","Sim"
"Gerência Regional / GO","860083/2010","Requerimento de Autorização de Pesquisa","Direito de Requerer a Lavra","***.821.501-**","ROBERTO RASSI","TRINDADE - GO","GNAISSE, GRANITO","Revestimento, Revestimento","Sim"
"Gerência Regional / GO","860308/2010","Requerimento de Autorização de Pesquisa","Direito de Requerer a Lavra","***.718.311-**","JOSE ALFREDO GUIMARAES DE SA","ÁGUA FRIA DE GOIÁS - GO","AREIA","Construção civil","Sim"
"Gerência Regional / GO","861148/2010","Requerimento de Autorização de Pesquisa","Direito de Requerer a Lavra","***.669.361-**","IVAN FALCAO DA GAMA","COCALZINHO DE GOIÁS - GO","CALCÁRIO","Fabricação de cal","Sim"
"Gerência Regional / GO","860606/2010","Requerimento de Autorização de Pesquisa","Direito de Requerer a Lavra","***.284.686-**","Belmonte Amado Rosa Cavalcante","ESTRELA DO NORTE - GO, MARA ROSA - GO, MUTUNÓPOLIS - GO","ARGILA, MINÉRIO DE OURO","Cerâmica vermelha, Industrial","Sim"
"Gerência Regional / GO","860520/1998","Requerimento de Autorização de Pesquisa","Direito de Requerer a Lavra","***.265.671-**","Edicleides Batista dos Santos","BURITI DE GOIÁS - GO, NOVO BRASIL - GO","MINÉRIO DE TITÂNIO","Demais substâncias","Sim"
"Gerência Regional / GO","860763/2021","Requerimento de Autorização de Pesquisa","Direito de Requerer a Lavra","***.427.784-**","CRISMARIA ALVES VELOSO DA SILVA","CACHOEIRA ALTA - GO, CAÇU - GO, PARANAIGUARA - GO","MINÉRIO DE OURO","Industrial","Sim"
"Gerência Regional / GO","860865/2019","Requerimento de Cessão parcial","Direito de Requerer a Lavra","***.492.751-**","Eny Fernando Vieira de Abreu","LUZIÂNIA - GO","AREIA, CASCALHO","Construção civil, Construção civil","Sim"
"Gerência Regional / GO","860193/2015","Requerimento de Disponibilidade para pesquisa","Direito de Requerer a Lavra","***.419.257-**","Itamar Luiz Meireles Sachetto","SILVÂNIA - GO, VIANÓPOLIS - GO","AREIA","Construção civil","Sim"
"Gerência Regional / GO","861051/1997","Requerimento de Autorização de Pesquisa","Autorização de Pesquisa","***.404.098-**","AURIBERTA ALVES DO NASCIMENTO CAMPOS SILVA","CAVALCANTE - GO","MINÉRIO DE OURO","Demais substâncias","Sim"
"Gerência Regional / GO","860555/2010","Requerimento de Cessão parcial","Direito de Requerer a Lavra","***.405.428-**","Celso Carlos Ferrari","NIQUELÂNDIA - GO, VILA PROPÍCIO - GO","AREIA, CASCALHO, MINÉRIO DE OURO","Construção civil, Construção civil, Industrial","Sim"
"Gerência Regional / GO","860750/1998","Requerimento de Autorização de Pesquisa","Concessão de Lavra","03.431.203/0001-20","Indústria de Água Mineral Cristal Azul Ltda.","MINAÇU - GO","ÁGUA MINERAL","Demais substâncias","Sim"
"Gerência Regional / GO","860698/1997","Requerimento de Autorização de Pesquisa","Concessão de Lavra","02.428.437/0001-56","GOYA INDUSTRIA E COMERCIO DE AGUA MINERAL LTDA","BOM JESUS DE GOIÁS - GO","ÁGUA MINERAL","Demais substâncias","Sim"
"Gerência Regional / GO","861942/1995","Requerimento de Autorização de Pesquisa","Concessão de Lavra","03.817.198/0001-99","N S A MINERACAO AGUA D'MINA LTDA","SÃO MIGUEL DO PASSA QUATRO - GO","ÁGUA MINERAL","Demais substâncias","Sim"
"Gerência Regional / GO","860312/1999","Requerimento de Autorização de Pesquisa","Concessão de Lavra","03.638.380/0001-82","MINERADORA PEDRA RICA LTDA","RIO VERDE - GO","BASALTO, BASALTO","Demais substâncias, Demais substâncias","Sim"
"Gerência Regional / GO","860159/1989","Requerimento de Autorização de Pesquisa","Concessão de Lavra","03.237.715/0001-50","MINERADORA AFRANIO ROBERTO DE SOUZA LTDA","APARECIDA DE GOIÂNIA - GO, GOIÂNIA - GO","XISTO, XISTO","Brita, Demais substâncias","Sim"
"Gerência Regional / GO","860660/2000","Requerimento de Autorização de Pesquisa","Concessão de Lavra","25.027.442/0001-52","Delvani Rodrigues de Souza Lima","PALMEIRAS DE GOIÁS - GO","ARGILA","Cerâmica vermelha","Sim"
"Gerência Regional / GO","860448/2000","Requerimento de Autorização de Pesquisa","Concessão de Lavra","03.910.327/0001-99","PEDREIRA RIO CLARO LTDA","JATAÍ - GO","BASALTO","Construção civil","Sim"
"Gerência Regional / GO","860002/2002","Requerimento de Autorização de Pesquisa","Concessão de Lavra","04.306.016/0001-88","AGUA MINERAL BELA VISTA LTDA","BELA VISTA DE GOIÁS - GO","ÁGUA POTÁVEL DE MESA","Industrial","Sim"
"Gerência Regional / GO","860760/2006","Requerimento de Autorização de Pesquisa","Concessão de Lavra","04.372.115/0001-68","COOPEDRAS DE PIRENOPOLIS LTDA","PIRENÓPOLIS - GO","QUARTZITO","Industrial","Sim"
"Gerência Regional / GO","861997/1984","Requerimento de Autorização de Pesquisa","Concessão de Lavra","04.665.430/0001-83","Baribras Mineração Ltda","MARA ROSA - GO","BARITA, MINÉRIO DE OURO, MINÉRIO DE PRATA","Demais substâncias, Industrial, Industrial","Sim"
"Gerência Regional / GO","861112/2001","Requerimento de Autorização de Pesquisa","Concessão de Lavra","33.264.359/0001-25","Rei das Pedras","PIRENÓPOLIS - GO","QUARTZITO","Industrial","Sim"
"Gerência Regional / GO","761018/1996","Requerimento de Autorização de Pesquisa","Concessão de Lavra","03.163.210/0001-99","SARKIS MINERACAO LTDA","PADRE BERNARDO - GO","CALCÁRIO","Demais substâncias","Sim"
"Gerência Regional / GO","806201/1976","Requerimento de Autorização de Pesquisa","Concessão de Lavra","02.991.389/0001-00","Saúde Indústria e Comércio de Água Mineral Ltda.","HIDROLÂNDIA - GO","ÁGUA MINERAL","Demais substâncias","Sim"
"Gerência Regional / GO","860450/1999","Requerimento de Autorização de Pesquisa","Concessão de Lavra","02.683.168/0001-74","GRANIPI - COMERCIO E IND. LTDA","PIRANHAS - GO","GRANITO","Demais substâncias","Sim"
"Gerência Regional / GO","861044/1997","Requerimento de Autorização de Pesquisa","Concessão de Lavra","04.740.374/0001-02","Mateiro Industria e Comercio de Agua Mineral Ltda","JATAÍ - GO","ÁGUA MINERAL","Demais substâncias","Sim"
"Gerência Regional / GO","860360/2001","Requerimento de Autorização de Pesquisa","Concessão de Lavra","04.596.259/0001-06","MINERACAO CAPA BRANCA LTDA","RIO VERDE - GO","DOLOMITO","Demais substâncias","Sim"
"Gerência Regional / GO","860188/1999","Requerimento de Autorização de Pesquisa","Concessão de Lavra","03.304.233/0001-76","INDUSTRIA E COMERCIO DE BEBIDAS PANOFF LTDA","MARZAGÃO - GO","ÁGUA MINERAL","Demais substâncias","Sim"
"Gerência Regional / GO","860662/2000","Requerimento de Autorização de Pesquisa","Concessão de Lavra","05.284.606/0001-10","PLANALTO EXTRACAO DE AREIA LTDA","BRASÍLIA - DF, PLANALTINA - GO","AREIA","Demais substâncias","Sim"
"Gerência Regional / GO","860723/2002","Requerimento de Autorização de Pesquisa","Concessão de Lavra","05.566.668/0001-14","Agregados Para A Construção Civil Ltda","PLANALTINA - GO","AREIA","Construção civil","Sim"
"Gerência Regional / GO","860891/2003","Requerimento de Autorização de Pesquisa","Concessão de Lavra","04.746.729/0001-62","LEVANTINA NATURAL STONE BRASIL LTDA","MONTIVIDIU DO NORTE - GO","GRANITO, GRANITO P/ REVESTIMENTO","Revestimento, Revestimento","Sim"
"Gerência Regional / GO","861040/2000","Requerimento de Autorização de Pesquisa","Concessão de Lavra","04.832.053/0001-20","PEDREIRA SERRA AZUL EIRELI","SÃO MIGUEL DO ARAGUAIA - GO","GNAISSE","Demais substâncias","Sim"
"Gerência Regional / GO","860561/2001","Requerimento de Autorização de Pesquisa","Concessão de Lavra","04.926.666/0001-26","CELESTIAL INDÚSTRIA BRASILEIRA DE ÁGUA MINERAL LTDA","CACHOEIRA ALTA - GO","ÁGUA MINERAL","Industrial","Sim"
"Gerência Regional / GO","861887/1994","Requerimento de Autorização de Pesquisa","Concessão de Lavra","03.991.800/0001-00","PEDRA BRITADA INDUSTRIA E COMERCIO LIMITADA","GOIANÁPOLIS - GO, TEREZÓPOLIS DE GOIÁS - GO","GRANULITO","Demais substâncias","Sim"
"Gerência Regional / GO","860820/2000","Requerimento de Autorização de Pesquisa","Concessão de Lavra","05.929.196/0001-17","CAIAPO INDUSTRIA E COMERCIO DE AGUA MINERAL LTDA","JATAÍ - GO","ÁGUA MINERAL","Engarrafamento","Sim"
"Gerência Regional / GO","860086/1989","Requerimento de Autorização de Pesquisa","Concessão de Lavra","05.979.543/0001-16","PEDREIRA ANAPOLIS LTDA","ANÁPOLIS - GO","GNAISSE","Demais substâncias","Sim"
"Gerência Regional / GO","860390/2000","Requerimento de Autorização de Pesquisa","Concessão de Lavra","05.947.515/0001-17","AGUAS MINERAIS VEREDAS LTDA","FORMOSA - GO, PLANALTINA - GO","ÁGUA MINERAL","Industrial","Sim"
"Gerência Regional / GO","860934/2005","Requerimento de Autorização de Pesquisa","Concessão de Lavra","05.731.908/0001-99","KYMERA MINE MINERACAO E COMERCIO LTDA","VIANÓPOLIS - GO","AGALMATOLITO","Industrial","Sim"
"Gerência Regional / GO","860099/2001","Requerimento de Autorização de Pesquisa","Concessão de Lavra","16.002.933/0001-58","C. DO V. ROCHELLE - MINERADORA DO VALE","RIO VERDE - GO","ÁGUA MINERAL","Industrial","Sim"
"Gerência Regional / GO","861204/2013","Requerimento de Cessão parcial","Concessão de Lavra","06.220.490/0001-18","Calcario Uruaçu Ltda","NIQUELÂNDIA - GO","CALCÁRIO, CALCÁRIO DOLOMÍTICO, MINÉRIO DE OURO","Corretivo de solo, Corretivo de solo, Industrial","Sim"
"Gerência Regional / GO","861551/2011","Requerimento de Autorização de Pesquisa","Concessão de Lavra","05.778.572/0001-10","COMERCIO VAREJISTA E ATACADISTA DE MATERIAIS DE CONSTRUCAO LTDA","SERRANÓPOLIS - GO","AREIA, MINÉRIO DE OURO","Construção civil, Industrial","Sim"
"Gerência Regional / GO","860313/2003","Requerimento de Autorização de Pesquisa","Concessão de Lavra","05.620.834/0001-13","MINERACAO PLANALTO LTDA","SANTA RITA DO NOVO DESTINO - GO, URUAÇU - GO","AREIA","Construção civil","Sim"
"Gerência Regional / GO","861079/2001","Requerimento de Autorização de Pesquisa","Concessão de Lavra","06.293.722/0002-49","MRC - MINERADORA RIO CLARO EIRELI","FAZENDA NOVA - GO","GRANITO","Demais substâncias","Sim"
"Gerência Regional / GO","860417/2016","Requerimento de Autorização de Pesquisa","Direito de Requerer a Lavra","00.266.761/0001-90","MINERACAO ALAZAO LTDA","NOVA ROMA - GO","MINÉRIO DE OURO","Industrial","Sim"
"Gerência Regional / GO","860076/2004","Requerimento de Autorização de Pesquisa","Concessão de Lavra","21.962.006/0001-10","Loguiminas Serviços e Mineração Ltda","SÃO DOMINGOS - GO","DOLOMITO","Demais substâncias","Sim"
"Gerência Regional / GO","860039/2016","Requerimento de Cessão parcial","Concessão de Lavra","04.693.661/0001-09","Areia São Jose Extração, Comércio e Transporte Ltda Me","ARAGUARI - MG, CUMARI - GO","AREIA, CASCALHO","Construção civil, Construção civil","Sim"
"Gerência Regional / MG","830007/2008","Requerimento de Autorização de Pesquisa","Concessão de Lavra","04.693.661/0001-09","Areia São Jose Extração, Comércio e Transporte Ltda Me","ARAGUARI - MG, CORUMBAÍBA - GO","AREIA","Construção civil","Sim"
"Gerência Regional / GO","861810/2010","Requerimento de Autorização de Pesquisa","Concessão de Lavra","04.693.661/0001-09","Areia São Jose Extração, Comércio e Transporte Ltda Me","ARAGUARI - MG, CORUMBAÍBA - GO","AREIA, CASCALHO, DIAMANTE","Construção civil, Construção civil, Industrial","Sim"
"Gerência Regional / GO","861212/2010","Requerimento de Autorização de Pesquisa","Concessão de Lavra","04.693.661/0001-09","Areia São Jose Extração, Comércio e Transporte Ltda Me","ARAGUARI - MG, CORUMBAÍBA - GO","AREIA, DIAMANTE","Construção civil, Industrial","Sim"
"Gerência Regional / GO","861211/2010","Requerimento de Autorização de Pesquisa","Concessão de Lavra","04.693.661/0001-09","Areia São Jose Extração, Comércio e Transporte Ltda Me","ARAGUARI - MG, CORUMBAÍBA - GO","AREIA, DIAMANTE","Construção civil, Industrial","Sim"
"Gerência Regional / GO","860044/2016","Requerimento de Cessão parcial","Concessão de Lavra","04.693.661/0001-09","Areia São Jose Extração, Comércio e Transporte Ltda Me","ARAGUARI - MG, CUMARI - GO","AREIA, CASCALHO","Construção civil, Construção civil","Sim"
"Gerência Regional / GO","860043/2016","Requerimento de Cessão parcial","Concessão de Lavra","04.693.661/0001-09","Areia São Jose Extração, Comércio e Transporte Ltda Me","ARAGUARI - MG, CUMARI - GO","AREIA, CASCALHO","Construção civil, Construção civil","Sim"
"Gerência Regional / GO","860042/2016","Requerimento de Cessão parcial","Concessão de Lavra","04.693.661/0001-09","Areia São Jose Extração, Comércio e Transporte Ltda Me","ARAGUARI - MG, CUMARI - GO","AREIA, CASCALHO","Construção civil, Construção civil","Sim"
"Gerência Regional / GO","860041/2016","Requerimento de Cessão parcial","Concessão de Lavra","04.693.661/0001-09","Areia São Jose Extração, Comércio e Transporte Ltda Me","ARAGUARI - MG, CUMARI - GO","AREIA, CASCALHO","Construção civil, Construção civil","Sim"
"Gerência Regional / GO","860242/2001","Requerimento de Autorização de Pesquisa","Concessão de Lavra","78.851.995/0006-04","KADE ENGENHARIA E CONSTRUÇÃO LTDA.","RIO VERDE - GO","AREIA","Construção civil","Sim"
"Gerência Regional / GO","860942/1999","Requerimento de Registro de Licença","Concessão de Lavra","78.851.995/0006-04","KADE ENGENHARIA E CONSTRUÇÃO LTDA.","RIO VERDE - GO","AREIA","Demais substâncias","Sim"
"Gerência Regional / GO","860358/2008","Requerimento de Autorização de Pesquisa","Concessão de Lavra","03.438.630/0001-30","AREIA BARRA AZUL EXTRACAO E COMERCIO LTDA","ARAGUARI - MG, CUMARI - GO","AREIA","Construção civil","Sim"
"Gerência Regional / GO","860308/2004","Requerimento de Autorização de Pesquisa","Concessão de Lavra","03.438.630/0001-30","AREIA BARRA AZUL EXTRACAO E COMERCIO LTDA","ARAGUARI - MG, CUMARI - GO","AREIA, CASCALHO, DIAMANTE INDUSTRIAL","Construção civil, Construção civil, Industrial","Sim"
"Gerência Regional / GO","861341/2012","Requerimento de Disponibilidade para pesquisa","Autorização de Pesquisa","03.438.630/0001-30","AREIA BARRA AZUL EXTRACAO E COMERCIO LTDA","CARMO DO RIO VERDE - GO, RIALMA - GO, URUANA - GO","AREIA, CASCALHO, MINÉRIO DE OURO","Construção civil, Construção civil, Industrial","Sim"
"Gerência Regional / GO","860782/1999","Requerimento de Autorização de Pesquisa","Concessão de Lavra","03.438.630/0001-30","AREIA BARRA AZUL EXTRACAO E COMERCIO LTDA","CUMARI - GO","AREIA","Demais substâncias","Sim"
"Gerência Regional / GO","860302/1993","Requerimento de Autorização de Pesquisa","Concessão de Lavra","02.718.764/0001-42","MINERAÇÃO ARARAS LTDA","PIRENÓPOLIS - GO","QUARTZITO","Demais substâncias","Sim"
"Gerência Regional / GO","860388/2000","Requerimento de Autorização de Pesquisa","Concessão de Lavra","03.665.281/0001-90","Carmo Mineração Industria e Comercio Ltda","GOIÂNIA - GO","ÁGUA MINERAL","Industrial","Sim"
"Gerência Regional / GO","860812/2001","Requerimento de Autorização de Pesquisa","Concessão de Lavra","02.094.748/0001-26","Mineraçâo e Transportes Corumbá Ltda","CALDAS NOVAS - GO, CORUMBAÍBA - GO","AREIA","Construção civil","Sim"
"Gerência Regional / GO","860811/2001","Requerimento de Autorização de Pesquisa","Concessão de Lavra","02.094.748/0001-26","Mineraçâo e Transportes Corumbá Ltda","CALDAS NOVAS - GO, CORUMBAÍBA - GO","AREIA","Construção civil","Sim"
"Gerência Regional / GO","860810/2001","Requerimento de Autorização de Pesquisa","Concessão de Lavra","02.094.748/0001-26","Mineraçâo e Transportes Corumbá Ltda","CALDAS NOVAS - GO, CORUMBAÍBA - GO, MARZAGÃO - GO","AREIA","Construção civil","Sim"
"Gerência Regional / GO","860809/2001","Requerimento de Autorização de Pesquisa","Concessão de Lavra","02.094.748/0001-26","Mineraçâo e Transportes Corumbá Ltda","CORUMBAÍBA - GO, MARZAGÃO - GO","AREIA","Construção civil","Sim"
"Gerência Regional / GO","860494/2002","Requerimento de Autorização de Pesquisa","Concessão de Lavra","02.094.748/0001-26","Mineraçâo e Transportes Corumbá Ltda","CORUMBAÍBA - GO","AREIA","Construção civil","Sim"
"Gerência Regional / GO","860122/2008","Requerimento de Autorização de Pesquisa","Concessão de Lavra","00.063.878/0001-76","MINERACAO NOVO BRASIL GRANITOS EIRELI","JAUPACI - GO","GRANITO","Revestimento","Sim"
"Gerência Regional / GO","860136/2003","Requerimento de Autorização de Pesquisa","Concessão de Lavra","04.261.672/0001-01","EBCBM LTDA","JANDAIA - GO","AREIA","Construção civil","Sim"
"Gerência Regional / GO","860135/2003","Requerimento de Autorização de Pesquisa","Concessão de Lavra","04.261.672/0001-01","EBCBM LTDA","INDIARA - GO, JANDAIA - GO","AREIA","Construção civil","Sim"
"Gerência Regional / GO","861178/2000","Requerimento de Autorização de Pesquisa","Concessão de Lavra","04.261.672/0001-01","EBCBM LTDA","INDIARA - GO, JANDAIA - GO","AREIA, MINÉRIO DE OURO","Construção civil, Metalurgia","Sim"
"Gerência Regional / GO","860437/2001","Requerimento de Autorização de Pesquisa","Concessão de Lavra","04.261.672/0001-01","EBCBM LTDA","INDIARA - GO, JANDAIA - GO","AREIA","Construção civil","Sim"
"Gerência Regional / GO","860436/2001","Requerimento de Autorização de Pesquisa","Concessão de Lavra","04.261.672/0001-01","EBCBM LTDA","INDIARA - GO, JANDAIA - GO","AREIA","Construção civil","Sim"
"Gerência Regional / GO","860435/2001","Requerimento de Autorização de Pesquisa","Concessão de Lavra","04.261.672/0001-01","EBCBM LTDA","INDIARA - GO, JANDAIA - GO","AREIA","Construção civil","Sim"
"Gerência Regional / GO","860434/2001","Requerimento de Autorização de Pesquisa","Concessão de Lavra","04.261.672/0001-01","EBCBM LTDA","INDIARA - GO, JANDAIA - GO","AREIA","Construção civil","Sim"
"Gerência Regional / GO","860433/2001","Requerimento de Autorização de Pesquisa","Concessão de Lavra","04.261.672/0001-01","EBCBM LTDA","INDIARA - GO, JANDAIA - GO","AREIA","Construção civil","Sim"
"Gerência Regional / GO","860432/2001","Requerimento de Autorização de Pesquisa","Concessão de Lavra","04.261.672/0001-01","EBCBM LTDA","INDIARA - GO, JANDAIA - GO","AREIA","Construção civil","Sim"
"Gerência Regional / GO","860783/2001","Requerimento de Autorização de Pesquisa","Concessão de Lavra","02.545.352/0001-58","AREAL OURO FINO LTDA","CORUMBÁ DE GOIÁS - GO","QUARTZITO","Industrial","Sim"
"Gerência Regional / GO","805289/1975","Requerimento de Autorização de Pesquisa","Concessão de Lavra","05.291.545/0001-18","CALCILANDIA MINERACAO LTDA","GOIÁS - GO","CALCÁRIO","Demais substâncias","Sim"
"Gerência Regional / GO","860406/1998","Requerimento de Autorização de Pesquisa","Concessão de Lavra","06.978.870/0001-16","WESLEY JOSE DA SILVA","ARAGUARI - MG, CUMARI - GO","AREIA","Demais substâncias","Sim"
"Gerência Regional / GO","860165/2004","Requerimento de Autorização de Pesquisa","Concessão de Lavra","06.978.870/0001-16","WESLEY JOSE DA SILVA","ARAGUARI - MG, CUMARI - GO","AREIA, DIAMANTE INDUSTRIAL","Construção civil, Industrial","Sim"
"Gerência Regional / GO","860764/1995","Requerimento de Autorização de Pesquisa","Concessão de Lavra","06.978.870/0001-16","WESLEY JOSE DA SILVA","ARAGUARI - MG, CUMARI - GO","AREIA","Construção civil","Sim"
"Gerência Regional / GO","860411/1998","Requerimento de Autorização de Pesquisa","Concessão de Lavra","06.978.870/0001-16","WESLEY JOSE DA SILVA","ARAGUARI - MG, CUMARI - GO","AREIA","Demais substâncias","Sim"
"Gerência Regional / GO","860410/1998","Requerimento de Autorização de Pesquisa","Concessão de Lavra","06.978.870/0001-16","WESLEY JOSE DA SILVA","ARAGUARI - MG, CUMARI - GO","AREIA","Demais substâncias","Sim"
"Gerência Regional / GO","860409/1998","Requerimento de Autorização de Pesquisa","Concessão de Lavra","06.978.870/0001-16","WESLEY JOSE DA SILVA","ARAGUARI - MG, CUMARI - GO","AREIA","Demais substâncias","Sim"
"Gerência Regional / GO","860408/1998","Requerimento de Autorização de Pesquisa","Concessão de Lavra","06.978.870/0001-16","WESLEY JOSE DA SILVA","ARAGUARI - MG, CUMARI - GO","AREIA","Demais substâncias","Sim"
"Gerência Regional / MG","860013/2006","Requerimento de Autorização de Pesquisa","Concessão de Lavra","05.695.212/0001-54","MINERAÇÃO & TRANSPORTE NOSSA SENHORA APARECIDA LTDA","SANTA VITÓRIA - MG","AREIA, CASCALHO, DIAMANTE INDUSTRIAL","Construção civil, Construção civil, Industrial","Sim"
"Gerência Regional / GO","860011/2006","Requerimento de Autorização de Pesquisa","Concessão de Lavra","05.695.212/0001-54","MINERAÇÃO & TRANSPORTE NOSSA SENHORA APARECIDA LTDA","SANTA VITÓRIA - MG, SÃO SIMÃO - GO","AREIA","Construção civil","Sim"
"Gerência Regional / GO","860686/2004","Requerimento de Autorização de Pesquisa","Concessão de Lavra","05.695.212/0001-54","MINERAÇÃO & TRANSPORTE NOSSA SENHORA APARECIDA LTDA","SANTA VITÓRIA - MG, SÃO SIMÃO - GO","AREIA","Construção civil","Sim"
"Gerência Regional / GO","860405/2004","Requerimento de Autorização de Pesquisa","Concessão de Lavra","05.695.212/0001-54","MINERAÇÃO & TRANSPORTE NOSSA SENHORA APARECIDA LTDA","CAÇU - GO, SANTA VITÓRIA - MG, SÃO SIMÃO - GO","AREIA","Construção civil","Sim"
"Gerência Regional / GO","860160/2004","Requerimento de Autorização de Pesquisa","Concessão de Lavra","05.695.212/0001-54","MINERAÇÃO & TRANSPORTE NOSSA SENHORA APARECIDA LTDA","SANTA VITÓRIA - MG, SÃO SIMÃO - GO","AREIA, MINÉRIO DE OURO","Construção civil, Metalurgia","Sim"
"Gerência Regional / GO","860015/2006","Requerimento de Autorização de Pesquisa","Concessão de Lavra","05.695.212/0001-54","MINERAÇÃO & TRANSPORTE NOSSA SENHORA APARECIDA LTDA","CAÇU - GO, SANTA VITÓRIA - MG, SÃO SIMÃO - GO","AREIA, CASCALHO, DIAMANTE INDUSTRIAL","Construção civil, Construção civil, Industrial","Sim"
"Gerência Regional / GO","862091/2008","Requerimento de Autorização de Pesquisa","Concessão de Lavra","07.478.600/0001-09","CERAMIKALYS INDUSTRIA CERAMICA E COMERCIO LTDA","PADRE BERNARDO - GO","ARGILA, MINÉRIO DE OURO","Industrial, Industrial","Sim"
"Gerência Regional / GO","860762/2003","Requerimento de Autorização de Pesquisa","Concessão de Lavra","07.478.600/0001-09","CERAMIKALYS INDUSTRIA CERAMICA E COMERCIO LTDA","ÁGUAS LINDAS DE GOIÁS - GO, COCALZINHO DE GOIÁS - GO","AREIA","Construção civil","Sim"
"Gerência Regional / GO","860712/2005","Requerimento de Autorização de Pesquisa","Concessão de Lavra","07.478.600/0001-09","CERAMIKALYS INDUSTRIA CERAMICA E COMERCIO LTDA","ÁGUAS LINDAS DE GOIÁS - GO, COCALZINHO DE GOIÁS - GO","ARGILA, CALCÁRIO, MINÉRIO DE OURO, QUARTZITO","Fabricação de cimento, Industrial, Industrial, Industrial","Sim"
"Gerência Regional / GO","860457/2004","Requerimento de Autorização de Pesquisa","Concessão de Lavra","07.478.600/0001-09","CERAMIKALYS INDUSTRIA CERAMICA E COMERCIO LTDA","ÁGUAS LINDAS DE GOIÁS - GO, COCALZINHO DE GOIÁS - GO","AREIA, ARGILA, MINÉRIO DE OURO","Construção civil, Industrial, Industrial","Sim"
"Gerência Regional / GO","860416/2004","Requerimento de Autorização de Pesquisa","Concessão de Lavra","07.478.600/0001-09","CERAMIKALYS INDUSTRIA CERAMICA E COMERCIO LTDA","COCALZINHO DE GOIÁS - GO","ARGILA","Demais substâncias","Sim"
"Gerência Regional / GO","860362/2000","Requerimento de Autorização de Pesquisa","Concessão de Lavra","07.478.600/0001-09","CERAMIKALYS INDUSTRIA CERAMICA E COMERCIO LTDA","COCALZINHO DE GOIÁS - GO","AREIA","Construção civil","Sim"
"Gerência Regional / GO","861137/2016","Requerimento de Autorização de Pesquisa","Concessão de Lavra","05.835.276/0001-03","RIO MINERALS LTDA","JARAGUÁ - GO","GRANITO, SIENITO","Revestimento, Revestimento","Sim"
"Gerência Regional / GO","860753/2001","Requerimento de Autorização de Pesquisa","Concessão de Lavra","05.835.276/0001-03","RIO MINERALS LTDA","URUANA - GO","SIENITO","Demais substâncias","Sim"
"Gerência Regional / GO","860070/2001","Requerimento de Autorização de Pesquisa","Concessão de Lavra","05.163.702/0001-00","MG MINERACAO GREEN GOLD EIRELI","CRISTALINA - GO","AREIA","Demais substâncias","Sim"
"Gerência Regional / GO","862216/2005","Requerimento de Autorização de Pesquisa","Concessão de Lavra","05.163.702/0001-00","MG MINERACAO GREEN GOLD EIRELI","CRISTALINA - GO","AREIA, QUARTZO","Construção civil, Industrial","Sim"
"Gerência Regional / GO","861315/2003","Requerimento de Autorização de Pesquisa","Concessão de Lavra","05.163.702/0001-00","MG MINERACAO GREEN GOLD EIRELI","CRISTALINA - GO","AREIA","Demais substâncias","Sim"
"Gerência Regional / GO","861152/2003","Requerimento de Autorização de Pesquisa","Concessão de Lavra","05.163.702/0001-00","MG MINERACAO GREEN GOLD EIRELI","CRISTALINA - GO","AREIA","Construção civil","Sim"
"Gerência Regional / GO","860725/2006","Requerimento de Autorização de Pesquisa","Concessão de Lavra","05.163.702/0001-00","MG MINERACAO GREEN GOLD EIRELI","CRISTALINA - GO","AREIA, QUARTZO","Construção civil, Industrial","Sim"
"Gerência Regional / GO","860583/2006","Requerimento de Lavra Garimpeira","Concessão de Lavra","05.163.702/0001-00","MG MINERACAO GREEN GOLD EIRELI","CRISTALINA - GO","AREIA, QUARTZO","Construção civil, Gema","Sim"
"Gerência Regional / GO","860435/2014","Requerimento de Cessão parcial","Concessão de Lavra","05.163.702/0001-00","MG MINERACAO GREEN GOLD EIRELI","CRISTALINA - GO","AREIA, QUARTZITO","Brita, Construção civil","Sim"
"Gerência Regional / GO","860434/2014","Requerimento de Cessão parcial","Concessão de Lavra","05.163.702/0001-00","MG MINERACAO GREEN GOLD EIRELI","CRISTALINA - GO","AREIA, CASCALHO, QUARTZITO","Brita, Construção civil, Construção civil","Sim"
"Gerência Regional / GO","860407/2005","Requerimento de Autorização de Pesquisa","Concessão de Lavra","05.163.702/0001-00","MG MINERACAO GREEN GOLD EIRELI","CRISTALINA - GO","AREIA","Construção civil","Sim"
"Gerência Regional / GO","860329/2002","Requerimento de Autorização de Pesquisa","Concessão de Lavra","05.163.702/0001-00","MG MINERACAO GREEN GOLD EIRELI","CRISTALINA - GO","AREIA, CASCALHO","Demais substâncias, Demais substâncias","Sim"
"Gerência Regional / GO","860282/2004","Requerimento de Autorização de Pesquisa","Concessão de Lavra","05.163.702/0001-00","MG MINERACAO GREEN GOLD EIRELI","CRISTALINA - GO","AREIA, CASCALHO, QUARTZO","Construção civil, Construção civil, Industrial","Sim"
"Gerência Regional / GO","861082/2000","Requerimento de Autorização de Pesquisa","Concessão de Lavra","08.528.222/0001-93","BRITAGRAN BRITAS E GRANITOS MINERADORA LTDA","NOVA VENEZA - GO","GNAISSE","Demais substâncias","Sim"
"Gerência Regional / GO","860460/2003","Requerimento de Autorização de Pesquisa","Concessão de Lavra","08.528.222/0001-93","BRITAGRAN BRITAS E GRANITOS MINERADORA LTDA","NOVA VENEZA - GO","GRANITO, GRANITO P/ REVESTIMENTO","Revestimento, Revestimento","Sim"
"Gerência Regional / GO","860453/2008","Requerimento de Autorização de Pesquisa","Concessão de Lavra","05.036.167/0001-26","SEBA COMERCIO E INDUSTRIA LTDA","CALDAS NOVAS - GO, IPAMERI - GO","AREIA, MINÉRIO DE OURO","Construção civil, Industrial","Sim"
"Gerência Regional / GO","860221/2006","Requerimento de Autorização de Pesquisa","Concessão de Lavra","05.036.167/0001-26","SEBA COMERCIO E INDUSTRIA LTDA","CALDAS NOVAS - GO, PIRES DO RIO - GO","AREIA, CASCALHO, DIAMANTE INDUSTRIAL","Construção civil, Construção civil, Industrial","Sim"
"Gerência Regional / GO","861708/2011","Requerimento de Autorização de Pesquisa","Concessão de Lavra","05.036.167/0001-26","SEBA COMERCIO E INDUSTRIA LTDA","CALDAS NOVAS - GO, IPAMERI - GO, PIRES DO RIO - GO","AREIA, CASCALHO, MINÉRIO DE OURO","Construção civil, Construção civil, Industrial","Sim"
"Gerência Regional / GO","861554/2011","Requerimento de Autorização de Pesquisa","Concessão de Lavra","05.036.167/0001-26","SEBA COMERCIO E INDUSTRIA LTDA","CALDAS NOVAS - GO, IPAMERI - GO","AREIA, MINÉRIO DE OURO","Construção civil, Industrial","Sim"
"Gerência Regional / GO","861412/2016","Requerimento de Cessão parcial","Concessão de Lavra","05.036.167/0001-26","SEBA COMERCIO E INDUSTRIA LTDA","CALDAS NOVAS - GO, IPAMERI - GO, PIRES DO RIO - GO","AREIA","Construção civil","Sim"
"Gerência Regional / GO","861152/2007","Requerimento de Autorização de Pesquisa","Concessão de Lavra","05.036.167/0001-26","SEBA COMERCIO E INDUSTRIA LTDA","IPAMERI - GO, PIRES DO RIO - GO","AREIA, DIAMANTE","Construção civil, Industrial","Sim"
"Gerência Regional / GO","861017/2004","Requerimento de Autorização de Pesquisa","Concessão de Lavra","05.036.167/0001-26","SEBA COMERCIO E INDUSTRIA LTDA","CALDAS NOVAS - GO, IPAMERI - GO","AREIA","Construção civil","Sim"
"Gerência Regional / GO","860758/2004","Requerimento de Autorização de Pesquisa","Concessão de Lavra","05.036.167/0001-26","SEBA COMERCIO E INDUSTRIA LTDA","CALDAS NOVAS - GO, IPAMERI - GO","AREIA, DIAMANTE","Construção civil, Industrial","Sim"
"Gerência Regional / GO","860554/2003","Requerimento de Autorização de Pesquisa","Concessão de Lavra","05.036.167/0001-26","SEBA COMERCIO E INDUSTRIA LTDA","CALDAS NOVAS - GO, PIRES DO RIO - GO","AREIA, DIAMANTE INDUSTRIAL","Construção civil, Industrial","Sim"
"Gerência Regional / GO","860504/2004","Requerimento de Autorização de Pesquisa","Concessão de Lavra","05.036.167/0001-26","SEBA COMERCIO E INDUSTRIA LTDA","CALDAS NOVAS - GO, IPAMERI - GO","AREIA, DIAMANTE INDUSTRIAL","Construção civil, Industrial","Sim"
"Gerência Regional / GO","861449/2007","Requerimento de Autorização de Pesquisa","Concessão de Lavra","73.956.088/0001-93","ZEUS MINERACAO LTDA","CAVALCANTE - GO","MINÉRIO DE MANGANÊS","Industrial","Sim"
"Gerência Regional / GO","861042/2001","Requerimento de Autorização de Pesquisa","Concessão de Lavra","01.637.895/0001-32","VOTORANTIM CIMENTOS S.A.","EDÉIA - GO","CALCÁRIO, MÁRMORE","Demais substâncias, Fabricação de cimento","Sim"
"Gerência Regional / GO","860899/2014","Requerimento de Autorização de Pesquisa","Concessão de Lavra","01.637.895/0001-32","VOTORANTIM CIMENTOS S.A.","EDEALINA - GO, INDIARA - GO","ARGILA, CALCÁRIO","Fabricação de cimento, Industrial","Sim"
"Gerência Regional / GO","860670/1986","Requerimento de Autorização de Pesquisa","Concessão de Lavra","01.637.895/0001-32","VOTORANTIM CIMENTOS S.A.","EDEALINA - GO, EDÉIA - GO, INDIARA - GO","CALCÁRIO, MÁRMORE","Demais substâncias, Fabricação de cimento","Sim"
"Gerência Regional / GO","860669/1986","Requerimento de Autorização de Pesquisa","Concessão de Lavra","01.637.895/0001-32","VOTORANTIM CIMENTOS S.A.","EDÉIA - GO, INDIARA - GO","CALCÁRIO, MÁRMORE","Corretivo de solo, Fabricação de cimento","Sim"
"Gerência Regional / GO","860668/1986","Requerimento de Autorização de Pesquisa","Concessão de Lavra","01.637.895/0001-32","VOTORANTIM CIMENTOS S.A.","INDIARA - GO","CALCÁRIO","Industrial","Sim"
"Gerência Regional / GO","860222/2008","Requerimento de Autorização de Pesquisa","Concessão de Lavra","01.637.895/0001-32","VOTORANTIM CIMENTOS S.A.","EDÉIA - GO","ARGILA, CALCÁRIO","Fabricação de cimento, Industrial","Sim"
"Gerência Regional / GO","860107/1999","Requerimento de Autorização de Pesquisa","Concessão de Lavra","01.637.895/0001-32","VOTORANTIM CIMENTOS S.A.","BRASÍLIA - DF, PLANALTINA - GO","ARGILA","Demais substâncias","Sim"
"Gerência Regional / GO","860060/2012","Requerimento de Autorização de Pesquisa","Autorização de Pesquisa","02.377.287/0001-07","MINAS RIO MINERADORA LTDA","BARRO ALTO - GO","ARGILA, BAUXITA","Industrial, Industrial","Sim"
"Gerência Regional / GO","860983/2004","Requerimento de Autorização de Pesquisa","Concessão de Lavra","01.140.744/0001-74","Mineração Manacá LTDA","AMARALINA - GO","MINÉRIO DE OURO, TALCO","Industrial, Industrial","Sim"
"Gerência Regional / GO","860063/2002","Requerimento de Autorização de Pesquisa","Concessão de Lavra","21.962.006/0001-10","Loguiminas Serviços e Mineração Ltda","GUARANI DE GOIÁS - GO","DOLOMITO","Demais substâncias","Sim"
"Gerência Regional / GO","860947/2011","Requerimento de Autorização de Pesquisa","Concessão de Lavra","18.592.147/0001-83","CERAMICA SOLAR LTDA","CUMARI - GO","ARGILA","Cerâmica vermelha","Sim"
"Gerência Regional / GO","860989/2012","Requerimento de Autorização de Pesquisa","Concessão de Lavra","18.941.864/0001-73","Cerâmica Cruzeiro Ltda","CUMARI - GO","ARGILA","Cerâmica vermelha","Sim"
"Gerência Regional / GO","860040/2016","Requerimento de Cessão parcial","Concessão de Lavra","04.693.661/0001-09","Areia São Jose Extração, Comércio e Transporte Ltda Me","ARAGUARI - MG, CUMARI - GO","AREIA, CASCALHO","Construção civil, Construção civil","Sim"
"Gerência Regional / GO","860261/1999","Requerimento de Autorização de Pesquisa","Concessão de Lavra","78.851.995/0006-04","KADE ENGENHARIA E CONSTRUÇÃO LTDA.","RIO VERDE - GO","AREIA","Demais substâncias","Sim"
"Gerência Regional / GO","860676/1999","Requerimento de Autorização de Pesquisa","Concessão de Lavra","03.438.630/0001-30","AREIA BARRA AZUL EXTRACAO E COMERCIO LTDA","CUMARI - GO","AREIA","Demais substâncias","Sim"
"Gerência Regional / GO","860303/1993","Requerimento de Autorização de Pesquisa","Concessão de Lavra","02.718.764/0001-42","MINERAÇÃO ARARAS LTDA","PIRENÓPOLIS - GO","QUARTZITO","Demais substâncias","Sim"
"Gerência Regional / GO","860228/1998","Requerimento de Autorização de Pesquisa","Concessão de Lavra","03.665.281/0001-90","Carmo Mineração Industria e Comercio Ltda","GOIÂNIA - GO","ÁGUA MINERAL","Demais substâncias","Sim"
"Gerência Regional / GO","861805/2012","Requerimento de Autorização de Pesquisa","Concessão de Lavra","02.094.748/0001-26","Mineraçâo e Transportes Corumbá Ltda","CALDAS NOVAS - GO, MARZAGÃO - GO","AREIA, CASCALHO","Construção civil, Construção civil","Sim"
"Gerência Regional / GO","860694/2004","Requerimento de Autorização de Pesquisa","Concessão de Lavra","37.637.063/0001-63","SAN SEBASTIAN EMPREENDIMENTOS GERAIS LTDA","HIDROLÂNDIA - GO","ÁGUA MINERAL","Industrial","Sim"
"Gerência Regional / GO","860721/2016","Requerimento de Autorização de Pesquisa","Direito de Requerer a Lavra","***.474.701-**","Jose Euripedes de Lima","PALMEIRAS DE GOIÁS - GO","ARGILA","Industrial","Sim"
"Gerência Regional / GO","861344/2021","Requerimento de Pesquisa - Leilão","Direito de Requerer a Lavra","03.497.835/0001-97","MINERACAO CERRADO EIRELI","FAINA - GO","AREIA","Construção civil","Sim"
"Gerência Regional / GO","860529/1997","Requerimento de Autorização de Pesquisa","Concessão de Lavra","03.899.875/0001-65","MINERADORA AREIA CRISTAL LTDA","CRISTALINA - GO","AREIA","Construção civil","Sim"
"Gerência Regional / GO","860561/1998","Requerimento de Autorização de Pesquisa","Concessão de Lavra","04.075.924/0001-08","Brasília Mineração Indústria Comércio Exp. de Rochas e Metais Ltda.","MONTE ALEGRE DE GOIÁS - GO","GRANITO","Demais substâncias","Sim"
"Gerência Regional / GO","860524/2002","Requerimento de Autorização de Pesquisa","Concessão de Lavra","01.976.153/0002-12","ELETRO MINERACAO SAO SIMAO LTDA","SÃO SIMÃO - GO","BASALTO","Brita","Sim"
"Gerência Regional / GO","860544/1999","Requerimento de Autorização de Pesquisa","Concessão de Lavra","00.063.878/0001-76","MINERACAO NOVO BRASIL GRANITOS EIRELI","JAUPACI - GO","GRANITO","Demais substâncias","Sim"
"Gerência Regional / GO","860171/2001","Requerimento de Autorização de Pesquisa","Concessão de Lavra","39.282.298/0002-96","MINERAÇÃO CORCOVADO DE MINAS LTDA","NOVA ROMA - GO","MÁRMORE","Demais substâncias","Sim"
"Gerência Regional / GO","860246/2001","Requerimento de Autorização de Pesquisa","Concessão de Lavra","26.898.916/0001-02","ARQUIMEDES & FIGUEIREDO LTDA","PIRENÓPOLIS - GO","QUARTZITO","Demais substâncias","Sim"
"Gerência Regional / GO","860882/2001","Requerimento de Autorização de Pesquisa","Concessão de Lavra","37.657.541/0001-05","RINCO INDUSTRIA E COMERCIO DE PRODUTOS ALIMENTICIOS E BEBIDAS S/A","RIO VERDE - GO","ÁGUA MINERAL","Industrial","Sim"
"Gerência Regional / GO","860137/2003","Requerimento de Autorização de Pesquisa","Concessão de Lavra","04.261.672/0001-01","EBCBM LTDA","INDIARA - GO, JANDAIA - GO","AREIA","Construção civil","Sim"
"Gerência Regional / GO","860109/2016","Requerimento de Autorização de Pesquisa","Direito de Requerer a Lavra","***.122.126-**","eustaquio de deus ferreira","ARAGUARI - MG, CUMARI - GO","AREIA, CASCALHO","Construção civil, Construção civil","Sim"
"Gerência Regional / GO","860199/2002","Requerimento de Autorização de Pesquisa","Direito de Requerer a Lavra","14.310.577/0017-71","CONSTRUTORA OAS LTDA","GOIÂNIA - GO","GNAISSE","Demais substâncias","Sim"
"Gerência Regional / GO","860130/2010","Requerimento de Disponibilidade para pesquisa","Concessão de Lavra","04.877.603/0001-27","COMPANHIA MUNICIPAL DE TURISMO E AGUAS TERMAIS - COMTAT","JATAÍ - GO","ÁGUA MINERAL","Balneoterapia","Sim"
"Gerência Regional / GO","860066/2000","Requerimento de Autorização de Pesquisa","Concessão de Lavra","04.591.846/0001-02","Belo Valle Industria e Comercio Ltda","NOVO GAMA - GO","ÁGUA POTÁVEL DE MESA","Demais substâncias","Sim"
"Gerência Regional / GO","861154/1993","Requerimento de Autorização de Pesquisa","Concessão de Lavra","00.894.045/0001-57","TRITON ENERGIA LTDA","ARENÓPOLIS - GO, IPORÁ - GO","AREIA, DIAMANTE INDUSTRIAL, MINÉRIO DE OURO","Construção civil, Industrial, Industrial","Sim"
"Gerência Regional / GO","860283/1998","Requerimento de Autorização de Pesquisa","Concessão de Lavra","05.059.630/0001-55","Conesuque Águas Minerais Ltda Me","MONTES CLAROS DE GOIÁS - GO","ÁGUA MINERAL","Demais substâncias","Sim"
"Gerência Regional / GO","860700/2000","Requerimento de Autorização de Pesquisa","Concessão de Lavra","04.752.475/0001-95","COMERCIO E ENGARRAFAMENTO DE AGUA MINERAL SARA LTDA","GOIÁS - GO","ÁGUA MINERAL","Industrial","Sim"
"Gerência Regional / GO","862868/2011","Requerimento de Cessão parcial","Concessão de Lavra","26.931.501/0001-85","Alfa Rock Construtora Ltda","BURITI DE GOIÁS - GO, MOSSÂMEDES - GO, SANCLERLÂNDIA - GO","AREIA","Construção civil","Sim"
"Gerência Regional / GO","861390/2007","Requerimento de Autorização de Pesquisa","Concessão de Lavra","04.683.156/0001-75","Sulamericana Mineracao e Comercial Ltda ","COCALZINHO DE GOIÁS - GO, CORUMBÁ DE GOIÁS - GO, PIRENÓPOLIS - GO","AREIA, MINÉRIO DE OURO, QUARTZITO","Construção civil, Industrial, Revestimento","Sim"
"Gerência Regional / GO","861100/2000","Requerimento de Autorização de Pesquisa","Concessão de Lavra","02.545.352/0001-58","AREAL OURO FINO LTDA","CORUMBÁ DE GOIÁS - GO","QUARTZITO","Industrial","Sim"
"Gerência Regional / GO","861629/2009","Requerimento de Autorização de Pesquisa","Autorização de Pesquisa","05.291.545/0001-18","CALCILANDIA MINERACAO LTDA","GOIÁS - GO","CALCÁRIO, MINÉRIO DE OURO","Corretivo de solo, Industrial","Sim"
"Gerência Regional / GO","860183/2001","Requerimento de Autorização de Pesquisa","Concessão de Lavra","02.319.226/0001-85","AGUA SANTA EMPREENDIMENTOS LTDA","ARAGARÇAS - GO","ÁGUA MINERAL","Balneoterapia","Sim"
"Gerência Regional / GO","860873/2001","Requerimento de Autorização de Pesquisa","Direito de Requerer a Lavra","04.656.140/0001-73","RS TREINAMENTO E CONSULTORIA LTDA","GOIÂNIA - GO, SENADOR CANEDO - GO","AREIA, MINÉRIO DE OURO","Construção civil, Industrial","Sim"
"Gerência Regional / GO","860985/2004","Requerimento de Autorização de Pesquisa","Concessão de Lavra","06.137.876/0001-60","TRANSAREIA LTDA","CACHOEIRA DOURADA - GO, CAPINÓPOLIS - MG","AREIA, CASCALHO","Construção civil, Demais substâncias","Sim"
"Gerência Regional / GO","860562/2016","Requerimento de Autorização de Pesquisa","Direito de Requerer a Lavra","***.270.061-**","Manoel Vicente da Silva","CALDAS NOVAS - GO","AREIA, QUARTZITO","Construção civil, Revestimento","Sim"
"Gerência Regional / GO","860598/2007","Requerimento de Autorização de Pesquisa","Concessão de Lavra","03.691.871/0001-97","CERAMICA GONCALVES OLIVEIRA LTDA","JATAÍ - GO","ARGILA","Cerâmica vermelha","Sim"
"Gerência Regional / GO","861155/2003","Requerimento de Autorização de Pesquisa","Concessão de Lavra","07.191.574/0001-33","MARIZA AGUAS MINERAIS LTDA","HIDROLÂNDIA - GO","ÁGUA MINERAL","Industrial","Sim"
"Gerência Regional / GO","860702/1990","Requerimento de Autorização de Pesquisa","Concessão de Lavra","06.234.638/0001-73","MINERADORA PROMISSAO LTDA.","CALDAS NOVAS - GO","ÁGUA MINERAL","Demais substâncias","Sim"
"Gerência Regional / GO","860407/1998","Requerimento de Autorização de Pesquisa","Concessão de Lavra","06.978.870/0001-16","WESLEY JOSE DA SILVA","ARAGUARI - MG, CUMARI - GO","AREIA","Demais substâncias","Sim"
"Gerência Regional / GO","860014/2006","Requerimento de Autorização de Pesquisa","Concessão de Lavra","05.695.212/0001-54","MINERAÇÃO & TRANSPORTE NOSSA SENHORA APARECIDA LTDA","SANTA VITÓRIA - MG, SÃO SIMÃO - GO","AREIA","Construção civil","Sim"
"Gerência Regional / GO","861156/1980","Requerimento de Autorização de Pesquisa","Concessão de Lavra","07.410.766/0001-93","CD MINERADORA LTDA","CACHOEIRA DOURADA - GO","ÁGUA MINERAL","Demais substâncias","Sim"
"Gerência Regional / GO","860935/2006","Requerimento de Autorização de Pesquisa","Concessão de Lavra","07.237.532/0001-96","AREIAL ELDORADO LTDA","HIDROLÂNDIA - GO, PIRACANJUBA - GO","AREIA, CASCALHO","Construção civil, Construção civil","Sim"
"Gerência Regional / GO","816480/1972","Requerimento de Autorização de Pesquisa","Concessão de Lavra","06.235.513/0001-68","Prometálica Mineração Centro Oeste S A","AMERICANO DO BRASIL - GO, MOSSÂMEDES - GO","COBALTO, COBRE, NÍQUEL","Demais substâncias, Demais substâncias, Demais substâncias","Sim"
"Gerência Regional / GO","861693/2005","Requerimento de Autorização de Pesquisa","Concessão de Lavra","07.517.672/0001-18","MINERADORA Q-LIGA LTDA","VILA PROPÍCIO - GO","FILITO","Industrial","Sim"
"Gerência Regional / GO","860198/2006","Requerimento de Autorização de Pesquisa","Concessão de Lavra","07.478.600/0001-09","CERAMIKALYS INDUSTRIA CERAMICA E COMERCIO LTDA","COCALZINHO DE GOIÁS - GO","AREIA, ARGILA REFRATÁRIA, CASCALHO","Construção civil, Construção civil, Construção civil","Sim"
"Gerência Regional / GO","861187/2003","Requerimento de Autorização de Pesquisa","Concessão de Lavra","02.195.907/0001-89","JOSÉ EUSTÁQUIO DE SOUSA","CUMARI - GO","AREIA, CASCALHO","Construção civil, Construção civil","Sim"
"Gerência Regional / GO","860374/2007","Requerimento de Autorização de Pesquisa","Direito de Requerer a Lavra","03.018.588/0001-07","POUSADA RETIRO DAS PEDRAS LTDA.","CIDADE OCIDENTAL - GO","ÁGUA MINERAL","Balneoterapia","Sim"
"Gerência Regional / GO","860281/2004","Requerimento de Autorização de Pesquisa","Concessão de Lavra","05.163.702/0001-00","MG MINERACAO GREEN GOLD EIRELI","CRISTALINA - GO","AREIA, QUARTZO","Construção civil, Industrial","Sim"
"Gerência Regional / GO","860163/1998","Requerimento de Autorização de Pesquisa","Concessão de Lavra","00.136.630/0001-98","TRANSPEL TRANSPORTE E BRITAGEM DE PEDRAS LTDA","GOIANIRA - GO","GRANITO","Demais substâncias","Sim"
"Gerência Regional / GO","860741/1998","Requerimento de Autorização de Pesquisa","Concessão de Lavra","03.143.693/0001-60","BRICOL - BRITAS CORUMBÁ LTDA","CORUMBÁ DE GOIÁS - GO","XISTO","Demais substâncias","Sim"
"Gerência Regional / GO","861446/2008","Requerimento de Autorização de Pesquisa","Concessão de Lavra","70.997.689/0001-56","Dleon Mineradora Ltda EPP","LUZIÂNIA - GO","AREIA, MINÉRIO DE OURO, QUARTZITO","Construção civil, Industrial, Revestimento","Sim"
"Gerência Regional / GO","860649/1998","Requerimento de Autorização de Pesquisa","Concessão de Lavra","08.255.585/0001-00","WAKA MIZU ENGARRAFADORA DE AGUA MINERAL LTDA","ITUMBIARA - GO","ÁGUA MINERAL","Demais substâncias","Sim"
"Gerência Regional / GO","862456/2008","Requerimento de Autorização de Pesquisa","Concessão de Lavra","07.282.674/0001-75","AREIA SAO TOMAZ EIRELI","MONTIVIDIU - GO","AREIA, MINÉRIO DE OURO","Industrial, Industrial","Sim"
"Gerência Regional / GO","862639/1980","Requerimento de Autorização de Pesquisa","Concessão de Lavra","08.455.683/0001-83","PAINEIRAS MINERACAO LTDA","CALDAS NOVAS - GO","ÁGUA MINERAL","Demais substâncias","Sim"
"Gerência Regional / GO","860237/2001","Requerimento de Autorização de Pesquisa","Concessão de Lavra","08.528.222/0001-93","BRITAGRAN BRITAS E GRANITOS MINERADORA LTDA","NOVA VENEZA - GO","GNAISSE","Demais substâncias","Sim"
"Gerência Regional / GO","860503/2004","Requerimento de Autorização de Pesquisa","Concessão de Lavra","05.036.167/0001-26","SEBA COMERCIO E INDUSTRIA LTDA","CALDAS NOVAS - GO, IPAMERI - GO","AREIA, DIAMANTE INDUSTRIAL","Construção civil, Industrial","Sim"
"Gerência Regional / GO","860201/1987","Requerimento de Autorização de Pesquisa","Concessão de Lavra","06.134.646/0001-48","MINERAÇÃO RIO THERMAL LTDA","CALDAS NOVAS - GO","ÁGUA MINERAL, ÁGUAS TERMAIS","Balneoterapia, Demais substâncias","Sim"
"Gerência Regional / GO","860696/1999","Requerimento de Autorização de Pesquisa","Concessão de Lavra","08.767.239/0001-01","IZABEL OLIVIER HECKLER","PADRE BERNARDO - GO, VILA PROPÍCIO - GO","AREIA, MINÉRIO DE OURO","Construção civil, Metalurgia","Sim"
"Gerência Regional / GO","861701/2005","Requerimento de Autorização de Pesquisa","Concessão de Lavra","08.285.230/0001-56","MINERACAO E AGROPECUARIA SILVANIA LTDA","SILVÂNIA - GO","CAULIM","Industrial","Sim"
"Gerência Regional / GO","860238/1993","Requerimento de Autorização de Pesquisa","Concessão de Lavra","06.102.950/0001-03","MINERACAO THERMAS CORUMBA LTDA","CALDAS NOVAS - GO","ÁGUA MINERAL","Demais substâncias","Sim"
"Gerência Regional / GO","860161/1987","Requerimento de Autorização de Pesquisa","Concessão de Lavra","06.117.381/0001-70","MINERACAO AGUA QUENTE LTDA","CALDAS NOVAS - GO","ÁGUA MINERAL","Demais substâncias","Sim"
"Gerência Regional / GO","860598/1986","Requerimento de Registro de Licença","Concessão de Lavra","03.279.056/0001-15","CABECAL - CALCARIO DE CABECEIRAS MINERACAO LTDA","CABECEIRAS - GO","CALCÁRIO DOLOMÍTICO","Corretivo de solo","Sim"
"Gerência Regional / GO","862236/2008","Requerimento de Autorização de Pesquisa","Concessão de Lavra","73.956.088/0001-93","ZEUS MINERACAO LTDA","CAVALCANTE - GO","MINÉRIO DE MANGANÊS","Industrial","Sim"
"Gerência Regional / GO","860050/1997","Requerimento de Autorização de Pesquisa","Concessão de Lavra","06.248.241/0001-30","Asfalto Brasília Ltda","COCALZINHO DE GOIÁS - GO","CALCÁRIO","Demais substâncias","Sim"
"Gerência Regional / GO","860213/2001","Requerimento de Autorização de Pesquisa","Concessão de Lavra","07.033.559/0001-67","MINERACAO DOMA LTDA","ITAPURANGA - GO, URUANA - GO","AREIA, CASCALHO","Construção civil, Construção civil","Sim"
"Gerência Regional / GO","860054/1993","Requerimento de Autorização de Pesquisa","Concessão de Lavra","06.132.519/0001-00","MINERACAO REZENDE LTDA.","CALDAS NOVAS - GO","ÁGUA MINERAL","Demais substâncias","Sim"
"Gerência Regional / GO","860260/1999","Requerimento de Autorização de Pesquisa","Concessão de Lavra","07.245.544/0001-62","Mineração Bom Jesus Ltda","LUZIÂNIA - GO","ÁGUA MINERAL","Demais substâncias","Sim"
"Gerência Regional / GO","860930/1986","Requerimento de Autorização de Pesquisa","Concessão de Lavra","06.230.789/0001-53","THERMAS SESI EMPREENDIMENTOS S/A","CALDAS NOVAS - GO","ÁGUA MINERAL","Demais substâncias","Sim"
"Gerência Regional / GO","861199/1986","Requerimento de Autorização de Pesquisa","Concessão de Lavra","04.746.213/0001-18","MINERADORA THERMAS LTDA","CALDAS NOVAS - GO","ÁGUA MINERAL, ÁGUAS TERMAIS","Balneoterapia, Demais substâncias","Sim"
"Gerência Regional / GO","860982/1999","Requerimento de Autorização de Pesquisa","Concessão de Lavra","03.791.771/0001-32","Agua Mineral Itiquira Ltda","BRASÍLIA - DF, FORMOSA - GO","ÁGUA MINERAL","Engarrafamento","Sim"
"Gerência Regional / GO","861252/1986","Requerimento de Autorização de Pesquisa","Concessão de Lavra","07.552.877/0001-34","AGUA DA VIDA MINERACAO LTDA","CALDAS NOVAS - GO","ÁGUA MINERAL","Demais substâncias","Sim"
"Gerência Regional / GO","860885/2017","Requerimento de Autorização de Pesquisa","Direito de Requerer a Lavra","07.436.787/0001-88","VERMONT MINERACAO EXPORTACAO E IMPORTACAO LTDA","URUAÇU - GO","MINÉRIO DE OURO","Industrial","Sim"
"Gerência Regional / GO","860370/2000","Requerimento de Autorização de Pesquisa","Concessão de Lavra","05.486.247/0001-83","DLS EXTRACAO E COMERCIO DE AREIA E CASCALHO LTDA","SANTA CRUZ DE GOIÁS - GO","AREIA, CASCALHO","Construção civil, Construção civil","Sim"
"Gerência Regional / GO","860404/2007","Requerimento de Autorização de Pesquisa","Concessão de Lavra","08.512.615/0001-09","Amin Salomão","SILVÂNIA - GO","AREIA","Construção civil","Sim"
"Gerência Regional / GO","860312/1994","Requerimento de Lavra Garimpeira","Concessão de Lavra","08.529.201/0001-92","MB CAPITAL TRANSPORTE DE AREIA LTDA ME","HIDROLINA - GO, SANTA RITA DO NOVO DESTINO - GO","AREIA","Demais substâncias","Sim"
"Gerência Regional / GO","860311/1994","Requerimento de Lavra Garimpeira","Concessão de Lavra","08.529.201/0001-92","MB CAPITAL TRANSPORTE DE AREIA LTDA ME","HIDROLINA - GO, SANTA RITA DO NOVO DESTINO - GO","AREIA","Demais substâncias","Sim"
"Gerência Regional / GO","860314/1994","Requerimento de Lavra Garimpeira","Concessão de Lavra","08.529.201/0001-92","MB CAPITAL TRANSPORTE DE AREIA LTDA ME","HIDROLINA - GO, SANTA RITA DO NOVO DESTINO - GO","AREIA","Demais substâncias","Sim"
"Gerência Regional / GO","860460/2018","Requerimento de Autorização de Pesquisa","Concessão de Lavra","08.227.476/0001-71","SINTERTEC MINERAIS INDUSTRIAIS LTDA.","VILA PROPÍCIO - GO","CALCÁRIO DOLOMÍTICO","Fabricação de cal","Sim"
"Gerência Regional / GO","861432/2010","Requerimento de Autorização de Pesquisa","Concessão de Lavra","08.842.895/0003-85","SERRA VERDE PESQUISA E MINERACAO LTDA","MINAÇU - GO","TERRAS RARAS","Industrial","Sim"
"Gerência Regional / GO","861431/2010","Requerimento de Autorização de Pesquisa","Concessão de Lavra","08.842.895/0003-85","SERRA VERDE PESQUISA E MINERACAO LTDA","MINAÇU - GO","TERRAS RARAS","Industrial","Sim"
"Gerência Regional / GO","861430/2010","Requerimento de Autorização de Pesquisa","Concessão de Lavra","08.842.895/0003-85","SERRA VERDE PESQUISA E MINERACAO LTDA","MINAÇU - GO","TERRAS RARAS","Industrial","Sim"
"Gerência Regional / GO","861428/2010","Requerimento de Autorização de Pesquisa","Concessão de Lavra","08.842.895/0003-85","SERRA VERDE PESQUISA E MINERACAO LTDA","MINAÇU - GO","TERRAS RARAS","Industrial","Sim"
"Gerência Regional / GO","861427/2010","Requerimento de Autorização de Pesquisa","Concessão de Lavra","08.842.895/0003-85","SERRA VERDE PESQUISA E MINERACAO LTDA","MINAÇU - GO","TERRAS RARAS","Industrial","Sim"
"Gerência Regional / GO","860262/2011","Requerimento de Autorização de Pesquisa","Concessão de Lavra","08.842.895/0003-85","SERRA VERDE PESQUISA E MINERACAO LTDA","MINAÇU - GO","TERRAS RARAS","Industrial","Sim"
"Gerência Regional / MT","866589/2014","Requerimento de Autorização de Pesquisa","Direito de Requerer a Lavra","***.245.211-**","Belchior Bernardes Matos","COCALINHO - MT","AREIA","Construção civil","Sim"
"Gerência Regional / GO","861844/2008","Requerimento de Autorização de Pesquisa","Concessão de Lavra","***.155.631-**","JOSE DE CAMPOS AMARAL","COCALZINHO DE GOIÁS - GO","AREIA","Construção civil","Sim"
"Gerência Regional / GO","861022/2013","Requerimento de Autorização de Pesquisa","Concessão de Lavra","08.258.118/0001-26","CEFAS MINERACAO LTDA","MONTIVIDIU DO NORTE - GO","GRANITO","Revestimento","Sim"
"Gerência Regional / GO","860162/2005","Requerimento de Autorização de Pesquisa","Concessão de Lavra","10.306.257/0001-20","BRASIL MANGANES LTDA","CAVALCANTE - GO","MINÉRIO DE MANGANÊS, MINÉRIO DE OURO","Industrial, Industrial","Sim"
"Gerência Regional / GO","860161/2005","Requerimento de Autorização de Pesquisa","Concessão de Lavra","10.306.257/0001-20","BRASIL MANGANES LTDA","CAVALCANTE - GO","MINÉRIO DE MANGANÊS, MINÉRIO DE OURO","Industrial, Industrial","Sim"
"Gerência Regional / GO","860160/2005","Requerimento de Autorização de Pesquisa","Concessão de Lavra","10.306.257/0001-20","BRASIL MANGANES LTDA","CAVALCANTE - GO","MINÉRIO DE MANGANÊS, MINÉRIO DE OURO","Industrial, Industrial","Sim"
"Gerência Regional / GO","860140/2010","Requerimento de Autorização de Pesquisa","Concessão de Lavra","10.416.169/0001-80","MINERACAO RIO CLARO LTDA","IVOLÂNDIA - GO, PALESTINA DE GOIÁS - GO","AREIA, CASCALHO, DIAMANTE","Construção civil, Construção civil, Industrial","Sim"
"Gerência Regional / GO","861644/2012","Requerimento de Disponibilidade para pesquisa","Direito de Requerer a Lavra","***.907.231-**","Edieliton Gonzaga de Oliveira","PORANGATU - GO, TROMBAS - GO","AREIA, MINÉRIO DE OURO","Construção civil, Industrial","Sim"
"Gerência Regional / GO","861042/2006","Requerimento de Autorização de Pesquisa","Concessão de Lavra","03.211.362/0001-10","BICUDO'S PRESTADORA DE SERVICOS LTDA","PIRENÓPOLIS - GO","QUARTZITO","Pedra de talhe","Sim"
"Gerência Regional / GO","860745/2003","Requerimento de Autorização de Pesquisa","Concessão de Lavra","08.155.670/0001-99","D. L. do Prado M. Construcao Me","EDEALINA - GO, PONTALINA - GO","AREIA, MINÉRIO DE TITÂNIO","Construção civil, Industrial","Sim"
"Gerência Regional / GO","860752/2009","Requerimento de Cessão parcial","Concessão de Lavra","02.650.521/0001-10","Construforte Construções Ferreira Maia Ltda","JATAÍ - GO","AREIA","Construção civil","Sim"
"Gerência Regional / GO","861024/2013","Requerimento de Autorização de Pesquisa","Direito de Requerer a Lavra","07.833.449/0001-80","Luiz Ronaldo Guimarães - ME","NOVO GAMA - GO","CASCALHO","Construção civil","Sim"
"Gerência Regional / GO","860557/1998","Requerimento de Autorização de Pesquisa","Concessão de Lavra","07.965.002/0001-64","MINERADORA CRISTALINA LTDA","CRISTALINA - GO","AREIA","Demais substâncias","Sim"
"Gerência Regional / GO","860312/2009","Requerimento de Disponibilidade para pesquisa","Concessão de Lavra","06.271.638/0001-43","BRASILIA MINERACAO LTDA","CRISTALINA - GO","AREIA, CASCALHO, QUARTZO","Construção civil, Construção civil, Demais substâncias","Sim"
"Gerência Regional / GO","860053/2002","Requerimento de Autorização de Pesquisa","Concessão de Lavra","06.156.218/0001-16","Areial Fartura Ltda","CÓRREGO DO OURO - GO, SANCLERLÂNDIA - GO","AREIA","Construção civil","Sim"
"Gerência Regional / GO","861232/2021","Requerimento de Pesquisa - Oferta Pública ","Direito de Requerer a Lavra","***.369.538-**","JOSE OSWALDO CAMILO PIERUCCETTI","BELA VISTA DE GOIÁS - GO","XISTO","Revestimento","Sim"
"Gerência Regional / GO","862145/2012","Requerimento de Autorização de Pesquisa","Direito de Requerer a Lavra","***.482.476-**","SANDRO FERREIRA COSTA","BARRO ALTO - GO, NIQUELÂNDIA - GO","AREIA, ARGILA","Construção civil, Industrial","Sim"
"Gerência Regional / GO","861702/2012","Requerimento de Autorização de Pesquisa","Direito de Requerer a Lavra","***.954.301-**","PAULO SERGIO MACHADO","PIRES DO RIO - GO, SANTA CRUZ DE GOIÁS - GO","AREIA, MINÉRIO DE OURO","Construção civil, Industrial","Sim"
"Gerência Regional / GO","861788/2007","Requerimento de Autorização de Pesquisa","Direito de Requerer a Lavra","***.973.296-**","Ayrton Martins de Resende","ISRAELÂNDIA - GO","AREIA, CASCALHO, DIAMANTE INDUSTRIAL","Construção civil, Construção civil, Industrial","Sim"
"Gerência Regional / GO","861686/2011","Requerimento de Autorização de Pesquisa","Direito de Requerer a Lavra","***.248.061-**","RUBENS VICENTE DE MESQUITA","FAINA - GO, GOIÁS - GO","AREIA, MINÉRIO DE OURO","Construção civil, Industrial","Sim"
"Gerência Regional / GO","862036/2011","Requerimento de Autorização de Pesquisa","Direito de Requerer a Lavra","08.475.422/0001-25","Centro Oeste Mineração e Comercio Ltda","APARECIDA DE GOIÂNIA - GO, ARAGOIÂNIA - GO, HIDROLÂNDIA - GO","AREIA","Construção civil","Sim"
"Gerência Regional / GO","861050/2010","Requerimento de Autorização de Pesquisa","Concessão de Lavra","05.486.247/0001-83","DLS EXTRACAO E COMERCIO DE AREIA E CASCALHO LTDA","SANTA CRUZ DE GOIÁS - GO","AREIA, MINÉRIO DE OURO","Construção civil, Industrial","Sim"
"Gerência Regional / GO","861390/2006","Requerimento de Autorização de Pesquisa","Concessão de Lavra","08.512.615/0001-09","Amin Salomão","SILVÂNIA - GO","AREIA","Construção civil","Sim"
"Gerência Regional / GO","860961/1993","Requerimento de Registro de Licença","Concessão de Lavra","07.073.218/0001-15","CALCARIO DE PAULA LTDA","CALDAS NOVAS - GO","CALCÁRIO","Demais substâncias","Sim"
"Gerência Regional / GO","860406/2007","Requerimento de Autorização de Pesquisa","Concessão de Lavra","08.602.412/0001-03","São Luis Indústria e Comércio de Água Mineral Ltda","GOIÂNIA - GO","ÁGUA MINERAL","Engarrafamento","Sim"
"Gerência Regional / GO","860447/2007","Requerimento de Autorização de Pesquisa","Direito de Requerer a Lavra","***.763.051-**","FABIANO MUSSI FERRARI","NIQUELÂNDIA - GO, VILA PROPÍCIO - GO","AREIA, CASCALHO, MINÉRIO DE OURO","Construção civil, Construção civil, Industrial","Sim"
"Gerência Regional / GO","860313/1994","Requerimento de Lavra Garimpeira","Concessão de Lavra","08.529.201/0001-92","MB CAPITAL TRANSPORTE DE AREIA LTDA ME","HIDROLINA - GO, SANTA RITA DO NOVO DESTINO - GO","AREIA","Demais substâncias","Sim"
"Gerência Regional / GO","860294/2016","Requerimento de Autorização de Pesquisa","Direito de Requerer a Lavra","***.181.368-**","Nelson Zene Júnior","RIO VERDE - GO","AREIA, CASCALHO","Construção civil, Construção civil","Sim"
"Gerência Regional / GO","861108/2007","Requerimento de Autorização de Pesquisa","Concessão de Lavra","08.512.608/0001-07","MINERACAO FELIX LTDA.","SILVÂNIA - GO","AREIA","Construção civil","Sim"
"Gerência Regional / GO","861493/2010","Requerimento de Disponibilidade para pesquisa","Concessão de Lavra","08.665.973/0001-51","MARCOS PAULO FERREIRA","NIQUELÂNDIA - GO","AREIA, MINÉRIO DE OURO","Construção civil, Industrial","Sim"
"Gerência Regional / GO","860064/2002","Requerimento de Autorização de Pesquisa","Concessão de Lavra","07.638.538/0001-75","CALBRAX CALCARIO AGRICOLA LTDA","IACIARA - GO","DOLOMITO","Industrial","Sim"
"Gerência Regional / GO","860910/2004","Requerimento de Autorização de Pesquisa","Concessão de Lavra","06.024.240/0001-02","Agropecuária Limírio Gonçalves Ltda.","CAMPO LIMPO DE GOIÁS - GO","ÁGUA MINERAL","Engarrafamento","Sim"
"Gerência Regional / GO","862397/2007","Requerimento de Autorização de Pesquisa","Concessão de Lavra","08.227.476/0001-71","SINTERTEC MINERAIS INDUSTRIAIS LTDA.","CAMPO ALEGRE DE GOIÁS - GO","ARGILA, TURFA","Energético, Industrial","Sim"
"Gerência Regional / GO","860290/2016","Requerimento de Autorização de Pesquisa","Direito de Requerer a Lavra","***.720.977-**","FLAVIO MEDEIROS BONADIMAN","MONTIVIDIU DO NORTE - GO","GRANITO","Revestimento","Sim"
"Gerência Regional / GO","860402/2019","Requerimento de Autorização de Pesquisa","Direito de Requerer a Lavra","***.384.051-**","MILTON PIRES SOARES","EDÉIA - GO, INDIARA - GO","AREIA","Construção civil","Sim"
"Gerência Regional / GO","861694/2010","Requerimento de Autorização de Pesquisa","Concessão de Lavra","08.842.895/0003-85","SERRA VERDE PESQUISA E MINERACAO LTDA","MINAÇU - GO","TERRAS RARAS","Industrial","Sim"
"Gerência Regional / GO","860036/2007","Requerimento de Autorização de Pesquisa","Concessão de Lavra","09.004.478/0001-64","AREIAL OURO BRANCO LTDA","ABADIÂNIA - GO","QUARTZITO, QUARTZITO","Industrial, Revestimento","Sim"
"Gerência Regional / GO","860836/2008","Requerimento de Autorização de Pesquisa","Direito de Requerer a Lavra","***.517.171-**","Eleuza Marisa de castro Araújo","FAZENDA NOVA - GO, ISRAELÂNDIA - GO","AREIA, CASCALHO, MINÉRIO DE OURO","Construção civil, Construção civil, Industrial","Sim"
"Gerência Regional / GO","860858/2008","Requerimento de Autorização de Pesquisa","Concessão de Lavra","08.924.408/0001-61","José Alberto Vaz ","SILVÂNIA - GO, VIANÓPOLIS - GO","AREIA","Construção civil","Sim"
"Gerência Regional / GO","861039/2008","Requerimento de Autorização de Pesquisa","Concessão de Lavra","09.101.388/0001-91","B N MINERACAO E SERVICOS LTDA","SILVÂNIA - GO","AREIA","Construção civil","Sim"
"Gerência Regional / GO","861559/2008","Requerimento de Autorização de Pesquisa","Concessão de Lavra","***.155.631-**","JOSE DE CAMPOS AMARAL","COCALZINHO DE GOIÁS - GO","AREIA","Construção civil","Sim"
"Gerência Regional / GO","860535/2015","Requerimento de Autorização de Pesquisa","Concessão de Lavra","09.167.564/0001-98","LGV MINERACAO LTDA","MONTES CLAROS DE GOIÁS - GO","GRANITO, ILMENITA, ROCHA POTÁSSICA","Industrial, Industrial, Revestimento","Sim"
"Gerência Regional / GO","860694/2005","Requerimento de Autorização de Pesquisa","Concessão de Lavra","10.261.177/0001-03","Pedra Ferro Mineração Ltda.","PARAÚNA - GO","BASALTO","Industrial","Sim"
"Gerência Regional / GO","860859/2008","Requerimento de Autorização de Pesquisa","Concessão de Lavra","01.360.990/0001-31","SALB EMPREENDIMENTOS EIRELI","SILVÂNIA - GO","AREIA","Construção civil","Sim"
"Gerência Regional / GO","861087/2011","Requerimento de Autorização de Pesquisa","Concessão de Lavra","08.258.118/0001-26","CEFAS MINERACAO LTDA","PORANGATU - GO","GRANITO","Revestimento","Sim"
"Gerência Regional / GO","860159/2005","Requerimento de Autorização de Pesquisa","Concessão de Lavra","10.306.257/0001-20","BRASIL MANGANES LTDA","CAVALCANTE - GO","MINÉRIO DE MANGANÊS, MINÉRIO DE OURO","Industrial, Industrial","Sim"
"Gerência Regional / GO","860152/2010","Requerimento de Autorização de Pesquisa","Direito de Requerer a Lavra","10.416.169/0001-80","MINERACAO RIO CLARO LTDA","FAZENDA NOVA - GO, JAUPACI - GO","AREIA, CASCALHO, DIAMANTE","Construção civil, Construção civil, Industrial","Sim"
"Gerência Regional / GO","861650/2012","Requerimento de Disponibilidade para pesquisa","Direito de Requerer a Lavra","***.907.231-**","Edieliton Gonzaga de Oliveira","PORANGATU - GO, SANTA TEREZA DE GOIÁS - GO","AREIA, MINÉRIO DE OURO","Construção civil, Industrial","Sim"
"Gerência Regional / GO","860055/2009","Requerimento de Autorização de Pesquisa","Direito de Requerer a Lavra","10.476.221/0001-94","EMPRESA BRASILEIRA DE AGREGADOS MINERAIS S/A","TRINDADE - GO","GRANITO, MINÉRIO DE OURO","Brita, Industrial","Sim"
"Gerência Regional / GO","861043/2006","Requerimento de Autorização de Pesquisa","Concessão de Lavra","03.211.362/0001-10","BICUDO'S PRESTADORA DE SERVICOS LTDA","PIRENÓPOLIS - GO","QUARTZITO","Pedra de talhe","Sim"
"Gerência Regional / GO","860975/2004","Requerimento de Autorização de Pesquisa","Concessão de Lavra","08.784.926/0001-27","Ds Godinho","PIRENÓPOLIS - GO","QUARTZITO","Revestimento","Sim"
"Gerência Regional / GO","860840/2011","Requerimento de Autorização de Pesquisa","Autorização de Pesquisa","10.579.917/0001-46","MAVEA MINERACAO LTDA","NIQUELÂNDIA - GO","CALCÁRIO, CALCÁRIO CALCÍTICO, CALCÁRIO DOLOMÍTICO, MINÉRIO DE OURO","Brita, Fabricação de cal, Fabricação de cimento, Industrial","Sim"
"Gerência Regional / GO","860702/1988","Requerimento de Autorização de Pesquisa","Concessão de Lavra","06.117.379/0001-09","MINERACAO THERMAS PARANOA LTDA","CALDAS NOVAS - GO","ÁGUA MINERAL","Demais substâncias","Sim"
"Gerência Regional / GO","860256/2005","Requerimento de Autorização de Pesquisa","Concessão de Lavra","08.640.137/0001-12","Manoel Aires Filho & Cia Ltda","LUZIÂNIA - GO","ÁGUA MINERAL","Industrial","Sim"
"Gerência Regional / GO","861200/2003","Requerimento de Autorização de Pesquisa","Concessão de Lavra","10.482.288/0001-31","HIDROMINERAL CELESTE LTDA","ITUMBIARA - GO","ÁGUA MINERAL","Industrial","Sim"
"Gerência Regional / GO","862043/2007","Requerimento de Autorização de Pesquisa","Concessão de Lavra","08.155.670/0001-99","D. L. do Prado M. Construcao Me","ISRAELÂNDIA - GO","AREIA, MINÉRIO DE OURO","Construção civil, Industrial","Sim"
"Gerência Regional / GO","861525/2009","Requerimento de Cessão parcial","Concessão de Lavra","02.650.521/0001-10","Construforte Construções Ferreira Maia Ltda","JATAÍ - GO","AREIA, CASCALHO","Construção civil, Construção civil","Sim"
"Gerência Regional / GO","860301/2020","Requerimento de Mudança de Regime para Aut. de Pesquisa","Direito de Requerer a Lavra","***.261.912-**","EMIVALDO MIRANDA","ARAGUAPAZ - GO, CRIXÁS - GO, MOZARLÂNDIA - GO","AREIA","Construção civil","Sim"
"Gerência Regional / GO","860466/2009","Requerimento de Autorização de Pesquisa","Concessão de Lavra","10.404.860/0001-44","Mineração Rio do Sal Ltda","PADRE BERNARDO - GO","CALCÁRIO, CALCÁRIO, CALCÁRIO","Brita, Fabricação de cal, Fabricação de cimento","Sim"
"Gerência Regional / GO","860086/2022","Requerimento de Autorização de Pesquisa","Direito de Requerer a Lavra","10.404.860/0001-44","Mineração Rio do Sal Ltda","PADRE BERNARDO - GO","CALCÁRIO, CALCÁRIO, CALCÁRIO CALCÍTICO","Brita, Corretivo de solo, Corretivo de solo","Sim"
"Gerência Regional / GO","861922/1995","Requerimento de Autorização de Pesquisa","Concessão de Lavra","10.404.860/0001-44","Mineração Rio do Sal Ltda","PADRE BERNARDO - GO","CALCÁRIO","Demais substâncias","Sim"
"Gerência Regional / GO","860630/2003","Requerimento de Autorização de Pesquisa","Concessão de Lavra","11.388.431/0001-93","PEDRAS MULTICORES LTDA","PIRENÓPOLIS - GO","QUARTZITO","Industrial","Sim"
"Gerência Regional / GO","860298/2014","Requerimento de Cessão parcial","Concessão de Lavra","10.174.537/0001-21","Cristalina Mineração e Transportes Ltda Me","CRISTALINA - GO","AREIA","Construção civil","Sim"
"Gerência Regional / GO","860301/2014","Requerimento de Cessão parcial","Concessão de Lavra","10.174.537/0001-21","Cristalina Mineração e Transportes Ltda Me","CRISTALINA - GO","AREIA","Construção civil","Sim"
"Gerência Regional / GO","860300/2014","Requerimento de Cessão parcial","Concessão de Lavra","10.174.537/0001-21","Cristalina Mineração e Transportes Ltda Me","CRISTALINA - GO","AREIA","Construção civil","Sim"
"Gerência Regional / GO","860734/2015","Requerimento de Autorização de Pesquisa","Concessão de Lavra","11.036.735/0001-91","KIOKI EMPREENDIMENTOS E LAZER LTDA","LAGOA SANTA - GO","ÁGUA MINERAL","Balneoterapia","Sim"
"Gerência Regional / GO","860810/2016","Requerimento de Cessão parcial","Concessão de Lavra","12.021.400/0001-62","MINERACAO NOVA ESPERANCA LTDA","PROFESSOR JAMIL - GO","AREIA","Construção civil","Sim"
"Gerência Regional / GO","860809/2016","Requerimento de Cessão parcial","Concessão de Lavra","12.021.400/0001-62","MINERACAO NOVA ESPERANCA LTDA","PROFESSOR JAMIL - GO","AREIA","Construção civil","Sim"
"Gerência Regional / GO","860305/2020","Requerimento de Cessão parcial","Concessão de Lavra","12.021.400/0001-62","MINERACAO NOVA ESPERANCA LTDA","PROFESSOR JAMIL - GO","AREIA","Construção civil","Sim"
"Gerência Regional / GO","860304/2020","Requerimento de Cessão parcial","Concessão de Lavra","12.021.400/0001-62","MINERACAO NOVA ESPERANCA LTDA","PROFESSOR JAMIL - GO","AREIA","Construção civil","Sim"
"Gerência Regional / GO","860372/2008","Requerimento de Autorização de Pesquisa","Concessão de Lavra","10.486.442/0001-43","MIGUEL ALVES DE FREITAS","GAMELEIRA DE GOIÁS - GO, SILVÂNIA - GO","AREIA","Construção civil","Sim"
"Gerência Regional / GO","860209/2017","Requerimento de Autorização de Pesquisa","Direito de Requerer a Lavra","11.461.800/0001-26","QUARTZITI MINERADORA LTDA","CORUMBÁ DE GOIÁS - GO","AREIA, QUARTZITO","Construção civil, Industrial","Sim"
"Gerência Regional / GO","861580/1995","Requerimento de Autorização de Pesquisa","Concessão de Lavra","11.857.678/0001-01","BL-EXTRACAO DE AREIA LTDA","PIRACANJUBA - GO, PROFESSOR JAMIL - GO","AREIA","Demais substâncias","Sim"
"Gerência Regional / GO","861579/1995","Requerimento de Autorização de Pesquisa","Concessão de Lavra","11.857.678/0001-01","BL-EXTRACAO DE AREIA LTDA","PIRACANJUBA - GO","AREIA","Demais substâncias","Sim"
"Gerência Regional / GO","861578/1995","Requerimento de Autorização de Pesquisa","Concessão de Lavra","11.857.678/0001-01","BL-EXTRACAO DE AREIA LTDA","PIRACANJUBA - GO","AREIA","Demais substâncias","Sim"
"Gerência Regional / GO","861576/1995","Requerimento de Autorização de Pesquisa","Concessão de Lavra","11.857.678/0001-01","BL-EXTRACAO DE AREIA LTDA","PIRACANJUBA - GO, PROFESSOR JAMIL - GO","AREIA","Demais substâncias","Sim"
"Gerência Regional / GO","861575/1995","Requerimento de Autorização de Pesquisa","Concessão de Lavra","11.857.678/0001-01","BL-EXTRACAO DE AREIA LTDA","PIRACANJUBA - GO, PROFESSOR JAMIL - GO","AREIA","Demais substâncias","Sim"
"Gerência Regional / GO","860577/2011","Requerimento de Autorização de Pesquisa","Concessão de Lavra","11.857.678/0001-01","BL-EXTRACAO DE AREIA LTDA","PIRACANJUBA - GO","AREIA, CASCALHO","Construção civil, Construção civil","Sim"
"Gerência Regional / GO","860571/2017","Requerimento de Cessão parcial","Concessão de Lavra","11.857.678/0001-01","BL-EXTRACAO DE AREIA LTDA","GOIÁS - GO, MATRINCHÃ - GO","AREIA","Construção civil","Sim"
"Gerência Regional / GO","860337/1998","Requerimento de Autorização de Pesquisa","Concessão de Lavra","11.857.678/0001-01","BL-EXTRACAO DE AREIA LTDA","PIRACANJUBA - GO","AREIA","Construção civil","Sim"
"Gerência Regional / GO","860336/1998","Requerimento de Autorização de Pesquisa","Concessão de Lavra","11.857.678/0001-01","BL-EXTRACAO DE AREIA LTDA","PIRACANJUBA - GO, PROFESSOR JAMIL - GO","AREIA","Construção civil","Sim"
"Gerência Regional / GO","860308/2019","Requerimento de Autorização de Pesquisa","Concessão de Lavra","11.857.678/0001-01","BL-EXTRACAO DE AREIA LTDA","CÓRREGO DO OURO - GO, MOIPORÁ - GO","AREIA","Construção civil","Sim"
"Gerência Regional / GO","860007/1999","Requerimento de Autorização de Pesquisa","Concessão de Lavra","11.857.678/0001-01","BL-EXTRACAO DE AREIA LTDA","PIRACANJUBA - GO, PROFESSOR JAMIL - GO","AREIA","Demais substâncias","Sim"
"Gerência Regional / GO","860976/2017","Requerimento de Autorização de Pesquisa","Concessão de Lavra","12.219.604/0001-02","STRACTA MINERACAO LTDA","VILA PROPÍCIO - GO","CALCÁRIO, CALCÁRIO, CALCÁRIO CALCÍTICO, CALCÁRIO DOLOMÍTICO, FILITO","Corretivo de solo, Corretivo de solo, Fabricação de cimento, Fabricação de cimento, Industrial","Sim"
"Gerência Regional / GO","860261/2012","Requerimento de Autorização de Pesquisa","Direito de Requerer a Lavra","12.219.604/0001-02","STRACTA MINERACAO LTDA","NIQUELÂNDIA - GO","MINÉRIO DE OURO","Industrial","Sim"
"Gerência Regional / GO","861992/2007","Requerimento de Autorização de Pesquisa","Concessão de Lavra","10.649.567/0001-47","RIO VERMELHO MINERACAO LTDA","LUZIÂNIA - GO","AREIA, MINÉRIO DE OURO","Construção civil, Industrial","Sim"
"Gerência Regional / GO","860286/2013","Requerimento de Mudança de Regime para Aut. de Pesquisa","Concessão de Lavra","13.229.739/0001-11","V & A. EXTRACAO E COMERCIO DE AREIA E CASCALHO LTDA","SÃO PATRÍCIO - GO","AREIA, CASCALHO","Construção civil, Construção civil","Sim"
"Gerência Regional / GO","861130/2012","Requerimento de Cessão parcial","Direito de Requerer a Lavra","13.083.254/0001-62","MINERACAO 3R LTDA","PADRE BERNARDO - GO","CALCÁRIO","Brita","Sim"
"Gerência Regional / GO","861083/2010","Requerimento de Cessão parcial","Concessão de Lavra","13.083.254/0001-62","MINERACAO 3R LTDA","PADRE BERNARDO - GO","CALCÁRIO","Brita","Sim"
"Gerência Regional / GO","860906/2012","Requerimento de Disponibilidade para pesquisa","Concessão de Lavra","12.970.546/0001-54","DRAGA SAO BENTO E TRANSPORTES LTDA","GOIANÉSIA - GO, SANTA ISABEL - GO","AREIA, CASCALHO","Construção civil, Construção civil","Sim"
"Gerência Regional / GO","860905/2012","Requerimento de Disponibilidade para pesquisa","Concessão de Lavra","12.970.546/0001-54","DRAGA SAO BENTO E TRANSPORTES LTDA","GOIANÉSIA - GO, SANTA ISABEL - GO","AREIA, CASCALHO","Construção civil, Construção civil","Sim"
"Gerência Regional / GO","861305/2007","Requerimento de Autorização de Pesquisa","Concessão de Lavra","12.970.546/0001-54","DRAGA SAO BENTO E TRANSPORTES LTDA","GOIANÉSIA - GO, SANTA ISABEL - GO","AREIA","Construção civil","Sim"
"Gerência Regional / GO","860981/2006","Requerimento de Autorização de Pesquisa","Concessão de Lavra","12.970.546/0001-54","DRAGA SAO BENTO E TRANSPORTES LTDA","GOIANÉSIA - GO, SANTA ISABEL - GO","AREIA, CASCALHO, MINÉRIO DE OURO","Construção civil, Construção civil, Industrial","Sim"
"Gerência Regional / GO","860594/2006","Requerimento de Autorização de Pesquisa","Concessão de Lavra","13.342.485/0001-43","MINERACAO ANTONELLI LTDA","ABADIÂNIA - GO","ARENITO, ARENITO, MINÉRIO DE OURO, QUARTZITO","Construção civil, Industrial, Industrial, Revestimento","Sim"
"Gerência Regional / GO","862143/1995","Requerimento de Autorização de Pesquisa","Concessão de Lavra","13.568.566/0001-66","MINERACAO GNB LTDA","IPORÁ - GO","SIENITO","Demais substâncias","Sim"
"Gerência Regional / GO","861365/2015","Requerimento de Autorização de Pesquisa","Direito de Requerer a Lavra","13.568.566/0001-66","MINERACAO GNB LTDA","FAINA - GO","ILMENITA","Industrial","Sim"
"Gerência Regional / GO","860581/2021","Requerimento de Pesquisa - Leilão","Direito de Requerer a Lavra","13.568.566/0001-66","MINERACAO GNB LTDA","FAINA - GO","ILMENITA","Industrial","Sim"
"Gerência Regional / GO","860559/2018","Requerimento de Autorização de Pesquisa","Direito de Requerer a Lavra","13.568.566/0001-66","MINERACAO GNB LTDA","MATRINCHÃ - GO","GRANITO","Revestimento","Sim"
"Gerência Regional / GO","860233/2001","Requerimento de Autorização de Pesquisa","Concessão de Lavra","13.568.566/0001-66","MINERACAO GNB LTDA","PORANGATU - GO","GRANULITO","Demais substâncias","Sim"
"Gerência Regional / GO","861610/2011","Requerimento de Autorização de Pesquisa","Concessão de Lavra","13.707.719/0001-09","ARMAZEM DA AREIA LTDA","SENADOR CANEDO - GO","AREIA, CASCALHO, QUARTZITO","Brita, Construção civil, Construção civil","Sim"
"Gerência Regional / GO","860824/2023","Requerimento de Cessão parcial","Autorização de Pesquisa","13.301.570/0001-63","LUCILEY ALVES ROSA","PARAÚNA - GO","AREIA","Construção civil","Sim"
"Gerência Regional / GO","861040/2024","Requerimento de Cessão parcial","Direito de Requerer a Lavra","13.301.570/0001-63","LUCILEY ALVES ROSA","PARAÚNA - GO","AREIA","Construção civil","Sim"
"Gerência Regional / GO","860088/2009","Requerimento de Autorização de Pesquisa","Concessão de Lavra","13.055.336/0001-01","PEDREIRA MSC LTDA","SANTA TEREZA DE GOIÁS - GO","GRANITO, ILMENITA","Brita, Industrial","Sim"
"Gerência Regional / GO","861559/2008","Requerimento de Autorização de Pesquisa","Concessão de Lavra","12.985.327/0001-49","JOSE DE CAMPOS AMARAL","COCALZINHO DE GOIÁS - GO","AREIA","Construção civil","Sim"
"Gerência Regional / GO","860282/2003","Requerimento de Autorização de Pesquisa","Concessão de Lavra","13.648.937/0001-10","Cpx Goiana Mineração S.a.","ANICUNS - GO","CALCÁRIO DOLOMÍTICO","Industrial","Sim"
"Gerência Regional / GO","862051/2011","Requerimento de Disponibilidade para pesquisa","Concessão de Lavra","13.648.937/0001-10","Cpx Goiana Mineração S.a.","FORMOSA - GO","ARGILA, CALCÁRIO, CALCÁRIO CALCÍTICO, FOSFATO, MARGA, SILTITO","Brita, Fabricação de cal, Fabricação de cimento, Fertilizantes, Industrial, Industrial","Sim"
"Gerência Regional / GO","860158/2009","Requerimento de Autorização de Pesquisa","Concessão de Lavra","14.747.535/0001-35","F. G. MINERACAO E TRANSPORTE LTDA","SILVÂNIA - GO","AREIA","Construção civil","Sim"
"Gerência Regional / GO","860427/2014","Requerimento de Autorização de Pesquisa","Direito de Requerer a Lavra","15.174.400/0001-90","Pedreira Britaminas Fortaleza Ltda","GOIATUBA - GO","BASALTO","Revestimento","Sim"
"Gerência Regional / GO","860466/2008","Requerimento de Autorização de Pesquisa","Concessão de Lavra","14.945.933/0001-66","MINERACAO RG LTDA","BURITI DE GOIÁS - GO, SANCLERLÂNDIA - GO","AREIA","Construção civil","Sim"
"Gerência Regional / GO","860326/2015","Requerimento de Autorização de Pesquisa","Direito de Requerer a Lavra","08.394.563/0001-13","Tropical Trading, Incorporação e Participação Ltda","DIVINÓPOLIS DE GOIÁS - GO","CALCÁRIO, CALCÁRIO CALCÍTICO, FOSFATO","Fabricação de cimento, Fabricação de cimento, Fertilizantes","Sim"
"Gerência Regional / GO","860155/1991","Requerimento de Autorização de Pesquisa","Concessão de Lavra","09.642.280/0001-06","PEDREIRA HVB LTDA","BELA VISTA DE GOIÁS - GO","MICAXISTO","Demais substâncias","Sim"
"Gerência Regional / GO","861034/2011","Requerimento de Autorização de Pesquisa","Concessão de Lavra","10.976.787/0001-85","AGUAS DE GOIAS EXTRACAO MINERAL LTDA","ANÁPOLIS - GO","ÁGUA MINERAL","Engarrafamento","Sim"
"Gerência Regional / GO","860211/2017","Requerimento de Cessão parcial","Direito de Requerer a Lavra","***.342.311-**","Alberto Jose Fernandes","FORMOSO - GO, SANTA TEREZA DE GOIÁS - GO","AREIA","Construção civil","Sim"
"Gerência Regional / GO","861928/2005","Requerimento de Registro de Licença","Concessão de Lavra","11.122.917/0001-85","DIAMANTE NEGRO MINERADORA LTDA","GOIATUBA - GO","BASALTO","Construção civil","Sim"
"Gerência Regional / GO","860513/1986","Requerimento de Autorização de Pesquisa","Concessão de Lavra","11.022.569/0001-74","MINERGO-MINERACAO GOIANA LTDA","CALDAS NOVAS - GO","ÁGUA MINERAL","Demais substâncias","Sim"
"Gerência Regional / GO","861480/2012","Requerimento de Autorização de Pesquisa","Concessão de Lavra","10.404.860/0001-44","Mineração Rio do Sal Ltda","PADRE BERNARDO - GO","CALCÁRIO","Fabricação de cimento","Sim"
"Gerência Regional / GO","860644/2007","Requerimento de Autorização de Pesquisa","Concessão de Lavra","10.666.230/0001-48","WM MINERACAO LTDA","GOIANIRA - GO, TRINDADE - GO","CALCÁRIO, CALCÁRIO, MÁRMORE, PIROXENITO","Brita, Brita, Corretivo de solo, Revestimento","Sim"
"Gerência Regional / GO","860631/2003","Requerimento de Autorização de Pesquisa","Concessão de Lavra","11.388.431/0001-93","PEDRAS MULTICORES LTDA","PIRENÓPOLIS - GO","QUARTZITO","Industrial","Sim"
"Gerência Regional / GO","860299/2014","Requerimento de Cessão parcial","Concessão de Lavra","10.174.537/0001-21","Cristalina Mineração e Transportes Ltda Me","CRISTALINA - GO","AREIA","Construção civil","Sim"
"Gerência Regional / GO","861299/2009","Requerimento de Autorização de Pesquisa","Concessão de Lavra","11.338.568/0001-33","AREIA GOIAS MINERACAO LTDA","SENADOR CANEDO - GO","MINÉRIO DE OURO, QUARTZITO","Industrial, Industrial","Sim"
"Gerência Regional / GO","861052/2016","Requerimento de Autorização de Pesquisa","Direito de Requerer a Lavra","***.703.131-**","Ricardo morais e silva","ABADIA DE GOIÁS - GO","MINÉRIO DE OURO, XISTO","Brita, Industrial","Sim"
"Gerência Regional / GO","861192/2007","Requerimento de Autorização de Pesquisa","Concessão de Lavra","33.597.618/0001-30","A R Borges de Sousa Me","RIALMA - GO, SANTA ISABEL - GO","AREIA, CASCALHO, MINÉRIO DE OURO","Construção civil, Construção civil, Industrial","Sim"
"Gerência Regional / GO","860409/2021","Requerimento de Autorização de Pesquisa","Direito de Requerer a Lavra","09.646.525/0001-73","Jm Mineração e Transporte Ltda","ITAPIRAPUÃ - GO, MATRINCHÃ - GO","AREIA, CASCALHO, MINÉRIO DE OURO","Construção civil, Construção civil, Industrial","Sim"
"Gerência Regional / GO","861299/2006","Requerimento de Autorização de Pesquisa","Concessão de Lavra","11.211.244/0001-30","EXTRACAO DE AREIA BOA ESPERANCA","JATAÍ - GO","AREIA","Construção civil","Sim"
"Gerência Regional / GO","861788/2005","Requerimento de Autorização de Pesquisa","Concessão de Lavra","11.036.735/0001-91","KIOKI EMPREENDIMENTOS E LAZER LTDA","LAGOA SANTA - GO","ÁGUA MINERAL","Balneoterapia","Sim"
"Gerência Regional / GO","861610/2008","Requerimento de Autorização de Pesquisa","Concessão de Lavra","04.146.891/0001-40","MINERAX MINERACOES S.A.","PADRE BERNARDO - GO","CALCÁRIO","Fabricação de cimento","Sim"
"Gerência Regional / GO","861846/2007","Requerimento de Autorização de Pesquisa","Concessão de Lavra","11.831.626/0001-66","Mineração Caulim Rio Santa Tereza Ltda EPP","TROMBAS - GO","CAULIM","Industrial","Sim"
"Gerência Regional / GO","860854/2017","Requerimento de Autorização de Pesquisa","Direito de Requerer a Lavra","***.299.951-**","THIAGO MARTINS BORGES DE MOURA","JAÚ DO TOCANTINS - TO, MONTIVIDIU DO NORTE - GO","GRANITO","Revestimento","Sim"
"Gerência Regional / GO","860768/2010","Requerimento de Autorização de Pesquisa","Direito de Requerer a Lavra","11.954.210/0001-35","PEDREIRA CAMPO LIMPO LTDA","CAMPO LIMPO DE GOIÁS - GO","GRANITO, GRANULITO, ILMENITA","Brita, Industrial, Revestimento","Sim"
"Gerência Regional / GO","862393/2011","Requerimento de Mudança de Regime para Aut. de Pesquisa","Concessão de Lavra","37.021.524/0001-79","LUIZ HUMBERTO DE OLIVEIRA","VICENTINÓPOLIS - GO","BASALTO, BASALTO","Pedra de talhe, Revestimento","Sim"
"Gerência Regional / GO","860094/2009","Requerimento de Autorização de Pesquisa","Concessão de Lavra","10.801.245/0001-71","Agropecuaria Andorinhas do Cerrado Ltda","NOVO GAMA - GO","ÁGUA MINERAL","Engarrafamento","Sim"
"Gerência Regional / GO","860811/2016","Requerimento de Cessão parcial","Concessão de Lavra","12.021.400/0001-62","MINERACAO NOVA ESPERANCA LTDA","PROFESSOR JAMIL - GO","AREIA","Construção civil","Sim"
"Gerência Regional / GO","861036/2006","Requerimento de Autorização de Pesquisa","Concessão de Lavra","10.486.442/0001-43","MIGUEL ALVES DE FREITAS","GAMELEIRA DE GOIÁS - GO, SILVÂNIA - GO","AREIA","Construção civil","Sim"
"Gerência Regional / GO","861088/2011","Requerimento de Autorização de Pesquisa","Direito de Requerer a Lavra","***.063.201-**","Gustavo Lacerda Ramos","PLANALTINA - GO","QUARTZITO, QUARTZITO","Industrial, Revestimento","Sim"
"Gerência Regional / GO","861332/2016","Requerimento de Mudança de Regime para Aut. de Pesquisa","Direito de Requerer a Lavra","11.461.800/0001-26","QUARTZITI MINERADORA LTDA","CORUMBÁ DE GOIÁS - GO","AREIA","Construção civil","Sim"
"Gerência Regional / GO","860065/1986","Requerimento de Autorização de Pesquisa","Concessão de Lavra","07.617.060/0001-05","ERSPINDOLA MINERACAO LTDA","CALDAS NOVAS - GO","ÁGUA MINERAL, ÁGUAS TERMAIS","Demais substâncias, Demais substâncias","Sim"
"Gerência Regional / GO","861295/2004","Requerimento de Autorização de Pesquisa","Concessão de Lavra","10.338.305/0001-61","Santa Vitória Energia e Mineração Ltda","SANTA CRUZ DE GOIÁS - GO","AREIA","Construção civil","Sim"
"Gerência Regional / GO","861581/1995","Requerimento de Autorização de Pesquisa","Concessão de Lavra","11.857.678/0001-01","BL-EXTRACAO DE AREIA LTDA","PIRACANJUBA - GO, PROFESSOR JAMIL - GO","AREIA","Demais substâncias","Sim"
"Gerência Regional / GO","861598/2010","Requerimento de Autorização de Pesquisa","Concessão de Lavra","12.219.604/0001-02","STRACTA MINERACAO LTDA","BARRO ALTO - GO","ARGILA, BAUXITA","Industrial, Industrial","Sim"
"Gerência Regional / GO","861592/2010","Requerimento de Autorização de Pesquisa","Direito de Requerer a Lavra","***.623.731-**","Carita David Gomes","PARAÚNA - GO","BASALTO","Revestimento","Sim"
"Gerência Regional / GO","862178/2005","Requerimento de Autorização de Pesquisa","Concessão de Lavra","12.676.991/0001-06","OLAF WINKING","CRISTALINA - GO","AREIA, QUARTZO","Construção civil, Industrial","Sim"
"Gerência Regional / GO","861254/2014","Requerimento de Autorização de Pesquisa","Direito de Requerer a Lavra","***.806.731-**","Ribas Veríssimo da Silva","SANTA CRUZ DE GOIÁS - GO","AREIA, CASCALHO, DIAMANTE, DIAMANTE","Construção civil, Construção civil, Gema, Industrial","Sim"
"Gerência Regional / GO","861993/2007","Requerimento de Autorização de Pesquisa","Concessão de Lavra","10.649.567/0001-47","RIO VERMELHO MINERACAO LTDA","LUZIÂNIA - GO","AREIA, MINÉRIO DE OURO","Construção civil, Industrial","Sim"
"Gerência Regional / GO","860287/2013","Requerimento de Mudança de Regime para Aut. de Pesquisa","Concessão de Lavra","13.229.739/0001-11","V & A. EXTRACAO E COMERCIO DE AREIA E CASCALHO LTDA","SÃO PATRÍCIO - GO","AREIA, CASCALHO","Construção civil, Construção civil","Sim"
"Gerência Regional / GO","861379/2007","Requerimento de Autorização de Pesquisa","Concessão de Lavra","13.083.254/0001-62","MINERACAO 3R LTDA","PADRE BERNARDO - GO","CALCÁRIO, CALCÁRIO","Brita, Fabricação de cimento","Sim"
"Gerência Regional / GO","860907/2012","Requerimento de Disponibilidade para pesquisa","Concessão de Lavra","12.970.546/0001-54","DRAGA SAO BENTO E TRANSPORTES LTDA","GOIANÉSIA - GO, SANTA ISABEL - GO","AREIA, CASCALHO","Construção civil, Construção civil","Sim"
"Gerência Regional / GO","862429/2011","Requerimento de Autorização de Pesquisa","Concessão de Lavra","13.307.354/0001-25","E. CAMARGO MINERACAO - EIRELI","JARAGUÁ - GO","AREIA, CASCALHO, MINÉRIO DE OURO","Construção civil, Construção civil, Industrial","Sim"
"Gerência Regional / GO","861262/2014","Requerimento de Autorização de Pesquisa","Concessão de Lavra","13.342.485/0001-43","MINERACAO ANTONELLI LTDA","ANÁPOLIS - GO","GRANULITO, QUARTZITO","Revestimento, Revestimento","Sim"
"Gerência Regional / GO","860723/2011","Requerimento de Autorização de Pesquisa","Direito de Requerer a Lavra","00.688.770/0001-79","Anfari Agropecuária S A","PADRE BERNARDO - GO","AREIA","Construção civil","Sim"
"Gerência Regional / GO","861160/2006","Requerimento de Autorização de Pesquisa","Concessão de Lavra","00.798.066/0001-79","JESIEL MORAES MENEZES","JATAÍ - GO","AREIA, MINÉRIO DE OURO","Construção civil, Industrial","Sim"
"Gerência Regional / GO","860839/2011","Requerimento de Autorização de Pesquisa","Direito de Requerer a Lavra","***.359.021-**","Onedeland Nascimento Teixeira Neto","SÃO JOÃO D'ALIANÇA - GO","AREIA, MINÉRIO DE OURO, QUARTZITO","Construção civil, Industrial, Revestimento","Sim"
"Gerência Regional / GO","860505/1989","Requerimento de Autorização de Pesquisa","Concessão de Lavra","00.453.771/0001-34","GRAN VERMELHO GOIAS IMP EXP EXTRACAO E COMERCIO DE PEDRAS LTDA","JAUPACI - GO","GRANITO","Demais substâncias","Sim"
"Gerência Regional / GO","861648/2009","Requerimento de Autorização de Pesquisa","Concessão de Lavra","13.707.719/0001-09","ARMAZEM DA AREIA LTDA","SENADOR CANEDO - GO","CASCALHO, QUARTZITO, QUARTZITO","Brita, Construção civil, Industrial","Sim"
"Gerência Regional / GO","861475/2009","Requerimento de Autorização de Pesquisa","Concessão de Lavra","13.508.385/0001-44","Mineração Jd Ltda","APARECIDA DE GOIÂNIA - GO","AREIA, XISTO","Brita, Construção civil","Sim"
"Gerência Regional / GO","861466/2021","Requerimento de Autorização de Pesquisa","Direito de Requerer a Lavra","***.940.051-**","MARIA JOVENTINA DA SILVA GOINHO","GOIÁS - GO","AREIA, CASCALHO, MINÉRIO DE OURO","Construção civil, Construção civil, Industrial","Sim"
"Gerência Regional / GO","862448/2008","Requerimento de Autorização de Pesquisa","Concessão de Lavra","01.383.301/0001-04","ABNER JESUS MOREIRA","MINEIROS - GO","AREIA, CASCALHO","Construção civil, Construção civil","Sim"
"Gerência Regional / GO","861125/2021","Requerimento de Pesquisa - Oferta Pública ","Direito de Requerer a Lavra","***.025.231-**","Carlos Antônio Pereira Neves","MORRINHOS - GO","AREIA, CASCALHO","Construção civil, Construção civil","Sim"
"Gerência Regional / GO","860577/2017","Requerimento de Autorização de Pesquisa","Direito de Requerer a Lavra","38.058.855/0001-46","Sal da Terra Sistema Mercantil de Desenvolvimento Agro.industrial Ltda.","COCALZINHO DE GOIÁS - GO","AREIA","Construção civil","Sim"
"Gerência Regional / GO","861020/2024","Requerimento de Cessão parcial","Direito de Requerer a Lavra","13.301.570/0001-63","LUCILEY ALVES ROSA","PARAÚNA - GO","AREIA","Construção civil","Sim"
"Gerência Regional / GO","861648/2011","Requerimento de Autorização de Pesquisa","Direito de Requerer a Lavra","***.489.467-**","José Maria Barros","SANTO ANTÔNIO DO DESCOBERTO - GO","AREIA, MINÉRIO DE OURO","Construção civil, Industrial","Sim"
"Gerência Regional / GO","860955/2012","Requerimento de Disponibilidade para pesquisa","Direito de Requerer a Lavra","13.055.336/0001-01","PEDREIRA MSC LTDA","SANTA TEREZA DE GOIÁS - GO","GRANITO, MINÉRIO DE OURO","Brita, Industrial","Sim"
"Gerência Regional / GO","861844/2008","Requerimento de Autorização de Pesquisa","Concessão de Lavra","12.985.327/0001-49","JOSE DE CAMPOS AMARAL","COCALZINHO DE GOIÁS - GO","AREIA","Construção civil","Sim"
"Gerência Regional / GO","861071/2012","Requerimento de Autorização de Pesquisa","Direito de Requerer a Lavra","***.571.981-**","LOURIVAL FERREIRA DO NASCIMENTO","GUARANI DE GOIÁS - GO, IACIARA - GO","AREIA, CASCALHO","Construção civil, Construção civil","Sim"
"Gerência Regional / GO","860560/2003","Requerimento de Autorização de Pesquisa","Concessão de Lavra","13.648.937/0001-10","Cpx Goiana Mineração S.a.","ANICUNS - GO, AVELINÓPOLIS - GO","CALCÁRIO","Demais substâncias","Sim"
"Gerência Regional / GO","860463/2008","Requerimento de Autorização de Pesquisa","Direito de Requerer a Lavra","13.927.963/0001-87","Alto Collina Mineradora Ltda.","CAVALCANTE - GO, COLINAS DO SUL - GO","AREIA, CASCALHO","Construção civil, Construção civil","Sim"
"Gerência Regional / GO","860149/2014","Requerimento de Mudança de Regime para Aut. de Pesquisa","Concessão de Lavra","14.213.571/0001-19","AREIA BRASIL MINERACAO INDUSTRIA E COMERCIO LTDA","ARAGOIÂNIA - GO","QUARTZITO","Brita","Sim"
"Gerência Regional / GO","861244/2021","Requerimento de Pesquisa - Leilão","Concessão de Lavra","12.693.630/0001-78","RESENDE MINERACAO LTDA","FAZENDA NOVA - GO, JAUPACI - GO, MONTES CLAROS DE GOIÁS - GO","AREIA","Construção civil","Sim"
"Gerência Regional / GO","860602/2003","Requerimento de Autorização de Pesquisa","Concessão de Lavra","08.638.106/0001-27","PEDREIRA FORTALEZA DO BAUZINHO LTDA","RIO VERDE - GO, SANTA HELENA DE GOIÁS - GO","BASALTO","Industrial","Sim"
"Gerência Regional / GO","860374/2016","Requerimento de Disponibilidade para pesquisa","Concessão de Lavra","13.353.018/0001-19","Mineradora L & M Fronteira Ltda","SANTO ANTÔNIO DO DESCOBERTO - GO","AREIA, ARENITO, SAIBRO","Construção civil, Construção civil, Construção civil","Sim"
"Gerência Regional / GO","860421/2007","Requerimento de Autorização de Pesquisa","Concessão de Lavra","14.687.879/0001-04","F. G. Mineradora Ltda","HIDROLÂNDIA - GO","AREIA, CASCALHO, MINÉRIO DE OURO","Construção civil, Construção civil, Industrial","Sim"
"Gerência Regional / GO","860915/2019","Requerimento de Autorização de Pesquisa","Direito de Requerer a Lavra","***.929.951-**","LUIS HUMBERTO RODRIGUES JUNIOR","GOIANÉSIA - GO, SANTA ISABEL - GO","AREIA, MINÉRIO DE OURO","Construção civil, Industrial","Sim"
"Gerência Regional / GO","860220/2022","Requerimento de Autorização de Pesquisa","Concessão de Lavra","14.747.535/0001-35","F. G. MINERACAO E TRANSPORTE LTDA","SILVÂNIA - GO","AREIA","Construção civil","Sim"
"Gerência Regional / GO","860418/2012","Requerimento de Cessão parcial","Direito de Requerer a Lavra","***.036.281-**","Marlúcia de Oliveira Ribeiro","AURILÂNDIA - GO, FIRMINÓPOLIS - GO, SÃO LUÍS DE MONTES BELOS - GO","AREIA, CASCALHO, MINÉRIO DE OURO","Construção civil, Construção civil, Industrial","Sim"
"Gerência Regional / GO","860790/2015","Requerimento de Autorização de Pesquisa","Concessão de Lavra","13.201.433/0001-57","ESTONE'S HANGER AREIA E SIMILARES LTDA","ABADIÂNIA - GO","AREIA, DIAMANTE","Construção civil, Industrial","Sim"
"Gerência Regional / GO","860921/2006","Requerimento de Autorização de Pesquisa","Concessão de Lavra","15.174.400/0001-90","Pedreira Britaminas Fortaleza Ltda","MINEIROS - GO","BASALTO","Revestimento","Sim"
"Gerência Regional / GO","860467/2008","Requerimento de Autorização de Pesquisa","Concessão de Lavra","14.945.933/0001-66","MINERACAO RG LTDA","BURITI DE GOIÁS - GO, SANCLERLÂNDIA - GO","AREIA","Construção civil","Sim"
"Gerência Regional / GO","860327/2015","Requerimento de Autorização de Pesquisa","Direito de Requerer a Lavra","08.394.563/0001-13","Tropical Trading, Incorporação e Participação Ltda","DIVINÓPOLIS DE GOIÁS - GO","CALCÁRIO CALCÍTICO, FOSFATO","Fabricação de cimento, Fertilizantes","Sim"
"Gerência Regional / GO","860092/2008","Requerimento de Autorização de Pesquisa","Concessão de Lavra","15.456.201/0001-75","I.M. NEVES - DRAGA BEM-TI-VI","GOIANÉSIA - GO, JARAGUÁ - GO","AREIA, CASCALHO, MINÉRIO DE OURO","Construção civil, Construção civil, Industrial","Sim"
"Gerência Regional / GO","860807/2008","Requerimento de Autorização de Pesquisa","Concessão de Lavra","14.883.253/0001-65","DIVINO CARLOS MARQUES FERNANDES","GOIÁS - GO, ITAPIRAPUÃ - GO","AREIA, MINÉRIO DE OURO","Construção civil, Industrial","Sim"
"Gerência Regional / GO","860816/2010","Requerimento de Autorização de Pesquisa","Concessão de Lavra","12.334.860/0001-40","JJX: FORTES INDUSTRIA, COMERCIO, CONSTRUCOES E MINERACAO LTDA","FORMOSA - GO","AREIA, CASCALHO","Construção civil, Construção civil","Sim"
"Gerência Regional / GO","860241/2018","Requerimento de Cessão parcial","Concessão de Lavra","15.616.813/0001-88","C A DA CRUZ - EIRELI","MORRO AGUDO DE GOIÁS - GO","AREIA","Construção civil","Sim"
"Gerência Regional / GO","860022/2011","Requerimento de Autorização de Pesquisa","Concessão de Lavra","15.616.813/0001-88","C A DA CRUZ - EIRELI","SANTA CRUZ DE GOIÁS - GO","AREIA","Construção civil","Sim"
"Gerência Regional / GO","861440/2010","Requerimento de Autorização de Pesquisa","Concessão de Lavra","15.616.813/0001-88","C A DA CRUZ - EIRELI","PIRES DO RIO - GO, SANTA CRUZ DE GOIÁS - GO","AREIA","Construção civil","Sim"
"Gerência Regional / GO","861429/2008","Requerimento de Autorização de Pesquisa","Concessão de Lavra","15.616.813/0001-88","C A DA CRUZ - EIRELI","SANTA CRUZ DE GOIÁS - GO","AREIA","Construção civil","Sim"
"Gerência Regional / GO","861428/2008","Requerimento de Autorização de Pesquisa","Concessão de Lavra","15.616.813/0001-88","C A DA CRUZ - EIRELI","SANTA CRUZ DE GOIÁS - GO","AREIA","Construção civil","Sim"
"Gerência Regional / GO","860734/2009","Requerimento de Autorização de Pesquisa","Concessão de Lavra","09.688.553/0001-53","ARERRIOS MINERACAO E TRANSPORTE LTDA","ITAPIRAPUÃ - GO, MATRINCHÃ - GO","AREIA","Construção civil","Sim"
"Gerência Regional / GO","860333/2020","Requerimento de Mudança de Regime para Aut. de Pesquisa","Concessão de Lavra","09.688.553/0001-53","ARERRIOS MINERACAO E TRANSPORTE LTDA","GOIÁS - GO","AREIA","Construção civil","Sim"
"Gerência Regional / GO","860047/2005","Requerimento de Autorização de Pesquisa","Concessão de Lavra","09.216.167/0001-69","MINERACOES DO BRASIL LTDA","CRISTALINA - GO, IPAMERI - GO","CALCÁRIO","Corretivo de solo","Sim"
"Gerência Regional / GO","860194/2016","Requerimento de Autorização de Pesquisa","Concessão de Lavra","16.842.764/0001-64","Mineradora Santa Barbara Ltda Me","CATURAÍ - GO","ARGILA","Industrial","Sim"
"Gerência Regional / GO","860318/1994","Requerimento de Lavra Garimpeira","Concessão de Lavra","17.125.322/0001-60","EMBRAAREIA EMPRESA DE EXTRACAO E COMERCIO DE AREIA LTDA","SANTA RITA DO NOVO DESTINO - GO, URUAÇU - GO","AREIA, CASCALHO","Demais substâncias, Demais substâncias","Sim"
"Gerência Regional / GO","860312/2003","Requerimento de Autorização de Pesquisa","Concessão de Lavra","17.125.322/0001-60","EMBRAAREIA EMPRESA DE EXTRACAO E COMERCIO DE AREIA LTDA","SANTA RITA DO NOVO DESTINO - GO, URUAÇU - GO","AREIA","Construção civil","Sim"
"Gerência Regional / GO","860745/2000","Requerimento de Autorização de Pesquisa","Concessão de Lavra","17.125.322/0001-60","EMBRAAREIA EMPRESA DE EXTRACAO E COMERCIO DE AREIA LTDA","SANTA RITA DO NOVO DESTINO - GO, URUAÇU - GO","AREIA","Construção civil","Sim"
"Gerência Regional / GO","860881/2008","Requerimento de Autorização de Pesquisa","Concessão de Lavra","17.742.494/0001-82","SABLO EXTRACAO E COMERCIO DE AREIA E CASCALHO EIRELI","SÃO LUIZ DO NORTE - GO","AREIA, MINÉRIO DE OURO","Construção civil, Industrial","Sim"
"Gerência Regional / GO","860510/2018","Requerimento de Disponibilidade para pesquisa","Direito de Requerer a Lavra","17.742.494/0001-82","SABLO EXTRACAO E COMERCIO DE AREIA E CASCALHO EIRELI","NOVA GLÓRIA - GO, SANTA ISABEL - GO","AREIA","Construção civil","Sim"
"Gerência Regional / GO","861691/2012","Requerimento de Cessão parcial","Concessão de Lavra","17.833.812/0001-10","DANTAS MINERIOS LTDA","GUAPÓ - GO","GNAISSE","Brita","Sim"
"Gerência Regional / GO","861690/2012","Requerimento de Cessão parcial","Concessão de Lavra","17.833.812/0001-10","DANTAS MINERIOS LTDA","GUAPÓ - GO","GNAISSE","Brita","Sim"
"Gerência Regional / GO","861835/2010","Requerimento de Autorização de Pesquisa","Concessão de Lavra","17.833.812/0001-10","DANTAS MINERIOS LTDA","GUAPÓ - GO","GNAISSE","Revestimento","Sim"
"Gerência Regional / GO","860233/2023","Requerimento de Autorização de Pesquisa","Direito de Requerer a Lavra","***.536.061-**","Cairo Roberto da Silva","DOVERLÂNDIA - GO","AREIA","Construção civil","Sim"
"Gerência Regional / GO","861115/2014","Requerimento de Autorização de Pesquisa","Direito de Requerer a Lavra","***.195.746-**","Cesar Pires Thome","FORMOSA - GO","CALCÁRIO, CALCÁRIO CALCÍTICO, CALCÁRIO DOLOMÍTICO, CALCÁRIO DOLOMÍTICO, QUARTZITO","Brita, Corretivo de solo, Fabricação de cal, Fabricação de cimento, Industrial","Sim"
"Gerência Regional / GO","860879/2015","Requerimento de Autorização de Pesquisa","Concessão de Lavra","10.874.032/0001-70","AREIA PONTO FORTE LTDA","SANTA VITÓRIA - MG, SÃO SIMÃO - GO","AREIA, CASCALHO, DIAMANTE, DIAMANTE","Construção civil, Construção civil, Gema, Industrial","Sim"
"Gerência Regional / GO","860435/2009","Requerimento de Autorização de Pesquisa","Concessão de Lavra","13.157.337/0001-59","WERLON ALVES CORDEIRO","AURILÂNDIA - GO","AREIA, MINÉRIO DE OURO","Construção civil, Industrial","Sim"
"Gerência Regional / GO","860205/2010","Requerimento de Autorização de Pesquisa","Direito de Requerer a Lavra","19.103.623/0001-18","COCAL GOLD MINING LTDA","NIQUELÂNDIA - GO","MINÉRIO DE OURO","Industrial","Sim"
"Gerência Regional / GO","860955/2024","Requerimento de Cessão parcial","Autorização de Pesquisa","17.736.663/0001-71","FB MINERACAO LTDA","CRIXÁS - GO, MOZARLÂNDIA - GO","AREIA","Construção civil","Sim"
"Gerência Regional / GO","860954/2024","Requerimento de Cessão parcial","Autorização de Pesquisa","17.736.663/0001-71","FB MINERACAO LTDA","MOZARLÂNDIA - GO, NOVA CRIXÁS - GO","AREIA","Construção civil","Sim"
"Gerência Regional / GO","860192/2017","Requerimento de Autorização de Pesquisa","Concessão de Lavra","16.949.392/0001-70","PHANTHOM GREEN MINERADORA LTDA-ME","CÓRREGO DO OURO - GO","AREIA","Construção civil","Sim"
"Gerência Regional / GO","860155/2009","Requerimento de Autorização de Pesquisa","Concessão de Lavra","16.949.392/0001-70","PHANTHOM GREEN MINERADORA LTDA-ME","AURILÂNDIA - GO, SÃO LUÍS DE MONTES BELOS - GO","AREIA, CASCALHO, MINÉRIO DE OURO","Construção civil, Construção civil, Industrial","Sim"
"Gerência Regional / GO","860420/2021","Requerimento de Autorização de Pesquisa","Concessão de Lavra","16.949.392/0001-70","PHANTHOM GREEN MINERADORA LTDA-ME","ARAGUAPAZ - GO, FAINA - GO","AREIA","Construção civil","Sim"
"Gerência Regional / GO","860911/2009","Requerimento de Autorização de Pesquisa","Concessão de Lavra","09.431.553/0001-73","Distribuidora de Areia Rio Piloes Ltda Me","FAZENDA NOVA - GO, ISRAELÂNDIA - GO","AREIA, MINÉRIO DE OURO","Construção civil, Industrial","Sim"
"Gerência Regional / GO","860831/2015","Requerimento de Mudança de Regime para Aut. de Pesquisa","Concessão de Lavra","15.577.033/0001-76","Deposito de Areia Rio Santana e Transporte Ltda Me ","ITAPURANGA - GO","AREIA","Construção civil","Sim"
"Gerência Regional / GO","860310/2016","Requerimento de Autorização de Pesquisa","Direito de Requerer a Lavra","18.090.544/0001-57","GONCALVES E ALMEIDA LTDA","JATAÍ - GO, RIO VERDE - GO","AREIA, DIAMANTE","Construção civil, Industrial","Sim"
"Gerência Regional / GO","860241/2017","Requerimento de Autorização de Pesquisa","Direito de Requerer a Lavra","18.090.544/0001-57","GONCALVES E ALMEIDA LTDA","CÓRREGO DO OURO - GO","AREIA","Construção civil","Sim"
"Gerência Regional / GO","860924/2016","Requerimento de Autorização de Pesquisa","Concessão de Lavra","18.090.544/0001-57","GONCALVES E ALMEIDA LTDA","PIRANHAS - GO","AREIA, DIAMANTE","Construção civil, Industrial","Sim"
"Gerência Regional / GO","860555/2016","Requerimento de Cessão parcial","Concessão de Lavra","18.090.544/0001-57","GONCALVES E ALMEIDA LTDA","PIRANHAS - GO","AREIA","Construção civil","Sim"
"Gerência Regional / GO","860061/2019","Requerimento de Autorização de Pesquisa","Direito de Requerer a Lavra","20.546.705/0001-16","PANCIERI ROCHAS DO BRASIL LTDA","COLINAS DO SUL - GO","MINÉRIO DE OURO","Industrial","Sim"
"Gerência Regional / GO","860448/2019","Requerimento de Autorização de Pesquisa","Direito de Requerer a Lavra","15.534.873/0001-51","RIO CLARO MINERACAO E EMPREENDIMENTOS LTDA","CAVALCANTE - GO","AREIA, MINÉRIO DE OURO","Construção civil, Industrial","Sim"
"Gerência Regional / GO","860113/2019","Requerimento de Autorização de Pesquisa","Concessão de Lavra","14.526.202/0001-86","AREIAL J. R LTDA","GOIÁS - GO, MATRINCHÃ - GO","AREIA","Construção civil","Sim"
"Gerência Regional / GO","860001/2005","Requerimento de Autorização de Pesquisa","Concessão de Lavra","14.526.202/0001-86","AREIAL J. R LTDA","GUAPÓ - GO, PALMEIRAS DE GOIÁS - GO","AREIA, OURO","Construção civil, Industrial","Sim"
"Gerência Regional / GO","860956/2002","Requerimento de Autorização de Pesquisa","Concessão de Lavra","14.526.202/0001-86","AREIAL J. R LTDA","CAMPESTRE DE GOIÁS - GO, PALMEIRAS DE GOIÁS - GO","AREIA","Demais substâncias","Sim"
"Gerência Regional / GO","860473/2005","Requerimento de Autorização de Pesquisa","Concessão de Lavra","14.526.202/0001-86","AREIAL J. R LTDA","CEZARINA - GO, VARJÃO - GO","AREIA, MINÉRIO DE OURO","Construção civil, Ourivesaria","Sim"
"Gerência Regional / GO","860713/2017","Requerimento de Autorização de Pesquisa","Autorização de Pesquisa","21.393.761/0001-20","NARAE MINERADORA LTDA.","EDÉIA - GO, INDIARA - GO","MINÉRIO DE OURO","Industrial","Sim"
"Gerência Regional / GO","861560/2014","Requerimento de Autorização de Pesquisa","Direito de Requerer a Lavra","10.690.080/0001-08","VANESSA DE ALMEIDA GOMES AREIA MAQ","SÃO LUÍS DE MONTES BELOS - GO","AREIA, DIAMANTE","Construção civil, Industrial","Sim"
"Gerência Regional / GO","860914/1984","Requerimento de Autorização de Pesquisa","Concessão de Lavra","21.823.063/0001-18","PILAR DE GOIAS DESENVOLVIMENTO MINERAL LTDA","CRIXÁS - GO","MINÉRIO DE OURO","Industrial","Sim"
"Gerência Regional / GO","860406/2004","Requerimento de Autorização de Pesquisa","Concessão de Lavra","21.823.063/0001-18","PILAR DE GOIAS DESENVOLVIMENTO MINERAL LTDA","PILAR DE GOIÁS - GO","MINÉRIO DE OURO","Industrial","Sim"
"Gerência Regional / GO","861703/1984","Requerimento de Autorização de Pesquisa","Concessão de Lavra","21.823.063/0001-18","PILAR DE GOIAS DESENVOLVIMENTO MINERAL LTDA","CRIXÁS - GO, GUARINOS - GO","MINÉRIO DE OURO","Industrial","Sim"
"Gerência Regional / GO","860053/2021","Requerimento de Cessão parcial","Direito de Requerer a Lavra","04.455.520/0001-40","TRIANGULO MATERIAIS PARA CONSTRUCAO LTDA","ANHANGUERA - GO","DIAMANTE, DIAMANTE","Gema, Industrial","Sim"
"Gerência Regional / GO","860465/2008","Requerimento de Autorização de Pesquisa","Concessão de Lavra","22.575.504/0001-72","MINERACAO JS LTDA","BURITI DE GOIÁS - GO, SANCLERLÂNDIA - GO","AREIA","Construção civil","Sim"
"Gerência Regional / GO","860291/2012","Requerimento de Autorização de Pesquisa","Concessão de Lavra","07.346.767/0001-16","GUARANI BLACK MARBLE LTDA","GUARANI DE GOIÁS - GO","CALCÁRIO, MÁRMORE","Brita, Revestimento","Sim"
"Gerência Regional / GO","860211/2011","Requerimento de Autorização de Pesquisa","Concessão de Lavra","17.671.818/0001-39","EXTRACAO DE AREIA E TRANSPORTES PIRACANJUBA LTDA","BURITI ALEGRE - GO","AREIA, CASCALHO","Construção civil, Construção civil","Sim"
"Gerência Regional / GO","860542/2018","Requerimento de Disponibilidade para pesquisa","Concessão de Lavra","17.671.818/0001-39","EXTRACAO DE AREIA E TRANSPORTES PIRACANJUBA LTDA","ÁGUA LIMPA - GO, BURITI ALEGRE - GO","AREIA","Construção civil","Sim"
"Gerência Regional / GO","860522/2018","Requerimento de Disponibilidade para pesquisa","Concessão de Lavra","17.671.818/0001-39","EXTRACAO DE AREIA E TRANSPORTES PIRACANJUBA LTDA","ÁGUA LIMPA - GO, BURITI ALEGRE - GO","AREIA","Construção civil","Sim"
"Gerência Regional / GO","860506/2018","Requerimento de Disponibilidade para pesquisa","Concessão de Lavra","17.671.818/0001-39","EXTRACAO DE AREIA E TRANSPORTES PIRACANJUBA LTDA","ÁGUA LIMPA - GO, BURITI ALEGRE - GO","AREIA","Construção civil","Sim"
"Gerência Regional / GO","860505/2018","Requerimento de Disponibilidade para pesquisa","Concessão de Lavra","17.671.818/0001-39","EXTRACAO DE AREIA E TRANSPORTES PIRACANJUBA LTDA","ÁGUA LIMPA - GO, BURITI ALEGRE - GO","AREIA","Construção civil","Sim"
"Gerência Regional / GO","860216/2011","Requerimento de Autorização de Pesquisa","Concessão de Lavra","17.671.818/0001-39","EXTRACAO DE AREIA E TRANSPORTES PIRACANJUBA LTDA","ÁGUA LIMPA - GO, BURITI ALEGRE - GO","AREIA, CASCALHO","Construção civil, Construção civil","Sim"
"Gerência Regional / GO","860215/2011","Requerimento de Autorização de Pesquisa","Concessão de Lavra","17.671.818/0001-39","EXTRACAO DE AREIA E TRANSPORTES PIRACANJUBA LTDA","ÁGUA LIMPA - GO, BURITI ALEGRE - GO","AREIA, CASCALHO","Construção civil, Construção civil","Sim"
"Gerência Regional / GO","860214/2011","Requerimento de Autorização de Pesquisa","Concessão de Lavra","17.671.818/0001-39","EXTRACAO DE AREIA E TRANSPORTES PIRACANJUBA LTDA","BURITI ALEGRE - GO","AREIA, CASCALHO","Construção civil, Construção civil","Sim"
"Gerência Regional / GO","860640/2014","Requerimento de Autorização de Pesquisa","Autorização de Pesquisa","10.861.431/0001-04","Zh Comercio, Extracao e Transporte de Minerio Ltda. ","PADRE BERNARDO - GO","AREIA, CASCALHO, MINÉRIO DE OURO","Construção civil, Construção civil, Industrial","Sim"
"Gerência Regional / GO","860808/2011","Requerimento de Autorização de Pesquisa","Concessão de Lavra","15.616.813/0001-88","C A DA CRUZ - EIRELI","ITAPURANGA - GO, MORRO AGUDO DE GOIÁS - GO","AREIA, MINÉRIO DE OURO","Construção civil, Industrial","Sim"
"Gerência Regional / GO","860873/2015","Requerimento de Disponibilidade para pesquisa","Direito de Requerer a Lavra","***.291.201-**","LUIZ CARLOS MORETON","ABADIA DE GOIÁS - GO","GRANITO, GRANITO","Brita, Revestimento","Sim"
"Gerência Regional / MG","830410/2005","Requerimento de Autorização de Pesquisa","Concessão de Lavra","03.765.951/0001-40","Espólio de José Machado Neto Fi","ABADIA DOS DOURADOS - MG, COROMANDEL - MG, DAVINÓPOLIS - GO","DIAMANTE INDUSTRIAL","Industrial","Sim"
"Gerência Regional / GO","861049/2024","Requerimento de Cessão parcial","Direito de Requerer a Lavra","09.688.553/0001-53","ARERRIOS MINERACAO E TRANSPORTE LTDA","ITAPIRAPUÃ - GO, MATRINCHÃ - GO","AREIA","Construção civil","Sim"
"Gerência Regional / GO","860794/2004","Requerimento de Autorização de Pesquisa","Concessão de Lavra","16.699.653/0001-40","GUSMAO-LIMA MINERADORA LTDA","VILA PROPÍCIO - GO","CALCÁRIO, CALCÁRIO DOLOMÍTICO","Fabricação de cal, Industrial","Sim"
"Gerência Regional / GO","861350/2007","Requerimento de Autorização de Pesquisa","Concessão de Lavra","06.155.950/0001-71","F2 IRMAOS FERRARI TRANSPORTES LTDA","NIQUELÂNDIA - GO","AREIA, CASCALHO, MINÉRIO DE OURO","Construção civil, Construção civil, Industrial","Sim"
"Gerência Regional / GO","860571/2012","Requerimento de Cessão parcial","Concessão de Lavra","16.738.357/0001-01","AGROPECUARIA E MINERADORA REVELACAO LTDA","GUAPÓ - GO","AREIA, MINÉRIO DE OURO","Construção civil, Industrial","Sim"
"Gerência Regional / GO","861622/2011","Requerimento de Autorização de Pesquisa","Direito de Requerer a Lavra","16.842.764/0001-64","Mineradora Santa Barbara Ltda Me","AVELINÓPOLIS - GO, CATURAÍ - GO, TRINDADE - GO","ARGILA, ARGILA","Cerâmica vermelha, Industrial","Sim"
"Gerência Regional / GO","861676/2011","Requerimento de Autorização de Pesquisa","Concessão de Lavra","02.759.124/0001-80","DRAGA SAO GERALDO LTDA","CAMPESTRE DE GOIÁS - GO, PALMEIRAS DE GOIÁS - GO","AREIA, MINÉRIO DE OURO","Construção civil, Industrial","Sim"
"Gerência Regional / GO","860319/1994","Requerimento de Lavra Garimpeira","Concessão de Lavra","17.125.322/0001-60","EMBRAAREIA EMPRESA DE EXTRACAO E COMERCIO DE AREIA LTDA","SANTA RITA DO NOVO DESTINO - GO, URUAÇU - GO","AREIA, CASCALHO","Demais substâncias, Demais substâncias","Sim"
"Gerência Regional / GO","860540/2001","Requerimento de Autorização de Pesquisa","Concessão de Lavra","14.134.311/0001-58","AGUA MINERAL BEIRA DA MATA INDUSTRIA E COMERCIO LTDA","HIDROLÂNDIA - GO","ÁGUA POTÁVEL DE MESA","Industrial","Sim"
"Gerência Regional / GO","862384/2007","Requerimento de Autorização de Pesquisa","Concessão de Lavra","17.196.423/0001-21","TRIMINING - MINERACAO DO BRASIL LTDA","NIQUELÂNDIA - GO","MINÉRIO DE MANGANÊS, MINÉRIO DE OURO","Industrial, Industrial","Sim"
"Gerência Regional / GO","860359/2010","Requerimento de Autorização de Pesquisa","Concessão de Lavra","17.439.238/0001-10","Calcario Norte Sul Ltda","CAMPINORTE - GO","CALCÁRIO DOLOMÍTICO, MINÉRIO DE CHUMBO, MINÉRIO DE ZINCO","Corretivo de solo, Industrial, Industrial","Sim"
"Gerência Regional / GO","861581/2010","Requerimento de Autorização de Pesquisa","Concessão de Lavra","17.363.462/0001-76","MINERADORA VITORIA LTDA","GOIANIRA - GO","GRANITO, ILMENITA","Brita, Industrial","Sim"
"Gerência Regional / GO","861119/2013","Requerimento de Autorização de Pesquisa","Concessão de Lavra","14.641.999/0001-62","Centro Mineração Ltda","SÃO JOÃO D'ALIANÇA - GO","MINÉRIO DE MANGANÊS","Industrial","Sim"
"Gerência Regional / GO","861629/2021","Requerimento de Autorização de Pesquisa","Direito de Requerer a Lavra","17.742.494/0001-82","SABLO EXTRACAO E COMERCIO DE AREIA E CASCALHO EIRELI","URUAÇU - GO","AREIA, OURO","Construção civil, Industrial","Sim"
"Gerência Regional / GO","861064/2013","Requerimento de Cessão parcial","Direito de Requerer a Lavra","17.296.833/0001-44","QUARTZITO PARTICIPACOES LTDA","CORUMBÁ DE GOIÁS - GO","QUARTZITO, QUARTZO","Industrial, Industrial","Sim"
"Gerência Regional / GO","861151/2008","Requerimento de Autorização de Pesquisa","Concessão de Lavra","17.398.980/0001-25","VALEMAR - VALE DO MARANHAO MINERACAO LTDA","MIMOSO DE GOIÁS - GO","MINÉRIO DE FERRO","Industrial","Sim"
"Gerência Regional / GO","860753/2009","Requerimento de Cessão parcial","Concessão de Lavra","05.959.672/0001-42","MENEZES ASSIS MATERIAIS PARA CONSTRUCAO LTDA","JATAÍ - GO","AREIA","Construção civil","Sim"
"Gerência Regional / GO","861692/2012","Requerimento de Cessão parcial","Concessão de Lavra","17.833.812/0001-10","DANTAS MINERIOS LTDA","GUAPÓ - GO","GNAISSE","Brita","Sim"
"Gerência Regional / GO","860460/2008","Requerimento de Autorização de Pesquisa","Concessão de Lavra","07.114.299/0001-54","Agropecuaria Olga Ltda Epp","GOIÁS - GO, ITAPIRAPUÃ - GO, MATRINCHÃ - GO","AREIA, MINÉRIO DE OURO","Industrial, Industrial","Sim"
"Gerência Regional / GO","860622/2020","Requerimento de Autorização de Pesquisa","Direito de Requerer a Lavra","***.586.401-**","Waner Neiva Fonseca","APARECIDA DE GOIÂNIA - GO, HIDROLÂNDIA - GO","CASCALHO, MINÉRIO DE OURO, XISTO","Brita, Construção civil, Industrial","Sim"
"Gerência Regional / GO","860678/2013","Requerimento de Autorização de Pesquisa","Direito de Requerer a Lavra","***.388.391-**","Ary Henrique de Souza Junior","BRASÍLIA - DF, PADRE BERNARDO - GO","CALCÁRIO, CALCÁRIO, CALCÁRIO","Corretivo de solo, Fabricação de cal, Fabricação de cimento","Sim"
"Gerência Regional / GO","860361/2015","Requerimento de Autorização de Pesquisa","Direito de Requerer a Lavra","14.720.430/0001-92","O. Moreira de Lima","DIVINÓPOLIS DE GOIÁS - GO","CALCÁRIO, FOSFATO","Fabricação de cimento, Fertilizantes","Sim"
"Gerência Regional / GO","861270/2011","Requerimento de Autorização de Pesquisa","Concessão de Lavra","13.273.843/0001-03","SYLVIO ROBERTO PEREIRA BARBOSA LTDA","CORUMBÁ DE GOIÁS - GO","AREIA","Construção civil","Sim"
"Gerência Regional / GO","861374/2012","Requerimento de Mudança de Regime para Aut. de Pesquisa","Concessão de Lavra","15.923.130/0001-73","AREAL RM COMERCIO DE MATERIAL PARA CONSTRUCAO EIRELI","FORMOSA - GO","AREIA, FILITO, QUARTZITO","Brita, Construção civil, Industrial","Sim"
"Gerência Regional / GO","861852/2013","Requerimento de Cessão parcial","Concessão de Lavra","18.584.977/0001-69","Mineração Rlrj Ltda Me","AURILÂNDIA - GO, CÓRREGO DO OURO - GO","AREIA","Construção civil","Sim"
"Gerência Regional / GO","861641/2013","Requerimento de Autorização de Pesquisa","Direito de Requerer a Lavra","***.195.746-**","Cesar Pires Thome","FORMOSA - GO","AREIA, CALCÁRIO, QUARTZITO","Construção civil, Corretivo de solo, Industrial","Sim"
"Gerência Regional / GO","861788/2013","Requerimento de Autorização de Pesquisa","Concessão de Lavra","10.874.032/0001-70","AREIA PONTO FORTE LTDA","CAÇU - GO, SANTA VITÓRIA - MG","AREIA, CASCALHO, DIAMANTE, DIAMANTE","Construção civil, Construção civil, Gema, Industrial","Sim"
"Gerência Regional / GO","861290/2015","Requerimento de Autorização de Pesquisa","Concessão de Lavra","13.157.337/0001-59","WERLON ALVES CORDEIRO","AURILÂNDIA - GO, FIRMINÓPOLIS - GO","AREIA","Construção civil","Sim"
"Gerência Regional / GO","860411/2013","Requerimento de Disponibilidade para pesquisa","Direito de Requerer a Lavra","19.103.623/0001-18","COCAL GOLD MINING LTDA","NIQUELÂNDIA - GO","CASCALHO, OURO","Construção civil, Industrial","Sim"
"Gerência Regional / GO","860636/2010","Requerimento de Autorização de Pesquisa","Concessão de Lavra","19.026.684/0001-29","RAMOS E GOMES MINERACAO LTDA","ALEXÂNIA - GO","MINÉRIO DE OURO, QUARTZITO","Industrial, Industrial","Sim"
"Gerência Regional / GO","860039/2014","Requerimento de Autorização de Pesquisa","Direito de Requerer a Lavra","***.615.966-**","Reinaldo Marques Martins","VILA PROPÍCIO - GO","FILITO","Industrial","Sim"
"Gerência Regional / GO","860244/2018","Requerimento de Cessão parcial","Direito de Requerer a Lavra","19.282.931/0001-58","ALOMI INFORMATICA LTDA","NIQUELÂNDIA - GO","MINÉRIO DE OURO, QUARTZO","Industrial, Industrial","Sim"
"Gerência Regional / GO","861497/1985","Requerimento de Autorização de Pesquisa","Concessão de Lavra","19.391.749/0001-35","GVSA MINERADORA LTDA","CALDAS NOVAS - GO","ÁGUA MINERAL","Balneoterapia","Sim"
"Gerência Regional / GO","860269/2009","Requerimento de Autorização de Pesquisa","Concessão de Lavra","18.488.698/0001-00","QUARTZOEST MINERACAO E TRANSPORTE LTDA","PIRENÓPOLIS - GO","AREIA, MINÉRIO DE OURO","Construção civil, Industrial","Sim"
"Gerência Regional / GO","861011/2024","Requerimento de Cessão parcial","Autorização de Pesquisa","17.736.663/0001-71","FB MINERACAO LTDA","CRIXÁS - GO, MOZARLÂNDIA - GO","AREIA","Construção civil","Sim"
"Gerência Regional / GO","860355/2014","Requerimento de Autorização de Pesquisa","Concessão de Lavra","16.949.392/0001-70","PHANTHOM GREEN MINERADORA LTDA-ME","AURILÂNDIA - GO","AREIA, CASCALHO, DIAMANTE","Construção civil, Construção civil, Industrial","Sim"
"Gerência Regional / GO","860190/2021","Requerimento de Mudança de Regime para Aut. de Pesquisa","Concessão de Lavra","12.740.314/0001-00","MINERACAO TRANSPORTE E COMERCIO CANAA LTDA","CORUMBAÍBA - GO, CUMARI - GO","AREIA","Construção civil","Sim"
"Gerência Regional / GO","860168/2019","Requerimento de Autorização de Pesquisa","Direito de Requerer a Lavra","19.450.833/0001-82","IRACIMAR VAZ","COCALZINHO DE GOIÁS - GO, PIRENÓPOLIS - GO","AREIA","Construção civil","Sim"
"Gerência Regional / GO","860874/1999","Requerimento de Autorização de Pesquisa","Concessão de Lavra","19.442.547/0001-75","CRISTAL INDUSTRIA E COMERCIO DE AGUA MINERAL E SERVICOS LTDA","APARECIDA DE GOIÂNIA - GO","ÁGUA MINERAL","Demais substâncias","Sim"
"Gerência Regional / GO","860635/2015","Requerimento de Mudança de Regime para Aut. de Pesquisa","Concessão de Lavra","09.431.553/0001-73","Distribuidora de Areia Rio Piloes Ltda Me","FAZENDA NOVA - GO, ISRAELÂNDIA - GO","AREIA, CASCALHO","Construção civil, Construção civil","Sim"
"Gerência Regional / GO","860556/2006","Requerimento de Autorização de Pesquisa","Concessão de Lavra","20.011.715/0001-57","CARLOS EDUARDO RODRIGUES CARDOSO","CEZARINA - GO, PONTALINA - GO","AREIA, MINÉRIO DE OURO","Construção civil, Industrial","Sim"
"Gerência Regional / GO","860569/2013","Requerimento de Autorização de Pesquisa","Direito de Requerer a Lavra","19.325.805/0001-33","Vale do Itiquira Agregados Minerais Ltda","PLANALTINA - GO","ARGILA, QUARTZITO","Industrial, Industrial","Sim"
"Gerência Regional / GO","861013/2004","Requerimento de Registro de Licença","Concessão de Lavra","15.577.033/0001-76","Deposito de Areia Rio Santana e Transporte Ltda Me ","ITAPURANGA - GO","AREIA, CASCALHO","Construção civil, Construção civil","Sim"
"Gerência Regional / GO","860126/1989","Requerimento de Autorização de Pesquisa","Concessão de Lavra","19.635.344/0001-03","LUCIO CAVALCANTI PARREIRA LTDA","GOIÁS - GO","ÁGUA MINERAL","Demais substâncias","Sim"
"Gerência Regional / GO","860656/2014","Requerimento de Autorização de Pesquisa","Concessão de Lavra","20.183.888/0001-52","NOVA ERA EXTRACAO E TRANSPORTES DE AREIA LTDA","CEZARINA - GO, PONTALINA - GO","AREIA","Construção civil","Sim"
"Gerência Regional / GO","860554/2016","Requerimento de Cessão parcial","Concessão de Lavra","18.090.544/0001-57","GONCALVES E ALMEIDA LTDA","PIRANHAS - GO","AREIA","Construção civil","Sim"
"Gerência Regional / GO","860358/2018","Requerimento de Autorização de Pesquisa","Direito de Requerer a Lavra","11.095.537/0001-07","SOUZA DANTAS MINERACAO E EXTRACAO G10 LTDA.","JUSSARA - GO, MONTES CLAROS DE GOIÁS - GO","AREIA","Construção civil","Sim"
"Gerência Regional / GO","862061/2011","Requerimento de Cessão parcial","Concessão de Lavra","18.476.378/0001-21","AFRANIO FERREIRA FILHO & CIA LTDA","GOIÁS - GO","AREIA","Construção civil","Sim"
"Gerência Regional / GO","862266/2008","Requerimento de Autorização de Pesquisa","Concessão de Lavra","15.131.446/0001-22","EGP - EMPRESA GLOBAL DE PROJETOS E OBRAS LTDA","CATALÃO - GO","GRANITO","Brita","Sim"
"Gerência Regional / GO","860814/2023","Requerimento de Cessão parcial","Direito de Requerer a Lavra","15.534.873/0001-51","RIO CLARO MINERACAO E EMPREENDIMENTOS LTDA","CAVALCANTE - GO","AREIA, MINÉRIO DE OURO","Construção civil, Industrial","Sim"
"Gerência Regional / GO","860567/2012","Requerimento de Cessão parcial","Concessão de Lavra","20.929.582/0001-00","MINERACAO SANT'ANA EIRELI","MONTE ALEGRE DE GOIÁS - GO","AREIA","Industrial","Sim"
"Gerência Regional / GO","861332/2013","Requerimento de Autorização de Pesquisa","Concessão de Lavra","20.766.728/0001-36","J R EXTRACAO E COMERCIO DE AREIA LTDA","CÓRREGO DO OURO - GO, SANCLERLÂNDIA - GO","AREIA, DIAMANTE","Construção civil, Industrial","Sim"
"Gerência Regional / GO","860097/2010","Requerimento de Autorização de Pesquisa","Concessão de Lavra","20.677.187/0001-70","JC AREIA LTDA","ARAGUAPAZ - GO, FAINA - GO","AREIA, MINÉRIO DE OURO","Construção civil, Industrial","Sim"
"Gerência Regional / GO","860258/2021","Requerimento de Autorização de Pesquisa","Concessão de Lavra","14.526.202/0001-86","AREIAL J. R LTDA","ITAPIRAPUÃ - GO, MATRINCHÃ - GO","AREIA","Construção civil","Sim"
"Gerência Regional / GO","861449/2012","Requerimento de Autorização de Pesquisa","Direito de Requerer a Lavra","***.238.616-**","CLAUDIO HONOR RIBEIRO","ANHANGUERA - GO, ARAGUARI - MG, CUMARI - GO","AREIA","Construção civil","Sim"
"Gerência Regional / GO","860946/2010","Requerimento de Disponibilidade para pesquisa","Concessão de Lavra","21.240.477/0001-14","Oliveira e Conti Ltda Me","GOIÁS - GO","AREIA, MINÉRIO DE OURO","Construção civil, Industrial","Sim"
"Gerência Regional / GO","861272/2011","Requerimento de Autorização de Pesquisa","Concessão de Lavra","21.256.494/0001-40","ARCAL MINERADORA LTDA","ABADIÂNIA - GO","AREIA, MINÉRIO DE OURO","Construção civil, Industrial","Sim"
"Gerência Regional / GO","861574/2014","Requerimento de Cessão parcial","Concessão de Lavra","21.393.761/0001-20","NARAE MINERADORA LTDA.","INDIARA - GO","AREIA, MINÉRIO DE OURO","Construção civil, Industrial","Sim"
"Gerência Regional / GO","861999/2012","Requerimento de Mudança de Regime para Aut. de Pesquisa","Concessão de Lavra","10.690.080/0001-08","VANESSA DE ALMEIDA GOMES AREIA MAQ","SÃO LUÍS DE MONTES BELOS - GO","AREIA","Construção civil","Sim"
"Gerência Regional / GO","861344/2016","Requerimento de Autorização de Pesquisa","Direito de Requerer a Lavra","17.440.481/0001-59","ASSUNCAO LOCACOES DE MAQUINAS EIRELI","CRIXÁS - GO, GUARINOS - GO","AREIA","Construção civil","Sim"
"Gerência Regional / GO","861648/2013","Requerimento de Autorização de Pesquisa","Concessão de Lavra","21.766.307/0001-78","MINERAÇÃO MS LTDA","GOIÁS - GO","AREIA, DIAMANTE","Construção civil, Industrial","Sim"
"Gerência Regional / GO","861162/2009","Requerimento de Autorização de Pesquisa","Concessão de Lavra","21.823.063/0001-18","PILAR DE GOIAS DESENVOLVIMENTO MINERAL LTDA","GUARINOS - GO","MINÉRIO DE OURO","Industrial","Sim"
"Gerência Regional / GO","860405/2014","Requerimento de Autorização de Pesquisa","Concessão de Lavra","08.678.980/0001-98","CEMAN MINERACAO LTDA","ALTO HORIZONTE - GO","GRANITO, MINÉRIO DE MANGANÊS","Industrial, Revestimento","Sim"
"Gerência Regional / GO","860618/2015","Requerimento de Autorização de Pesquisa","Direito de Requerer a Lavra","***.041.701-**","LAIANA RODRIGUES SARDINHA","ITAPIRAPUÃ - GO, JUSSARA - GO","AREIA, DIAMANTE","Construção civil, Industrial","Sim"
"Gerência Regional / GO","860055/2021","Requerimento de Cessão parcial","Direito de Requerer a Lavra","04.455.520/0001-40","TRIANGULO MATERIAIS PARA CONSTRUCAO LTDA","ANHANGUERA - GO, ARAGUARI - MG, CUMARI - GO","AREIA","Construção civil","Sim"
"Gerência Regional / GO","861040/2008","Requerimento de Autorização de Pesquisa","Concessão de Lavra","21.575.577/0001-00","Eurípedes Assis de Oliveira Me","SILVÂNIA - GO","AREIA","Construção civil","Sim"
"Gerência Regional / GO","860236/2009","Requerimento de Cessão parcial","Concessão de Lavra","22.734.502/0001-89","Jc Mineração Eireli Me","SILVÂNIA - GO, VIANÓPOLIS - GO","AREIA","Construção civil","Sim"
"Gerência Regional / GO","860939/2015","Requerimento de Cessão parcial","Direito de Requerer a Lavra","***.292.831-**","MATILDES DAMACENO ROSA AGUIAR","VILA PROPÍCIO - GO","DIABÁSIO","Revestimento","Sim"
"Gerência Regional / GO","861249/2011","Requerimento de Autorização de Pesquisa","Concessão de Lavra","17.151.451/0001-22","DARA ARTEFATOS DE CIMENTO LTDA.","EDEALINA - GO, PONTALINA - GO","AREIA, ARGILA","Construção civil, Industrial","Sim"
"Gerência Regional / GO","860165/2017","Requerimento de Autorização de Pesquisa","Concessão de Lavra","09.466.225/0001-02","CONSTRUREQUINTE MINERACAO LTDA","URUAÇU - GO","QUARTZO","Gema","Sim"
"Gerência Regional / GO","860933/2008","Requerimento de Autorização de Pesquisa","Concessão de Lavra","18.501.803/0001-95","CALCARIO MARA ROSA LTDA","MARA ROSA - GO","CALCÁRIO, CALCÁRIO","Corretivo de solo, Fabricação de cimento","Sim"
"Gerência Regional / GO","860916/2006","Requerimento de Autorização de Pesquisa","Concessão de Lavra","23.120.037/0001-59","W. DE S. FERNANDES LTDA","CROMÍNIA - GO","AREIA, CASCALHO","Construção civil, Construção civil","Sim"
"Gerência Regional / GO","861056/2007","Requerimento de Autorização de Pesquisa","Concessão de Lavra","22.575.504/0001-72","MINERACAO JS LTDA","BURITI DE GOIÁS - GO, SANCLERLÂNDIA - GO","AREIA, MINÉRIO DE OURO","Construção civil, Industrial","Sim"
"Gerência Regional / GO","861000/2015","Requerimento de Autorização de Pesquisa","Direito de Requerer a Lavra","***.563.841-**","Adão Afonço e Silva","MONTE ALEGRE DE GOIÁS - GO","AREIA, MINÉRIO DE OURO","Construção civil, Industrial","Sim"
"Gerência Regional / GO","862149/2012","Requerimento de Cessão parcial","Concessão de Lavra","07.346.767/0001-16","GUARANI BLACK MARBLE LTDA","GUARANI DE GOIÁS - GO","CALCÁRIO","Fabricação de cimento","Sim"
"Gerência Regional / GO","860430/2016","Requerimento de Disponibilidade para pesquisa","Concessão de Lavra","18.862.543/0001-83","MONTE SIAO MINERACAO LTDA","PORANGATU - GO","GRANITO","Revestimento","Sim"
"Gerência Regional / GO","860212/2011","Requerimento de Autorização de Pesquisa","Concessão de Lavra","17.671.818/0001-39","EXTRACAO DE AREIA E TRANSPORTES PIRACANJUBA LTDA","ÁGUA LIMPA - GO, BURITI ALEGRE - GO","AREIA, CASCALHO","Construção civil, Construção civil","Sim"
"Gerência Regional / GO","861064/2014","Requerimento de Cessão parcial","Concessão de Lavra","22.131.400/0001-79","AD3 PARTICIPACOES LTDA","GOIÁS - GO","AREIA","Construção civil","Sim"
"Gerência Regional / GO","860581/2018","Requerimento de Cessão parcial","Direito de Requerer a Lavra","***.102.511-**","Benedito Diogo de Oliveira","AMARALINA - GO, MUNDO NOVO - GO","AREIA, CASCALHO, MINÉRIO DE OURO","Construção civil, Construção civil, Industrial","Sim"
"Gerência Regional / GO","860257/2017","Requerimento de Autorização de Pesquisa","Concessão de Lavra","16.699.143/0001-73","NATALIA ANDRADE RIBEIRO NR MINERAÇÃO","CRISTALINA - GO","AREIA, QUARTZO","Construção civil, Industrial","Sim"
"Gerência Regional / GO","860936/2008","Requerimento de Autorização de Pesquisa","Concessão de Lavra","23.876.315/0001-00","PONTE NOVA MINERADORA LTDA","PALMEIRAS DE GOIÁS - GO","GNAISSE, GNAISSE, GNAISSE, MINÉRIO DE OURO","Brita, Industrial, Pedra de talhe, Revestimento","Sim"
"Gerência Regional / GO","860398/2014","Requerimento de Autorização de Pesquisa","Concessão de Lavra","07.042.829/0001-04","J LANUSSE CONSTRUTORA E EMPREENDIMENTOS IMOBILIARIOS LTDA","TRINDADE - GO","ÁGUA MINERAL","Engarrafamento","Sim"
"Gerência Regional / GO","861441/2010","Requerimento de Autorização de Pesquisa","Concessão de Lavra","12.928.046/0001-54","D&M AREIA BOA LTDA","PIRES DO RIO - GO, SANTA CRUZ DE GOIÁS - GO","AREIA","Construção civil","Sim"
"Gerência Regional / GO","860756/2015","Requerimento de Autorização de Pesquisa","Autorização de Pesquisa","24.736.329/0001-83","FORTE MINERAIS LTDA","MIMOSO DE GOIÁS - GO","CALCÁRIO","Fabricação de cimento","Sim"
"Gerência Regional / GO","801244/1968","Requerimento de Autorização de Pesquisa","Concessão de Lavra","26.108.898/0001-00","CMOC BRASIL MINERACAO, INDUSTRIA E PARTICIPACOES LTDA.","CATALÃO - GO, OUVIDOR - GO","BARITA, FOSFATO, NIÓBIO","Demais substâncias, Demais substâncias, Industrial","Sim"
"Gerência Regional / GO","860402/2001","Requerimento de Autorização de Pesquisa","Concessão de Lavra","26.108.898/0001-00","CMOC BRASIL MINERACAO, INDUSTRIA E PARTICIPACOES LTDA.","CATALÃO - GO, OUVIDOR - GO","BARITA, FOSFATO, MINÉRIO DE NIÓBIO","Fertilizantes, Industrial, Industrial","Sim"
"Gerência Regional / GO","804513/1968","Requerimento de Autorização de Pesquisa","Concessão de Lavra","26.108.898/0001-00","CMOC BRASIL MINERACAO, INDUSTRIA E PARTICIPACOES LTDA.","CATALÃO - GO, OUVIDOR - GO","BARITA, FOSFATO, MINÉRIO DE NIÓBIO","Demais substâncias, Industrial, Industrial","Sim"
"Gerência Regional / GO","803343/1973","Requerimento de Autorização de Pesquisa","Concessão de Lavra","26.108.898/0001-00","CMOC BRASIL MINERACAO, INDUSTRIA E PARTICIPACOES LTDA.","CATALÃO - GO","NIÓBIO","Demais substâncias","Sim"
"Gerência Regional / GO","860184/2016","Requerimento de Autorização de Pesquisa","Concessão de Lavra","25.355.031/0001-96","JERIBA MINERACAO DE PEDRAS ORNAMENTAIS, EXTRACAO, IMPORTACAO E EXPORTACAO LTDA","CRIXÁS - GO","DIABÁSIO","Revestimento","Sim"
"Gerência Regional / GO","861313/2015","Requerimento de Disponibilidade para pesquisa","Concessão de Lavra","27.468.408/0001-49","MINERACAO MOURA LTDA","GUAPÓ - GO","AREIA, MINÉRIO DE OURO","Construção civil, Industrial","Sim"
"Gerência Regional / GO","860281/2012","Requerimento de Autorização de Pesquisa","Concessão de Lavra","27.468.408/0001-49","MINERACAO MOURA LTDA","GUAPÓ - GO","AREIA, GNAISSE, GNAISSE","Brita, Construção civil, Revestimento","Sim"
"Gerência Regional / GO","861595/2014","Requerimento de Cessão parcial","Concessão de Lavra","27.468.408/0001-49","MINERACAO MOURA LTDA","GUAPÓ - GO","AREIA, GNAISSE, GNAISSE","Brita, Construção civil, Revestimento","Sim"
"Gerência Regional / GO","861594/2014","Requerimento de Cessão parcial","Concessão de Lavra","27.468.408/0001-49","MINERACAO MOURA LTDA","GUAPÓ - GO","AREIA, GNAISSE, GNAISSE","Brita, Construção civil, Revestimento","Sim"
"Gerência Regional / GO","862631/2008","Requerimento de Cessão parcial","Concessão de Lavra","25.454.292/0001-63","LEANDRO RODRIGO DE SOUSA LTDA","SILVÂNIA - GO","AREIA","Construção civil","Sim"
"Gerência Regional / GO","860851/2010","Requerimento de Autorização de Pesquisa","Concessão de Lavra","27.748.087/0001-36","NOVA ESPERANCA EXTRACAO E MINERACAO DE AREIAS LTDA","CORUMBÁ DE GOIÁS - GO","AREIA, MINÉRIO DE OURO, QUARTZITO","Construção civil, Industrial, Industrial","Sim"
"Gerência Regional / GO","860435/2012","Requerimento de Cessão parcial","Concessão de Lavra","27.390.543/0001-19","EDMAR A. MOTA LTDA","FAZENDA NOVA - GO, MOIPORÁ - GO","AREIA, DIAMANTE","Construção civil, Industrial","Sim"
"Gerência Regional / GO","862739/2011","Requerimento de Autorização de Pesquisa","Concessão de Lavra","29.541.600/0001-49","DOMUS AUREA MINERACAO LTDA","CRIXÁS - GO","MINÉRIO DE OURO","Industrial","Sim"
"Gerência Regional / GO","804365/1975","Requerimento de Autorização de Pesquisa","Concessão de Lavra","29.541.600/0001-49","DOMUS AUREA MINERACAO LTDA","CRIXÁS - GO","CIANITA, MINÉRIO DE OURO","Demais substâncias, Industrial","Sim"
"Gerência Regional / GO","860960/2012","Requerimento de Disponibilidade para pesquisa","Concessão de Lavra","04.970.432/0001-86","RTC NEGOCIOS IMOBILIARIOS LTDA","AURILÂNDIA - GO, CÓRREGO DO OURO - GO, MOIPORÁ - GO","AREIA","Construção civil","Sim"
"Gerência Regional / GO","860268/2023","Requerimento de Disponibilidade para pesquisa","Direito de Requerer a Lavra","04.970.432/0001-86","RTC NEGOCIOS IMOBILIARIOS LTDA","MOIPORÁ - GO","AREIA","Construção civil","Sim"
"Gerência Regional / GO","860432/2014","Requerimento de Cessão parcial","Concessão de Lavra","00.948.470/0001-81","PONTUAL INCORPORADORA E EMPREENDIMENTOS IMOBILIARIOS S/A","CRISTALINA - GO","AREIA","Construção civil","Sim"
"Gerência Regional / GO","860057/2003","Requerimento de Autorização de Pesquisa","Concessão de Lavra","28.443.446/0001-00","L F MONTEIRO FILHO","JARAGUÁ - GO, SÃO FRANCISCO DE GOIÁS - GO","AREIA, CASCALHO","Construção civil, Construção civil","Sim"
"Gerência Regional / GO","860549/2019","Requerimento de Cessão parcial","Concessão de Lavra","30.323.122/0001-80","FETZ MINERADORA LTDA.","RIO VERDE - GO","BASALTO","Revestimento","Sim"
"Gerência Regional / GO","860224/2022","Requerimento de Cessão parcial","Direito de Requerer a Lavra","32.052.762/0001-28","MINERACAO CORDILHEIRA LTDA","URUAÇU - GO","MINÉRIO DE OURO, QUARTZITO","Industrial, Revestimento","Sim"
"Gerência Regional / GO","860089/2018","Requerimento de Cessão parcial","Direito de Requerer a Lavra","32.052.762/0001-28","MINERACAO CORDILHEIRA LTDA","URUAÇU - GO","MINÉRIO DE OURO, QUARTZO, QUARTZO","Industrial, Industrial, Revestimento","Sim"
"Gerência Regional / GO","860674/2019","Requerimento de Autorização de Pesquisa","Direito de Requerer a Lavra","32.052.762/0001-28","MINERACAO CORDILHEIRA LTDA","URUAÇU - GO","MINÉRIO DE OURO","Industrial","Sim"
"Gerência Regional / GO","860188/2011","Requerimento de Cessão parcial","Concessão de Lavra","33.649.158/0001-46","CAMILLO E CABRAL MINERADORA LTDA","RIO VERDE - GO","AREIA","Construção civil","Sim"
"Gerência Regional / GO","860901/2013","Requerimento de Cessão parcial","Concessão de Lavra","33.649.158/0001-46","CAMILLO E CABRAL MINERADORA LTDA","RIO VERDE - GO","AREIA","Construção civil","Sim"
"Gerência Regional / GO","860900/2013","Requerimento de Cessão parcial","Concessão de Lavra","33.649.158/0001-46","CAMILLO E CABRAL MINERADORA LTDA","RIO VERDE - GO","AREIA","Construção civil","Sim"
"Gerência Regional / GO","860404/2014","Requerimento de Autorização de Pesquisa","Direito de Requerer a Lavra","33.507.961/0001-46","OURO FINO DE GOIAS MINERACAO E PARTICIPACOES S.A","NIQUELÂNDIA - GO","MINÉRIO DE OURO","Industrial","Sim"
"Gerência Regional / GO","860542/2016","Requerimento de Autorização de Pesquisa","Concessão de Lavra","36.547.112/0001-04","AGROCAL MINERACAO LTDA","ÁGUA FRIA DE GOIÁS - GO","CALCÁRIO, CALCÁRIO CALCÍTICO, CALCÁRIO CALCÍTICO, CALCÁRIO DOLOMÍTICO, CALCÁRIO DOLOMÍTICO","Corretivo de solo, Corretivo de solo, Fabricação de cal, Fabricação de cal, Fabricação de cimento","Sim"
"Gerência Regional / GO","860184/2017","Requerimento de Autorização de Pesquisa","Direito de Requerer a Lavra","37.786.830/0001-04","PEDRAS SEIXOS GEMAS BRASIL EXTRACAO DE MINERIOS LTDA","ANHANGUERA - GO, CUMARI - GO","AREIA","Construção civil","Sim"
"Gerência Regional / GO","860650/2020","Requerimento de Autorização de Pesquisa","Direito de Requerer a Lavra","35.463.331/0001-42","GILBERTO CARNEIRO DA CUNHA FILHO","CAÇU - GO, ITARUMÃ - GO","AREIA","Construção civil","Sim"
"Gerência Regional / GO","860524/2021","Requerimento de Pesquisa - Leilão","Direito de Requerer a Lavra","03.548.771/0001-06","FB FORNECEDORA BESERRA LTDA","SÃO LUIZ DO NORTE - GO","AREIA","Construção civil","Sim"
"Gerência Regional / GO","860845/2013","Requerimento de Autorização de Pesquisa","Concessão de Lavra","40.830.258/0001-30","MOTA MINERACAO E EXTRACAO II LTDA","JUSSARA - GO, MONTES CLAROS DE GOIÁS - GO","AREIA, DIAMANTE","Construção civil, Industrial","Sim"
"Gerência Regional / GO","861681/2013","Requerimento de Cessão parcial","Concessão de Lavra","40.830.258/0001-30","MOTA MINERACAO E EXTRACAO II LTDA","JUSSARA - GO, MONTES CLAROS DE GOIÁS - GO","AREIA, DIAMANTE","Construção civil, Industrial","Sim"
"Gerência Regional / GO","861680/2013","Requerimento de Cessão parcial","Concessão de Lavra","40.830.258/0001-30","MOTA MINERACAO E EXTRACAO II LTDA","JUSSARA - GO, MONTES CLAROS DE GOIÁS - GO","AREIA, DIAMANTE","Construção civil, Industrial","Sim"
"Gerência Regional / GO","860363/2007","Requerimento de Autorização de Pesquisa","Concessão de Lavra","41.532.605/0001-00","ETR MINERALE - EXTRACAO DE MINERIOS LTDA","NIQUELÂNDIA - GO, VILA PROPÍCIO - GO","AREIA, MINÉRIO DE OURO","Construção civil, Industrial","Sim"
"Gerência Regional / GO","860542/2010","Requerimento de Cessão parcial","Concessão de Lavra","10.646.951/0001-96","L ACQUA MATERIAIS PARA CONSTRUCOES E    TRANSPORTES EIRELI","BARRO ALTO - GO, NIQUELÂNDIA - GO","AREIA","Construção civil","Sim"
"Gerência Regional / GO","860541/2010","Requerimento de Cessão parcial","Concessão de Lavra","10.646.951/0001-96","L ACQUA MATERIAIS PARA CONSTRUCOES E    TRANSPORTES EIRELI","BARRO ALTO - GO, NIQUELÂNDIA - GO","AREIA","Construção civil","Sim"
"Gerência Regional / GO","861355/2012","Requerimento de Disponibilidade para pesquisa","Concessão de Lavra","24.216.534/0001-18","AREIAL E TERRAPLANAGEM SILVEIRA LTDA","GOIÁS - GO","AREIA","Construção civil","Sim"
"Gerência Regional / GO","861752/2013","Requerimento de Autorização de Pesquisa","Concessão de Lavra","25.001.607/0001-17","COMERCIO DE ENGARRAFAMENTO DE AGUA MINERAL JADE EIRELI","ITABERAÍ - GO","ÁGUA MINERAL","Engarrafamento","Sim"
"Gerência Regional / GO","862889/2011","Requerimento de Autorização de Pesquisa","Concessão de Lavra","18.491.706/0001-69","MINERACAO CRISTAL COMERCIO DE AREIA & CASCALHO LTDA","URUAÇU - GO","AREIA, CASCALHO","Construção civil, Construção civil","Sim"
"Gerência Regional / GO","861071/2011","Requerimento de Autorização de Pesquisa","Concessão de Lavra","25.227.736/0001-28","Mineração Novo Horizonte Me","CRISTALINA - GO","CALCÁRIO, CALCÁRIO DOLOMÍTICO","Corretivo de solo, Fabricação de cal","Sim"
"Gerência Regional / GO","860052/2014","Requerimento de Autorização de Pesquisa","Concessão de Lavra","25.982.566/0001-97","CALFORTE BENEFICIAMENTO DE CALCARIO LTDA","INDIARA - GO","CALCÁRIO, CALCÁRIO, CASCALHO","Construção civil, Corretivo de solo, Fabricação de cal","Sim"
"Gerência Regional / GO","860002/2022","Requerimento de Cessão parcial","Direito de Requerer a Lavra","04.791.723/0001-07","NC - COMERCIO VAREJISTA DE AREIAS LTDA","HIDROLÂNDIA - GO, PIRACANJUBA - GO","AREIA","Construção civil","Sim"
"Gerência Regional / GO","801560/1968","Requerimento de Autorização de Pesquisa","Concessão de Lavra","26.108.898/0001-00","CMOC BRASIL MINERACAO, INDUSTRIA E PARTICIPACOES LTDA.","CATALÃO - GO, OUVIDOR - GO","BARITA, FOSFATO, MINÉRIO DE NIÓBIO","Demais substâncias, Industrial, Industrial","Sim"
"Gerência Regional / GO","860378/2012","Requerimento de Disponibilidade para pesquisa","Concessão de Lavra","23.448.428/0001-05","FUTURA PARTICIPACOES LTDA","CEZARINA - GO, EDEALINA - GO, PONTALINA - GO","AREIA","Construção civil","Sim"
"Gerência Regional / GO","860187/2010","Requerimento de Autorização de Pesquisa","Concessão de Lavra","26.575.395/0001-44","Jose Pedro Vaz Neto ME","CATALÃO - GO, CUMARI - GO, TRÊS RANCHOS - GO","AREIA, CASCALHO, DIAMANTE, DIAMANTE","Construção civil, Construção civil, Gema, Industrial","Sim"
"Gerência Regional / GO","861254/2012","Requerimento de Cessão parcial","Concessão de Lavra","02.306.385/0001-45","BORGES E DONATO LTDA ME","AURILÂNDIA - GO, SÃO LUÍS DE MONTES BELOS - GO","AREIA","Construção civil","Sim"
"Gerência Regional / GO","861592/2014","Requerimento de Cessão parcial","Concessão de Lavra","27.468.408/0001-49","MINERACAO MOURA LTDA","GUAPÓ - GO","AREIA, GNAISSE, GNAISSE","Brita, Construção civil, Revestimento","Sim"
"Gerência Regional / GO","860364/2010","Requerimento de Autorização de Pesquisa","Concessão de Lavra","27.710.993/0001-41","UNIÃO MINERADORA LTDA ME","PADRE BERNARDO - GO","CALCÁRIO, CALCÁRIO CALCÍTICO, QUARTZITO","Corretivo de solo, Fabricação de cimento, Revestimento","Sim"
"Gerência Regional / GO","860583/2015","Requerimento de Autorização de Pesquisa","Concessão de Lavra","27.427.364/0001-09","S & J MINERACAO DE GRANITOS DO BRASIL LTDA","RUBIATABA - GO","GRANITO, GRANITO, MONZONITO","Brita, Revestimento, Revestimento","Sim"
"Gerência Regional / GO","810817/1974","Requerimento de Autorização de Pesquisa","Concessão de Lavra","15.083.339/0001-76","M CAL COMBUSTIVEIS E MINERACAO LTDA","CAIAPÔNIA - GO, PEROLÂNDIA - GO","BASALTO, CALCÁRIO DOLOMÍTICO","Brita, Demais substâncias","Sim"
"Gerência Regional / GO","860934/2006","Requerimento de Autorização de Pesquisa","Concessão de Lavra","25.454.292/0001-63","LEANDRO RODRIGO DE SOUSA LTDA","SILVÂNIA - GO","AREIA, MINÉRIO DE OURO","Construção civil, Industrial","Sim"
"Gerência Regional / GO","861385/2014","Requerimento de Autorização de Pesquisa","Concessão de Lavra","24.563.102/0001-83","CASCALHEIRA SÃO PAULO EIRELI ME ","SANTO ANTÔNIO DO DESCOBERTO - GO","CASCALHO, QUARTZITO","Construção civil, Industrial","Sim"
"Gerência Regional / GO","861555/2014","Requerimento de Autorização de Pesquisa","Concessão de Lavra","28.642.604/0001-50","MARIA MOREIRA DOS SANTOS RODRIGUES 15492427172","PIRANHAS - GO","AREIA","Construção civil","Sim"
"Gerência Regional / GO","861245/2022","Requerimento de Autorização de Pesquisa","Direito de Requerer a Lavra","***.142.151-**","JESSICA LEMES PIRES","MORRINHOS - GO, PIRACANJUBA - GO","AREIA, OURO","Construção civil, Industrial","Sim"
"Gerência Regional / GO","861046/2017","Requerimento de Autorização de Pesquisa","Direito de Requerer a Lavra","***.042.911-**","Jeverson da Silva Bessa","EDÉIA - GO","AREIA","Construção civil","Sim"
"Gerência Regional / GO","862668/2011","Requerimento de Cessão parcial","Concessão de Lavra","27.748.087/0001-36","NOVA ESPERANCA EXTRACAO E MINERACAO DE AREIAS LTDA","CORUMBÁ DE GOIÁS - GO","AREIA, QUARTZITO","Construção civil, Industrial","Sim"
"Gerência Regional / GO","861859/2021","Requerimento de Autorização de Pesquisa","Direito de Requerer a Lavra","27.390.543/0001-19","EDMAR A. MOTA LTDA","CÓRREGO DO OURO - GO, FAZENDA NOVA - GO, MOIPORÁ - GO","AREIA","Construção civil","Sim"
"Gerência Regional / GO","861075/2017","Requerimento de Autorização de Pesquisa","Direito de Requerer a Lavra","***.836.141-**","GUILHERME SOUZA NUNES","BELA VISTA DE GOIÁS - GO","XISTO","Revestimento","Sim"
"Gerência Regional / GO","862740/2011","Requerimento de Autorização de Pesquisa","Concessão de Lavra","29.541.600/0001-49","DOMUS AUREA MINERACAO LTDA","CRIXÁS - GO","MINÉRIO DE OURO","Industrial","Sim"
"Gerência Regional / GO","861305/2012","Requerimento de Disponibilidade para pesquisa","Concessão de Lavra","04.970.432/0001-86","RTC NEGOCIOS IMOBILIARIOS LTDA","MOIPORÁ - GO","AREIA","Construção civil","Sim"
"Gerência Regional / GO","813474/1973","Requerimento de Autorização de Pesquisa","Concessão de Lavra","27.556.902/0001-65","ACTUALPAR ADMINISTRACAO E PARTICIPACAO LTDA","APARECIDA DE GOIÂNIA - GO","MICAXISTO","Demais substâncias","Sim"
"Gerência Regional / GO","860946/2016","Requerimento de Autorização de Pesquisa","Direito de Requerer a Lavra","28.310.396/0001-92","MINERADORA PVS EIRELI ME","MINAÇU - GO","AREIA, MINÉRIO DE OURO","Construção civil, Industrial","Sim"
"Gerência Regional / GO","860433/2014","Requerimento de Cessão parcial","Concessão de Lavra","00.948.470/0001-81","PONTUAL INCORPORADORA E EMPREENDIMENTOS IMOBILIARIOS S/A","CRISTALINA - GO","AREIA","Construção civil","Sim"
"Gerência Regional / GO","860074/2015","Requerimento de Autorização de Pesquisa","Concessão de Lavra","29.709.464/0001-53","29.709.464 MARCONDES LOPES DE SOUZA","SÃO LUÍS DE MONTES BELOS - GO","AREIA, DIAMANTE","Construção civil, Industrial","Sim"
"Gerência Regional / GO","861301/2015","Requerimento de Disponibilidade para pesquisa","Concessão de Lavra","29.962.596/0001-92","RAFAEL DE FREITAS CURY LTDA","JARAGUÁ - GO","AREIA, CAULIM","Construção civil, Industrial","Sim"
"Gerência Regional / GO","861292/2016","Requerimento de Autorização de Pesquisa","Direito de Requerer a Lavra","30.314.158/0001-05","AREIÃO SANTA FÉ EIRELI","SILVÂNIA - GO, VIANÓPOLIS - GO","AREIA, ARGILA","Construção civil, Industrial","Sim"
"Gerência Regional / GO","860453/2018","Requerimento de Autorização de Pesquisa","Direito de Requerer a Lavra","***.011.781-**","ANY KAROLLINE SOUZA PINHEIRO","NIQUELÂNDIA - GO","AREIA","Construção civil","Sim"
"Gerência Regional / GO","861469/2004","Requerimento de Autorização de Pesquisa","Concessão de Lavra","28.443.446/0001-00","L F MONTEIRO FILHO","JARAGUÁ - GO, SÃO FRANCISCO DE GOIÁS - GO","AREIA, CASCALHO","Construção civil, Construção civil","Sim"
"Gerência Regional / GO","860143/2022","Requerimento de Autorização de Pesquisa","Direito de Requerer a Lavra","30.377.970/0001-71","DISTRIBUIDORA DE AREIA JOMA LTDA","CACHOEIRA DE GOIÁS - GO","AREIA, OURO","Construção civil, Industrial","Sim"
"Gerência Regional / GO","860203/2018","Requerimento de Autorização de Pesquisa","Concessão de Lavra","30.323.122/0001-80","FETZ MINERADORA LTDA.","RIO VERDE - GO","BASALTO","Revestimento","Sim"
"Gerência Regional / GO","860723/2017","Requerimento de Autorização de Pesquisa","Concessão de Lavra","28.178.110/0001-67","JAS IND e COM de AGUA MINERAL E PRODUTOS PLASTICOS EIRELI","HIDROLÂNDIA - GO","ÁGUA MINERAL","Engarrafamento","Sim"
"Gerência Regional / GO","862004/2013","Requerimento de Autorização de Pesquisa","Concessão de Lavra","27.616.215/0001-98","NSO INDUSTRIA DE BEBIDAS EIRELI","GOIÁS - GO","ÁGUA MINERAL","Engarrafamento","Sim"
"Gerência Regional / GO","861452/2015","Requerimento de Autorização de Pesquisa","Concessão de Lavra","31.162.448/0001-35","MEIRE GOMES MENDONÇA NASCIMENTO EIRELI","BELA VISTA DE GOIÁS - GO","ÁGUA MINERAL","Engarrafamento","Sim"
"Gerência Regional / GO","860015/2002","Requerimento de Autorização de Pesquisa","Concessão de Lavra","10.870.821/0001-32","PEDREIRA SANTA RITA LTDA","SILVÂNIA - GO","CALCÁRIO","Corretivo de solo","Sim"
"Gerência Regional / GO","860264/2020","Requerimento de Autorização de Pesquisa","Direito de Requerer a Lavra","06.264.143/0001-97","NOBRE EXTRACAO DE CASCALHO AREIA E TRANSPORTE LTDA","CRISTALINA - GO, IPAMERI - GO","AREIA, ARGILA","Industrial, Industrial","Sim"
"Gerência Regional / GO","860904/2018","Requerimento de Cessão parcial","Concessão de Lavra","32.115.986/0001-31","CALCARIO ALTO ARAGUAIA LTDA","FAINA - GO","CALCÁRIO","Corretivo de solo","Sim"
"Gerência Regional / GO","860172/2022","Requerimento de Autorização de Pesquisa","Direito de Requerer a Lavra","30.326.153/0001-94","JONAS DIAS DOS SANTOS - DRAGA LL COMERCIO E SERVICOS","ARRAIAS - TO, MONTE ALEGRE DE GOIÁS - GO","AREIA, MINÉRIO DE OURO","Industrial, Industrial","Sim"
"Gerência Regional / GO","860367/2017","Requerimento de Autorização de Pesquisa","Concessão de Lavra","32.052.762/0001-28","MINERACAO CORDILHEIRA LTDA","COLINAS DO SUL - GO, NIQUELÂNDIA - GO","MÁRMORE, MINÉRIO DE OURO, QUARTZO, QUARTZO, XISTO","Industrial, Industrial, Revestimento, Revestimento, Revestimento","Sim"
"Gerência Regional / GO","860315/1994","Requerimento de Lavra Garimpeira","Concessão de Lavra","27.002.490/0001-11","DRAGA PARAISO EIRELI","HIDROLINA - GO, SANTA RITA DO NOVO DESTINO - GO, URUAÇU - GO","AREIA, MINÉRIO DE OURO","Construção civil, Industrial","Sim"
"Gerência Regional / GO","861603/2014","Requerimento de Disponibilidade para pesquisa","Concessão de Lavra","30.294.129/0001-10","M2M COMÉRCIO DE MARMORES E GRANITOS LTDA","PORANGATU - GO","FELDSPATO, GRANITO, MINÉRIO DE OURO","Industrial, Industrial, Revestimento","Sim"
"Gerência Regional / GO","860899/2013","Requerimento de Cessão parcial","Concessão de Lavra","33.649.158/0001-46","CAMILLO E CABRAL MINERADORA LTDA","RIO VERDE - GO","AREIA","Construção civil","Sim"
"Gerência Regional / GO","860431/2019","Requerimento de Autorização de Pesquisa","Direito de Requerer a Lavra","***.740.711-**","VIGILATO FRANCISCO NETO","FORMOSA - GO","CASCALHO, MINÉRIO DE OURO, QUARTZITO","Construção civil, Industrial, Revestimento","Sim"
"Gerência Regional / GO","861035/2021","Requerimento de Autorização de Pesquisa","Autorização de Pesquisa","***.534.901-**","Iraides Mendes Dionísio dos Santos Rodrigues","AMARALINA - GO, BONÓPOLIS - GO, MUTUNÓPOLIS - GO, PORANGATU - GO","AREIA, OURO","Construção civil, Industrial","Sim"
"Gerência Regional / GO","861345/2016","Requerimento de Autorização de Pesquisa","Concessão de Lavra","31.932.299/0001-46","ACQUAVIE AGUAS MINERAIS E BEBIDAS LTDA","HIDROLÂNDIA - GO","ÁGUA MINERAL","Engarrafamento","Sim"
"Gerência Regional / GO","860667/2019","Requerimento de Autorização de Pesquisa","Direito de Requerer a Lavra","***.629.741-**","Cleomar Henrique de Sousa","CALDAS NOVAS - GO, MARZAGÃO - GO","MINÉRIO DE OURO","Industrial","Sim"
"Gerência Regional / GO","860563/2017","Requerimento de Autorização de Pesquisa","Direito de Requerer a Lavra","28.648.288/0001-24","HIPERCAL EMPREENDIMENTOS LTDA","PIRENÓPOLIS - GO, VILA PROPÍCIO - GO","CALCÁRIO","Fabricação de cimento","Sim"
"Gerência Regional / GO","861441/2016","Requerimento de Autorização de Pesquisa","Concessão de Lavra","24.670.613/0001-02","Central Park Lazer e Entretenimento Ltda. EPP","LAGOA SANTA - GO","ÁGUA MINERAL","Balneoterapia","Sim"
"Gerência Regional / GO","860645/2015","Requerimento de Autorização de Pesquisa","Direito de Requerer a Lavra","33.507.961/0001-46","OURO FINO DE GOIAS MINERACAO E PARTICIPACOES S.A","NIQUELÂNDIA - GO","MINÉRIO DE OURO","Industrial","Sim"
"Gerência Regional / GO","860366/2002","Requerimento de Autorização de Pesquisa","Concessão de Lavra","35.770.961/0001-60","AGUA MINERAL GUARANI LTDA","HIDROLÂNDIA - GO","ÁGUA MINERAL, ÁGUA MINERAL, MINÉRIO DE OURO","Balneoterapia, Engarrafamento, Industrial","Sim"
"Gerência Regional / GO","860968/2006","Requerimento de Autorização de Pesquisa","Direito de Requerer a Lavra","36.903.503/0001-14","VALE DA SERRA MINERACAO LTDA","URUAÇU - GO","MINÉRIO DE MANGANÊS","Industrial","Sim"
"Gerência Regional / GO","860261/2020","Requerimento de Autorização de Pesquisa","Direito de Requerer a Lavra","***.487.211-**","ROMILDO ALMEIDA DA SILVA","BRITÂNIA - GO, ITAPIRAPUÃ - GO, MATRINCHÃ - GO","AREIA, MINÉRIO DE OURO","Construção civil, Industrial","Sim"
"Gerência Regional / GO","860284/2016","Requerimento de Autorização de Pesquisa","Concessão de Lavra","37.118.345/0001-54","ALVES E MOREIRA MINERACAO LTDA","PLANALTINA - GO","AREIA, ARGILA, CASCALHO","Construção civil, Industrial, Industrial","Sim"
"Gerência Regional / GO","860940/2005","Requerimento de Autorização de Pesquisa","Concessão de Lavra","36.547.112/0001-04","AGROCAL MINERACAO LTDA","PADRE BERNARDO - GO","CALCÁRIO, CALCÁRIO DOLOMÍTICO","Corretivo de solo, Industrial","Sim"
"Gerência Regional / GO","860936/2003","Requerimento de Autorização de Pesquisa","Concessão de Lavra","37.208.486/0001-68","VMF MINERACAO E CALCARIO LTDA","ANICUNS - GO","CALCÁRIO DOLOMÍTICO","Demais substâncias","Sim"
"Gerência Regional / GO","862237/2008","Requerimento de Autorização de Pesquisa","Concessão de Lavra","31.179.384/0001-85","EDMILSO FERNANDES DE SOUZA EIRELI","NIQUELÂNDIA - GO","AREIA, CASCALHO, MINÉRIO DE OURO","Construção civil, Construção civil, Industrial","Sim"
"Gerência Regional / GO","860149/2015","Requerimento de Autorização de Pesquisa","Concessão de Lavra","37.792.194/0001-15","FORT MINERACAO LTDA","SÃO JOÃO D'ALIANÇA - GO","MINÉRIO DE MANGANÊS","Industrial","Sim"
"Gerência Regional / GO","860414/2020","Requerimento de Autorização de Pesquisa","Direito de Requerer a Lavra","37.464.613/0001-90","JG AREIAS ARGILAS E BRITAS LTDA","SILVÂNIA - GO, VIANÓPOLIS - GO","AREIA, ARGILA","Construção civil, Industrial","Sim"
"Gerência Regional / GO","860194/2010","Requerimento de Autorização de Pesquisa","Concessão de Lavra","37.704.398/0001-57","MOTA MINERACAO E EXTRACAO LTDA","ISRAELÂNDIA - GO","AREIA","Construção civil","Sim"
"Gerência Regional / GO","860651/2020","Requerimento de Autorização de Pesquisa","Direito de Requerer a Lavra","35.463.331/0001-42","GILBERTO CARNEIRO DA CUNHA FILHO","CAÇU - GO, ITARUMÃ - GO","AREIA","Construção civil","Sim"
"Gerência Regional / GO","860950/2022","Requerimento de Pesquisa - Leilão","Direito de Requerer a Lavra","39.412.688/0001-52","AREIAL BORGES LTDA","SANCLERLÂNDIA - GO, SÃO LUÍS DE MONTES BELOS - GO","AREIA, DIAMANTE","Construção civil, Industrial","Sim"
"Gerência Regional / GO","861124/2010","Requerimento de Cessão parcial","Concessão de Lavra","37.780.330/0001-57","CARMELIA LUCIA NORONHA","GOIÁS - GO","AREIA, CASCALHO","Construção civil, Construção civil","Sim"
"Gerência Regional / GO","860146/2019","Requerimento de Autorização de Pesquisa","Concessão de Lavra","36.784.717/0001-19","AURALITE BRAZIL PEDRAS PRECIOSAS LTDA","NIQUELÂNDIA - GO","QUARTZO","Industrial","Sim"
"Gerência Regional / GO","860804/2021","Requerimento de Autorização de Pesquisa","Direito de Requerer a Lavra","39.696.928/0001-98","JUNQUEIRA MINERADORA EIRELI","NOVA GLÓRIA - GO, SANTA ISABEL - GO","AREIA, OURO","Construção civil, Industrial","Sim"
"Gerência Regional / GO","860897/2016","Requerimento de Autorização de Pesquisa","Concessão de Lavra","40.019.822/0001-39","P T SOARES EIRELI","TAQUARAL DE GOIÁS - GO","ÁGUA MINERAL","Engarrafamento","Sim"
"Gerência Regional / MG","830821/2024","Requerimento de Autorização de Pesquisa","Direito de Requerer a Lavra","14.316.649/0001-20","MINERADORA MUQUEM LTDA","CAMPO ALEGRE DE GOIÁS - GO, PARACATU - MG","AREIA, DIAMANTE","Construção civil, Industrial","Sim"
"Gerência Regional / GO","860526/2021","Requerimento de Pesquisa - Leilão","Direito de Requerer a Lavra","03.548.771/0001-06","FB FORNECEDORA BESERRA LTDA","HIDROLINA - GO, SÃO LUIZ DO NORTE - GO","AREIA","Construção civil","Sim"
"Gerência Regional / GO","861377/2008","Requerimento de Autorização de Pesquisa","Concessão de Lavra","40.830.258/0001-30","MOTA MINERACAO E EXTRACAO II LTDA","JUSSARA - GO, MONTES CLAROS DE GOIÁS - GO","AREIA, DIAMANTE","Construção civil, Industrial","Sim"
"Gerência Regional / GO","860562/2019","Requerimento de Autorização de Pesquisa","Direito de Requerer a Lavra","41.218.377/0001-07","SAVANA MINERIOS E MINERAIS LTDA","CAMPINAÇU - GO, MINAÇU - GO","GRANITO, MÁRMORE, MINÉRIO DE OURO, QUARTZITO, QUARTZO, XISTO","Industrial, Industrial, Revestimento, Revestimento, Revestimento, Revestimento","Sim"
"Gerência Regional / GO","860566/2018","Requerimento de Autorização de Pesquisa","Concessão de Lavra","41.042.751/0001-58","MINERADORA RIO DOCE LTDA","APARECIDA DO RIO DOCE - GO, JATAÍ - GO","AREIA","Construção civil","Sim"
"Gerência Regional / GO","860512/2018","Requerimento de Disponibilidade para pesquisa","Concessão de Lavra","41.390.917/0001-27","TUBARAO AREIAS - EIRELI","ARAGUAPAZ - GO, FAINA - GO","AREIA","Construção civil","Sim"
"Gerência Regional / GO","860684/2010","Requerimento de Autorização de Pesquisa","Concessão de Lavra","41.532.605/0001-00","ETR MINERALE - EXTRACAO DE MINERIOS LTDA","NIQUELÂNDIA - GO, VILA PROPÍCIO - GO","AREIA, MINÉRIO DE OURO","Construção civil, Industrial","Sim"
"Gerência Regional / GO","860905/2018","Requerimento de Disponibilidade para pesquisa","Concessão de Lavra","41.503.362/0001-82","JAIR BUENO DA SILVA 14711770178","CRIXÁS - GO, GUARINOS - GO","AREIA","Construção civil","Sim"
"Gerência Regional / GO","861163/2007","Requerimento de Autorização de Pesquisa","Concessão de Lavra","10.646.951/0001-96","L ACQUA MATERIAIS PARA CONSTRUCOES E    TRANSPORTES EIRELI","BARRO ALTO - GO, NIQUELÂNDIA - GO","AREIA, MINÉRIO DE OURO","Construção civil, Industrial","Sim"
"Gerência Regional / GO","860204/2017","Requerimento de Autorização de Pesquisa","Concessão de Lavra","39.145.951/0001-94","ANGELO E QUEIROZ LTDA","CASTELÂNDIA - GO, MAURILÂNDIA - GO","ÁGUA MINERAL","Engarrafamento","Sim"
"Gerência Regional / GO","861877/2010","Requerimento de Cessão parcial","Concessão de Lavra","42.145.404/0001-13","TWXX MINERACAO LTDA","NIQUELÂNDIA - GO","AREIA, CASCALHO, MINÉRIO DE OURO","Construção civil, Construção civil, Industrial","Sim"
"Gerência Regional / GO","860849/2021","Requerimento de Autorização de Pesquisa","Autorização de Pesquisa","***.058.991-**","JONAS ALVES MORENO","CAVALCANTE - GO","QUARTZO","Industrial","Sim"
"Gerência Regional / GO","861098/2021","Requerimento de Autorização de Pesquisa","Direito de Requerer a Lavra","03.241.872/0001-30","TOMAS FERREIRA DIVULGACOES LTDA","BOM JESUS DE GOIÁS - GO, ITUMBIARA - GO","AREIA, DIAMANTE","Construção civil, Industrial","Sim"
"Gerência Regional / GO","860158/2005","Requerimento de Autorização de Pesquisa","Concessão de Lavra","08.897.104/0001-52","SALPAR PARTICIPACOES LTDA","SÃO JOÃO D'ALIANÇA - GO","FILITO, SILTITO","Industrial, Industrial","Sim"
"Gerência Regional / GO","860506/2024","Requerimento de Cessão parcial","Autorização de Pesquisa","08.336.184/0001-77","MULT CORP LTDA","ÁGUAS LINDAS DE GOIÁS - GO","CASCALHO","Construção civil","Sim"
"Gerência Regional / GO","860476/2017","Requerimento de Autorização de Pesquisa","Autorização de Pesquisa","42.468.018/0001-62","MINERADORA PEDRA VIVA LTDA","CATURAÍ - GO","ANFIBOLITO","Revestimento","Sim"
"Gerência Regional / GO","860639/2022","Requerimento de Cessão parcial","Direito de Requerer a Lavra","14.751.509/0001-80","MINERADORA E TRANSPORTADORA 3 PODERES LTDA","IPAMERI - GO, PIRES DO RIO - GO","AREIA","Construção civil","Sim"
"Gerência Regional / GO","861103/2010","Requerimento de Cessão parcial","Concessão de Lavra","15.132.316/0001-04","OURO BRANCO TRANSPORTES E MINERACAO LTDA","NIQUELÂNDIA - GO","AREIA, CASCALHO, MINÉRIO DE OURO","Construção civil, Construção civil, Industrial","Sim"
"Gerência Regional / GO","861253/2021","Requerimento de Pesquisa - Leilão","Direito de Requerer a Lavra","***.407.861-**","CLEBER DE SOUZA CUNHA","BOM JARDIM DE GOIÁS - GO, PIRANHAS - GO","AREIA, DIAMANTE","Construção civil, Industrial","Sim"
"Gerência Regional / GO","861102/2022","Requerimento de Autorização de Pesquisa","Direito de Requerer a Lavra","37.218.659/0001-29","COMERCIAL SANTOS NETO LTDA","ARAGUAPAZ - GO","AREIA, MINÉRIO DE OURO","Construção civil, Industrial","Sim"
"Gerência Regional / GO","860988/2022","Requerimento de Pesquisa - Leilão","Concessão de Lavra","37.542.695/0001-43","BAHIA GOLD LTDA","MINAÇU - GO","GRANITO, QUARTZITO, QUARTZO, QUARTZO","Industrial, Revestimento, Revestimento, Revestimento","Sim"
"Gerência Regional / GO","860584/2006","Requerimento de Lavra Garimpeira","Concessão de Lavra","29.794.730/0001-93","CHAPEU DO SOL ECOTURISMO EIRELI","CRISTALINA - GO","AREIA, QUARTZO","Construção civil, Gema","Sim"
"Gerência Regional / GO","860091/2014","Requerimento de Autorização de Pesquisa","Direito de Requerer a Lavra","23.112.109/0001-16","AGUA MINERAL DARA LTDA","MORRINHOS - GO","ÁGUA MINERAL","Engarrafamento","Sim"
"Gerência Regional / GO","861806/2007","Requerimento de Autorização de Pesquisa","Concessão de Lavra","36.653.651/0001-28","SIDNEY LIMA DE QUEIROZ","ARAGUAPAZ - GO, FAINA - GO","AREIA, MINÉRIO DE OURO","Industrial, Industrial","Sim"
"Gerência Regional / GO","861283/2015","Requerimento de Disponibilidade para pesquisa","Concessão de Lavra","37.875.374/0001-60","MINERADORA PICO DA GEMA LTDA","GOIANÉSIA - GO","GRANITO, MINÉRIO DE OURO","Brita, Industrial","Sim"
"Gerência Regional / GO","861330/2016","Requerimento de Mudança de Regime para Aut. de Pesquisa","Concessão de Lavra","43.597.535/0001-02","PEDREIRA E ASFALTOS TRINDADE LTDA","RIO VERDE - GO","BASALTO","Brita","Sim"
"Gerência Regional / MG","831555/2015","Requerimento de Autorização de Pesquisa","Direito de Requerer a Lavra","08.066.095/0001-58","MELLBER COMERCIO E EXPORTACAO DE PEDRAS PRECIOSAS LTDA","ABADIA DOS DOURADOS - MG, CATALÃO - GO, COROMANDEL - MG, DAVINÓPOLIS - GO","DIAMANTE, DIAMANTE","Gema, Industrial","Sim"
"Gerência Regional / GO","860196/2022","Requerimento de Cessão parcial","Concessão de Lavra","44.505.848/0001-48","MINERACAO SANTA RITA LTDA","CRIXÁS - GO","AREIA","Construção civil","Sim"
"Gerência Regional / GO","860354/2015","Requerimento de Autorização de Pesquisa","Concessão de Lavra","11.415.113/0001-74","FERNANDO ALVES SERAFIM","RIALMA - GO","GNAISSE, GRANITO","Brita, Brita","Sim"
"Gerência Regional / GO","860358/2010","Requerimento de Autorização de Pesquisa","Concessão de Lavra","15.455.139/0001-05","SCAVA TERRA EMPREENDIMENTOS LTDA","FAINA - GO","AREIA, MINÉRIO DE OURO","Construção civil, Industrial","Sim"
"Gerência Regional / GO","861141/2010","Requerimento de Autorização de Pesquisa","Concessão de Lavra","32.714.483/0001-82","M.R. PEREIRA EIRELI","SANTA BÁRBARA DE GOIÁS - GO","AREIA, ARGILA, CAULIM","Cerâmica vermelha, Construção civil, Industrial","Sim"
"Gerência Regional / GO","860190/2004","Requerimento de Autorização de Pesquisa","Concessão de Lavra","45.701.942/0001-35","AREAL PARANAIBA LTDA","ANHANGUERA - GO, ARAGUARI - MG","AREIA, DIAMANTE INDUSTRIAL","Construção civil, Industrial","Sim"
"Gerência Regional / MG","830922/1998","Requerimento de Autorização de Pesquisa","Concessão de Lavra","45.701.942/0001-35","AREAL PARANAIBA LTDA","ARAGUARI - MG, CUMARI - GO","AREIA","Demais substâncias","Sim"
"Gerência Regional / MG","830553/1996","Requerimento de Autorização de Pesquisa","Concessão de Lavra","45.701.942/0001-35","AREAL PARANAIBA LTDA","ARAGUARI - MG, CUMARI - GO","AREIA","Demais substâncias","Sim"
"Gerência Regional / GO","860602/2013","Requerimento de Cessão parcial","Concessão de Lavra","45.701.942/0001-35","AREAL PARANAIBA LTDA","ARAGUARI - MG, CUMARI - GO","AREIA, CASCALHO, DIAMANTE","Construção civil, Construção civil, Industrial","Sim"
"Gerência Regional / GO","860601/2013","Requerimento de Cessão parcial","Concessão de Lavra","45.701.942/0001-35","AREAL PARANAIBA LTDA","ARAGUARI - MG, CUMARI - GO","AREIA, CASCALHO, DIAMANTE","Construção civil, Construção civil, Industrial","Sim"
"Gerência Regional / GO","860813/2022","Requerimento de Autorização de Pesquisa","Concessão de Lavra","42.287.841/0001-71","DU VALLE EXTRACAO E COMERCIO DE AREIAS LTDA","GUARAÍTA - GO","AREIA","Construção civil","Sim"
"Gerência Regional / GO","860368/1995","Requerimento de Autorização de Pesquisa","Concessão de Lavra","14.304.566/0001-11","PROSPECTOR MINERALS LTDA","FAINA - GO","MINÉRIO DE OURO","Demais substâncias","Sim"
"Gerência Regional / GO","860096/1986","Requerimento de Autorização de Pesquisa","Concessão de Lavra","14.304.566/0001-11","PROSPECTOR MINERALS LTDA","FAINA - GO","MINÉRIO DE OURO","Industrial","Sim"
"Gerência Regional / GO","860482/2003","Requerimento de Autorização de Pesquisa","Concessão de Lavra","37.813.440/0001-78","COMERCIAL AREIA SAO SEBASTIAO LTDA","JATAÍ - GO","AREIA","Construção civil","Sim"
"Gerência Regional / GO","860481/2003","Requerimento de Autorização de Pesquisa","Concessão de Lavra","34.031.776/0001-90","VALE DO RIO VERDE COMERCIO DE MATERIAIS PARA CONSTRUCAO EIRELI","JATAÍ - GO","AREIA","Construção civil","Sim"
"Gerência Regional / GO","860479/2003","Requerimento de Autorização de Pesquisa","Concessão de Lavra","34.031.776/0001-90","VALE DO RIO VERDE COMERCIO DE MATERIAIS PARA CONSTRUCAO EIRELI","JATAÍ - GO","AREIA","Construção civil","Sim"
"Gerência Regional / GO","861129/2024","Requerimento de Cessão parcial","Autorização de Pesquisa","44.621.177/0001-80","PRIME COMERCIO E LOCACOES LTDA","AMARALINA - GO, PORANGATU - GO","AREIA, OURO","Construção civil, Industrial","Sim"
"Gerência Regional / GO","860340/2017","Requerimento de Autorização de Pesquisa","Concessão de Lavra","52.448.287/0001-10","EXTRACAO DE AREIA NOSSA SENHORA DAS GRACAS LTDA","QUIRINÓPOLIS - GO","AREIA, CASCALHO","Construção civil, Construção civil","Sim"
"Gerência Regional / GO","860025/2017","Requerimento de Autorização de Pesquisa","Direito de Requerer a Lavra","53.210.778/0001-91","AGROPECUARIA MIRRA LTDA","SANTA CRUZ DE GOIÁS - GO","AREIA, CASCALHO","Construção civil, Construção civil","Sim"
"Gerência Regional / GO","860494/2024","Requerimento de Cessão parcial","Autorização de Pesquisa","54.120.045/0001-29","HB AREIAL BARROS LTDA","MARA ROSA - GO, SANTA TEREZINHA DE GOIÁS - GO","AREIA, MINÉRIO DE OURO","Construção civil, Industrial","Sim"
"Gerência Regional / GO","860493/2024","Requerimento de Cessão parcial","Autorização de Pesquisa","54.120.045/0001-29","HB AREIAL BARROS LTDA","MARA ROSA - GO, SANTA TEREZINHA DE GOIÁS - GO","AREIA, MINÉRIO DE OURO","Construção civil, Industrial","Sim"
"Gerência Regional / GO","860502/2024","Requerimento de Cessão parcial","Autorização de Pesquisa","54.120.045/0001-29","HB AREIAL BARROS LTDA","CAMPOS VERDES - GO, MARA ROSA - GO, SANTA TEREZINHA DE GOIÁS - GO","AREIA, MINÉRIO DE OURO","Construção civil, Industrial","Sim"
"Gerência Regional / GO","860501/2024","Requerimento de Cessão parcial","Autorização de Pesquisa","54.120.045/0001-29","HB AREIAL BARROS LTDA","MARA ROSA - GO, SANTA TEREZINHA DE GOIÁS - GO","AREIA, MINÉRIO DE OURO","Construção civil, Industrial","Sim"
"Gerência Regional / GO","860500/2024","Requerimento de Cessão parcial","Autorização de Pesquisa","54.120.045/0001-29","HB AREIAL BARROS LTDA","MARA ROSA - GO, SANTA TEREZINHA DE GOIÁS - GO","AREIA, MINÉRIO DE OURO","Construção civil, Industrial","Sim"
"Gerência Regional / GO","860499/2024","Requerimento de Cessão parcial","Autorização de Pesquisa","54.120.045/0001-29","HB AREIAL BARROS LTDA","MARA ROSA - GO, SANTA TEREZINHA DE GOIÁS - GO","AREIA, MINÉRIO DE OURO","Construção civil, Industrial","Sim"
"Gerência Regional / GO","860497/2024","Requerimento de Cessão parcial","Autorização de Pesquisa","54.120.045/0001-29","HB AREIAL BARROS LTDA","MARA ROSA - GO, SANTA TEREZINHA DE GOIÁS - GO","AREIA, MINÉRIO DE OURO","Construção civil, Industrial","Sim"
"Gerência Regional / GO","860905/1994","Requerimento de Autorização de Pesquisa","Concessão de Lavra","97.837.181/0001-47","DEXCO S.A","MONTIVIDIU - GO","SILTITO","Demais substâncias","Sim"
"Gerência Regional / GO","861136/2024","Requerimento de Cessão parcial","Autorização de Pesquisa","36.312.985/0001-38","MARCOS ROBERTO AMISTA JUNIOR LTDA","ARAGARÇAS - GO, MONTES CLAROS DE GOIÁS - GO","AREIA, CASCALHO, DIAMANTE","Construção civil, Construção civil, Industrial","Sim"
"Gerência Regional / GO","861134/2024","Requerimento de Cessão parcial","Autorização de Pesquisa","36.312.985/0001-38","MARCOS ROBERTO AMISTA JUNIOR LTDA","ARAGARÇAS - GO, MONTES CLAROS DE GOIÁS - GO","AREIA","Construção civil","Sim"
"Gerência Regional / GO","861139/2024","Requerimento de Cessão parcial","Autorização de Pesquisa","36.312.985/0001-38","MARCOS ROBERTO AMISTA JUNIOR LTDA","ARAGARÇAS - GO, MONTES CLAROS DE GOIÁS - GO","AREIA, CASCALHO, DIAMANTE","Construção civil, Construção civil, Industrial","Sim"
"Gerência Regional / GO","861043/2003","Requerimento de Autorização de Pesquisa","Direito de Requerer a Lavra","63.128.948/0001-47","GONICKEL METAIS LTDA.","JUSSARA - GO, SANTA FÉ DE GOIÁS - GO","MINÉRIO DE NÍQUEL","Industrial","Sim"
"Gerência Regional / GO","861115/2021","Requerimento de Autorização de Pesquisa","Direito de Requerer a Lavra","20.281.112/0001-75","NEILSON GONCALVES DE ALMEIDA JUNIOR","DIORAMA - GO, IPORÁ - GO","AREIA","Construção civil","Sim"
"Gerência Regional / GO","862172/2005","Requerimento de Autorização de Pesquisa","Concessão de Lavra","46.155.245/0001-99","G4 MINERACAO LTDA","CRISTALINA - GO","AREIA, QUARTZO","Construção civil, Industrial","Sim"
"Gerência Regional / GO","860600/2013","Requerimento de Cessão parcial","Concessão de Lavra","45.701.942/0001-35","AREAL PARANAIBA LTDA","ARAGUARI - MG, CUMARI - GO","AREIA, CASCALHO, DIAMANTE","Construção civil, Construção civil, Industrial","Sim"
"Gerência Regional / GO","861932/2011","Requerimento de Autorização de Pesquisa","Concessão de Lavra","42.287.841/0001-71","DU VALLE EXTRACAO E COMERCIO DE AREIAS LTDA","ITAPURANGA - GO","AREIA, MINÉRIO DE OURO","Construção civil, Industrial","Sim"
"Gerência Regional / GO","861721/2012","Requerimento de Autorização de Pesquisa","Direito de Requerer a Lavra","46.220.818/0001-10","BRASIL CENTRAL MINERACAO LTDA","PADRE BERNARDO - GO","FILITO, QUARTZITO, QUARTZITO","Construção civil, Industrial, Revestimento","Sim"
"Gerência Regional / GO","861586/2009","Requerimento de Disponibilidade para pesquisa","Direito de Requerer a Lavra","14.304.566/0001-11","PROSPECTOR MINERALS LTDA","FAINA - GO","MINÉRIO DE OURO","Industrial","Sim"
"Gerência Regional / MG","831013/2024","Requerimento de Autorização de Pesquisa","Direito de Requerer a Lavra","45.717.767/0001-74","AREIA CELESTE LTDA","CARNEIRINHO - MG, ITAJÁ - GO, LIMEIRA DO OESTE - MG, PARANAÍBA - MS","AREIA, CASCALHO, DIAMANTE","Construção civil, Construção civil, Industrial","Sim"
"Gerência Regional / GO","860483/2003","Requerimento de Autorização de Pesquisa","Concessão de Lavra","37.813.440/0001-78","COMERCIAL AREIA SAO SEBASTIAO LTDA","JATAÍ - GO","AREIA","Construção civil","Sim"
"Gerência Regional / GO","862164/2005","Requerimento de Autorização de Pesquisa","Concessão de Lavra","34.031.776/0001-90","VALE DO RIO VERDE COMERCIO DE MATERIAIS PARA CONSTRUCAO EIRELI","JATAÍ - GO","AREIA, MINÉRIO DE OURO","Construção civil, Industrial","Sim"
"Gerência Regional / GO","861028/1989","Requerimento de Autorização de Pesquisa","Concessão de Lavra","01.285.170/0001-22","COMPANHIA DE DESENVOLVIMENTO ECONOMICO DE GOIAS-CODEGO","FAZENDA NOVA - GO","MINÉRIO DE OURO","Demais substâncias","Sim"
"Gerência Regional / GO","860077/2022","Requerimento de Autorização de Pesquisa","Concessão de Lavra","48.895.845/0001-19","SANTA NORMA EMPREENDIMENTOS LTDA","CHAPADÃO DO CÉU - GO","CASCALHO, CASCALHO","Brita, Construção civil","Sim"
"Gerência Regional / GO","860765/2018","Requerimento de Cessão parcial","Direito de Requerer a Lavra","07.893.139/0001-50","CALIMAN PEDRAS DO BRASIL LTDA","NIQUELÂNDIA - GO","MINÉRIO DE OURO, QUARTZO","Industrial, Industrial","Sim"
"Gerência Regional / GO","860079/2023","Requerimento de Autorização de Pesquisa","Direito de Requerer a Lavra","***.195.331-**","Eudo Bento Ferreira","GOIÁS - GO","ARGILA, CASCALHO, OURO","Cerâmica vermelha, Construção civil, Industrial","Sim"
"Gerência Regional / GO","861559/2021","Requerimento de Autorização de Pesquisa","Direito de Requerer a Lavra","48.085.671/0001-29","NEOFERTIL MINERACAO LTDA","MUNDO NOVO - GO","ILMENITA","Industrial","Sim"
"Gerência Regional / GO","861243/2022","Requerimento de Cessão parcial","Concessão de Lavra","49.594.555/0001-06","MINERADORA RIO BONITO LTDA","CAIAPÔNIA - GO","AREIA","Construção civil","Sim"
"Gerência Regional / GO","862706/2011","Requerimento de Autorização de Pesquisa","Concessão de Lavra","49.606.104/0001-33","MINERACAO GALANTA K.U.K. LTDA","JARAGUÁ - GO","MIGMATITO, XISTO, XISTO","Brita, Brita, Revestimento","Sim"
"Gerência Regional / GO","860405/2019","Requerimento de Autorização de Pesquisa","Direito de Requerer a Lavra","21.440.412/0001-12","DRAGA QUATRO IRMAOS LTDA","CAVALCANTE - GO","AREIA, MINÉRIO DE OURO","Construção civil, Industrial","Sim"
"Gerência Regional / GO","861140/2021","Requerimento de Pesquisa - Leilão","Concessão de Lavra","49.790.815/0001-00","49.790.815 PENILDO FLAVIO DE CARVALHO","MINEIROS - GO","AREIA","Construção civil","Sim"
"Gerência Regional / GO","861132/2024","Requerimento de Cessão parcial","Autorização de Pesquisa","44.621.177/0001-80","PRIME COMERCIO E LOCACOES LTDA","AMARALINA - GO, PORANGATU - GO","AREIA, OURO","Construção civil, Industrial","Sim"
"Gerência Regional / GO","862299/2011","Requerimento de Mudança de Regime para Aut. de Pesquisa","Concessão de Lavra","49.703.695/0001-67","AREIAL COUTRIM LTDA","IVOLÂNDIA - GO","AREIA","Construção civil","Sim"
"Gerência Regional / GO","860454/2014","Requerimento de Autorização de Pesquisa","Concessão de Lavra","51.078.984/0001-64","MINERACAO PJ LTDA","ALEXÂNIA - GO, SANTO ANTÔNIO DO DESCOBERTO - GO","AREIA","Construção civil","Sim"
"Gerência Regional / GO","000376/1963","Requerimento de Autorização de Pesquisa","Concessão de Lavra","51.334.345/0001-12","PEDRA PRETA MINERACAO LTDA","SÃO JOÃO D'ALIANÇA - GO","MANGANÊS","Demais substâncias","Sim"
"Gerência Regional / GO","860125/2019","Requerimento de Autorização de Pesquisa","Concessão de Lavra","37.052.747/0001-01","SAO MIGUEL NEGOCIOS LTDA","RIO VERDE - GO","AREIA","Construção civil","Sim"
"Gerência Regional / GO","861677/2010","Requerimento de Cessão parcial","Concessão de Lavra","31.135.683/0001-18","CONCRETOS USINADOS NEW LTDA","GOIÁS - GO","AREIA, ARGILA","Construção civil, Industrial","Sim"
"Gerência Regional / GO","860341/2017","Requerimento de Autorização de Pesquisa","Concessão de Lavra","52.448.287/0001-10","EXTRACAO DE AREIA NOSSA SENHORA DAS GRACAS LTDA","QUIRINÓPOLIS - GO","AREIA, CASCALHO","Construção civil, Construção civil","Sim"
"Gerência Regional / GO","861052/2010","Requerimento de Autorização de Pesquisa","Concessão de Lavra","50.096.744/0001-20","AREIAL PRIMICIAS LTDA","BURITI DE GOIÁS - GO, SANCLERLÂNDIA - GO","AREIA, MINÉRIO DE OURO","Construção civil, Industrial","Sim"
"Gerência Regional / GO","860226/2017","Requerimento de Autorização de Pesquisa","Direito de Requerer a Lavra","53.210.778/0001-91","AGROPECUARIA MIRRA LTDA","SANTA CRUZ DE GOIÁS - GO","AREIA, CASCALHO","Construção civil, Construção civil","Sim"
"Gerência Regional / GO","860264/2012","Requerimento de Cessão parcial","Concessão de Lavra","16.573.195/0001-07","ARANTES E GOUVEIA MINERACAO LTDA","ARAGUAPAZ - GO, FAINA - GO","AREIA","Construção civil","Sim"
"Gerência Regional / GO","860558/2024","Requerimento de Cessão parcial","Direito de Requerer a Lavra","***.326.078-**","CLAUDIANE MARCONI PEREIRA CHAIM","NIQUELÂNDIA - GO","CALCÁRIO CALCÍTICO","Fabricação de cimento","Sim"
"Gerência Regional / GO","861386/2012","Requerimento de Autorização de Pesquisa","Concessão de Lavra","49.160.481/0001-91","FWS CONSTRUTORA LTDA","IVOLÂNDIA - GO","AREIA, MINÉRIO DE OURO","Construção civil, Industrial","Sim"
"Gerência Regional / GO","860444/2020","Requerimento de Cessão parcial","Concessão de Lavra","54.198.621/0001-50","AREIAL PEROLA I LTDA","JUSSARA - GO, MONTES CLAROS DE GOIÁS - GO","AREIA","Construção civil","Sim"
"Gerência Regional / GO","860495/2024","Requerimento de Cessão parcial","Autorização de Pesquisa","54.120.045/0001-29","HB AREIAL BARROS LTDA","MARA ROSA - GO, SANTA TEREZINHA DE GOIÁS - GO","AREIA, MINÉRIO DE OURO","Construção civil, Industrial","Sim"
"Gerência Regional / GO","860500/2021","Requerimento de Autorização de Pesquisa","Direito de Requerer a Lavra","53.807.312/0001-78","NORTE AMBIENTAL MINERACAO LTDA","FAINA - GO","AREIA","Construção civil","Sim"
"Gerência Regional / GO","861780/1993","Requerimento de Autorização de Pesquisa","Concessão de Lavra","97.837.181/0001-47","DEXCO S.A","NERÓPOLIS - GO","ARGILA","Demais substâncias","Sim"
"Gerência Regional / GO","860146/2009","Requerimento de Autorização de Pesquisa","Concessão de Lavra","47.530.724/0001-00","BRW MINERACAO S.A.","ANICUNS - GO","CALCÁRIO, CALCÁRIO CALCÍTICO","Fabricação de cimento, Fabricação de cimento","Sim"
"Gerência Regional / GO","861626/2012","Requerimento de Autorização de Pesquisa","Concessão de Lavra","52.699.033/0001-75","AREIAL VBS LTDA","ITAPURANGA - GO","AREIA, MINÉRIO DE OURO","Construção civil, Industrial","Sim"
"Gerência Regional / GO","861427/2016","Requerimento de Autorização de Pesquisa","Concessão de Lavra","33.777.721/0001-61","AREIAL RIO PILOES LTDA","AURILÂNDIA - GO, CÓRREGO DO OURO - GO","AREIA","Construção civil","Sim"
"Gerência Regional / GO","861790/2021","Requerimento de Mudança de Regime para Aut. de Pesquisa","Direito de Requerer a Lavra","55.934.457/0001-65","AGAPEE AGRO II M. ALEGRE PARTICIPACOES LTDA.","MONTE ALEGRE DE GOIÁS - GO","MINÉRIO DE OURO","Industrial","Sim"
"Gerência Regional / GO","860927/2006","Requerimento de Autorização de Pesquisa","Concessão de Lavra","46.667.810/0001-05","JEFFERSON GONCALVES VITOR 03900937184","SILVÂNIA - GO","AREIA","Construção civil","Sim"
"Gerência Regional / GO","861138/2024","Requerimento de Cessão parcial","Autorização de Pesquisa","36.312.985/0001-38","MARCOS ROBERTO AMISTA JUNIOR LTDA","ARAGARÇAS - GO, MONTES CLAROS DE GOIÁS - GO","AREIA, CASCALHO, DIAMANTE","Construção civil, Construção civil, Industrial","Sim"
"Gerência Regional / GO","861742/2021","Requerimento de Autorização de Pesquisa","Direito de Requerer a Lavra","***.013.071-**","FABIO LUCAS RODRIGUES DA MATA","CACHOEIRA DE GOIÁS - GO","MINÉRIO DE OURO, QUARTZITO","Brita, Industrial","Sim"
"Gerência Regional / GO","860896/2024","Requerimento de Cessão parcial","Direito de Requerer a Lavra","57.929.175/0001-03","POWER MINERALS BRASIL LTDA","MUNDO NOVO - GO","FOSFATO, ROCHA POTÁSSICA","Fertilizantes, Industrial","Sim"
"Gerência Regional / GO","861454/2015","Requerimento de Autorização de Pesquisa","Concessão de Lavra","57.658.329/0001-61","MINERADORA E TRANSPORTES SAO LUCAS LTDA","FAZENDA NOVA - GO, JAUPACI - GO","AREIA, DIAMANTE","Construção civil, Industrial","Sim"
"Gerência Regional / GO","860508/2018","Requerimento de Disponibilidade para pesquisa","Direito de Requerer a Lavra","48.595.856/0001-83","W3 MINERACAO LTDA","VILA PROPÍCIO - GO","CALCÁRIO, CAULIM, FILITO, QUARTZITO","Fabricação de cal, Industrial, Industrial, Industrial","Sim"
"Gerência Regional / GO","860070/2022","Requerimento de Autorização de Pesquisa","Concessão de Lavra","60.287.704/0001-19","SETTE MINERACAO LTDA","ARAGUAPAZ - GO","AREIA, CASCALHO, MINÉRIO DE OURO","Construção civil, Construção civil, Industrial","Sim"
"Gerência Regional / GO","860802/2005","Requerimento de Autorização de Pesquisa","Concessão de Lavra","31.248.224/0001-40","UNGARELLI CONSULTORIA E PARTICIPACOES LTDA","ÁGUAS LINDAS DE GOIÁS - GO, COCALZINHO DE GOIÁS - GO","MINÉRIO DE OURO, QUARTZITO","Industrial, Industrial","Sim"
"Gerência Regional / GO","861256/2016","Requerimento de Autorização de Pesquisa","Concessão de Lavra","60.916.520/0001-70","DOLOMAX MINERACAO LTDA","MONTE ALEGRE DE GOIÁS - GO","CALCÁRIO, MÁRMORE","Corretivo de solo, Revestimento","Sim"
"Gerência Regional / GO","861542/2014","Requerimento de Autorização de Pesquisa","Direito de Requerer a Lavra","62.331.484/0001-09","RGM MINERACAO LTDA","SÃO LUÍS DE MONTES BELOS - GO","GNAISSE","Brita","Sim"
"Gerência Regional / GO","861044/2003","Requerimento de Autorização de Pesquisa","Direito de Requerer a Lavra","63.128.948/0001-47","GONICKEL METAIS LTDA.","SANTA FÉ DE GOIÁS - GO","MINÉRIO DE NÍQUEL","Industrial","Sim"
"Gerência Regional / GO","860598/2020","Requerimento de Cessão parcial","Direito de Requerer a Lavra","63.326.895/0001-79","ABADIA VERDE RECICLAGEM E INDUSTRIA LTDA","ABADIA DE GOIÁS - GO, TRINDADE - GO","GABRO, ILMENITA","Brita, Industrial","Sim"
"Gerência Regional / GO","860685/2001","Requerimento de Autorização de Pesquisa","Concessão de Lavra","63.798.625/0001-60","F3A AGUA MINERAL NATURAL LTDA","ABADIÂNIA - GO","ÁGUA MINERAL","Industrial","Sim"
"Gerência Regional / GO","861121/2004","Requerimento de Autorização de Pesquisa","Concessão de Lavra","63.585.614/0001-00","FRANCO INDUSTRIALIZACAO E COMERCIALIZACAO DE AGUA MINERAL LTDA","JUSSARA - GO","ÁGUA MINERAL","Industrial","Sim"
