"Superintendência","Processo","Tipo de requerimento","Fase Atual","CPF/CNPJ do titular","Titular","Municipio(s)","Substância(s)","Tipo(s) de Uso","Situação"
"Gerência Regional / GO","860860/2023","Requerimento de Mudança de Regime para Licenciamento","Requerimento de Licenciamento","00.652.008/0001-32","LEMOS CONSTRUCOES TRANSPORTES AREIA E CASCALHO LTDA","PIRES DO RIO - GO","AREIA","Construção civil","Sim"
"Gerência Regional / GO","860432/2022","Requerimento de Registro de Licença","Requerimento de Licenciamento","02.805.570/0001-84","SUDARIO & RODOVALHO LTDA.","DAVINÓPOLIS - GO","ARGILA","Cerâmica vermelha","Sim"
"Gerência Regional / GO","860795/2026","Requerimento de Mudança de Regime para Licenciamento","Requerimento de Licenciamento","24.826.331/0001-43","PORTO RICO EXTRACAO DE AREIA LTDA","NIQUELÂNDIA - GO","AREIA, CASCALHO","Construção civil, Construção civil","Sim"
"Gerência Regional / GO","860967/2023","Requerimento de Registro de Licença","Requerimento de Licenciamento","33.310.814/0001-81","CERAMICA PARAISO LTDA","OUVIDOR - GO","ARGILA","Cerâmica vermelha","Sim"
"Gerência Regional / GO","860903/2014","Requerimento de Registro de Licença","Requerimento de Licenciamento","33.310.814/0001-81","CERAMICA PARAISO LTDA","OUVIDOR - GO","ARGILA","Cerâmica vermelha","Sim"
"Gerência Regional / GO","860313/2020","Requerimento de Registro de Licença","Requerimento de Licenciamento","36.829.356/0001-80","CATALANA IND E COM DE ARTEFATOS DE CIMENTO E CONST LTDA","CORUMBAÍBA - GO, CUMARI - GO","AREIA, CASCALHO","Construção civil, Construção civil","Sim"
"Gerência Regional / GO","860545/2025","Requerimento de Registro de Licença","Requerimento de Licenciamento","42.184.226/0019-69","ANGLO AMERICAN NIQUEL BRASIL LTDA","NIQUELÂNDIA - GO","CASCALHO","Brita","Sim"
"Gerência Regional / GO","860544/2025","Requerimento de Registro de Licença","Requerimento de Licenciamento","42.184.226/0019-69","ANGLO AMERICAN NIQUEL BRASIL LTDA","NIQUELÂNDIA - GO","CASCALHO","Brita","Sim"
"Gerência Regional / GO","860549/2025","Requerimento de Registro de Licença","Requerimento de Licenciamento","42.184.226/0019-69","ANGLO AMERICAN NIQUEL BRASIL LTDA","NIQUELÂNDIA - GO","CASCALHO","Brita","Sim"
"Gerência Regional / GO","860548/2025","Requerimento de Registro de Licença","Requerimento de Licenciamento","42.184.226/0019-69","ANGLO AMERICAN NIQUEL BRASIL LTDA","NIQUELÂNDIA - GO","CASCALHO","Brita","Sim"
"Gerência Regional / GO","860547/2025","Requerimento de Registro de Licença","Requerimento de Licenciamento","42.184.226/0019-69","ANGLO AMERICAN NIQUEL BRASIL LTDA","NIQUELÂNDIA - GO","CASCALHO","Brita","Sim"
"Gerência Regional / GO","860070/2020","Requerimento de Registro de Licença","Requerimento de Licenciamento","77.955.532/0001-07","CONSTRUTORA TRIUNFO S/A - EM RECUPERACAO JUDICIAL","CAIAPÔNIA - GO","CASCALHO","Construção civil","Sim"
"Gerência Regional / GO","860031/2020","Requerimento de Registro de Licença","Requerimento de Licenciamento","77.955.532/0001-07","CONSTRUTORA TRIUNFO S/A - EM RECUPERACAO JUDICIAL","BOM JARDIM DE GOIÁS - GO","CASCALHO","Construção civil","Sim"
"Gerência Regional / GO","861030/2013","Requerimento de Registro de Licença","Requerimento de Licenciamento","***.744.998-**","ROLF GUSTAVO ROBERTO BAUMGART","PARAÚNA - GO","CASCALHO","Construção civil","Sim"
"Gerência Regional / GO","861029/2013","Requerimento de Registro de Licença","Requerimento de Licenciamento","***.744.998-**","ROLF GUSTAVO ROBERTO BAUMGART","PARAÚNA - GO","CASCALHO","Construção civil","Sim"
"Gerência Regional / GO","861032/2013","Requerimento de Registro de Licença","Requerimento de Licenciamento","***.744.998-**","ROLF GUSTAVO ROBERTO BAUMGART","PARAÚNA - GO","CASCALHO","Construção civil","Sim"
"Gerência Regional / GO","860921/2019","Requerimento de Registro de Licença","Requerimento de Licenciamento","***.091.476-**","TULIO BARBOSA GARCIA                                                            ","CHAPADÃO DO CÉU - GO","CASCALHO","Construção civil","Sim"
"Gerência Regional / GO","860666/2020","Requerimento de Registro de Licença","Requerimento de Licenciamento","04.745.073/0001-63","Calbrax Mineração Ltda","IACIARA - GO","CALCÁRIO CALCÍTICO, CALCÁRIO CALCÍTICO, CALCÁRIO DOLOMÍTICO, CALCÁRIO DOLOMÍTICO","Brita, Brita, Corretivo de solo, Corretivo de solo","Sim"
"Gerência Regional / GO","860655/2014","Requerimento de Mudança de Regime para Licenciamento","Requerimento de Licenciamento","04.745.073/0001-63","Calbrax Mineração Ltda","SÃO DOMINGOS - GO","CALCÁRIO DOLOMÍTICO","Corretivo de solo","Sim"
"Gerência Regional / MG","830323/2019","Requerimento de Registro de Licença","Requerimento de Licenciamento","02.176.213/0001-02","Areia Bergamo Araguari Ltda","BURITI ALEGRE - GO, TUPACIGUARA - MG","AREIA, CASCALHO","Construção civil, Construção civil","Sim"
"Gerência Regional / MG","830322/2019","Requerimento de Registro de Licença","Requerimento de Licenciamento","02.176.213/0001-02","Areia Bergamo Araguari Ltda","BURITI ALEGRE - GO, TUPACIGUARA - MG","AREIA, CASCALHO","Construção civil, Construção civil","Sim"
"Gerência Regional / MG","830321/2019","Requerimento de Registro de Licença","Requerimento de Licenciamento","02.176.213/0001-02","Areia Bergamo Araguari Ltda","BURITI ALEGRE - GO, CORUMBAÍBA - GO, TUPACIGUARA - MG","AREIA, CASCALHO","Construção civil, Construção civil","Sim"
"Gerência Regional / MG","830320/2019","Requerimento de Registro de Licença","Requerimento de Licenciamento","02.176.213/0001-02","Areia Bergamo Araguari Ltda","BURITI ALEGRE - GO, CORUMBAÍBA - GO, TUPACIGUARA - MG","AREIA, CASCALHO","Construção civil, Construção civil","Sim"
"Gerência Regional / MG","830319/2019","Requerimento de Registro de Licença","Requerimento de Licenciamento","02.176.213/0001-02","Areia Bergamo Araguari Ltda","BURITI ALEGRE - GO, CORUMBAÍBA - GO, TUPACIGUARA - MG","AREIA, CASCALHO","Construção civil, Construção civil","Sim"
"Gerência Regional / MG","830318/2019","Requerimento de Registro de Licença","Requerimento de Licenciamento","02.176.213/0001-02","Areia Bergamo Araguari Ltda","BURITI ALEGRE - GO, CORUMBAÍBA - GO, TUPACIGUARA - MG","AREIA, CASCALHO","Construção civil, Construção civil","Sim"
"Gerência Regional / MG","830317/2019","Requerimento de Registro de Licença","Requerimento de Licenciamento","02.176.213/0001-02","Areia Bergamo Araguari Ltda","CORUMBAÍBA - GO, TUPACIGUARA - MG","AREIA, CASCALHO","Construção civil, Construção civil","Sim"
"Gerência Regional / MG","831954/2018","Requerimento de Registro de Licença","Requerimento de Licenciamento","02.176.213/0001-02","Areia Bergamo Araguari Ltda","CORUMBAÍBA - GO, TUPACIGUARA - MG","AREIA, CASCALHO","Construção civil, Construção civil","Sim"
"Gerência Regional / MG","831938/2018","Requerimento de Registro de Licença","Requerimento de Licenciamento","02.176.213/0001-02","Areia Bergamo Araguari Ltda","CORUMBAÍBA - GO, TUPACIGUARA - MG","AREIA, CASCALHO","Construção civil, Construção civil","Sim"
"Gerência Regional / MG","831937/2018","Requerimento de Registro de Licença","Requerimento de Licenciamento","02.176.213/0001-02","Areia Bergamo Araguari Ltda","CORUMBAÍBA - GO, TUPACIGUARA - MG","AREIA, CASCALHO","Construção civil, Construção civil","Sim"
"Gerência Regional / MG","831936/2018","Requerimento de Registro de Licença","Requerimento de Licenciamento","02.176.213/0001-02","Areia Bergamo Araguari Ltda","CORUMBAÍBA - GO, TUPACIGUARA - MG","AREIA, CASCALHO","Construção civil, Construção civil","Sim"
"Gerência Regional / MG","831935/2018","Requerimento de Registro de Licença","Requerimento de Licenciamento","02.176.213/0001-02","Areia Bergamo Araguari Ltda","CORUMBAÍBA - GO, TUPACIGUARA - MG","AREIA, CASCALHO","Construção civil, Construção civil","Sim"
"Gerência Regional / MG","831934/2018","Requerimento de Registro de Licença","Requerimento de Licenciamento","02.176.213/0001-02","Areia Bergamo Araguari Ltda","CORUMBAÍBA - GO, TUPACIGUARA - MG","AREIA, CASCALHO","Construção civil, Construção civil","Sim"
"Gerência Regional / MG","831933/2018","Requerimento de Registro de Licença","Requerimento de Licenciamento","02.176.213/0001-02","Areia Bergamo Araguari Ltda","CORUMBAÍBA - GO, TUPACIGUARA - MG","AREIA, CASCALHO","Construção civil, Construção civil","Sim"
"Gerência Regional / MG","831932/2018","Requerimento de Registro de Licença","Requerimento de Licenciamento","02.176.213/0001-02","Areia Bergamo Araguari Ltda","CORUMBAÍBA - GO, TUPACIGUARA - MG","AREIA, CASCALHO","Construção civil, Construção civil","Sim"
"Gerência Regional / MG","831931/2018","Requerimento de Registro de Licença","Requerimento de Licenciamento","02.176.213/0001-02","Areia Bergamo Araguari Ltda","CORUMBAÍBA - GO, TUPACIGUARA - MG","AREIA, CASCALHO","Construção civil, Construção civil","Sim"
"Gerência Regional / MG","831930/2018","Requerimento de Registro de Licença","Requerimento de Licenciamento","02.176.213/0001-02","Areia Bergamo Araguari Ltda","CORUMBAÍBA - GO, TUPACIGUARA - MG","AREIA, CASCALHO","Construção civil, Construção civil","Sim"
"Gerência Regional / MG","831929/2018","Requerimento de Registro de Licença","Requerimento de Licenciamento","02.176.213/0001-02","Areia Bergamo Araguari Ltda","CORUMBAÍBA - GO, TUPACIGUARA - MG","AREIA, CASCALHO","Construção civil, Construção civil","Sim"
"Gerência Regional / MG","831928/2018","Requerimento de Registro de Licença","Requerimento de Licenciamento","02.176.213/0001-02","Areia Bergamo Araguari Ltda","CORUMBAÍBA - GO, TUPACIGUARA - MG","AREIA, CASCALHO","Construção civil, Construção civil","Sim"
"Gerência Regional / MG","831927/2018","Requerimento de Registro de Licença","Requerimento de Licenciamento","02.176.213/0001-02","Areia Bergamo Araguari Ltda","CORUMBAÍBA - GO, TUPACIGUARA - MG","AREIA, CASCALHO","Construção civil, Construção civil","Sim"
"Gerência Regional / MG","831926/2018","Requerimento de Registro de Licença","Requerimento de Licenciamento","02.176.213/0001-02","Areia Bergamo Araguari Ltda","CORUMBAÍBA - GO, TUPACIGUARA - MG","AREIA, CASCALHO","Construção civil, Construção civil","Sim"
"Gerência Regional / MG","831925/2018","Requerimento de Registro de Licença","Requerimento de Licenciamento","02.176.213/0001-02","Areia Bergamo Araguari Ltda","CORUMBAÍBA - GO, TUPACIGUARA - MG","AREIA, CASCALHO","Construção civil, Construção civil","Sim"
"Gerência Regional / MG","831924/2018","Requerimento de Registro de Licença","Requerimento de Licenciamento","02.176.213/0001-02","Areia Bergamo Araguari Ltda","CORUMBAÍBA - GO, TUPACIGUARA - MG","AREIA, CASCALHO","Construção civil, Construção civil","Sim"
"Gerência Regional / MG","830331/2019","Requerimento de Registro de Licença","Requerimento de Licenciamento","02.176.213/0001-02","Areia Bergamo Araguari Ltda","ITUMBIARA - GO, TUPACIGUARA - MG","AREIA, CASCALHO","Construção civil, Construção civil","Sim"
"Gerência Regional / MG","830330/2019","Requerimento de Registro de Licença","Requerimento de Licenciamento","02.176.213/0001-02","Areia Bergamo Araguari Ltda","ITUMBIARA - GO, TUPACIGUARA - MG","AREIA, CASCALHO","Construção civil, Construção civil","Sim"
"Gerência Regional / MG","830329/2019","Requerimento de Registro de Licença","Requerimento de Licenciamento","02.176.213/0001-02","Areia Bergamo Araguari Ltda","BURITI ALEGRE - GO, ITUMBIARA - GO, TUPACIGUARA - MG","AREIA, CASCALHO","Construção civil, Construção civil","Sim"
"Gerência Regional / MG","830328/2019","Requerimento de Registro de Licença","Requerimento de Licenciamento","02.176.213/0001-02","Areia Bergamo Araguari Ltda","BURITI ALEGRE - GO, TUPACIGUARA - MG","AREIA, CASCALHO","Construção civil, Construção civil","Sim"
"Gerência Regional / MG","830327/2019","Requerimento de Registro de Licença","Requerimento de Licenciamento","02.176.213/0001-02","Areia Bergamo Araguari Ltda","BURITI ALEGRE - GO, TUPACIGUARA - MG","AREIA, CASCALHO","Construção civil, Construção civil","Sim"
"Gerência Regional / MG","830326/2019","Requerimento de Registro de Licença","Requerimento de Licenciamento","02.176.213/0001-02","Areia Bergamo Araguari Ltda","BURITI ALEGRE - GO, TUPACIGUARA - MG","AREIA, CASCALHO","Construção civil, Construção civil","Sim"
"Gerência Regional / MG","830325/2019","Requerimento de Registro de Licença","Requerimento de Licenciamento","02.176.213/0001-02","Areia Bergamo Araguari Ltda","BURITI ALEGRE - GO, TUPACIGUARA - MG","AREIA, CASCALHO","Construção civil, Construção civil","Sim"
"Gerência Regional / GO","860798/2024","Requerimento de Mudança de Regime para Licenciamento","Requerimento de Licenciamento","00.107.151/0001-43","CERAMICA BARREIRAO LTDA","MONTE ALEGRE DE GOIÁS - GO","ARGILA","Cerâmica vermelha","Sim"
"Gerência Regional / GO","860730/2018","Requerimento de Registro de Licença","Requerimento de Licenciamento","00.254.984/0001-37","ANTONIA DUTRA CORREA DE PAULA ME","SILVÂNIA - GO","AREIA","Construção civil","Sim"
"Gerência Regional / GO","861907/2024","Requerimento de Registro de Licença","Requerimento de Licenciamento","00.652.008/0001-32","LEMOS CONSTRUCOES TRANSPORTES AREIA E CASCALHO LTDA","IPAMERI - GO","AREIA, CASCALHO","Construção civil, Construção civil","Sim"
"Gerência Regional / GO","860241/2026","Requerimento de Registro de Licença","Requerimento de Licenciamento","00.803.791/0001-98","EMFOL EMPRESA DE MINERACAO FORMOSA LTDA","FORMOSA - GO","CALCÁRIO DOLOMÍTICO, CALCÁRIO DOLOMÍTICO","Brita, Corretivo de solo","Sim"
"Gerência Regional / GO","860100/2015","Requerimento de Registro de Licença","Requerimento de Licenciamento","01.126.983/0001-70","Arenan Extração e Comércio de Areia Ltda","ORIZONA - GO","AREIA","Construção civil","Sim"
"Gerência Regional / GO","860990/2025","Requerimento de Mudança de Regime para Licenciamento","Requerimento de Licenciamento","01.761.779/0001-20","BRUTUS MINERACAO LTDA","SILVÂNIA - GO","AREIA, ARGILA","Construção civil, Industrial","Sim"
"Gerência Regional / GO","860300/2016","Requerimento de Registro de Licença","Requerimento de Licenciamento","01.814.141/0001-00","Construtora O & S Ltda Me","MORRINHOS - GO","AREIA","Construção civil","Sim"
"Gerência Regional / GO","860673/2020","Requerimento de Mudança de Regime para Licenciamento","Requerimento de Licenciamento","02.243.228/0001-38","MINERACAO ORCALINO FERREIRA GUIMARAES LTDA","RIO VERDE - GO","BASALTO","Brita","Sim"
"Gerência Regional / GO","861017/2015","Requerimento de Mudança de Regime para Licenciamento","Requerimento de Licenciamento","02.802.569/0001-04","CERAMICA CATALAO EIRELI","CAMPO ALEGRE DE GOIÁS - GO","ARGILA","Cerâmica vermelha","Sim"
"Gerência Regional / GO","861539/2021","Requerimento de Registro de Licença","Requerimento de Licenciamento","02.805.570/0001-84","SUDARIO & RODOVALHO LTDA.","DAVINÓPOLIS - GO","ARGILA","Cerâmica vermelha","Sim"
"Gerência Regional / GO","862164/2011","Requerimento de Registro de Licença","Requerimento de Licenciamento","03.204.735/0001-25","Eusebio Manoel da Silva","SÃO FRANCISCO DE GOIÁS - GO","AREIA","Construção civil","Sim"
"Gerência Regional / GO","860819/2026","Requerimento de Registro de Licença","Requerimento de Licenciamento","24.826.331/0001-43","PORTO RICO EXTRACAO DE AREIA LTDA","PIRENÓPOLIS - GO","AREIA","Construção civil","Sim"
"Gerência Regional / GO","861094/2021","Requerimento de Registro de Licença","Requerimento de Licenciamento","26.880.146/0001-62","CERAMICA SOLIMOES LTDA","ESTRELA DO NORTE - GO, MARA ROSA - GO","ARGILA","Cerâmica vermelha","Sim"
"Gerência Regional / GO","861217/2013","Requerimento de Registro de Licença","Requerimento de Licenciamento","33.310.814/0001-81","CERAMICA PARAISO LTDA","OUVIDOR - GO","ARGILA","Cerâmica vermelha","Sim"
"Gerência Regional / GO","860944/2017","Requerimento de Registro de Licença","Requerimento de Licenciamento","33.588.328/0001-20","FORNECEDORA SILVANIA DE AREIA LTDA","SILVÂNIA - GO","AREIA","Construção civil","Sim"
"Gerência Regional / GO","860955/2017","Requerimento de Mudança de Regime para Licenciamento","Requerimento de Licenciamento","36.829.356/0001-80","CATALANA IND E COM DE ARTEFATOS DE CIMENTO E CONST LTDA","CORUMBAÍBA - GO, CUMARI - GO","AREIA","Construção civil","Sim"
"Gerência Regional / GO","860546/2025","Requerimento de Registro de Licença","Requerimento de Licenciamento","42.184.226/0019-69","ANGLO AMERICAN NIQUEL BRASIL LTDA","NIQUELÂNDIA - GO","CASCALHO","Brita","Sim"
"Gerência Regional / GO","861031/2013","Requerimento de Registro de Licença","Requerimento de Licenciamento","***.744.998-**","ROLF GUSTAVO ROBERTO BAUMGART","PARAÚNA - GO","CASCALHO","Construção civil","Sim"
"Gerência Regional / GO","861473/2016","Requerimento de Registro de Licença","Requerimento de Licenciamento","***.477.951-**","Jose Araujo de Lima","CALDAS NOVAS - GO","CASCALHO","Construção civil","Sim"
"Gerência Regional / GO","860221/2026","Requerimento de Registro de Licença","Requerimento de Licenciamento","***.404.211-**","RENATO RODRIGUES DA COSTA","GUAPÓ - GO","AREIA, ARGILA","Construção civil, Construção civil","Sim"
"Gerência Regional / GO","860014/2020","Requerimento de Registro de Licença","Requerimento de Licenciamento","***.434.801-**","NILTON SAVIO MOREIRA","TERESINA DE GOIÁS - GO","AREIA, CASCALHO","Construção civil, Construção civil","Sim"
"Gerência Regional / GO","860372/2020","Requerimento de Registro de Licença","Requerimento de Licenciamento","***.035.611-**","JOSE BELCHIOR FERREIRA","ABADIÂNIA - GO","ARGILA","Construção civil","Sim"
"Gerência Regional / GO","860277/2019","Requerimento de Mudança de Regime para Licenciamento","Requerimento de Licenciamento","***.914.671-**","EDWARD MAGALHAES CHAVES","ARRAIAS - TO, MONTE ALEGRE DE GOIÁS - GO","AREIA","Construção civil","Sim"
"Gerência Regional / GO","860923/2019","Requerimento de Registro de Licença","Requerimento de Licenciamento","***.091.476-**","TULIO BARBOSA GARCIA                                                            ","CHAPADÃO DO CÉU - GO","CASCALHO","Construção civil","Sim"
"Gerência Regional / GO","860383/2017","Requerimento de Registro de Licença","Requerimento de Licenciamento","***.214.681-**","ADAILSON DE SANTANA REZENDE","CATALÃO - GO, IPAMERI - GO","AREIA","Construção civil","Sim"
"Gerência Regional / GO","861039/2025","Requerimento de Cessão parcial","Requerimento de Licenciamento","***.405.428-**","Celso Carlos Ferrari","NIQUELÂNDIA - GO, VILA PROPÍCIO - GO","AREIA, CASCALHO","Construção civil, Construção civil","Sim"
"Gerência Regional / GO","860113/2020","Requerimento de Mudança de Regime para Licenciamento","Requerimento de Licenciamento","***.242.081-**","Edivaldo Pereira Naves","CRIXÁS - GO","ARGILA, ILMENITA","Construção civil, Industrial","Sim"
"Gerência Regional / GO","860967/2022","Requerimento de Registro de Licença","Requerimento de Licenciamento","***.703.341-**","MARIO FERNANDO BESSA","MAIRIPOTABA - GO, PONTALINA - GO","AREIA","Construção civil","Sim"
"Gerência Regional / GO","860323/2021","Requerimento de Registro de Licença","Requerimento de Licenciamento","***.036.328-**","FERNANDO ROMUALDO NETO","SILVÂNIA - GO","AREIA","Construção civil","Sim"
"Gerência Regional / GO","862268/2011","Requerimento de Registro de Licença","Requerimento de Licenciamento","03.910.327/0001-99","PEDREIRA RIO CLARO LTDA","JATAÍ - GO","BASALTO","Brita","Sim"
"Gerência Regional / GO","860654/2014","Requerimento de Mudança de Regime para Licenciamento","Requerimento de Licenciamento","21.962.006/0001-10","Loguiminas Serviços e Mineração Ltda","SÃO DOMINGOS - GO","CALCÁRIO DOLOMÍTICO","Corretivo de solo","Sim"
"Gerência Regional / GO","860725/2025","Requerimento de Registro de Licença","Requerimento de Licenciamento","18.592.147/0001-83","CERAMICA SOLAR LTDA","CUMARI - GO","ARGILA","Cerâmica vermelha","Sim"
"Gerência Regional / GO","860670/2020","Requerimento de Mudança de Regime para Licenciamento","Requerimento de Licenciamento","04.745.073/0001-63","Calbrax Mineração Ltda","IACIARA - GO","CALCÁRIO DOLOMÍTICO, CALCÁRIO DOLOMÍTICO","Brita, Corretivo de solo","Sim"
"Gerência Regional / MG","830324/2019","Requerimento de Registro de Licença","Requerimento de Licenciamento","02.176.213/0001-02","Areia Bergamo Araguari Ltda","BURITI ALEGRE - GO, TUPACIGUARA - MG","AREIA, CASCALHO","Construção civil, Construção civil","Sim"
"Gerência Regional / GO","860131/2014","Requerimento de Registro de Licença","Requerimento de Licenciamento","***.313.381-**","SALVADOR RODRIGUES SOBRINHO","CAVALCANTE - GO, MINAÇU - GO","AREIA","Construção civil","Sim"
"Gerência Regional / GO","860338/2014","Requerimento de Registro de Licença","Requerimento de Licenciamento","03.497.835/0001-97","MINERACAO CERRADO EIRELI","ARAGUAPAZ - GO, FAINA - GO","AREIA","Construção civil","Sim"
"Gerência Regional / GO","860337/2014","Requerimento de Registro de Licença","Requerimento de Licenciamento","03.497.835/0001-97","MINERACAO CERRADO EIRELI","ARAGUAPAZ - GO, FAINA - GO","AREIA","Construção civil","Sim"
"Gerência Regional / GO","860366/2014","Requerimento de Registro de Licença","Requerimento de Licenciamento","03.497.835/0001-97","MINERACAO CERRADO EIRELI","FAINA - GO","AREIA","Construção civil","Sim"
"Gerência Regional / GO","860564/2014","Requerimento de Registro de Licença","Requerimento de Licenciamento","***.525.571-**","LENISMAR CABRAL DE OLIVEIRA","CORUMBAÍBA - GO, CUMARI - GO","AREIA","Construção civil","Sim"
"Gerência Regional / GO","860185/2023","Requerimento de Mudança de Regime para Licenciamento","Requerimento de Licenciamento","37.600.699/0001-30","MINERACAO GOIANESIA LTDA","GOIANÉSIA - GO","CALCÁRIO, CALCÁRIO, CASCALHO, CASCALHO, XISTO","Brita, Brita, Brita, Construção civil, Corretivo de solo","Sim"
"Gerência Regional / GO","860382/2017","Requerimento de Registro de Licença","Requerimento de Licenciamento","37.600.699/0001-30","MINERACAO GOIANESIA LTDA","GOIANÉSIA - GO","CALCÁRIO","Brita","Sim"
"Gerência Regional / GO","860666/2019","Requerimento de Mudança de Regime para Licenciamento","Requerimento de Licenciamento","***.590.706-**","JOSE DOS PASSOS LIMA","TERESINA DE GOIÁS - GO","AREIA","Construção civil","Sim"
"Gerência Regional / GO","860422/2025","Requerimento de Registro de Licença","Requerimento de Licenciamento","***.645.461-**","BRUNO OLIVEIRA RIBEIRO","CALDAS NOVAS - GO, SANTA CRUZ DE GOIÁS - GO","AREIA","Construção civil","Sim"
"Gerência Regional / GO","860929/2015","Requerimento de Mudança de Regime para Licenciamento","Requerimento de Licenciamento","06.271.638/0001-43","BRASILIA MINERACAO LTDA","CRISTALINA - GO","AREIA, CASCALHO, QUARTZITO","Brita, Construção civil, Construção civil","Sim"
"Gerência Regional / GO","860378/2018","Requerimento de Registro de Licença","Requerimento de Licenciamento","24.946.352/0001-00","JM TERRAPLANAGEM E CONSTRUCOES LTDA","NIQUELÂNDIA - GO","CASCALHO","Construção civil","Sim"
"Gerência Regional / GO","860716/2023","Requerimento de Mudança de Regime para Licenciamento","Requerimento de Licenciamento","05.113.453/0001-48","JACC MINERACAO E AGREGADOS LTDA","GOIANÉSIA - GO","GRANITO","Brita","Sim"
"Gerência Regional / GO","860155/2021","Requerimento de Registro de Licença","Requerimento de Licenciamento","89.096.457/0001-55","SLC AGRICOLA S.A.","CHAPADÃO DO CÉU - GO","CASCALHO","Construção civil","Sim"
"Gerência Regional / GO","860476/2025","Requerimento de Mudança de Regime para Licenciamento","Requerimento de Licenciamento","***.321.191-**","IVAN SEBASTIAO DE DEUS","CRIXÁS - GO, SANTA TEREZINHA DE GOIÁS - GO","AREIA","Construção civil","Sim"
"Gerência Regional / GO","860788/2016","Requerimento de Registro de Licença","Requerimento de Licenciamento","05.020.824/0001-47","MINERAL-MINERACAO DE AREIA LTDA","SANTA RITA DO NOVO DESTINO - GO, URUAÇU - GO","AREIA, CASCALHO","Construção civil, Construção civil","Sim"
"Gerência Regional / GO","860200/2016","Requerimento de Registro de Licença","Requerimento de Licenciamento","10.416.169/0001-80","MINERACAO RIO CLARO LTDA","IPORÁ - GO, MOIPORÁ - GO","AREIA, CASCALHO","Construção civil, Construção civil","Sim"
"Gerência Regional / GO","860199/2016","Requerimento de Registro de Licença","Requerimento de Licenciamento","10.416.169/0001-80","MINERACAO RIO CLARO LTDA","IPORÁ - GO, IVOLÂNDIA - GO, MOIPORÁ - GO","AREIA, CASCALHO","Construção civil, Construção civil","Sim"
"Gerência Regional / GO","860203/2016","Requerimento de Registro de Licença","Requerimento de Licenciamento","10.416.169/0001-80","MINERACAO RIO CLARO LTDA","IPORÁ - GO, ISRAELÂNDIA - GO, MOIPORÁ - GO","AREIA, CASCALHO","Construção civil, Construção civil","Sim"
"Gerência Regional / GO","860202/2016","Requerimento de Registro de Licença","Requerimento de Licenciamento","10.416.169/0001-80","MINERACAO RIO CLARO LTDA","IPORÁ - GO, MOIPORÁ - GO","AREIA, CASCALHO","Construção civil, Construção civil","Sim"
"Gerência Regional / GO","860310/2021","Requerimento de Registro de Licença","Requerimento de Licenciamento","***.271.111-**","SEBASTIAO NUNES DE BASTOS","ABADIÂNIA - GO, GAMELEIRA DE GOIÁS - GO","AREIA","Construção civil","Sim"
"Gerência Regional / GO","861009/2016","Requerimento de Registro de Licença","Requerimento de Licenciamento","***.185.561-**","Lucio Pinto","MUNDO NOVO - GO, SÃO MIGUEL DO ARAGUAIA - GO","AREIA","Construção civil","Sim"
"Gerência Regional / GO","860221/2015","Requerimento de Mudança de Regime para Licenciamento","Requerimento de Licenciamento","02.094.748/0001-26","Mineraçâo e Transportes Corumbá Ltda","CALDAS NOVAS - GO","AREIA, CASCALHO","Construção civil, Construção civil","Sim"
"Gerência Regional / GO","860569/2023","Requerimento de Mudança de Regime para Licenciamento","Requerimento de Licenciamento","***.974.661-**","JOAQUIM DA SILVA PIRES","MINAÇU - GO","CASCALHO","Construção civil","Sim"
"Gerência Regional / GO","860132/2014","Requerimento de Registro de Licença","Requerimento de Licenciamento","***.313.381-**","SALVADOR RODRIGUES SOBRINHO","CAVALCANTE - GO, MINAÇU - GO","AREIA","Construção civil","Sim"
"Gerência Regional / GO","860339/2014","Requerimento de Registro de Licença","Requerimento de Licenciamento","03.497.835/0001-97","MINERACAO CERRADO EIRELI","ARAGUAPAZ - GO, FAINA - GO","AREIA","Construção civil","Sim"
"Gerência Regional / GO","860237/2023","Requerimento de Mudança de Regime para Licenciamento","Requerimento de Licenciamento","***.162.526-**","ITALO GOUVEIA DE LIMA","URUAÇU - GO","CASCALHO","Construção civil","Sim"
"Gerência Regional / GO","860717/2023","Requerimento de Registro de Licença","Requerimento de Licenciamento","00.926.028/0001-54","CERAMICA ITAPIRA LTDA","GOIÁS - GO","ARGILA","Construção civil","Sim"
"Gerência Regional / GO","861201/2024","Requerimento de Mudança de Regime para Licenciamento","Requerimento de Licenciamento","***.598.641-**","DIVINO JOSE DE BRITO","PIRENÓPOLIS - GO","AREIA","Construção civil","Sim"
"Gerência Regional / GO","860520/2020","Requerimento de Registro de Licença","Requerimento de Licenciamento","***.908.961-**","MAURO CESAR DA SILVA","VILA PROPÍCIO - GO","ARGILA","Cerâmica vermelha","Sim"
"Gerência Regional / GO","860466/2018","Requerimento de Mudança de Regime para Licenciamento","Requerimento de Licenciamento","***.821.301-**","ANTONIO GILVA DE ANDRADE","PIRENÓPOLIS - GO","AREIA","Construção civil","Sim"
"Gerência Regional / GO","860718/2026","Requerimento de Registro de Licença","Requerimento de Licenciamento","***.542.181-**","ANAZIR RODRIGUES DA SILVA JUNIOR","NIQUELÂNDIA - GO","AREIA, CASCALHO","Construção civil, Construção civil","Sim"
"Gerência Regional / GO","860418/2020","Requerimento de Registro de Licença","Requerimento de Licenciamento","04.478.554/0001-50","F.g. Vidigal & Cia Ltda","RIALMA - GO","CASCALHO","Construção civil","Sim"
"Gerência Regional / GO","860829/2021","Requerimento de Registro de Licença","Requerimento de Licenciamento","***.337.041-**","ISAEL GONCALVES MOREIRA","SÃO MIGUEL DO PASSA QUATRO - GO, VIANÓPOLIS - GO","AREIA","Construção civil","Sim"
"Gerência Regional / GO","860788/2023","Requerimento de Registro de Licença","Requerimento de Licenciamento","***.194.521-**","JOVENIL INACIO PEIXOTO","JARAGUÁ - GO","AREIA, CASCALHO","Construção civil, Construção civil","Sim"
"Gerência Regional / GO","860365/2017","Requerimento de Registro de Licença","Requerimento de Licenciamento","***.307.341-**","Hidalecio Paulo Peron","DIVINÓPOLIS DE GOIÁS - GO, SÃO DOMINGOS - GO","AREIA","Construção civil","Sim"
"Gerência Regional / GO","860217/2014","Requerimento de Registro de Licença","Requerimento de Licenciamento","***.525.571-**","LENISMAR CABRAL DE OLIVEIRA","FAINA - GO","AREIA","Construção civil","Sim"
"Gerência Regional / GO","860076/2024","Requerimento de Registro de Licença","Requerimento de Licenciamento","***.206.011-**","JOEL JOSE DE MORAIS","GUAPÓ - GO","AREIA, ARGILA","Cerâmica vermelha, Construção civil","Sim"
"Gerência Regional / GO","860826/2026","Requerimento de Registro de Licença","Requerimento de Licenciamento","26.664.730/0001-80","CERAMICA CARVALHO LTDA","SÃO LUÍS DE MONTES BELOS - GO","ARGILA","Cerâmica vermelha","Sim"
"Gerência Regional / GO","861563/2013","Requerimento de Registro de Licença","Requerimento de Licenciamento","00.471.912/0001-41","SETA SERVICOS DE ENGENHARIA,TERRAPLENAGEM E ADMINISTRACAO LTDA","ANÁPOLIS - GO","CASCALHO","Construção civil","Sim"
"Gerência Regional / GO","860985/2017","Requerimento de Registro de Licença","Requerimento de Licenciamento","03.940.542/0001-32","CERÂMICA BL LTDA ME","SILVÂNIA - GO","AREIA","Construção civil","Sim"
"Gerência Regional / GO","860381/2017","Requerimento de Registro de Licença","Requerimento de Licenciamento","37.600.699/0001-30","MINERACAO GOIANESIA LTDA","GOIANÉSIA - GO","CALCÁRIO","Brita","Sim"
"Gerência Regional / GO","860907/2019","Requerimento de Registro de Licença","Requerimento de Licenciamento","***.065.461-**","Sebastião Gomes","ANICUNS - GO","AREIA","Construção civil","Sim"
"Gerência Regional / GO","861265/2022","Requerimento de Registro de Licença","Requerimento de Licenciamento","***.525.751-**","JUNIOR CESAR FERREIRA DA CRUZ","ARAGARÇAS - GO","AREIA, CASCALHO","Construção civil, Construção civil","Sim"
"Gerência Regional / GO","860715/2013","Requerimento de Registro de Licença","Requerimento de Licenciamento","***.590.706-**","JOSE DOS PASSOS LIMA","MONTE ALEGRE DE GOIÁS - GO","AREIA","Construção civil","Sim"
"Gerência Regional / GO","860380/2015","Requerimento de Registro de Licença","Requerimento de Licenciamento","***.410.101-**","Elecio Guimaraes Junnior ","VIANÓPOLIS - GO","ARGILA","Cerâmica vermelha","Sim"
"Gerência Regional / GO","861154/2024","Requerimento de Mudança de Regime para Licenciamento","Requerimento de Licenciamento","***.506.161-**","Osmar Rodovalho","TRÊS RANCHOS - GO","ARGILA","Cerâmica vermelha","Sim"
"Gerência Regional / GO","861516/2015","Requerimento de Registro de Licença","Requerimento de Licenciamento","05.695.212/0001-54","MINERAÇÃO & TRANSPORTE NOSSA SENHORA APARECIDA LTDA","ITARUMÃ - GO, LIMEIRA DO OESTE - MG","AREIA, CASCALHO","Construção civil, Construção civil","Sim"
"Gerência Regional / GO","861025/2023","Requerimento de Registro de Licença","Requerimento de Licenciamento","***.447.511-**","MARCELO DE FREITAS MUSSE","OURO VERDE DE GOIÁS - GO","CASCALHO","Construção civil","Sim"
"Gerência Regional / GO","860500/2020","Requerimento de Registro de Licença","Requerimento de Licenciamento","***.891.301-**","MAURO MARTINS LOPES","BURITI ALEGRE - GO","ARGILA","Construção civil","Sim"
"Gerência Regional / GO","860215/2015","Requerimento de Registro de Licença","Requerimento de Licenciamento","***.306.011-**","BENILSON MACEDO GUIMARAES","CAIAPÔNIA - GO","AREIA","Construção civil","Sim"
"Gerência Regional / GO","861844/2005","Requerimento de Registro de Licença","Requerimento de Licenciamento","***.509.607-**","MARIA INES SILVA VON MUHLENEN","ABADIA DE GOIÁS - GO","CASCALHO","Construção civil","Sim"
"Gerência Regional / GO","860979/2021","Requerimento de Registro de Licença","Requerimento de Licenciamento","***.645.461-**","BRUNO OLIVEIRA RIBEIRO","SANTA CRUZ DE GOIÁS - GO","AREIA","Construção civil","Sim"
"Gerência Regional / GO","860716/2017","Requerimento de Registro de Licença","Requerimento de Licenciamento","***.470.771-**","LEONARDO JOFFILY","SANTO ANTÔNIO DO DESCOBERTO - GO","CASCALHO, QUARTZITO","Construção civil, Pedra de talhe","Sim"
"Gerência Regional / GO","861283/2010","Requerimento de Registro de Licença","Requerimento de Licenciamento","***.055.561-**","Augusto Zacharias Gontijo","CROMÍNIA - GO, PROFESSOR JAMIL - GO","AREIA","Construção civil","Sim"
"Gerência Regional / GO","860928/2015","Requerimento de Mudança de Regime para Licenciamento","Requerimento de Licenciamento","06.271.638/0001-43","BRASILIA MINERACAO LTDA","CRISTALINA - GO","AREIA, CASCALHO, QUARTZITO","Brita, Construção civil, Construção civil","Sim"
"Gerência Regional / GO","860965/2023","Requerimento de Registro de Licença","Requerimento de Licenciamento","***.015.851-**","MESSIAS DA MOTA PAES NETO","ARAGUAPAZ - GO","ARGILA","Construção civil","Sim"
"Gerência Regional / GO","860953/2016","Requerimento de Mudança de Regime para Licenciamento","Requerimento de Licenciamento","***.655.771-**","Eusebio Manoel da Silva","SÃO FRANCISCO DE GOIÁS - GO","AREIA","Construção civil","Sim"
"Gerência Regional / GO","860879/2014","Requerimento de Registro de Licença","Requerimento de Licenciamento","***.187.181-**","João Batista Alves Barbosa","CROMÍNIA - GO, MAIRIPOTABA - GO","AREIA","Construção civil","Sim"
"Gerência Regional / GO","860228/2026","Requerimento de Mudança de Regime para Licenciamento","Requerimento de Licenciamento","***.662.991-**","luciano feres jacob","SÃO SIMÃO - GO","AREIA, CASCALHO, DIAMANTE, DIAMANTE","Construção civil, Construção civil, Gema, Industrial","Sim"
"Gerência Regional / GO","860730/2016","Requerimento de Mudança de Regime para Licenciamento","Requerimento de Licenciamento","03.049.717/0001-16","CERAMICA SANTA BARBARA EIRELI","TRINDADE - GO","ARGILA","Cerâmica vermelha","Sim"
"Gerência Regional / GO","860379/2018","Requerimento de Registro de Licença","Requerimento de Licenciamento","24.946.352/0001-00","JM TERRAPLANAGEM E CONSTRUCOES LTDA","NIQUELÂNDIA - GO","CASCALHO","Construção civil","Sim"
"Gerência Regional / GO","860894/2019","Requerimento de Registro de Licença","Requerimento de Licenciamento","***.825.161-**","Ildo Aniceto Ferreira","PETROLINA DE GOIÁS - GO","ARGILA","Cerâmica vermelha","Sim"
"Gerência Regional / GO","860111/2026","Requerimento de Registro de Licença","Requerimento de Licenciamento","08.512.608/0001-07","MINERACAO FELIX LTDA.","SILVÂNIA - GO","AREIA, ARGILA","Cerâmica vermelha, Construção civil","Sim"
"Gerência Regional / GO","860915/2018","Requerimento de Registro de Licença","Requerimento de Licenciamento","***.526.771-**","Constantino Kaial Filho","CROMÍNIA - GO, MAIRIPOTABA - GO","AREIA, CASCALHO","Construção civil, Construção civil","Sim"
"Gerência Regional / GO","861007/2017","Requerimento de Mudança de Regime para Licenciamento","Requerimento de Licenciamento","***.888.571-**","José Mendes Ribeiro","SANTA RITA DO NOVO DESTINO - GO, URUAÇU - GO","AREIA","Construção civil","Sim"
"Gerência Regional / GO","860325/2016","Requerimento de Registro de Licença","Requerimento de Licenciamento","***.977.368-**","AMARILDO JOAO TURCATO","HIDROLÂNDIA - GO","QUARTZITO","Brita","Sim"
"Gerência Regional / GO","860581/2017","Requerimento de Registro de Licença","Requerimento de Licenciamento","***.108.141-**","Junior da Silva Ribeiro","SANTA RITA DO NOVO DESTINO - GO, URUAÇU - GO","AREIA","Construção civil","Sim"
"Gerência Regional / GO","861296/2007","Requerimento de Registro de Licença","Requerimento de Licenciamento","***.509.501-**","DORISMAR VIEIRA COELHO","LUZIÂNIA - GO","AREIA","Construção civil","Sim"
"Gerência Regional / GO","860261/2018","Requerimento de Registro de Licença","Requerimento de Licenciamento","***.936.131-**","MARCOS PAULO FERREIRA","NIQUELÂNDIA - GO","AREIA","Construção civil","Sim"
"Gerência Regional / GO","860766/2023","Requerimento de Mudança de Regime para Licenciamento","Requerimento de Licenciamento","05.113.453/0001-48","JACC MINERACAO E AGREGADOS LTDA","GOIANÉSIA - GO","GRANITO","Revestimento","Sim"
"Gerência Regional / GO","861159/2022","Requerimento de Mudança de Regime para Licenciamento","Requerimento de Licenciamento","***.282.657-**","RAFAEL FIGUEIREDO CURCIO","SÃO DOMINGOS - GO","CALCÁRIO DOLOMÍTICO","Corretivo de solo","Sim"
"Gerência Regional / GO","860679/2015","Requerimento de Mudança de Regime para Licenciamento","Requerimento de Licenciamento","***.757.141-**","Cyro de Melo Pereira","PADRE BERNARDO - GO, VILA PROPÍCIO - GO","AREIA","Construção civil","Sim"
"Gerência Regional / GO","860237/2017","Requerimento de Registro de Licença","Requerimento de Licenciamento","***.331.871-**","Haendel Augusto Stival Jardini","JATAÍ - GO","ARENITO","Construção civil","Sim"
"Gerência Regional / GO","861383/2006","Requerimento de Registro de Licença","Requerimento de Licenciamento","07.603.999/0001-02","Usina Boa Vista S)a","QUIRINÓPOLIS - GO","CASCALHO","Construção civil","Sim"
"Gerência Regional / GO","860477/2025","Requerimento de Mudança de Regime para Licenciamento","Requerimento de Licenciamento","***.321.191-**","IVAN SEBASTIAO DE DEUS","CRIXÁS - GO, SANTA TEREZINHA DE GOIÁS - GO","AREIA","Construção civil","Sim"
"Gerência Regional / GO","860135/2026","Requerimento de Mudança de Regime para Licenciamento","Requerimento de Licenciamento","08.987.247/0001-55","PEDREIRA RIO VERDE FORTALEZA LTDA","RIO VERDE - GO","BASALTO, BASALTO, BASALTO","Brita, Pedra de talhe, Revestimento","Sim"
"Gerência Regional / GO","860846/2019","Requerimento de Registro de Licença","Requerimento de Licenciamento","***.328.661-**","Ana Maria Cezaria Calzada Machado","CROMÍNIA - GO, PROFESSOR JAMIL - GO","AREIA","Construção civil","Sim"
"Gerência Regional / GO","860578/2022","Requerimento de Registro de Licença","Requerimento de Licenciamento","01.360.990/0001-31","SALB EMPREENDIMENTOS EIRELI","SILVÂNIA - GO","AREIA, ARGILA, CASCALHO","Cerâmica vermelha, Construção civil, Construção civil","Sim"
"Gerência Regional / GO","861238/2016","Requerimento de Registro de Licença","Requerimento de Licenciamento","05.020.824/0001-47","MINERAL-MINERACAO DE AREIA LTDA","SANTA RITA DO NOVO DESTINO - GO, URUAÇU - GO","AREIA, ARGILA","Construção civil, Construção civil","Sim"
"Gerência Regional / GO","861690/2021","Requerimento de Mudança de Regime para Licenciamento","Requerimento de Licenciamento","***.317.665-**","Edson pereira dos Santos","INHUMAS - GO","ARGILA","Cerâmica vermelha","Sim"
"Gerência Regional / GO","860201/2016","Requerimento de Registro de Licença","Requerimento de Licenciamento","10.416.169/0001-80","MINERACAO RIO CLARO LTDA","IPORÁ - GO, MOIPORÁ - GO","AREIA, CASCALHO","Construção civil, Construção civil","Sim"
"Gerência Regional / GO","860594/2011","Requerimento de Mudança de Regime para Licenciamento","Requerimento de Licenciamento","***.152.921-**","FABRICIO LUIZ AMARAL","ABADIÂNIA - GO","AREIA, CASCALHO","Construção civil, Construção civil","Sim"
"Gerência Regional / GO","860298/2011","Requerimento de Mudança de Regime para Licenciamento","Requerimento de Licenciamento","***.672.941-**","DALMO JACOB DO AMARAL","ABADIÂNIA - GO","AREIA, CASCALHO","Construção civil, Construção civil","Sim"
"Gerência Regional / GO","860356/2025","Requerimento de Registro de Licença","Requerimento de Licenciamento","***.206.271-**","MARCELO AMERICO DANTAS","ITAPIRAPUÃ - GO, MATRINCHÃ - GO","AREIA","Construção civil","Sim"
"Gerência Regional / GO","860515/2020","Requerimento de Registro de Licença","Requerimento de Licenciamento","***.734.381-**","GERMANO BARBOSA DE SOUSA","GUARANI DE GOIÁS - GO","CASCALHO","Construção civil","Sim"
"Gerência Regional / GO","860468/2022","Requerimento de Registro de Licença","Requerimento de Licenciamento","***.312.971-**","LINDOLFO NETO DA SILVA","MAIRIPOTABA - GO, PROFESSOR JAMIL - GO","AREIA","Construção civil","Sim"
"Gerência Regional / GO","862062/2011","Requerimento de Registro de Licença","Requerimento de Licenciamento","***.865.201-**","AGNALDO LOPES","PALMEIRAS DE GOIÁS - GO","AREIA, CASCALHO","Construção civil, Construção civil","Sim"
"Gerência Regional / GO","860015/2020","Requerimento de Registro de Licença","Requerimento de Licenciamento","***.797.371-**","LUCILEY ALVES ROSA","ITAPIRAPUÃ - GO","AREIA","Construção civil","Sim"
"Gerência Regional / GO","860474/2026","Requerimento de Registro de Licença","Requerimento de Licenciamento","59.107.938/0001-58","TRANSZERO TRANSPORTADORA DE VEICULOS LTDA","MONTES CLAROS DE GOIÁS - GO","CASCALHO","Construção civil","Sim"
"Gerência Regional / GO","860804/2023","Requerimento de Registro de Licença","Requerimento de Licenciamento","03.043.463/0001-29","MINERACAO SUDOESTE E TRANSPORTADORA JUNIOR LTDA","JANDAIA - GO","AREIA","Construção civil","Sim"
"Gerência Regional / GO","860801/2023","Requerimento de Registro de Licença","Requerimento de Licenciamento","03.043.463/0001-29","MINERACAO SUDOESTE E TRANSPORTADORA JUNIOR LTDA","EDÉIA - GO, INDIARA - GO","AREIA","Construção civil","Sim"
"Gerência Regional / GO","860817/2026","Requerimento de Registro de Licença","Requerimento de Licenciamento","03.043.463/0001-29","MINERACAO SUDOESTE E TRANSPORTADORA JUNIOR LTDA","INDIARA - GO","AREIA","Construção civil","Sim"
"Gerência Regional / GO","860291/2017","Requerimento de Registro de Licença","Requerimento de Licenciamento","***.470.436-**","Marinho Pereira Braga","NAZÁRIO - GO","AREIA, CASCALHO","Construção civil, Construção civil","Sim"
"Gerência Regional / GO","860523/2018","Requerimento de Registro de Licença","Requerimento de Licenciamento","***.505.041-**","Darci Pereira Pinto Junior","MONTE ALEGRE DE GOIÁS - GO","AREIA","Construção civil","Sim"
"Gerência Regional / GO","860952/2017","Requerimento de Mudança de Regime para Licenciamento","Requerimento de Licenciamento","***.505.041-**","Darci Pereira Pinto Junior","MONTE ALEGRE DE GOIÁS - GO","AREIA","Construção civil","Sim"
"Gerência Regional / GO","860933/2017","Requerimento de Registro de Licença","Requerimento de Licenciamento","***.505.041-**","Darci Pereira Pinto Junior","TERESINA DE GOIÁS - GO","AREIA","Construção civil","Sim"
"Gerência Regional / GO","861393/2014","Requerimento de Registro de Licença","Requerimento de Licenciamento","13.889.137/0001-90","SAMJOONG MINERACAO LTDA","HIDROLÂNDIA - GO, VARJÃO - GO","ARENITO","Construção civil","Sim"
"Gerência Regional / GO","861392/2014","Requerimento de Registro de Licença","Requerimento de Licenciamento","13.889.137/0001-90","SAMJOONG MINERACAO LTDA","HIDROLÂNDIA - GO, VARJÃO - GO","ARENITO","Construção civil","Sim"
"Gerência Regional / GO","860435/2016","Requerimento de Registro de Licença","Requerimento de Licenciamento","***.489.467-**","José Maria Barros","SANTO ANTÔNIO DO DESCOBERTO - GO","AREIA, CASCALHO","Construção civil, Construção civil","Sim"
"Gerência Regional / GO","860434/2016","Requerimento de Registro de Licença","Requerimento de Licenciamento","***.489.467-**","José Maria Barros","SANTO ANTÔNIO DO DESCOBERTO - GO","AREIA, CASCALHO","Construção civil, Construção civil","Sim"
"Gerência Regional / GO","860002/2020","Requerimento de Registro de Licença","Requerimento de Licenciamento","***.247.121-**","Jose João Silva","CATALÃO - GO","CASCALHO","Construção civil","Sim"
"Gerência Regional / GO","860862/2023","Requerimento de Mudança de Regime para Licenciamento","Requerimento de Licenciamento","11.507.666/0001-57","TRIANGULO MINERACAO, COMERCIO E EXPORTACAO LTDA","MINEIROS - GO","ARENITO, QUARTZITO","Construção civil, Revestimento","Sim"
"Gerência Regional / GO","860861/2023","Requerimento de Mudança de Regime para Licenciamento","Requerimento de Licenciamento","11.507.666/0001-57","TRIANGULO MINERACAO, COMERCIO E EXPORTACAO LTDA","MINEIROS - GO","ARENITO, QUARTZITO","Construção civil, Revestimento","Sim"
"Gerência Regional / GO","860021/2015","Requerimento de Registro de Licença","Requerimento de Licenciamento","05.999.417/0001-23","Cooperbrita Desenvolvimento e Gestão Mineral Ltda Me","BONFINÓPOLIS - GO","GRANITO","Brita","Sim"
"Gerência Regional / GO","861399/2015","Requerimento de Registro de Licença","Requerimento de Licenciamento","***.902.311-**","abadio alves teles","SANTA TEREZA DE GOIÁS - GO, TROMBAS - GO","AREIA","Construção civil","Sim"
"Gerência Regional / GO","860341/2019","Requerimento de Registro de Licença","Requerimento de Licenciamento","***.964.361-**","João Pimenta de Pádua Júnior","NOVA AURORA - GO","CASCALHO","Construção civil","Sim"
"Gerência Regional / GO","860161/2019","Requerimento de Registro de Licença","Requerimento de Licenciamento","***.212.371-**","EDGAR DE ALMEIDA E SILVA JUNIOR","PARAÚNA - GO","CASCALHO","Construção civil","Sim"
"Gerência Regional / GO","860910/2019","Requerimento de Registro de Licença","Requerimento de Licenciamento","06.207.180/0001-63","Tm Participações Ltda","CAMPESTRE DE GOIÁS - GO","CASCALHO","Construção civil","Sim"
"Gerência Regional / GO","860240/2021","Requerimento de Registro de Licença","Requerimento de Licenciamento","***.122.641-**","Alberto Lucas arcanjo da rocha","OURO VERDE DE GOIÁS - GO","ARGILA, CASCALHO","Construção civil, Construção civil","Sim"
"Gerência Regional / GO","860391/2013","Requerimento de Registro de Licença","Requerimento de Licenciamento","***.657.601-**","Evaldo Carrijo","CALDAS NOVAS - GO","AREIA, CASCALHO","Construção civil, Construção civil","Sim"
"Gerência Regional / GO","860327/2026","Requerimento de Registro de Licença","Requerimento de Licenciamento","10.952.209/0001-09","GL MINERACAO LTDA","CACHOEIRA DOURADA - GO, CAPINÓPOLIS - MG","AREIA","Construção civil","Sim"
"Gerência Regional / GO","862391/2011","Requerimento de Registro de Licença","Requerimento de Licenciamento","***.895.811-**","Cleudimar Ferreira ","ITAPURANGA - GO","ARGILA","Cerâmica vermelha","Sim"
"Gerência Regional / GO","862063/2011","Requerimento de Registro de Licença","Requerimento de Licenciamento","***.865.201-**","AGNALDO LOPES","PALMEIRAS DE GOIÁS - GO","AREIA, CASCALHO","Construção civil, Construção civil","Sim"
"Gerência Regional / GO","860377/2023","Requerimento de Registro de Licença","Requerimento de Licenciamento","***.850.191-**","Wallison Pereira Duarte","ANÁPOLIS - GO, CAMPO LIMPO DE GOIÁS - GO","ARGILA","Cerâmica vermelha","Sim"
"Gerência Regional / GO","860331/2021","Requerimento de Registro de Licença","Requerimento de Licenciamento","11.122.917/0001-85","DIAMANTE NEGRO MINERADORA LTDA","JOVIÂNIA - GO","BASALTO, BASALTO","Brita, Revestimento","Sim"
"Gerência Regional / GO","860455/2022","Requerimento de Mudança de Regime para Licenciamento","Requerimento de Licenciamento","***.539.701-**","IVAIR GONCALVES DA SILVA","CEZARINA - GO","AREIA","Construção civil","Sim"
"Gerência Regional / GO","860830/2018","Requerimento de Registro de Licença","Requerimento de Licenciamento","***.106.701-**","Luizmar Vieira da Silva","MOZARLÂNDIA - GO, NOVA CRIXÁS - GO","AREIA","Construção civil","Sim"
"Gerência Regional / GO","861427/2012","Requerimento de Registro de Licença","Requerimento de Licenciamento","***.029.011-**","Sérgio Luiz Camargo","ABADIÂNIA - GO, CORUMBÁ DE GOIÁS - GO","AREIA","Construção civil","Sim"
"Gerência Regional / GO","860251/2018","Requerimento de Registro de Licença","Requerimento de Licenciamento","***.887.151-**","Selmo Bonifácio Vieira","PROFESSOR JAMIL - GO","ARGILA","Construção civil","Sim"
"Gerência Regional / GO","860891/2017","Requerimento de Mudança de Regime para Licenciamento","Requerimento de Licenciamento","***.797.371-**","LUCILEY ALVES ROSA","ARAGOIÂNIA - GO, HIDROLÂNDIA - GO","AREIA","Construção civil","Sim"
"Gerência Regional / GO","860868/2023","Requerimento de Mudança de Regime para Licenciamento","Requerimento de Licenciamento","***.803.316-**","IVAN GODOI DE SOUZA","NAZÁRIO - GO","AREIA, CASCALHO","Construção civil, Construção civil","Sim"
"Gerência Regional / GO","860687/2026","Requerimento de Registro de Licença","Requerimento de Licenciamento","59.107.938/0001-58","TRANSZERO TRANSPORTADORA DE VEICULOS LTDA","ARAGARÇAS - GO","CASCALHO","Construção civil","Sim"
"Gerência Regional / GO","860606/2018","Requerimento de Registro de Licença","Requerimento de Licenciamento","***.346.991-**","Jairo Borges de Oliveira Sobrinho","VICENTINÓPOLIS - GO","BASALTO","Pedra de talhe","Sim"
"Gerência Regional / GO","860884/2017","Requerimento de Registro de Licença","Requerimento de Licenciamento","06.006.669/0001-77","J. R. PEREIRA LTDA","SANTA BÁRBARA DE GOIÁS - GO","ARGILA","Cerâmica vermelha","Sim"
"Gerência Regional / GO","861157/2025","Requerimento de Registro de Licença","Requerimento de Licenciamento","***.814.591-**","ADALBERTO SOUZA MACHADO","MINEIROS - GO","CASCALHO","Construção civil","Sim"
"Gerência Regional / GO","861138/2014","Requerimento de Mudança de Regime para Licenciamento","Requerimento de Licenciamento","***.268.781-**","Juscelino de Paula Pereira","FAZENDA NOVA - GO, JAUPACI - GO","AREIA","Construção civil","Sim"
"Gerência Regional / GO","860637/2011","Requerimento de Mudança de Regime para Licenciamento","Requerimento de Licenciamento","***.229.388-**","Laerte Simão","CAMPO LIMPO DE GOIÁS - GO","ARGILA","Cerâmica vermelha","Sim"
"Gerência Regional / GO","860242/2016","Requerimento de Registro de Licença","Requerimento de Licenciamento","***.889.821-**","Jose Iris Cardoso","BURITI ALEGRE - GO, GOIATUBA - GO","AREIA","Construção civil","Sim"
"Gerência Regional / GO","861017/2016","Requerimento de Registro de Licença","Requerimento de Licenciamento","12.226.996/0001-37","Pedreira do Vale Ltda","GUAPÓ - GO","GRANITO","Brita","Sim"
"Gerência Regional / GO","860683/2024","Requerimento de Registro de Licença","Requerimento de Licenciamento","***.764.191-**","marcelo biagini almeida filho","MUNDO NOVO - GO","ARGILA","Cerâmica vermelha","Sim"
"Gerência Regional / GO","860077/2018","Requerimento de Registro de Licença","Requerimento de Licenciamento","***.523.711-**","Geraldo Dorneles Amaral","FAINA - GO","AREIA","Construção civil","Sim"
"Gerência Regional / GO","861156/2022","Requerimento de Registro de Licença","Requerimento de Licenciamento","***.900.441-**","JOAO BENTO PEREIRA NETO","DAMOLÂNDIA - GO","ARGILA","Cerâmica vermelha","Sim"
"Gerência Regional / GO","861616/2021","Requerimento de Registro de Licença","Requerimento de Licenciamento","***.802.871-**","ROMAR FERREIRA","BURITI ALEGRE - GO","ARGILA","Cerâmica vermelha","Sim"
"Gerência Regional / GO","860899/2017","Requerimento de Mudança de Regime para Licenciamento","Requerimento de Licenciamento","***.985.951-**","BELCHIOR DE SOUZA","ITAPIRAPUÃ - GO, MATRINCHÃ - GO","AREIA","Construção civil","Sim"
"Gerência Regional / GO","860172/2016","Requerimento de Registro de Licença","Requerimento de Licenciamento","***.325.581-**","Ademir Alves Barbosa","CROMÍNIA - GO","AREIA","Construção civil","Sim"
"Gerência Regional / GO","860816/2026","Requerimento de Registro de Licença","Requerimento de Licenciamento","03.043.463/0001-29","MINERACAO SUDOESTE E TRANSPORTADORA JUNIOR LTDA","INDIARA - GO","AREIA","Construção civil","Sim"
"Gerência Regional / GO","860664/2023","Requerimento de Registro de Licença","Requerimento de Licenciamento","00.480.509/0001-89","ANFARI CONSULTORIA LTDA","COCALZINHO DE GOIÁS - GO","AREIA, ARGILA, CASCALHO","Construção civil, Construção civil, Construção civil","Sim"
"Gerência Regional / GO","861173/2016","Requerimento de Registro de Licença","Requerimento de Licenciamento","***.470.436-**","Marinho Pereira Braga","NAZÁRIO - GO, PALMEIRAS DE GOIÁS - GO","AREIA","Construção civil","Sim"
"Gerência Regional / GO","862269/2011","Requerimento de Registro de Licença","Requerimento de Licenciamento","***.772.051-**","Maria de Lima Oliveira","MORRINHOS - GO, RIO QUENTE - GO","AREIA, CASCALHO","Construção civil, Construção civil","Sim"
"Gerência Regional / GO","860114/2020","Requerimento de Registro de Licença","Requerimento de Licenciamento","12.298.977/0001-16","Cerâmica S.vicente Ltda","SILVÂNIA - GO","AREIA, ARGILA","Construção civil, Construção civil","Sim"
"Gerência Regional / GO","860930/2017","Requerimento de Registro de Licença","Requerimento de Licenciamento","13.116.300/0001-82","Ademar Vieira Barros Mineração de Areia Auxiliadora","RIO VERDE - GO","AREIA","Construção civil","Sim"
"Gerência Regional / GO","861766/2021","Requerimento de Registro de Licença","Requerimento de Licenciamento","08.777.514/0001-60","SERRA NEGRA MINERACAO DO BRASIL LTDA","NOVA AURORA - GO","AREIA, QUARTZITO","Brita, Construção civil","Sim"
"Gerência Regional / GO","861326/2013","Requerimento de Registro de Licença","Requerimento de Licenciamento","09.286.502/0001-03","Mineradora Mina Areia Ltda Me","DIORAMA - GO, IPORÁ - GO","AREIA, CASCALHO","Construção civil, Construção civil","Sim"
"Gerência Regional / GO","860395/2017","Requerimento de Registro de Licença","Requerimento de Licenciamento","13.690.634/0001-65","E. C. EXTRACAO E COMERCIO DE AREIA E CASCALHO LTDA","HIDROLINA - GO, SÃO LUIZ DO NORTE - GO","AREIA, CASCALHO","Construção civil, Construção civil","Sim"
"Gerência Regional / GO","861331/2014","Requerimento de Registro de Licença","Requerimento de Licenciamento","***.379.091-**","Aleixo Alves de Carvalho Junior","CAMPESTRE DE GOIÁS - GO, PALMEIRAS DE GOIÁS - GO","AREIA, CASCALHO","Construção civil, Construção civil","Sim"
"Gerência Regional / GO","860877/2018","Requerimento de Registro de Licença","Requerimento de Licenciamento","***.505.041-**","Darci Pereira Pinto Junior","TERESINA DE GOIÁS - GO","AREIA","Construção civil","Sim"
"Gerência Regional / GO","860722/2020","Requerimento de Registro de Licença","Requerimento de Licenciamento","***.784.908-**","PEDRO BERNARDO LEITE","JESÚPOLIS - GO","ARGILA, SAIBRO","Cerâmica vermelha, Construção civil","Sim"
"Gerência Regional / GO","861394/2014","Requerimento de Registro de Licença","Requerimento de Licenciamento","13.889.137/0001-90","SAMJOONG MINERACAO LTDA","HIDROLÂNDIA - GO, VARJÃO - GO","ARENITO","Construção civil","Sim"
"Gerência Regional / GO","860672/2020","Requerimento de Registro de Licença","Requerimento de Licenciamento","***.025.351-**","EUDES ARAUJO GALVAO JUNIOR","PETROLINA DE GOIÁS - GO","ARGILA","Cerâmica vermelha","Sim"
"Gerência Regional / GO","860247/2015","Requerimento de Mudança de Regime para Licenciamento","Requerimento de Licenciamento","07.944.690/0001-86","Mineração e Comercio de Produtos Minerais Caiapó Ltda","ÁGUAS LINDAS DE GOIÁS - GO, COCALZINHO DE GOIÁS - GO","QUARTZITO","Industrial","Sim"
"Gerência Regional / GO","860200/2022","Requerimento de Mudança de Regime para Licenciamento","Requerimento de Licenciamento","***.212.791-**","JOSE ANTONIO DA SILVA","CAMPINORTE - GO","CASCALHO","Construção civil","Sim"
"Gerência Regional / GO","860209/2013","Requerimento de Mudança de Regime para Licenciamento","Requerimento de Licenciamento","***.954.451-**","Edivaldo Martins de Souza","ABADIÂNIA - GO","ARGILA","Construção civil","Sim"
"Gerência Regional / GO","862362/2011","Requerimento de Registro de Licença","Requerimento de Licenciamento","***.395.671-**","Jose Divino Fernandes","MAIRIPOTABA - GO","AREIA","Construção civil","Sim"
"Gerência Regional / GO","860591/2015","Requerimento de Registro de Licença","Requerimento de Licenciamento","***.489.467-**","José Maria Barros","SANTO ANTÔNIO DO DESCOBERTO - GO","AREIA","Construção civil","Sim"
"Gerência Regional / GO","860890/2017","Requerimento de Registro de Licença","Requerimento de Licenciamento","***.119.891-**","José Virley Marques Vieira","CALDAZINHA - GO","CASCALHO","Construção civil","Sim"
"Gerência Regional / GO","860821/2018","Requerimento de Registro de Licença","Requerimento de Licenciamento","***.668.331-**","Joao Evangelista Rocha Junior","GUAPÓ - GO","AREIA, ARGILA","Cerâmica vermelha, Construção civil","Sim"
"Gerência Regional / GO","860187/2023","Requerimento de Registro de Licença","Requerimento de Licenciamento","***.397.641-**","Jose Rosa do Nascimento ","ITAPURANGA - GO","AREIA","Construção civil","Sim"
"Gerência Regional / GO","860620/2015","Requerimento de Registro de Licença","Requerimento de Licenciamento","***.183.801-**","Luizmar Machado do Silva","MORRINHOS - GO","AREIA","Construção civil","Sim"
"Gerência Regional / GO","860911/2025","Requerimento de Registro de Licença","Requerimento de Licenciamento","10.384.022/0001-56","USINA IPOJUCA S/A","APORÉ - GO","AREIA, CASCALHO","Construção civil, Construção civil","Sim"
"Gerência Regional / GO","862356/2011","Requerimento de Registro de Licença","Requerimento de Licenciamento","13.289.028/0001-32","Nobre Produtos Cerâmicos Ltda Me","ADELÂNDIA - GO, ANICUNS - GO","AREIA, ARGILA","Cerâmica vermelha, Construção civil","Sim"
"Gerência Regional / GO","860200/2013","Requerimento de Mudança de Regime para Licenciamento","Requerimento de Licenciamento","13.940.445/0001-01","Csm3 Mineração Ltda","CRIXÁS - GO","GRANITO","Brita","Sim"
"Gerência Regional / GO","860261/2015","Requerimento de Registro de Licença","Requerimento de Licenciamento","***.199.568-**","Sergio Serio","ARAGUAPAZ - GO, ARUANÃ - GO","AREIA","Construção civil","Sim"
"Gerência Regional / GO","860098/2019","Requerimento de Mudança de Regime para Licenciamento","Requerimento de Licenciamento","13.927.963/0001-87","Alto Collina Mineradora Ltda.","CAVALCANTE - GO, COLINAS DO SUL - GO","AREIA, CASCALHO","Construção civil, Construção civil","Sim"
"Gerência Regional / GO","860063/2019","Requerimento de Registro de Licença","Requerimento de Licenciamento","***.968.371-**","Divino Monteiro dos Santos","GAMELEIRA DE GOIÁS - GO","CASCALHO","Construção civil","Sim"
"Gerência Regional / GO","860133/2018","Requerimento de Registro de Licença","Requerimento de Licenciamento","***.607.971-**","Maria de Fátima Ribeiro Cunha","MINEIROS - GO","AREIA, CASCALHO","Construção civil, Construção civil","Sim"
"Gerência Regional / GO","860229/2019","Requerimento de Registro de Licença","Requerimento de Licenciamento","***.120.261-**","thais barbosa rocha","URUAÇU - GO","AREIA, CASCALHO","Construção civil, Construção civil","Sim"
"Gerência Regional / GO","862952/2011","Requerimento de Registro de Licença","Requerimento de Licenciamento","***.806.371-**"," Rui mathildes dos reis","CAVALCANTE - GO, COLINAS DO SUL - GO","AREIA, CASCALHO","Construção civil, Construção civil","Sim"
"Gerência Regional / GO","860885/2019","Requerimento de Registro de Licença","Requerimento de Licenciamento","***.247.121-**","Jose João Silva","CATALÃO - GO","CASCALHO, SAIBRO","Construção civil, Construção civil","Sim"
"Gerência Regional / MG","831263/2019","Requerimento de Mudança de Regime para Licenciamento","Requerimento de Licenciamento","***.754.376-**","FREDERICO ARANTES SANTOS","CACHOEIRA DOURADA - GO, CAPINÓPOLIS - MG","AREIA, CASCALHO","Construção civil, Construção civil","Sim"
"Gerência Regional / GO","860156/2021","Requerimento de Registro de Licença","Requerimento de Licenciamento","25.117.854/0001-83","JABURU AGROPECUARIA E CONSTRUCOES LTDA","SÃO MIGUEL DO ARAGUAIA - GO","AREIA","Construção civil","Sim"
"Gerência Regional / GO","861190/2013","Requerimento de Registro de Licença","Requerimento de Licenciamento","05.999.417/0001-23","Cooperbrita Desenvolvimento e Gestão Mineral Ltda Me","BONFINÓPOLIS - GO","GRANITO","Brita","Sim"
"Gerência Regional / GO","861115/2012","Requerimento de Registro de Licença","Requerimento de Licenciamento","***.577.241-**","ELCIMEIRY DAMASIO DA SILVA","PIRES DO RIO - GO","AREIA","Construção civil","Sim"
"Gerência Regional / GO","861381/2016","Requerimento de Registro de Licença","Requerimento de Licenciamento","***.492.931-**","Cleiton Gonçalves Martins","DIVINÓPOLIS DE GOIÁS - GO","CASCALHO","Construção civil","Sim"
"Gerência Regional / GO","860987/2017","Requerimento de Mudança de Regime para Licenciamento","Requerimento de Licenciamento","***.873.331-**","FLAVIO HENRIQUE ROSA DO PRADO","EDEALINA - GO, PONTALINA - GO","AREIA","Construção civil","Sim"
"Gerência Regional / GO","860388/2019","Requerimento de Registro de Licença","Requerimento de Licenciamento","04.336.212/0001-03","Construtora Perfil Ltda","GOIATUBA - GO","CASCALHO","Construção civil","Sim"
"Gerência Regional / GO","860387/2019","Requerimento de Registro de Licença","Requerimento de Licenciamento","04.336.212/0001-03","Construtora Perfil Ltda","GOIATUBA - GO","CASCALHO","Construção civil","Sim"
"Gerência Regional / GO","860269/2022","Requerimento de Registro de Licença","Requerimento de Licenciamento","***.074.151-**","LEANDRO CAIXETA DE SOUZA","VIANÓPOLIS - GO","AREIA, ARGILA","Cerâmica vermelha, Construção civil","Sim"
"Gerência Regional / GO","860479/2024","Requerimento de Registro de Licença","Requerimento de Licenciamento","***.074.151-**","LEANDRO CAIXETA DE SOUZA","VIANÓPOLIS - GO","AREIA, ARGILA","Construção civil, Construção civil","Sim"
"Gerência Regional / GO","860012/2016","Requerimento de Registro de Licença","Requerimento de Licenciamento","10.249.419/0001-35","CARGILL BIOENERGIA LTDA.","INACIOLÂNDIA - GO","CASCALHO","Construção civil","Sim"
"Gerência Regional / GO","860437/2016","Requerimento de Registro de Licença","Requerimento de Licenciamento","10.249.419/0001-35","CARGILL BIOENERGIA LTDA.","GOUVELÂNDIA - GO","CASCALHO","Construção civil","Sim"
"Gerência Regional / GO","860755/2018","Requerimento de Registro de Licença","Requerimento de Licenciamento","02.773.950/0001-84","GOIASA GOIATUBA ALCOOL LTDA","PANAMÁ - GO","CASCALHO","Construção civil","Sim"
"Gerência Regional / GO","860408/2019","Requerimento de Registro de Licença","Requerimento de Licenciamento","02.773.950/0001-84","GOIASA GOIATUBA ALCOOL LTDA","BOM JESUS DE GOIÁS - GO","CASCALHO","Construção civil","Sim"
"Gerência Regional / GO","861408/2016","Requerimento de Registro de Licença","Requerimento de Licenciamento","02.773.950/0001-84","GOIASA GOIATUBA ALCOOL LTDA","ITUMBIARA - GO","CASCALHO","Construção civil","Sim"
"Gerência Regional / GO","861141/2014","Requerimento de Registro de Licença","Requerimento de Licenciamento","02.773.950/0001-84","GOIASA GOIATUBA ALCOOL LTDA","GOIATUBA - GO","CASCALHO","Construção civil","Sim"
"Gerência Regional / GO","860725/2026","Requerimento de Registro de Licença","Requerimento de Licenciamento","***.972.628-**","PEDRO PAULO FIGUEIREDO","JATAÍ - GO","CASCALHO","Construção civil","Sim"
"Gerência Regional / GO","860765/2014","Requerimento de Mudança de Regime para Licenciamento","Requerimento de Licenciamento","***.220.481-**","CORINA FRANCISCA DE OLIVEIRA","CRIXÁS - GO","AREIA, CASCALHO","Construção civil, Construção civil","Sim"
"Gerência Regional / GO","860658/2018","Requerimento de Mudança de Regime para Licenciamento","Requerimento de Licenciamento","***.220.481-**","CORINA FRANCISCA DE OLIVEIRA","CRIXÁS - GO","AREIA, CASCALHO","Construção civil, Construção civil","Sim"
"Gerência Regional / GO","860769/2014","Requerimento de Mudança de Regime para Licenciamento","Requerimento de Licenciamento","***.220.481-**","CORINA FRANCISCA DE OLIVEIRA","CRIXÁS - GO","AREIA, CASCALHO","Construção civil, Construção civil","Sim"
"Gerência Regional / GO","860768/2014","Requerimento de Mudança de Regime para Licenciamento","Requerimento de Licenciamento","***.220.481-**","CORINA FRANCISCA DE OLIVEIRA","CRIXÁS - GO","AREIA, CASCALHO","Construção civil, Construção civil","Sim"
"Gerência Regional / GO","860900/2025","Requerimento de Registro de Licença","Requerimento de Licenciamento","12.220.912/0001-58","INDUSTRIA CERAMICA ITAUCU EIRELI","ARAÇU - GO","ARGILA","Cerâmica vermelha","Sim"
"Gerência Regional / GO","860733/2023","Requerimento de Registro de Licença","Requerimento de Licenciamento","12.220.912/0001-58","INDUSTRIA CERAMICA ITAUCU EIRELI","INHUMAS - GO","ARGILA","Cerâmica vermelha","Sim"
"Gerência Regional / GO","860754/2026","Requerimento de Registro de Licença","Requerimento de Licenciamento","***.532.051-**","JORGE CANEDO RIESCO DE MATOS","SANTO ANTÔNIO DE GOIÁS - GO","GNAISSE, GRANULITO","Brita, Brita","Sim"
"Gerência Regional / GO","860988/2017","Requerimento de Mudança de Regime para Licenciamento","Requerimento de Licenciamento","***.873.331-**","FLAVIO HENRIQUE ROSA DO PRADO","EDEALINA - GO, PONTALINA - GO","AREIA","Construção civil","Sim"
"Gerência Regional / GO","860763/2018","Requerimento de Registro de Licença","Requerimento de Licenciamento","00.237.518/0001-43","Construtora Caiapo Ltda","UIRAPURU - GO","AREIA, CASCALHO","Construção civil, Construção civil","Sim"
"Gerência Regional / GO","860181/2018","Requerimento de Registro de Licença","Requerimento de Licenciamento","***.831.541-**","Jadair Dias","PALMEIRAS DE GOIÁS - GO","ARGILA","Cerâmica vermelha","Sim"
"Gerência Regional / GO","860836/2023","Requerimento de Mudança de Regime para Licenciamento","Requerimento de Licenciamento","***.048.081-**","Mariana Roberta Pereira ","NAZÁRIO - GO, PALMEIRAS DE GOIÁS - GO, SANTA BÁRBARA DE GOIÁS - GO","ARGILA","Construção civil","Sim"
"Gerência Regional / GO","860646/2020","Requerimento de Registro de Licença","Requerimento de Licenciamento","04.336.212/0001-03","Construtora Perfil Ltda","EDEALINA - GO","CASCALHO","Construção civil","Sim"
"Gerência Regional / GO","860586/2015","Requerimento de Registro de Licença","Requerimento de Licenciamento","***.867.771-**","LUDHMILA ABRAHAO HAJJAR","ANÁPOLIS - GO","CASCALHO","Construção civil","Sim"
"Gerência Regional / GO","861650/2021","Requerimento de Registro de Licença","Requerimento de Licenciamento","15.605.227/0001-38","CONSTRUTORA C & D CONSTRUNORTE LTDA","CRIXÁS - GO, SANTA TEREZINHA DE GOIÁS - GO","AREIA, CASCALHO","Construção civil, Construção civil","Sim"
"Gerência Regional / GO","860765/2023","Requerimento de Registro de Licença","Requerimento de Licenciamento","***.120.301-**","ADAGUIMAR ANGELICA CANDIDA DA SILVA","CALDAZINHA - GO","CASCALHO","Construção civil","Sim"
"Gerência Regional / GO","860297/2024","Requerimento de Registro de Licença","Requerimento de Licenciamento","06.155.950/0001-71","F2 IRMAOS FERRARI TRANSPORTES LTDA","NIQUELÂNDIA - GO","AREIA, CASCALHO","Construção civil, Construção civil","Sim"
"Gerência Regional / GO","860755/2014","Requerimento de Mudança de Regime para Licenciamento","Requerimento de Licenciamento","***.008.671-**","Anilson Cardoso Nogueira","ITAPIRAPUÃ - GO, MATRINCHÃ - GO","AREIA","Construção civil","Sim"
"Gerência Regional / GO","861208/2016","Requerimento de Registro de Licença","Requerimento de Licenciamento","***.614.151-**","Osvaldo Pinto Borges","BRITÂNIA - GO","AREIA, ARGILA, CASCALHO","Cerâmica vermelha, Construção civil, Construção civil","Sim"
"Gerência Regional / GO","860884/2016","Requerimento de Registro de Licença","Requerimento de Licenciamento","***.016.301-**","LUIZ SERGIO MIRANDA LOPES","ARRAIAS - TO, MONTE ALEGRE DE GOIÁS - GO","AREIA","Construção civil","Sim"
"Gerência Regional / GO","861048/2024","Requerimento de Registro de Licença","Requerimento de Licenciamento","***.649.321-**","MANOEL FERREIRA MIRANDA","CACHOEIRA ALTA - GO, QUIRINÓPOLIS - GO","AREIA","Construção civil","Sim"
"Gerência Regional / GO","860375/2024","Requerimento de Registro de Licença","Requerimento de Licenciamento","***.074.151-**","LEANDRO CAIXETA DE SOUZA","VIANÓPOLIS - GO","CASCALHO","Construção civil","Sim"
"Gerência Regional / GO","860067/2018","Requerimento de Mudança de Regime para Licenciamento","Requerimento de Licenciamento","***.651.601-**","Itamar Soares Barbosa","ARUANÃ - GO","AREIA","Construção civil","Sim"
"Gerência Regional / GO","860216/2014","Requerimento de Registro de Licença","Requerimento de Licenciamento","15.353.993/0001-52","Draga Brandao Ltda Me","ARAGUAPAZ - GO, FAINA - GO","AREIA","Construção civil","Sim"
"Gerência Regional / GO","860282/2013","Requerimento de Registro de Licença","Requerimento de Licenciamento","***.998.011-**","Michelle Fontes Oliveira","MINEIROS - GO","CASCALHO","Construção civil","Sim"
"Gerência Regional / GO","860552/2015","Requerimento de Mudança de Regime para Licenciamento","Requerimento de Licenciamento","00.831.962/0001-92","I9 Rental Locação de Máquinas Ltda Me","VILA PROPÍCIO - GO","FILITO","Industrial","Sim"
"Gerência Regional / GO","861046/2024","Requerimento de Registro de Licença","Requerimento de Licenciamento","***.081.741-**","ADIVANIR GOMES LOBO","SILVÂNIA - GO","AREIA, ARGILA","Cerâmica vermelha, Construção civil","Sim"
"Gerência Regional / GO","861628/2021","Requerimento de Registro de Licença","Requerimento de Licenciamento","***.901.411-**","JONATHAN SILVA LOBO","MINEIROS - GO","AREIA, CASCALHO","Construção civil, Construção civil","Sim"
"Gerência Regional / GO","861166/2016","Requerimento de Mudança de Regime para Licenciamento","Requerimento de Licenciamento","17.559.322/0001-78","Leandro Alves Paracatu Me","ITARUMÃ - GO","ARGILA","Cerâmica vermelha","Sim"
"Gerência Regional / GO","860941/2025","Requerimento de Mudança de Regime para Licenciamento","Requerimento de Licenciamento","***.802.341-**","EDSON BARBOSA SILVA","JATAÍ - GO","BASALTO","Brita","Sim"
"Gerência Regional / GO","860963/2022","Requerimento de Registro de Licença","Requerimento de Licenciamento","***.142.306-**","Edmur Elias Neder Junior","CRIXÁS - GO","AREIA, GNAISSE, GNAISSE","Brita, Construção civil, Revestimento","Sim"
"Gerência Regional / GO","860569/2019","Requerimento de Mudança de Regime para Licenciamento","Requerimento de Licenciamento","17.742.494/0001-82","SABLO EXTRACAO E COMERCIO DE AREIA E CASCALHO EIRELI","NOVA GLÓRIA - GO, SÃO LUIZ DO NORTE - GO","AREIA, CASCALHO","Construção civil, Construção civil","Sim"
"Gerência Regional / GO","860934/2022","Requerimento de Mudança de Regime para Licenciamento","Requerimento de Licenciamento","***.627.651-**","Mirian Maria menezes Pinto ","JARAGUÁ - GO","AREIA","Construção civil","Sim"
"Gerência Regional / GO","860846/2017","Requerimento de Registro de Licença","Requerimento de Licenciamento","17.897.043/0001-14","EMPREENDIMENTOS IMOBILIARIOS PARAUNA 01 SPE LTDA","GOIATUBA - GO","BASALTO","Brita","Sim"
"Gerência Regional / GO","860330/2020","Requerimento de Registro de Licença","Requerimento de Licenciamento","***.685.651-**","SONIA MARIA MARTINS SILVA","ABADIÂNIA - GO, GAMELEIRA DE GOIÁS - GO","AREIA, ARGILA","Construção civil, Construção civil","Sim"
"Gerência Regional / GO","860436/2016","Requerimento de Registro de Licença","Requerimento de Licenciamento","10.249.419/0001-35","CARGILL BIOENERGIA LTDA.","GOUVELÂNDIA - GO","CASCALHO","Construção civil","Sim"
"Gerência Regional / GO","861422/2013","Requerimento de Registro de Licença","Requerimento de Licenciamento","***.446.591-**","Laudelino José Ferreira","GOIÁS - GO","AREIA, CASCALHO","Construção civil, Construção civil","Sim"
"Gerência Regional / GO","860791/2017","Requerimento de Mudança de Regime para Licenciamento","Requerimento de Licenciamento","***.007.791-**","Gilmar de Jesus da Silva","BALIZA - GO","AREIA, CASCALHO","Construção civil, Construção civil","Sim"
"Gerência Regional / GO","861275/2013","Requerimento de Registro de Licença","Requerimento de Licenciamento","***.812.691-**","João Machado de Lima","ALEXÂNIA - GO","ARGILA","Cerâmica vermelha","Sim"
"Gerência Regional / GO","860156/2018","Requerimento de Registro de Licença","Requerimento de Licenciamento","***.762.251-**","Joaquim Garcez de Mendonça Filho","ALTO PARAÍSO DE GOIÁS - GO","CASCALHO","Construção civil","Sim"
"Gerência Regional / GO","861297/2013","Requerimento de Registro de Licença","Requerimento de Licenciamento","11.449.309/0001-80","Airton Pereira do Valle Junior Me","MINEIROS - GO","ARGILA","Cerâmica vermelha","Sim"
"Gerência Regional / GO","860580/2018","Requerimento de Registro de Licença","Requerimento de Licenciamento","***.865.271-**","WAGNA MARIA APARECIDA GOMES","CIDADE OCIDENTAL - GO, CRISTALINA - GO","AREIA, ARGILA, CASCALHO","Construção civil, Construção civil, Construção civil","Sim"
"Gerência Regional / GO","860193/2018","Requerimento de Mudança de Regime para Licenciamento","Requerimento de Licenciamento","***.770.281-**","Erson Carlos Borges","CATALÃO - GO","CASCALHO, SAIBRO","Construção civil, Construção civil","Sim"
"Gerência Regional / GO","860615/2026","Requerimento de Registro de Licença","Requerimento de Licenciamento","***.484.081-**","ISAQUE GODINHO LOPES","PIRENÓPOLIS - GO","AREIA, ARGILA, CASCALHO","Construção civil, Construção civil, Construção civil","Sim"
"Gerência Regional / GO","860779/2024","Requerimento de Mudança de Regime para Licenciamento","Requerimento de Licenciamento","15.923.130/0001-73","AREAL RM COMERCIO DE MATERIAL PARA CONSTRUCAO EIRELI","FORMOSA - GO","CASCALHO","Construção civil","Sim"
"Gerência Regional / GO","860264/2016","Requerimento de Registro de Licença","Requerimento de Licenciamento","***.202.441-**","PAULO FREDERICO DA MATTA CLEMENTINO","TURVÂNIA - GO","AREIA, CASCALHO","Construção civil, Construção civil","Sim"
"Gerência Regional / GO","860082/2022","Requerimento de Registro de Licença","Requerimento de Licenciamento","***.687.758-**","SERGIO ROBERTO NICOLETI","JATAÍ - GO","CASCALHO","Construção civil","Sim"
"Gerência Regional / GO","861763/2013","Requerimento de Registro de Licença","Requerimento de Licenciamento","***.130.491-**","Regina Clarice Cunha","CHAPADÃO DO CÉU - GO","CASCALHO","Construção civil","Sim"
"Gerência Regional / GO","861203/2016","Requerimento de Mudança de Regime para Licenciamento","Requerimento de Licenciamento","***.084.631-**","Lucenir Floriana Nunes ","ITAPURANGA - GO","AREIA","Construção civil","Sim"
"Gerência Regional / GO","860700/2020","Requerimento de Registro de Licença","Requerimento de Licenciamento","***.467.726-**","ANA TEREZA GARCIA MARTINS PORTO","CHAPADÃO DO CÉU - GO","CASCALHO","Construção civil","Sim"
"Gerência Regional / GO","860747/2025","Requerimento de Registro de Licença","Requerimento de Licenciamento","***.888.981-**","FLAVIA LIMA TEODORO","MINEIROS - GO","AREIA, CASCALHO","Construção civil, Construção civil","Sim"
"Gerência Regional / GO","860796/2018","Requerimento de Registro de Licença","Requerimento de Licenciamento","02.773.950/0001-84","GOIASA GOIATUBA ALCOOL LTDA","GOIATUBA - GO","CASCALHO","Construção civil","Sim"
"Gerência Regional / GO","860290/2014","Requerimento de Registro de Licença","Requerimento de Licenciamento","***.401.321-**","Eronides Guimaraes","ARENÓPOLIS - GO, DIORAMA - GO","AREIA","Construção civil","Sim"
"Gerência Regional / GO","861170/2015","Requerimento de Registro de Licença","Requerimento de Licenciamento","14.795.145/0001-30","Ana Candida Industria e Comercio de Material Ceramico Ltda","ORIZONA - GO","ARGILA","Cerâmica vermelha","Sim"
"Gerência Regional / GO","861023/2023","Requerimento de Registro de Licença","Requerimento de Licenciamento","***.972.628-**","PEDRO PAULO FIGUEIREDO","JATAÍ - GO","CASCALHO","Construção civil","Sim"
"Gerência Regional / MG","830463/2025","Requerimento de Mudança de Regime para Licenciamento","Requerimento de Licenciamento","18.286.215/0001-86","MINERACAO FREITAS LTDA","CACHOEIRA DOURADA - GO, CAPINÓPOLIS - MG","AREIA","Construção civil","Sim"
"Gerência Regional / GO","860216/2017","Requerimento de Mudança de Regime para Licenciamento","Requerimento de Licenciamento","14.525.827/0001-23","ELAINE SOARES ALVES TIJOLOS","ITARUMÃ - GO","ARGILA","Cerâmica vermelha","Sim"
"Gerência Regional / GO","860444/2019","Requerimento de Registro de Licença","Requerimento de Licenciamento","***.803.891-**","DIVINO DA SILVA ROSA","ITABERAÍ - GO","CASCALHO","Construção civil","Sim"
"Gerência Regional / GO","860169/2024","Requerimento de Mudança de Regime para Licenciamento","Requerimento de Licenciamento","***.005.641-**","ANTONIO CESAR TEIXEIRA","CRISTIANÓPOLIS - GO","AREIA","Construção civil","Sim"
"Gerência Regional / GO","860903/2018","Requerimento de Registro de Licença","Requerimento de Licenciamento","***.628.241-**","Marlova Wehrmann","CRISTALINA - GO","CASCALHO","Construção civil","Sim"
"Gerência Regional / GO","860007/2015","Requerimento de Mudança de Regime para Licenciamento","Requerimento de Licenciamento","05.045.148/0001-66","TWA MINERACAO LTDA","CRISTALINA - GO, LUZIÂNIA - GO","AREIA, CASCALHO","Construção civil, Construção civil","Sim"
"Gerência Regional / GO","860315/2020","Requerimento de Registro de Licença","Requerimento de Licenciamento","***.472.841-**","Elacir Alves Pedrosa","OURO VERDE DE GOIÁS - GO","ARGILA","Cerâmica vermelha","Sim"
"Gerência Regional / GO","860117/2021","Requerimento de Registro de Licença","Requerimento de Licenciamento","***.157.391-**","MIANNI VAZ DE ANDRADE","OURO VERDE DE GOIÁS - GO","CASCALHO","Construção civil","Sim"
"Gerência Regional / GO","860585/2023","Requerimento de Registro de Licença","Requerimento de Licenciamento","***.129.031-**","EDSON WANDER SANTOS OLVEIRA","MINEIROS - GO","CASCALHO","Construção civil","Sim"
"Gerência Regional / GO","860767/2014","Requerimento de Mudança de Regime para Licenciamento","Requerimento de Licenciamento","***.220.481-**","CORINA FRANCISCA DE OLIVEIRA","CRIXÁS - GO","AREIA, CASCALHO","Construção civil, Construção civil","Sim"
"Gerência Regional / GO","860556/2018","Requerimento de Registro de Licença","Requerimento de Licenciamento","20.666.741/0001-13","P2m Ltda Me","CAMPO ALEGRE DE GOIÁS - GO","AREIA, LATERITA","Construção civil, Construção civil","Sim"
"Gerência Regional / GO","860180/2017","Requerimento de Registro de Licença","Requerimento de Licenciamento","12.096.109/0001-53","CENTRO -  OESTE PECAS, ACESSORIOS E SEVICOS LTDA","LUZIÂNIA - GO","CASCALHO","Construção civil","Sim"
"Gerência Regional / GO","860461/2026","Requerimento de Registro de Licença","Requerimento de Licenciamento","***.370.781-**","ASSIVALDO RODRIGUES TEIXEIRA","HIDROLÂNDIA - GO","AREIA","Construção civil","Sim"
"Gerência Regional / GO","861713/2021","Requerimento de Registro de Licença","Requerimento de Licenciamento","12.220.912/0001-58","INDUSTRIA CERAMICA ITAUCU EIRELI","ITAUÇU - GO","ARGILA","Cerâmica vermelha","Sim"
"Gerência Regional / GO","861433/2016","Requerimento de Mudança de Regime para Licenciamento","Requerimento de Licenciamento","***.064.431-**","DANIELA LOBO MACHADO SANCHES","JARAGUÁ - GO, RIANÁPOLIS - GO","AREIA, CASCALHO","Construção civil, Construção civil","Sim"
"Gerência Regional / GO","860978/2017","Requerimento de Mudança de Regime para Licenciamento","Requerimento de Licenciamento","20.929.582/0001-00","MINERACAO SANT'ANA EIRELI","ARRAIAS - TO, MONTE ALEGRE DE GOIÁS - GO","AREIA","Construção civil","Sim"
"Gerência Regional / GO","861684/2021","Requerimento de Mudança de Regime para Licenciamento","Requerimento de Licenciamento","***.863.081-**","DIVINO JUNIOR ALVES","INHUMAS - GO","ARGILA","Cerâmica vermelha","Sim"
"Gerência Regional / GO","860755/2026","Requerimento de Registro de Licença","Requerimento de Licenciamento","***.532.051-**","JORGE CANEDO RIESCO DE MATOS","SANTO ANTÔNIO DE GOIÁS - GO","GNAISSE, GRANULITO","Brita, Brita","Sim"
"Gerência Regional / GO","860429/2021","Requerimento de Registro de Licença","Requerimento de Licenciamento","14.526.202/0001-86","AREIAL J. R LTDA","GUAPÓ - GO, PALMEIRAS DE GOIÁS - GO","AREIA","Construção civil","Sim"
"Gerência Regional / GO","861433/2021","Requerimento de Registro de Licença","Requerimento de Licenciamento","18.923.834/0001-34","Draga do Vituca Ltda Me","ALOÂNDIA - GO, MORRINHOS - GO","AREIA","Construção civil","Sim"
"Gerência Regional / GO","860468/2017","Requerimento de Registro de Licença","Requerimento de Licenciamento","***.968.778-**","Roberto Cross Silva","RIALMA - GO, SANTA ISABEL - GO","AREIA, CASCALHO","Construção civil, Construção civil","Sim"
"Gerência Regional / GO","860558/2015","Requerimento de Registro de Licença","Requerimento de Licenciamento","13.519.833/0001-05","Awaliar Serviços e Construções Eireli Me","HIDROLÂNDIA - GO, PROFESSOR JAMIL - GO","QUARTZITO","Brita","Sim"
"Gerência Regional / GO","860491/2024","Requerimento de Registro de Licença","Requerimento de Licenciamento","***.229.671-**","DONIZETTI MARIA RIBEIRO","NOVA VENEZA - GO","ARGILA","Cerâmica vermelha","Sim"
"Gerência Regional / GO","860758/2015","Requerimento de Mudança de Regime para Licenciamento","Requerimento de Licenciamento","***.833.391-**","Marcos Antônio Orlando","CIDADE OCIDENTAL - GO, LUZIÂNIA - GO","AREIA","Construção civil","Sim"
"Gerência Regional / GO","860681/2016","Requerimento de Mudança de Regime para Licenciamento","Requerimento de Licenciamento","***.560.101-**","Fagner Amorim de Melo","CALDAS NOVAS - GO, PIRACANJUBA - GO","AREIA","Construção civil","Sim"
"Gerência Regional / GO","860193/2019","Requerimento de Registro de Licença","Requerimento de Licenciamento","***.311.561-**","ALVARO FERNANDES VIEIRA SILVA","PETROLINA DE GOIÁS - GO","ARGILA","Cerâmica vermelha","Sim"
"Gerência Regional / GO","860547/2026","Requerimento de Registro de Licença","Requerimento de Licenciamento","***.311.561-**","ALVARO FERNANDES VIEIRA SILVA","PETROLINA DE GOIÁS - GO","ARGILA","Cerâmica vermelha","Sim"
"Gerência Regional / GO","860538/2020","Requerimento de Registro de Licença","Requerimento de Licenciamento","***.311.561-**","ALVARO FERNANDES VIEIRA SILVA","PETROLINA DE GOIÁS - GO","ARGILA","Cerâmica vermelha","Sim"
"Gerência Regional / GO","860863/2017","Requerimento de Registro de Licença","Requerimento de Licenciamento","18.816.726/0001-62","AREAL CEDRO LTDA","BURITI DE GOIÁS - GO, SANCLERLÂNDIA - GO","AREIA","Construção civil","Sim"
"Gerência Regional / GO","860862/2017","Requerimento de Registro de Licença","Requerimento de Licenciamento","18.816.726/0001-62","AREAL CEDRO LTDA","BURITI DE GOIÁS - GO, CÓRREGO DO OURO - GO","AREIA","Construção civil","Sim"
"Gerência Regional / GO","860416/2018","Requerimento de Registro de Licença","Requerimento de Licenciamento","21.064.931/0001-23","SPE - CRUZEIRO DO SUL EMPREENDIMENTOS LTDA","IPORÁ - GO","CASCALHO","Construção civil","Sim"
"Gerência Regional / GO","860406/2021","Requerimento de Registro de Licença","Requerimento de Licenciamento","***.059.201-**","MARIA MINERVINA DE BARROS VAZ","MORRINHOS - GO","AREIA, CASCALHO","Construção civil, Construção civil","Sim"
"Gerência Regional / GO","860405/2021","Requerimento de Registro de Licença","Requerimento de Licenciamento","***.059.201-**","MARIA MINERVINA DE BARROS VAZ","MORRINHOS - GO, PONTALINA - GO","AREIA, CASCALHO","Construção civil, Construção civil","Sim"
"Gerência Regional / GO","860563/2022","Requerimento de Mudança de Regime para Licenciamento","Requerimento de Licenciamento","24.628.608/0001-23","IVAN VIEIRA DO NASCIMENTO","GUARANI DE GOIÁS - GO, IACIARA - GO","AREIA","Construção civil","Sim"
"Gerência Regional / GO","860560/2022","Requerimento de Mudança de Regime para Licenciamento","Requerimento de Licenciamento","24.628.608/0001-23","IVAN VIEIRA DO NASCIMENTO","GUARANI DE GOIÁS - GO, IACIARA - GO","AREIA","Construção civil","Sim"
"Gerência Regional / GO","860407/2019","Requerimento de Registro de Licença","Requerimento de Licenciamento","27.179.107/0001-03","MINERACAO DE AREIA BARROS - EIRELI","RIO VERDE - GO","AREIA","Construção civil","Sim"
"Gerência Regional / GO","860550/2019","Requerimento de Registro de Licença","Requerimento de Licenciamento","***.623.971-**","Edivan Rodrigues dos Santos","PIRENÓPOLIS - GO","AREIA, CASCALHO","Construção civil, Construção civil","Sim"
"Gerência Regional / GO","860437/2017","Requerimento de Registro de Licença","Requerimento de Licenciamento","***.623.971-**","Edivan Rodrigues dos Santos","PIRENÓPOLIS - GO, SÃO FRANCISCO DE GOIÁS - GO","AREIA","Construção civil","Sim"
"Gerência Regional / GO","860518/2023","Requerimento de Registro de Licença","Requerimento de Licenciamento","***.571.841-**","MARIA DE OLIVEIRA CARDOSO","JARAGUÁ - GO","AREIA, CASCALHO","Construção civil, Construção civil","Sim"
"Gerência Regional / GO","860125/2024","Requerimento de Registro de Licença","Requerimento de Licenciamento","***.490.141-**","GERALDO CABRAL GUIMARAES","RIO VERDE - GO","CASCALHO","Construção civil","Sim"
"Gerência Regional / GO","860309/2024","Requerimento de Registro de Licença","Requerimento de Licenciamento","08.070.566/0001-00","ATVOS BIOENERGIA BRENCO S.A.","PEROLÂNDIA - GO","CASCALHO","Construção civil","Sim"
"Gerência Regional / GO","860143/2018","Requerimento de Registro de Licença","Requerimento de Licenciamento","07.368.671/0001-59","Cn Empreendimentos Imobiliários Ltda Me","CIDADE OCIDENTAL - GO","CASCALHO","Construção civil","Sim"
"Gerência Regional / GO","860273/2018","Requerimento de Registro de Licença","Requerimento de Licenciamento","***.352.001-**","Willian Ambrosio de Oliveira ","SANTA RITA DO ARAGUAIA - GO","AREIA, ARGILA, CASCALHO","Cerâmica vermelha, Construção civil, Construção civil","Sim"
"Gerência Regional / GO","860528/2018","Requerimento de Registro de Licença","Requerimento de Licenciamento","***.356.601-**","LUZIA GONTIJO SOARES","CAMPOS BELOS - GO","CASCALHO","Construção civil","Sim"
"Gerência Regional / GO","861395/2024","Requerimento de Registro de Licença","Requerimento de Licenciamento","***.842.245-**","DORIVALDO FERREIRA DE OLIVEIRA","CAMPESTRE DE GOIÁS - GO, PALMEIRAS DE GOIÁS - GO","AREIA, ARGILA","Construção civil, Construção civil","Sim"
"Gerência Regional / GO","860587/2015","Requerimento de Registro de Licença","Requerimento de Licenciamento","***.058.331-**","Olimpio Ferreira Cunha","TURVÂNIA - GO","AREIA, CASCALHO","Construção civil, Construção civil","Sim"
"Gerência Regional / GO","860725/2022","Requerimento de Registro de Licença","Requerimento de Licenciamento","***.190.731-**","MARIA TEREZA VARGAS","LUZIÂNIA - GO","CASCALHO","Construção civil","Sim"
"Gerência Regional / GO","861032/2016","Requerimento de Registro de Licença","Requerimento de Licenciamento","***.328.981-**","WANADIR NERI SAMPAIO","SÃO DOMINGOS - GO","CASCALHO","Construção civil","Sim"
"Gerência Regional / GO","860220/2017","Requerimento de Mudança de Regime para Licenciamento","Requerimento de Licenciamento","14.684.843/0001-69","Celio Rezende Me","NIQUELÂNDIA - GO","MÁRMORE","Pedra de talhe","Sim"
"Gerência Regional / GO","860485/2020","Requerimento de Registro de Licença","Requerimento de Licenciamento","***.311.561-**","ALVARO FERNANDES VIEIRA SILVA","PETROLINA DE GOIÁS - GO","ARGILA","Cerâmica vermelha","Sim"
"Gerência Regional / GO","860504/2023","Requerimento de Registro de Licença","Requerimento de Licenciamento","***.093.411-**","Antonio José do Nascimento ","SÃO MIGUEL DO PASSA QUATRO - GO","AREIA, ARGILA","Cerâmica vermelha, Construção civil","Sim"
"Gerência Regional / GO","861413/2016","Requerimento de Registro de Licença","Requerimento de Licenciamento","***.396.671-**","Raphael Augusto Tavares Ramos","AURILÂNDIA - GO","AREIA, CASCALHO","Construção civil, Construção civil","Sim"
"Gerência Regional / GO","861255/2015","Requerimento de Registro de Licença","Requerimento de Licenciamento","***.987.141-**","Rita Alzira Pereira de Oliveira","BOM JESUS DE GOIÁS - GO","BASALTO","Brita","Sim"
"Gerência Regional / GO","860647/2020","Requerimento de Registro de Licença","Requerimento de Licenciamento","21.262.946/0001-04","AREIAL JL LTDA","ITAPURANGA - GO, MORRO AGUDO DE GOIÁS - GO","AREIA","Construção civil","Sim"
"Gerência Regional / GO","860565/2023","Requerimento de Registro de Licença","Requerimento de Licenciamento","***.176.731-**","AILTON ROSA NASCIMENTO SILVA","MORRO AGUDO DE GOIÁS - GO","AREIA","Construção civil","Sim"
"Gerência Regional / GO","861176/2016","Requerimento de Registro de Licença","Requerimento de Licenciamento","***.407.441-**","Tiburcio Siqueira Gama Neto","CAÇU - GO","AREIA","Construção civil","Sim"
"Gerência Regional / GO","860745/2026","Requerimento de Registro de Licença","Requerimento de Licenciamento","17.151.451/0001-22","DARA ARTEFATOS DE CIMENTO LTDA.","PONTALINA - GO","AREIA","Construção civil","Sim"
"Gerência Regional / GO","860606/2025","Requerimento de Registro de Licença","Requerimento de Licenciamento","***.028.741-**","VICENTE RODRIGUES LEITE","CRISTIANÓPOLIS - GO, SÃO MIGUEL DO PASSA QUATRO - GO","AREIA","Construção civil","Sim"
"Gerência Regional / GO","860355/2020","Requerimento de Mudança de Regime para Licenciamento","Requerimento de Licenciamento","***.988.081-**","RAFAEL DE FREITAS CURY","JARAGUÁ - GO","AREIA","Construção civil","Sim"
"Gerência Regional / GO","860507/2026","Requerimento de Registro de Licença","Requerimento de Licenciamento","***.121.731-**","ANDRE RIBEIRO DE CARVALHO","SÃO MIGUEL DO ARAGUAIA - GO","AREIA","Construção civil","Sim"
"Gerência Regional / GO","861179/2015","Requerimento de Registro de Licença","Requerimento de Licenciamento","***.519.471-**","Sergio Pereira Franco","CEZARINA - GO","ARGILA","Cerâmica vermelha","Sim"
"Gerência Regional / GO","860409/2019","Requerimento de Registro de Licença","Requerimento de Licenciamento","***.897.001-**","JURANDIR FERREIRA DA COSTA","SÃO MIGUEL DO ARAGUAIA - GO","XISTO","Brita","Sim"
"Gerência Regional / GO","861268/2015","Requerimento de Registro de Licença","Requerimento de Licenciamento","***.308.661-**","Mauro Alves da Silva ","CÓRREGO DO OURO - GO","AREIA","Construção civil","Sim"
"Gerência Regional / GO","860548/2026","Requerimento de Registro de Licença","Requerimento de Licenciamento","***.871.171-**","ADEMIR VIEIRA SILVA","PETROLINA DE GOIÁS - GO","ARGILA","Cerâmica vermelha","Sim"
"Gerência Regional / GO","860861/2017","Requerimento de Registro de Licença","Requerimento de Licenciamento","18.816.726/0001-62","AREAL CEDRO LTDA","BELA VISTA DE GOIÁS - GO, HIDROLÂNDIA - GO","AREIA","Construção civil","Sim"
"Gerência Regional / GO","861367/2015","Requerimento de Registro de Licença","Requerimento de Licenciamento","***.717.191-**","Danilo Ferreira de Souza Bernardes","MONTES CLAROS DE GOIÁS - GO","CASCALHO","Construção civil","Sim"
"Gerência Regional / GO","860770/2022","Requerimento de Registro de Licença","Requerimento de Licenciamento","05.767.400/0001-40","ESCAVACOES CAIXETA LTDA","SANTA TEREZINHA DE GOIÁS - GO","AREIA","Construção civil","Sim"
"Gerência Regional / GO","860299/2017","Requerimento de Mudança de Regime para Licenciamento","Requerimento de Licenciamento","***.498.701-**","Vanderley Antonio da Costa","CATALÃO - GO, IPAMERI - GO","AREIA, CASCALHO","Construção civil, Construção civil","Sim"
"Gerência Regional / GO","860098/2016","Requerimento de Registro de Licença","Requerimento de Licenciamento","***.570.411-**","Osmira Cleusa Rodrigues","PONTALINA - GO","AREIA, CASCALHO","Construção civil, Construção civil","Sim"
"Gerência Regional / GO","861314/2016","Requerimento de Registro de Licença","Requerimento de Licenciamento","***.983.771-**","Eva Bento Ferreira","NERÓPOLIS - GO, OURO VERDE DE GOIÁS - GO","ARGILA","Cerâmica vermelha","Sim"
"Gerência Regional / MT","866643/2016","Requerimento de Mudança de Regime para Licenciamento","Requerimento de Licenciamento","24.554.786/0001-57","St Semprebom Me","ARAGARÇAS - GO, BARRA DO GARÇAS - MT","AREIA","Construção civil","Sim"
"Gerência Regional / GO","861198/2016","Requerimento de Registro de Licença","Requerimento de Licenciamento","***.259.081-**","Antonio Alves","OURO VERDE DE GOIÁS - GO","ARGILA","Cerâmica vermelha","Sim"
"Gerência Regional / GO","860373/2018","Requerimento de Registro de Licença","Requerimento de Licenciamento","***.735.821-**","Divino da Costa Marinho","DAMOLÂNDIA - GO","ARGILA","Cerâmica vermelha","Sim"
"Gerência Regional / GO","860933/2016","Requerimento de Registro de Licença","Requerimento de Licenciamento","20.547.136/0001-23","Castro & Arantes Participaçoes","ARAGUAPAZ - GO, MATRINCHÃ - GO","AREIA","Construção civil","Sim"
"Gerência Regional / GO","860562/2018","Requerimento de Registro de Licença","Requerimento de Licenciamento","21.064.931/0001-23","SPE - CRUZEIRO DO SUL EMPREENDIMENTOS LTDA","IPORÁ - GO","CASCALHO","Construção civil","Sim"
"Gerência Regional / GO","860912/2017","Requerimento de Registro de Licença","Requerimento de Licenciamento","***.059.201-**","MARIA MINERVINA DE BARROS VAZ","MORRINHOS - GO, PONTALINA - GO","AREIA","Construção civil","Sim"
"Gerência Regional / GO","861467/2016","Requerimento de Registro de Licença","Requerimento de Licenciamento","05.872.794/0001-05","Ps Assessoria e Consultoria Empresarial Eireli Me","NIQUELÂNDIA - GO","AREIA","Construção civil","Sim"
"Gerência Regional / GO","860203/2017","Requerimento de Registro de Licença","Requerimento de Licenciamento","***.372.299-**","Paulo Sérgio Moreti Barbosa","APORÉ - GO","CASCALHO","Construção civil","Sim"
"Gerência Regional / GO","860740/2019","Requerimento de Registro de Licença","Requerimento de Licenciamento","***.827.801-**","Jean Pierre Grandsire","BELA VISTA DE GOIÁS - GO","AREIA","Construção civil","Sim"
"Gerência Regional / GO","861029/2021","Requerimento de Registro de Licença","Requerimento de Licenciamento","***.553.956-**","JOSE CESAR RODRIGUES","SÃO JOÃO D'ALIANÇA - GO","AREIA, ARGILA, CASCALHO","Construção civil, Construção civil, Construção civil","Sim"
"Gerência Regional / GO","861363/2016","Requerimento de Registro de Licença","Requerimento de Licenciamento","***.960.501-**","José Milton Mariano de Aguiar","SILVÂNIA - GO","AREIA","Construção civil","Sim"
"Gerência Regional / GO","861856/2021","Requerimento de Registro de Licença","Requerimento de Licenciamento","***.750.261-**","Aguinaldo José Anacleto","GOIÁS - GO","CASCALHO","Construção civil","Sim"
"Gerência Regional / MG","830205/2018","Requerimento de Registro de Licença","Requerimento de Licenciamento","13.520.043/0001-40","Arc, Almeida Rodrigues Construtora Ltda Epp","ARAGUARI - MG, CUMARI - GO","AREIA","Construção civil","Sim"
"Gerência Regional / GO","860819/2018","Requerimento de Registro de Licença","Requerimento de Licenciamento","***.551.511-**","ANISIO FRANCISCO DE MOURA","PIRENÓPOLIS - GO","AREIA, CASCALHO","Construção civil, Construção civil","Sim"
"Gerência Regional / GO","860564/2022","Requerimento de Mudança de Regime para Licenciamento","Requerimento de Licenciamento","24.628.608/0001-23","IVAN VIEIRA DO NASCIMENTO","GUARANI DE GOIÁS - GO, IACIARA - GO","AREIA","Construção civil","Sim"
"Gerência Regional / GO","861032/2021","Requerimento de Mudança de Regime para Licenciamento","Requerimento de Licenciamento","***.621.162-**","ODAIR DA SILVA ROSA","JARAGUÁ - GO, URUANA - GO","AREIA","Construção civil","Sim"
"Gerência Regional / GO","860430/2017","Requerimento de Registro de Licença","Requerimento de Licenciamento","27.179.107/0001-03","MINERACAO DE AREIA BARROS - EIRELI","RIO VERDE - GO","AREIA","Construção civil","Sim"
"Gerência Regional / GO","860319/2017","Requerimento de Registro de Licença","Requerimento de Licenciamento","***.974.621-**","ISMAEL FONSECA MENDES","QUIRINÓPOLIS - GO","AREIA","Construção civil","Sim"
"Gerência Regional / GO","860681/2017","Requerimento de Registro de Licença","Requerimento de Licenciamento","***.447.141-**","ANTONIO FERNANDES DA SILVA FILHO","MINEIROS - GO","AREIA, CASCALHO","Construção civil, Construção civil","Sim"
"Gerência Regional / GO","860446/2017","Requerimento de Registro de Licença","Requerimento de Licenciamento","27.616.692/0001-53","PEDREIRA LAGEADO LTDA ME","JATAÍ - GO","BASALTO","Brita","Sim"
"Gerência Regional / GO","860780/2017","Requerimento de Registro de Licença","Requerimento de Licenciamento","***.980.681-**","Maria Olinda Santos Siqueira","ABADIÂNIA - GO","CASCALHO","Brita","Sim"
"Gerência Regional / GO","860786/2017","Requerimento de Registro de Licença","Requerimento de Licenciamento","19.898.744/0001-01","SPE GLEBA 2 RESIDENCIAL PAIVA EMPREENDIMENTOS IMOBILIÁRIOS LTDA","NOVO GAMA - GO","CASCALHO","Construção civil","Sim"
"Gerência Regional / GO","860983/2021","Requerimento de Registro de Licença","Requerimento de Licenciamento","***.623.971-**","Edivan Rodrigues dos Santos","PIRENÓPOLIS - GO","AREIA","Construção civil","Sim"
"Gerência Regional / GO","860888/2017","Requerimento de Registro de Licença","Requerimento de Licenciamento","***.376.981-**","JOÃO BATISTA RIBEIRO DE ARAUJO","JARAGUÁ - GO","AREIA, CASCALHO","Construção civil, Construção civil","Sim"
"Gerência Regional / GO","860849/2017","Requerimento de Mudança de Regime para Licenciamento","Requerimento de Licenciamento","***.603.501-**","Angela Maria Rocha Miranda","CRIXÁS - GO, MOZARLÂNDIA - GO","AREIA","Construção civil","Sim"
"Gerência Regional / GO","860585/2017","Requerimento de Registro de Licença","Requerimento de Licenciamento","***.218.061-**","DIMARCY BORGES","ACREÚNA - GO","CASCALHO","Construção civil","Sim"
"Gerência Regional / GO","860637/2017","Requerimento de Registro de Licença","Requerimento de Licenciamento","21.497.626/0001-25","TELHAS MOTA EIRELI ME","ITAPURANGA - GO","ARGILA","Construção civil","Sim"
"Gerência Regional / GO","860715/2017","Requerimento de Registro de Licença","Requerimento de Licenciamento","***.470.939-**","JOSÉ HENRIQUE PIVA","RIO VERDE - GO","CASCALHO","Construção civil","Sim"
"Gerência Regional / GO","861181/2024","Requerimento de Mudança de Regime para Licenciamento","Requerimento de Licenciamento","***.571.841-**","MARIA DE OLIVEIRA CARDOSO","PIRENÓPOLIS - GO","AREIA, CASCALHO","Construção civil, Construção civil","Sim"
"Gerência Regional / GO","860812/2017","Requerimento de Registro de Licença","Requerimento de Licenciamento","28.141.793/0001-88","DRAGA CENTRAL LTDA","CARMO DO RIO VERDE - GO","AREIA, CASCALHO","Construção civil, Construção civil","Sim"
"Gerência Regional / GO","860778/2017","Requerimento de Registro de Licença","Requerimento de Licenciamento","***.758.251-**","Belina Tavares de Oliveira","DAMOLÂNDIA - GO","ARGILA","Cerâmica vermelha","Sim"
"Gerência Regional / GO","860012/2025","Requerimento de Registro de Licença","Requerimento de Licenciamento","25.454.292/0001-63","LEANDRO RODRIGO DE SOUSA LTDA","SILVÂNIA - GO","AREIA, ARGILA","Cerâmica vermelha, Construção civil","Sim"
"Gerência Regional / GO","860260/2019","Requerimento de Registro de Licença","Requerimento de Licenciamento","***.772.200-**","VOLNEI MARTINAZZO","GUARANI DE GOIÁS - GO","AREIA","Construção civil","Sim"
"Gerência Regional / GO","860456/2023","Requerimento de Mudança de Regime para Licenciamento","Requerimento de Licenciamento","28.644.005/0001-76","STTONES & ESPATO BRASIL LTDA","TROMBAS - GO","GRANITO","Revestimento","Sim"
"Gerência Regional / GO","860929/2017","Requerimento de Registro de Licença","Requerimento de Licenciamento","***.490.141-**","GERALDO CABRAL GUIMARAES","RIO VERDE - GO","CASCALHO","Construção civil","Sim"
"Gerência Regional / GO","860184/2024","Requerimento de Registro de Licença","Requerimento de Licenciamento","08.070.566/0001-00","ATVOS BIOENERGIA BRENCO S.A.","MINEIROS - GO","CASCALHO","Construção civil","Sim"
"Gerência Regional / GO","860384/2018","Requerimento de Registro de Licença","Requerimento de Licenciamento","***.500.978-**","ROSANA ELISA REGATIERI MAGALHÃES","APORÉ - GO","CASCALHO","Construção civil","Sim"
"Gerência Regional / GO","860153/2018","Requerimento de Registro de Licença","Requerimento de Licenciamento","***.794.321-**","RAFAEL MODESTO DA COSTA","BONÓPOLIS - GO","AREIA","Construção civil","Sim"
"Gerência Regional / GO","860123/2018","Requerimento de Registro de Licença","Requerimento de Licenciamento","***.312.311-**","JONISVAINE JOSÉ GOMES","CAMPESTRE DE GOIÁS - GO, GUAPÓ - GO","AREIA, ARGILA","Construção civil, Construção civil","Sim"
"Gerência Regional / GO","860071/2018","Requerimento de Registro de Licença","Requerimento de Licenciamento","***.258.146-**","LAZARO BENEDITO EUSTAQUIO GONTIJO","FLORES DE GOIÁS - GO, IACIARA - GO","AREIA","Construção civil","Sim"
"Gerência Regional / GO","860849/2018","Requerimento de Mudança de Regime para Licenciamento","Requerimento de Licenciamento","11.430.844/0001-99","Associação Pai Eterno e Perpetuo Socorro","CAMPESTRE DE GOIÁS - GO","ARGILA, ARGILA, GRANITO","Cerâmica vermelha, Construção civil, Revestimento","Sim"
"Gerência Regional / GO","860889/2018","Requerimento de Registro de Licença","Requerimento de Licenciamento","***.474.891-**","GUSTAVO QUEIROZ CAETANO","CAMPESTRE DE GOIÁS - GO","AREIA","Construção civil","Sim"
"Gerência Regional / GO","860125/2018","Requerimento de Registro de Licença","Requerimento de Licenciamento","***.191.541-**","Carla Adriane Ribeiro","OURO VERDE DE GOIÁS - GO","ARGILA","Cerâmica vermelha","Sim"
"Gerência Regional / GO","860222/2018","Requerimento de Registro de Licença","Requerimento de Licenciamento","***.744.625-**","IDAIANE COSTA VIEIRA","SÃO DOMINGOS - GO","AREIA","Construção civil","Sim"
"Gerência Regional / GO","860280/2018","Requerimento de Registro de Licença","Requerimento de Licenciamento","***.682.901-**","SIMÃO JOSÉ DAS NEVES","ISRAELÂNDIA - GO","CASCALHO","Construção civil","Sim"
"Gerência Regional / GO","860144/2018","Requerimento de Registro de Licença","Requerimento de Licenciamento","07.368.671/0001-59","Cn Empreendimentos Imobiliários Ltda Me","CIDADE OCIDENTAL - GO","CASCALHO","Construção civil","Sim"
"Gerência Regional / GO","860482/2019","Requerimento de Registro de Licença","Requerimento de Licenciamento","***.352.001-**","Willian Ambrosio de Oliveira ","SANTA RITA DO ARAGUAIA - GO","AREIA, CASCALHO","Construção civil, Construção civil","Sim"
"Gerência Regional / GO","860313/2018","Requerimento de Registro de Licença","Requerimento de Licenciamento","***.515.451-**","INAIAN CARDOSO RIBEIRO","CRIXÁS - GO","AREIA","Construção civil","Sim"
"Gerência Regional / GO","860235/2018","Requerimento de Registro de Licença","Requerimento de Licenciamento","***.827.090-**","FLORI LUIZ BINOTTI","CABECEIRAS - GO","CASCALHO","Construção civil","Sim"
"Gerência Regional / GO","860257/2018","Requerimento de Registro de Licença","Requerimento de Licenciamento","***.981.541-**","Waldemy Abadio dos Santos","OURO VERDE DE GOIÁS - GO","ARGILA","Cerâmica vermelha","Sim"
"Gerência Regional / GO","860646/2018","Requerimento de Registro de Licença","Requerimento de Licenciamento","***.881.141-**","JOÃO BATISTA DA PAIXÃO JÚNIOR","BELA VISTA DE GOIÁS - GO, SÃO MIGUEL DO PASSA QUATRO - GO","CASCALHO","Construção civil","Sim"
"Gerência Regional / GO","860922/2022","Requerimento de Registro de Licença","Requerimento de Licenciamento","09.392.160/0001-06","SAO JUDAS TADEU APOSTOLO PARTICIPACOES LTDA","URUAÇU - GO","AREIA, CASCALHO","Construção civil, Construção civil","Sim"
"Gerência Regional / GO","860400/2018","Requerimento de Registro de Licença","Requerimento de Licenciamento","06.201.656/0001-59","C G MARTINS TRANSPORTES","SÃO DOMINGOS - GO","CASCALHO","Construção civil","Sim"
"Gerência Regional / GO","860753/2022","Requerimento de Mudança de Regime para Licenciamento","Requerimento de Licenciamento","30.323.122/0001-80","FETZ MINERADORA LTDA.","RIO VERDE - GO","BASALTO","Brita","Sim"
"Gerência Regional / GO","860529/2018","Requerimento de Registro de Licença","Requerimento de Licenciamento","***.356.601-**","LUZIA GONTIJO SOARES","CAMPOS BELOS - GO","AREIA, SAIBRO","Construção civil, Construção civil","Sim"
"Gerência Regional / GO","860543/2018","Requerimento de Registro de Licença","Requerimento de Licenciamento","***.524.163-**","FRANCISCO DAS CHAGAS VIEIRA DOS SANTOS","CAVALCANTE - GO, TERESINA DE GOIÁS - GO","AREIA","Construção civil","Sim"
"Gerência Regional / GO","860429/2018","Requerimento de Registro de Licença","Requerimento de Licenciamento","***.212.671-**","SELMA DIVINA MARQUES","GOIATUBA - GO","CASCALHO","Construção civil","Sim"
"Gerência Regional / GO","860463/2018","Requerimento de Registro de Licença","Requerimento de Licenciamento","08.448.846/0001-09","EB INFRA CONSTRUÇÕES LTDA","DIORAMA - GO","CASCALHO","Construção civil","Sim"
"Gerência Regional / GO","860278/2021","Requerimento de Registro de Licença","Requerimento de Licenciamento","***.444.151-**","ANTONIA FERREIRA DA SILVA","SÃO FRANCISCO DE GOIÁS - GO","AREIA","Construção civil","Sim"
"Gerência Regional / GO","860780/2019","Requerimento de Mudança de Regime para Licenciamento","Requerimento de Licenciamento","***.326.251-**","INIVALDA SANTOS CLAUDINO","PANAMÁ - GO","BASALTO","Brita","Sim"
"Gerência Regional / GO","860531/2018","Requerimento de Registro de Licença","Requerimento de Licenciamento","***.242.941-**","FLAVIO VIEIRA DA SILVA","VIANÓPOLIS - GO","AREIA, ARGILA","Cerâmica vermelha, Construção civil","Sim"
"Gerência Regional / GO","860170/2021","Requerimento de Registro de Licença","Requerimento de Licenciamento","48.150.338/0001-56","OSFAYA EMPREENDIMENTOS EIRELI","LUZIÂNIA - GO","CASCALHO","Construção civil","Sim"
"Gerência Regional / GO","860634/2020","Requerimento de Registro de Licença","Requerimento de Licenciamento","***.524.821-**","Edio de Freitas Lourenço","SILVÂNIA - GO","AREIA, ARGILA","Cerâmica vermelha, Construção civil","Sim"
"Gerência Regional / GO","861230/2022","Requerimento de Mudança de Regime para Licenciamento","Requerimento de Licenciamento","30.326.153/0001-94","JONAS DIAS DOS SANTOS - DRAGA LL COMERCIO E SERVICOS","POSSE - GO","SAIBRO","Construção civil","Sim"
"Gerência Regional / GO","860251/2019","Requerimento de Registro de Licença","Requerimento de Licenciamento","***.793.721-**","ELEUZA MARIA DE SOUZA BARBOSA","NOVA VENEZA - GO","ARGILA","Construção civil","Sim"
"Gerência Regional / GO","860210/2019","Requerimento de Mudança de Regime para Licenciamento","Requerimento de Licenciamento","***.549.621-**","ELISIO PEREIRA DUARTE JUNIOR","ARAGUAPAZ - GO, CRIXÁS - GO","AREIA","Construção civil","Sim"
"Gerência Regional / GO","860209/2019","Requerimento de Mudança de Regime para Licenciamento","Requerimento de Licenciamento","***.549.621-**","ELISIO PEREIRA DUARTE JUNIOR","ARAGUAPAZ - GO, CRIXÁS - GO","AREIA","Construção civil","Sim"
"Gerência Regional / GO","860204/2025","Requerimento de Mudança de Regime para Licenciamento","Requerimento de Licenciamento","***.215.911-**","SERGIO HENRIQUE CANUTO DE OLIVEIRA","PIRENÓPOLIS - GO","AREIA","Construção civil","Sim"
"Gerência Regional / GO","831251/2019","Requerimento de Mudança de Regime para Licenciamento","Requerimento de Licenciamento","16.925.507/0001-96","SP2ER PARTICIPACOES LTDA","CACHOEIRA DOURADA - GO, CAPINÓPOLIS - MG","AREIA, CASCALHO","Construção civil, Construção civil","Sim"
"Gerência Regional / GO","831262/2019","Requerimento de Mudança de Regime para Licenciamento","Requerimento de Licenciamento","16.925.507/0001-96","SP2ER PARTICIPACOES LTDA","CACHOEIRA DOURADA - GO, CAPINÓPOLIS - MG","AREIA, CASCALHO","Construção civil, Construção civil","Sim"
"Gerência Regional / GO","831261/2019","Requerimento de Mudança de Regime para Licenciamento","Requerimento de Licenciamento","16.925.507/0001-96","SP2ER PARTICIPACOES LTDA","CACHOEIRA DOURADA - GO, CAPINÓPOLIS - MG","AREIA, CASCALHO","Construção civil, Construção civil","Sim"
"Gerência Regional / GO","831259/2019","Requerimento de Mudança de Regime para Licenciamento","Requerimento de Licenciamento","16.925.507/0001-96","SP2ER PARTICIPACOES LTDA","CACHOEIRA DOURADA - GO, CAPINÓPOLIS - MG","AREIA, CASCALHO","Construção civil, Construção civil","Sim"
"Gerência Regional / GO","831258/2019","Requerimento de Mudança de Regime para Licenciamento","Requerimento de Licenciamento","16.925.507/0001-96","SP2ER PARTICIPACOES LTDA","CACHOEIRA DOURADA - GO, CAPINÓPOLIS - MG","AREIA, CASCALHO","Construção civil, Construção civil","Sim"
"Gerência Regional / GO","831257/2019","Requerimento de Mudança de Regime para Licenciamento","Requerimento de Licenciamento","16.925.507/0001-96","SP2ER PARTICIPACOES LTDA","CACHOEIRA DOURADA - GO, CAPINÓPOLIS - MG","AREIA, CASCALHO","Construção civil, Construção civil","Sim"
"Gerência Regional / GO","831256/2019","Requerimento de Mudança de Regime para Licenciamento","Requerimento de Licenciamento","16.925.507/0001-96","SP2ER PARTICIPACOES LTDA","CACHOEIRA DOURADA - GO, CAPINÓPOLIS - MG","AREIA, CASCALHO","Construção civil, Construção civil","Sim"
"Gerência Regional / GO","831255/2019","Requerimento de Mudança de Regime para Licenciamento","Requerimento de Licenciamento","16.925.507/0001-96","SP2ER PARTICIPACOES LTDA","CACHOEIRA DOURADA - GO, CAPINÓPOLIS - MG","AREIA, CASCALHO","Construção civil, Construção civil","Sim"
"Gerência Regional / GO","831254/2019","Requerimento de Mudança de Regime para Licenciamento","Requerimento de Licenciamento","16.925.507/0001-96","SP2ER PARTICIPACOES LTDA","CACHOEIRA DOURADA - GO, CAPINÓPOLIS - MG","AREIA, CASCALHO","Construção civil, Construção civil","Sim"
"Gerência Regional / GO","831253/2019","Requerimento de Mudança de Regime para Licenciamento","Requerimento de Licenciamento","16.925.507/0001-96","SP2ER PARTICIPACOES LTDA","CACHOEIRA DOURADA - GO, CAPINÓPOLIS - MG","AREIA, CASCALHO","Construção civil, Construção civil","Sim"
"Gerência Regional / GO","860360/2020","Requerimento de Registro de Licença","Requerimento de Licenciamento","***.380.721-**","SEBASTIAO CANDIDO SOBRINHO","CATALÃO - GO","CASCALHO","Construção civil","Sim"
"Gerência Regional / GO","860151/2020","Requerimento de Registro de Licença","Requerimento de Licenciamento","***.089.861-**","Anderson Divino da Costa","DAMOLÂNDIA - GO","ARGILA","Cerâmica vermelha","Sim"
"Gerência Regional / GO","860032/2026","Requerimento de Registro de Licença","Requerimento de Licenciamento","08.598.391/0001-08","ATVOS BIOENERGIA RIO CLARO S.A","ITARUMÃ - GO","CASCALHO","Construção civil","Sim"
"Gerência Regional / GO","860431/2023","Requerimento de Mudança de Regime para Licenciamento","Requerimento de Licenciamento","***.036.641-**","ROSANAN PEREIRA DE JESUS","NOVA IGUAÇU DE GOIÁS - GO","AREIA","Construção civil","Sim"
"Gerência Regional / GO","860341/2020","Requerimento de Registro de Licença","Requerimento de Licenciamento","11.227.455/0001-60","CERAMICA XAVANTE LTDA","PALMEIRAS DE GOIÁS - GO","ARGILA","Cerâmica vermelha","Sim"
"Gerência Regional / GO","860470/2020","Requerimento de Registro de Licença","Requerimento de Licenciamento","25.078.411/0001-20","NASCENTE AGRO-INDUSTRIAL LTDA","ALTO PARAÍSO DE GOIÁS - GO","CASCALHO","Construção civil","Sim"
"Gerência Regional / GO","860507/2023","Requerimento de Registro de Licença","Requerimento de Licenciamento","***.982.031-**","DERICK MARTINS BORGES DE MOURA","IPORÁ - GO","AREIA","Construção civil","Sim"
"Gerência Regional / GO","860273/2025","Requerimento de Mudança de Regime para Licenciamento","Requerimento de Licenciamento","20.332.915/0001-01","RUBERPAULO PEREIRA DUARTE LTDA","MAIRIPOTABA - GO","AREIA","Construção civil","Sim"
"Gerência Regional / GO","860809/2023","Requerimento de Mudança de Regime para Licenciamento","Requerimento de Licenciamento","36.728.841/0001-67","WOLNEY LUIZ DE MOURA 85209023168","NOVA IGUAÇU DE GOIÁS - GO","AREIA","Construção civil","Sim"
"Gerência Regional / GO","860831/2023","Requerimento de Mudança de Regime para Licenciamento","Requerimento de Licenciamento","36.728.841/0001-67","WOLNEY LUIZ DE MOURA 85209023168","NOVA IGUAÇU DE GOIÁS - GO","AREIA","Construção civil","Sim"
"Gerência Regional / GO","860628/2020","Requerimento de Registro de Licença","Requerimento de Licenciamento","***.169.471-**","GILBERTO XAVIER NUNES FILHO","TEREZÓPOLIS DE GOIÁS - GO","ARGILA","Cerâmica vermelha","Sim"
"Gerência Regional / GO","861189/2024","Requerimento de Mudança de Regime para Licenciamento","Requerimento de Licenciamento","***.390.892-**","Edmilson Aureliano Rosa","UIRAPURU - GO","AREIA, CASCALHO","Construção civil, Construção civil","Sim"
"Gerência Regional / GO","860025/2021","Requerimento de Registro de Licença","Requerimento de Licenciamento","***.405.751-**","NILTON FERREIRA COELHO","SÃO FRANCISCO DE GOIÁS - GO","AREIA, CASCALHO","Construção civil, Construção civil","Sim"
"Gerência Regional / GO","860231/2026","Requerimento de Registro de Licença","Requerimento de Licenciamento","39.696.928/0001-98","JUNQUEIRA MINERADORA EIRELI","NOVA GLÓRIA - GO, RIALMA - GO","AREIA, CASCALHO","Construção civil, Construção civil","Sim"
"Gerência Regional / GO","861005/2024","Requerimento de Registro de Licença","Requerimento de Licenciamento","07.589.548/0001-68","AGROPECUARIA NELORE PARANA LTDA","IACIARA - GO","CASCALHO","Construção civil","Sim"
"Gerência Regional / GO","861004/2024","Requerimento de Registro de Licença","Requerimento de Licenciamento","07.589.548/0001-68","AGROPECUARIA NELORE PARANA LTDA","IACIARA - GO","CASCALHO","Construção civil","Sim"
"Gerência Regional / GO","861258/2024","Requerimento de Registro de Licença","Requerimento de Licenciamento","07.589.548/0001-68","AGROPECUARIA NELORE PARANA LTDA","IACIARA - GO","CASCALHO","Construção civil","Sim"
"Gerência Regional / GO","861007/2024","Requerimento de Registro de Licença","Requerimento de Licenciamento","07.589.548/0001-68","AGROPECUARIA NELORE PARANA LTDA","IACIARA - GO","CASCALHO","Construção civil","Sim"
"Gerência Regional / GO","860241/2021","Requerimento de Registro de Licença","Requerimento de Licenciamento","***.918.521-**","ELIAS JORGE NETO","CUMARI - GO","CASCALHO","Construção civil","Sim"
"Gerência Regional / GO","860329/2021","Requerimento de Registro de Licença","Requerimento de Licenciamento","24.110.715/0001-65","CERAMICA MATUTINA DE EDEIA LTDA","EDEALINA - GO","ARGILA","Cerâmica vermelha","Sim"
"Gerência Regional / GO","860134/2023","Requerimento de Registro de Licença","Requerimento de Licenciamento","24.110.715/0001-65","CERAMICA MATUTINA DE EDEIA LTDA","EDEALINA - GO","ARGILA","Cerâmica vermelha","Sim"
"Gerência Regional / GO","861681/2021","Requerimento de Registro de Licença","Requerimento de Licenciamento","***.159.511-**","Orlando Batista dos Santos","OURO VERDE DE GOIÁS - GO","ARGILA","Construção civil","Sim"
"Gerência Regional / GO","860053/2023","Requerimento de Registro de Licença","Requerimento de Licenciamento","***.453.988-**","FLAVIO JOSE DIAS DE OLIVEIRA","CALDAS NOVAS - GO","AREIA","Construção civil","Sim"
"Gerência Regional / GO","860574/2023","Requerimento de Registro de Licença","Requerimento de Licenciamento","12.638.365/0001-25","FLORA MUNDI LTDA","MORRINHOS - GO","CASCALHO","Construção civil","Sim"
"Gerência Regional / GO","860004/2022","Requerimento de Mudança de Regime para Licenciamento","Requerimento de Licenciamento","12.638.365/0001-25","FLORA MUNDI LTDA","RIO VERDE - GO","AREIA","Construção civil","Sim"
"Gerência Regional / GO","861564/2021","Requerimento de Registro de Licença","Requerimento de Licenciamento","12.638.365/0001-25","FLORA MUNDI LTDA","MORRINHOS - GO","CASCALHO","Construção civil","Sim"
"Gerência Regional / GO","861012/2021","Requerimento de Registro de Licença","Requerimento de Licenciamento","39.781.312/0001-15","RANDER ALVES DE SA","ITAPACI - GO, RUBIATABA - GO","AREIA","Construção civil","Sim"
"Gerência Regional / GO","860309/2023","Requerimento de Registro de Licença","Requerimento de Licenciamento","***.168.181-**","ANDRE BERNARDES ANTUNES GONCALVES","ARAGOIÂNIA - GO, HIDROLÂNDIA - GO","AREIA","Construção civil","Sim"
"Gerência Regional / GO","860401/2023","Requerimento de Registro de Licença","Requerimento de Licenciamento","***.558.151-**","ELVIO LEANDRO","PETROLINA DE GOIÁS - GO","AREIA, ARGILA","Construção civil, Construção civil","Sim"
"Gerência Regional / GO","861456/2021","Requerimento de Registro de Licença","Requerimento de Licenciamento","***.151.348-**","JOSE DO NASCIMENTO","SILVÂNIA - GO","ARGILA","Construção civil","Sim"
"Gerência Regional / GO","860531/2025","Requerimento de Registro de Licença","Requerimento de Licenciamento","36.952.654/0001-62","HANNAH MATERIAIS PARA CONSTRUCAO LTDA","FAINA - GO","AREIA","Construção civil","Sim"
"Gerência Regional / GO","861522/2021","Requerimento de Registro de Licença","Requerimento de Licenciamento","***.094.241-**","Euripedes dos santos Souza","GUAPÓ - GO","ARGILA","Cerâmica vermelha","Sim"
"Gerência Regional / GO","860859/2023","Requerimento de Registro de Licença","Requerimento de Licenciamento","28.415.796/0001-62","VILMA MARIA VIEIRA DO PRADO SOUZA EIRELI","PIRACANJUBA - GO","AREIA, ARGILA","Cerâmica vermelha, Construção civil","Sim"
"Gerência Regional / GO","860628/2018","Requerimento de Registro de Licença","Requerimento de Licenciamento","***.416.391-**","CRISTIANO VIEIRA DOS SANTOS","MOSSÂMEDES - GO","CASCALHO","Construção civil","Sim"
"Gerência Regional / GO","860598/2018","Requerimento de Registro de Licença","Requerimento de Licenciamento","***.168.321-**","HÉLIO PAIXÃO DE OLIVEIRA JUNIOR","SÃO MIGUEL DO PASSA QUATRO - GO","AREIA","Construção civil","Sim"
"Gerência Regional / GO","860826/2018","Requerimento de Registro de Licença","Requerimento de Licenciamento","***.504.821-**","Sandoval Bailão Fonseca","RIO VERDE - GO","CASCALHO","Construção civil","Sim"
"Gerência Regional / GO","860597/2018","Requerimento de Registro de Licença","Requerimento de Licenciamento","***.626.996-**","KENIA CRISTINA ROCHA RODRIGUES ","MONTE ALEGRE DE GOIÁS - GO","AREIA","Construção civil","Sim"
"Gerência Regional / GO","860239/2019","Requerimento de Registro de Licença","Requerimento de Licenciamento","18.038.849/0001-10","AREEIRA BOA ESPERANCA LTDA","IPORÁ - GO","AREIA","Construção civil","Sim"
"Gerência Regional / GO","860648/2018","Requerimento de Registro de Licença","Requerimento de Licenciamento","48.150.338/0001-56","OSFAYA EMPREENDIMENTOS EIRELI","LUZIÂNIA - GO","CASCALHO","Construção civil","Sim"
"Gerência Regional / GO","860693/2018","Requerimento de Registro de Licença","Requerimento de Licenciamento","***.763.970-**","AIRTON BARZOTTO","CAMPINORTE - GO","CASCALHO","Construção civil","Sim"
"Gerência Regional / GO","860699/2018","Requerimento de Registro de Licença","Requerimento de Licenciamento","***.583.091-**","PEDRO FRANCISCO DA SILVA","NOVA VENEZA - GO","CASCALHO","Construção civil","Sim"
"Gerência Regional / GO","860689/2018","Requerimento de Registro de Licença","Requerimento de Licenciamento","***.599.771-**","Pedro Henrique Machado Roncato","VILA PROPÍCIO - GO","AREIA, CASCALHO","Construção civil, Construção civil","Sim"
"Gerência Regional / GO","860129/2019","Requerimento de Registro de Licença","Requerimento de Licenciamento","***.018.761-**","SEBASTIAO PEREIRA DE ALCANTARA","OURO VERDE DE GOIÁS - GO","ARGILA","Cerâmica vermelha","Sim"
"Gerência Regional / GO","860931/2018","Requerimento de Registro de Licença","Requerimento de Licenciamento","***.524.821-**","Edio de Freitas Lourenço","GAMELEIRA DE GOIÁS - GO, SILVÂNIA - GO","AREIA, CASCALHO","Construção civil, Construção civil","Sim"
"Gerência Regional / GO","860218/2019","Requerimento de Registro de Licença","Requerimento de Licenciamento","***.405.551-**","CLAUBER DIAS BRANDAO","IPAMERI - GO","AREIA","Construção civil","Sim"
"Gerência Regional / GO","860758/2018","Requerimento de Registro de Licença","Requerimento de Licenciamento","***.283.291-**","DIVINA LUIZ DE OLIVEIRA SANTOS","CABECEIRAS - GO","AREIA, CASCALHO","Construção civil, Construção civil","Sim"
"Gerência Regional / GO","860802/2018","Requerimento de Registro de Licença","Requerimento de Licenciamento","***.047.401-**","GERSON ALVES BARROS","TRINDADE - GO","CASCALHO","Construção civil","Sim"
"Gerência Regional / GO","860873/2018","Requerimento de Registro de Licença","Requerimento de Licenciamento","***.723.241-**","DILVAN MARQUES COSTA","TERESINA DE GOIÁS - GO","AREIA, CASCALHO","Construção civil, Construção civil","Sim"
"Gerência Regional / GO","860342/2019","Requerimento de Registro de Licença","Requerimento de Licenciamento","***.273.801-**","JAIR FERREIRA CAMARGO","CRIXÁS - GO, SANTA TEREZINHA DE GOIÁS - GO","AREIA","Construção civil","Sim"
"Gerência Regional / GO","861231/2021","Requerimento de Registro de Licença","Requerimento de Licenciamento","30.326.153/0001-94","JONAS DIAS DOS SANTOS - DRAGA LL COMERCIO E SERVICOS","ARRAIAS - TO, MONTE ALEGRE DE GOIÁS - GO","AREIA","Construção civil","Sim"
"Gerência Regional / GO","860075/2019","Requerimento de Registro de Licença","Requerimento de Licenciamento","***.793.721-**","ELEUZA MARIA DE SOUZA BARBOSA","NOVA VENEZA - GO","ARGILA","Construção civil","Sim"
"Gerência Regional / GO","860795/2025","Requerimento de Registro de Licença","Requerimento de Licenciamento","***.490.631-**","ROGERIO REINALDO RAMALHO","SILVÂNIA - GO","AREIA, ARGILA","Cerâmica vermelha, Construção civil","Sim"
"Gerência Regional / GO","860272/2019","Requerimento de Registro de Licença","Requerimento de Licenciamento","***.503.941-**","IRAMAR JOSE DA FONSECA","CACHOEIRA DE GOIÁS - GO","AREIA","Construção civil","Sim"
"Gerência Regional / GO","860553/2019","Requerimento de Registro de Licença","Requerimento de Licenciamento","***.448.981-**","Wanderson Carlos Coutinho","LUZIÂNIA - GO","CASCALHO","Construção civil","Sim"
"Gerência Regional / GO","860211/2019","Requerimento de Mudança de Regime para Licenciamento","Requerimento de Licenciamento","***.549.621-**","ELISIO PEREIRA DUARTE JUNIOR","ARAGUAPAZ - GO","AREIA","Construção civil","Sim"
"Gerência Regional / GO","860205/2025","Requerimento de Mudança de Regime para Licenciamento","Requerimento de Licenciamento","***.215.911-**","SERGIO HENRIQUE CANUTO DE OLIVEIRA","PIRENÓPOLIS - GO","AREIA","Construção civil","Sim"
"Gerência Regional / GO","860305/2022","Requerimento de Mudança de Regime para Licenciamento","Requerimento de Licenciamento","***.547.371-**","REMULO DE PAULA LEITE","BONFINÓPOLIS - GO","GNAISSE, XISTO","Brita, Brita","Sim"
"Gerência Regional / GO","860184/2019","Requerimento de Registro de Licença","Requerimento de Licenciamento","***.113.661-**","SÉRGIA MARIA DE VASCONCELOS","BOM JARDIM DE GOIÁS - GO","CASCALHO","Construção civil","Sim"
"Gerência Regional / GO","860368/2019","Requerimento de Registro de Licença","Requerimento de Licenciamento","***.490.351-**","GILDETE ARANTES ATAIDES BRAZ","RIO VERDE - GO","CASCALHO","Construção civil","Sim"
"Gerência Regional / GO","860303/2019","Requerimento de Registro de Licença","Requerimento de Licenciamento","23.664.194/0001-25","J&F FLORESTA AGROPECUARIA ARAGUAIA LTDA ","ARUANÃ - GO","CASCALHO","Construção civil","Sim"
"Gerência Regional / GO","860796/2026","Requerimento de Registro de Licença","Requerimento de Licenciamento","***.006.691-**","Paulo Rogério de paula","BRAZABRANTES - GO","ARGILA","Construção civil","Sim"
"Gerência Regional / GO","860700/2019","Requerimento de Registro de Licença","Requerimento de Licenciamento","11.291.550/0001-23","JASA CONSTRUCOES E COMERCIO LTDA","CAVALCANTE - GO, MINAÇU - GO","AREIA","Construção civil","Sim"
"Gerência Regional / GO","860538/2019","Requerimento de Registro de Licença","Requerimento de Licenciamento","***.534.901-**","Iraides Mendes Dionísio dos Santos Rodrigues","NIQUELÂNDIA - GO","AREIA, CASCALHO","Construção civil, Construção civil","Sim"
"Gerência Regional / GO","860537/2019","Requerimento de Registro de Licença","Requerimento de Licenciamento","38.045.472/0001-33","PORTO BELO CONSTRUCOES E EMPREENDIMENTOS LTDA","CORUMBÁ DE GOIÁS - GO","CASCALHO","Construção civil","Sim"
"Gerência Regional / GO","860688/2022","Requerimento de Mudança de Regime para Licenciamento","Requerimento de Licenciamento","***.487.866-**","Luiz Antonio Monteiro","JATAÍ - GO","BASALTO","Brita","Sim"
"Gerência Regional / GO","860741/2019","Requerimento de Registro de Licença","Requerimento de Licenciamento","***.899.801-**","WANILDE DOS REIS DE AMORIM DE DEUS","PETROLINA DE GOIÁS - GO","ARGILA, ARGILA","Cerâmica vermelha, Construção civil","Sim"
"Gerência Regional / GO","860428/2023","Requerimento de Mudança de Regime para Licenciamento","Requerimento de Licenciamento","15.337.357/0001-37","ATLANTA TRANSPORTES LTDA","NOVA IGUAÇU DE GOIÁS - GO","AREIA","Construção civil","Sim"
"Gerência Regional / GO","860661/2019","Requerimento de Registro de Licença","Requerimento de Licenciamento","***.826.911-**","MARIA LAURINDA DE JESUS SOUZA","BURITI DE GOIÁS - GO","ARGILA","Cerâmica vermelha","Sim"
"Gerência Regional / GO","860552/2019","Requerimento de Registro de Licença","Requerimento de Licenciamento","***.507.101-**","Rinaldo Meireles","LUZIÂNIA - GO","CASCALHO","Construção civil","Sim"
"Gerência Regional / GO","831252/2019","Requerimento de Mudança de Regime para Licenciamento","Requerimento de Licenciamento","16.925.507/0001-96","SP2ER PARTICIPACOES LTDA","CACHOEIRA DOURADA - GO, CAPINÓPOLIS - MG","AREIA, CASCALHO","Construção civil, Construção civil","Sim"
"Gerência Regional / GO","860797/2019","Requerimento de Mudança de Regime para Licenciamento","Requerimento de Licenciamento","***.873.169-**","Danila Aparecida Pinheiro da Cruz","CATALÃO - GO, IPAMERI - GO","AREIA","Construção civil","Sim"
"Gerência Regional / GO","860570/2019","Requerimento de Registro de Licença","Requerimento de Licenciamento","***.486.431-**","João Henrique Alves Domingues","JARAGUÁ - GO","ARGILA","Cerâmica vermelha","Sim"
"Gerência Regional / GO","860621/2019","Requerimento de Registro de Licença","Requerimento de Licenciamento","***.234.311-**","EDSON BORGES DE FREITAS","PORTEIRÃO - GO, TURVELÂNDIA - GO","AREIA","Construção civil","Sim"
"Gerência Regional / GO","860735/2019","Requerimento de Registro de Licença","Requerimento de Licenciamento","***.174.111-**","CRISTIANE MUNIZ ARAGÃO LOPES","PIRACANJUBA - GO","AREIA","Construção civil","Sim"
"Gerência Regional / GO","860688/2019","Requerimento de Registro de Licença","Requerimento de Licenciamento","***.380.721-**","SEBASTIAO CANDIDO SOBRINHO","CATALÃO - GO","CASCALHO","Construção civil","Sim"
"Gerência Regional / GO","860742/2019","Requerimento de Registro de Licença","Requerimento de Licenciamento","***.621.501-**","PATRÍCIA CALIL FONSECA","ITABERAÍ - GO","AREIA, CASCALHO","Construção civil, Construção civil","Sim"
"Gerência Regional / GO","860331/2025","Requerimento de Registro de Licença","Requerimento de Licenciamento","***.130.528-**","ARTHUR OSCAR VAZ DE ALMEIDA FILHO","FAZENDA NOVA - GO","AREIA","Construção civil","Sim"
"Gerência Regional / GO","860077/2021","Requerimento de Registro de Licença","Requerimento de Licenciamento","***.164.491-**","MAYSA TEODORO DE OLIVEIRA","ABADIÂNIA - GO, GAMELEIRA DE GOIÁS - GO","AREIA","Construção civil","Sim"
"Gerência Regional / GO","860018/2020","Requerimento de Registro de Licença","Requerimento de Licenciamento","***.763.271-**","Thársio José de Sousa","SÃO FRANCISCO DE GOIÁS - GO","AREIA, CASCALHO","Construção civil, Construção civil","Sim"
"Gerência Regional / GO","860664/2020","Requerimento de Registro de Licença","Requerimento de Licenciamento","***.089.861-**","Anderson Divino da Costa","DAMOLÂNDIA - GO","ARGILA","Cerâmica vermelha","Sim"
"Gerência Regional / GO","860053/2020","Requerimento de Registro de Licença","Requerimento de Licenciamento","***.714.591-**","Nilma Aparecida Tiburcio da Silva","CALDAS NOVAS - GO","QUARTZITO","Pedra de talhe","Sim"
"Gerência Regional / GO","860893/2019","Requerimento de Registro de Licença","Requerimento de Licenciamento","***.511.991-**","JOAO MOREIRA DOS SANTOS","GUARANI DE GOIÁS - GO, IACIARA - GO","AREIA, CASCALHO","Construção civil, Construção civil","Sim"
"Gerência Regional / GO","860909/2019","Requerimento de Registro de Licença","Requerimento de Licenciamento","14.381.044/0001-13","ANILDO ARAUJO DE MORAIS","ÁGUA LIMPA - GO","ARGILA","Construção civil","Sim"
"Gerência Regional / GO","860426/2020","Requerimento de Registro de Licença","Requerimento de Licenciamento","***.563.631-**","CLEIBER DIVINO BARBOSA","GOIANÉSIA - GO, JARAGUÁ - GO","AREIA","Construção civil","Sim"
"Gerência Regional / GO","860035/2020","Requerimento de Registro de Licença","Requerimento de Licenciamento","***.185.981-**","PAULO CEZAR BOGES DE MELLO","ARAGARÇAS - GO","AREIA, CASCALHO","Construção civil, Construção civil","Sim"
"Gerência Regional / GO","860060/2020","Requerimento de Registro de Licença","Requerimento de Licenciamento","31.477.444/0001-46","CENTRAL TELHAS CATALAO EIRELI","CUMARI - GO","AREIA","Construção civil","Sim"
"Gerência Regional / GO","860225/2020","Requerimento de Registro de Licença","Requerimento de Licenciamento","34.822.952/0001-02","SERRA NEGRA MINERADORA EIRELI","CORUMBAÍBA - GO","AREIA, CASCALHO","Construção civil, Construção civil","Sim"
"Gerência Regional / GO","861948/2024","Requerimento de Registro de Licença","Requerimento de Licenciamento","08.598.391/0001-08","ATVOS BIOENERGIA RIO CLARO S.A","CACHOEIRA ALTA - GO","CASCALHO","Construção civil","Sim"
"Gerência Regional / GO","860167/2020","Requerimento de Registro de Licença","Requerimento de Licenciamento","***.673.711-**","EVILTON ANTONIO DA SILVA","PETROLINA DE GOIÁS - GO","AREIA, ARGILA","Cerâmica vermelha, Construção civil","Sim"
"Gerência Regional / GO","860600/2020","Requerimento de Registro de Licença","Requerimento de Licenciamento","***.036.641-**","ROSANAN PEREIRA DE JESUS","ALTO HORIZONTE - GO","AREIA","Construção civil","Sim"
"Gerência Regional / GO","860178/2020","Requerimento de Registro de Licença","Requerimento de Licenciamento","03.879.631/0001-10","MORAIS SERVICE TRANSPORTES EIRELI","NIQUELÂNDIA - GO","AREIA","Construção civil","Sim"
"Gerência Regional / GO","860438/2020","Requerimento de Registro de Licença","Requerimento de Licenciamento","***.990.721-**","IDEBRANDO BENTO PEREIRA","OURO VERDE DE GOIÁS - GO","ARGILA","Construção civil","Sim"
"Gerência Regional / GO","860282/2020","Requerimento de Registro de Licença","Requerimento de Licenciamento","***.365.941-**","Maurício Peres da Cunha","IPORÁ - GO","CASCALHO","Construção civil","Sim"
"Gerência Regional / GO","860258/2020","Requerimento de Registro de Licença","Requerimento de Licenciamento","***.037.021-**","MARSES MENDES STABILE","EDÉIA - GO","CASCALHO","Construção civil","Sim"
"Gerência Regional / GO","860307/2020","Requerimento de Registro de Licença","Requerimento de Licenciamento","***.078.601-**","SILVIO GERALDO JUNQUEIRA","RIO QUENTE - GO","AREIA","Construção civil","Sim"
"Gerência Regional / GO","860335/2020","Requerimento de Registro de Licença","Requerimento de Licenciamento","36.009.044/0001-20","CIMENTOS RIO VERDE PARTICIPACOES LTDA","ARAGOIÂNIA - GO","QUARTZITO","Brita","Sim"
"Gerência Regional / GO","860443/2020","Requerimento de Registro de Licença","Requerimento de Licenciamento","***.458.161-**","JANE RODRIGUES DA CRUZ","CATURAÍ - GO","ARGILA, ARGILA","Cerâmica vermelha, Construção civil","Sim"
"Gerência Regional / GO","860540/2020","Requerimento de Registro de Licença","Requerimento de Licenciamento","11.227.455/0001-60","CERAMICA XAVANTE LTDA","CEZARINA - GO","ARGILA","Cerâmica vermelha","Sim"
"Gerência Regional / GO","860481/2020","Requerimento de Registro de Licença","Requerimento de Licenciamento","***.196.261-**","PAULO BORGES DOURADO","MUTUNÓPOLIS - GO","AREIA","Construção civil","Sim"
"Gerência Regional / GO","860725/2023","Requerimento de Registro de Licença","Requerimento de Licenciamento","25.078.411/0001-20","NASCENTE AGRO-INDUSTRIAL LTDA","ALTO PARAÍSO DE GOIÁS - GO","CASCALHO","Construção civil","Sim"
"Gerência Regional / GO","861017/2021","Requerimento de Registro de Licença","Requerimento de Licenciamento","***.325.801-**","JOSE ROBERTO PRATA PEREIRA","ITUMBIARA - GO","CASCALHO","Construção civil","Sim"
"Gerência Regional / GO","860685/2020","Requerimento de Registro de Licença","Requerimento de Licenciamento","***.325.111-**","GUSTAVO FREITAS VILELA","NOVA CRIXÁS - GO","AREIA, ARGILA, CASCALHO","Construção civil, Construção civil, Construção civil","Sim"
"Gerência Regional / GO","860376/2020","Requerimento de Registro de Licença","Requerimento de Licenciamento","***.748.261-**","DONIZETE PEREIRA DE FREITAS","LUZIÂNIA - GO, ORIZONA - GO","AREIA","Construção civil","Sim"
"Gerência Regional / GO","860078/2023","Requerimento de Registro de Licença","Requerimento de Licenciamento","***.982.031-**","DERICK MARTINS BORGES DE MOURA","IPORÁ - GO","CASCALHO","Construção civil","Sim"
"Gerência Regional / GO","861527/2021","Requerimento de Mudança de Regime para Licenciamento","Requerimento de Licenciamento","27.543.047/0001-58","CUNHA AGRICOLA LTDA","CHAPADÃO DO CÉU - GO","CASCALHO","Construção civil","Sim"
"Gerência Regional / GO","860619/2020","Requerimento de Registro de Licença","Requerimento de Licenciamento","08.678.072/0001-02","AREIALTO CASCALHO E MINERADORA ALELUIA LTDA","PIRES DO RIO - GO","AREIA","Construção civil","Sim"
"Gerência Regional / GO","860498/2023","Requerimento de Mudança de Regime para Licenciamento","Requerimento de Licenciamento","20.332.915/0001-01","RUBERPAULO PEREIRA DUARTE LTDA","MAIRIPOTABA - GO","AREIA","Construção civil","Sim"
"Gerência Regional / GO","860627/2020","Requerimento de Registro de Licença","Requerimento de Licenciamento","***.925.651-**","KAREN KATRYNE TORRES DA CUNHA","TRINDADE - GO","ARGILA","Cerâmica vermelha","Sim"
"Gerência Regional / GO","860810/2023","Requerimento de Mudança de Regime para Licenciamento","Requerimento de Licenciamento","36.728.841/0001-67","WOLNEY LUIZ DE MOURA 85209023168","NOVA IGUAÇU DE GOIÁS - GO","AREIA","Construção civil","Sim"
"Gerência Regional / GO","860499/2020","Requerimento de Registro de Licença","Requerimento de Licenciamento","***.397.301-**","JOSE BRAZ CANEDO","VIANÓPOLIS - GO","ARGILA","Construção civil","Sim"
"Gerência Regional / GO","860025/2025","Requerimento de Mudança de Regime para Licenciamento","Requerimento de Licenciamento","23.541.011/0001-84","AREIAS ALVORADA LTDA","MORRINHOS - GO","AREIA","Construção civil","Sim"
"Gerência Regional / GO","860747/2020","Requerimento de Registro de Licença","Requerimento de Licenciamento","36.603.122/0001-10","AREIAS JAPAO EIRELI","PARAÚNA - GO","AREIA","Construção civil","Sim"
"Gerência Regional / GO","860516/2020","Requerimento de Registro de Licença","Requerimento de Licenciamento","***.298.511-**","Emmanuel De Sa Roriz Junior","LUZIÂNIA - GO","CASCALHO","Construção civil","Sim"
"Gerência Regional / GO","860563/2020","Requerimento de Registro de Licença","Requerimento de Licenciamento","***.178.838-**","caio de sousa pereira lima","CAIAPÔNIA - GO","CASCALHO","Construção civil","Sim"
"Gerência Regional / GO","860844/2023","Requerimento de Mudança de Regime para Licenciamento","Requerimento de Licenciamento","30.606.001/0001-45","JIREH PARTICIPACOES LTDA","GOIANÉSIA - GO","CASCALHO","Construção civil","Sim"
"Gerência Regional / GO","860537/2020","Requerimento de Registro de Licença","Requerimento de Licenciamento","***.745.521-**","ADRIANO TEODORO CARVALHAIS","ITAUÇU - GO","AREIA","Construção civil","Sim"
"Gerência Regional / GO","860986/2022","Requerimento de Registro de Licença","Requerimento de Licenciamento","***.169.471-**","GILBERTO XAVIER NUNES FILHO","TEREZÓPOLIS DE GOIÁS - GO","ARGILA","Cerâmica vermelha","Sim"
"Gerência Regional / GO","861190/2024","Requerimento de Mudança de Regime para Licenciamento","Requerimento de Licenciamento","***.390.892-**","Edmilson Aureliano Rosa","UIRAPURU - GO","AREIA, CASCALHO","Construção civil, Construção civil","Sim"
"Gerência Regional / GO","860593/2020","Requerimento de Registro de Licença","Requerimento de Licenciamento","***.267.381-**","CLAUDIO ROGERIO DA SILVA","SÃO FRANCISCO DE GOIÁS - GO","ARGILA","Cerâmica vermelha","Sim"
"Gerência Regional / GO","860662/2020","Requerimento de Registro de Licença","Requerimento de Licenciamento","35.050.151/0001-39","CERAMICA SANTA LAURA LTDA","CROMÍNIA - GO","AREIA, ARGILA","Cerâmica vermelha, Construção civil","Sim"
"Gerência Regional / GO","860628/2023","Requerimento de Registro de Licença","Requerimento de Licenciamento","***.845.721-**","JORDANE ANTONIO FERNANDES","PONTALINA - GO","AREIA","Construção civil","Sim"
"Gerência Regional / GO","860724/2020","Requerimento de Registro de Licença","Requerimento de Licenciamento","***.352.821-**","ROBERTO CARNEIRO DE CASTRO","RIANÁPOLIS - GO","CASCALHO","Construção civil","Sim"
"Gerência Regional / GO","861162/2022","Requerimento de Registro de Licença","Requerimento de Licenciamento","***.405.751-**","NILTON FERREIRA COELHO","SÃO FRANCISCO DE GOIÁS - GO","AREIA","Construção civil","Sim"
"Gerência Regional / GO","860723/2020","Requerimento de Registro de Licença","Requerimento de Licenciamento","***.637.511-**","wilmar Pereira Alves","MINEIROS - GO","CASCALHO","Construção civil","Sim"
"Gerência Regional / GO","860097/2022","Requerimento de Mudança de Regime para Licenciamento","Requerimento de Licenciamento","***.566.291-**","AURIDES ISABEL DA SILVA JONAS","VARJÃO - GO","AREIA, ARGILA","Cerâmica vermelha, Construção civil","Sim"
"Gerência Regional / GO","860744/2020","Requerimento de Registro de Licença","Requerimento de Licenciamento","***.889.931-**","EVERTON LUCAS FARIA RESENDE","CAMPINAÇU - GO, CAMPINORTE - GO","AREIA","Construção civil","Sim"
"Gerência Regional / GO","860432/2026","Requerimento de Mudança de Regime para Licenciamento","Requerimento de Licenciamento","39.696.928/0001-98","JUNQUEIRA MINERADORA EIRELI","ARAGUAPAZ - GO","AREIA","Construção civil","Sim"
"Gerência Regional / GO","860113/2021","Requerimento de Registro de Licença","Requerimento de Licenciamento","***.260.811-**","SAMUEL GONCALVES MOREIRA","VIANÓPOLIS - GO","ARGILA","Cerâmica vermelha","Sim"
"Gerência Regional / GO","860103/2021","Requerimento de Registro de Licença","Requerimento de Licenciamento","***.597.381-**","DHEFFERSON MOREIRA SUCIA","JOVIÂNIA - GO, VICENTINÓPOLIS - GO","BASALTO","Pedra de talhe","Sim"
"Gerência Regional / GO","860509/2024","Requerimento de Mudança de Regime para Licenciamento","Requerimento de Licenciamento","33.620.576/0003-72","AREIAS LANDY LTDA","MOZARLÂNDIA - GO, NOVA CRIXÁS - GO","AREIA","Construção civil","Sim"
"Gerência Regional / GO","860169/2021","Requerimento de Registro de Licença","Requerimento de Licenciamento","***.094.901-**","GLENDA MARIA RICARDO GONCALVES DOS SANTOS","LUZIÂNIA - GO","AREIA","Construção civil","Sim"
"Gerência Regional / GO","860339/2021","Requerimento de Registro de Licença","Requerimento de Licenciamento","***.272.121-**","JOAO PAULO MARQUES DOS SANTOS","NOVO GAMA - GO","CASCALHO","Construção civil","Sim"
"Gerência Regional / GO","861006/2024","Requerimento de Registro de Licença","Requerimento de Licenciamento","07.589.548/0001-68","AGROPECUARIA NELORE PARANA LTDA","IACIARA - GO","CASCALHO","Construção civil","Sim"
"Gerência Regional / GO","860282/2021","Requerimento de Registro de Licença","Requerimento de Licenciamento","***.918.521-**","ELIAS JORGE NETO","CUMARI - GO","CASCALHO","Construção civil","Sim"
"Gerência Regional / GO","860402/2021","Requerimento de Registro de Licença","Requerimento de Licenciamento","24.110.715/0001-65","CERAMICA MATUTINA DE EDEIA LTDA","EDÉIA - GO","ARGILA","Cerâmica vermelha","Sim"
"Gerência Regional / GO","860237/2021","Requerimento de Registro de Licença","Requerimento de Licenciamento","***.039.689-**","VALCIR JOSE SONALIO","RIO VERDE - GO","CASCALHO","Construção civil","Sim"
"Gerência Regional / GO","860999/2021","Requerimento de Registro de Licença","Requerimento de Licenciamento","***.052.581-**","WELINTON LOPES DE ARAUJO","JANDAIA - GO","AREIA","Construção civil","Sim"
"Gerência Regional / GO","860879/2022","Requerimento de Registro de Licença","Requerimento de Licenciamento","41.390.917/0001-27","TUBARAO AREIAS - EIRELI","GOIANÉSIA - GO, JARAGUÁ - GO","AREIA","Construção civil","Sim"
"Gerência Regional / GO","860995/2023","Requerimento de Mudança de Regime para Licenciamento","Requerimento de Licenciamento","41.457.231/0001-06","JIREH MINERACAO E PESQUISA LTDA","GOIANÉSIA - GO","CALCÁRIO, CALCÁRIO, CALCÁRIO, CASCALHO, XISTO","Brita, Brita, Construção civil, Corretivo de solo, Revestimento","Sim"
"Gerência Regional / GO","861682/2021","Requerimento de Registro de Licença","Requerimento de Licenciamento","***.159.511-**","Orlando Batista dos Santos","OURO VERDE DE GOIÁS - GO","ARGILA","Construção civil","Sim"
"Gerência Regional / GO","860379/2021","Requerimento de Registro de Licença","Requerimento de Licenciamento","***.403.181-**","LEOMAR APARECIDO TELES","GAMELEIRA DE GOIÁS - GO","AREIA, ARGILA","Cerâmica vermelha, Construção civil","Sim"
"Gerência Regional / GO","860582/2022","Requerimento de Mudança de Regime para Licenciamento","Requerimento de Licenciamento","***.554.551-**","marcilon rodrigues de paula","CARMO DO RIO VERDE - GO, RIALMA - GO","AREIA","Construção civil","Sim"
"Gerência Regional / GO","860717/2026","Requerimento de Registro de Licença","Requerimento de Licenciamento","***.361.006-**","DANIEL DE PAIVA ABREU","NOVA ROMA - GO","CASCALHO","Construção civil","Sim"
"Gerência Regional / GO","860300/2022","Requerimento de Mudança de Regime para Licenciamento","Requerimento de Licenciamento","***.223.571-**","Walder Caixeta","SILVÂNIA - GO","AREIA, ARGILA","Cerâmica vermelha, Construção civil","Sim"
"Gerência Regional / GO","861121/2021","Requerimento de Registro de Licença","Requerimento de Licenciamento","***.495.671-**","SALIM BADAUY","ANICUNS - GO, MOSSÂMEDES - GO","AREIA, ARGILA","Cerâmica vermelha, Construção civil","Sim"
"Gerência Regional / GO","860551/2021","Requerimento de Registro de Licença","Requerimento de Licenciamento","***.453.988-**","FLAVIO JOSE DIAS DE OLIVEIRA","CALDAS NOVAS - GO","CASCALHO","Construção civil","Sim"
"Gerência Regional / GO","861003/2021","Requerimento de Registro de Licença","Requerimento de Licenciamento","***.936.181-**","Edevaldo Augusto da Silva","CAMPINORTE - GO","AREIA","Construção civil","Sim"
"Gerência Regional / GO","861187/2022","Requerimento de Registro de Licença","Requerimento de Licenciamento","12.638.365/0001-25","FLORA MUNDI LTDA","RIO VERDE - GO","CASCALHO","Construção civil","Sim"
"Gerência Regional / GO","861081/2024","Requerimento de Registro de Licença","Requerimento de Licenciamento","10.767.496/0001-87","CANAA EMPREENDIMENTOS EIRELI","CACHOEIRA DE GOIÁS - GO","AREIA","Construção civil","Sim"
"Gerência Regional / GO","860301/2022","Requerimento de Mudança de Regime para Licenciamento","Requerimento de Licenciamento","***.428.231-**","MOACIR ALMEIDA PASSOS","COLINAS DO SUL - GO","AREIA","Construção civil","Sim"
"Gerência Regional / GO","860632/2021","Requerimento de Registro de Licença","Requerimento de Licenciamento","***.917.831-**","ADALCINO NARCISO DA FONSECA","MAIRIPOTABA - GO","ARGILA","Cerâmica vermelha","Sim"
"Gerência Regional / GO","860589/2022","Requerimento de Registro de Licença","Requerimento de Licenciamento","***.167.861-**","JEFFERSON ROSA DE JESUS","MINEIROS - GO","AREIA, CASCALHO","Construção civil, Construção civil","Sim"
"Gerência Regional / GO","861733/2021","Requerimento de Registro de Licença","Requerimento de Licenciamento","***.351.401-**","ELIAS JORGE SAHIUM FILHO","BRAZABRANTES - GO","ARGILA","Cerâmica vermelha","Sim"
"Gerência Regional / GO","860822/2021","Requerimento de Registro de Licença","Requerimento de Licenciamento","39.380.996/0001-43","SILVA E OLIVEIRA - OLARIA CORAGEM LTDA","GOUVELÂNDIA - GO","ARGILA","Cerâmica vermelha","Sim"
"Gerência Regional / GO","861264/2021","Requerimento de Registro de Licença","Requerimento de Licenciamento","***.416.801-**","FERNANDO MENDES RIBEIRO","MAMBAÍ - GO","AREIA, CASCALHO","Construção civil, Construção civil","Sim"
"Gerência Regional / GO","861011/2025","Requerimento de Registro de Licença","Requerimento de Licenciamento","***.622.221-**","Carolina Makhoul Lopes","CUMARI - GO","ARGILA","Construção civil","Sim"
"Gerência Regional / GO","861218/2021","Requerimento de Registro de Licença","Requerimento de Licenciamento","***.822.001-**","ADIEL GUIMARAES FERREIRA SWTAIR FERNANDES","ÁGUAS LINDAS DE GOIÁS - GO","CASCALHO","Construção civil","Sim"
"Gerência Regional / GO","861007/2021","Requerimento de Registro de Licença","Requerimento de Licenciamento","***.899.301-**","LUIZ CARLOS CARDOSO","BRAZABRANTES - GO","ARGILA","Cerâmica vermelha","Sim"
"Gerência Regional / GO","861196/2022","Requerimento de Mudança de Regime para Licenciamento","Requerimento de Licenciamento","39.781.312/0001-15","RANDER ALVES DE SA","ITAPACI - GO, RUBIATABA - GO","AREIA","Construção civil","Sim"
"Gerência Regional / GO","861114/2021","Requerimento de Registro de Licença","Requerimento de Licenciamento","***.023.951-**","NICE DE DEUS TRINDADE","BRAZABRANTES - GO, INHUMAS - GO","ARGILA","Cerâmica vermelha","Sim"
"Gerência Regional / GO","861524/2021","Requerimento de Registro de Licença","Requerimento de Licenciamento","***.823.401-**","Eduardo Bernardes da Silva","CAMPESTRE DE GOIÁS - GO","ARGILA","Cerâmica vermelha","Sim"
"Gerência Regional / GO","860061/2022","Requerimento de Registro de Licença","Requerimento de Licenciamento","***.221.920-**","PAULO RICARDO VAN DER LAAN","PORANGATU - GO","GRANITO","Brita","Sim"
"Gerência Regional / GO","861543/2021","Requerimento de Registro de Licença","Requerimento de Licenciamento","***.449.171-**","LIDIANA PEREIRA BARROZO GUIMARAES","RIO VERDE - GO","CASCALHO","Construção civil","Sim"
"Gerência Regional / GO","861113/2021","Requerimento de Registro de Licença","Requerimento de Licenciamento","***.101.671-**","MARIA JOSE OLIVEIRA","GUARINOS - GO, PILAR DE GOIÁS - GO","AREIA","Construção civil","Sim"
"Gerência Regional / GO","860587/2023","Requerimento de Registro de Licença","Requerimento de Licenciamento","***.773.041-**","EMILIO CARVALHO GARCIA","JATAÍ - GO","CASCALHO","Construção civil","Sim"
"Gerência Regional / GO","861133/2021","Requerimento de Registro de Licença","Requerimento de Licenciamento","21.454.898/0001-48","CONSTRUTORA UNIAO NC LTDA","NOVA CRIXÁS - GO","CASCALHO","Construção civil","Sim"
"Gerência Regional / GO","860943/2023","Requerimento de Mudança de Regime para Licenciamento","Requerimento de Licenciamento","***.168.181-**","ANDRE BERNARDES ANTUNES GONCALVES","ARAGOIÂNIA - GO, HIDROLÂNDIA - GO","AREIA","Construção civil","Sim"
"Gerência Regional / GO","861215/2021","Requerimento de Registro de Licença","Requerimento de Licenciamento","11.338.974/0001-04","CERAMICA DIVINO PAI ETERNO LTDA","PETROLINA DE GOIÁS - GO","ARGILA","Cerâmica vermelha","Sim"
"Gerência Regional / GO","860875/2022","Requerimento de Registro de Licença","Requerimento de Licenciamento","***.677.601-**","GILMAR RODRIGUES DE SOUZA","CAMPO LIMPO DE GOIÁS - GO","ARGILA","Cerâmica vermelha","Sim"
"Gerência Regional / GO","861428/2021","Requerimento de Registro de Licença","Requerimento de Licenciamento","***.558.151-**","ELVIO LEANDRO","PETROLINA DE GOIÁS - GO","ARGILA","Cerâmica vermelha","Sim"
"Gerência Regional / GO","860705/2022","Requerimento de Mudança de Regime para Licenciamento","Requerimento de Licenciamento","***.720.871-**","Marcelo Rodrigues Mendonça","CATALÃO - GO","CASCALHO","Construção civil","Sim"
"Gerência Regional / GO","861480/2021","Requerimento de Registro de Licença","Requerimento de Licenciamento","***.776.311-**","DIEGO DA SILVA BORBA","NOVA AURORA - GO","CASCALHO","Construção civil","Sim"
"Gerência Regional / GO","860842/2025","Requerimento de Mudança de Regime para Licenciamento","Requerimento de Licenciamento","***.106.401-**","JOAO JOSE DOS SANTOS","SANCLERLÂNDIA - GO","AREIA","Construção civil","Sim"
"Gerência Regional / GO","860730/2025","Requerimento de Registro de Licença","Requerimento de Licenciamento","***.828.301-**","EVERALDO BARBOZA PEREIRA","CAÇU - GO","CASCALHO","Construção civil","Sim"
"Gerência Regional / GO","860809/2026","Requerimento de Registro de Licença","Requerimento de Licenciamento","***.151.348-**","JOSE DO NASCIMENTO","SILVÂNIA - GO","AREIA, ARGILA","Cerâmica vermelha, Construção civil","Sim"
"Gerência Regional / GO","860532/2025","Requerimento de Registro de Licença","Requerimento de Licenciamento","36.952.654/0001-62","HANNAH MATERIAIS PARA CONSTRUCAO LTDA","FAINA - GO","AREIA","Construção civil","Sim"
"Gerência Regional / GO","860693/2026","Requerimento de Mudança de Regime para Licenciamento","Requerimento de Licenciamento","43.029.605/0001-18","MF MINERACAO E TRANSPORTE LTDA","IPORÁ - GO","AREIA, CASCALHO","Construção civil, Industrial","Sim"
"Gerência Regional / GO","861514/2021","Requerimento de Registro de Licença","Requerimento de Licenciamento","***.424.651-**","ELY DE SIQUEIRA","ANÁPOLIS - GO","ARGILA","Construção civil","Sim"
"Gerência Regional / GO","861523/2021","Requerimento de Registro de Licença","Requerimento de Licenciamento","***.094.241-**","Euripedes dos santos Souza","GUAPÓ - GO","ARGILA","Cerâmica vermelha","Sim"
"Gerência Regional / GO","861525/2021","Requerimento de Registro de Licença","Requerimento de Licenciamento","***.588.611-**","RICARDO FRANCISCO MARIANO","CAMPESTRE DE GOIÁS - GO, GUAPÓ - GO","ARGILA","Cerâmica vermelha","Sim"
"Gerência Regional / GO","861531/2021","Requerimento de Registro de Licença","Requerimento de Licenciamento","***.449.671-**","Quitéria Francisca da silva","CAMPESTRE DE GOIÁS - GO","ARGILA","Cerâmica vermelha","Sim"
"Gerência Regional / GO","860945/2025","Requerimento de Registro de Licença","Requerimento de Licenciamento","***.368.111-**","FERNANDO JUNIOR FERREIRA CABRAL","JANDAIA - GO","AREIA","Construção civil","Sim"
"Gerência Regional / GO","860855/2022","Requerimento de Registro de Licença","Requerimento de Licenciamento","***.158.141-**","PAULO ANTONIO GOMES DO CARMO","JARAGUÁ - GO","AREIA, ARGILA","Cerâmica vermelha, Construção civil","Sim"
"Gerência Regional / GO","861785/2021","Requerimento de Registro de Licença","Requerimento de Licenciamento","***.405.571-**","hermes meireles","LUZIÂNIA - GO","CASCALHO","Construção civil","Sim"
"Gerência Regional / GO","861827/2021","Requerimento de Registro de Licença","Requerimento de Licenciamento","28.415.796/0001-62","VILMA MARIA VIEIRA DO PRADO SOUZA EIRELI","SÃO MIGUEL DO PASSA QUATRO - GO","ARGILA","Cerâmica vermelha","Sim"
"Gerência Regional / GO","861070/2024","Requerimento de Mudança de Regime para Licenciamento","Requerimento de Licenciamento","24.832.792/0001-29","WENNER GERALDO ALVARENGA","FORMOSA - GO","AREIA, CASCALHO","Construção civil, Construção civil","Sim"
"Gerência Regional / GO","861693/2021","Requerimento de Registro de Licença","Requerimento de Licenciamento","***.465.881-**","VINICIUS MAGALHAES BISPO","MINEIROS - GO","AREIA, CASCALHO","Construção civil, Construção civil","Sim"
"Gerência Regional / GO","861697/2021","Requerimento de Registro de Licença","Requerimento de Licenciamento","***.903.201-**","JOAQUIM LULA DA CRUZ","COCALZINHO DE GOIÁS - GO","CASCALHO","Construção civil","Sim"
"Gerência Regional / GO","860228/2022","Requerimento de Registro de Licença","Requerimento de Licenciamento","24.239.232/0001-65","CONSORCIO COMSA LOCTEC ENESCIL","SÃO MIGUEL DO ARAGUAIA - GO","AREIA, ARGILA","Construção civil, Construção civil","Sim"
"Gerência Regional / GO","860226/2022","Requerimento de Registro de Licença","Requerimento de Licenciamento","24.239.232/0001-65","CONSORCIO COMSA LOCTEC ENESCIL","SÃO MIGUEL DO ARAGUAIA - GO","AREIA, ARGILA","Construção civil, Construção civil","Sim"
"Gerência Regional / GO","861065/2024","Requerimento de Registro de Licença","Requerimento de Licenciamento","***.257.171-**","Demerval carvalho de freitas","SANTA RITA DO ARAGUAIA - GO","CASCALHO","Construção civil","Sim"
"Gerência Regional / GO","860559/2023","Requerimento de Mudança de Regime para Licenciamento","Requerimento de Licenciamento","***.865.865-**","KLEBER HENRIQUE ALVES OLIVEIRA","CAIAPÔNIA - GO, PALESTINA DE GOIÁS - GO","AREIA, CASCALHO, MINÉRIO DE OURO","Construção civil, Construção civil, Industrial","Sim"
"Gerência Regional / GO","860371/2024","Requerimento de Registro de Licença","Requerimento de Licenciamento","***.240.331-**","JOSE FRANCISCO F DE SENA","BONÓPOLIS - GO, MUNDO NOVO - GO","AREIA","Construção civil","Sim"
"Gerência Regional / GO","860256/2025","Requerimento de Mudança de Regime para Licenciamento","Requerimento de Licenciamento","***.213.101-**","ABRAO FERREIRA DE BRITO","ARAGARÇAS - GO, PONTAL DO ARAGUAIA - MT","AREIA, CASCALHO","Construção civil, Construção civil","Sim"
"Gerência Regional / GO","860411/2025","Requerimento de Mudança de Regime para Licenciamento","Requerimento de Licenciamento","48.590.572/0001-02","SUMATRA MINERALS LTDA","CRIXÁS - GO","AREIA, GRANITO","Brita, Construção civil","Sim"
"Gerência Regional / GO","860410/2025","Requerimento de Mudança de Regime para Licenciamento","Requerimento de Licenciamento","48.590.572/0001-02","SUMATRA MINERALS LTDA","CRIXÁS - GO","AREIA, GRANITO","Brita, Construção civil","Sim"
"Gerência Regional / GO","860380/2023","Requerimento de Registro de Licença","Requerimento de Licenciamento","***.234.226-**","Matheus Olicio Vargas","CUMARI - GO","ARGILA, ARGILA","Cerâmica vermelha, Construção civil","Sim"
"Gerência Regional / GO","860834/2026","Requerimento de Registro de Licença","Requerimento de Licenciamento","***.710.751-**","Ivonildo pinto de Faria","CORUMBÁ DE GOIÁS - GO","AREIA","Construção civil","Sim"
"Gerência Regional / GO","861253/2024","Requerimento de Mudança de Regime para Licenciamento","Requerimento de Licenciamento","47.784.308/0001-39","M & L EXTRACAO E COMERCIO DE METAIS PRECIOSOS E AREIAS LTDA","JARAGUÁ - GO","AREIA","Construção civil","Sim"
"Gerência Regional / GO","861515/2024","Requerimento de Registro de Licença","Requerimento de Licenciamento","***.338.378-**","MARCELO PEREIRA RIBEIRO","NOVA CRIXÁS - GO","CASCALHO","Construção civil","Sim"
"Gerência Regional / GO","860017/2022","Requerimento de Registro de Licença","Requerimento de Licenciamento","***.585.231-**","Antenor rosa Cardoso","PIRENÓPOLIS - GO, SÃO FRANCISCO DE GOIÁS - GO","AREIA","Construção civil","Sim"
"Gerência Regional / GO","861717/2021","Requerimento de Registro de Licença","Requerimento de Licenciamento","***.870.731-**","ORLEI LAGARES DA SILVA","SÃO MIGUEL DO ARAGUAIA - GO","AREIA","Construção civil","Sim"
"Gerência Regional / GO","860234/2023","Requerimento de Registro de Licença","Requerimento de Licenciamento","***.909.676-**","RONALDO LANNA SANTIAGO","IPAMERI - GO","CASCALHO","Construção civil","Sim"
"Gerência Regional / GO","860407/2022","Requerimento de Registro de Licença","Requerimento de Licenciamento","44.206.814/0001-52","PORTO DE AREIA MINEIROS LTDA","MINEIROS - GO","AREIA","Construção civil","Sim"
"Gerência Regional / GO","861794/2021","Requerimento de Registro de Licença","Requerimento de Licenciamento","***.111.091-**","MAURICIO PEREIRA","NOVA CRIXÁS - GO","CASCALHO","Construção civil","Sim"
"Gerência Regional / GO","860005/2022","Requerimento de Registro de Licença","Requerimento de Licenciamento","***.424.571-**","ETERNO INACIO DA SILVA","PIRES DO RIO - GO","AREIA","Construção civil","Sim"
"Gerência Regional / GO","860036/2022","Requerimento de Registro de Licença","Requerimento de Licenciamento","14.918.455/0001-03","ALIANCA NACIONAL PARTICIPACOES LTDA","TRINDADE - GO","CASCALHO","Construção civil","Sim"
"Gerência Regional / GO","860897/2024","Requerimento de Registro de Licença","Requerimento de Licenciamento","***.615.146-**","EMERSON LUIZ INACIO","IPAMERI - GO","CASCALHO","Construção civil","Sim"
"Gerência Regional / GO","861192/2022","Requerimento de Registro de Licença","Requerimento de Licenciamento","***.129.351-**","CLAUDIO CARVALHO MACHADO","PETROLINA DE GOIÁS - GO","ARGILA","Cerâmica vermelha","Sim"
"Gerência Regional / GO","860586/2022","Requerimento de Registro de Licença","Requerimento de Licenciamento","24.239.232/0001-65","CONSORCIO COMSA LOCTEC ENESCIL","SÃO MIGUEL DO ARAGUAIA - GO","AREIA, ARGILA","Cerâmica vermelha, Construção civil","Sim"
"Gerência Regional / GO","860211/2022","Requerimento de Registro de Licença","Requerimento de Licenciamento","***.193.601-**","Lucas Pessoa damasceno de Oliveira ","COCALZINHO DE GOIÁS - GO","CASCALHO","Construção civil","Sim"
"Gerência Regional / GO","860485/2022","Requerimento de Registro de Licença","Requerimento de Licenciamento","***.107.581-**","NILTON JOAQUIM DE OLIVEIRA","OURO VERDE DE GOIÁS - GO","ARGILA","Cerâmica vermelha","Sim"
"Gerência Regional / GO","860248/2022","Requerimento de Registro de Licença","Requerimento de Licenciamento","***.358.861-**","MARIA CANDIDA CAMARA SAMPAIO","CAMPESTRE DE GOIÁS - GO","ARGILA","Cerâmica vermelha","Sim"
"Gerência Regional / GO","861523/2024","Requerimento de Mudança de Regime para Licenciamento","Requerimento de Licenciamento","***.982.801-**","EXPEDITO DE FATIMA VIEIRA","SÃO MIGUEL DO PASSA QUATRO - GO, VIANÓPOLIS - GO","AREIA, ARGILA","Construção civil, Construção civil","Sim"
"Gerência Regional / GO","860542/2025","Requerimento de Mudança de Regime para Licenciamento","Requerimento de Licenciamento","***.502.911-**","LUIZ CARLOS RIBEIRO MESQUITA","PIRES DO RIO - GO, VIANÓPOLIS - GO","AREIA","Construção civil","Sim"
"Gerência Regional / GO","860359/2022","Requerimento de Registro de Licença","Requerimento de Licenciamento","***.823.380-**","MAURO AUGUSTO MARANGONI","MONTIVIDIU - GO","ARGILA","Cerâmica vermelha","Sim"
"Gerência Regional / GO","860835/2023","Requerimento de Mudança de Regime para Licenciamento","Requerimento de Licenciamento","32.714.483/0001-82","M.R. PEREIRA EIRELI","NAZÁRIO - GO, SANTA BÁRBARA DE GOIÁS - GO","ARGILA","Cerâmica vermelha","Sim"
"Gerência Regional / GO","860328/2022","Requerimento de Registro de Licença","Requerimento de Licenciamento","***.765.651-**","JOSE MACHADO DA SILVA","CAIAPÔNIA - GO","CASCALHO","Construção civil","Sim"
"Gerência Regional / GO","860448/2025","Requerimento de Registro de Licença","Requerimento de Licenciamento","45.851.392/0001-30","CENTRO OESTE LOCACAO DE MAQUINAS PESADAS E TERRAPLANAGEM LTDA","MOZARLÂNDIA - GO","CASCALHO","Construção civil","Sim"
"Gerência Regional / GO","860394/2022","Requerimento de Registro de Licença","Requerimento de Licenciamento","***.520.571-**","WILHAS CEZAR PIMENTA","DAMOLÂNDIA - GO","ARGILA","Cerâmica vermelha","Sim"
"Gerência Regional / GO","860080/2025","Requerimento de Registro de Licença","Requerimento de Licenciamento","***.103.828-**","FERNANDO SILVA NOGUEIRA","PIRACANJUBA - GO","CASCALHO","Construção civil","Sim"
"Gerência Regional / GO","860465/2022","Requerimento de Registro de Licença","Requerimento de Licenciamento","***.301.931-**","JORCEMIR ALVES DO NASCIMENTO","MINEIROS - GO","AREIA","Construção civil","Sim"
"Gerência Regional / GO","860546/2022","Requerimento de Mudança de Regime para Licenciamento","Requerimento de Licenciamento","***.946.991-**","LAZARA CANDIDA LEAO","CATALÃO - GO","CASCALHO","Construção civil","Sim"
"Gerência Regional / GO","860478/2025","Requerimento de Mudança de Regime para Licenciamento","Requerimento de Licenciamento","***.863.241-**","DULCE DO CARMO FERREIRA COLOMBO","ANÁPOLIS - GO","ARGILA","Cerâmica vermelha","Sim"
"Gerência Regional / GO","860543/2022","Requerimento de Registro de Licença","Requerimento de Licenciamento","***.506.991-**","JURAILDES CARDOSO DE OLIVEIRA","DIVINÓPOLIS DE GOIÁS - GO","CASCALHO","Construção civil","Sim"
"Gerência Regional / GO","860685/2022","Requerimento de Registro de Licença","Requerimento de Licenciamento","***.950.031-**","SAVIO ROBERTO DE RESENDE","PORTELÂNDIA - GO","CASCALHO","Construção civil","Sim"
"Gerência Regional / GO","861111/2023","Requerimento de Registro de Licença","Requerimento de Licenciamento","***.257.171-**","Demerval carvalho de freitas","SANTA RITA DO ARAGUAIA - GO","AREIA","Construção civil","Sim"
"Gerência Regional / GO","860660/2022","Requerimento de Registro de Licença","Requerimento de Licenciamento","***.929.541-**","ADAO JOSE DE MONTE","NOVA CRIXÁS - GO","CASCALHO","Construção civil","Sim"
"Gerência Regional / GO","860729/2022","Requerimento de Registro de Licença","Requerimento de Licenciamento","***.336.410-**","Eduardo Willy van Lieshout ","SILVÂNIA - GO","CASCALHO","Construção civil","Sim"
"Gerência Regional / GO","860713/2023","Requerimento de Mudança de Regime para Licenciamento","Requerimento de Licenciamento","***.865.865-**","KLEBER HENRIQUE ALVES OLIVEIRA","CAIAPÔNIA - GO, PALESTINA DE GOIÁS - GO","AREIA, CASCALHO","Construção civil, Construção civil","Sim"
"Gerência Regional / GO","860783/2023","Requerimento de Registro de Licença","Requerimento de Licenciamento","34.031.776/0001-90","VALE DO RIO VERDE COMERCIO DE MATERIAIS PARA CONSTRUCAO EIRELI","SERRANÓPOLIS - GO","AREIA, CASCALHO","Construção civil, Construção civil","Sim"
"Gerência Regional / GO","860839/2023","Requerimento de Mudança de Regime para Licenciamento","Requerimento de Licenciamento","47.845.330/0001-41","PEDREIRA GOIANESIA LTDA","GOIANÉSIA - GO","ARGILA, CASCALHO, GRANITO","Brita, Construção civil, Construção civil","Sim"
"Gerência Regional / GO","861164/2022","Requerimento de Registro de Licença","Requerimento de Licenciamento","***.170.371-**","ISMAEL BATISTA DE ALMEIDA","PONTALINA - GO","AREIA","Construção civil","Sim"
"Gerência Regional / GO","860601/2023","Requerimento de Registro de Licença","Requerimento de Licenciamento","***.745.291-**","Nitemar Jeronimo da silva","PIRACANJUBA - GO","AREIA, CASCALHO","Construção civil, Construção civil","Sim"
"Gerência Regional / GO","861217/2022","Requerimento de Registro de Licença","Requerimento de Licenciamento","48.311.177/0001-35","GILCARLOS PEREIRA DE SOUZA 01815013176","SANTA TEREZA DE GOIÁS - GO, TROMBAS - GO","AREIA, CASCALHO","Construção civil, Construção civil","Sim"
"Gerência Regional / GO","861231/2022","Requerimento de Registro de Licença","Requerimento de Licenciamento","***.010.401-**","LEONARDO MARTINELLI BEZERRIL","PETROLINA DE GOIÁS - GO","ARGILA","Cerâmica vermelha","Sim"
"Gerência Regional / GO","860372/2024","Requerimento de Registro de Licença","Requerimento de Licenciamento","***.240.331-**","JOSE FRANCISCO F DE SENA","BONÓPOLIS - GO, MUNDO NOVO - GO","AREIA","Construção civil","Sim"
"Gerência Regional / GO","860543/2025","Requerimento de Mudança de Regime para Licenciamento","Requerimento de Licenciamento","***.008.561-**","Alexandre Lobo Dantas","ARUANÃ - GO","AREIA, CASCALHO","Construção civil, Construção civil","Sim"
"Gerência Regional / GO","860809/2024","Requerimento de Mudança de Regime para Licenciamento","Requerimento de Licenciamento","42.936.012/0001-72","SINVAL DA COSTA VALE 65608380134","CARMO DO RIO VERDE - GO, CERES - GO, RIALMA - GO","AREIA","Construção civil","Sim"
"Gerência Regional / GO","860024/2023","Requerimento de Registro de Licença","Requerimento de Licenciamento","***.595.901-**","CESAR MARTINS FERRO","PARAÚNA - GO","CASCALHO","Construção civil","Sim"
"Gerência Regional / GO","861266/2022","Requerimento de Registro de Licença","Requerimento de Licenciamento","***.001.101-**","Rosália Meireles de Souza Rocha","OURO VERDE DE GOIÁS - GO","ARGILA","Construção civil","Sim"
"Gerência Regional / GO","861262/2022","Requerimento de Registro de Licença","Requerimento de Licenciamento","***.458.378-**","MILEIDE TEODORO NETO","CAMPESTRE DE GOIÁS - GO","ARGILA","Construção civil","Sim"
"Gerência Regional / GO","861083/2025","Requerimento de Registro de Licença","Requerimento de Licenciamento","45.258.395/0001-65","D. P. MARIANO LTDA","BRITÂNIA - GO","AREIA","Construção civil","Sim"
"Gerência Regional / GO","861003/2024","Requerimento de Mudança de Regime para Licenciamento","Requerimento de Licenciamento","***.511.601-**","Dorothy Teixeira Hannas","MOZARLÂNDIA - GO, NOVA CRIXÁS - GO","AREIA","Construção civil","Sim"
"Gerência Regional / GO","860058/2023","Requerimento de Registro de Licença","Requerimento de Licenciamento","***.579.341-**","NATAL RODRIGUES DE LIMA","CRISTALINA - GO","ARGILA","Cerâmica vermelha","Sim"
"Gerência Regional / GO","860392/2023","Requerimento de Registro de Licença","Requerimento de Licenciamento","***.862.091-**","ANTONIO ATAIDES FILHO","IPORÁ - GO","CASCALHO","Construção civil","Sim"
"Gerência Regional / GO","860132/2023","Requerimento de Registro de Licença","Requerimento de Licenciamento","***.722.601-**","FABIO JUNIOR LINS DEPOLLO FERREIRA","DAMIANÓPOLIS - GO","CASCALHO","Construção civil","Sim"
"Gerência Regional / GO","860208/2023","Requerimento de Registro de Licença","Requerimento de Licenciamento","***.497.531-**","Juliano Ferreira e Silva","BELA VISTA DE GOIÁS - GO","AREIA, CASCALHO","Construção civil, Construção civil","Sim"
"Gerência Regional / GO","860663/2023","Requerimento de Registro de Licença","Requerimento de Licenciamento","***.213.101-**","ABRAO FERREIRA DE BRITO","ARAGARÇAS - GO","AREIA, CASCALHO","Construção civil, Construção civil","Sim"
"Gerência Regional / GO","860007/2026","Requerimento de Registro de Licença","Requerimento de Licenciamento","***.382.871-**","ROSANE COSTA TURANO","SÃO MIGUEL DO ARAGUAIA - GO","CASCALHO","Construção civil","Sim"
"Gerência Regional / GO","860211/2023","Requerimento de Registro de Licença","Requerimento de Licenciamento","***.563.171-**","JOAO ANTONIO GONCALVES","LUZIÂNIA - GO","CASCALHO","Construção civil","Sim"
"Gerência Regional / GO","860244/2023","Requerimento de Registro de Licença","Requerimento de Licenciamento","***.967.489-**","MAURO BASOTTI","GUARANI DE GOIÁS - GO","AREIA","Construção civil","Sim"
"Gerência Regional / GO","860263/2023","Requerimento de Registro de Licença","Requerimento de Licenciamento","***.732.991-**","CLAUDIO ANTONIO DE OLIVEIRA","AVELINÓPOLIS - GO","CASCALHO","Construção civil","Sim"
"Gerência Regional / GO","860267/2023","Requerimento de Registro de Licença","Requerimento de Licenciamento","***.171.411-**","ZENEIDE CARRIJO RODRIGUES","PORTELÂNDIA - GO","CASCALHO","Construção civil","Sim"
"Gerência Regional / GO","860574/2025","Requerimento de Mudança de Regime para Licenciamento","Requerimento de Licenciamento","48.590.572/0001-02","SUMATRA MINERALS LTDA","CRIXÁS - GO","AREIA, GRANITO","Brita, Construção civil","Sim"
"Gerência Regional / GO","860519/2023","Requerimento de Registro de Licença","Requerimento de Licenciamento","***.234.226-**","Matheus Olicio Vargas","CUMARI - GO","ARGILA, ARGILA","Cerâmica vermelha, Construção civil","Sim"
"Gerência Regional / GO","860458/2023","Requerimento de Registro de Licença","Requerimento de Licenciamento","***.645.411-**","CARLOS EDUARDO MARQUES SANTOS","DIVINÓPOLIS DE GOIÁS - GO","AREIA, CASCALHO","Construção civil, Construção civil","Sim"
"Gerência Regional / GO","860835/2026","Requerimento de Registro de Licença","Requerimento de Licenciamento","***.710.751-**","Ivonildo pinto de Faria","CORUMBÁ DE GOIÁS - GO","AREIA","Construção civil","Sim"
"Gerência Regional / GO","860474/2023","Requerimento de Registro de Licença","Requerimento de Licenciamento","***.374.881-**","Tiago Gonçalves Araujo","LUZIÂNIA - GO","CASCALHO","Construção civil","Sim"
"Gerência Regional / GO","860506/2023","Requerimento de Registro de Licença","Requerimento de Licenciamento","***.832.971-**","Katiusce Cardoso de Oliveira","MAIRIPOTABA - GO","AREIA, CASCALHO","Construção civil, Construção civil","Sim"
"Gerência Regional / GO","860662/2023","Requerimento de Registro de Licença","Requerimento de Licenciamento","***.407.931-**","Leônidas Faria de Almeida","GOIÁS - GO","CASCALHO","Construção civil","Sim"
"Gerência Regional / GO","860509/2023","Requerimento de Registro de Licença","Requerimento de Licenciamento","***.882.129-**","DANIEL MESNEROVICZ","POSSE - GO","CASCALHO","Construção civil","Sim"
"Gerência Regional / GO","860459/2025","Requerimento de Mudança de Regime para Licenciamento","Requerimento de Licenciamento","***.092.871-**","RONAN DE SOUSA","VIANÓPOLIS - GO","AREIA, ARGILA","Construção civil, Industrial","Sim"
"Gerência Regional / GO","860111/2025","Requerimento de Mudança de Regime para Licenciamento","Requerimento de Licenciamento","42.318.594/0001-23","MINERACAO RIO BONITO LTDA","PIRENÓPOLIS - GO","AREIA","Construção civil","Sim"
"Gerência Regional / GO","860786/2023","Requerimento de Registro de Licença","Requerimento de Licenciamento","***.953.389-**","FRANCISCO FRANCIELDO SABINO MACHADO","RIO QUENTE - GO","AREIA","Construção civil","Sim"
"Gerência Regional / GO","860015/2026","Requerimento de Mudança de Regime para Licenciamento","Requerimento de Licenciamento","32.725.683/0001-30","SOUSA & FREITAS CONSTRUTORA - LTDA","ARAGARÇAS - GO","AREIA","Construção civil","Sim"
"Gerência Regional / GO","861053/2023","Requerimento de Cessão parcial","Requerimento de Licenciamento","***.329.201-**","DALILA KARLLA LIMA SILVA","GOIANÉSIA - GO, JARAGUÁ - GO","AREIA","Construção civil","Sim"
"Gerência Regional / GO","860308/2025","Requerimento de Mudança de Regime para Licenciamento","Requerimento de Licenciamento","***.029.821-**","BENEDITA ALVES APRIGIO DO PRADO","RIO VERDE - GO","CASCALHO","Construção civil","Sim"
"Gerência Regional / GO","860570/2026","Requerimento de Mudança de Regime para Licenciamento","Requerimento de Licenciamento","***.065.751-**","PEDRO DE PAULA FILHO","ABADIÂNIA - GO","AREIA, QUARTZITO","Construção civil, Revestimento","Sim"
"Gerência Regional / GO","860068/2024","Requerimento de Registro de Licença","Requerimento de Licenciamento","***.419.491-**","MAX PEREIRA BARBOSA","MORRINHOS - GO","CASCALHO","Construção civil","Sim"
"Gerência Regional / GO","860702/2023","Requerimento de Registro de Licença","Requerimento de Licenciamento","08.651.539/0001-12","MF PARTICIPACOES LTDA","PIRENÓPOLIS - GO, SÃO FRANCISCO DE GOIÁS - GO","AREIA","Construção civil","Sim"
"Gerência Regional / GO","860878/2023","Requerimento de Registro de Licença","Requerimento de Licenciamento","***.543.641-**","MARIA CLEUSA DA SILVA","ANÁPOLIS - GO","CASCALHO","Construção civil","Sim"
"Gerência Regional / GO","860267/2024","Requerimento de Registro de Licença","Requerimento de Licenciamento","***.941.061-**","Hugo Murilo Amaral","ABADIÂNIA - GO","ARENITO","Construção civil","Sim"
"Gerência Regional / GO","860942/2025","Requerimento de Registro de Licença","Requerimento de Licenciamento","***.957.335-**","FRANCISCO FREIRE DE SOUZA","GUARANI DE GOIÁS - GO","CASCALHO","Construção civil","Sim"
"Gerência Regional / GO","860790/2023","Requerimento de Registro de Licença","Requerimento de Licenciamento","***.767.841-**","LEVI ANDRADE DE LIMA","SANTA ISABEL - GO","ARGILA","Construção civil","Sim"
"Gerência Regional / GO","860830/2023","Requerimento de Mudança de Regime para Licenciamento","Requerimento de Licenciamento","38.947.429/0001-63","WESLLEY DA CUNHA PEREIRA DA COSTA 02600141170","NOVA IGUAÇU DE GOIÁS - GO","AREIA","Construção civil","Sim"
"Gerência Regional / GO","860833/2023","Requerimento de Registro de Licença","Requerimento de Licenciamento","***.850.201-**","DOMICIO SABINO RIBEIRO","CACHOEIRA DE GOIÁS - GO","AREIA","Construção civil","Sim"
"Gerência Regional / GO","860837/2023","Requerimento de Registro de Licença","Requerimento de Licenciamento","42.132.598/0001-12","D F ALMEIDA CASCALHO E SERVICOS LTDA","ALTO PARAÍSO DE GOIÁS - GO","CASCALHO","Construção civil","Sim"
"Gerência Regional / GO","860363/2024","Requerimento de Registro de Licença","Requerimento de Licenciamento","***.785.411-**","MILTRO JERONIMO DA SILVA","LUZIÂNIA - GO","CASCALHO","Construção civil","Sim"
"Gerência Regional / GO","860918/2023","Requerimento de Registro de Licença","Requerimento de Licenciamento","***.027.231-**","LUIZ ANTONIO GOMES","CORUMBÁ DE GOIÁS - GO","CASCALHO","Construção civil","Sim"
"Gerência Regional / GO","860935/2023","Requerimento de Registro de Licença","Requerimento de Licenciamento","49.400.245/0001-03","FLAMBOYANT COMERCIAL AGROPECUARIA LTDA","SÃO MIGUEL DO ARAGUAIA - GO","AREIA","Construção civil","Sim"
"Gerência Regional / GO","860886/2023","Requerimento de Registro de Licença","Requerimento de Licenciamento","***.254.561-**","SILMEI MOREIRA DA CUNHA","CAMPO LIMPO DE GOIÁS - GO","CASCALHO","Construção civil","Sim"
"Gerência Regional / GO","860904/2023","Requerimento de Registro de Licença","Requerimento de Licenciamento","***.145.121-**","ROGERIO DIVINO DOS SANTOS","CAMPO LIMPO DE GOIÁS - GO","ARGILA","Cerâmica vermelha","Sim"
"Gerência Regional / GO","860981/2023","Requerimento de Registro de Licença","Requerimento de Licenciamento","***.398.791-**","WAGNER SEBASTIAO FERNANDES","NOVA VENEZA - GO","ARGILA","Cerâmica vermelha","Sim"
"Gerência Regional / GO","861026/2023","Requerimento de Registro de Licença","Requerimento de Licenciamento","***.234.361-**","RAMOLIS DE JORDAO E SILVA","MINEIROS - GO","AREIA, CASCALHO","Construção civil, Construção civil","Sim"
"Gerência Regional / GO","861375/2024","Requerimento de Mudança de Regime para Licenciamento","Requerimento de Licenciamento","46.981.349/0001-52","AFX EMPREENDIMENTOS IMOBILIARIOS E LOCACOES DE EQUIPAMENTOS PESADOS SOCIEDADE UNIPESSOAL LIMITADA","NIQUELÂNDIA - GO","CALCÁRIO, CALCÁRIO, CALCÁRIO","Brita, Corretivo de solo, Revestimento","Sim"
"Gerência Regional / GO","860540/2024","Requerimento de Registro de Licença","Requerimento de Licenciamento","***.805.751-**","RONALDO SOUSA SILVA","GOIANÁPOLIS - GO","CASCALHO","Construção civil","Sim"
"Gerência Regional / GO","861112/2023","Requerimento de Registro de Licença","Requerimento de Licenciamento","***.070.011-**","PAULO HENRIQUE ALVES DE OLIVEIRA","MINEIROS - GO","AREIA, CASCALHO","Construção civil, Construção civil","Sim"
"Gerência Regional / GO","861157/2023","Requerimento de Registro de Licença","Requerimento de Licenciamento","***.214.551-**","EVALDO RODRIGUES CHAVEIRO","ABADIÂNIA - GO","AREIA","Construção civil","Sim"
"Gerência Regional / GO","860112/2024","Requerimento de Registro de Licença","Requerimento de Licenciamento","***.491.971-**","PAULO ANTONIO BATISTA FILHO","ARAGOIÂNIA - GO, HIDROLÂNDIA - GO","AREIA, CASCALHO","Construção civil, Construção civil","Sim"
"Gerência Regional / GO","861183/2023","Requerimento de Registro de Licença","Requerimento de Licenciamento","***.081.511-**","GRACIELLY FERREIRA SANTOS REIS","OURO VERDE DE GOIÁS - GO","ARGILA","Cerâmica vermelha","Sim"
"Gerência Regional / GO","861193/2023","Requerimento de Mudança de Regime para Licenciamento","Requerimento de Licenciamento","50.047.611/0001-63","CASCALHEIRA OURO BRANCO LTDA","GOIANÁPOLIS - GO, GOIÂNIA - GO","CASCALHO","Construção civil","Sim"
"Gerência Regional / GO","860016/2024","Requerimento de Registro de Licença","Requerimento de Licenciamento","***.511.391-**","WANDERLY DO CARMO SILVA","OURO VERDE DE GOIÁS - GO","CASCALHO","Construção civil","Sim"
"Gerência Regional / GO","860124/2024","Requerimento de Registro de Licença","Requerimento de Licenciamento","***.706.521-**","MARCIO PIRES DA SILVA","GAMELEIRA DE GOIÁS - GO","AREIA, ARGILA","Construção civil, Construção civil","Sim"
"Gerência Regional / GO","860084/2024","Requerimento de Registro de Licença","Requerimento de Licenciamento","***.456.921-**","FRANCISCO ANTONIO VIEIRA DA SILVA","SÃO MIGUEL DO ARAGUAIA - GO","AREIA","Construção civil","Sim"
"Gerência Regional / GO","860549/2024","Requerimento de Registro de Licença","Requerimento de Licenciamento","***.518.611-**","EDIR ELIAS DE SOUZA","NOVA VENEZA - GO","ARGILA","Cerâmica vermelha","Sim"
"Gerência Regional / GO","860014/2026","Requerimento de Mudança de Regime para Licenciamento","Requerimento de Licenciamento","53.608.348/0001-22","AREIAL JTC LTDA","JANDAIA - GO, PALMEIRAS DE GOIÁS - GO","AREIA","Construção civil","Sim"
"Gerência Regional / GO","860292/2024","Requerimento de Registro de Licença","Requerimento de Licenciamento","***.920.201-**","VILMAR SILVA BARROS","RIO VERDE - GO","AREIA","Construção civil","Sim"
"Gerência Regional / GO","860174/2024","Requerimento de Registro de Licença","Requerimento de Licenciamento","25.264.650/0001-75","EDUARDO JUNIOR DE SOUZA 97351199191","CROMÍNIA - GO","AREIA","Construção civil","Sim"
"Gerência Regional / GO","860186/2024","Requerimento de Registro de Licença","Requerimento de Licenciamento","***.598.011-**","MOHANA DIAS DAS NEVES PAGOTO","GUAPÓ - GO","AREIA, ARGILA","Cerâmica vermelha, Construção civil","Sim"
"Gerência Regional / GO","860340/2024","Requerimento de Registro de Licença","Requerimento de Licenciamento","***.939.171-**","EDISON SOARES DE CAMARGO","SÃO FRANCISCO DE GOIÁS - GO","ARGILA","Cerâmica vermelha","Sim"
"Gerência Regional / GO","860362/2024","Requerimento de Registro de Licença","Requerimento de Licenciamento","***.569.731-**","ROSILENE CORREIA LIMA","JARAGUÁ - GO","AREIA","Construção civil","Sim"
"Gerência Regional / GO","860373/2024","Requerimento de Registro de Licença","Requerimento de Licenciamento","***.290.211-**","ELDO DE ASSIS CARVALHO","APORÉ - GO","CASCALHO","Construção civil","Sim"
"Gerência Regional / GO","860463/2024","Requerimento de Registro de Licença","Requerimento de Licenciamento","***.806.321-**","JOAO ANTONIO PINTO DE MENDONCA","DAMOLÂNDIA - GO","ARGILA","Cerâmica vermelha","Sim"
"Gerência Regional / GO","860367/2024","Requerimento de Registro de Licença","Requerimento de Licenciamento","***.306.688-**","LUIZ CARLOS CREPALDI","SÃO MIGUEL DO ARAGUAIA - GO","AREIA","Construção civil","Sim"
"Gerência Regional / GO","861076/2024","Requerimento de Mudança de Regime para Licenciamento","Requerimento de Licenciamento","47.784.308/0001-39","M & L EXTRACAO E COMERCIO DE METAIS PRECIOSOS E AREIAS LTDA","JARAGUÁ - GO","AREIA","Construção civil","Sim"
"Gerência Regional / GO","860580/2024","Requerimento de Registro de Licença","Requerimento de Licenciamento","48.274.424/0001-70","LEMOS CASTRO AREIA E CASCALHO LTDA","VIANÓPOLIS - GO","CASCALHO","Construção civil","Sim"
"Gerência Regional / GO","861110/2024","Requerimento de Registro de Licença","Requerimento de Licenciamento","***.073.206-**","EVERSON LUIS GRABOSKI","MAMBAÍ - GO","CASCALHO","Construção civil","Sim"
"Gerência Regional / GO","860597/2024","Requerimento de Registro de Licença","Requerimento de Licenciamento","***.862.651-**","PEDRO HENRIQUE FERRO","NOVA CRIXÁS - GO","AREIA","Construção civil","Sim"
"Gerência Regional / GO","861516/2024","Requerimento de Registro de Licença","Requerimento de Licenciamento","***.338.378-**","MARCELO PEREIRA RIBEIRO","NOVA CRIXÁS - GO","CASCALHO","Construção civil","Sim"
"Gerência Regional / GO","860824/2024","Requerimento de Registro de Licença","Requerimento de Licenciamento","***.147.511-**","ANTONIO CUNHA DE LIMA","PETROLINA DE GOIÁS - GO","ARGILA","Cerâmica vermelha","Sim"
"Gerência Regional / GO","860893/2024","Requerimento de Registro de Licença","Requerimento de Licenciamento","***.110.341-**","PAULO KOMPIER","APORÉ - GO","CASCALHO, CASCALHO","Brita, Construção civil","Sim"
"Gerência Regional / GO","860868/2024","Requerimento de Registro de Licença","Requerimento de Licenciamento","53.802.728/0001-01","JHS - AGROPECUARIA E SERVICOS LTDA","ARAÇU - GO","AREIA, ARGILA","Cerâmica vermelha, Construção civil","Sim"
"Gerência Regional / GO","860836/2024","Requerimento de Registro de Licença","Requerimento de Licenciamento","***.029.241-**","CARLOS ROBERTO DA MAIA","ALEXÂNIA - GO","ARGILA","Construção civil","Sim"
"Gerência Regional / GO","860881/2024","Requerimento de Registro de Licença","Requerimento de Licenciamento","***.985.461-**","RIBAMAR SOUSA SOARES JUNIOR","ARAÇU - GO","ARGILA","Cerâmica vermelha","Sim"
"Gerência Regional / GO","860902/2024","Requerimento de Registro de Licença","Requerimento de Licenciamento","***.332.751-**","MARCIANO DE SOUZA FRANCA","OURO VERDE DE GOIÁS - GO","ARGILA","Cerâmica vermelha","Sim"
"Gerência Regional / GO","860555/2026","Requerimento de Registro de Licença","Requerimento de Licenciamento","52.098.278/0001-47","AREIAL BACURI LTDA","JANDAIA - GO","AREIA","Construção civil","Sim"
"Gerência Regional / GO","860909/2024","Requerimento de Registro de Licença","Requerimento de Licenciamento","***.450.301-**","ODILEY ALVES DE ALMEIDA","BELA VISTA DE GOIÁS - GO","AREIA","Construção civil","Sim"
"Gerência Regional / GO","860739/2026","Requerimento de Mudança de Regime para Licenciamento","Requerimento de Licenciamento","29.844.240/0001-54","VEM QUE TEM AREAL LTDA","PARAÚNA - GO","AREIA","Construção civil","Sim"
"Gerência Regional / GO","861030/2024","Requerimento de Registro de Licença","Requerimento de Licenciamento","***.698.511-**","IONE LEITE DE BESSA AMORIM","JESÚPOLIS - GO","ARGILA","Cerâmica vermelha","Sim"
"Gerência Regional / GO","861013/2024","Requerimento de Registro de Licença","Requerimento de Licenciamento","***.513.981-**","JOAB ALDAIDES EVANGELISTA DA SILVA","FORMOSO - GO, SANTA TEREZA DE GOIÁS - GO","AREIA, CASCALHO, SAIBRO","Construção civil, Construção civil, Construção civil","Sim"
"Gerência Regional / GO","861097/2024","Requerimento de Registro de Licença","Requerimento de Licenciamento","53.029.256/0001-98","FALEIRO CASCALHOS E SERVICOS- LTDA","SENADOR CANEDO - GO","CASCALHO","Construção civil","Sim"
"Gerência Regional / GO","861247/2024","Requerimento de Registro de Licença","Requerimento de Licenciamento","***.148.901-**","ELDENARIO NAZARENO PIRES","SILVÂNIA - GO","CASCALHO","Construção civil","Sim"
"Gerência Regional / GO","861193/2024","Requerimento de Registro de Licença","Requerimento de Licenciamento","***.766.301-**","SEBASTIAO HELENO FERNANDES FILHO","SÃO FRANCISCO DE GOIÁS - GO","AREIA, CASCALHO","Construção civil, Construção civil","Sim"
"Gerência Regional / GO","860857/2025","Requerimento de Registro de Licença","Requerimento de Licenciamento","***.870.331-**","EDMILSON ROSA DA SILVA","MORRINHOS - GO","AREIA","Construção civil","Sim"
"Gerência Regional / GO","861818/2024","Requerimento de Registro de Licença","Requerimento de Licenciamento","***.272.549-**","WALTER SCHLATTER","MINEIROS - GO","CASCALHO","Construção civil","Sim"
"Gerência Regional / GO","861401/2024","Requerimento de Registro de Licença","Requerimento de Licenciamento","32.636.745/0001-38","CRISMAM PARTICIPACAO E ADMINISTRACAO LTDA","RIO VERDE - GO","AREIA, ARGILA, CASCALHO","Cerâmica vermelha, Construção civil, Construção civil","Sim"
"Gerência Regional / GO","861400/2024","Requerimento de Registro de Licença","Requerimento de Licenciamento","32.636.745/0001-38","CRISMAM PARTICIPACAO E ADMINISTRACAO LTDA","RIO VERDE - GO","AREIA, ARGILA, CASCALHO","Cerâmica vermelha, Construção civil, Construção civil","Sim"
"Gerência Regional / GO","860363/2026","Requerimento de Registro de Licença","Requerimento de Licenciamento","***.796.321-**","JOSUE FERREIRA DOS SANTOS","GUARANI DE GOIÁS - GO","AREIA","Construção civil","Sim"
"Gerência Regional / GO","861098/2025","Requerimento de Registro de Licença","Requerimento de Licenciamento","06.150.363/0001-90","LBM BRASIL COMERCIO E MINERACAO LTDA","ACREÚNA - GO","CASCALHO","Construção civil","Sim"
"Gerência Regional / GO","860071/2026","Requerimento de Registro de Licença","Requerimento de Licenciamento","06.150.363/0001-90","LBM BRASIL COMERCIO E MINERACAO LTDA","ACREÚNA - GO","CASCALHO","Construção civil","Sim"
"Gerência Regional / GO","860727/2026","Requerimento de Registro de Licença","Requerimento de Licenciamento","03.937.452/0001-92","CRV INDUSTRIAL LTDA","URUANA - GO","CASCALHO","Construção civil","Sim"
"Gerência Regional / GO","860604/2026","Requerimento de Registro de Licença","Requerimento de Licenciamento","03.937.452/0001-92","CRV INDUSTRIAL LTDA","CARMO DO RIO VERDE - GO","CASCALHO","Construção civil","Sim"
"Gerência Regional / GO","860635/2026","Requerimento de Mudança de Regime para Licenciamento","Requerimento de Licenciamento","64.862.414/0001-02","MINERADORA PARAISO LTDA","ARAGUAPAZ - GO, FAINA - GO","AREIA, MINÉRIO DE OURO","Construção civil, Industrial","Sim"
"Gerência Regional / GO","860705/2026","Requerimento de Registro de Licença","Requerimento de Licenciamento","19.956.816/0001-11","RANCHARIA MINERACAO LTDA","SÃO JOÃO D'ALIANÇA - GO","AREIA, CASCALHO","Construção civil, Construção civil","Sim"
"Gerência Regional / GO","860704/2026","Requerimento de Registro de Licença","Requerimento de Licenciamento","19.956.816/0001-11","RANCHARIA MINERACAO LTDA","SÃO JOÃO D'ALIANÇA - GO","AREIA, CASCALHO","Construção civil, Construção civil","Sim"
"Gerência Regional / GO","860793/2026","Requerimento de Registro de Licença","Requerimento de Licenciamento","***.586.821-**","JOAO PAULO LOPES BATISTA","ORIZONA - GO","AREIA","Construção civil","Sim"
"Gerência Regional / GO","861105/2024","Requerimento de Registro de Licença","Requerimento de Licenciamento","***.338.791-**","DASAYHEW CRISPIM SANTOS","INDIARA - GO","AREIA, CASCALHO","Construção civil, Construção civil","Sim"
"Gerência Regional / GO","861547/2024","Requerimento de Registro de Licença","Requerimento de Licenciamento","28.135.391/0001-70","FAZENDAS DA AGUIA AGROPECUARIA LTDA","JATAÍ - GO","CASCALHO","Construção civil","Sim"
"Gerência Regional / GO","861099/2024","Requerimento de Registro de Licença","Requerimento de Licenciamento","***.672.731-**","ELENILDA NELIA GONCALVES RIBEIRO","SANTA CRUZ DE GOIÁS - GO","AREIA","Construção civil","Sim"
"Gerência Regional / GO","861147/2024","Requerimento de Registro de Licença","Requerimento de Licenciamento","***.117.751-**","HELIO GONCALVES PINHEIRO","NAZÁRIO - GO","CASCALHO","Construção civil","Sim"
"Gerência Regional / GO","860553/2025","Requerimento de Mudança de Regime para Licenciamento","Requerimento de Licenciamento","***.522.641-**","JOAQUIM AFONSO DA SILVA","SÃO MIGUEL DO PASSA QUATRO - GO, VIANÓPOLIS - GO","AREIA","Construção civil","Sim"
"Gerência Regional / GO","860741/2025","Requerimento de Mudança de Regime para Licenciamento","Requerimento de Licenciamento","56.707.588/0001-72","MINERADORA SOBRAL LTDA","FAINA - GO","AREIA","Construção civil","Sim"
"Gerência Regional / GO","860278/2025","Requerimento de Registro de Licença","Requerimento de Licenciamento","***.089.981-**","LUCAS BARBOSA NETO","GOIATUBA - GO","BASALTO","Pedra de talhe","Sim"
"Gerência Regional / GO","860702/2025","Requerimento de Mudança de Regime para Licenciamento","Requerimento de Licenciamento","11.955.814/0001-04","FERNANDO BORGES CASTRO & CIA LTDA","ITARUMÃ - GO","ARGILA","Cerâmica vermelha","Sim"
"Gerência Regional / GO","861819/2024","Requerimento de Registro de Licença","Requerimento de Licenciamento","***.272.549-**","WALTER SCHLATTER","MINEIROS - GO","CASCALHO","Construção civil","Sim"
"Gerência Regional / GO","861551/2024","Requerimento de Registro de Licença","Requerimento de Licenciamento","***.363.431-**","UILHAS GOMES DE OLIVEIRA","DOVERLÂNDIA - GO","AREIA","Construção civil","Sim"
"Gerência Regional / GO","861402/2024","Requerimento de Registro de Licença","Requerimento de Licenciamento","32.636.745/0001-38","CRISMAM PARTICIPACAO E ADMINISTRACAO LTDA","RIO VERDE - GO","AREIA, ARGILA, CASCALHO","Cerâmica vermelha, Construção civil, Construção civil","Sim"
"Gerência Regional / GO","860430/2026","Requerimento de Registro de Licença","Requerimento de Licenciamento","***.443.791-**","JOSE ORLANDO DA SILVA NETO","PORANGATU - GO","AREIA","Construção civil","Sim"
"Gerência Regional / GO","860724/2025","Requerimento de Mudança de Regime para Licenciamento","Requerimento de Licenciamento","58.312.677/0001-45","BRITAMISE MINERACAO SA","VICENTINÓPOLIS - GO","CASCALHO","Construção civil","Sim"
"Gerência Regional / GO","861971/2024","Requerimento de Registro de Licença","Requerimento de Licenciamento","47.589.854/0001-19","MSSD INVESTIMENTOS E PARTICIPACOES LTDA","ABADIÂNIA - GO","CASCALHO","Construção civil","Sim"
"Gerência Regional / GO","860550/2025","Requerimento de Cessão parcial","Requerimento de Licenciamento","***.515.341-**","LUCIANO GODOY FREITAS","CALDAS NOVAS - GO, MORRINHOS - GO","AREIA","Construção civil","Sim"
"Gerência Regional / GO","860088/2025","Requerimento de Registro de Licença","Requerimento de Licenciamento","57.505.888/0001-31","RB MINERACAO GO LTDA","SIMOLÂNDIA - GO","BASALTO","Brita","Sim"
"Gerência Regional / GO","860083/2025","Requerimento de Registro de Licença","Requerimento de Licenciamento","***.129.281-**","RINALDO ANTONIO MARCAL","ORIZONA - GO","CASCALHO","Construção civil","Sim"
"Gerência Regional / GO","860113/2025","Requerimento de Registro de Licença","Requerimento de Licenciamento","***.847.091-**","HONEID FERREIRA RAMOS","PALMEIRAS DE GOIÁS - GO","AREIA","Construção civil","Sim"
"Gerência Regional / GO","860157/2025","Requerimento de Registro de Licença","Requerimento de Licenciamento","***.909.801-**","VERA LUCIA DE OLIVEIRA","URUANA - GO","AREIA","Construção civil","Sim"
"Gerência Regional / GO","860103/2026","Requerimento de Registro de Licença","Requerimento de Licenciamento","***.566.131-**","ROBERTO FERRAZ DA MAIA","ITAPURANGA - GO","CASCALHO","Construção civil","Sim"
"Gerência Regional / GO","860210/2025","Requerimento de Registro de Licença","Requerimento de Licenciamento","***.348.701-**","PERICLES GONCALVES TEIXEIRA","DAMIANÓPOLIS - GO","CASCALHO","Construção civil","Sim"
"Gerência Regional / GO","860333/2025","Requerimento de Registro de Licença","Requerimento de Licenciamento","***.673.301-**","CARLOS ROBERTO MENDES DE OLIVEIRA","ITAPURANGA - GO","CASCALHO","Construção civil","Sim"
"Gerência Regional / GO","860252/2025","Requerimento de Registro de Licença","Requerimento de Licenciamento","***.922.451-**","GILBERTO ANTONIO DE MORAES","PIRANHAS - GO","CASCALHO","Construção civil","Sim"
"Gerência Regional / GO","860270/2025","Requerimento de Registro de Licença","Requerimento de Licenciamento","45.031.462/0001-04","TIHAGO GONZAGA DE SOUZA  LTDA","NOVA ROMA - GO","AREIA","Construção civil","Sim"
"Gerência Regional / GO","860277/2025","Requerimento de Registro de Licença","Requerimento de Licenciamento","***.160.991-**","EDSON NUNES VIEIRA","ORIZONA - GO","AREIA, CASCALHO","Construção civil, Construção civil","Sim"
"Gerência Regional / GO","860279/2025","Requerimento de Registro de Licença","Requerimento de Licenciamento","17.556.199/0001-31","TRATTO URBANISMO E PARTICIPACOES LTDA","LUZIÂNIA - GO","CASCALHO","Construção civil","Sim"
"Gerência Regional / GO","860461/2025","Requerimento de Registro de Licença","Requerimento de Licenciamento","47.742.372/0001-57","SPE LOTEAMENTO RESIDENCIAL CARLOS DE FREITAS LTDA","SENADOR CANEDO - GO","CASCALHO","Construção civil","Sim"
"Gerência Regional / GO","860460/2025","Requerimento de Registro de Licença","Requerimento de Licenciamento","60.229.295/0001-02","VICENTINI E CIA LTDA","SÃO MIGUEL DO ARAGUAIA - GO","AREIA","Construção civil","Sim"
"Gerência Regional / GO","860292/2025","Requerimento de Registro de Licença","Requerimento de Licenciamento","41.496.154/0001-01","PAULINO J DO NASCIMENTO DE LIMA","BARRO ALTO - GO","AREIA","Construção civil","Sim"
"Gerência Regional / GO","860739/2025","Requerimento de Mudança de Regime para Licenciamento","Requerimento de Licenciamento","59.105.472/0001-51","RADIAL MINERAIS LTDA","GOIATUBA - GO","AREIA, CASCALHO","Construção civil, Construção civil","Sim"
"Gerência Regional / GO","860673/2025","Requerimento de Mudança de Regime para Licenciamento","Requerimento de Licenciamento","***.228.751-**","AILTON SEVERINO DE AGUIAR JUNIOR","ISRAELÂNDIA - GO","AREIA","Construção civil","Sim"
"Gerência Regional / GO","860575/2025","Requerimento de Registro de Licença","Requerimento de Licenciamento","***.003.301-**","GERSON CARDOSO","SÃO MIGUEL DO ARAGUAIA - GO","AREIA, CASCALHO","Construção civil, Construção civil","Sim"
"Gerência Regional / GO","861124/2025","Requerimento de Registro de Licença","Requerimento de Licenciamento","04.402.563/0001-67","CNB CONSTRUTORA LTDA","CAMPO ALEGRE DE GOIÁS - GO","CASCALHO","Construção civil","Sim"
"Gerência Regional / GO","860442/2025","Requerimento de Registro de Licença","Requerimento de Licenciamento","***.022.021-**","TIAGO CADORE","APORÉ - GO","CASCALHO","Construção civil","Sim"
"Gerência Regional / GO","860489/2025","Requerimento de Registro de Licença","Requerimento de Licenciamento","***.925.051-**","JOYCE STEFANY BATISTA VILHALBA","MAMBAÍ - GO","CASCALHO","Construção civil","Sim"
"Gerência Regional / GO","860610/2025","Requerimento de Registro de Licença","Requerimento de Licenciamento","58.368.434/0001-29","IRAMAR JOSE DA FONSECA  LTDA","CACHOEIRA DE GOIÁS - GO","AREIA","Construção civil","Sim"
"Gerência Regional / GO","860540/2025","Requerimento de Registro de Licença","Requerimento de Licenciamento","***.998.801-**","DENIVALDO DE OLIVEIRA QUEIROZ","QUIRINÓPOLIS - GO","CASCALHO","Construção civil","Sim"
"Gerência Regional / GO","861050/2025","Requerimento de Mudança de Regime para Licenciamento","Requerimento de Licenciamento","54.823.283/0001-09","LS2 MINERADORA LTDA","ABADIÂNIA - GO, GAMELEIRA DE GOIÁS - GO","AREIA, CASCALHO","Construção civil, Construção civil","Sim"
"Gerência Regional / GO","860568/2025","Requerimento de Registro de Licença","Requerimento de Licenciamento","50.710.734/0001-32","COQUEIRO AGROPECUARIA LTDA","RIO VERDE - GO","CASCALHO","Construção civil","Sim"
"Gerência Regional / GO","860632/2025","Requerimento de Cessão parcial","Requerimento de Licenciamento","61.198.936/0001-63","COMERCIAL E MINERACAO ESPERANCA LTDA","SILVÂNIA - GO","AREIA","Construção civil","Sim"
"Gerência Regional / GO","860660/2025","Requerimento de Registro de Licença","Requerimento de Licenciamento","***.754.121-**","NADIA RODRIGUES ARAUJO","RIO VERDE - GO","CASCALHO","Construção civil","Sim"
"Gerência Regional / GO","860847/2025","Requerimento de Mudança de Regime para Licenciamento","Requerimento de Licenciamento","***.975.211-**","SOLANGE MENELIK PIRES","MINAÇU - GO","AREIA","Construção civil","Sim"
"Gerência Regional / GO","860695/2025","Requerimento de Registro de Licença","Requerimento de Licenciamento","11.640.882/0001-76","KING GRASS AGRICOLA LTDA","TRINDADE - GO","ARGILA","Cerâmica vermelha","Sim"
"Gerência Regional / GO","860674/2025","Requerimento de Registro de Licença","Requerimento de Licenciamento","***.441.040-**","JAIR D AGUSTIN","RIO VERDE - GO","CASCALHO","Construção civil","Sim"
"Gerência Regional / GO","860180/2026","Requerimento de Registro de Licença","Requerimento de Licenciamento","***.586.041-**","ALYRIO CABRAL VIEIRA JUNIOR","RIO VERDE - GO","CASCALHO","Construção civil","Sim"
"Gerência Regional / GO","860138/2026","Requerimento de Mudança de Regime para Licenciamento","Requerimento de Licenciamento","61.756.522/0001-02","CAL COMERCIO E MINERACAO LTDA","MIMOSO DE GOIÁS - GO","CALCÁRIO, CALCÁRIO","Brita, Corretivo de solo","Sim"
"Gerência Regional / GO","860734/2025","Requerimento de Registro de Licença","Requerimento de Licenciamento","***.757.591-**","JUVENAL MARCOS TEIXEIRA","TRINDADE - GO","ARGILA","Cerâmica vermelha","Sim"
"Gerência Regional / GO","860715/2025","Requerimento de Registro de Licença","Requerimento de Licenciamento","***.374.471-**","DIVINO PROENCE DA COSTA LIMA","MUNDO NOVO - GO","AREIA","Construção civil","Sim"
"Gerência Regional / GO","860721/2025","Requerimento de Registro de Licença","Requerimento de Licenciamento","***.498.071-**","SUELI DE CARVALHO TINOCO","JARAGUÁ - GO","CASCALHO","Construção civil","Sim"
"Gerência Regional / GO","860607/2026","Requerimento de Mudança de Regime para Licenciamento","Requerimento de Licenciamento","***.544.171-**","ENOQUE FERREIRA PEREIRA","RIALMA - GO","CASCALHO","Construção civil","Sim"
"Gerência Regional / GO","860742/2025","Requerimento de Registro de Licença","Requerimento de Licenciamento","***.070.901-**","DENISE SOARES LUIZ CUNHA","PALMEIRAS DE GOIÁS - GO","ARGILA","Cerâmica vermelha","Sim"
"Gerência Regional / GO","860050/2026","Requerimento de Registro de Licença","Requerimento de Licenciamento","***.140.151-**","VALDOIR CORCINO DOS SANTOS","PARAÚNA - GO","CASCALHO","Construção civil","Sim"
"Gerência Regional / GO","860860/2025","Requerimento de Registro de Licença","Requerimento de Licenciamento","***.106.231-**","SIMONE GOMES GUIMARAES","BELA VISTA DE GOIÁS - GO","CASCALHO","Construção civil","Sim"
"Gerência Regional / GO","860875/2025","Requerimento de Registro de Licença","Requerimento de Licenciamento","05.643.160/0001-72","ENERGETICA SERRANOPOLIS LTDA","SERRANÓPOLIS - GO","AREIA, CASCALHO","Construção civil, Construção civil","Sim"
"Gerência Regional / GO","860894/2025","Requerimento de Registro de Licença","Requerimento de Licenciamento","11.442.006/0001-35","M.M. ENGENHARIA E SOLUCOES AMBIENTAIS LTDA","CACHOEIRA DE GOIÁS - GO","AREIA","Construção civil","Sim"
"Gerência Regional / GO","860939/2025","Requerimento de Registro de Licença","Requerimento de Licenciamento","***.490.461-**","REZENDE FERREIRA DA SILVA","ARAGOIÂNIA - GO, GUAPÓ - GO","CASCALHO","Construção civil","Sim"
"Gerência Regional / GO","860309/2026","Requerimento de Mudança de Regime para Licenciamento","Requerimento de Licenciamento","60.362.335/0001-81","ALVES MOREIRA LTDA","CAMPINAÇU - GO, CAMPINORTE - GO","AREIA","Construção civil","Sim"
"Gerência Regional / GO","860896/2025","Requerimento de Registro de Licença","Requerimento de Licenciamento","***.043.191-**","JOSE RODRIGUES NETO","URUANA - GO","ARGILA","Cerâmica vermelha","Sim"
"Gerência Regional / GO","860937/2025","Requerimento de Registro de Licença","Requerimento de Licenciamento","***.256.891-**","AYRES VARANDA JUNIOR","SÃO MIGUEL DO PASSA QUATRO - GO","AREIA","Construção civil","Sim"
"Gerência Regional / GO","860905/2025","Requerimento de Registro de Licença","Requerimento de Licenciamento","***.080.211-**","KELEN DE MELO NOGUEIRA","MAMBAÍ - GO","CASCALHO","Construção civil","Sim"
"Gerência Regional / GO","860946/2025","Requerimento de Registro de Licença","Requerimento de Licenciamento","***.698.571-**","JOSE TIAGO ESTEVAN DE ALMEIDA","MARZAGÃO - GO","CASCALHO","Construção civil","Sim"
"Gerência Regional / GO","860935/2025","Requerimento de Registro de Licença","Requerimento de Licenciamento","***.774.071-**","JAR LIANDRO DE MOURA","ARAGARÇAS - GO","AREIA, CASCALHO","Construção civil, Construção civil","Sim"
"Gerência Regional / GO","861013/2025","Requerimento de Registro de Licença","Requerimento de Licenciamento","***.137.281-**","ALESSANDRA MARIA E SILVA","CORUMBAÍBA - GO","CASCALHO","Construção civil","Sim"
"Gerência Regional / GO","861025/2025","Requerimento de Registro de Licença","Requerimento de Licenciamento","***.171.331-**","LAISE LEITE RAMOS","CAMPO LIMPO DE GOIÁS - GO","ARGILA","Cerâmica vermelha","Sim"
"Gerência Regional / GO","861048/2025","Requerimento de Registro de Licença","Requerimento de Licenciamento","***.796.321-**","JOSUE FERREIRA DOS SANTOS","GUARANI DE GOIÁS - GO","AREIA","Construção civil","Sim"
"Gerência Regional / GO","861118/2025","Requerimento de Registro de Licença","Requerimento de Licenciamento","***.691.801-**","SEVERIANO JOSE DE OLIVEIRA FILHO","CRIXÁS - GO, SANTA TEREZINHA DE GOIÁS - GO","AREIA","Construção civil","Sim"
"Gerência Regional / GO","861100/2025","Requerimento de Registro de Licença","Requerimento de Licenciamento","06.150.363/0001-90","LBM BRASIL COMERCIO E MINERACAO LTDA","ACREÚNA - GO","CASCALHO","Construção civil","Sim"
"Gerência Regional / GO","861138/2025","Requerimento de Registro de Licença","Requerimento de Licenciamento","***.391.741-**","SIDNEI JOSE DA SILVA","SILVÂNIA - GO","AREIA, ARGILA","Construção civil, Construção civil","Sim"
"Gerência Regional / GO","861129/2025","Requerimento de Registro de Licença","Requerimento de Licenciamento","***.758.301-**","JOCELINO FRANCISCO PIRES","CAMPO LIMPO DE GOIÁS - GO","ARGILA","Cerâmica vermelha","Sim"
"Gerência Regional / GO","860013/2026","Requerimento de Registro de Licença","Requerimento de Licenciamento","***.409.331-**","IVAIR ONOFRE RESENDE","CALDAS NOVAS - GO","CASCALHO","Construção civil","Sim"
"Gerência Regional / GO","860075/2026","Requerimento de Registro de Licença","Requerimento de Licenciamento","***.429.891-**","RICARDO DUARTE PRADO","JATAÍ - GO","CASCALHO","Construção civil","Sim"
"Gerência Regional / GO","860295/2026","Requerimento de Registro de Licença","Requerimento de Licenciamento","***.019.791-**","LUIZ CARLOS RODRIGUES DE LIMA","DAMOLÂNDIA - GO","ARGILA","Construção civil","Sim"
"Gerência Regional / GO","860068/2026","Requerimento de Registro de Licença","Requerimento de Licenciamento","55.947.836/0001-90","MARQUES DE SOUSA E SILVA LTDA","MINEIROS - GO, SANTA RITA DO ARAGUAIA - GO","AREIA, AREIA","Construção civil, Industrial","Sim"
"Gerência Regional / GO","860081/2026","Requerimento de Registro de Licença","Requerimento de Licenciamento","03.937.452/0001-92","CRV INDUSTRIAL LTDA","RUBIATABA - GO","CASCALHO","Construção civil","Sim"
"Gerência Regional / GO","860636/2026","Requerimento de Mudança de Regime para Licenciamento","Requerimento de Licenciamento","64.862.414/0001-02","MINERADORA PARAISO LTDA","ARAGUAPAZ - GO, FAINA - GO","AREIA, MINÉRIO DE OURO","Construção civil, Industrial","Sim"
"Gerência Regional / GO","860121/2026","Requerimento de Registro de Licença","Requerimento de Licenciamento","***.241.751-**","ALCENIR LEONEL DE SOUZA","MINEIROS - GO","CASCALHO","Construção civil","Sim"
"Gerência Regional / GO","860285/2026","Requerimento de Registro de Licença","Requerimento de Licenciamento","***.444.131-**","WANDERLEY VIEIRA DA SILVA","INHUMAS - GO","ARGILA","Construção civil","Sim"
"Gerência Regional / GO","860137/2026","Requerimento de Cessão parcial","Requerimento de Licenciamento","***.674.781-**","EMILIA RIBEIRO GODOY DE ANDRADE","JARAGUÁ - GO","ARGILA","Cerâmica vermelha","Sim"
"Gerência Regional / GO","860179/2026","Requerimento de Registro de Licença","Requerimento de Licenciamento","***.833.931-**","MARIA DOS REIS DA SILVA","IPIRANGA DE GOIÁS - GO","CASCALHO","Construção civil","Sim"
"Gerência Regional / GO","860177/2026","Requerimento de Registro de Licença","Requerimento de Licenciamento","62.330.826/0001-76","MINERACAO DE AREIA SAO TOMAZ LTDA","RIO VERDE - GO","AREIA","Construção civil","Sim"
"Gerência Regional / GO","860240/2026","Requerimento de Registro de Licença","Requerimento de Licenciamento","***.625.451-**","ANTONIO DE SOUSA RIBEIRO NETO","NOVA CRIXÁS - GO","CASCALHO","Construção civil","Sim"
"Gerência Regional / GO","860302/2026","Requerimento de Registro de Licença","Requerimento de Licenciamento","33.977.609/0001-74","AREIA BRACO FORTE LTDA","CATALÃO - GO, GOIANDIRA - GO","AREIA","Construção civil","Sim"
"Gerência Regional / GO","860703/2026","Requerimento de Registro de Licença","Requerimento de Licenciamento","19.956.816/0001-11","RANCHARIA MINERACAO LTDA","SÃO JOÃO D'ALIANÇA - GO","AREIA, CASCALHO","Construção civil, Construção civil","Sim"
"Gerência Regional / GO","860429/2026","Requerimento de Registro de Licença","Requerimento de Licenciamento","59.715.021/0001-36","CERAMICA ADELANDIA LTDA","ADELÂNDIA - GO","ARGILA","Cerâmica vermelha","Sim"
"Gerência Regional / GO","860569/2026","Requerimento de Registro de Licença","Requerimento de Licenciamento","***.463.098-**","VALMIR HERALDO GIANOTTI","SÃO MIGUEL DO ARAGUAIA - GO","CASCALHO","Construção civil","Sim"
"Gerência Regional / GO","860453/2026","Requerimento de Registro de Licença","Requerimento de Licenciamento","35.057.607/0001-92","SANTA BARBARA AGRO AGRONEGOCIOS LTDA","ÁGUA FRIA DE GOIÁS - GO","CASCALHO","Construção civil","Sim"
"Gerência Regional / GO","860642/2026","Requerimento de Registro de Licença","Requerimento de Licenciamento","41.486.261/0001-40","CERAMICA REIS LTDA","SÃO MIGUEL DO ARAGUAIA - GO","ARGILA","Cerâmica vermelha","Sim"
"Gerência Regional / GO","860451/2026","Requerimento de Registro de Licença","Requerimento de Licenciamento","50.032.862/0010-65","S EPP AGRICOLA LTDA","ALTO PARAÍSO DE GOIÁS - GO","CASCALHO","Construção civil","Sim"
"Gerência Regional / GO","860421/2026","Requerimento de Registro de Licença","Requerimento de Licenciamento","***.868.941-**","ROBSON ALVES TEODORO","SANCLERLÂNDIA - GO","AREIA","Construção civil","Sim"
"Gerência Regional / GO","860833/2026","Requerimento de Registro de Licença","Requerimento de Licenciamento","***.876.181-**","VONDER FREITAS MAIA","ALEXÂNIA - GO","CASCALHO","Construção civil","Sim"
"Gerência Regional / GO","860723/2026","Requerimento de Registro de Licença","Requerimento de Licenciamento","***.128.001-**","WALDIR FERREIRA DE LIMA","RUBIATABA - GO","CASCALHO","Construção civil","Sim"
"Gerência Regional / GO","860616/2026","Requerimento de Registro de Licença","Requerimento de Licenciamento","17.285.295/0001-92","LIS EMPREENDIMENTOS E PARTICIPACOES LTDA.","NOVA CRIXÁS - GO","CASCALHO","Construção civil","Sim"
"Gerência Regional / GO","860470/2026","Requerimento de Registro de Licença","Requerimento de Licenciamento","07.153.202/0001-12","CERAMICA SAO MIGUEL DO PASSA QUATRO LTDA","SÃO MIGUEL DO PASSA QUATRO - GO","ARGILA","Cerâmica vermelha","Sim"
"Gerência Regional / GO","860505/2026","Requerimento de Registro de Licença","Requerimento de Licenciamento","***.998.521-**","JOSE COSME DE FREITAS","OURO VERDE DE GOIÁS - GO","ARGILA","Cerâmica vermelha","Sim"
"Gerência Regional / GO","860578/2026","Requerimento de Registro de Licença","Requerimento de Licenciamento","66.683.184/0001-40","CASCALHEIRA LAJEADO 777 LTDA","JATAÍ - GO","CASCALHO","Construção civil","Sim"
"Gerência Regional / GO","860469/2026","Requerimento de Registro de Licença","Requerimento de Licenciamento","***.247.790-**","JUARES SONEGO","CHAPADÃO DO CÉU - GO","CASCALHO","Construção civil","Sim"
"Gerência Regional / GO","860659/2026","Requerimento de Registro de Licença","Requerimento de Licenciamento","***.738.841-**","VIRGINIA ROBERTO ROCHA","NOVA GLÓRIA - GO","AREIA","Construção civil","Sim"
"Gerência Regional / GO","860508/2026","Requerimento de Registro de Licença","Requerimento de Licenciamento","19.478.912/0001-00","GODOI EMPREENDIMENTOS LTDA","CAMPESTRE DE GOIÁS - GO","AREIA","Construção civil","Sim"
"Gerência Regional / GO","860774/2026","Requerimento de Registro de Licença","Requerimento de Licenciamento","63.032.292/0001-64","PIRES MINERACAO LTDA","SILVÂNIA - GO","AREIA, ARGILA","Cerâmica vermelha, Construção civil","Sim"
"Gerência Regional / GO","860637/2026","Requerimento de Registro de Licença","Requerimento de Licenciamento","55.176.042/0001-70","INDUSTRIA CERAMICA VVS LTDA","ARAÇU - GO","ARGILA","Construção civil","Sim"
"Gerência Regional / GO","860737/2026","Requerimento de Registro de Licença","Requerimento de Licenciamento","64.357.565/0001-03","FAZENDA PRIMOR LTDA.","SÃO MIGUEL DO ARAGUAIA - GO","CASCALHO","Construção civil","Sim"
"Gerência Regional / GO","860746/2026","Requerimento de Registro de Licença","Requerimento de Licenciamento","67.096.807/0001-40","C&L EXTRACAO LTDA","NOVA AURORA - GO","AREIA","Construção civil","Sim"
"Gerência Regional / GO","860777/2026","Requerimento de Registro de Licença","Requerimento de Licenciamento","23.017.795/0001-46","CERAMICA LOURENCO LTDA","JARAGUÁ - GO","ARGILA","Cerâmica vermelha","Sim"
"Gerência Regional / GO","860783/2026","Requerimento de Registro de Licença","Requerimento de Licenciamento","29.088.538/0001-81","MNM ENGENHARIA E CONSTRUTORA LTDA","RIO VERDE - GO","CASCALHO","Construção civil","Sim"
"Gerência Regional / GO","860789/2026","Requerimento de Registro de Licença","Requerimento de Licenciamento","63.926.948/0001-92","CERAMICA EDEIA LTDA","EDEALINA - GO","ARGILA","Cerâmica vermelha","Sim"
"Gerência Regional / GO","860791/2026","Requerimento de Registro de Licença","Requerimento de Licenciamento","61.911.524/0001-29","61.911.524 ANGELICA PARREIRA PEIXOTO","CRIXÁS - GO","AREIA","Construção civil","Sim"
"Gerência Regional / GO","860794/2026","Requerimento de Registro de Licença","Requerimento de Licenciamento","***.586.821-**","JOAO PAULO LOPES BATISTA","ORIZONA - GO","AREIA","Construção civil","Sim"
"Gerência Regional / GO","860844/2026","Requerimento de Registro de Licença","Requerimento de Licenciamento","***.469.171-**","DORACI BENTO DOS SANTOS","CAMPO LIMPO DE GOIÁS - GO","ARGILA","Cerâmica vermelha","Sim"
"Gerência Regional / GO","860847/2026","Requerimento de Registro de Licença","Requerimento de Licenciamento","***.694.881-**","ANTONIO JOSE DOS SANTOS","SÃO MIGUEL DO ARAGUAIA - GO","ARGILA, CASCALHO","Construção civil, Construção civil","Sim"
