"Superintendência","Processo","Tipo de requerimento","Fase Atual","CPF/CNPJ do titular","Titular","Municipio(s)","Substância(s)","Tipo(s) de Uso","Situação"
"Gerência Regional / GO","861381/1992","Requerimento de Lavra Garimpeira","Requerimento de Lavra Garimpeira","***.752.171-**","GERALDO LUIZ DO AMARAL                                                          ","CAMPOS VERDES - GO","ESMERALDA","Demais substâncias","Sim"
"Gerência Regional / GO","860802/1991","Requerimento de Lavra Garimpeira","Requerimento de Lavra Garimpeira","***.843.171-**","DARCI PEREIRA PINTO                                                             ","CAMPOS VERDES - GO","ESMERALDA","Demais substâncias","Sim"
"Gerência Regional / GO","860852/1991","Requerimento de Lavra Garimpeira","Requerimento de Lavra Garimpeira","***.648.678-**","SERGIO SUEO KANEGAE                                                             ","CAMPOS VERDES - GO","ESMERALDA","Demais substâncias","Sim"
"Gerência Regional / GO","861247/1992","Requerimento de Lavra Garimpeira","Requerimento de Lavra Garimpeira","***.504.495-**","JOSÉ GOMES DA SILVA                                                             ","CAMPOS VERDES - GO","ESMERALDA","Demais substâncias","Sim"
"Gerência Regional / GO","861246/1992","Requerimento de Lavra Garimpeira","Requerimento de Lavra Garimpeira","***.504.495-**","JOSÉ GOMES DA SILVA                                                             ","CAMPOS VERDES - GO","ESMERALDA","Demais substâncias","Sim"
"Gerência Regional / GO","860838/1991","Requerimento de Lavra Garimpeira","Requerimento de Lavra Garimpeira","***.974.791-**","Dimas Martins da Costa","CAMPOS VERDES - GO","ESMERALDA","Demais substâncias","Sim"
"Gerência Regional / GO","860837/1991","Requerimento de Lavra Garimpeira","Requerimento de Lavra Garimpeira","***.974.791-**","Dimas Martins da Costa","CAMPOS VERDES - GO","ESMERALDA","Demais substâncias","Sim"
"Gerência Regional / GO","860848/1991","Requerimento de Lavra Garimpeira","Requerimento de Lavra Garimpeira","***.974.791-**","Dimas Martins da Costa","CAMPOS VERDES - GO","ESMERALDA","Demais substâncias","Sim"
"Gerência Regional / GO","860847/1991","Requerimento de Lavra Garimpeira","Requerimento de Lavra Garimpeira","***.974.791-**","Dimas Martins da Costa","CAMPOS VERDES - GO","ESMERALDA","Demais substâncias","Sim"
"Gerência Regional / GO","860846/1991","Requerimento de Lavra Garimpeira","Requerimento de Lavra Garimpeira","***.974.791-**","Dimas Martins da Costa","CAMPOS VERDES - GO","ESMERALDA","Demais substâncias","Sim"
"Gerência Regional / GO","860844/1991","Requerimento de Lavra Garimpeira","Requerimento de Lavra Garimpeira","***.974.791-**","Dimas Martins da Costa","CAMPOS VERDES - GO","ESMERALDA","Demais substâncias","Sim"
"Gerência Regional / GO","860843/1991","Requerimento de Lavra Garimpeira","Requerimento de Lavra Garimpeira","***.974.791-**","Dimas Martins da Costa","CAMPOS VERDES - GO","ESMERALDA","Demais substâncias","Sim"
"Gerência Regional / GO","860841/1991","Requerimento de Lavra Garimpeira","Requerimento de Lavra Garimpeira","***.974.791-**","Dimas Martins da Costa","CAMPOS VERDES - GO","ESMERALDA","Demais substâncias","Sim"
"Gerência Regional / GO","860581/1991","Requerimento de Lavra Garimpeira","Requerimento de Lavra Garimpeira","***.974.511-**","JOSÉ FRANCISCO XAVIER                                                           ","CAMPOS VERDES - GO","ESMERALDA","Demais substâncias","Sim"
"Gerência Regional / GO","860877/1991","Requerimento de Lavra Garimpeira","Requerimento de Lavra Garimpeira","***.166.768-**","PAULO CARDOSO FERREIRA DA SILVA                                                 ","CAMPOS VERDES - GO","ESMERALDA","Demais substâncias","Sim"
"Gerência Regional / GO","861085/1991","Requerimento de Lavra Garimpeira","Requerimento de Lavra Garimpeira","***.479.751-**","SALVIO DE MELO PEDROSO                                                          ","CAMPOS VERDES - GO","ESMERALDA","Demais substâncias","Sim"
"Gerência Regional / GO","861084/1991","Requerimento de Lavra Garimpeira","Requerimento de Lavra Garimpeira","***.479.751-**","SALVIO DE MELO PEDROSO                                                          ","CAMPOS VERDES - GO","ESMERALDA","Demais substâncias","Sim"
"Gerência Regional / GO","860704/1991","Requerimento de Lavra Garimpeira","Requerimento de Lavra Garimpeira","***.136.001-**","FRANCISCO PAULO XIMENDES                                                        ","CAMPOS VERDES - GO","ESMERALDA","Demais substâncias","Sim"
"Gerência Regional / GO","860332/1994","Requerimento de Lavra Garimpeira","Requerimento de Lavra Garimpeira","***.031.871-**","DIMAS ALVES MACHADO                                                             ","CAMPOS VERDES - GO","ESMERALDA","Demais substâncias","Sim"
"Gerência Regional / GO","860178/1994","Requerimento de Lavra Garimpeira","Requerimento de Lavra Garimpeira","***.031.871-**","DIMAS ALVES MACHADO                                                             ","CAMPOS VERDES - GO","ESMERALDA","Demais substâncias","Sim"
"Gerência Regional / GO","861570/1993","Requerimento de Lavra Garimpeira","Requerimento de Lavra Garimpeira","***.031.871-**","DIMAS ALVES MACHADO                                                             ","CAMPOS VERDES - GO","ESMERALDA","Industrial","Sim"
"Gerência Regional / GO","861628/1995","Requerimento de Lavra Garimpeira","Requerimento de Lavra Garimpeira","***.653.281-**","Sebastião Rosa de Oliveira","CAMPOS VERDES - GO","ESMERALDA","Demais substâncias","Sim"
"Gerência Regional / GO","860171/1999","Requerimento de Lavra Garimpeira","Requerimento de Lavra Garimpeira","***.653.281-**","Sebastião Rosa de Oliveira","CAMPOS VERDES - GO","ESMERALDA","Industrial","Sim"
"Gerência Regional / GO","862178/1995","Requerimento de Lavra Garimpeira","Requerimento de Lavra Garimpeira","***.653.281-**","Sebastião Rosa de Oliveira","CAMPOS VERDES - GO","ESMERALDA","Demais substâncias","Sim"
"Gerência Regional / GO","861117/1991","Requerimento de Lavra Garimpeira","Requerimento de Lavra Garimpeira","***.604.761-**","Ademir Martins Costa","CAMPOS VERDES - GO","ESMERALDA","Demais substâncias","Sim"
"Gerência Regional / GO","861087/1991","Requerimento de Lavra Garimpeira","Requerimento de Lavra Garimpeira","***.604.761-**","Ademir Martins Costa","CAMPOS VERDES - GO","ESMERALDA","Demais substâncias","Sim"
"Gerência Regional / GO","861510/1995","Requerimento de Lavra Garimpeira","Requerimento de Lavra Garimpeira","***.604.761-**","Ademir Martins Costa","CAMPOS VERDES - GO","ESMERALDA","Demais substâncias","Sim"
"Gerência Regional / GO","861420/2016","Requerimento de Lavra Garimpeira","Requerimento de Lavra Garimpeira","***.604.761-**","Ademir Martins Costa","CAMPOS VERDES - GO","ESMERALDA","Gema","Sim"
"Gerência Regional / GO","861188/1991","Requerimento de Lavra Garimpeira","Requerimento de Lavra Garimpeira","***.604.761-**","Ademir Martins Costa","CAMPOS VERDES - GO","ESMERALDA","Demais substâncias","Sim"
"Gerência Regional / GO","861179/1991","Requerimento de Lavra Garimpeira","Requerimento de Lavra Garimpeira","***.604.761-**","Ademir Martins Costa","CAMPOS VERDES - GO","ESMERALDA","Demais substâncias","Sim"
"Gerência Regional / GO","861120/1991","Requerimento de Lavra Garimpeira","Requerimento de Lavra Garimpeira","***.604.761-**","Ademir Martins Costa","CAMPOS VERDES - GO","ESMERALDA","Demais substâncias","Sim"
"Gerência Regional / GO","861119/1991","Requerimento de Lavra Garimpeira","Requerimento de Lavra Garimpeira","***.604.761-**","Ademir Martins Costa","CAMPOS VERDES - GO","ESMERALDA","Demais substâncias","Sim"
"Gerência Regional / GO","860890/1991","Requerimento de Lavra Garimpeira","Requerimento de Lavra Garimpeira","***.922.978-**","ANTONIO ROQUE CHAVES                                                            ","CAMPOS VERDES - GO","ESMERALDA","Demais substâncias","Sim"
"Gerência Regional / GO","860888/1991","Requerimento de Lavra Garimpeira","Requerimento de Lavra Garimpeira","***.922.978-**","ANTONIO ROQUE CHAVES                                                            ","CAMPOS VERDES - GO","ESMERALDA","Demais substâncias","Sim"
"Gerência Regional / GO","860856/1991","Requerimento de Lavra Garimpeira","Requerimento de Lavra Garimpeira","***.922.978-**","ANTONIO ROQUE CHAVES                                                            ","CAMPOS VERDES - GO","ESMERALDA","Demais substâncias","Sim"
"Gerência Regional / GO","860855/1991","Requerimento de Lavra Garimpeira","Requerimento de Lavra Garimpeira","***.922.978-**","ANTONIO ROQUE CHAVES                                                            ","CAMPOS VERDES - GO","ESMERALDA","Demais substâncias","Sim"
"Gerência Regional / GO","860796/1991","Requerimento de Lavra Garimpeira","Requerimento de Lavra Garimpeira","***.922.978-**","ANTONIO ROQUE CHAVES                                                            ","CAMPOS VERDES - GO","ESMERALDA","Demais substâncias","Sim"
"Gerência Regional / GO","860795/1991","Requerimento de Lavra Garimpeira","Requerimento de Lavra Garimpeira","***.922.978-**","ANTONIO ROQUE CHAVES                                                            ","CAMPOS VERDES - GO","ESMERALDA","Demais substâncias","Sim"
"Gerência Regional / GO","860707/1991","Requerimento de Lavra Garimpeira","Requerimento de Lavra Garimpeira","***.922.978-**","ANTONIO ROQUE CHAVES                                                            ","CAMPOS VERDES - GO","ESMERALDA","Demais substâncias","Sim"
"Gerência Regional / GO","861083/1991","Requerimento de Lavra Garimpeira","Requerimento de Lavra Garimpeira","***.922.978-**","ANTONIO ROQUE CHAVES                                                            ","CAMPOS VERDES - GO","ESMERALDA","Demais substâncias","Sim"
"Gerência Regional / GO","861500/1995","Requerimento de Lavra Garimpeira","Requerimento de Lavra Garimpeira","***.620.411-**","JOAQUIM MANOEL DA SILVA                                                         ","CAMPOS VERDES - GO","ESMERALDA","Demais substâncias","Sim"
"Gerência Regional / GO","861493/1995","Requerimento de Lavra Garimpeira","Requerimento de Lavra Garimpeira","***.620.411-**","JOAQUIM MANOEL DA SILVA                                                         ","CAMPOS VERDES - GO","ESMERALDA","Demais substâncias","Sim"
"Gerência Regional / GO","861506/1995","Requerimento de Lavra Garimpeira","Requerimento de Lavra Garimpeira","***.216.981-**","JOSÉ CARLOS EVANGELISTA                                                         ","CAMPOS VERDES - GO","ESMERALDA","Demais substâncias","Sim"
"Gerência Regional / GO","860657/1991","Requerimento de Lavra Garimpeira","Requerimento de Lavra Garimpeira","***.327.451-**","JOSÉ GONÇALVES PEREIRA","CAMPOS VERDES - GO","ESMERALDA","Demais substâncias","Sim"
"Gerência Regional / GO","860566/1992","Requerimento de Lavra Garimpeira","Requerimento de Lavra Garimpeira","***.903.061-**","Reginaldo Martins Costa","CAMPOS VERDES - GO","ESMERALDA","Demais substâncias","Sim"
"Gerência Regional / GO","860814/1991","Requerimento de Lavra Garimpeira","Requerimento de Lavra Garimpeira","***.293.871-**","DANIEL OMAR DE SOUZA                                                            ","CAMPOS VERDES - GO","ESMERALDA","Demais substâncias","Sim"
"Gerência Regional / GO","860497/1992","Requerimento de Lavra Garimpeira","Requerimento de Lavra Garimpeira","***.049.151-**","OZIEL PEREIRA LIMA                                                              ","CAMPOS VERDES - GO","ESMERALDA","Demais substâncias","Sim"
"Gerência Regional / GO","860495/1992","Requerimento de Lavra Garimpeira","Requerimento de Lavra Garimpeira","***.049.151-**","OZIEL PEREIRA LIMA                                                              ","CAMPOS VERDES - GO","ESMERALDA","Demais substâncias","Sim"
"Gerência Regional / GO","860501/1992","Requerimento de Lavra Garimpeira","Requerimento de Lavra Garimpeira","***.049.151-**","OZIEL PEREIRA LIMA                                                              ","CAMPOS VERDES - GO","ESMERALDA","Demais substâncias","Sim"
"Gerência Regional / GO","860500/1992","Requerimento de Lavra Garimpeira","Requerimento de Lavra Garimpeira","***.049.151-**","OZIEL PEREIRA LIMA                                                              ","CAMPOS VERDES - GO","ESMERALDA","Demais substâncias","Sim"
"Gerência Regional / GO","860499/1992","Requerimento de Lavra Garimpeira","Requerimento de Lavra Garimpeira","***.049.151-**","OZIEL PEREIRA LIMA                                                              ","CAMPOS VERDES - GO","ESMERALDA","Demais substâncias","Sim"
"Gerência Regional / GO","861497/1995","Requerimento de Lavra Garimpeira","Requerimento de Lavra Garimpeira","***.269.451-**","GILMAR JOSÉ PESSOA                                                              ","CAMPOS VERDES - GO","ESMERALDA","Demais substâncias","Sim"
"Gerência Regional / GO","860024/2018","Requerimento de Lavra Garimpeira","Requerimento de Lavra Garimpeira","***.131.601-**","RUBENS MARTINS MOURAO","CAMPOS VERDES - GO","ESMERALDA","Gema","Sim"
"Gerência Regional / GO","861627/2013","Requerimento de Lavra Garimpeira","Requerimento de Lavra Garimpeira","***.131.601-**","RUBENS MARTINS MOURAO","NOVA GLÓRIA - GO","QUARTZO","Artesanato  mineral","Sim"
"Gerência Regional / GO","861479/2013","Requerimento de Lavra Garimpeira","Requerimento de Lavra Garimpeira","***.131.601-**","RUBENS MARTINS MOURAO","NIQUELÂNDIA - GO","QUARTZO","Pedra de coleção","Sim"
"Gerência Regional / GO","860733/1991","Requerimento de Lavra Garimpeira","Requerimento de Lavra Garimpeira","***.131.601-**","RUBENS MARTINS MOURAO","CAMPOS VERDES - GO","ESMERALDA","Demais substâncias","Sim"
"Gerência Regional / GO","860731/1991","Requerimento de Lavra Garimpeira","Requerimento de Lavra Garimpeira","***.131.601-**","RUBENS MARTINS MOURAO","CAMPOS VERDES - GO","ESMERALDA","Demais substâncias","Sim"
"Gerência Regional / GO","860726/1991","Requerimento de Lavra Garimpeira","Requerimento de Lavra Garimpeira","***.131.601-**","RUBENS MARTINS MOURAO","CAMPOS VERDES - GO","ESMERALDA","Demais substâncias","Sim"
"Gerência Regional / GO","860344/2019","Requerimento de Lavra Garimpeira","Requerimento de Lavra Garimpeira","***.131.601-**","RUBENS MARTINS MOURAO","HIDROLINA - GO, SÃO LUIZ DO NORTE - GO","MINÉRIO DE OURO","Industrial","Sim"
"Gerência Regional / GO","860078/2014","Requerimento de Lavra Garimpeira","Requerimento de Lavra Garimpeira","***.131.601-**","RUBENS MARTINS MOURAO","NIQUELÂNDIA - GO","QUARTZO, QUARTZO","Artesanato  mineral, Pedra de coleção","Sim"
"Gerência Regional / GO","860951/1991","Requerimento de Lavra Garimpeira","Requerimento de Lavra Garimpeira","***.688.451-**","Ronaldo Martins da Costa","CAMPOS VERDES - GO","ESMERALDA","Demais substâncias","Sim"
"Gerência Regional / GO","860728/1992","Requerimento de Lavra Garimpeira","Requerimento de Lavra Garimpeira","***.688.451-**","Ronaldo Martins da Costa","CAMPOS VERDES - GO","ESMERALDA","Demais substâncias","Sim"
"Gerência Regional / GO","860702/1991","Requerimento de Lavra Garimpeira","Requerimento de Lavra Garimpeira","***.555.521-**","VALDECI BORGES VIEIRA                                                           ","CAMPOS VERDES - GO","ESMERALDA","Demais substâncias","Sim"
"Gerência Regional / GO","860004/1995","Requerimento de Lavra Garimpeira","Requerimento de Lavra Garimpeira","***.532.801-**","LEONDAS DOS SANTOS                                                              ","CAMPOS VERDES - GO","ESMERALDA","Demais substâncias","Sim"
"Gerência Regional / GO","860870/1991","Requerimento de Lavra Garimpeira","Requerimento de Lavra Garimpeira","***.939.686-**","MARIA DE FATIMA SOUZA                                                           ","CAMPOS VERDES - GO","ESMERALDA","Demais substâncias","Sim"
"Gerência Regional / GO","860180/1999","Requerimento de Lavra Garimpeira","Requerimento de Lavra Garimpeira","***.939.686-**","MARIA DE FATIMA SOUZA                                                           ","CAMPOS VERDES - GO","ESMERALDA","Demais substâncias","Sim"
"Gerência Regional / GO","861509/1995","Requerimento de Lavra Garimpeira","Requerimento de Lavra Garimpeira","***.522.951-**","ADELSO FERREIRA PONTE                                                           ","CAMPOS VERDES - GO","ESMERALDA","Demais substâncias","Sim"
"Gerência Regional / GO","861492/1995","Requerimento de Lavra Garimpeira","Requerimento de Lavra Garimpeira","***.522.951-**","ADELSO FERREIRA PONTE                                                           ","CAMPOS VERDES - GO","ESMERALDA","Demais substâncias","Sim"
"Gerência Regional / GO","861521/1995","Requerimento de Lavra Garimpeira","Requerimento de Lavra Garimpeira","***.522.951-**","ADELSO FERREIRA PONTE                                                           ","CAMPOS VERDES - GO","ESMERALDA","Demais substâncias","Sim"
"Gerência Regional / GO","860708/1991","Requerimento de Lavra Garimpeira","Requerimento de Lavra Garimpeira","***.287.028-**","Ivo Matias Damas","CAMPOS VERDES - GO","ESMERALDA","Demais substâncias","Sim"
"Gerência Regional / GO","861925/1995","Requerimento de Lavra Garimpeira","Requerimento de Lavra Garimpeira","***.584.031-**","MARIA AMARAL COSTA","CAMPOS VERDES - GO","ESMERALDA","Demais substâncias","Sim"
"Gerência Regional / GO","861924/1995","Requerimento de Lavra Garimpeira","Requerimento de Lavra Garimpeira","***.584.031-**","MARIA AMARAL COSTA","CAMPOS VERDES - GO","ESMERALDA","Demais substâncias","Sim"
"Gerência Regional / GO","860246/2020","Requerimento de Mudança de Regime para PLG","Requerimento de Lavra Garimpeira","***.314.771-**","JOSE PEDRO VAZ NETO","DAVINÓPOLIS - GO","DIAMANTE, DIAMANTE","Gema, Industrial","Sim"
"Gerência Regional / GO","860784/1991","Requerimento de Lavra Garimpeira","Requerimento de Lavra Garimpeira","***.872.211-**","Ronaldo Alves De Oliveira","CAMPOS VERDES - GO","ESMERALDA","Demais substâncias","Sim"
"Gerência Regional / GO","860235/1992","Requerimento de Lavra Garimpeira","Requerimento de Lavra Garimpeira","***.872.211-**","Ronaldo Alves De Oliveira","CAMPOS VERDES - GO","ESMERALDA","Demais substâncias","Sim"
"Gerência Regional / GO","861488/1995","Requerimento de Lavra Garimpeira","Requerimento de Lavra Garimpeira","***.872.211-**","Ronaldo Alves De Oliveira","CAMPOS VERDES - GO","ESMERALDA","Demais substâncias","Sim"
"Gerência Regional / GO","861176/1991","Requerimento de Lavra Garimpeira","Requerimento de Lavra Garimpeira","***.872.211-**","Ronaldo Alves De Oliveira","CAMPOS VERDES - GO","ESMERALDA","Demais substâncias","Sim"
"Gerência Regional / GO","860649/1991","Requerimento de Lavra Garimpeira","Requerimento de Lavra Garimpeira","***.289.888-**","GERALDO JAIME CORREIA","CAMPOS VERDES - GO","ESMERALDA","Demais substâncias","Sim"
"Gerência Regional / GO","861051/2023","Requerimento de Lavra Garimpeira","Requerimento de Lavra Garimpeira","09.164.776/0001-11","COOPERATIVA BRASILEIRA DE DIAMANTES","CACHOEIRA ALTA - GO, CAÇU - GO","DIAMANTE, DIAMANTE","Gema, Industrial","Sim"
"Gerência Regional / GO","861047/2023","Requerimento de Lavra Garimpeira","Requerimento de Lavra Garimpeira","09.164.776/0001-11","COOPERATIVA BRASILEIRA DE DIAMANTES","APARECIDA DO RIO DOCE - GO, CACHOEIRA ALTA - GO, CAÇU - GO","DIAMANTE, DIAMANTE","Gema, Industrial","Sim"
"Gerência Regional / GO","861046/2023","Requerimento de Lavra Garimpeira","Requerimento de Lavra Garimpeira","09.164.776/0001-11","COOPERATIVA BRASILEIRA DE DIAMANTES","APARECIDA DO RIO DOCE - GO, CAÇU - GO, JATAÍ - GO","DIAMANTE, DIAMANTE","Gema, Industrial","Sim"
"Gerência Regional / GO","861045/2023","Requerimento de Lavra Garimpeira","Requerimento de Lavra Garimpeira","09.164.776/0001-11","COOPERATIVA BRASILEIRA DE DIAMANTES","APARECIDA DO RIO DOCE - GO, JATAÍ - GO","DIAMANTE, DIAMANTE","Gema, Industrial","Sim"
"Gerência Regional / GO","861044/2023","Requerimento de Lavra Garimpeira","Requerimento de Lavra Garimpeira","09.164.776/0001-11","COOPERATIVA BRASILEIRA DE DIAMANTES","JATAÍ - GO","DIAMANTE, DIAMANTE","Gema, Industrial","Sim"
"Gerência Regional / GO","861043/2023","Requerimento de Lavra Garimpeira","Requerimento de Lavra Garimpeira","09.164.776/0001-11","COOPERATIVA BRASILEIRA DE DIAMANTES","JATAÍ - GO","DIAMANTE, DIAMANTE","Gema, Industrial","Sim"
"Gerência Regional / GO","861042/2023","Requerimento de Lavra Garimpeira","Requerimento de Lavra Garimpeira","09.164.776/0001-11","COOPERATIVA BRASILEIRA DE DIAMANTES","JATAÍ - GO, PEROLÂNDIA - GO","DIAMANTE, DIAMANTE","Gema, Industrial","Sim"
"Gerência Regional / GO","861041/2023","Requerimento de Lavra Garimpeira","Requerimento de Lavra Garimpeira","09.164.776/0001-11","COOPERATIVA BRASILEIRA DE DIAMANTES","CAIAPÔNIA - GO, JATAÍ - GO, PEROLÂNDIA - GO","DIAMANTE, DIAMANTE","Gema, Industrial","Sim"
"Gerência Regional / GO","861039/2023","Requerimento de Lavra Garimpeira","Requerimento de Lavra Garimpeira","09.164.776/0001-11","COOPERATIVA BRASILEIRA DE DIAMANTES","CAIAPÔNIA - GO, PEROLÂNDIA - GO","DIAMANTE, DIAMANTE","Gema, Industrial","Sim"
"Gerência Regional / GO","861038/2023","Requerimento de Lavra Garimpeira","Requerimento de Lavra Garimpeira","09.164.776/0001-11","COOPERATIVA BRASILEIRA DE DIAMANTES","CAIAPÔNIA - GO","DIAMANTE, DIAMANTE","Gema, Industrial","Sim"
"Gerência Regional / GO","860565/2022","Requerimento de Lavra Garimpeira","Requerimento de Lavra Garimpeira","09.164.776/0001-11","COOPERATIVA BRASILEIRA DE DIAMANTES","FAZENDA NOVA - GO, ISRAELÂNDIA - GO","DIAMANTE, MINÉRIO DE OURO","Industrial, Industrial","Sim"
"Gerência Regional / GO","860209/2023","Requerimento de Lavra Garimpeira","Requerimento de Lavra Garimpeira","09.164.776/0001-11","COOPERATIVA BRASILEIRA DE DIAMANTES","CAIAPÔNIA - GO, IVOLÂNDIA - GO, PALESTINA DE GOIÁS - GO","DIAMANTE","Industrial","Sim"
"Gerência Regional / GO","860196/2023","Requerimento de Lavra Garimpeira","Requerimento de Lavra Garimpeira","09.164.776/0001-11","COOPERATIVA BRASILEIRA DE DIAMANTES","CAIAPÔNIA - GO, PALESTINA DE GOIÁS - GO","DIAMANTE","Industrial","Sim"
"Gerência Regional / MG","830687/2024","Requerimento de Lavra Garimpeira","Requerimento de Lavra Garimpeira","09.164.776/0001-11","COOPERATIVA BRASILEIRA DE DIAMANTES","ABADIA DOS DOURADOS - MG, OUVIDOR - GO","DIAMANTE, DIAMANTE","Gema, Industrial","Sim"
"Gerência Regional / MG","830518/2024","Requerimento de Lavra Garimpeira","Requerimento de Lavra Garimpeira","09.164.776/0001-11","COOPERATIVA BRASILEIRA DE DIAMANTES","ABADIA DOS DOURADOS - MG, OUVIDOR - GO","DIAMANTE, DIAMANTE","Gema, Industrial","Sim"
"Gerência Regional / MT","867347/2021","Requerimento de Lavra Garimpeira","Requerimento de Lavra Garimpeira","09.164.776/0001-11","COOPERATIVA BRASILEIRA DE DIAMANTES","BALIZA - GO, RIBEIRÃOZINHO - MT, TORIXORÉU - MT","DIAMANTE","Industrial","Sim"
"Gerência Regional / MT","866908/2022","Requerimento de Lavra Garimpeira","Requerimento de Lavra Garimpeira","09.164.776/0001-11","COOPERATIVA BRASILEIRA DE DIAMANTES","BALIZA - GO, RIBEIRÃOZINHO - MT","DIAMANTE","Industrial","Sim"
"Gerência Regional / GO","861140/2022","Requerimento de Lavra Garimpeira","Requerimento de Lavra Garimpeira","09.164.776/0001-11","COOPERATIVA BRASILEIRA DE DIAMANTES","FAZENDA NOVA - GO, ISRAELÂNDIA - GO","DIAMANTE, MINÉRIO DE OURO","Industrial, Industrial","Sim"
"Gerência Regional / GO","860718/2016","Requerimento de Lavra Garimpeira","Requerimento de Lavra Garimpeira","***.577.242-**","JONAS MATOS DA SILVA","MONTIVIDIU DO NORTE - GO","TURMALINA","Gema","Sim"
"Gerência Regional / GO","860627/2016","Requerimento de Lavra Garimpeira","Requerimento de Lavra Garimpeira","***.577.242-**","JONAS MATOS DA SILVA","MONTIVIDIU DO NORTE - GO","TURMALINA","Gema","Sim"
"Gerência Regional / GO","861012/2016","Requerimento de Lavra Garimpeira","Requerimento de Lavra Garimpeira","***.921.871-**","Antonio Lazaro Moreira","NIQUELÂNDIA - GO","QUARTZO, QUARTZO","Gema, Industrial","Sim"
"Gerência Regional / GO","861011/2016","Requerimento de Lavra Garimpeira","Requerimento de Lavra Garimpeira","***.921.871-**","Antonio Lazaro Moreira","NIQUELÂNDIA - GO","DIAMANTE","Gema","Sim"
"Gerência Regional / MT","866252/2015","Requerimento de Lavra Garimpeira","Requerimento de Lavra Garimpeira","***.296.419-**","Wilson Sartoretto","BALIZA - GO, TORIXORÉU - MT","DIAMANTE, DIAMANTE, MINÉRIO DE OURO","Gema, Industrial, Industrial","Sim"
"Gerência Regional / GO","860692/2016","Requerimento de Lavra Garimpeira","Requerimento de Lavra Garimpeira","***.561.706-**","Cláudio Dornelas Gonçalves ","CATALÃO - GO, CUMARI - GO","DIAMANTE, DIAMANTE","Gema, Industrial","Sim"
"Gerência Regional / GO","860691/2016","Requerimento de Lavra Garimpeira","Requerimento de Lavra Garimpeira","***.561.706-**","Cláudio Dornelas Gonçalves ","CATALÃO - GO, CUMARI - GO","DIAMANTE, DIAMANTE","Gema, Industrial","Sim"
"Gerência Regional / GO","860163/2020","Requerimento de Lavra Garimpeira","Requerimento de Lavra Garimpeira","***.561.706-**","Cláudio Dornelas Gonçalves ","DAVINÓPOLIS - GO, OUVIDOR - GO","DIAMANTE, DIAMANTE","Gema, Industrial","Sim"
"Gerência Regional / MG","831040/2018","Requerimento de Lavra Garimpeira","Requerimento de Lavra Garimpeira","***.561.706-**","Cláudio Dornelas Gonçalves ","ABADIA DOS DOURADOS - MG, DAVINÓPOLIS - GO","DIAMANTE, DIAMANTE","Gema, Industrial","Sim"
"Gerência Regional / GO","860209/2025","Requerimento de Mudança de Regime para PLG","Requerimento de Lavra Garimpeira","02.805.570/0001-84","SUDARIO & RODOVALHO LTDA.","DAVINÓPOLIS - GO, OUVIDOR - GO","DIAMANTE, DIAMANTE, MINÉRIO DE OURO, OURO","Gema, Industrial, Industrial, Industrial","Sim"
"Gerência Regional / GO","860936/1991","Requerimento de Lavra Garimpeira","Requerimento de Lavra Garimpeira","26.725.960/0001-02","Annibal Crosara Junior","CAMPOS VERDES - GO","ESMERALDA","Demais substâncias","Sim"
"Gerência Regional / GO","860612/1991","Requerimento de Lavra Garimpeira","Requerimento de Lavra Garimpeira","99.915.670/9999-76","EUGENIO BERGAMELLI                                                              ","CAMPOS VERDES - GO","ESMERALDA","Demais substâncias","Sim"
"Gerência Regional / GO","860701/1991","Requerimento de Lavra Garimpeira","Requerimento de Lavra Garimpeira","99.915.928/9999-34","EDVALDO DA SILVA LINHARES                                                       ","CAMPOS VERDES - GO","ESMERALDA","Demais substâncias","Sim"
"Gerência Regional / GO","860710/1991","Requerimento de Lavra Garimpeira","Requerimento de Lavra Garimpeira","99.915.969/9999-20","OSMAR MENDONCA ALVES                                                            ","CAMPOS VERDES - GO","ESMERALDA","Demais substâncias","Sim"
"Gerência Regional / GO","860711/1991","Requerimento de Lavra Garimpeira","Requerimento de Lavra Garimpeira","99.915.977/9999-77","GASPAR MATIAS DE OLIVEIRA                                                       ","CAMPOS VERDES - GO","ESMERALDA","Demais substâncias","Sim"
"Gerência Regional / GO","861106/1991","Requerimento de Lavra Garimpeira","Requerimento de Lavra Garimpeira","***.445.434-**","ANTONIO QUEIROGA GALVAO                                                         ","CAMPOS VERDES - GO","ESMERALDA","Demais substâncias","Sim"
"Gerência Regional / GO","861382/1992","Requerimento de Lavra Garimpeira","Requerimento de Lavra Garimpeira","***.752.171-**","GERALDO LUIZ DO AMARAL                                                          ","CAMPOS VERDES - GO","ESMERALDA","Demais substâncias","Sim"
"Gerência Regional / GO","861172/1995","Requerimento de Lavra Garimpeira","Requerimento de Lavra Garimpeira","***.798.161-**","ANTONIO CARLOS DE VELASCO LIMA","CAMPOS VERDES - GO","ESMERALDA","Demais substâncias","Sim"
"Gerência Regional / GO","860887/1991","Requerimento de Lavra Garimpeira","Requerimento de Lavra Garimpeira","***.324.431-**","JUSTINO PEREIRA PEIXOTO                                                         ","CAMPOS VERDES - GO","ESMERALDA","Demais substâncias","Sim"
"Gerência Regional / GO","860734/1991","Requerimento de Lavra Garimpeira","Requerimento de Lavra Garimpeira","***.663.501-**","JOSÉ FERNANDES MOURAO                                                           ","CAMPOS VERDES - GO","ESMERALDA","Demais substâncias","Sim"
"Gerência Regional / GO","860872/1991","Requerimento de Lavra Garimpeira","Requerimento de Lavra Garimpeira","***.902.938-**","TULIO CESAR BARBOSA DE SIQUEIRA                                                 ","CAMPOS VERDES - GO","ESMERALDA","Demais substâncias","Sim"
"Gerência Regional / GO","860812/1991","Requerimento de Lavra Garimpeira","Requerimento de Lavra Garimpeira","***.843.171-**","DARCI PEREIRA PINTO                                                             ","CAMPOS VERDES - GO","ESMERALDA","Demais substâncias","Sim"
"Gerência Regional / GO","860530/1991","Requerimento de Lavra Garimpeira","Requerimento de Lavra Garimpeira","***.625.701-**","DIVINO NAVES DE FREITAS                                                         ","CAMPOS VERDES - GO","ESMERALDA","Demais substâncias","Sim"
"Gerência Regional / GO","860736/1991","Requerimento de Lavra Garimpeira","Requerimento de Lavra Garimpeira","***.679.241-**","SEBASTIÃO JOSÉ LUIZ                                                             ","CAMPOS VERDES - GO","ESMERALDA","Demais substâncias","Sim"
"Gerência Regional / GO","860881/1991","Requerimento de Lavra Garimpeira","Requerimento de Lavra Garimpeira","***.924.498-**","AFRANIO RODRIGUES DE OLIVEIRA","CAMPOS VERDES - GO","ESMERALDA","Demais substâncias","Sim"
"Gerência Regional / GO","860854/1991","Requerimento de Lavra Garimpeira","Requerimento de Lavra Garimpeira","***.648.678-**","SERGIO SUEO KANEGAE                                                             ","CAMPOS VERDES - GO","ESMERALDA","Demais substâncias","Sim"
"Gerência Regional / GO","861248/1992","Requerimento de Lavra Garimpeira","Requerimento de Lavra Garimpeira","***.504.495-**","JOSÉ GOMES DA SILVA                                                             ","CAMPOS VERDES - GO","ESMERALDA","Demais substâncias","Sim"
"Gerência Regional / GO","860803/1991","Requerimento de Lavra Garimpeira","Requerimento de Lavra Garimpeira","***.389.151-**","FRANCISCO BARROSO NETO","CAMPOS VERDES - GO","ESMERALDA","Demais substâncias","Sim"
"Gerência Regional / GO","860527/1991","Requerimento de Lavra Garimpeira","Requerimento de Lavra Garimpeira","***.180.301-**","SEBASTIÃO PINTO                                                                 ","CAMPOS VERDES - GO","ESMERALDA","Demais substâncias","Sim"
"Gerência Regional / GO","860839/1991","Requerimento de Lavra Garimpeira","Requerimento de Lavra Garimpeira","***.974.791-**","Dimas Martins da Costa","CAMPOS VERDES - GO","ESMERALDA","Demais substâncias","Sim"
"Gerência Regional / GO","860582/1991","Requerimento de Lavra Garimpeira","Requerimento de Lavra Garimpeira","***.974.511-**","JOSÉ FRANCISCO XAVIER                                                           ","CAMPOS VERDES - GO","ESMERALDA","Demais substâncias","Sim"
"Gerência Regional / GO","860932/1991","Requerimento de Lavra Garimpeira","Requerimento de Lavra Garimpeira","***.949.531-**","CAUB FEITOSA FREITAS","CAMPOS VERDES - GO","ESMERALDA","Demais substâncias","Sim"
"Gerência Regional / GO","860878/1991","Requerimento de Lavra Garimpeira","Requerimento de Lavra Garimpeira","***.166.768-**","PAULO CARDOSO FERREIRA DA SILVA                                                 ","CAMPOS VERDES - GO","ESMERALDA","Demais substâncias","Sim"
"Gerência Regional / GO","861086/1991","Requerimento de Lavra Garimpeira","Requerimento de Lavra Garimpeira","***.479.751-**","SALVIO DE MELO PEDROSO                                                          ","CAMPOS VERDES - GO","ESMERALDA","Demais substâncias","Sim"
"Gerência Regional / GO","860705/1991","Requerimento de Lavra Garimpeira","Requerimento de Lavra Garimpeira","***.136.001-**","FRANCISCO PAULO XIMENDES                                                        ","CAMPOS VERDES - GO","ESMERALDA","Demais substâncias","Sim"
"Gerência Regional / GO","861050/1992","Requerimento de Lavra Garimpeira","Requerimento de Lavra Garimpeira","***.031.871-**","DIMAS ALVES MACHADO                                                             ","CAMPOS VERDES - GO","ESMERALDA","Demais substâncias","Sim"
"Gerência Regional / GO","862177/1995","Requerimento de Lavra Garimpeira","Requerimento de Lavra Garimpeira","***.653.281-**","Sebastião Rosa de Oliveira","CAMPOS VERDES - GO","ESMERALDA","Demais substâncias","Sim"
"Gerência Regional / GO","861156/1992","Requerimento de Lavra Garimpeira","Requerimento de Lavra Garimpeira","***.060.191-**","Jorge Ismael Fernandes dos Santos","CAMPOS VERDES - GO","ESMERALDA","Demais substâncias","Sim"
"Gerência Regional / GO","860915/1991","Requerimento de Lavra Garimpeira","Requerimento de Lavra Garimpeira","***.799.341-**","HILDEBRANDO E DA SILVA NEVES                                                    ","CAMPOS VERDES - GO","ESMERALDA","Demais substâncias","Sim"
"Gerência Regional / GO","860911/1991","Requerimento de Lavra Garimpeira","Requerimento de Lavra Garimpeira","***.323.551-**","EURIPEDES LUIZ VIEIRA                                                           ","CAMPOS VERDES - GO","ESMERALDA","Demais substâncias","Sim"
"Gerência Regional / GO","860537/1991","Requerimento de Lavra Garimpeira","Requerimento de Lavra Garimpeira","***.705.351-**","ALZIRA ROSA DE REZENDE                                                          ","CAMPOS VERDES - GO","ESMERALDA","Demais substâncias","Sim"
"Gerência Regional / GO","860956/1991","Requerimento de Lavra Garimpeira","Requerimento de Lavra Garimpeira","***.271.311-**","ROBERTO AFONSO COSTA                                                            ","CAMPOS VERDES - GO","ESMERALDA","Demais substâncias","Sim"
"Gerência Regional / GO","860768/1991","Requerimento de Lavra Garimpeira","Requerimento de Lavra Garimpeira","***.606.371-**","SEBASTIÃO MARTINS CARDOSO                                                       ","CAMPOS VERDES - GO","ESMERALDA","Demais substâncias","Sim"
"Gerência Regional / GO","861118/1991","Requerimento de Lavra Garimpeira","Requerimento de Lavra Garimpeira","***.604.761-**","Ademir Martins Costa","CAMPOS VERDES - GO","ESMERALDA","Demais substâncias","Sim"
"Gerência Regional / GO","861095/1991","Requerimento de Lavra Garimpeira","Requerimento de Lavra Garimpeira","***.089.451-**","JULIO CESAR CAMELO PARRODE                                                      ","CAMPOS VERDES - GO","ESMERALDA","Demais substâncias","Sim"
"Gerência Regional / GO","861082/1991","Requerimento de Lavra Garimpeira","Requerimento de Lavra Garimpeira","***.922.978-**","ANTONIO ROQUE CHAVES                                                            ","CAMPOS VERDES - GO","ESMERALDA","Demais substâncias","Sim"
"Gerência Regional / GO","860805/1991","Requerimento de Lavra Garimpeira","Requerimento de Lavra Garimpeira","***.223.292-**","José Rodrigues de Assunção","CAMPOS VERDES - GO","ESMERALDA","Demais substâncias","Sim"
"Gerência Regional / GO","860778/1991","Requerimento de Lavra Garimpeira","Requerimento de Lavra Garimpeira","***.643.251-**","HONOFRE NEVES DIAS                                                              ","CAMPOS VERDES - GO","ESMERALDA","Demais substâncias","Sim"
"Gerência Regional / GO","861505/1995","Requerimento de Lavra Garimpeira","Requerimento de Lavra Garimpeira","***.620.411-**","JOAQUIM MANOEL DA SILVA                                                         ","CAMPOS VERDES - GO","ESMERALDA","Demais substâncias","Sim"
"Gerência Regional / GO","861514/1995","Requerimento de Lavra Garimpeira","Requerimento de Lavra Garimpeira","***.216.981-**","JOSÉ CARLOS EVANGELISTA                                                         ","CAMPOS VERDES - GO","ESMERALDA","Demais substâncias","Sim"
"Gerência Regional / GO","861504/1995","Requerimento de Lavra Garimpeira","Requerimento de Lavra Garimpeira","***.825.781-**","FRANCISCO CARDOSO DOS SANTOS                                                    ","CAMPOS VERDES - GO","ESMERALDA","Demais substâncias","Sim"
"Gerência Regional / GO","860289/1992","Requerimento de Lavra Garimpeira","Requerimento de Lavra Garimpeira","***.648.741-**","PAULO FERREIRA DE LIMA                                                          ","CAMPOS VERDES - GO","ESMERALDA","Demais substâncias","Sim"
"Gerência Regional / GO","860280/1992","Requerimento de Lavra Garimpeira","Requerimento de Lavra Garimpeira","***.114.601-**","BENTO FERREIRA DA COSTA                                                         ","CAMPOS VERDES - GO","ESMERALDA","Demais substâncias","Sim"
"Gerência Regional / GO","861159/1992","Requerimento de Lavra Garimpeira","Requerimento de Lavra Garimpeira","***.854.841-**","OSVALDO BORGES DA SILVA                                                         ","CAMPOS VERDES - GO","ESMERALDA","Demais substâncias","Sim"
"Gerência Regional / GO","860700/1992","Requerimento de Lavra Garimpeira","Requerimento de Lavra Garimpeira","***.182.581-**","NICODEMUS BEN G DE ALVES PEREIRA                                                ","CAMPOS VERDES - GO","ESMERALDA","Demais substâncias","Sim"
"Gerência Regional / GO","860322/2018","Requerimento de Lavra Garimpeira","Requerimento de Lavra Garimpeira","***.410.318-**","MARCELO VENDRAMINI","NIQUELÂNDIA - GO","MINÉRIO DE OURO","Industrial","Sim"
"Gerência Regional / GO","860661/1991","Requerimento de Lavra Garimpeira","Requerimento de Lavra Garimpeira","***.327.451-**","JOSÉ GONÇALVES PEREIRA","CAMPOS VERDES - GO","ESMERALDA","Demais substâncias","Sim"
"Gerência Regional / GO","860638/1992","Requerimento de Lavra Garimpeira","Requerimento de Lavra Garimpeira","***.903.061-**","Reginaldo Martins Costa","CAMPOS VERDES - GO","ESMERALDA","Demais substâncias","Sim"
"Gerência Regional / GO","860957/1991","Requerimento de Lavra Garimpeira","Requerimento de Lavra Garimpeira","***.699.911-**","Geraldo Tadeu Afonso Costa","CAMPOS VERDES - GO","ESMERALDA","Demais substâncias","Sim"
"Gerência Regional / GO","861160/1992","Requerimento de Lavra Garimpeira","Requerimento de Lavra Garimpeira","***.171.121-**","Joao Goncalves Siqueira","CAMPOS VERDES - GO","ESMERALDA","Demais substâncias","Sim"
"Gerência Regional / GO","860821/1991","Requerimento de Lavra Garimpeira","Requerimento de Lavra Garimpeira","***.293.871-**","DANIEL OMAR DE SOUZA                                                            ","CAMPOS VERDES - GO","ESMERALDA","Demais substâncias","Sim"
"Gerência Regional / GO","860387/1997","Requerimento de Lavra Garimpeira","Requerimento de Lavra Garimpeira","***.917.836-**","VILMA SALATIEL FREITAS                                                          ","CAMPOS VERDES - GO","ESMERALDA","Demais substâncias","Sim"
"Gerência Regional / GO","860498/1992","Requerimento de Lavra Garimpeira","Requerimento de Lavra Garimpeira","***.049.151-**","OZIEL PEREIRA LIMA                                                              ","CAMPOS VERDES - GO","ESMERALDA","Demais substâncias","Sim"
"Gerência Regional / GO","861094/1991","Requerimento de Lavra Garimpeira","Requerimento de Lavra Garimpeira","***.339.393-**","ANA SEMIAO                                                                      ","CAMPOS VERDES - GO","ESMERALDA","Demais substâncias","Sim"
"Gerência Regional / GO","861219/1991","Requerimento de Lavra Garimpeira","Requerimento de Lavra Garimpeira","***.702.095-**","ADALBERTO BISPO DE  OLIVEIRA                                                    ","CAMPOS VERDES - GO","ESMERALDA","Demais substâncias","Sim"
"Gerência Regional / GO","860959/2017","Requerimento de Lavra Garimpeira","Requerimento de Lavra Garimpeira","***.220.981-**","SEBASTIÃO RIBEIRO CAMELO","CRIXÁS - GO","MINÉRIO DE OURO","Industrial","Sim"
"Gerência Regional / GO","860906/1991","Requerimento de Lavra Garimpeira","Requerimento de Lavra Garimpeira","***.183.541-**","SEBASTIÃO PINHEIRO                                                              ","CAMPOS VERDES - GO","ESMERALDA","Demais substâncias","Sim"
"Gerência Regional / GO","860804/1991","Requerimento de Lavra Garimpeira","Requerimento de Lavra Garimpeira","***.931.431-**","JOÃO DE SOUZA LEAO                                                              ","CAMPOS VERDES - GO","ESMERALDA","Demais substâncias","Sim"
"Gerência Regional / GO","861511/1995","Requerimento de Lavra Garimpeira","Requerimento de Lavra Garimpeira","***.269.451-**","GILMAR JOSÉ PESSOA                                                              ","CAMPOS VERDES - GO","ESMERALDA","Demais substâncias","Sim"
"Gerência Regional / GO","861520/1995","Requerimento de Lavra Garimpeira","Requerimento de Lavra Garimpeira","***.589.591-**","RODENIR DE ANDRADE RIBEIRO                                                      ","CAMPOS VERDES - GO","ESMERALDA","Demais substâncias","Sim"
"Gerência Regional / GO","860774/1991","Requerimento de Lavra Garimpeira","Requerimento de Lavra Garimpeira","***.724.321-**","FRANCISCO GUILHERME                                                             ","CAMPOS VERDES - GO","ESMERALDA","Demais substâncias","Sim"
"Gerência Regional / GO","860912/1991","Requerimento de Lavra Garimpeira","Requerimento de Lavra Garimpeira","***.051.031-**","JOSÉ LUIS HAASE                                                                 ","CAMPOS VERDES - GO","ESMERALDA","Demais substâncias","Sim"
"Gerência Regional / GO","861927/1995","Requerimento de Lavra Garimpeira","Requerimento de Lavra Garimpeira","***.303.141-**","DIMAS MARTINS FILHO","CAMPOS VERDES - GO","ESMERALDA","Demais substâncias","Sim"
"Gerência Regional / GO","860533/1991","Requerimento de Lavra Garimpeira","Requerimento de Lavra Garimpeira","***.410.471-**","ANA MARIA NEVES DA SILVA                                                        ","CAMPOS VERDES - GO","ESMERALDA","Demais substâncias","Sim"
"Gerência Regional / GO","860863/1991","Requerimento de Lavra Garimpeira","Requerimento de Lavra Garimpeira","***.932.911-**","PAULINO LOURENCO MOTA                                                           ","CAMPOS VERDES - GO","ESMERALDA","Demais substâncias","Sim"
"Gerência Regional / GO","861503/1995","Requerimento de Lavra Garimpeira","Requerimento de Lavra Garimpeira","***.891.611-**","REINALDO GONZAGA DA SILVA                                                       ","CAMPOS VERDES - GO","ESMERALDA","Demais substâncias","Sim"
"Gerência Regional / GO","861926/1995","Requerimento de Lavra Garimpeira","Requerimento de Lavra Garimpeira","***.996.381-**","ROSANA APARECIDA MARTINS COSTA","CAMPOS VERDES - GO","ESMERALDA","Demais substâncias","Sim"
"Gerência Regional / GO","860769/1991","Requerimento de Lavra Garimpeira","Requerimento de Lavra Garimpeira","***.602.301-**","Ornan Alves da Silva","CAMPOS VERDES - GO","ESMERALDA","Demais substâncias","Sim"
"Gerência Regional / GO","861551/1995","Requerimento de Lavra Garimpeira","Requerimento de Lavra Garimpeira","***.528.181-**","VALDEVINO FRANCISCO DA SILVA                                                    ","SANTA TEREZA DE GOIÁS - GO","ESMERALDA","Demais substâncias","Sim"
"Gerência Regional / GO","860829/1991","Requerimento de Lavra Garimpeira","Requerimento de Lavra Garimpeira","***.183.605-**","MARIA DE FATIMA FERREIRA BASTOS                                                 ","CAMPOS VERDES - GO","ESMERALDA","Demais substâncias","Sim"
"Gerência Regional / GO","860524/1994","Requerimento de Lavra Garimpeira","Requerimento de Lavra Garimpeira","***.530.245-**","JOSÉ MANUEL DA CRUZ                                                             ","CAMPOS VERDES - GO","ESMERALDA","Demais substâncias","Sim"
"Gerência Regional / GO","860026/2018","Requerimento de Lavra Garimpeira","Requerimento de Lavra Garimpeira","***.131.601-**","RUBENS MARTINS MOURAO","CAMPOS VERDES - GO","ESMERALDA","Gema","Sim"
"Gerência Regional / GO","860025/2018","Requerimento de Lavra Garimpeira","Requerimento de Lavra Garimpeira","***.688.451-**","Ronaldo Martins da Costa","CAMPOS VERDES - GO","ESMERALDA","Gema","Sim"
"Gerência Regional / GO","861245/1992","Requerimento de Lavra Garimpeira","Requerimento de Lavra Garimpeira","***.555.521-**","VALDECI BORGES VIEIRA                                                           ","CAMPOS VERDES - GO","ESMERALDA","Demais substâncias","Sim"
"Gerência Regional / GO","860005/1995","Requerimento de Lavra Garimpeira","Requerimento de Lavra Garimpeira","***.532.801-**","LEONDAS DOS SANTOS                                                              ","CAMPOS VERDES - GO","ESMERALDA","Demais substâncias","Sim"
"Gerência Regional / GO","860898/1991","Requerimento de Lavra Garimpeira","Requerimento de Lavra Garimpeira","***.793.221-**","VANDERLEI CARDOSO                                                               ","CAMPOS VERDES - GO","ESMERALDA","Demais substâncias","Sim"
"Gerência Regional / GO","860806/1991","Requerimento de Lavra Garimpeira","Requerimento de Lavra Garimpeira","***.012.551-**","RENATO GONCALVES DE CARVALHO                                                    ","CAMPOS VERDES - GO","ESMERALDA","Demais substâncias","Sim"
"Gerência Regional / GO","860770/1991","Requerimento de Lavra Garimpeira","Requerimento de Lavra Garimpeira","***.087.901-**","Eliseu Alves da Silva","CAMPOS VERDES - GO","ESMERALDA","Demais substâncias","Sim"
"Gerência Regional / GO","861166/1991","Requerimento de Lavra Garimpeira","Requerimento de Lavra Garimpeira","***.566.311-**","SEBASTIÃO VERISSIMO CARDOSO                                                     ","CAMPOS VERDES - GO","ESMERALDA","Demais substâncias","Sim"
"Gerência Regional / GO","860880/1991","Requerimento de Lavra Garimpeira","Requerimento de Lavra Garimpeira","***.567.471-**","JACI LUIZ DE GODEZ                                                              ","CAMPOS VERDES - GO","ESMERALDA","Demais substâncias","Sim"
"Gerência Regional / GO","860823/1991","Requerimento de Lavra Garimpeira","Requerimento de Lavra Garimpeira","***.906.621-**","DENILSON JOSÉ DA COSTA                                                          ","CAMPOS VERDES - GO","ESMERALDA","Demais substâncias","Sim"
"Gerência Regional / GO","860288/1992","Requerimento de Lavra Garimpeira","Requerimento de Lavra Garimpeira","***.895.411-**","LUIZ CARLOS MONTEZUMA DE SOUZA                                                  ","CAMPOS VERDES - GO","ESMERALDA","Demais substâncias","Sim"
"Gerência Regional / GO","860532/1991","Requerimento de Lavra Garimpeira","Requerimento de Lavra Garimpeira","***.547.751-**","JOSÉ FRANCISCO DE SOUZA                                                         ","CAMPOS VERDES - GO","ESMERALDA","Demais substâncias","Sim"
"Gerência Regional / GO","860849/1991","Requerimento de Lavra Garimpeira","Requerimento de Lavra Garimpeira","***.465.381-**","ADOLFO BEZERRA DE SOUZA","CAMPOS VERDES - GO","ESMERALDA","Demais substâncias","Sim"
"Gerência Regional / GO","860835/1991","Requerimento de Lavra Garimpeira","Requerimento de Lavra Garimpeira","***.385.558-**","FIORAVANTE VENDRAMINI FILHO","CAMPOS VERDES - GO","ESMERALDA","Demais substâncias","Sim"
"Gerência Regional / GO","860859/1991","Requerimento de Lavra Garimpeira","Requerimento de Lavra Garimpeira","***.417.636-**","JOSÉ ORLANDO VASCONCELOS DE FREITAS                                             ","CAMPOS VERDES - GO","ESMERALDA","Demais substâncias","Sim"
"Gerência Regional / GO","861252/1992","Requerimento de Lavra Garimpeira","Requerimento de Lavra Garimpeira","***.409.381-**","WALTER CAMPOS SOUSA                                                             ","CAMPOS VERDES - GO","ESMERALDA","Demais substâncias","Sim"
"Gerência Regional / GO","861364/1992","Requerimento de Lavra Garimpeira","Requerimento de Lavra Garimpeira","***.212.981-**","LUIZ CARLOS SANTOS DE SOUZA                                                     ","CAMPOS VERDES - GO","ESMERALDA","Demais substâncias","Sim"
"Gerência Regional / GO","860696/1992","Requerimento de Lavra Garimpeira","Requerimento de Lavra Garimpeira","***.708.277-**","JOSÉ LUIZ FERNANDES VILHENA                                                     ","CAMPOS VERDES - GO","ESMERALDA","Demais substâncias","Sim"
"Gerência Regional / GO","860729/1992","Requerimento de Lavra Garimpeira","Requerimento de Lavra Garimpeira","***.392.241-**","Gertrudes Lima e Silva","CAMPOS VERDES - GO","ESMERALDA","Demais substâncias","Sim"
"Gerência Regional / GO","860930/1991","Requerimento de Lavra Garimpeira","Requerimento de Lavra Garimpeira","***.493.171-**","NEIRSON DIAS DA SILVA                                                           ","CAMPOS VERDES - GO","ESMERALDA","Demais substâncias","Sim"
"Gerência Regional / GO","860783/1991","Requerimento de Lavra Garimpeira","Requerimento de Lavra Garimpeira","***.749.041-**","SILVIO DE SOUZA ASSUNCAO                                                        ","CAMPOS VERDES - GO","ESMERALDA","Demais substâncias","Sim"
"Gerência Regional / GO","861819/1995","Requerimento de Lavra Garimpeira","Requerimento de Lavra Garimpeira","***.735.401-**","JOSÉFA DE FATIMA DIAS DA SILVA                                                  ","CAMPOS VERDES - GO","ESMERALDA","Demais substâncias","Sim"
"Gerência Regional / GO","861513/1995","Requerimento de Lavra Garimpeira","Requerimento de Lavra Garimpeira","***.645.271-**","LINDOMAR DA COSTA FREIRE                                                        ","CAMPOS VERDES - GO","ESMERALDA","Demais substâncias","Sim"
"Gerência Regional / GO","861517/1995","Requerimento de Lavra Garimpeira","Requerimento de Lavra Garimpeira","***.645.271-**","LINDOMAR DA COSTA FREIRE                                                        ","CAMPOS VERDES - GO","ESMERALDA","Demais substâncias","Sim"
"Gerência Regional / GO","860885/1991","Requerimento de Lavra Garimpeira","Requerimento de Lavra Garimpeira","***.198.495-**","JOZINA ROZA SANTOS DA SILVA                                                     ","CAMPOS VERDES - GO","ESMERALDA","Demais substâncias","Sim"
"Gerência Regional / GO","860871/1991","Requerimento de Lavra Garimpeira","Requerimento de Lavra Garimpeira","***.939.686-**","MARIA DE FATIMA SOUZA                                                           ","CAMPOS VERDES - GO","ESMERALDA","Demais substâncias","Sim"
"Gerência Regional / GO","860538/1991","Requerimento de Lavra Garimpeira","Requerimento de Lavra Garimpeira","***.799.721-**","VANESSA CRISTINA DE REZENDE                                                     ","CAMPOS VERDES - GO","ESMERALDA","Demais substâncias","Sim"
"Gerência Regional / GO","860909/1991","Requerimento de Lavra Garimpeira","Requerimento de Lavra Garimpeira","***.951.921-**","DJALMA CAMPOS FEITOSA                                                           ","CAMPOS VERDES - GO","ESMERALDA","Demais substâncias","Sim"
"Gerência Regional / GO","860972/1991","Requerimento de Lavra Garimpeira","Requerimento de Lavra Garimpeira","***.723.601-**","JOSÉ DIVINO CORREIA                                                             ","CAMPOS VERDES - GO","ESMERALDA","Demais substâncias","Sim"
"Gerência Regional / GO","860864/1991","Requerimento de Lavra Garimpeira","Requerimento de Lavra Garimpeira","***.510.441-**","BRONIDIA QUINTINO ALVES                                                         ","CAMPOS VERDES - GO","ESMERALDA","Demais substâncias","Sim"
"Gerência Regional / GO","861255/1991","Requerimento de Lavra Garimpeira","Requerimento de Lavra Garimpeira","***.518.181-**","PEDRO LOPES NUNES                                                               ","CAMPOS VERDES - GO","ESMERALDA","Demais substâncias","Sim"
"Gerência Regional / GO","860889/1991","Requerimento de Lavra Garimpeira","Requerimento de Lavra Garimpeira","***.528.218-**","JOEL FOUAD DJAHJAH","CAMPOS VERDES - GO","ESMERALDA","Demais substâncias","Sim"
"Gerência Regional / GO","860807/1991","Requerimento de Lavra Garimpeira","Requerimento de Lavra Garimpeira","***.628.308-**","FRANCISCO ELIZETE LUSTOZA AGRA                                                  ","CAMPOS VERDES - GO","ESMERALDA","Demais substâncias","Sim"
"Gerência Regional / GO","861516/1995","Requerimento de Lavra Garimpeira","Requerimento de Lavra Garimpeira","***.522.951-**","ADELSO FERREIRA PONTE                                                           ","CAMPOS VERDES - GO","ESMERALDA","Demais substâncias","Sim"
"Gerência Regional / GO","860926/1991","Requerimento de Lavra Garimpeira","Requerimento de Lavra Garimpeira","***.839.798-**","JOSÉ CARLOS DE OLIVEIRA                                                         ","CAMPOS VERDES - GO","ESMERALDA","Demais substâncias","Sim"
"Gerência Regional / GO","860709/1991","Requerimento de Lavra Garimpeira","Requerimento de Lavra Garimpeira","***.287.028-**","Ivo Matias Damas","CAMPOS VERDES - GO","ESMERALDA","Demais substâncias","Sim"
"Gerência Regional / GO","860789/1991","Requerimento de Lavra Garimpeira","Requerimento de Lavra Garimpeira","***.463.157-**","CRISTINA FATIMA DE OLIVEIRA MAIA                                                ","CAMPOS VERDES - GO","ESMERALDA","Demais substâncias","Sim"
"Gerência Regional / GO","861218/1991","Requerimento de Lavra Garimpeira","Requerimento de Lavra Garimpeira","***.888.888-**","ANTONIO FERNANDO DA SILVA                                                       ","CAMPOS VERDES - GO","ESMERALDA","Demais substâncias","Sim"
"Gerência Regional / GO","860772/1991","Requerimento de Lavra Garimpeira","Requerimento de Lavra Garimpeira","***.324.458-**","MIGUEL ANSELMO GOMES DA COSTA                                                   ","CAMPOS VERDES - GO","ESMERALDA","Demais substâncias","Sim"
"Gerência Regional / GO","860900/1991","Requerimento de Lavra Garimpeira","Requerimento de Lavra Garimpeira","***.081.888-**","ANTONIO AMERICO DE SOUZA                                                        ","CAMPOS VERDES - GO","ESMERALDA","Demais substâncias","Sim"
"Gerência Regional / GO","860539/1991","Requerimento de Lavra Garimpeira","Requerimento de Lavra Garimpeira","***.920.630-**","VENERANDO PEREIRA DE REZENDE                                                    ","CAMPOS VERDES - GO","ESMERALDA","Demais substâncias","Sim"
"Gerência Regional / GO","860788/1991","Requerimento de Lavra Garimpeira","Requerimento de Lavra Garimpeira","***.836.571-**","ALAOR MUNDIM PEDROZA","CAMPOS VERDES - GO","ESMERALDA","Demais substâncias","Sim"
"Gerência Regional / GO","860729/1991","Requerimento de Lavra Garimpeira","Requerimento de Lavra Garimpeira","***.920.840-**","EROTILDE BEZERRA DA SILVA                                                       ","CAMPOS VERDES - GO","ESMERALDA","Demais substâncias","Sim"
"Gerência Regional / GO","860732/1991","Requerimento de Lavra Garimpeira","Requerimento de Lavra Garimpeira","***.920.890-**","LUIZA CARDOSO DE SOUZA                                                          ","CAMPOS VERDES - GO","ESMERALDA","Demais substâncias","Sim"
"Gerência Regional / GO","860883/1991","Requerimento de Lavra Garimpeira","Requerimento de Lavra Garimpeira","***.920.960-**","ALTAIR LUIZ DO AMARAL                                                           ","CAMPOS VERDES - GO","ESMERALDA","Demais substâncias","Sim"
"Gerência Regional / GO","860949/1991","Requerimento de Lavra Garimpeira","Requerimento de Lavra Garimpeira","***.921.060-**","JULIETA MARIA DE JESUS ANDRADE                                                  ","CAMPOS VERDES - GO","ESMERALDA","Demais substâncias","Sim"
"Gerência Regional / GO","861000/1991","Requerimento de Lavra Garimpeira","Requerimento de Lavra Garimpeira","***.921.070-**","REGES JOSÉ DA COSTA                                                             ","CAMPOS VERDES - GO","ESMERALDA","Demais substâncias","Sim"
"Gerência Regional / GO","861285/1991","Requerimento de Lavra Garimpeira","Requerimento de Lavra Garimpeira","***.929.120-**","JOSÉ BERNARDES FERREIRA                                                         ","CAMPOS VERDES - GO","ESMERALDA","Demais substâncias","Sim"
"Gerência Regional / GO","860866/1991","Requerimento de Lavra Garimpeira","Requerimento de Lavra Garimpeira","***.929.580-**","MARCIA ELSIE RAMALHAES DE SOUZA                                                 ","CAMPOS VERDES - GO","ESMERALDA","Demais substâncias","Sim"
"Gerência Regional / GO","861249/1991","Requerimento de Lavra Garimpeira","Requerimento de Lavra Garimpeira","***.959.310-**","LAZARO GONçALVES RIBEIRO                                                        ","CAMPOS VERDES - GO","ESMERALDA","Demais substâncias","Sim"
"Gerência Regional / GO","860273/1992","Requerimento de Lavra Garimpeira","Requerimento de Lavra Garimpeira","***.959.500-**","FRANCISCO VICENTE DA SILVA                                                      ","CAMPOS VERDES - GO","ESMERALDA","Demais substâncias","Sim"
"Gerência Regional / GO","860057/2017","Requerimento de Lavra Garimpeira","Requerimento de Lavra Garimpeira","***.013.141-**","WEDSON FERNANDES DE ALMEIDA","CAMPOS VERDES - GO","ESMERALDA","Gema","Sim"
"Gerência Regional / GO","860820/1991","Requerimento de Lavra Garimpeira","Requerimento de Lavra Garimpeira","***.531.461-**","JOÃO BATISTA DOS SANTOS","CAMPOS VERDES - GO","ESMERALDA","Demais substâncias","Sim"
"Gerência Regional / GO","860776/2023","Requerimento de Lavra Garimpeira","Requerimento de Lavra Garimpeira","***.133.661-**","SEBASTIAO VIEIRA SOBRINHO","CALDAS NOVAS - GO, IPAMERI - GO","MINÉRIO DE OURO","Industrial","Sim"
"Gerência Regional / GO","860268/2024","Requerimento de Mudança de Regime para PLG","Requerimento de Lavra Garimpeira","***.974.661-**","JOAQUIM DA SILVA PIRES","CAVALCANTE - GO","MINÉRIO DE OURO","Industrial","Sim"
"Gerência Regional / GO","861928/1995","Requerimento de Lavra Garimpeira","Requerimento de Lavra Garimpeira","***.584.031-**","MARIA AMARAL COSTA","CAMPOS VERDES - GO","ESMERALDA","Demais substâncias","Sim"
"Gerência Regional / GO","860577/1999","Requerimento de Lavra Garimpeira","Requerimento de Lavra Garimpeira","***.275.101-**","FRANCISCO ALEXANDRE ALVES","CAMPOS VERDES - GO","ESMERALDA","Industrial","Sim"
"Gerência Regional / GO","860520/2018","Requerimento de Lavra Garimpeira","Requerimento de Lavra Garimpeira","***.314.771-**","JOSE PEDRO VAZ NETO","DAVINÓPOLIS - GO, OUVIDOR - GO","DIAMANTE, DIAMANTE","Gema, Industrial","Sim"
"Gerência Regional / GO","860172/1999","Requerimento de Lavra Garimpeira","Requerimento de Lavra Garimpeira","***.820.931-**","DOUGLAS FONTOURA E SILVA","CAMPOS VERDES - GO","ESMERALDA","Industrial","Sim"
"Gerência Regional / GO","860137/2023","Requerimento de Lavra Garimpeira","Requerimento de Lavra Garimpeira","***.923.261-**","JOSE EUSTAQUIO DE SOUSA","CAMPO ALEGRE DE GOIÁS - GO, CATALÃO - GO","DIAMANTE","Gema","Sim"
"Gerência Regional / GO","861449/2014","Requerimento de Lavra Garimpeira","Requerimento de Lavra Garimpeira","***.448.841-**","Thomaz Zuzarte Adorno Neto","CAMPOS VERDES - GO","ESMERALDA","Gema","Sim"
"Gerência Regional / GO","861126/1991","Requerimento de Lavra Garimpeira","Requerimento de Lavra Garimpeira","***.220.406-**","OSCAR MACHADO","CAMPOS VERDES - GO","ESMERALDA","Demais substâncias","Sim"
"Gerência Regional / GO","860652/1991","Requerimento de Lavra Garimpeira","Requerimento de Lavra Garimpeira","***.402.887-**","MÁRIO DE ANDRADE RAMOS NETO","CAMPOS VERDES - GO","ESMERALDA","Demais substâncias","Sim"
"Gerência Regional / GO","861142/1991","Requerimento de Lavra Garimpeira","Requerimento de Lavra Garimpeira","***.787.731-**","LUZIA SILVA DE JESUS","CAMPOS VERDES - GO","ESMERALDA","Demais substâncias","Sim"
"Gerência Regional / GO","860845/1992","Requerimento de Lavra Garimpeira","Requerimento de Lavra Garimpeira","***.872.211-**","Ronaldo Alves De Oliveira","CAMPOS VERDES - GO","ESMERALDA","Demais substâncias","Sim"
"Gerência Regional / GO","860869/1991","Requerimento de Lavra Garimpeira","Requerimento de Lavra Garimpeira","***.374.878-**","GEORGE ANTOINE TARLAZIS","CAMPOS VERDES - GO","ESMERALDA","Demais substâncias","Sim"
"Gerência Regional / GO","860851/1991","Requerimento de Lavra Garimpeira","Requerimento de Lavra Garimpeira","***.947.701-**","CLAUDINEY WASHINGTON ALVES","CAMPOS VERDES - GO","ESMERALDA","Demais substâncias","Sim"
"Gerência Regional / GO","862860/2011","Requerimento de Lavra Garimpeira","Requerimento de Lavra Garimpeira","***.030.978-**","Espólio de EDITH SEBASTIANA SUCHER VENDRAMINI","CAMPOS VERDES - GO","ESMERALDA","Gema","Sim"
"Gerência Regional / GO","862011/2013","Requerimento de Lavra Garimpeira","Requerimento de Lavra Garimpeira","***.316.808-**","Waldemar Zajac","NOVA ROMA - GO","CASSITERITA","Industrial","Sim"
"Gerência Regional / GO","860309/2009","Requerimento de Lavra Garimpeira","Requerimento de Lavra Garimpeira","***.190.918-**","Ubilar Ivan Machado Oliveira","CAMPOS VERDES - GO","ESMERALDA","Gema","Sim"
"Gerência Regional / MT","866251/2015","Requerimento de Lavra Garimpeira","Requerimento de Lavra Garimpeira","***.459.331-**","JEANNE MARTINS NASCIMENTO","BALIZA - GO, TORIXORÉU - MT","DIAMANTE, DIAMANTE, MINÉRIO DE OURO","Gema, Industrial, Industrial","Sim"
"Gerência Regional / GO","860817/2023","Requerimento de Mudança de Regime para PLG","Requerimento de Lavra Garimpeira","***.648.978-**","ROBERTO NESZLINGER","CAMPO ALEGRE DE GOIÁS - GO, IPAMERI - GO","DIAMANTE, MINÉRIO DE OURO","Gema, Industrial","Sim"
"Gerência Regional / GO","860255/2019","Requerimento de Mudança de Regime para PLG","Requerimento de Lavra Garimpeira","***.103.571-**","IVAN MARQUES","COLINAS DO SUL - GO, NIQUELÂNDIA - GO","QUARTZO, QUARTZO","Artesanato  mineral, Gema","Sim"
"Gerência Regional / GO","861048/2017","Requerimento de Mudança de Regime para PLG","Requerimento de Lavra Garimpeira","***.243.583-**","ANTONIO BERNARDO PEREIRA DE SOUZA","CAVALCANTE - GO, MONTE ALEGRE DE GOIÁS - GO","MINÉRIO DE OURO","Industrial","Sim"
"Gerência Regional / GO","860650/1991","Requerimento de Lavra Garimpeira","Requerimento de Lavra Garimpeira","***.289.888-**","GERALDO JAIME CORREIA","CAMPOS VERDES - GO","ESMERALDA","Demais substâncias","Sim"
"Gerência Regional / GO","860648/1991","Requerimento de Lavra Garimpeira","Requerimento de Lavra Garimpeira","***.211.231-**","ANTONIO JANUÁRIO BARCELOS","CAMPOS VERDES - GO","ESMERALDA","Demais substâncias","Sim"
"Gerência Regional / GO","860653/1991","Requerimento de Lavra Garimpeira","Requerimento de Lavra Garimpeira","***.097.821-**","YEDA MARTINS MOURÃO","CAMPOS VERDES - GO","ESMERALDA","Demais substâncias","Sim"
"Gerência Regional / GO","860660/1991","Requerimento de Lavra Garimpeira","Requerimento de Lavra Garimpeira","***.853.191-**","JOSE CASTRO E SILVA","CAMPOS VERDES - GO","ESMERALDA","Demais substâncias","Sim"
"Gerência Regional / GO","860638/1991","Requerimento de Lavra Garimpeira","Requerimento de Lavra Garimpeira","***.489.524-**","RAIMUNDO PEREIRA DA SILVA","CAMPOS VERDES - GO","ESMERALDA","Demais substâncias","Sim"
"Gerência Regional / GO","861124/2022","Requerimento de Lavra Garimpeira","Requerimento de Lavra Garimpeira","09.164.776/0001-11","COOPERATIVA BRASILEIRA DE DIAMANTES","FAZENDA NOVA - GO, ISRAELÂNDIA - GO","DIAMANTE, MINÉRIO DE OURO","Industrial, Industrial","Sim"
"Gerência Regional / GO","860637/1991","Requerimento de Lavra Garimpeira","Requerimento de Lavra Garimpeira","***.938.431-**","KLEBER CUNHA","CAMPOS VERDES - GO","ESMERALDA","Demais substâncias","Sim"
"Gerência Regional / GO","860232/2026","Requerimento de Lavra Garimpeira","Requerimento de Lavra Garimpeira","***.217.176-**","CARLOS AUGUSTO MARTINS MESQUITA","CAMPOS VERDES - GO","ESMERALDA","Gema","Sim"
"Gerência Regional / GO","861013/2016","Requerimento de Lavra Garimpeira","Requerimento de Lavra Garimpeira","***.921.871-**","Antonio Lazaro Moreira","NIQUELÂNDIA - GO","QUARTZO, QUARTZO","Gema, Industrial","Sim"
"Gerência Regional / MG","830791/2017","Requerimento de Lavra Garimpeira","Requerimento de Lavra Garimpeira","***.709.971-**","Macelo Moises Rosa","CATALÃO - GO, GUARDA-MOR - MG","DIAMANTE, DIAMANTE","Gema, Industrial","Sim"
"Gerência Regional / GO","860110/2024","Requerimento de Lavra Garimpeira","Requerimento de Lavra Garimpeira","09.667.133/0001-90","COOPERATIVA DOS GARIMPEIROS DE APIACAS - COOGAP","BALIZA - GO, BOM JARDIM DE GOIÁS - GO","MINÉRIO DE OURO","Industrial","Sim"
"Gerência Regional / GO","860109/2024","Requerimento de Lavra Garimpeira","Requerimento de Lavra Garimpeira","09.667.133/0001-90","COOPERATIVA DOS GARIMPEIROS DE APIACAS - COOGAP","BALIZA - GO","MINÉRIO DE OURO","Industrial","Sim"
"Gerência Regional / GO","860108/2024","Requerimento de Lavra Garimpeira","Requerimento de Lavra Garimpeira","09.667.133/0001-90","COOPERATIVA DOS GARIMPEIROS DE APIACAS - COOGAP","BALIZA - GO","MINÉRIO DE OURO","Industrial","Sim"
"Gerência Regional / GO","860107/2024","Requerimento de Lavra Garimpeira","Requerimento de Lavra Garimpeira","09.667.133/0001-90","COOPERATIVA DOS GARIMPEIROS DE APIACAS - COOGAP","BALIZA - GO","MINÉRIO DE OURO","Industrial","Sim"
"Gerência Regional / GO","860106/2024","Requerimento de Lavra Garimpeira","Requerimento de Lavra Garimpeira","09.667.133/0001-90","COOPERATIVA DOS GARIMPEIROS DE APIACAS - COOGAP","NOVO BRASIL - GO","MINÉRIO DE OURO","Industrial","Sim"
"Gerência Regional / GO","860105/2024","Requerimento de Lavra Garimpeira","Requerimento de Lavra Garimpeira","09.667.133/0001-90","COOPERATIVA DOS GARIMPEIROS DE APIACAS - COOGAP","NOVO BRASIL - GO","MINÉRIO DE OURO","Industrial","Sim"
"Gerência Regional / GO","860104/2024","Requerimento de Lavra Garimpeira","Requerimento de Lavra Garimpeira","09.667.133/0001-90","COOPERATIVA DOS GARIMPEIROS DE APIACAS - COOGAP","NOVO BRASIL - GO","MINÉRIO DE OURO","Industrial","Sim"
"Gerência Regional / GO","860103/2024","Requerimento de Lavra Garimpeira","Requerimento de Lavra Garimpeira","09.667.133/0001-90","COOPERATIVA DOS GARIMPEIROS DE APIACAS - COOGAP","ITAPIRAPUÃ - GO, NOVO BRASIL - GO","MINÉRIO DE OURO","Industrial","Sim"
"Gerência Regional / GO","860101/2024","Requerimento de Lavra Garimpeira","Requerimento de Lavra Garimpeira","09.667.133/0001-90","COOPERATIVA DOS GARIMPEIROS DE APIACAS - COOGAP","FAINA - GO","MINÉRIO DE OURO","Industrial","Sim"
"Gerência Regional / GO","860100/2024","Requerimento de Lavra Garimpeira","Requerimento de Lavra Garimpeira","09.667.133/0001-90","COOPERATIVA DOS GARIMPEIROS DE APIACAS - COOGAP","ARAGUAPAZ - GO","MINÉRIO DE OURO","Industrial","Sim"
"Gerência Regional / GO","860099/2024","Requerimento de Lavra Garimpeira","Requerimento de Lavra Garimpeira","09.667.133/0001-90","COOPERATIVA DOS GARIMPEIROS DE APIACAS - COOGAP","ARAGUAPAZ - GO","MINÉRIO DE OURO","Industrial","Sim"
"Gerência Regional / GO","860098/2024","Requerimento de Lavra Garimpeira","Requerimento de Lavra Garimpeira","09.667.133/0001-90","COOPERATIVA DOS GARIMPEIROS DE APIACAS - COOGAP","FAINA - GO, MATRINCHÃ - GO","MINÉRIO DE OURO","Industrial","Sim"
"Gerência Regional / GO","860097/2024","Requerimento de Lavra Garimpeira","Requerimento de Lavra Garimpeira","09.667.133/0001-90","COOPERATIVA DOS GARIMPEIROS DE APIACAS - COOGAP","BRITÂNIA - GO, MATRINCHÃ - GO","MINÉRIO DE OURO","Industrial","Sim"
"Gerência Regional / GO","860015/2024","Requerimento de Lavra Garimpeira","Requerimento de Lavra Garimpeira","09.667.133/0001-90","COOPERATIVA DOS GARIMPEIROS DE APIACAS - COOGAP","FAZENDA NOVA - GO","MINÉRIO DE OURO","Industrial","Sim"
"Gerência Regional / GO","860014/2024","Requerimento de Lavra Garimpeira","Requerimento de Lavra Garimpeira","09.667.133/0001-90","COOPERATIVA DOS GARIMPEIROS DE APIACAS - COOGAP","FAZENDA NOVA - GO","MINÉRIO DE OURO","Industrial","Sim"
"Gerência Regional / GO","860013/2024","Requerimento de Lavra Garimpeira","Requerimento de Lavra Garimpeira","09.667.133/0001-90","COOPERATIVA DOS GARIMPEIROS DE APIACAS - COOGAP","FAZENDA NOVA - GO, NOVO BRASIL - GO","MINÉRIO DE OURO","Industrial","Sim"
"Gerência Regional / GO","860012/2024","Requerimento de Lavra Garimpeira","Requerimento de Lavra Garimpeira","09.667.133/0001-90","COOPERATIVA DOS GARIMPEIROS DE APIACAS - COOGAP","FAZENDA NOVA - GO","MINÉRIO DE OURO","Industrial","Sim"
"Gerência Regional / GO","860011/2024","Requerimento de Lavra Garimpeira","Requerimento de Lavra Garimpeira","09.667.133/0001-90","COOPERATIVA DOS GARIMPEIROS DE APIACAS - COOGAP","ARENÓPOLIS - GO, DIORAMA - GO","MINÉRIO DE OURO","Industrial","Sim"
"Gerência Regional / GO","860010/2024","Requerimento de Lavra Garimpeira","Requerimento de Lavra Garimpeira","09.667.133/0001-90","COOPERATIVA DOS GARIMPEIROS DE APIACAS - COOGAP","ARENÓPOLIS - GO","MINÉRIO DE OURO","Industrial","Sim"
"Gerência Regional / GO","860009/2024","Requerimento de Lavra Garimpeira","Requerimento de Lavra Garimpeira","09.667.133/0001-90","COOPERATIVA DOS GARIMPEIROS DE APIACAS - COOGAP","PIRANHAS - GO","MINÉRIO DE OURO","Industrial","Sim"
"Gerência Regional / GO","860008/2024","Requerimento de Lavra Garimpeira","Requerimento de Lavra Garimpeira","09.667.133/0001-90","COOPERATIVA DOS GARIMPEIROS DE APIACAS - COOGAP","PIRANHAS - GO","MINÉRIO DE OURO","Industrial","Sim"
"Gerência Regional / GO","860007/2024","Requerimento de Lavra Garimpeira","Requerimento de Lavra Garimpeira","09.667.133/0001-90","COOPERATIVA DOS GARIMPEIROS DE APIACAS - COOGAP","PIRANHAS - GO","MINÉRIO DE OURO","Industrial","Sim"
"Gerência Regional / GO","860006/2024","Requerimento de Lavra Garimpeira","Requerimento de Lavra Garimpeira","09.667.133/0001-90","COOPERATIVA DOS GARIMPEIROS DE APIACAS - COOGAP","PIRANHAS - GO","MINÉRIO DE OURO","Industrial","Sim"
"Gerência Regional / GO","860005/2024","Requerimento de Lavra Garimpeira","Requerimento de Lavra Garimpeira","09.667.133/0001-90","COOPERATIVA DOS GARIMPEIROS DE APIACAS - COOGAP","PIRANHAS - GO","MINÉRIO DE OURO","Industrial","Sim"
"Gerência Regional / GO","860004/2024","Requerimento de Lavra Garimpeira","Requerimento de Lavra Garimpeira","09.667.133/0001-90","COOPERATIVA DOS GARIMPEIROS DE APIACAS - COOGAP","PIRANHAS - GO","MINÉRIO DE OURO","Industrial","Sim"
"Gerência Regional / GO","861134/2023","Requerimento de Lavra Garimpeira","Requerimento de Lavra Garimpeira","09.667.133/0001-90","COOPERATIVA DOS GARIMPEIROS DE APIACAS - COOGAP","PIRANHAS - GO","MINÉRIO DE OURO","Industrial","Sim"
"Gerência Regional / GO","861133/2023","Requerimento de Lavra Garimpeira","Requerimento de Lavra Garimpeira","09.667.133/0001-90","COOPERATIVA DOS GARIMPEIROS DE APIACAS - COOGAP","PIRANHAS - GO","MINÉRIO DE OURO","Industrial","Sim"
"Gerência Regional / GO","861132/2023","Requerimento de Lavra Garimpeira","Requerimento de Lavra Garimpeira","09.667.133/0001-90","COOPERATIVA DOS GARIMPEIROS DE APIACAS - COOGAP","PIRANHAS - GO","MINÉRIO DE OURO","Industrial","Sim"
"Gerência Regional / GO","861131/2023","Requerimento de Lavra Garimpeira","Requerimento de Lavra Garimpeira","09.667.133/0001-90","COOPERATIVA DOS GARIMPEIROS DE APIACAS - COOGAP","PIRANHAS - GO","MINÉRIO DE OURO","Industrial","Sim"
"Gerência Regional / GO","861130/2023","Requerimento de Lavra Garimpeira","Requerimento de Lavra Garimpeira","09.667.133/0001-90","COOPERATIVA DOS GARIMPEIROS DE APIACAS - COOGAP","PIRANHAS - GO","MINÉRIO DE OURO","Industrial","Sim"
"Gerência Regional / GO","861129/2023","Requerimento de Lavra Garimpeira","Requerimento de Lavra Garimpeira","09.667.133/0001-90","COOPERATIVA DOS GARIMPEIROS DE APIACAS - COOGAP","PIRANHAS - GO","MINÉRIO DE OURO","Industrial","Sim"
"Gerência Regional / GO","861128/2023","Requerimento de Lavra Garimpeira","Requerimento de Lavra Garimpeira","09.667.133/0001-90","COOPERATIVA DOS GARIMPEIROS DE APIACAS - COOGAP","ARENÓPOLIS - GO, PIRANHAS - GO","MINÉRIO DE OURO","Industrial","Sim"
"Gerência Regional / GO","861127/2023","Requerimento de Lavra Garimpeira","Requerimento de Lavra Garimpeira","09.667.133/0001-90","COOPERATIVA DOS GARIMPEIROS DE APIACAS - COOGAP","ARENÓPOLIS - GO, PIRANHAS - GO","MINÉRIO DE OURO","Industrial","Sim"
"Gerência Regional / GO","861126/2023","Requerimento de Lavra Garimpeira","Requerimento de Lavra Garimpeira","09.667.133/0001-90","COOPERATIVA DOS GARIMPEIROS DE APIACAS - COOGAP","PIRANHAS - GO","MINÉRIO DE OURO","Industrial","Sim"
"Gerência Regional / GO","861125/2023","Requerimento de Lavra Garimpeira","Requerimento de Lavra Garimpeira","09.667.133/0001-90","COOPERATIVA DOS GARIMPEIROS DE APIACAS - COOGAP","PIRANHAS - GO","MINÉRIO DE OURO","Industrial","Sim"
"Gerência Regional / GO","861123/2023","Requerimento de Lavra Garimpeira","Requerimento de Lavra Garimpeira","09.667.133/0001-90","COOPERATIVA DOS GARIMPEIROS DE APIACAS - COOGAP","PIRANHAS - GO","MINÉRIO DE OURO","Industrial","Sim"
"Gerência Regional / GO","861122/2023","Requerimento de Lavra Garimpeira","Requerimento de Lavra Garimpeira","09.667.133/0001-90","COOPERATIVA DOS GARIMPEIROS DE APIACAS - COOGAP","BOM JARDIM DE GOIÁS - GO","MINÉRIO DE OURO","Industrial","Sim"
"Gerência Regional / GO","861121/2023","Requerimento de Lavra Garimpeira","Requerimento de Lavra Garimpeira","09.667.133/0001-90","COOPERATIVA DOS GARIMPEIROS DE APIACAS - COOGAP","BOM JARDIM DE GOIÁS - GO","MINÉRIO DE OURO","Industrial","Sim"
"Gerência Regional / GO","860982/2024","Requerimento de Lavra Garimpeira","Requerimento de Lavra Garimpeira","09.667.133/0001-90","COOPERATIVA DOS GARIMPEIROS DE APIACAS - COOGAP","BELA VISTA DE GOIÁS - GO","MINÉRIO DE OURO","Industrial","Sim"
"Gerência Regional / GO","860979/2024","Requerimento de Lavra Garimpeira","Requerimento de Lavra Garimpeira","09.667.133/0001-90","COOPERATIVA DOS GARIMPEIROS DE APIACAS - COOGAP","BELA VISTA DE GOIÁS - GO","MINÉRIO DE OURO","Industrial","Sim"
"Gerência Regional / GO","860891/2024","Requerimento de Lavra Garimpeira","Requerimento de Lavra Garimpeira","09.667.133/0001-90","COOPERATIVA DOS GARIMPEIROS DE APIACAS - COOGAP","BELA VISTA DE GOIÁS - GO, SILVÂNIA - GO","MINÉRIO DE OURO","Industrial","Sim"
"Gerência Regional / GO","860890/2024","Requerimento de Lavra Garimpeira","Requerimento de Lavra Garimpeira","09.667.133/0001-90","COOPERATIVA DOS GARIMPEIROS DE APIACAS - COOGAP","JUSSARA - GO","MINÉRIO DE OURO","Industrial","Sim"
"Gerência Regional / GO","860889/2024","Requerimento de Lavra Garimpeira","Requerimento de Lavra Garimpeira","09.667.133/0001-90","COOPERATIVA DOS GARIMPEIROS DE APIACAS - COOGAP","JUSSARA - GO","MINÉRIO DE OURO","Industrial","Sim"
"Gerência Regional / GO","860888/2024","Requerimento de Lavra Garimpeira","Requerimento de Lavra Garimpeira","09.667.133/0001-90","COOPERATIVA DOS GARIMPEIROS DE APIACAS - COOGAP","JUSSARA - GO","MINÉRIO DE OURO","Industrial","Sim"
"Gerência Regional / GO","860887/2024","Requerimento de Lavra Garimpeira","Requerimento de Lavra Garimpeira","09.667.133/0001-90","COOPERATIVA DOS GARIMPEIROS DE APIACAS - COOGAP","JUSSARA - GO","MINÉRIO DE OURO","Industrial","Sim"
"Gerência Regional / GO","860886/2024","Requerimento de Lavra Garimpeira","Requerimento de Lavra Garimpeira","09.667.133/0001-90","COOPERATIVA DOS GARIMPEIROS DE APIACAS - COOGAP","JUSSARA - GO","MINÉRIO DE OURO","Industrial","Sim"
"Gerência Regional / GO","860885/2024","Requerimento de Lavra Garimpeira","Requerimento de Lavra Garimpeira","09.667.133/0001-90","COOPERATIVA DOS GARIMPEIROS DE APIACAS - COOGAP","JUSSARA - GO","MINÉRIO DE OURO","Industrial","Sim"
"Gerência Regional / GO","860884/2024","Requerimento de Lavra Garimpeira","Requerimento de Lavra Garimpeira","09.667.133/0001-90","COOPERATIVA DOS GARIMPEIROS DE APIACAS - COOGAP","FAINA - GO","MINÉRIO DE OURO","Industrial","Sim"
"Gerência Regional / GO","860883/2024","Requerimento de Lavra Garimpeira","Requerimento de Lavra Garimpeira","09.667.133/0001-90","COOPERATIVA DOS GARIMPEIROS DE APIACAS - COOGAP","MATRINCHÃ - GO","MINÉRIO DE OURO","Industrial","Sim"
"Gerência Regional / GO","860882/2024","Requerimento de Lavra Garimpeira","Requerimento de Lavra Garimpeira","09.667.133/0001-90","COOPERATIVA DOS GARIMPEIROS DE APIACAS - COOGAP","MATRINCHÃ - GO","MINÉRIO DE OURO","Industrial","Sim"
"Gerência Regional / GO","860782/2024","Requerimento de Lavra Garimpeira","Requerimento de Lavra Garimpeira","09.667.133/0001-90","COOPERATIVA DOS GARIMPEIROS DE APIACAS - COOGAP","PIRANHAS - GO","MINÉRIO DE OURO","Industrial","Sim"
"Gerência Regional / GO","860781/2024","Requerimento de Lavra Garimpeira","Requerimento de Lavra Garimpeira","09.667.133/0001-90","COOPERATIVA DOS GARIMPEIROS DE APIACAS - COOGAP","NOVO BRASIL - GO","MINÉRIO DE OURO","Industrial","Sim"
"Gerência Regional / GO","860554/2024","Requerimento de Lavra Garimpeira","Requerimento de Lavra Garimpeira","09.667.133/0001-90","COOPERATIVA DOS GARIMPEIROS DE APIACAS - COOGAP","FAINA - GO","MINÉRIO DE OURO","Industrial","Sim"
"Gerência Regional / GO","860553/2024","Requerimento de Lavra Garimpeira","Requerimento de Lavra Garimpeira","09.667.133/0001-90","COOPERATIVA DOS GARIMPEIROS DE APIACAS - COOGAP","ARAGUAPAZ - GO","MINÉRIO DE OURO","Industrial","Sim"
"Gerência Regional / GO","860552/2024","Requerimento de Lavra Garimpeira","Requerimento de Lavra Garimpeira","09.667.133/0001-90","COOPERATIVA DOS GARIMPEIROS DE APIACAS - COOGAP","ARAGUAPAZ - GO","MINÉRIO DE OURO","Industrial","Sim"
"Gerência Regional / GO","860551/2024","Requerimento de Lavra Garimpeira","Requerimento de Lavra Garimpeira","09.667.133/0001-90","COOPERATIVA DOS GARIMPEIROS DE APIACAS - COOGAP","ARAGUAPAZ - GO","MINÉRIO DE OURO","Industrial","Sim"
"Gerência Regional / GO","860550/2024","Requerimento de Lavra Garimpeira","Requerimento de Lavra Garimpeira","09.667.133/0001-90","COOPERATIVA DOS GARIMPEIROS DE APIACAS - COOGAP","ARAGUAPAZ - GO, FAINA - GO","MINÉRIO DE OURO","Industrial","Sim"
"Gerência Regional / GO","860160/2024","Requerimento de Lavra Garimpeira","Requerimento de Lavra Garimpeira","09.667.133/0001-90","COOPERATIVA DOS GARIMPEIROS DE APIACAS - COOGAP","FAINA - GO, GOIÁS - GO","MINÉRIO DE OURO","Industrial","Sim"
"Gerência Regional / GO","860159/2024","Requerimento de Lavra Garimpeira","Requerimento de Lavra Garimpeira","09.667.133/0001-90","COOPERATIVA DOS GARIMPEIROS DE APIACAS - COOGAP","FAINA - GO, GOIÁS - GO","MINÉRIO DE OURO","Industrial","Sim"
"Gerência Regional / GO","860158/2024","Requerimento de Lavra Garimpeira","Requerimento de Lavra Garimpeira","09.667.133/0001-90","COOPERATIVA DOS GARIMPEIROS DE APIACAS - COOGAP","GOIÁS - GO","MINÉRIO DE OURO","Industrial","Sim"
"Gerência Regional / GO","860157/2024","Requerimento de Lavra Garimpeira","Requerimento de Lavra Garimpeira","09.667.133/0001-90","COOPERATIVA DOS GARIMPEIROS DE APIACAS - COOGAP","GOIÁS - GO","MINÉRIO DE OURO","Industrial","Sim"
"Gerência Regional / GO","860156/2024","Requerimento de Lavra Garimpeira","Requerimento de Lavra Garimpeira","09.667.133/0001-90","COOPERATIVA DOS GARIMPEIROS DE APIACAS - COOGAP","FAINA - GO, GOIÁS - GO","MINÉRIO DE OURO","Industrial","Sim"
"Gerência Regional / GO","860155/2024","Requerimento de Lavra Garimpeira","Requerimento de Lavra Garimpeira","09.667.133/0001-90","COOPERATIVA DOS GARIMPEIROS DE APIACAS - COOGAP","GOIÁS - GO","MINÉRIO DE OURO","Industrial","Sim"
"Gerência Regional / GO","860154/2024","Requerimento de Lavra Garimpeira","Requerimento de Lavra Garimpeira","09.667.133/0001-90","COOPERATIVA DOS GARIMPEIROS DE APIACAS - COOGAP","GOIÁS - GO","MINÉRIO DE OURO","Industrial","Sim"
"Gerência Regional / GO","860153/2024","Requerimento de Lavra Garimpeira","Requerimento de Lavra Garimpeira","09.667.133/0001-90","COOPERATIVA DOS GARIMPEIROS DE APIACAS - COOGAP","GOIÁS - GO","MINÉRIO DE OURO","Industrial","Sim"
"Gerência Regional / GO","860152/2024","Requerimento de Lavra Garimpeira","Requerimento de Lavra Garimpeira","09.667.133/0001-90","COOPERATIVA DOS GARIMPEIROS DE APIACAS - COOGAP","GOIÁS - GO, ITAPIRAPUÃ - GO","MINÉRIO DE OURO","Industrial","Sim"
"Gerência Regional / GO","860151/2024","Requerimento de Lavra Garimpeira","Requerimento de Lavra Garimpeira","09.667.133/0001-90","COOPERATIVA DOS GARIMPEIROS DE APIACAS - COOGAP","GOIÁS - GO, ITAPIRAPUÃ - GO","MINÉRIO DE OURO","Industrial","Sim"
"Gerência Regional / GO","860150/2024","Requerimento de Lavra Garimpeira","Requerimento de Lavra Garimpeira","09.667.133/0001-90","COOPERATIVA DOS GARIMPEIROS DE APIACAS - COOGAP","ITAPIRAPUÃ - GO","MINÉRIO DE OURO","Industrial","Sim"
"Gerência Regional / GO","860149/2024","Requerimento de Lavra Garimpeira","Requerimento de Lavra Garimpeira","09.667.133/0001-90","COOPERATIVA DOS GARIMPEIROS DE APIACAS - COOGAP","ITAPIRAPUÃ - GO","MINÉRIO DE OURO","Industrial","Sim"
"Gerência Regional / GO","860148/2024","Requerimento de Lavra Garimpeira","Requerimento de Lavra Garimpeira","09.667.133/0001-90","COOPERATIVA DOS GARIMPEIROS DE APIACAS - COOGAP","ITAPIRAPUÃ - GO","MINÉRIO DE OURO","Industrial","Sim"
"Gerência Regional / GO","860147/2024","Requerimento de Lavra Garimpeira","Requerimento de Lavra Garimpeira","09.667.133/0001-90","COOPERATIVA DOS GARIMPEIROS DE APIACAS - COOGAP","ITAPIRAPUÃ - GO","MINÉRIO DE OURO","Industrial","Sim"
"Gerência Regional / GO","860146/2024","Requerimento de Lavra Garimpeira","Requerimento de Lavra Garimpeira","09.667.133/0001-90","COOPERATIVA DOS GARIMPEIROS DE APIACAS - COOGAP","ITAPIRAPUÃ - GO","MINÉRIO DE OURO","Industrial","Sim"
"Gerência Regional / GO","860111/2024","Requerimento de Lavra Garimpeira","Requerimento de Lavra Garimpeira","09.667.133/0001-90","COOPERATIVA DOS GARIMPEIROS DE APIACAS - COOGAP","BALIZA - GO, BOM JARDIM DE GOIÁS - GO","MINÉRIO DE OURO","Industrial","Sim"
"Gerência Regional / GO","860799/2012","Requerimento de Lavra Garimpeira","Requerimento de Lavra Garimpeira","11.953.412/0001-62","Cooperativa dos Garimpeiros do Araguaia","BALIZA - GO, DOVERLÂNDIA - GO, PONTE BRANCA - MT, RIBEIRÃOZINHO - MT","DIAMANTE","Gema","Sim"
"Gerência Regional / GO","860798/2012","Requerimento de Lavra Garimpeira","Requerimento de Lavra Garimpeira","11.953.412/0001-62","Cooperativa dos Garimpeiros do Araguaia","BALIZA - GO, RIBEIRÃOZINHO - MT","DIAMANTE","Gema","Sim"
"Gerência Regional / GO","860802/2012","Requerimento de Lavra Garimpeira","Requerimento de Lavra Garimpeira","11.953.412/0001-62","Cooperativa dos Garimpeiros do Araguaia","BALIZA - GO, RIBEIRÃOZINHO - MT","DIAMANTE","Gema","Sim"
"Gerência Regional / GO","860801/2012","Requerimento de Lavra Garimpeira","Requerimento de Lavra Garimpeira","11.953.412/0001-62","Cooperativa dos Garimpeiros do Araguaia","BALIZA - GO, RIBEIRÃOZINHO - MT","DIAMANTE","Gema","Sim"
"Gerência Regional / GO","861190/2012","Requerimento de Lavra Garimpeira","Requerimento de Lavra Garimpeira","***.313.381-**","GERSON MARTINS DA COSTA JUNIOR","CAMPOS VERDES - GO","ESMERALDA","Gema","Sim"
"Gerência Regional / GO","861189/2012","Requerimento de Lavra Garimpeira","Requerimento de Lavra Garimpeira","***.313.381-**","GERSON MARTINS DA COSTA JUNIOR","CAMPOS VERDES - GO","ESMERALDA","Gema","Sim"
"Gerência Regional / GO","861183/2012","Requerimento de Lavra Garimpeira","Requerimento de Lavra Garimpeira","***.313.381-**","GERSON MARTINS DA COSTA JUNIOR","CAMPOS VERDES - GO","ESMERALDA","Gema","Sim"
"Gerência Regional / GO","861140/2012","Requerimento de Lavra Garimpeira","Requerimento de Lavra Garimpeira","***.313.381-**","GERSON MARTINS DA COSTA JUNIOR","CAMPOS VERDES - GO","ESMERALDA","Gema","Sim"
"Gerência Regional / GO","861104/2024","Requerimento de Mudança de Regime para PLG","Requerimento de Lavra Garimpeira","***.313.381-**","GERSON MARTINS DA COSTA JUNIOR","MARA ROSA - GO, NOVA IGUAÇU DE GOIÁS - GO","MINÉRIO DE OURO, OURO","Industrial, Industrial","Sim"
"Gerência Regional / GO","861103/2024","Requerimento de Mudança de Regime para PLG","Requerimento de Lavra Garimpeira","***.313.381-**","GERSON MARTINS DA COSTA JUNIOR","MARA ROSA - GO, NOVA IGUAÇU DE GOIÁS - GO","MINÉRIO DE OURO, OURO","Industrial, Industrial","Sim"
"Gerência Regional / GO","861102/2024","Requerimento de Mudança de Regime para PLG","Requerimento de Lavra Garimpeira","***.313.381-**","GERSON MARTINS DA COSTA JUNIOR","MARA ROSA - GO, NOVA IGUAÇU DE GOIÁS - GO","MINÉRIO DE OURO, OURO","Industrial, Industrial","Sim"
"Gerência Regional / GO","860861/1991","Requerimento de Lavra Garimpeira","Requerimento de Lavra Garimpeira","***.313.381-**","GERSON MARTINS DA COSTA JUNIOR","CAMPOS VERDES - GO","ESMERALDA","Demais substâncias","Sim"
"Gerência Regional / GO","860622/1991","Requerimento de Lavra Garimpeira","Requerimento de Lavra Garimpeira","***.313.381-**","GERSON MARTINS DA COSTA JUNIOR","CAMPOS VERDES - GO","ESMERALDA","Demais substâncias","Sim"
"Gerência Regional / GO","860620/1991","Requerimento de Lavra Garimpeira","Requerimento de Lavra Garimpeira","***.313.381-**","GERSON MARTINS DA COSTA JUNIOR","CAMPOS VERDES - GO","ESMERALDA","Demais substâncias","Sim"
"Gerência Regional / GO","860618/1991","Requerimento de Lavra Garimpeira","Requerimento de Lavra Garimpeira","***.313.381-**","GERSON MARTINS DA COSTA JUNIOR","CAMPOS VERDES - GO","ESMERALDA","Demais substâncias","Sim"
"Gerência Regional / GO","860617/1991","Requerimento de Lavra Garimpeira","Requerimento de Lavra Garimpeira","***.313.381-**","GERSON MARTINS DA COSTA JUNIOR","CAMPOS VERDES - GO","ESMERALDA","Demais substâncias","Sim"
"Gerência Regional / GO","860616/1991","Requerimento de Lavra Garimpeira","Requerimento de Lavra Garimpeira","***.313.381-**","GERSON MARTINS DA COSTA JUNIOR","CAMPOS VERDES - GO","ESMERALDA","Demais substâncias","Sim"
"Gerência Regional / GO","860615/1991","Requerimento de Lavra Garimpeira","Requerimento de Lavra Garimpeira","***.313.381-**","GERSON MARTINS DA COSTA JUNIOR","CAMPOS VERDES - GO","ESMERALDA","Demais substâncias","Sim"
"Gerência Regional / GO","860614/1991","Requerimento de Lavra Garimpeira","Requerimento de Lavra Garimpeira","***.313.381-**","GERSON MARTINS DA COSTA JUNIOR","CAMPOS VERDES - GO","ESMERALDA","Demais substâncias","Sim"
"Gerência Regional / GO","861206/2012","Requerimento de Lavra Garimpeira","Requerimento de Lavra Garimpeira","***.313.381-**","GERSON MARTINS DA COSTA JUNIOR","CAMPOS VERDES - GO","ESMERALDA","Gema","Sim"
"Gerência Regional / GO","861205/2012","Requerimento de Lavra Garimpeira","Requerimento de Lavra Garimpeira","***.313.381-**","GERSON MARTINS DA COSTA JUNIOR","CAMPOS VERDES - GO","ESMERALDA","Gema","Sim"
"Gerência Regional / GO","861204/2012","Requerimento de Lavra Garimpeira","Requerimento de Lavra Garimpeira","***.313.381-**","GERSON MARTINS DA COSTA JUNIOR","CAMPOS VERDES - GO","ESMERALDA","Gema","Sim"
"Gerência Regional / GO","861203/2012","Requerimento de Lavra Garimpeira","Requerimento de Lavra Garimpeira","***.313.381-**","GERSON MARTINS DA COSTA JUNIOR","CAMPOS VERDES - GO","ESMERALDA","Gema","Sim"
"Gerência Regional / GO","861202/2012","Requerimento de Lavra Garimpeira","Requerimento de Lavra Garimpeira","***.313.381-**","GERSON MARTINS DA COSTA JUNIOR","CAMPOS VERDES - GO","ESMERALDA","Gema","Sim"
"Gerência Regional / GO","861201/2012","Requerimento de Lavra Garimpeira","Requerimento de Lavra Garimpeira","***.313.381-**","GERSON MARTINS DA COSTA JUNIOR","CAMPOS VERDES - GO","ESMERALDA","Gema","Sim"
"Gerência Regional / GO","861200/2012","Requerimento de Lavra Garimpeira","Requerimento de Lavra Garimpeira","***.313.381-**","GERSON MARTINS DA COSTA JUNIOR","CAMPOS VERDES - GO","ESMERALDA","Gema","Sim"
"Gerência Regional / GO","861199/2012","Requerimento de Lavra Garimpeira","Requerimento de Lavra Garimpeira","***.313.381-**","GERSON MARTINS DA COSTA JUNIOR","CAMPOS VERDES - GO","ESMERALDA","Gema","Sim"
"Gerência Regional / GO","861198/2012","Requerimento de Lavra Garimpeira","Requerimento de Lavra Garimpeira","***.313.381-**","GERSON MARTINS DA COSTA JUNIOR","CAMPOS VERDES - GO","ESMERALDA","Gema","Sim"
"Gerência Regional / GO","861197/2012","Requerimento de Lavra Garimpeira","Requerimento de Lavra Garimpeira","***.313.381-**","GERSON MARTINS DA COSTA JUNIOR","CAMPOS VERDES - GO","ESMERALDA","Gema","Sim"
"Gerência Regional / GO","861196/2012","Requerimento de Lavra Garimpeira","Requerimento de Lavra Garimpeira","***.313.381-**","GERSON MARTINS DA COSTA JUNIOR","CAMPOS VERDES - GO","ESMERALDA","Gema","Sim"
"Gerência Regional / GO","861195/2012","Requerimento de Lavra Garimpeira","Requerimento de Lavra Garimpeira","***.313.381-**","GERSON MARTINS DA COSTA JUNIOR","CAMPOS VERDES - GO","ESMERALDA","Gema","Sim"
"Gerência Regional / GO","861194/2012","Requerimento de Lavra Garimpeira","Requerimento de Lavra Garimpeira","***.313.381-**","GERSON MARTINS DA COSTA JUNIOR","CAMPOS VERDES - GO","ESMERALDA","Gema","Sim"
"Gerência Regional / GO","861193/2012","Requerimento de Lavra Garimpeira","Requerimento de Lavra Garimpeira","***.313.381-**","GERSON MARTINS DA COSTA JUNIOR","CAMPOS VERDES - GO","ESMERALDA","Gema","Sim"
"Gerência Regional / GO","861192/2012","Requerimento de Lavra Garimpeira","Requerimento de Lavra Garimpeira","***.313.381-**","GERSON MARTINS DA COSTA JUNIOR","CAMPOS VERDES - GO","ESMERALDA","Gema","Sim"
"Gerência Regional / GO","860973/2018","Requerimento de Mudança de Regime para PLG","Requerimento de Lavra Garimpeira","12.741.102/0001-47","XIXTO MINERACAO INDUSTRIA E COMERCIO LTDA","MONTIVIDIU DO NORTE - GO","MINÉRIO DE OURO","Industrial","Sim"
"Gerência Regional / GO","861177/2024","Requerimento de Mudança de Regime para PLG","Requerimento de Lavra Garimpeira","***.505.041-**","Darci Pereira Pinto Junior","MONTE ALEGRE DE GOIÁS - GO, NOVA ROMA - GO","MINÉRIO DE OURO","Industrial","Sim"
"Gerência Regional / GO","860837/2021","Requerimento de Lavra Garimpeira","Requerimento de Lavra Garimpeira","***.505.041-**","Darci Pereira Pinto Junior","MONTE ALEGRE DE GOIÁS - GO","MINÉRIO DE OURO","Industrial","Sim"
"Gerência Regional / GO","860437/2021","Requerimento de Lavra Garimpeira","Requerimento de Lavra Garimpeira","***.483.081-**","ADRIANO JOSE DE MOURA SOUSA","NIQUELÂNDIA - GO","MINÉRIO DE OURO","Industrial","Sim"
"Gerência Regional / GO","860022/2024","Requerimento de Mudança de Regime para PLG","Requerimento de Lavra Garimpeira","***.483.081-**","ADRIANO JOSE DE MOURA SOUSA","NIQUELÂNDIA - GO","MINÉRIO DE OURO","Industrial","Sim"
"Gerência Regional / GO","861407/2024","Requerimento de Mudança de Regime para PLG","Requerimento de Lavra Garimpeira","***.483.081-**","ADRIANO JOSE DE MOURA SOUSA","NIQUELÂNDIA - GO","MINÉRIO DE OURO","Industrial","Sim"
"Gerência Regional / GO","861406/2024","Requerimento de Mudança de Regime para PLG","Requerimento de Lavra Garimpeira","***.483.081-**","ADRIANO JOSE DE MOURA SOUSA","NIQUELÂNDIA - GO","MINÉRIO DE OURO","Industrial","Sim"
"Gerência Regional / GO","860470/2023","Requerimento de Mudança de Regime para PLG","Requerimento de Lavra Garimpeira","***.483.081-**","ADRIANO JOSE DE MOURA SOUSA","NIQUELÂNDIA - GO","MINÉRIO DE OURO","Industrial","Sim"
"Gerência Regional / GO","860466/2023","Requerimento de Mudança de Regime para PLG","Requerimento de Lavra Garimpeira","***.483.081-**","ADRIANO JOSE DE MOURA SOUSA","NIQUELÂNDIA - GO","MINÉRIO DE OURO","Industrial","Sim"
"Gerência Regional / GO","861098/2014","Requerimento de Lavra Garimpeira","Requerimento de Lavra Garimpeira","***.562.571-**","JOSE ARRUDA DOS SANTOS","ARENÓPOLIS - GO, DIORAMA - GO","DIAMANTE","Gema","Sim"
"Gerência Regional / GO","860949/2017","Requerimento de Mudança de Regime para PLG","Requerimento de Lavra Garimpeira","***.562.571-**","JOSE ARRUDA DOS SANTOS","ARENÓPOLIS - GO, DIORAMA - GO","DIAMANTE","Industrial","Sim"
"Gerência Regional / GO","861101/2014","Requerimento de Lavra Garimpeira","Requerimento de Lavra Garimpeira","***.562.571-**","JOSE ARRUDA DOS SANTOS","ARENÓPOLIS - GO, MONTES CLAROS DE GOIÁS - GO","DIAMANTE","Gema","Sim"
"Gerência Regional / GO","861230/2024","Requerimento de Lavra Garimpeira","Requerimento de Lavra Garimpeira","22.089.507/0001-04","COOPERATIVA DE MINERACAO MINAS DO BRASIL - MINASBRAS","NOVA IGUAÇU DE GOIÁS - GO","MINÉRIO DE OURO","Industrial","Sim"
"Gerência Regional / GO","860899/2024","Requerimento de Lavra Garimpeira","Requerimento de Lavra Garimpeira","22.089.507/0001-04","COOPERATIVA DE MINERACAO MINAS DO BRASIL - MINASBRAS","CACHOEIRA DE GOIÁS - GO, PARAÚNA - GO","MINÉRIO DE OURO","Industrial","Sim"
"Gerência Regional / GO","861718/2024","Requerimento de Lavra Garimpeira","Requerimento de Lavra Garimpeira","22.089.507/0001-04","COOPERATIVA DE MINERACAO MINAS DO BRASIL - MINASBRAS","APARECIDA DE GOIÂNIA - GO, HIDROLÂNDIA - GO","MINÉRIO DE OURO","Industrial","Sim"
"Gerência Regional / GO","860255/2020","Requerimento de Mudança de Regime para PLG","Requerimento de Lavra Garimpeira","***.427.771-**","Ruiter Félix Badico","CATALÃO - GO, IPAMERI - GO","DIAMANTE, DIAMANTE, MINÉRIO DE OURO","Gema, Industrial, Industrial","Sim"
"Gerência Regional / GO","860889/2016","Requerimento de Lavra Garimpeira","Requerimento de Lavra Garimpeira","***.980.031-**","EURIPEDES OLIVEIRA DE SOUZA","CAIAPÔNIA - GO","DIAMANTE","Industrial","Sim"
"Gerência Regional / GO","860888/2016","Requerimento de Lavra Garimpeira","Requerimento de Lavra Garimpeira","***.980.031-**","EURIPEDES OLIVEIRA DE SOUZA","CAIAPÔNIA - GO","DIAMANTE","Industrial","Sim"
"Gerência Regional / GO","860422/2017","Requerimento de Lavra Garimpeira","Requerimento de Lavra Garimpeira","***.980.031-**","EURIPEDES OLIVEIRA DE SOUZA","CAIAPÔNIA - GO","DIAMANTE","Industrial","Sim"
"Gerência Regional / GO","860212/2016","Requerimento de Lavra Garimpeira","Requerimento de Lavra Garimpeira","***.980.031-**","EURIPEDES OLIVEIRA DE SOUZA","CAIAPÔNIA - GO","DIAMANTE, DIAMANTE","Gema, Industrial","Sim"
"Gerência Regional / GO","860211/2016","Requerimento de Lavra Garimpeira","Requerimento de Lavra Garimpeira","***.980.031-**","EURIPEDES OLIVEIRA DE SOUZA","CAIAPÔNIA - GO","DIAMANTE, DIAMANTE","Gema, Industrial","Sim"
"Gerência Regional / GO","860119/2019","Requerimento de Lavra Garimpeira","Requerimento de Lavra Garimpeira","***.980.031-**","EURIPEDES OLIVEIRA DE SOUZA","CAIAPÔNIA - GO, IVOLÂNDIA - GO","DIAMANTE","Gema","Sim"
"Gerência Regional / GO","860118/2019","Requerimento de Lavra Garimpeira","Requerimento de Lavra Garimpeira","***.980.031-**","EURIPEDES OLIVEIRA DE SOUZA","CAIAPÔNIA - GO","DIAMANTE","Gema","Sim"
"Gerência Regional / GO","860892/2016","Requerimento de Lavra Garimpeira","Requerimento de Lavra Garimpeira","***.980.031-**","EURIPEDES OLIVEIRA DE SOUZA","CAIAPÔNIA - GO, IVOLÂNDIA - GO","DIAMANTE","Industrial","Sim"
"Gerência Regional / GO","860891/2016","Requerimento de Lavra Garimpeira","Requerimento de Lavra Garimpeira","***.980.031-**","EURIPEDES OLIVEIRA DE SOUZA","CAIAPÔNIA - GO","DIAMANTE","Industrial","Sim"
"Gerência Regional / GO","860082/2021","Requerimento de Lavra Garimpeira","Requerimento de Lavra Garimpeira","***.648.751-**","Fabio de Castro Moura","MONTE ALEGRE DE GOIÁS - GO","MINÉRIO DE OURO","Industrial","Sim"
"Gerência Regional / GO","861192/2024","Requerimento de Mudança de Regime para PLG","Requerimento de Lavra Garimpeira","***.265.621-**","Evaldo Teschima Leite","NIQUELÂNDIA - GO","MINÉRIO DE OURO","Industrial","Sim"
"Gerência Regional / GO","860420/2019","Requerimento de Lavra Garimpeira","Requerimento de Lavra Garimpeira","***.955.061-**","Luan Azevedo","MONTIVIDIU DO NORTE - GO","MINÉRIO DE OURO","Industrial","Sim"
"Gerência Regional / GO","860592/2016","Requerimento de Lavra Garimpeira","Requerimento de Lavra Garimpeira","***.626.821-**","Gabriel Terra de Sousa ","FAZENDA NOVA - GO, JAUPACI - GO","DIAMANTE","Gema","Sim"
"Gerência Regional / GO","860952/2018","Requerimento de Lavra Garimpeira","Requerimento de Lavra Garimpeira","***.158.381-**","EULER MARTINS BORGES FILHO","CUMARI - GO","DIAMANTE, DIAMANTE, QUARTZO, QUARTZO","Artesanato  mineral, Gema, Gema, Industrial","Sim"
"Gerência Regional / GO","860073/2016","Requerimento de Lavra Garimpeira","Requerimento de Lavra Garimpeira","***.533.451-**","Mauro Nunes","BELA VISTA DE GOIÁS - GO","QUARTZO, QUARTZO, QUARTZO","Gema, Industrial, Pedra de coleção","Sim"
"Gerência Regional / MG","830792/2017","Requerimento de Lavra Garimpeira","Requerimento de Lavra Garimpeira","***.709.971-**","Macelo Moises Rosa","CATALÃO - GO, GUARDA-MOR - MG","DIAMANTE, DIAMANTE","Gema, Industrial","Sim"
"Gerência Regional / GO","860245/2010","Requerimento de Lavra Garimpeira","Requerimento de Lavra Garimpeira","***.304.506-**","Jorge Luiz Gomes Lemos","TERESINA DE GOIÁS - GO","QUARTZO, QUARTZO","Gema, Industrial","Sim"
"Gerência Regional / GO","860821/2022","Requerimento de Mudança de Regime para PLG","Requerimento de Lavra Garimpeira","***.729.621-**","ALTAIR VIEIRA DA SILVA","CAMPINORTE - GO","MINÉRIO DE OURO","Industrial","Sim"
"Gerência Regional / GO","860251/2014","Requerimento de Lavra Garimpeira","Requerimento de Lavra Garimpeira","***.569.261-**","Laudimar Dias","NIQUELÂNDIA - GO","QUARTZO, QUARTZO","Gema, Pedra de coleção","Sim"
"Gerência Regional / GO","860800/2012","Requerimento de Lavra Garimpeira","Requerimento de Lavra Garimpeira","11.953.412/0001-62","Cooperativa dos Garimpeiros do Araguaia","DOVERLÂNDIA - GO, MINEIROS - GO, PONTE BRANCA - MT","DIAMANTE","Gema","Sim"
"Gerência Regional / GO","860876/2017","Requerimento de Lavra Garimpeira","Requerimento de Lavra Garimpeira","***.842.271-**","Walkiria Hellen Batista Mourão ","JANDAIA - GO","TURMALINA","Gema","Sim"
"Gerência Regional / GO","860663/2020","Requerimento de Lavra Garimpeira","Requerimento de Lavra Garimpeira","***.561.921-**","SIRLEY JOSE DE LIMA","ISRAELÂNDIA - GO","DIAMANTE","Industrial","Sim"
"Gerência Regional / GO","861191/2012","Requerimento de Lavra Garimpeira","Requerimento de Lavra Garimpeira","***.313.381-**","GERSON MARTINS DA COSTA JUNIOR","CAMPOS VERDES - GO","ESMERALDA","Gema","Sim"
"Gerência Regional / GO","860230/2026","Requerimento de Lavra Garimpeira","Requerimento de Lavra Garimpeira","***.604.841-**","JOZAIR FERREIRA DA SILVA","NIQUELÂNDIA - GO","MINÉRIO DE OURO","Industrial","Sim"
"Gerência Regional / GO","860974/2018","Requerimento de Mudança de Regime para PLG","Requerimento de Lavra Garimpeira","12.741.102/0001-47","XIXTO MINERACAO INDUSTRIA E COMERCIO LTDA","MONTIVIDIU DO NORTE - GO","MINÉRIO DE OURO","Industrial","Sim"
"Gerência Regional / GO","860784/2012","Requerimento de Lavra Garimpeira","Requerimento de Lavra Garimpeira","***.543.501-**","Solimar da Silva Fernandes","CAMPOS VERDES - GO","ESMERALDA","Gema","Sim"
"Gerência Regional / GO","860401/2025","Requerimento de Mudança de Regime para PLG","Requerimento de Lavra Garimpeira","***.505.041-**","Darci Pereira Pinto Junior","COLINAS DO SUL - GO","QUARTZO, QUARTZO","Artesanato  mineral, Gema","Sim"
"Gerência Regional / GO","860578/1991","Requerimento de Lavra Garimpeira","Requerimento de Lavra Garimpeira","***.781.731-**","JED JABUR BITTAR","CAMPOS VERDES - GO","ESMERALDA","Demais substâncias","Sim"
"Gerência Regional / GO","860260/2020","Requerimento de Mudança de Regime para PLG","Requerimento de Lavra Garimpeira","***.180.201-**","Walter Divino Bessa Filho","GOIÁS - GO","MINÉRIO DE OURO","Industrial","Sim"
"Gerência Regional / GO","861143/2024","Requerimento de Mudança de Regime para PLG","Requerimento de Lavra Garimpeira","***.409.341-**","DOMINGOS MENDES SANTIAGO","TERESINA DE GOIÁS - GO","MINÉRIO DE OURO","Industrial","Sim"
"Gerência Regional / GO","861560/2012","Requerimento de Lavra Garimpeira","Requerimento de Lavra Garimpeira","***.619.836-**","Ataildes Jales Ferreira","MONTE ALEGRE DE GOIÁS - GO","QUARTZO, QUARTZO, QUARTZO","Gema, Industrial, Pedra de coleção","Sim"
"Gerência Regional / GO","861895/2012","Requerimento de Lavra Garimpeira","Requerimento de Lavra Garimpeira","***.998.181-**","Ernando Ferreira Fialho","DOVERLÂNDIA - GO, MINEIROS - GO","DIAMANTE","Industrial","Sim"
"Gerência Regional / GO","860888/2018","Requerimento de Lavra Garimpeira","Requerimento de Lavra Garimpeira","***.657.721-**","Tiago Antônio de Souza Dantas","ISRAELÂNDIA - GO","DIAMANTE","Industrial","Sim"
"Gerência Regional / GO","860438/2021","Requerimento de Lavra Garimpeira","Requerimento de Lavra Garimpeira","***.483.081-**","ADRIANO JOSE DE MOURA SOUSA","NIQUELÂNDIA - GO","MINÉRIO DE OURO","Industrial","Sim"
"Gerência Regional / GO","861100/2014","Requerimento de Lavra Garimpeira","Requerimento de Lavra Garimpeira","***.562.571-**","JOSE ARRUDA DOS SANTOS","ARENÓPOLIS - GO, MONTES CLAROS DE GOIÁS - GO","DIAMANTE","Gema","Sim"
"Gerência Regional / GO","861231/2024","Requerimento de Lavra Garimpeira","Requerimento de Lavra Garimpeira","22.089.507/0001-04","COOPERATIVA DE MINERACAO MINAS DO BRASIL - MINASBRAS","TRINDADE - GO","MINÉRIO DE OURO","Industrial","Sim"
"Gerência Regional / GO","861034/2015","Requerimento de Lavra Garimpeira","Requerimento de Lavra Garimpeira","***.614.981-**","Maria das Dores Rabelo","HIDROLINA - GO","QUARTZO","Pedra de coleção","Sim"
"Gerência Regional / GO","860550/2018","Requerimento de Lavra Garimpeira","Requerimento de Lavra Garimpeira","***.427.771-**","Ruiter Félix Badico","CAMPO ALEGRE DE GOIÁS - GO, IPAMERI - GO","DIAMANTE, MINÉRIO DE OURO","Gema, Industrial","Sim"
"Gerência Regional / GO","861509/2015","Requerimento de Lavra Garimpeira","Requerimento de Lavra Garimpeira","***.816.101-**","Jerônimo Ferreira da Cunha","CERES - GO","TURMALINA","Gema","Sim"
"Gerência Regional / GO","860074/2016","Requerimento de Lavra Garimpeira","Requerimento de Lavra Garimpeira","***.787.847-**","Gustavo Marinho do Vale","BELA VISTA DE GOIÁS - GO","QUARTZO, QUARTZO, QUARTZO","Gema, Industrial, Pedra de coleção","Sim"
"Gerência Regional / GO","860543/2016","Requerimento de Lavra Garimpeira","Requerimento de Lavra Garimpeira","16.699.143/0001-73","NATALIA ANDRADE RIBEIRO NR MINERAÇÃO","CRISTALINA - GO","QUARTZO","Gema","Sim"
"Gerência Regional / GO","860930/2016","Requerimento de Lavra Garimpeira","Requerimento de Lavra Garimpeira","***.555.671-**","UELICA SOUSA DOS SANTOS","PIRANHAS - GO","DIAMANTE","Industrial","Sim"
"Gerência Regional / GO","860890/2016","Requerimento de Lavra Garimpeira","Requerimento de Lavra Garimpeira","***.980.031-**","EURIPEDES OLIVEIRA DE SOUZA","CAIAPÔNIA - GO","DIAMANTE","Industrial","Sim"
"Gerência Regional / GO","860418/2021","Requerimento de Lavra Garimpeira","Requerimento de Lavra Garimpeira","***.648.751-**","Fabio de Castro Moura","MONTE ALEGRE DE GOIÁS - GO","MINÉRIO DE OURO","Industrial","Sim"
"Gerência Regional / GO","860424/2019","Requerimento de Lavra Garimpeira","Requerimento de Lavra Garimpeira","***.955.061-**","Luan Azevedo","MONTIVIDIU DO NORTE - GO","MINÉRIO DE OURO","Industrial","Sim"
"Gerência Regional / GO","860593/2016","Requerimento de Lavra Garimpeira","Requerimento de Lavra Garimpeira","***.626.821-**","Gabriel Terra de Sousa ","FAZENDA NOVA - GO, JAUPACI - GO","DIAMANTE","Gema","Sim"
"Gerência Regional / GO","860164/2020","Requerimento de Lavra Garimpeira","Requerimento de Lavra Garimpeira","***.370.876-**","Moisés Batista da Silva","SANTA CRUZ DE GOIÁS - GO","DIAMANTE, MINÉRIO DE OURO","Gema, Industrial","Sim"
"Gerência Regional / GO","861015/2016","Requerimento de Lavra Garimpeira","Requerimento de Lavra Garimpeira","***.236.541-**","Alceu Celestino das Chagas","NIQUELÂNDIA - GO","QUARTZO, QUARTZO","Gema, Industrial","Sim"
"Gerência Regional / GO","861025/2016","Requerimento de Lavra Garimpeira","Requerimento de Lavra Garimpeira","***.850.631-**","Pedro André Martins","CAMPOS VERDES - GO","MINÉRIO DE OURO","Industrial","Sim"
"Gerência Regional / GO","860040/2017","Requerimento de Lavra Garimpeira","Requerimento de Lavra Garimpeira","***.588.821-**","Silvia Vaz de Almeida","NIQUELÂNDIA - GO","MINÉRIO DE OURO","Industrial","Sim"
"Gerência Regional / MG","832360/2018","Requerimento de Lavra Garimpeira","Requerimento de Lavra Garimpeira","***.158.381-**","EULER MARTINS BORGES FILHO","ARAGUARI - MG","DIAMANTE, DIAMANTE, QUARTZO, QUARTZO","Artesanato  mineral, Gema, Gema, Industrial","Sim"
"Gerência Regional / GO","860845/2019","Requerimento de Lavra Garimpeira","Requerimento de Lavra Garimpeira","***.959.861-**","NORTON JESUS COSTA","NIQUELÂNDIA - GO","MINÉRIO DE OURO","Industrial","Sim"
"Gerência Regional / GO","860588/2020","Requerimento de Lavra Garimpeira","Requerimento de Lavra Garimpeira","***.824.131-**","TALES DE MELO","MARA ROSA - GO","MINÉRIO DE OURO","Industrial","Sim"
"Gerência Regional / GO","860587/2020","Requerimento de Lavra Garimpeira","Requerimento de Lavra Garimpeira","***.824.131-**","TALES DE MELO","MARA ROSA - GO","MINÉRIO DE OURO","Industrial","Sim"
"Gerência Regional / GO","860572/2020","Requerimento de Lavra Garimpeira","Requerimento de Lavra Garimpeira","***.824.131-**","TALES DE MELO","ALTO HORIZONTE - GO","MINÉRIO DE OURO","Industrial","Sim"
"Gerência Regional / GO","860571/2020","Requerimento de Lavra Garimpeira","Requerimento de Lavra Garimpeira","***.824.131-**","TALES DE MELO","ALTO HORIZONTE - GO, MARA ROSA - GO","MINÉRIO DE OURO","Industrial","Sim"
"Gerência Regional / GO","860570/2020","Requerimento de Lavra Garimpeira","Requerimento de Lavra Garimpeira","***.824.131-**","TALES DE MELO","ALTO HORIZONTE - GO, MARA ROSA - GO","MINÉRIO DE OURO","Industrial","Sim"
"Gerência Regional / GO","860565/2020","Requerimento de Lavra Garimpeira","Requerimento de Lavra Garimpeira","***.824.131-**","TALES DE MELO","CAMPOS VERDES - GO","MINÉRIO DE OURO","Industrial","Sim"
"Gerência Regional / GO","860564/2020","Requerimento de Lavra Garimpeira","Requerimento de Lavra Garimpeira","***.824.131-**","TALES DE MELO","CAMPOS VERDES - GO","MINÉRIO DE OURO","Industrial","Sim"
"Gerência Regional / GO","860277/2020","Requerimento de Mudança de Regime para PLG","Requerimento de Lavra Garimpeira","***.824.131-**","TALES DE MELO","MARA ROSA - GO","MINÉRIO DE OURO","Industrial","Sim"
"Gerência Regional / GO","860276/2020","Requerimento de Mudança de Regime para PLG","Requerimento de Lavra Garimpeira","***.824.131-**","TALES DE MELO","MARA ROSA - GO","MINÉRIO DE OURO","Industrial","Sim"
"Gerência Regional / GO","860275/2020","Requerimento de Mudança de Regime para PLG","Requerimento de Lavra Garimpeira","***.824.131-**","TALES DE MELO","MARA ROSA - GO","MINÉRIO DE OURO","Industrial","Sim"
"Gerência Regional / GO","860274/2020","Requerimento de Mudança de Regime para PLG","Requerimento de Lavra Garimpeira","***.824.131-**","TALES DE MELO","MARA ROSA - GO","MINÉRIO DE OURO","Industrial","Sim"
"Gerência Regional / GO","860175/2020","Requerimento de Mudança de Regime para PLG","Requerimento de Lavra Garimpeira","***.824.131-**","TALES DE MELO","MARA ROSA - GO","MINÉRIO DE OURO","Industrial","Sim"
"Gerência Regional / GO","860013/2019","Requerimento de Lavra Garimpeira","Requerimento de Lavra Garimpeira","***.824.131-**","TALES DE MELO","CAMPOS VERDES - GO","MINÉRIO DE OURO","Industrial","Sim"
"Gerência Regional / GO","860004/2019","Requerimento de Lavra Garimpeira","Requerimento de Lavra Garimpeira","***.824.131-**","TALES DE MELO","MARA ROSA - GO","MINÉRIO DE OURO","Industrial","Sim"
"Gerência Regional / GO","861426/2021","Requerimento de Mudança de Regime para PLG","Requerimento de Lavra Garimpeira","***.824.131-**","TALES DE MELO","MUTUNÓPOLIS - GO, PORANGATU - GO","MINÉRIO DE OURO","Industrial","Sim"
"Gerência Regional / GO","861425/2021","Requerimento de Mudança de Regime para PLG","Requerimento de Lavra Garimpeira","***.824.131-**","TALES DE MELO","PORANGATU - GO","MINÉRIO DE OURO","Industrial","Sim"
"Gerência Regional / GO","861424/2021","Requerimento de Mudança de Regime para PLG","Requerimento de Lavra Garimpeira","***.824.131-**","TALES DE MELO","PORANGATU - GO","MINÉRIO DE OURO","Industrial","Sim"
"Gerência Regional / GO","861423/2021","Requerimento de Mudança de Regime para PLG","Requerimento de Lavra Garimpeira","***.824.131-**","TALES DE MELO","PORANGATU - GO","MINÉRIO DE OURO","Industrial","Sim"
"Gerência Regional / GO","861422/2021","Requerimento de Mudança de Regime para PLG","Requerimento de Lavra Garimpeira","***.824.131-**","TALES DE MELO","PORANGATU - GO","MINÉRIO DE OURO","Industrial","Sim"
"Gerência Regional / GO","861421/2021","Requerimento de Mudança de Regime para PLG","Requerimento de Lavra Garimpeira","***.824.131-**","TALES DE MELO","PORANGATU - GO","MINÉRIO DE OURO","Industrial","Sim"
"Gerência Regional / GO","860968/2018","Requerimento de Lavra Garimpeira","Requerimento de Lavra Garimpeira","***.824.131-**","TALES DE MELO","ALTO HORIZONTE - GO","MINÉRIO DE OURO","Industrial","Sim"
"Gerência Regional / GO","860967/2018","Requerimento de Lavra Garimpeira","Requerimento de Lavra Garimpeira","***.824.131-**","TALES DE MELO","CAMPOS VERDES - GO","MINÉRIO DE OURO","Industrial","Sim"
"Gerência Regional / GO","860966/2018","Requerimento de Lavra Garimpeira","Requerimento de Lavra Garimpeira","***.824.131-**","TALES DE MELO","ALTO HORIZONTE - GO","MINÉRIO DE OURO","Industrial","Sim"
"Gerência Regional / GO","860965/2018","Requerimento de Lavra Garimpeira","Requerimento de Lavra Garimpeira","***.824.131-**","TALES DE MELO","CAMPOS VERDES - GO","MINÉRIO DE OURO","Industrial","Sim"
"Gerência Regional / GO","860962/2018","Requerimento de Lavra Garimpeira","Requerimento de Lavra Garimpeira","***.824.131-**","TALES DE MELO","CAMPOS VERDES - GO","MINÉRIO DE OURO","Industrial","Sim"
"Gerência Regional / GO","860959/2018","Requerimento de Lavra Garimpeira","Requerimento de Lavra Garimpeira","***.824.131-**","TALES DE MELO","CAMPOS VERDES - GO","MINÉRIO DE OURO","Industrial","Sim"
"Gerência Regional / GO","860956/2018","Requerimento de Lavra Garimpeira","Requerimento de Lavra Garimpeira","***.824.131-**","TALES DE MELO","CAMPOS VERDES - GO","MINÉRIO DE OURO","Industrial","Sim"
"Gerência Regional / GO","860590/2020","Requerimento de Lavra Garimpeira","Requerimento de Lavra Garimpeira","***.824.131-**","TALES DE MELO","MARA ROSA - GO","MINÉRIO DE OURO","Industrial","Sim"
"Gerência Regional / GO","861592/2021","Requerimento de Mudança de Regime para PLG","Requerimento de Lavra Garimpeira","***.823.831-**","TARRIGAN DE MELO","MARA ROSA - GO","MINÉRIO DE OURO","Industrial","Sim"
"Gerência Regional / GO","861591/2021","Requerimento de Mudança de Regime para PLG","Requerimento de Lavra Garimpeira","***.823.831-**","TARRIGAN DE MELO","MARA ROSA - GO","MINÉRIO DE OURO","Industrial","Sim"
"Gerência Regional / GO","861420/2021","Requerimento de Mudança de Regime para PLG","Requerimento de Lavra Garimpeira","***.823.831-**","TARRIGAN DE MELO","MUTUNÓPOLIS - GO","MINÉRIO DE OURO","Industrial","Sim"
"Gerência Regional / GO","861419/2021","Requerimento de Mudança de Regime para PLG","Requerimento de Lavra Garimpeira","***.823.831-**","TARRIGAN DE MELO","MUTUNÓPOLIS - GO","MINÉRIO DE OURO","Industrial","Sim"
"Gerência Regional / GO","861418/2021","Requerimento de Mudança de Regime para PLG","Requerimento de Lavra Garimpeira","***.823.831-**","TARRIGAN DE MELO","MUTUNÓPOLIS - GO","MINÉRIO DE OURO","Industrial","Sim"
"Gerência Regional / GO","861417/2021","Requerimento de Mudança de Regime para PLG","Requerimento de Lavra Garimpeira","***.823.831-**","TARRIGAN DE MELO","MUTUNÓPOLIS - GO","MINÉRIO DE OURO","Industrial","Sim"
"Gerência Regional / GO","861416/2021","Requerimento de Mudança de Regime para PLG","Requerimento de Lavra Garimpeira","***.823.831-**","TARRIGAN DE MELO","MUTUNÓPOLIS - GO, PORANGATU - GO","MINÉRIO DE OURO","Industrial","Sim"
"Gerência Regional / GO","861415/2021","Requerimento de Mudança de Regime para PLG","Requerimento de Lavra Garimpeira","***.823.831-**","TARRIGAN DE MELO","MUTUNÓPOLIS - GO, PORANGATU - GO","MINÉRIO DE OURO","Industrial","Sim"
"Gerência Regional / GO","861414/2021","Requerimento de Mudança de Regime para PLG","Requerimento de Lavra Garimpeira","***.823.831-**","TARRIGAN DE MELO","AMARALINA - GO","MINÉRIO DE OURO","Industrial","Sim"
"Gerência Regional / GO","861413/2021","Requerimento de Mudança de Regime para PLG","Requerimento de Lavra Garimpeira","***.823.831-**","TARRIGAN DE MELO","AMARALINA - GO","MINÉRIO DE OURO","Industrial","Sim"
"Gerência Regional / GO","861412/2021","Requerimento de Mudança de Regime para PLG","Requerimento de Lavra Garimpeira","***.823.831-**","TARRIGAN DE MELO","AMARALINA - GO","MINÉRIO DE OURO","Industrial","Sim"
"Gerência Regional / GO","861411/2021","Requerimento de Mudança de Regime para PLG","Requerimento de Lavra Garimpeira","***.823.831-**","TARRIGAN DE MELO","MARA ROSA - GO","MINÉRIO DE OURO","Industrial","Sim"
"Gerência Regional / GO","861410/2021","Requerimento de Mudança de Regime para PLG","Requerimento de Lavra Garimpeira","***.823.831-**","TARRIGAN DE MELO","MARA ROSA - GO","MINÉRIO DE OURO","Industrial","Sim"
"Gerência Regional / GO","861409/2021","Requerimento de Mudança de Regime para PLG","Requerimento de Lavra Garimpeira","***.823.831-**","TARRIGAN DE MELO","MARA ROSA - GO","MINÉRIO DE OURO","Industrial","Sim"
"Gerência Regional / GO","861408/2021","Requerimento de Mudança de Regime para PLG","Requerimento de Lavra Garimpeira","***.823.831-**","TARRIGAN DE MELO","MARA ROSA - GO","MINÉRIO DE OURO","Industrial","Sim"
"Gerência Regional / GO","861407/2021","Requerimento de Mudança de Regime para PLG","Requerimento de Lavra Garimpeira","***.823.831-**","TARRIGAN DE MELO","MARA ROSA - GO","MINÉRIO DE OURO","Industrial","Sim"
"Gerência Regional / GO","861604/2021","Requerimento de Mudança de Regime para PLG","Requerimento de Lavra Garimpeira","***.823.831-**","TARRIGAN DE MELO","MUTUNÓPOLIS - GO","MINÉRIO DE OURO","Industrial","Sim"
"Gerência Regional / GO","861603/2021","Requerimento de Mudança de Regime para PLG","Requerimento de Lavra Garimpeira","***.823.831-**","TARRIGAN DE MELO","MUTUNÓPOLIS - GO","MINÉRIO DE OURO","Industrial","Sim"
"Gerência Regional / GO","861602/2021","Requerimento de Mudança de Regime para PLG","Requerimento de Lavra Garimpeira","***.823.831-**","TARRIGAN DE MELO","MUTUNÓPOLIS - GO","MINÉRIO DE OURO","Industrial","Sim"
"Gerência Regional / GO","861601/2021","Requerimento de Mudança de Regime para PLG","Requerimento de Lavra Garimpeira","***.823.831-**","TARRIGAN DE MELO","MUTUNÓPOLIS - GO","MINÉRIO DE OURO","Industrial","Sim"
"Gerência Regional / GO","861600/2021","Requerimento de Mudança de Regime para PLG","Requerimento de Lavra Garimpeira","***.823.831-**","TARRIGAN DE MELO","MUTUNÓPOLIS - GO","MINÉRIO DE OURO","Industrial","Sim"
"Gerência Regional / GO","861599/2021","Requerimento de Mudança de Regime para PLG","Requerimento de Lavra Garimpeira","***.823.831-**","TARRIGAN DE MELO","MUTUNÓPOLIS - GO","MINÉRIO DE OURO","Industrial","Sim"
"Gerência Regional / GO","861598/2021","Requerimento de Mudança de Regime para PLG","Requerimento de Lavra Garimpeira","***.823.831-**","TARRIGAN DE MELO","MUTUNÓPOLIS - GO","MINÉRIO DE OURO","Industrial","Sim"
"Gerência Regional / GO","861597/2021","Requerimento de Mudança de Regime para PLG","Requerimento de Lavra Garimpeira","***.823.831-**","TARRIGAN DE MELO","MUTUNÓPOLIS - GO, PORANGATU - GO","MINÉRIO DE OURO","Industrial","Sim"
"Gerência Regional / GO","861596/2021","Requerimento de Mudança de Regime para PLG","Requerimento de Lavra Garimpeira","***.823.831-**","TARRIGAN DE MELO","MARA ROSA - GO","MINÉRIO DE OURO","Industrial","Sim"
"Gerência Regional / GO","861595/2021","Requerimento de Mudança de Regime para PLG","Requerimento de Lavra Garimpeira","***.823.831-**","TARRIGAN DE MELO","MARA ROSA - GO","MINÉRIO DE OURO","Industrial","Sim"
"Gerência Regional / GO","861594/2021","Requerimento de Mudança de Regime para PLG","Requerimento de Lavra Garimpeira","***.823.831-**","TARRIGAN DE MELO","MARA ROSA - GO","MINÉRIO DE OURO","Industrial","Sim"
"Gerência Regional / GO","860336/2020","Requerimento de Mudança de Regime para PLG","Requerimento de Lavra Garimpeira","***.744.625-**","IDAIANE COSTA VIEIRA","SÃO DOMINGOS - GO","MINÉRIO DE OURO","Industrial","Sim"
"Gerência Regional / GO","860803/2018","Requerimento de Lavra Garimpeira","Requerimento de Lavra Garimpeira","***.691.651-**","RICARDO JOSE GADANI","OUVIDOR - GO","TANTALITA","Gema","Sim"
"Gerência Regional / GO","860611/2018","Requerimento de Lavra Garimpeira","Requerimento de Lavra Garimpeira","***.254.791-**","Izabel Rodrigues Santos Borges","ARRAIAS - TO, CAVALCANTE - GO","MINÉRIO DE OURO","Industrial","Sim"
"Gerência Regional / GO","860806/2018","Requerimento de Lavra Garimpeira","Requerimento de Lavra Garimpeira","***.437.502-**","Acioli José Teixeira Filho","OUVIDOR - GO","TANTALITA","Gema","Sim"
"Gerência Regional / GO","860805/2018","Requerimento de Lavra Garimpeira","Requerimento de Lavra Garimpeira","***.437.502-**","Acioli José Teixeira Filho","OUVIDOR - GO","TANTALITA","Gema","Sim"
"Gerência Regional / GO","860165/2020","Requerimento de Lavra Garimpeira","Requerimento de Lavra Garimpeira","***.412.461-**","WANIA MARIA ALVES DA SILVA ALENCAR","CAMPO ALEGRE DE GOIÁS - GO, IPAMERI - GO","DIAMANTE, MINÉRIO DE OURO","Gema, Industrial","Sim"
"Gerência Regional / GO","860116/2019","Requerimento de Lavra Garimpeira","Requerimento de Lavra Garimpeira","***.377.878-**","JOSÉ CARLOS DE MENEZES SEMBENELLI","JUSSARA - GO, MONTES CLAROS DE GOIÁS - GO","DIAMANTE, MINÉRIO DE OURO","Industrial, Industrial","Sim"
"Gerência Regional / GO","860135/2019","Requerimento de Lavra Garimpeira","Requerimento de Lavra Garimpeira","***.215.911-**","SERGIO HENRIQUE CANUTO DE OLIVEIRA","PIRENÓPOLIS - GO","MINÉRIO DE OURO","Industrial","Sim"
"Gerência Regional / GO","860087/2020","Requerimento de Lavra Garimpeira","Requerimento de Lavra Garimpeira","***.782.226-**","ROGER GIOVANE XAVIER","NIQUELÂNDIA - GO","MINÉRIO DE OURO","Industrial","Sim"
"Gerência Regional / GO","860077/2020","Requerimento de Lavra Garimpeira","Requerimento de Lavra Garimpeira","***.782.226-**","ROGER GIOVANE XAVIER","NIQUELÂNDIA - GO","MINÉRIO DE OURO","Industrial","Sim"
"Gerência Regional / GO","860843/2019","Requerimento de Lavra Garimpeira","Requerimento de Lavra Garimpeira","***.782.226-**","ROGER GIOVANE XAVIER","NIQUELÂNDIA - GO","MINÉRIO DE OURO, QUARTZO, QUARTZO, QUARTZO","Artesanato  mineral, Gema, Industrial, Industrial","Sim"
"Gerência Regional / GO","860100/2020","Requerimento de Lavra Garimpeira","Requerimento de Lavra Garimpeira","***.782.226-**","ROGER GIOVANE XAVIER","NIQUELÂNDIA - GO","MINÉRIO DE OURO","Industrial","Sim"
"Gerência Regional / GO","860099/2020","Requerimento de Lavra Garimpeira","Requerimento de Lavra Garimpeira","***.782.226-**","ROGER GIOVANE XAVIER","NIQUELÂNDIA - GO","MINÉRIO DE OURO","Industrial","Sim"
"Gerência Regional / GO","860098/2020","Requerimento de Lavra Garimpeira","Requerimento de Lavra Garimpeira","***.782.226-**","ROGER GIOVANE XAVIER","NIQUELÂNDIA - GO","MINÉRIO DE OURO","Industrial","Sim"
"Gerência Regional / GO","860097/2020","Requerimento de Lavra Garimpeira","Requerimento de Lavra Garimpeira","***.782.226-**","ROGER GIOVANE XAVIER","NIQUELÂNDIA - GO","MINÉRIO DE OURO","Industrial","Sim"
"Gerência Regional / GO","860095/2020","Requerimento de Lavra Garimpeira","Requerimento de Lavra Garimpeira","***.782.226-**","ROGER GIOVANE XAVIER","NIQUELÂNDIA - GO","MINÉRIO DE OURO","Industrial","Sim"
"Gerência Regional / GO","860094/2020","Requerimento de Lavra Garimpeira","Requerimento de Lavra Garimpeira","***.782.226-**","ROGER GIOVANE XAVIER","NIQUELÂNDIA - GO","MINÉRIO DE OURO","Industrial","Sim"
"Gerência Regional / GO","860093/2020","Requerimento de Lavra Garimpeira","Requerimento de Lavra Garimpeira","***.782.226-**","ROGER GIOVANE XAVIER","NIQUELÂNDIA - GO","MINÉRIO DE OURO","Industrial","Sim"
"Gerência Regional / GO","860092/2020","Requerimento de Lavra Garimpeira","Requerimento de Lavra Garimpeira","***.782.226-**","ROGER GIOVANE XAVIER","NIQUELÂNDIA - GO","MINÉRIO DE OURO","Industrial","Sim"
"Gerência Regional / GO","860091/2020","Requerimento de Lavra Garimpeira","Requerimento de Lavra Garimpeira","***.782.226-**","ROGER GIOVANE XAVIER","NIQUELÂNDIA - GO","MINÉRIO DE OURO","Industrial","Sim"
"Gerência Regional / GO","860090/2020","Requerimento de Lavra Garimpeira","Requerimento de Lavra Garimpeira","***.782.226-**","ROGER GIOVANE XAVIER","NIQUELÂNDIA - GO","MINÉRIO DE OURO","Industrial","Sim"
"Gerência Regional / GO","860089/2020","Requerimento de Lavra Garimpeira","Requerimento de Lavra Garimpeira","***.782.226-**","ROGER GIOVANE XAVIER","NIQUELÂNDIA - GO","MINÉRIO DE OURO","Industrial","Sim"
"Gerência Regional / GO","860244/2020","Requerimento de Mudança de Regime para PLG","Requerimento de Lavra Garimpeira","***.700.321-**","Diefferson Ferreira Vaz Neto","DAVINÓPOLIS - GO","DIAMANTE, DIAMANTE","Gema, Industrial","Sim"
"Gerência Regional / GO","860243/2020","Requerimento de Mudança de Regime para PLG","Requerimento de Lavra Garimpeira","***.700.321-**","Diefferson Ferreira Vaz Neto","DAVINÓPOLIS - GO","DIAMANTE, DIAMANTE","Gema, Industrial","Sim"
"Gerência Regional / MT","866938/2020","Requerimento de Lavra Garimpeira","Requerimento de Lavra Garimpeira","36.983.022/0001-66","COOPERATIVA DOS MINERADOES DO VALE DO GUAPORE","ARAGUAIANA - MT, ARUANÃ - GO, BRITÂNIA - GO, COCALINHO - MT, JUSSARA - GO","DIAMANTE","Industrial","Sim"
"Gerência Regional / MT","866936/2020","Requerimento de Lavra Garimpeira","Requerimento de Lavra Garimpeira","36.983.022/0001-66","COOPERATIVA DOS MINERADOES DO VALE DO GUAPORE","ARAGUAIANA - MT, JUSSARA - GO, MONTES CLAROS DE GOIÁS - GO","DIAMANTE","Industrial","Sim"
"Gerência Regional / GO","860068/2022","Requerimento de Lavra Garimpeira","Requerimento de Lavra Garimpeira","36.374.535/0001-70","COOPERATIVA DE GARIMPEIROS E MINERADORES DO NORTE DO BRASIL","GOIANÁPOLIS - GO, GOIÂNIA - GO","QUARTZO","Industrial","Sim"
"Gerência Regional / GO","860300/2020","Requerimento de Lavra Garimpeira","Requerimento de Lavra Garimpeira","***.287.861-**","OSVALDO HENRIQUE BARBOSA BRAZ","JARAGUÁ - GO","MINÉRIO DE OURO","Industrial","Sim"
"Gerência Regional / GO","861487/2021","Requerimento de Mudança de Regime para PLG","Requerimento de Lavra Garimpeira","37.499.752/0001-59","COOPERATIVA MINERAL DA BACIA DO TAPAJOS DE ITAITUBA - COOPERMIX GOLD","FAINA - GO","MINÉRIO DE OURO","Industrial","Sim"
"Gerência Regional / GO","860306/2026","Requerimento de Mudança de Regime para PLG","Requerimento de Lavra Garimpeira","37.873.043/0001-91","MINERACAO ATLANTA LTDA","SÃO LUIZ DO NORTE - GO","MINÉRIO DE OURO","Industrial","Sim"
"Gerência Regional / GO","860601/2020","Requerimento de Lavra Garimpeira","Requerimento de Lavra Garimpeira","38.488.289/0001-02","GOLDMILE MINEIRADORA EIRELI","UIRAPURU - GO","MINÉRIO DE OURO","Industrial","Sim"
"Gerência Regional / GO","861121/2025","Requerimento de Lavra Garimpeira","Requerimento de Lavra Garimpeira","39.913.569/0001-83","COOPERATIVA DE MINERADORES DO CENTRO OESTE - COMICEO","FORMOSO - GO","MINÉRIO DE OURO","Industrial","Sim"
"Gerência Regional / GO","861120/2025","Requerimento de Lavra Garimpeira","Requerimento de Lavra Garimpeira","39.913.569/0001-83","COOPERATIVA DE MINERADORES DO CENTRO OESTE - COMICEO","SANTA TEREZA DE GOIÁS - GO","MINÉRIO DE OURO","Industrial","Sim"
"Gerência Regional / GO","861119/2025","Requerimento de Lavra Garimpeira","Requerimento de Lavra Garimpeira","39.913.569/0001-83","COOPERATIVA DE MINERADORES DO CENTRO OESTE - COMICEO","SANTA TEREZA DE GOIÁS - GO","MINÉRIO DE OURO","Industrial","Sim"
"Gerência Regional / GO","861117/2025","Requerimento de Lavra Garimpeira","Requerimento de Lavra Garimpeira","39.913.569/0001-83","COOPERATIVA DE MINERADORES DO CENTRO OESTE - COMICEO","GUARINOS - GO, SANTA TEREZINHA DE GOIÁS - GO","MINÉRIO DE OURO","Industrial","Sim"
"Gerência Regional / GO","860173/2021","Requerimento de Lavra Garimpeira","Requerimento de Lavra Garimpeira","***.765.531-**","ROBERTO AUGUSTO DA SILVA","NIQUELÂNDIA - GO","MINÉRIO DE OURO","Industrial","Sim"
"Gerência Regional / GO","860162/2021","Requerimento de Lavra Garimpeira","Requerimento de Lavra Garimpeira","***.765.531-**","ROBERTO AUGUSTO DA SILVA","GOIANÉSIA - GO","MINÉRIO DE OURO","Industrial","Sim"
"Gerência Regional / GO","860176/2021","Requerimento de Lavra Garimpeira","Requerimento de Lavra Garimpeira","***.765.531-**","ROBERTO AUGUSTO DA SILVA","SÃO DOMINGOS - GO","MINÉRIO DE OURO","Industrial","Sim"
"Gerência Regional / GO","860873/2025","Requerimento de Lavra Garimpeira","Requerimento de Lavra Garimpeira","42.379.341/0001-60","COOPERATIVA DEUS E AMOR","MONTE ALEGRE DE GOIÁS - GO","CASSITERITA","Industrial","Sim"
"Gerência Regional / GO","860289/2022","Requerimento de Mudança de Regime para PLG","Requerimento de Lavra Garimpeira","44.886.062/0001-18","COOPROGESCO COOPERATIVA DE PRODUCAO DE OURO E GEMAS DO ESTADO DE GOIAS","NIQUELÂNDIA - GO","MINÉRIO DE OURO","Industrial","Sim"
"Gerência Regional / GO","860069/2022","Requerimento de Mudança de Regime para PLG","Requerimento de Lavra Garimpeira","44.886.062/0001-18","COOPROGESCO COOPERATIVA DE PRODUCAO DE OURO E GEMAS DO ESTADO DE GOIAS","PILAR DE GOIÁS - GO","MINÉRIO DE OURO","Industrial","Sim"
"Gerência Regional / GO","861155/2024","Requerimento de Mudança de Regime para PLG","Requerimento de Lavra Garimpeira","44.886.062/0001-18","COOPROGESCO COOPERATIVA DE PRODUCAO DE OURO E GEMAS DO ESTADO DE GOIAS","NIQUELÂNDIA - GO, SANTA RITA DO NOVO DESTINO - GO","MINÉRIO DE OURO","Industrial","Sim"
"Gerência Regional / GO","860570/2022","Requerimento de Lavra Garimpeira","Requerimento de Lavra Garimpeira","46.436.704/0001-02","COOPMGE - COOPERATIVA DE MINERADORES E GARIMPEIROS ELDORADO","ARUANÃ - GO, MOZARLÂNDIA - GO, NOVA CRIXÁS - GO","CASSITERITA, COLUMBITA, MINÉRIO DE OURO, TANTALITA","Gema, Gema, Industrial, Industrial","Sim"
"Gerência Regional / GO","860569/2022","Requerimento de Lavra Garimpeira","Requerimento de Lavra Garimpeira","46.436.704/0001-02","COOPMGE - COOPERATIVA DE MINERADORES E GARIMPEIROS ELDORADO","ARUANÃ - GO, NOVA CRIXÁS - GO","CASSITERITA, COLUMBITA, MINÉRIO DE OURO, TANTALITA","Gema, Gema, Industrial, Industrial","Sim"
"Gerência Regional / GO","860418/2025","Requerimento de Lavra Garimpeira","Requerimento de Lavra Garimpeira","46.436.704/0001-02","COOPMGE - COOPERATIVA DE MINERADORES E GARIMPEIROS ELDORADO","ITAPIRAPUÃ - GO","CASSITERITA, COLUMBITA, MINÉRIO DE OURO, RUTILO, ZIRCÃO","Gema, Industrial, Industrial, Industrial, Industrial","Sim"
"Gerência Regional / GO","860417/2025","Requerimento de Lavra Garimpeira","Requerimento de Lavra Garimpeira","46.436.704/0001-02","COOPMGE - COOPERATIVA DE MINERADORES E GARIMPEIROS ELDORADO","GOIÁS - GO","CASSITERITA, COLUMBITA, MINÉRIO DE OURO, RUTILO, ZIRCÃO","Gema, Industrial, Industrial, Industrial, Industrial","Sim"
"Gerência Regional / GO","860416/2025","Requerimento de Lavra Garimpeira","Requerimento de Lavra Garimpeira","46.436.704/0001-02","COOPMGE - COOPERATIVA DE MINERADORES E GARIMPEIROS ELDORADO","GOIÁS - GO","CASSITERITA, COLUMBITA, MINÉRIO DE OURO, RUTILO, ZIRCÃO","Gema, Industrial, Industrial, Industrial, Industrial","Sim"
"Gerência Regional / GO","860727/2022","Requerimento de Lavra Garimpeira","Requerimento de Lavra Garimpeira","46.436.704/0001-02","COOPMGE - COOPERATIVA DE MINERADORES E GARIMPEIROS ELDORADO","NOVA CRIXÁS - GO","CASSITERITA, COLUMBITA, MINÉRIO DE OURO, TANTALITA","Gema, Gema, Industrial, Industrial","Sim"
"Gerência Regional / GO","860726/2022","Requerimento de Lavra Garimpeira","Requerimento de Lavra Garimpeira","46.436.704/0001-02","COOPMGE - COOPERATIVA DE MINERADORES E GARIMPEIROS ELDORADO","NOVA CRIXÁS - GO","CASSITERITA, COLUMBITA, MINÉRIO DE OURO, TANTALITA","Gema, Gema, Industrial, Industrial","Sim"
"Gerência Regional / GO","860634/2022","Requerimento de Lavra Garimpeira","Requerimento de Lavra Garimpeira","46.436.704/0001-02","COOPMGE - COOPERATIVA DE MINERADORES E GARIMPEIROS ELDORADO","FAINA - GO","CASSITERITA, COLUMBITA, MINÉRIO DE OURO, TANTALITA","Gema, Gema, Industrial, Industrial","Sim"
"Gerência Regional / GO","860633/2022","Requerimento de Lavra Garimpeira","Requerimento de Lavra Garimpeira","46.436.704/0001-02","COOPMGE - COOPERATIVA DE MINERADORES E GARIMPEIROS ELDORADO","FAINA - GO","CASSITERITA, COLUMBITA, MINÉRIO DE OURO, TANTALITA","Gema, Gema, Industrial, Industrial","Sim"
"Gerência Regional / GO","860632/2022","Requerimento de Lavra Garimpeira","Requerimento de Lavra Garimpeira","46.436.704/0001-02","COOPMGE - COOPERATIVA DE MINERADORES E GARIMPEIROS ELDORADO","FAINA - GO","CASSITERITA, COLUMBITA, MINÉRIO DE OURO, TANTALITA","Gema, Gema, Industrial, Industrial","Sim"
"Gerência Regional / GO","860631/2022","Requerimento de Lavra Garimpeira","Requerimento de Lavra Garimpeira","46.436.704/0001-02","COOPMGE - COOPERATIVA DE MINERADORES E GARIMPEIROS ELDORADO","FAINA - GO","CASSITERITA, COLUMBITA, MINÉRIO DE OURO, TANTALITA","Gema, Gema, Industrial, Industrial","Sim"
"Gerência Regional / GO","860630/2022","Requerimento de Lavra Garimpeira","Requerimento de Lavra Garimpeira","46.436.704/0001-02","COOPMGE - COOPERATIVA DE MINERADORES E GARIMPEIROS ELDORADO","FAINA - GO","CASSITERITA, COLUMBITA, MINÉRIO DE OURO, TANTALITA","Gema, Gema, Industrial, Industrial","Sim"
"Gerência Regional / GO","860629/2022","Requerimento de Lavra Garimpeira","Requerimento de Lavra Garimpeira","46.436.704/0001-02","COOPMGE - COOPERATIVA DE MINERADORES E GARIMPEIROS ELDORADO","ARAGUAPAZ - GO, FAINA - GO","CASSITERITA, COLUMBITA, MINÉRIO DE OURO, TANTALITA","Gema, Gema, Industrial, Industrial","Sim"
"Gerência Regional / GO","860628/2022","Requerimento de Lavra Garimpeira","Requerimento de Lavra Garimpeira","46.436.704/0001-02","COOPMGE - COOPERATIVA DE MINERADORES E GARIMPEIROS ELDORADO","ARAGUAPAZ - GO, FAINA - GO","CASSITERITA, COLUMBITA, MINÉRIO DE OURO, TANTALITA","Gema, Gema, Industrial, Industrial","Sim"
"Gerência Regional / GO","860627/2022","Requerimento de Lavra Garimpeira","Requerimento de Lavra Garimpeira","46.436.704/0001-02","COOPMGE - COOPERATIVA DE MINERADORES E GARIMPEIROS ELDORADO","ARAGUAPAZ - GO, FAINA - GO","CASSITERITA, COLUMBITA, MINÉRIO DE OURO, TANTALITA","Gema, Gema, Industrial, Industrial","Sim"
"Gerência Regional / GO","860625/2022","Requerimento de Lavra Garimpeira","Requerimento de Lavra Garimpeira","46.436.704/0001-02","COOPMGE - COOPERATIVA DE MINERADORES E GARIMPEIROS ELDORADO","ARAGUAPAZ - GO, FAINA - GO","CASSITERITA, COLUMBITA, MINÉRIO DE OURO, TANTALITA","Gema, Gema, Industrial, Industrial","Sim"
"Gerência Regional / GO","860624/2022","Requerimento de Lavra Garimpeira","Requerimento de Lavra Garimpeira","46.436.704/0001-02","COOPMGE - COOPERATIVA DE MINERADORES E GARIMPEIROS ELDORADO","ARAGUAPAZ - GO, FAINA - GO","CASSITERITA, COLUMBITA, MINÉRIO DE OURO, TANTALITA","Gema, Gema, Industrial, Industrial","Sim"
"Gerência Regional / GO","860623/2022","Requerimento de Lavra Garimpeira","Requerimento de Lavra Garimpeira","46.436.704/0001-02","COOPMGE - COOPERATIVA DE MINERADORES E GARIMPEIROS ELDORADO","ARAGUAPAZ - GO","CASSITERITA, COLUMBITA, MINÉRIO DE OURO, TANTALITA","Gema, Gema, Industrial, Industrial","Sim"
"Gerência Regional / GO","860622/2022","Requerimento de Lavra Garimpeira","Requerimento de Lavra Garimpeira","46.436.704/0001-02","COOPMGE - COOPERATIVA DE MINERADORES E GARIMPEIROS ELDORADO","ARAGUAPAZ - GO","CASSITERITA, COLUMBITA, MINÉRIO DE OURO, TANTALITA","Gema, Gema, Industrial, Industrial","Sim"
"Gerência Regional / GO","860621/2022","Requerimento de Lavra Garimpeira","Requerimento de Lavra Garimpeira","46.436.704/0001-02","COOPMGE - COOPERATIVA DE MINERADORES E GARIMPEIROS ELDORADO","ARAGUAPAZ - GO","CASSITERITA, COLUMBITA, MINÉRIO DE OURO, TANTALITA","Gema, Gema, Industrial, Industrial","Sim"
"Gerência Regional / GO","860620/2022","Requerimento de Lavra Garimpeira","Requerimento de Lavra Garimpeira","46.436.704/0001-02","COOPMGE - COOPERATIVA DE MINERADORES E GARIMPEIROS ELDORADO","ARAGUAPAZ - GO","CASSITERITA, COLUMBITA, MINÉRIO DE OURO, TANTALITA","Gema, Gema, Industrial, Industrial","Sim"
"Gerência Regional / GO","860619/2022","Requerimento de Lavra Garimpeira","Requerimento de Lavra Garimpeira","46.436.704/0001-02","COOPMGE - COOPERATIVA DE MINERADORES E GARIMPEIROS ELDORADO","ARAGUAPAZ - GO","CASSITERITA, COLUMBITA, MINÉRIO DE OURO, TANTALITA","Gema, Gema, Industrial, Industrial","Sim"
"Gerência Regional / GO","860618/2022","Requerimento de Lavra Garimpeira","Requerimento de Lavra Garimpeira","46.436.704/0001-02","COOPMGE - COOPERATIVA DE MINERADORES E GARIMPEIROS ELDORADO","ARAGUAPAZ - GO","CASSITERITA, COLUMBITA, MINÉRIO DE OURO, TANTALITA","Gema, Gema, Industrial, Industrial","Sim"
"Gerência Regional / GO","860617/2022","Requerimento de Lavra Garimpeira","Requerimento de Lavra Garimpeira","46.436.704/0001-02","COOPMGE - COOPERATIVA DE MINERADORES E GARIMPEIROS ELDORADO","ARAGUAPAZ - GO","CASSITERITA, COLUMBITA, MINÉRIO DE OURO, TANTALITA","Gema, Gema, Industrial, Industrial","Sim"
"Gerência Regional / GO","860616/2022","Requerimento de Lavra Garimpeira","Requerimento de Lavra Garimpeira","46.436.704/0001-02","COOPMGE - COOPERATIVA DE MINERADORES E GARIMPEIROS ELDORADO","ARAGUAPAZ - GO","CASSITERITA, COLUMBITA, MINÉRIO DE OURO, TANTALITA","Gema, Gema, Industrial, Industrial","Sim"
"Gerência Regional / GO","860615/2022","Requerimento de Lavra Garimpeira","Requerimento de Lavra Garimpeira","46.436.704/0001-02","COOPMGE - COOPERATIVA DE MINERADORES E GARIMPEIROS ELDORADO","ARAGUAPAZ - GO","CASSITERITA, COLUMBITA, MINÉRIO DE OURO, TANTALITA","Gema, Gema, Industrial, Industrial","Sim"
"Gerência Regional / GO","860614/2022","Requerimento de Lavra Garimpeira","Requerimento de Lavra Garimpeira","46.436.704/0001-02","COOPMGE - COOPERATIVA DE MINERADORES E GARIMPEIROS ELDORADO","ARAGUAPAZ - GO","CASSITERITA, COLUMBITA, MINÉRIO DE OURO, TANTALITA","Gema, Gema, Industrial, Industrial","Sim"
"Gerência Regional / GO","860572/2022","Requerimento de Lavra Garimpeira","Requerimento de Lavra Garimpeira","46.436.704/0001-02","COOPMGE - COOPERATIVA DE MINERADORES E GARIMPEIROS ELDORADO","MOZARLÂNDIA - GO, NOVA CRIXÁS - GO","CASSITERITA, COLUMBITA, MINÉRIO DE OURO, TANTALITA","Gema, Gema, Industrial, Industrial","Sim"
"Gerência Regional / GO","860571/2022","Requerimento de Lavra Garimpeira","Requerimento de Lavra Garimpeira","46.436.704/0001-02","COOPMGE - COOPERATIVA DE MINERADORES E GARIMPEIROS ELDORADO","MOZARLÂNDIA - GO, NOVA CRIXÁS - GO","CASSITERITA, COLUMBITA, MINÉRIO DE OURO, TANTALITA","Gema, Gema, Industrial, Industrial","Sim"
"Gerência Regional / GO","860275/2018","Requerimento de Lavra Garimpeira","Requerimento de Lavra Garimpeira","***.354.891-**","Hugo Vaz Nunes","CATALÃO - GO","DIAMANTE, DIAMANTE, MINÉRIO DE OURO","Gema, Industrial, Industrial","Sim"
"Gerência Regional / GO","860589/2020","Requerimento de Lavra Garimpeira","Requerimento de Lavra Garimpeira","***.824.131-**","TALES DE MELO","MARA ROSA - GO","MINÉRIO DE OURO","Industrial","Sim"
"Gerência Regional / GO","861593/2021","Requerimento de Mudança de Regime para PLG","Requerimento de Lavra Garimpeira","***.823.831-**","TARRIGAN DE MELO","MARA ROSA - GO","MINÉRIO DE OURO","Industrial","Sim"
"Gerência Regional / GO","860951/2017","Requerimento de Lavra Garimpeira","Requerimento de Lavra Garimpeira","***.778.726-**","CARLOS ERNANE DA SILVA","COROMANDEL - MG, DAVINÓPOLIS - GO","DIAMANTE, DIAMANTE","Gema, Industrial","Sim"
"Gerência Regional / GO","860426/2026","Requerimento de Lavra Garimpeira","Requerimento de Lavra Garimpeira","***.096.391-**","KELVEM DOUGLAS DE OLIVEIRA","GOIÁS - GO","MINÉRIO DE OURO","Industrial","Sim"
"Gerência Regional / GO","860896/2018","Requerimento de Mudança de Regime para PLG","Requerimento de Lavra Garimpeira","***.744.625-**","IDAIANE COSTA VIEIRA","SÃO DOMINGOS - GO","MINÉRIO DE OURO","Industrial","Sim"
"Gerência Regional / GO","860243/2018","Requerimento de Lavra Garimpeira","Requerimento de Lavra Garimpeira","***.621.971-**","KENEDY REIS MARTINS DE BRITO","GUARINOS - GO, PILAR DE GOIÁS - GO","ÁGUA MARINHA, AMETISTA, TURMALINA","Gema, Gema, Gema","Sim"
"Gerência Regional / GO","860554/2018","Requerimento de Lavra Garimpeira","Requerimento de Lavra Garimpeira","***.272.041-**","Claudio Mesquita de Assunção","CATALÃO - GO, DAVINÓPOLIS - GO","DIAMANTE, DIAMANTE","Gema, Industrial","Sim"
"Gerência Regional / GO","860691/2018","Requerimento de Lavra Garimpeira","Requerimento de Lavra Garimpeira","***.254.791-**","Izabel Rodrigues Santos Borges","ARRAIAS - TO, CAVALCANTE - GO","MINÉRIO DE OURO","Industrial","Sim"
"Gerência Regional / GO","860249/2020","Requerimento de Mudança de Regime para PLG","Requerimento de Lavra Garimpeira","***.412.461-**","WANIA MARIA ALVES DA SILVA ALENCAR","GOIÁS - GO","MINÉRIO DE OURO","Industrial","Sim"
"Gerência Regional / GO","860117/2019","Requerimento de Lavra Garimpeira","Requerimento de Lavra Garimpeira","***.377.878-**","JOSÉ CARLOS DE MENEZES SEMBENELLI","JUSSARA - GO, MONTES CLAROS DE GOIÁS - GO","DIAMANTE, MINÉRIO DE OURO","Industrial, Industrial","Sim"
"Gerência Regional / GO","860121/2019","Requerimento de Lavra Garimpeira","Requerimento de Lavra Garimpeira","***.012.501-**","WALTER EVANIO ROSA JUNIOR","CAMPINORTE - GO","ÁGUA MARINHA, BERILO, GRANADA, GRANADA, QUARTZO, QUARTZO, TURMALINA","Gema, Gema, Gema, Gema, Gema, Industrial, Industrial","Sim"
"Gerência Regional / GO","860206/2025","Requerimento de Mudança de Regime para PLG","Requerimento de Lavra Garimpeira","***.215.911-**","SERGIO HENRIQUE CANUTO DE OLIVEIRA","PIRENÓPOLIS - GO","MINÉRIO DE OURO","Industrial","Sim"
"Gerência Regional / GO","860159/2019","Requerimento de Lavra Garimpeira","Requerimento de Lavra Garimpeira","***.697.771-**","GILVANETO FRANCISCO DE SALES","SÃO DOMINGOS - GO","MINÉRIO DE OURO","Industrial","Sim"
"Gerência Regional / GO","860088/2020","Requerimento de Lavra Garimpeira","Requerimento de Lavra Garimpeira","***.782.226-**","ROGER GIOVANE XAVIER","NIQUELÂNDIA - GO","MINÉRIO DE OURO","Industrial","Sim"
"Gerência Regional / GO","860245/2020","Requerimento de Mudança de Regime para PLG","Requerimento de Lavra Garimpeira","***.700.321-**","Diefferson Ferreira Vaz Neto","DAVINÓPOLIS - GO","DIAMANTE, DIAMANTE","Gema, Industrial","Sim"
"Gerência Regional / GO","860234/2020","Requerimento de Mudança de Regime para PLG","Requerimento de Lavra Garimpeira","***.179.599-**","ROGERIO AFONSO BISOLLO","PIRENÓPOLIS - GO","MINÉRIO DE OURO","Industrial","Sim"
"Gerência Regional / GO","861702/2021","Requerimento de Lavra Garimpeira","Requerimento de Lavra Garimpeira","***.487.211-**","ROMILDO ALMEIDA DA SILVA","CALDAS NOVAS - GO, CORUMBAÍBA - GO","DIAMANTE, MINÉRIO DE OURO","Gema, Industrial","Sim"
"Gerência Regional / GO","860845/2023","Requerimento de Mudança de Regime para PLG","Requerimento de Lavra Garimpeira","***.588.261-**","MARCOS VINICIOS FERNANDES BRETA","CAVALCANTE - GO","MINÉRIO DE OURO","Industrial","Sim"
"Gerência Regional / GO","860391/2020","Requerimento de Lavra Garimpeira","Requerimento de Lavra Garimpeira","***.287.861-**","OSVALDO HENRIQUE BARBOSA BRAZ","JARAGUÁ - GO","MINÉRIO DE OURO","Industrial","Sim"
"Gerência Regional / GO","860362/2020","Requerimento de Lavra Garimpeira","Requerimento de Lavra Garimpeira","***.267.951-**","Edna dos Santos Araújo","BONÓPOLIS - GO","MINÉRIO DE OURO","Industrial","Sim"
"Gerência Regional / GO","860368/2020","Requerimento de Lavra Garimpeira","Requerimento de Lavra Garimpeira","37.591.653/0001-00","CORUMBA GOLD MINERACAO DE METAIS LTDA","NIQUELÂNDIA - GO","MINÉRIO DE OURO","Industrial","Sim"
"Gerência Regional / GO","860307/2026","Requerimento de Mudança de Regime para PLG","Requerimento de Lavra Garimpeira","37.873.043/0001-91","MINERACAO ATLANTA LTDA","SÃO LUIZ DO NORTE - GO","MINÉRIO DE OURO","Industrial","Sim"
"Gerência Regional / GO","860490/2020","Requerimento de Lavra Garimpeira","Requerimento de Lavra Garimpeira","***.570.576-**","Matheus de Oliveira Costa","COLINAS DO SUL - GO","QUARTZO, QUARTZO, QUARTZO, QUARTZO","Artesanato  mineral, Gema, Industrial, Pedra de coleção","Sim"
"Gerência Regional / GO","860854/2022","Requerimento de Lavra Garimpeira","Requerimento de Lavra Garimpeira","***.053.540-**","WOLNEY LUIZ MICHIELIN DIAS","CORUMBAÍBA - GO","DIAMANTE, MINÉRIO DE OURO","Gema, Industrial","Sim"
"Gerência Regional / GO","860683/2020","Requerimento de Lavra Garimpeira","Requerimento de Lavra Garimpeira","***.647.651-**","LOUREMBERG ALVES PERES","DIORAMA - GO, MONTES CLAROS DE GOIÁS - GO","DIAMANTE, MINÉRIO DE OURO","Industrial, Industrial","Sim"
"Gerência Regional / GO","860157/2022","Requerimento de Lavra Garimpeira","Requerimento de Lavra Garimpeira","***.138.559-**","Júlio César Kreniski","COLINAS DO SUL - GO","QUARTZO","Artesanato  mineral","Sim"
"Gerência Regional / GO","860719/2020","Requerimento de Lavra Garimpeira","Requerimento de Lavra Garimpeira","***.622.311-**","Benner Richard  Soares Santos","ISRAELÂNDIA - GO","DIAMANTE","Industrial","Sim"
"Gerência Regional / GO","860174/2021","Requerimento de Lavra Garimpeira","Requerimento de Lavra Garimpeira","***.765.531-**","ROBERTO AUGUSTO DA SILVA","SÃO DOMINGOS - GO","MINÉRIO DE OURO","Industrial","Sim"
"Gerência Regional / GO","860288/2022","Requerimento de Mudança de Regime para PLG","Requerimento de Lavra Garimpeira","***.912.481-**","Anna Karoline Da Silva Costa","FAZENDA NOVA - GO, ISRAELÂNDIA - GO","DIAMANTE","Gema","Sim"
"Gerência Regional / GO","860154/2021","Requerimento de Lavra Garimpeira","Requerimento de Lavra Garimpeira","40.518.602/0001-50","MARCOS DELFINO ROSA MINERACAO","CATALÃO - GO, IPAMERI - GO","DIAMANTE, DIAMANTE","Gema, Industrial","Sim"
"Gerência Regional / GO","860754/2021","Requerimento de Lavra Garimpeira","Requerimento de Lavra Garimpeira","***.767.982-**","IVONE DE SOUZA COSTA","AMARALINA - GO","MINÉRIO DE OURO, QUARTZO, QUARTZO, QUARTZO, QUARTZO","Artesanato  mineral, Gema, Industrial, Industrial, Pedra de coleção","Sim"
"Gerência Regional / GO","861082/2021","Requerimento de Lavra Garimpeira","Requerimento de Lavra Garimpeira","***.160.061-**","PALOMA REGINA DE SOUZA ROCHA","LUZIÂNIA - GO","QUARTZO","Artesanato  mineral","Sim"
"Gerência Regional / GO","860290/2022","Requerimento de Mudança de Regime para PLG","Requerimento de Lavra Garimpeira","44.886.062/0001-18","COOPROGESCO COOPERATIVA DE PRODUCAO DE OURO E GEMAS DO ESTADO DE GOIAS","BARRO ALTO - GO, NIQUELÂNDIA - GO","AREIA, MINÉRIO DE OURO","Construção civil, Industrial","Sim"
"Gerência Regional / GO","860180/2022","Requerimento de Lavra Garimpeira","Requerimento de Lavra Garimpeira","***.965.611-**","FRANCISCO DOS SANTOS BOGES","NIQUELÂNDIA - GO","QUARTZO","Industrial","Sim"
"Gerência Regional / GO","860539/2022","Requerimento de Mudança de Regime para PLG","Requerimento de Lavra Garimpeira","***.858.591-**","Elaine Nunes da Silva oliveira","SÃO LUIZ DO NORTE - GO","MINÉRIO DE OURO","Industrial","Sim"
"Gerência Regional / GO","860537/2022","Requerimento de Mudança de Regime para PLG","Requerimento de Lavra Garimpeira","***.452.551-**","FERNANDA SANTIAGO E SILVA PROCOPIO","SANTA RITA DO NOVO DESTINO - GO, SÃO LUIZ DO NORTE - GO","MINÉRIO DE OURO","Industrial","Sim"
"Gerência Regional / GO","860536/2022","Requerimento de Mudança de Regime para PLG","Requerimento de Lavra Garimpeira","***.556.161-**","JOSEMAR PROCOPIO DA SILVA","SANTA RITA DO NOVO DESTINO - GO","MINÉRIO DE OURO","Industrial","Sim"
"Gerência Regional / GO","860538/2022","Requerimento de Mudança de Regime para PLG","Requerimento de Lavra Garimpeira","***.800.821-**","Gustavo nunes oliveira","SANTA RITA DO NOVO DESTINO - GO, SÃO LUIZ DO NORTE - GO","MINÉRIO DE OURO","Industrial","Sim"
"Gerência Regional / GO","860540/2022","Requerimento de Mudança de Regime para PLG","Requerimento de Lavra Garimpeira","***.021.231-**","MARIA CAMILO RODRIGUES","SÃO LUIZ DO NORTE - GO","MINÉRIO DE OURO","Industrial","Sim"
"Gerência Regional / GO","860535/2022","Requerimento de Mudança de Regime para PLG","Requerimento de Lavra Garimpeira","***.970.121-**","João Victor Duarte Alves","SANTA RITA DO NOVO DESTINO - GO","MINÉRIO DE OURO","Industrial","Sim"
"Gerência Regional / GO","860933/2022","Requerimento de Mudança de Regime para PLG","Requerimento de Lavra Garimpeira","***.882.321-**","Vinícius Siqueira de Deus","HIDROLINA - GO","QUARTZO, RUTILO","Industrial, Industrial","Sim"
"Gerência Regional / GO","860263/2025","Requerimento de Mudança de Regime para PLG","Requerimento de Lavra Garimpeira","46.969.493/0001-73","COOPERFAN COOPERATIVA DE FAINA","FAINA - GO","MINÉRIO DE OURO","Industrial","Sim"
"Gerência Regional / GO","861063/2025","Requerimento de Lavra Garimpeira","Requerimento de Lavra Garimpeira","***.168.766-**","ITALO LOPES TEIXEIRA","SÃO DOMINGOS - GO","CASSITERITA","Industrial","Sim"
"Gerência Regional / GO","860936/2022","Requerimento de Mudança de Regime para PLG","Requerimento de Lavra Garimpeira","***.208.761-**","João Paulo Teixeira Gomes","FAZENDA NOVA - GO, JAUPACI - GO","DIAMANTE","Gema","Sim"
"Gerência Regional / GO","860814/2025","Requerimento de Lavra Garimpeira","Requerimento de Lavra Garimpeira","43.602.110/0001-36","COOPERATIVA DOS GARIMPEIROS DO VALE DO JURUENA COOGAVEJA","FAINA - GO","MINÉRIO DE OURO","Industrial","Sim"
"Gerência Regional / GO","860813/2025","Requerimento de Lavra Garimpeira","Requerimento de Lavra Garimpeira","43.602.110/0001-36","COOPERATIVA DOS GARIMPEIROS DO VALE DO JURUENA COOGAVEJA","FAINA - GO","MINÉRIO DE OURO","Industrial","Sim"
"Gerência Regional / GO","860812/2025","Requerimento de Lavra Garimpeira","Requerimento de Lavra Garimpeira","43.602.110/0001-36","COOPERATIVA DOS GARIMPEIROS DO VALE DO JURUENA COOGAVEJA","FAINA - GO","MINÉRIO DE OURO","Industrial","Sim"
"Gerência Regional / GO","860471/2026","Requerimento de Lavra Garimpeira","Requerimento de Lavra Garimpeira","66.738.110/0001-63","REGINALDO COSTA SANTOS MINERIOS","SANTA TEREZINHA DE GOIÁS - GO","MINÉRIO DE OURO","Industrial","Sim"
"Gerência Regional / GO","861135/2024","Requerimento de Mudança de Regime para PLG","Requerimento de Lavra Garimpeira","***.483.021-**","CONCEICAO DE MARIA DE OLIVEIRA","CAVALCANTE - GO","MINÉRIO DE OURO","Industrial","Sim"
"Gerência Regional / GO","860815/2023","Requerimento de Mudança de Regime para PLG","Requerimento de Lavra Garimpeira","***.057.748-**","Roberto Neszlinger Filho","CAMPO ALEGRE DE GOIÁS - GO","DIAMANTE, MINÉRIO DE OURO","Gema, Industrial","Sim"
"Gerência Regional / GO","861185/2024","Requerimento de Mudança de Regime para PLG","Requerimento de Lavra Garimpeira","***.886.536-**","JAIMAR SALINO DE OLIVEIRA COSTA","TROMBAS - GO","MINÉRIO DE OURO","Industrial","Sim"
"Gerência Regional / GO","860726/2023","Requerimento de Lavra Garimpeira","Requerimento de Lavra Garimpeira","***.364.771-**","RONAN DA SILVA ROCHA","CATALÃO - GO, DAVINÓPOLIS - GO","DIAMANTE, DIAMANTE","Gema, Industrial","Sim"
"Gerência Regional / GO","861184/2024","Requerimento de Mudança de Regime para PLG","Requerimento de Lavra Garimpeira","***.397.916-**","WAGNER ALVES DE OLIVEIRA","TROMBAS - GO","MINÉRIO DE OURO","Industrial","Sim"
"Gerência Regional / GO","861606/2024","Requerimento de Lavra Garimpeira","Requerimento de Lavra Garimpeira","***.193.791-**","ANTONIO PEREIRA","FAINA - GO","CASSITERITA, COLUMBITA, DIAMANTE, MINÉRIO DE OURO, TANTALITA","Gema, Gema, Industrial, Industrial, Industrial","Sim"
"Gerência Regional / GO","861568/2024","Requerimento de Lavra Garimpeira","Requerimento de Lavra Garimpeira","***.989.139-**","JHONATAN DIEGO BUENO","FAINA - GO","CASSITERITA, COLUMBITA, DIAMANTE, MINÉRIO DE OURO, TANTALITA","Gema, Gema, Industrial, Industrial, Industrial","Sim"
"Gerência Regional / GO","860303/2025","Requerimento de Lavra Garimpeira","Requerimento de Lavra Garimpeira","60.332.531/0001-03","ICS MINERADORA LTDA","NOVA IGUAÇU DE GOIÁS - GO","MINÉRIO DE OURO","Industrial","Sim"
"Gerência Regional / GO","860704/2025","Requerimento de Lavra Garimpeira","Requerimento de Lavra Garimpeira","***.652.501-**","GERALDINO VAZ GRATAO JUNIOR","IPAMERI - GO","MINÉRIO DE OURO","Industrial","Sim"
"Gerência Regional / GO","860733/2026","Requerimento de Mudança de Regime para PLG","Requerimento de Lavra Garimpeira","61.840.960/0001-54","GESSO PINHEIRO LTDA","MONTE ALEGRE DE GOIÁS - GO","CASSITERITA, MICA, MINÉRIO DE OURO, TANTALITA, WOLFRAMITA","Artesanato  mineral, Industrial, Industrial, Industrial, Industrial","Sim"
"Gerência Regional / GO","860962/2025","Requerimento de Lavra Garimpeira","Requerimento de Lavra Garimpeira","***.082.421-**","KAIC GOMES SOARES","MINAÇU - GO","MINÉRIO DE OURO","Industrial","Sim"
"Gerência Regional / GO","860298/2026","Requerimento de Lavra Garimpeira","Requerimento de Lavra Garimpeira","***.846.811-**","GUILHERME SOUZA GUIMARAES","CACHOEIRA DE GOIÁS - GO, IVOLÂNDIA - GO","MINÉRIO DE OURO","Industrial","Sim"
"Gerência Regional / GO","860303/2026","Requerimento de Lavra Garimpeira","Requerimento de Lavra Garimpeira","***.743.481-**","ALCEU MENDES DA SILVA ALVES","PORANGATU - GO","CASSITERITA, MINÉRIO DE OURO","Industrial, Industrial","Sim"
"Gerência Regional / GO","860658/2026","Requerimento de Lavra Garimpeira","Requerimento de Lavra Garimpeira","66.738.110/0001-63","REGINALDO COSTA SANTOS MINERIOS","SANTA TEREZINHA DE GOIÁS - GO","MINÉRIO DE OURO","Industrial","Sim"
"Gerência Regional / GO","860662/2026","Requerimento de Lavra Garimpeira","Requerimento de Lavra Garimpeira","66.498.966/0001-09","COOPERATIVA DE TRABALHO COOPERA 33","GOIANÉSIA - GO","DIAMANTE, MINÉRIO DE OURO, QUARTZO, QUARTZO, QUARTZO","Gema, Gema, Industrial, Industrial, Pedra de coleção","Sim"
"Gerência Regional / GO","860632/2026","Requerimento de Lavra Garimpeira","Requerimento de Lavra Garimpeira","***.126.561-**","EDILSON VICENTE FERREIRA","FAINA - GO","MINÉRIO DE OURO","Industrial","Sim"
"Gerência Regional / GO","861946/2024","Requerimento de Lavra Garimpeira","Requerimento de Lavra Garimpeira","***.359.386-**","EZEQUIEL ANTONIO DIAS","CATALÃO - GO, DAVINÓPOLIS - GO","DIAMANTE","Gema","Sim"
"Gerência Regional / GO","861491/1995","Requerimento de Lavra Garimpeira","Requerimento de Lavra Garimpeira","***.589.531-**","RODENIR DE ANDRADE RIBEIRO                                                      ","CAMPOS VERDES - GO","ESMERALDA","Demais substâncias","Sim"
"Gerência Regional / GO","861501/1995","Requerimento de Lavra Garimpeira","Requerimento de Lavra Garimpeira","***.589.531-**","RODENIR DE ANDRADE RIBEIRO                                                      ","CAMPOS VERDES - GO","ESMERALDA","Demais substâncias","Sim"
"Gerência Regional / GO","861508/1995","Requerimento de Lavra Garimpeira","Requerimento de Lavra Garimpeira","***.589.531-**","RODENIR DE ANDRADE RIBEIRO                                                      ","CAMPOS VERDES - GO","ESMERALDA","Demais substâncias","Sim"
"Gerência Regional / GO","861515/1995","Requerimento de Lavra Garimpeira","Requerimento de Lavra Garimpeira","***.589.531-**","RODENIR DE ANDRADE RIBEIRO                                                      ","CAMPOS VERDES - GO","ESMERALDA","Demais substâncias","Sim"
"Gerência Regional / GO","861389/2015","Requerimento de Lavra Garimpeira","Requerimento de Lavra Garimpeira","***.470.181-**","JOSE DA LUZ BORGES DA SILVA","JANDAIA - GO","TURMALINA","Gema","Sim"
"Gerência Regional / GO","860533/2022","Requerimento de Mudança de Regime para PLG","Requerimento de Lavra Garimpeira","***.721.781-**","MARGARETH DE FATIMA LEITE DE MEDEIROS RODRIGUES","SANTA RITA DO NOVO DESTINO - GO","MINÉRIO DE OURO","Industrial","Sim"
"Gerência Regional / GO","860703/1997","Requerimento de Lavra Garimpeira","Requerimento de Lavra Garimpeira","***.040.041-**","MARIA MENDES DE OLIVEIRA                                                        ","CAMPOS VERDES - GO","ESMERALDA","Demais substâncias","Sim"
"Gerência Regional / GO","860028/2025","Requerimento de Mudança de Regime para PLG","Requerimento de Lavra Garimpeira","***.753.851-**","JOSIEL DIAS DA SILVA","JARAGUÁ - GO, SÃO FRANCISCO DE GOIÁS - GO","MINÉRIO DE OURO","Industrial","Sim"
"Gerência Regional / GO","860293/2025","Requerimento de Mudança de Regime para PLG","Requerimento de Lavra Garimpeira","***.753.851-**","JOSIEL DIAS DA SILVA","JARAGUÁ - GO, SÃO FRANCISCO DE GOIÁS - GO","OURO","Industrial","Sim"
"Gerência Regional / GO","860405/2020","Requerimento de Mudança de Regime para PLG","Requerimento de Lavra Garimpeira","***.728.281-**","EDER PEREIRA DE REZENDE","CACHOEIRA DE GOIÁS - GO, IVOLÂNDIA - GO, PARAÚNA - GO","DIAMANTE","Industrial","Sim"
"Gerência Regional / GO","860406/2020","Requerimento de Mudança de Regime para PLG","Requerimento de Lavra Garimpeira","***.728.281-**","EDER PEREIRA DE REZENDE","IVOLÂNDIA - GO, PARAÚNA - GO","DIAMANTE","Industrial","Sim"
"Gerência Regional / GO","861158/1992","Requerimento de Lavra Garimpeira","Requerimento de Lavra Garimpeira","***.077.641-**","FABIO DE OLIVEIRA CAMPOS                                                        ","CAMPOS VERDES - GO","ESMERALDA","Demais substâncias","Sim"
"Gerência Regional / GO","861636/2021","Requerimento de Mudança de Regime para PLG","Requerimento de Lavra Garimpeira","***.201.361-**","EDUARDO ANTONIO FONSECA","MONTE ALEGRE DE GOIÁS - GO","CASSITERITA, ILMENITA, MINÉRIO DE OURO","Industrial, Industrial, Industrial","Sim"
"Gerência Regional / GO","861014/2016","Requerimento de Lavra Garimpeira","Requerimento de Lavra Garimpeira","***.912.081-**","Samuel Barreto Feitosa","NIQUELÂNDIA - GO","QUARTZO, QUARTZO","Gema, Industrial","Sim"
"Gerência Regional / GO","861837/2021","Requerimento de Lavra Garimpeira","Requerimento de Lavra Garimpeira","***.982.031-**","DERICK MARTINS BORGES DE MOURA","BOM JARDIM DE GOIÁS - GO","MINÉRIO DE COBRE, MINÉRIO DE OURO","Industrial, Industrial","Sim"
"Gerência Regional / GO","861857/2021","Requerimento de Lavra Garimpeira","Requerimento de Lavra Garimpeira","***.982.031-**","DERICK MARTINS BORGES DE MOURA","BOM JARDIM DE GOIÁS - GO","MINÉRIO DE COBRE, MINÉRIO DE OURO","Industrial, Industrial","Sim"
"Gerência Regional / GO","860145/2016","Requerimento de Lavra Garimpeira","Requerimento de Lavra Garimpeira","***.333.901-**","UBIRATANIO LOPES MENDONCA","AMORINÓPOLIS - GO","DIAMANTE, DIAMANTE","Gema, Industrial","Sim"
"Gerência Regional / GO","861215/1991","Requerimento de Lavra Garimpeira","Requerimento de Lavra Garimpeira","***.549.611-**","JOSÉ RAIMUNDO DO NASCIMENTO                                                     ","CAMPOS VERDES - GO","ESMERALDA","Demais substâncias","Sim"
"Gerência Regional / MT","867186/2013","Requerimento de Cessão parcial","Requerimento de Lavra Garimpeira","***.007.791-**","Gilmar de Jesus da Silva","BALIZA - GO, TORIXORÉU - MT","DIAMANTE","Industrial","Sim"
"Gerência Regional / GO","860853/1991","Requerimento de Lavra Garimpeira","Requerimento de Lavra Garimpeira","***.862.685-**","JERSONITA TAVARES MENEZES                                                       ","CAMPOS VERDES - GO","ESMERALDA","Demais substâncias","Sim"
"Gerência Regional / GO","861869/2013","Requerimento de Lavra Garimpeira","Requerimento de Lavra Garimpeira","***.242.191-**","Adriana Márcia Lima da Silva","PADRE BERNARDO - GO","CALCEDÔNIA","Industrial","Sim"
"Gerência Regional / GO","860263/2016","Requerimento de Lavra Garimpeira","Requerimento de Lavra Garimpeira","***.480.791-**","David Rezende Menegaz","CAVALCANTE - GO","MINÉRIO DE OURO, RUTILO","Industrial, Industrial","Sim"
"Gerência Regional / GO","860541/2022","Requerimento de Mudança de Regime para PLG","Requerimento de Lavra Garimpeira","***.052.741-**","Ana Carolina Duarte Alves","SANTA RITA DO NOVO DESTINO - GO","MINÉRIO DE OURO","Industrial","Sim"
"Gerência Regional / GO","860896/1991","Requerimento de Lavra Garimpeira","Requerimento de Lavra Garimpeira","***.400.161-**","Antonio Rosa Finho","CAMPOS VERDES - GO","ESMERALDA","Demais substâncias","Sim"
"Gerência Regional / GO","860609/1991","Requerimento de Lavra Garimpeira","Requerimento de Lavra Garimpeira","99.915.654/9999-83","CELESTINO GOMES MACHADO                                                         ","CAMPOS VERDES - GO","ESMERALDA","Demais substâncias","Sim"
"Gerência Regional / GO","860610/1991","Requerimento de Lavra Garimpeira","Requerimento de Lavra Garimpeira","99.915.654/9999-83","CELESTINO GOMES MACHADO                                                         ","CAMPOS VERDES - GO","ESMERALDA","Demais substâncias","Sim"
"Gerência Regional / GO","860322/2025","Requerimento de Lavra Garimpeira","Requerimento de Lavra Garimpeira","60.333.381/0001-52","CSA MINERADORA LTDA","NOVA IGUAÇU DE GOIÁS - GO","MINÉRIO DE OURO","Industrial","Sim"
"Gerência Regional / PA","850248/1994","Requerimento de Lavra Garimpeira","Requerimento de Lavra Garimpeira","***.824.902-**","CESAR PENA FERNANDES","ITAITUBA - PA","OURO","Demais substâncias","Sim"
"Gerência Regional / GO","860808/1991","Requerimento de Lavra Garimpeira","Requerimento de Lavra Garimpeira","***.920.870-**","SEBASTIANA RODRIGUES PEREIRA                                                    ","CAMPOS VERDES - GO","ESMERALDA","Demais substâncias","Sim"
"Gerência Regional / GO","860884/1991","Requerimento de Lavra Garimpeira","Requerimento de Lavra Garimpeira","***.742.091-**","ALTAIR LUIZ DO AMARAL","CAMPOS VERDES - GO","ESMERALDA","Demais substâncias","Sim"
"Gerência Regional / GO","860886/1991","Requerimento de Lavra Garimpeira","Requerimento de Lavra Garimpeira","***.667.178-**","ORLANDO MOLINARO JUNIOR                                                         ","CAMPOS VERDES - GO","ESMERALDA","Demais substâncias","Sim"
"Gerência Regional / GO","861043/2024","Requerimento de Lavra Garimpeira","Requerimento de Lavra Garimpeira","***.846.336-**","FLORISVALDO DOS SANTOS DE SANTANA JUNIOR","MONTE ALEGRE DE GOIÁS - GO","CASSITERITA, COLUMBITA, MINÉRIO DE OURO, TANTALITA","Gema, Gema, Industrial, Industrial","Sim"
"Gerência Regional / GO","860842/1992","Requerimento de Lavra Garimpeira","Requerimento de Lavra Garimpeira","***.089.821-**","JOSÉ GARCIA DE MORAIS                                                           ","CAMPOS VERDES - GO","ESMERALDA","Demais substâncias","Sim"
"Gerência Regional / GO","860776/1991","Requerimento de Lavra Garimpeira","Requerimento de Lavra Garimpeira","***.920.790-**","AGUSTINHO RODRIGUES DA SILVA                                                    ","CAMPOS VERDES - GO","ESMERALDA","Demais substâncias","Sim"
"Gerência Regional / GO","860922/1991","Requerimento de Lavra Garimpeira","Requerimento de Lavra Garimpeira","***.322.001-**","ANTONIO DOMINGUES DO AMARAL                                                     ","CAMPOS VERDES - GO","ESMERALDA","Demais substâncias","Sim"
"Gerência Regional / GO","861495/1995","Requerimento de Lavra Garimpeira","Requerimento de Lavra Garimpeira","***.812.727-**","FARIDE LUIZ DA SILVA                                                            ","CAMPOS VERDES - GO","ESMERALDA","Demais substâncias","Sim"
"Gerência Regional / GO","861498/1995","Requerimento de Lavra Garimpeira","Requerimento de Lavra Garimpeira","***.812.727-**","FARIDE LUIZ DA SILVA                                                            ","CAMPOS VERDES - GO","ESMERALDA","Demais substâncias","Sim"
"Gerência Regional / GO","861518/1995","Requerimento de Lavra Garimpeira","Requerimento de Lavra Garimpeira","***.812.727-**","FARIDE LUIZ DA SILVA                                                            ","CAMPOS VERDES - GO","ESMERALDA","Demais substâncias","Sim"
"Gerência Regional / GO","861519/1995","Requerimento de Lavra Garimpeira","Requerimento de Lavra Garimpeira","***.812.727-**","FARIDE LUIZ DA SILVA                                                            ","CAMPOS VERDES - GO","ESMERALDA","Demais substâncias","Sim"
"Gerência Regional / GO","860735/1991","Requerimento de Lavra Garimpeira","Requerimento de Lavra Garimpeira","***.529.341-**","EZEQUIAS DIAS DA CRUZ                                                           ","CAMPOS VERDES - GO","ESMERALDA","Demais substâncias","Sim"
"Gerência Regional / GO","860773/1991","Requerimento de Lavra Garimpeira","Requerimento de Lavra Garimpeira","***.265.111-**","ORISVALDO MESSIAS DA SILVA                                                      ","CAMPOS VERDES - GO","ESMERALDA","Demais substâncias","Sim"
"Gerência Regional / GO","860704/1992","Requerimento de Lavra Garimpeira","Requerimento de Lavra Garimpeira","***.729.981-**","HILDELBRANDO LUIZ DO AMARAL                                                     ","CAMPOS VERDES - GO","ESMERALDA","Demais substâncias","Sim"
"Gerência Regional / GO","861125/1991","Requerimento de Lavra Garimpeira","Requerimento de Lavra Garimpeira","***.035.741-**","ODAIR DA SILVA LOBO","CAMPOS VERDES - GO","ESMERALDA","Demais substâncias","Sim"
"Gerência Regional / GO","861494/1995","Requerimento de Lavra Garimpeira","Requerimento de Lavra Garimpeira","***.916.461-**","JULIO ALVES DE SOUZA FILHO                                                      ","CAMPOS VERDES - GO","ESMERALDA","Demais substâncias","Sim"
"Gerência Regional / GO","861499/1995","Requerimento de Lavra Garimpeira","Requerimento de Lavra Garimpeira","***.916.461-**","JULIO ALVES DE SOUZA FILHO                                                      ","CAMPOS VERDES - GO","ESMERALDA","Demais substâncias","Sim"
"Gerência Regional / GO","860636/1991","Requerimento de Lavra Garimpeira","Requerimento de Lavra Garimpeira","***.905.661-**","ELIAS BORGES VIEIRA","CAMPOS VERDES - GO","ESMERALDA","Demais substâncias","Sim"
"Gerência Regional / GO","860816/1991","Requerimento de Lavra Garimpeira","Requerimento de Lavra Garimpeira","***.330.241-**","DULCEMAR SILVA PEREIRA                                                          ","CAMPOS VERDES - GO","ESMERALDA","Demais substâncias","Sim"
"Gerência Regional / GO","861001/1991","Requerimento de Lavra Garimpeira","Requerimento de Lavra Garimpeira","***.330.241-**","DULCEMAR SILVA PEREIRA                                                          ","CAMPOS VERDES - GO","ESMERALDA","Demais substâncias","Sim"
"Gerência Regional / GO","861257/1991","Requerimento de Lavra Garimpeira","Requerimento de Lavra Garimpeira","***.330.241-**","DULCEMAR SILVA PEREIRA                                                          ","CAMPOS VERDES - GO","ESMERALDA","Demais substâncias","Sim"
"Gerência Regional / GO","860447/1999","Requerimento de Lavra Garimpeira","Requerimento de Lavra Garimpeira","***.142.490-**","OZI GOMES DA SILVA","CAMPOS VERDES - GO","ESMERALDA","Demais substâncias","Sim"
"Gerência Regional / GO","860532/2022","Requerimento de Mudança de Regime para PLG","Requerimento de Lavra Garimpeira","***.966.851-**","LUIZ VINICIUS MEDEIROS RODRIGUES","SANTA RITA DO NOVO DESTINO - GO","MINÉRIO DE OURO","Industrial","Sim"
"Gerência Regional / GO","860976/1996","Requerimento de Lavra Garimpeira","Requerimento de Lavra Garimpeira","***.955.201-**","Marcos Ferreira canral","CAMPOS VERDES - GO","ESMERALDA","Demais substâncias","Sim"
"Gerência Regional / GO","861021/1995","Requerimento de Lavra Garimpeira","Requerimento de Lavra Garimpeira","***.955.201-**","Marcos Ferreira canral","CAMPOS VERDES - GO","ESMERALDA","Demais substâncias","Sim"
"Gerência Regional / GO","860169/2016","Requerimento de Lavra Garimpeira","Requerimento de Lavra Garimpeira","***.892.824-**","FRANCISCO DE ASSIS DE OLIVEIRA","CAMPOS VERDES - GO","ESMERALDA","Gema","Sim"
"Gerência Regional / GO","860493/2016","Requerimento de Lavra Garimpeira","Requerimento de Lavra Garimpeira","***.892.824-**","FRANCISCO DE ASSIS DE OLIVEIRA","CAMPOS VERDES - GO","ESMERALDA","Gema","Sim"
"Gerência Regional / GO","860538/2016","Requerimento de Lavra Garimpeira","Requerimento de Lavra Garimpeira","***.892.824-**","FRANCISCO DE ASSIS DE OLIVEIRA","CAMPOS VERDES - GO","ESMERALDA","Gema","Sim"
"Gerência Regional / GO","861070/1992","Requerimento de Lavra Garimpeira","Requerimento de Lavra Garimpeira","***.859.401-**","Helena Cruvinel Pereira","CAMPOS VERDES - GO","ESMERALDA","Demais substâncias","Sim"
"Gerência Regional / GO","860780/1991","Requerimento de Lavra Garimpeira","Requerimento de Lavra Garimpeira","***.261.091-**","WILDES MARTINS DA COSTA                                                         ","CAMPOS VERDES - GO","ESMERALDA","Demais substâncias","Sim"
"Gerência Regional / GO","860781/1991","Requerimento de Lavra Garimpeira","Requerimento de Lavra Garimpeira","***.261.091-**","WILDES MARTINS DA COSTA                                                         ","CAMPOS VERDES - GO","ESMERALDA","Demais substâncias","Sim"
"Gerência Regional / GO","860782/1991","Requerimento de Lavra Garimpeira","Requerimento de Lavra Garimpeira","***.261.091-**","WILDES MARTINS DA COSTA                                                         ","CAMPOS VERDES - GO","ESMERALDA","Demais substâncias","Sim"
"Gerência Regional / GO","860825/1991","Requerimento de Lavra Garimpeira","Requerimento de Lavra Garimpeira","***.261.091-**","WILDES MARTINS DA COSTA                                                         ","CAMPOS VERDES - GO","ESMERALDA","Demais substâncias","Sim"
"Gerência Regional / GO","860655/1991","Requerimento de Lavra Garimpeira","Requerimento de Lavra Garimpeira","26.725.903/0001-23","JOSÉ FERNANDES MOURAO - FI                                                      ","CAMPOS VERDES - GO","ESMERALDA","Demais substâncias","Sim"
"Gerência Regional / GO","861281/1991","Requerimento de Lavra Garimpeira","Requerimento de Lavra Garimpeira","***.688.771-**","VALTECI DINIZ                                                                   ","CAMPOS VERDES - GO","ESMERALDA","Demais substâncias","Sim"
"Gerência Regional / GO","860879/1991","Requerimento de Lavra Garimpeira","Requerimento de Lavra Garimpeira","***.071.108-**","DALTON ASSUNCAO CANELHAS                                                        ","CAMPOS VERDES - GO","ESMERALDA","Demais substâncias","Sim"
"Gerência Regional / GO","860296/2020","Requerimento de Lavra Garimpeira","Requerimento de Lavra Garimpeira","***.209.072-**","MANOEL RENATO MACHADO","JUSSARA - GO, MONTES CLAROS DE GOIÁS - GO","DIAMANTE, MINÉRIO DE OURO","Industrial, Industrial","Sim"
"Gerência Regional / GO","860297/2020","Requerimento de Lavra Garimpeira","Requerimento de Lavra Garimpeira","***.209.072-**","MANOEL RENATO MACHADO","JUSSARA - GO, MONTES CLAROS DE GOIÁS - GO","DIAMANTE, MINÉRIO DE OURO","Gema, Industrial","Sim"
"Gerência Regional / GO","860324/2020","Requerimento de Lavra Garimpeira","Requerimento de Lavra Garimpeira","***.209.072-**","MANOEL RENATO MACHADO","JUSSARA - GO, MONTES CLAROS DE GOIÁS - GO","DIAMANTE, MINÉRIO DE OURO","Gema, Industrial","Sim"
"Gerência Regional / GO","860639/2020","Requerimento de Lavra Garimpeira","Requerimento de Lavra Garimpeira","***.209.072-**","MANOEL RENATO MACHADO","JUSSARA - GO, MONTES CLAROS DE GOIÁS - GO","DIAMANTE, MINÉRIO DE OURO","Industrial, Industrial","Sim"
"Gerência Regional / GO","861489/1995","Requerimento de Lavra Garimpeira","Requerimento de Lavra Garimpeira","***.301.531-**","FRANCISCO ANTONIO BUENO                                                         ","CAMPOS VERDES - GO","ESMERALDA","Demais substâncias","Sim"
"Gerência Regional / GO","860658/1991","Requerimento de Lavra Garimpeira","Requerimento de Lavra Garimpeira","26.756.908/0001-13","RUBENS MARTINS MOURAO                                                           ","CAMPOS VERDES - GO","ESMERALDA","Demais substâncias","Sim"
"Gerência Regional / GO","860659/1991","Requerimento de Lavra Garimpeira","Requerimento de Lavra Garimpeira","26.756.908/0001-13","RUBENS MARTINS MOURAO                                                           ","CAMPOS VERDES - GO","ESMERALDA","Demais substâncias","Sim"
"Gerência Regional / GO","860728/2022","Requerimento de Lavra Garimpeira","Requerimento de Lavra Garimpeira","***.816.536-**","JUVENILIA DE FARIA SILVA","CATALÃO - GO, IPAMERI - GO","DIAMANTE, MINÉRIO DE OURO","Gema, Industrial","Sim"
"Gerência Regional / GO","860792/2018","Requerimento de Cessão parcial","Requerimento de Lavra Garimpeira","***.040.476-**","ALECIO PEREIRA ALVARENGA","CRISTALINA - GO","QUARTZO","Artesanato  mineral","Sim"
"Gerência Regional / GO","861567/2012","Requerimento de Lavra Garimpeira","Requerimento de Lavra Garimpeira","***.201.636-**","Ricardo Lehmann","CAMPINORTE - GO","BERILO, BERILO","Gema, Pedra de coleção","Sim"
"Gerência Regional / GO","860529/1991","Requerimento de Lavra Garimpeira","Requerimento de Lavra Garimpeira","***.899.891-**","MESSIAS JOSÉ PEREIRA                                                            ","CAMPOS VERDES - GO","ESMERALDA","Demais substâncias","Sim"
"Gerência Regional / GO","860966/2017","Requerimento de Lavra Garimpeira","Requerimento de Lavra Garimpeira","***.233.317-**","Alberto Cascais Meleiro","NIQUELÂNDIA - GO","QUARTZO, QUARTZO","Gema, Industrial","Sim"
"Gerência Regional / GO","860438/2019","Requerimento de Lavra Garimpeira","Requerimento de Lavra Garimpeira","***.181.341-**","MILTON FERREIRA DE BRITO","MONTIVIDIU DO NORTE - GO","TURMALINA","Gema","Sim"
"Gerência Regional / GO","861038/2021","Requerimento de Lavra Garimpeira","Requerimento de Lavra Garimpeira","***.181.341-**","MILTON FERREIRA DE BRITO","MONTIVIDIU DO NORTE - GO","TURMALINA","Gema","Sim"
"Gerência Regional / GO","860311/2021","Requerimento de Lavra Garimpeira","Requerimento de Lavra Garimpeira","***.301.206-**","ROBERTO ULISSES DOS SANTOS","JUSSARA - GO, MONTES CLAROS DE GOIÁS - GO","MINÉRIO DE OURO","Industrial","Sim"
"Gerência Regional / GO","860921/1991","Requerimento de Lavra Garimpeira","Requerimento de Lavra Garimpeira","***.371.418-**","RAILDES MARQUES DA CRUZ                                                         ","CAMPOS VERDES - GO","ESMERALDA","Demais substâncias","Sim"
"Gerência Regional / GO","860262/2026","Requerimento de Mudança de Regime para PLG","Requerimento de Lavra Garimpeira","***.405.551-**","CLAUBER DIAS BRANDAO","CAMPO ALEGRE DE GOIÁS - GO, IPAMERI - GO","DIAMANTE, MINÉRIO DE OURO","Gema, Industrial","Sim"
"Gerência Regional / GO","860853/1992","Requerimento de Lavra Garimpeira","Requerimento de Lavra Garimpeira","***.900.611-**","CARMELINO QUEIROS DOS SANTOS                                                    ","CAMPOS VERDES - GO","ESMERALDA","Demais substâncias","Sim"
"Gerência Regional / GO","860894/1991","Requerimento de Lavra Garimpeira","Requerimento de Lavra Garimpeira","***.819.898-**","PAULO ROBERTO RETZ","CAMPOS VERDES - GO","ESMERALDA","Demais substâncias","Sim"
"Gerência Regional / GO","860916/1991","Requerimento de Lavra Garimpeira","Requerimento de Lavra Garimpeira","***.819.898-**","PAULO ROBERTO RETZ","CAMPOS VERDES - GO","ESMERALDA","Demais substâncias","Sim"
"Gerência Regional / GO","860517/1991","Requerimento de Lavra Garimpeira","Requerimento de Lavra Garimpeira","***.819.898-**","PAULO ROBERTO RETZ","CAMPOS VERDES - GO","ESMERALDA","Demais substâncias","Sim"
"Gerência Regional / GO","860524/1991","Requerimento de Lavra Garimpeira","Requerimento de Lavra Garimpeira","***.819.898-**","PAULO ROBERTO RETZ","CAMPOS VERDES - GO","ESMERALDA","Demais substâncias","Sim"
"Gerência Regional / GO","860525/1991","Requerimento de Lavra Garimpeira","Requerimento de Lavra Garimpeira","***.819.898-**","PAULO ROBERTO RETZ","CAMPOS VERDES - GO","ESMERALDA","Demais substâncias","Sim"
"Gerência Regional / GO","860526/1991","Requerimento de Lavra Garimpeira","Requerimento de Lavra Garimpeira","***.819.898-**","PAULO ROBERTO RETZ","CAMPOS VERDES - GO","ESMERALDA","Demais substâncias","Sim"
"Gerência Regional / GO","860531/1991","Requerimento de Lavra Garimpeira","Requerimento de Lavra Garimpeira","***.819.898-**","PAULO ROBERTO RETZ","CAMPOS VERDES - GO","ESMERALDA","Demais substâncias","Sim"
"Gerência Regional / GO","860536/1991","Requerimento de Lavra Garimpeira","Requerimento de Lavra Garimpeira","***.819.898-**","PAULO ROBERTO RETZ","CAMPOS VERDES - GO","ESMERALDA","Demais substâncias","Sim"
"Gerência Regional / GO","860541/1991","Requerimento de Lavra Garimpeira","Requerimento de Lavra Garimpeira","***.819.898-**","PAULO ROBERTO RETZ","CAMPOS VERDES - GO","ESMERALDA","Demais substâncias","Sim"
"Gerência Regional / GO","860542/1991","Requerimento de Lavra Garimpeira","Requerimento de Lavra Garimpeira","***.819.898-**","PAULO ROBERTO RETZ","CAMPOS VERDES - GO","ESMERALDA","Demais substâncias","Sim"
"Gerência Regional / GO","860543/1991","Requerimento de Lavra Garimpeira","Requerimento de Lavra Garimpeira","***.819.898-**","PAULO ROBERTO RETZ","CAMPOS VERDES - GO","ESMERALDA","Demais substâncias","Sim"
"Gerência Regional / GO","860850/1991","Requerimento de Lavra Garimpeira","Requerimento de Lavra Garimpeira","***.819.898-**","PAULO ROBERTO RETZ","CAMPOS VERDES - GO","ESMERALDA","Demais substâncias","Sim"
"Gerência Regional / GO","860893/1991","Requerimento de Lavra Garimpeira","Requerimento de Lavra Garimpeira","***.819.898-**","PAULO ROBERTO RETZ","CAMPOS VERDES - GO","ESMERALDA","Demais substâncias","Sim"
"Gerência Regional / GO","860727/1992","Requerimento de Lavra Garimpeira","Requerimento de Lavra Garimpeira","***.558.431-**","LUIZ HUMBERTO FERNADES DOS SANTOS","CAMPOS VERDES - GO","ESMERALDA","Demais substâncias","Sim"
"Gerência Regional / GO","860002/2023","Requerimento de Mudança de Regime para PLG","Requerimento de Lavra Garimpeira","***.506.161-**","Osmar Rodovalho","TRÊS RANCHOS - GO","DIAMANTE","Industrial","Sim"
"Gerência Regional / GO","860891/1991","Requerimento de Lavra Garimpeira","Requerimento de Lavra Garimpeira","***.997.411-**","ORISMAR SAUDER DE OLIVEIRA","CAMPOS VERDES - GO","ESMERALDA","Demais substâncias","Sim"
"Gerência Regional / GO","860093/2017","Requerimento de Lavra Garimpeira","Requerimento de Lavra Garimpeira","***.806.891-**","FERNANDO PEREIRA FILHO","IVOLÂNDIA - GO","DIAMANTE","Industrial","Sim"
"Gerência Regional / GO","860094/2017","Requerimento de Lavra Garimpeira","Requerimento de Lavra Garimpeira","***.806.891-**","FERNANDO PEREIRA FILHO","IVOLÂNDIA - GO","DIAMANTE","Industrial","Sim"
"Gerência Regional / GO","860797/2016","Requerimento de Lavra Garimpeira","Requerimento de Lavra Garimpeira","***.806.891-**","FERNANDO PEREIRA FILHO","ARENÓPOLIS - GO, MONTES CLAROS DE GOIÁS - GO","DIAMANTE","Gema","Sim"
"Gerência Regional / GO","860798/2016","Requerimento de Lavra Garimpeira","Requerimento de Lavra Garimpeira","***.806.891-**","FERNANDO PEREIRA FILHO","ARENÓPOLIS - GO, MONTES CLAROS DE GOIÁS - GO","DIAMANTE","Gema","Sim"
"Gerência Regional / GO","860799/2016","Requerimento de Lavra Garimpeira","Requerimento de Lavra Garimpeira","***.806.891-**","FERNANDO PEREIRA FILHO","ARENÓPOLIS - GO, MONTES CLAROS DE GOIÁS - GO","DIAMANTE","Gema","Sim"
"Gerência Regional / GO","860867/1991","Requerimento de Lavra Garimpeira","Requerimento de Lavra Garimpeira","***.255.335-**","FRANCISCO NUNES DE MENEZES                                                      ","CAMPOS VERDES - GO","ESMERALDA","Demais substâncias","Sim"
"Gerência Regional / GO","861254/1991","Requerimento de Lavra Garimpeira","Requerimento de Lavra Garimpeira","***.541.001-**","DIRCEU ANTAO DA SILVA                                                           ","CAMPOS VERDES - GO","ESMERALDA","Demais substâncias","Sim"
"Gerência Regional / GO","860382/2020","Requerimento de Lavra Garimpeira","Requerimento de Lavra Garimpeira","***.202.821-**","CLEDSTON LUCIANO DE SOUZA","GOIANÉSIA - GO, JARAGUÁ - GO","MINÉRIO DE OURO","Industrial","Sim"
"Gerência Regional / GO","860941/2023","Requerimento de Lavra Garimpeira","Requerimento de Lavra Garimpeira","***.867.561-**","LAURIVALDO DIAS","MONTIVIDIU DO NORTE - GO","ESPODUMÊNIO, ESPODUMÊNIO, LEPIDOLITA, LEPIDOLITA","Gema, Gema, Industrial, Industrial","Sim"
"Gerência Regional / GO","861100/2024","Requerimento de Mudança de Regime para PLG","Requerimento de Lavra Garimpeira","08.950.544/0001-26","EDIMINAS MINERACAO LTDA","MARA ROSA - GO, NOVA IGUAÇU DE GOIÁS - GO","MINÉRIO DE OURO, OURO","Industrial, Industrial","Sim"
"Gerência Regional / GO","860944/1991","Requerimento de Lavra Garimpeira","Requerimento de Lavra Garimpeira","***.265.071-**","MARCELO CARNEIRO SILVA","CAMPOS VERDES - GO","ESMERALDA","Demais substâncias","Sim"
"Gerência Regional / GO","861248/2009","Requerimento de Lavra Garimpeira","Requerimento de Lavra Garimpeira","***.265.071-**","MARCELO CARNEIRO SILVA","CAMPOS VERDES - GO","ESMERALDA","Gema","Sim"
"Gerência Regional / GO","861523/1995","Requerimento de Lavra Garimpeira","Requerimento de Lavra Garimpeira","***.265.071-**","MARCELO CARNEIRO SILVA","CAMPOS VERDES - GO","ESMERALDA","Demais substâncias","Sim"
"Gerência Regional / GO","861573/1992","Requerimento de Lavra Garimpeira","Requerimento de Lavra Garimpeira","***.265.071-**","MARCELO CARNEIRO SILVA","CAMPOS VERDES - GO","ESMERALDA","Demais substâncias","Sim"
"Gerência Regional / GO","860184/2021","Requerimento de Lavra Garimpeira","Requerimento de Lavra Garimpeira","39.527.523/0001-26","COOPERATIVA DOS GARIMPEIROS E MINERADORES DE NIQUELANDIA E REGIAO","URUAÇU - GO","MINÉRIO DE OURO","Industrial","Sim"
"Gerência Regional / GO","860200/2021","Requerimento de Lavra Garimpeira","Requerimento de Lavra Garimpeira","39.527.523/0001-26","COOPERATIVA DOS GARIMPEIROS E MINERADORES DE NIQUELANDIA E REGIAO","NIQUELÂNDIA - GO","MINÉRIO DE OURO","Industrial","Sim"
"Gerência Regional / GO","860201/2021","Requerimento de Lavra Garimpeira","Requerimento de Lavra Garimpeira","39.527.523/0001-26","COOPERATIVA DOS GARIMPEIROS E MINERADORES DE NIQUELANDIA E REGIAO","NIQUELÂNDIA - GO","MINÉRIO DE OURO","Industrial","Sim"
"Gerência Regional / GO","860209/2022","Requerimento de Lavra Garimpeira","Requerimento de Lavra Garimpeira","39.527.523/0001-26","COOPERATIVA DOS GARIMPEIROS E MINERADORES DE NIQUELANDIA E REGIAO","NIQUELÂNDIA - GO","MINÉRIO DE OURO","Industrial","Sim"
"Gerência Regional / GO","860279/2021","Requerimento de Lavra Garimpeira","Requerimento de Lavra Garimpeira","39.527.523/0001-26","COOPERATIVA DOS GARIMPEIROS E MINERADORES DE NIQUELANDIA E REGIAO","NIQUELÂNDIA - GO","MINÉRIO DE OURO","Industrial","Sim"
"Gerência Regional / GO","860280/2021","Requerimento de Lavra Garimpeira","Requerimento de Lavra Garimpeira","39.527.523/0001-26","COOPERATIVA DOS GARIMPEIROS E MINERADORES DE NIQUELANDIA E REGIAO","NIQUELÂNDIA - GO","MINÉRIO DE OURO","Industrial","Sim"
"Gerência Regional / GO","860825/2025","Requerimento de Mudança de Regime para PLG","Requerimento de Lavra Garimpeira","39.527.523/0001-26","COOPERATIVA DOS GARIMPEIROS E MINERADORES DE NIQUELANDIA E REGIAO","JAÚ DO TOCANTINS - TO, MONTIVIDIU DO NORTE - GO","MINÉRIO DE OURO","Industrial","Sim"
"Gerência Regional / GO","861008/2021","Requerimento de Lavra Garimpeira","Requerimento de Lavra Garimpeira","39.527.523/0001-26","COOPERATIVA DOS GARIMPEIROS E MINERADORES DE NIQUELANDIA E REGIAO","MIMOSO DE GOIÁS - GO","MINÉRIO DE OURO","Industrial","Sim"
"Gerência Regional / GO","861009/2021","Requerimento de Lavra Garimpeira","Requerimento de Lavra Garimpeira","39.527.523/0001-26","COOPERATIVA DOS GARIMPEIROS E MINERADORES DE NIQUELANDIA E REGIAO","MIMOSO DE GOIÁS - GO","MINÉRIO DE OURO","Industrial","Sim"
"Gerência Regional / GO","861141/2021","Requerimento de Lavra Garimpeira","Requerimento de Lavra Garimpeira","39.527.523/0001-26","COOPERATIVA DOS GARIMPEIROS E MINERADORES DE NIQUELANDIA E REGIAO","NIQUELÂNDIA - GO","MINÉRIO DE OURO","Industrial","Sim"
"Gerência Regional / GO","861457/2021","Requerimento de Lavra Garimpeira","Requerimento de Lavra Garimpeira","39.527.523/0001-26","COOPERATIVA DOS GARIMPEIROS E MINERADORES DE NIQUELANDIA E REGIAO","NIQUELÂNDIA - GO","MINÉRIO DE OURO","Industrial","Sim"
"Gerência Regional / GO","861151/2024","Requerimento de Mudança de Regime para PLG","Requerimento de Lavra Garimpeira","***.470.551-**","Odailson Moura de Araujo","MUTUNÓPOLIS - GO","MINÉRIO DE OURO","Industrial","Sim"
"Gerência Regional / GO","860858/2017","Requerimento de Lavra Garimpeira","Requerimento de Lavra Garimpeira","***.343.151-**","Valdevam Pereira de Almeida","CATALÃO - GO, GUARDA-MOR - MG","DIAMANTE","Industrial","Sim"
"Gerência Regional / GO","860828/1991","Requerimento de Lavra Garimpeira","Requerimento de Lavra Garimpeira","***.920.910-**","ANDRE DE SOUZA FILHO                                                            ","CAMPOS VERDES - GO","ESMERALDA","Demais substâncias","Sim"
"Gerência Regional / GO","860086/2018","Requerimento de Lavra Garimpeira","Requerimento de Lavra Garimpeira","***.266.041-**","ROGER SANTANA MARTINS DA COSTA","CAMPOS VERDES - GO","ESMERALDA","Gema","Sim"
"Gerência Regional / GO","860087/2018","Requerimento de Lavra Garimpeira","Requerimento de Lavra Garimpeira","***.266.041-**","ROGER SANTANA MARTINS DA COSTA","CAMPOS VERDES - GO","ESMERALDA","Gema","Sim"
"Gerência Regional / GO","860088/2018","Requerimento de Lavra Garimpeira","Requerimento de Lavra Garimpeira","***.266.041-**","ROGER SANTANA MARTINS DA COSTA","CAMPOS VERDES - GO","ESMERALDA","Gema","Sim"
"Gerência Regional / GO","860779/1991","Requerimento de Lavra Garimpeira","Requerimento de Lavra Garimpeira","***.920.800-**","BENEDITA BRITO BARBOSA                                                          ","CAMPOS VERDES - GO","ESMERALDA","Demais substâncias","Sim"
"Gerência Regional / GO","860873/1991","Requerimento de Lavra Garimpeira","Requerimento de Lavra Garimpeira","***.708.198-**","RICARDO MACEDO FACCHINI                                                         ","CAMPOS VERDES - GO","ESMERALDA","Demais substâncias","Sim"
"Gerência Regional / GO","860712/1991","Requerimento de Lavra Garimpeira","Requerimento de Lavra Garimpeira","99.915.985/9999-13","JUAREZ LEOPOLDINO DE MOURA                                                      ","CAMPOS VERDES - GO","ESMERALDA","Demais substâncias","Sim"
"Gerência Regional / GO","860959/1991","Requerimento de Lavra Garimpeira","Requerimento de Lavra Garimpeira","***.754.748-**","DANIEL PENHA DINIZ                                                              ","CAMPOS VERDES - GO","ESMERALDA","Demais substâncias","Sim"
"Gerência Regional / GO","860960/1991","Requerimento de Lavra Garimpeira","Requerimento de Lavra Garimpeira","***.754.748-**","DANIEL PENHA DINIZ                                                              ","CAMPOS VERDES - GO","ESMERALDA","Demais substâncias","Sim"
"Gerência Regional / GO","860607/2019","Requerimento de Lavra Garimpeira","Requerimento de Lavra Garimpeira","***.234.391-**","Rosalina Soares da Rocha","CAMPOS VERDES - GO","ESMERALDA","Gema","Sim"
"Gerência Regional / GO","860978/2016","Requerimento de Lavra Garimpeira","Requerimento de Lavra Garimpeira","***.921.605-**","Fábio Cardoso carneiro ","MONTIVIDIU DO NORTE - GO","RUTILO","Industrial","Sim"
"Gerência Regional / GO","861932/1995","Requerimento de Lavra Garimpeira","Requerimento de Lavra Garimpeira","***.850.271-**","KATSON XAVIER PEREIRA","CAMPOS VERDES - GO","ESMERALDA","Demais substâncias","Sim"
"Gerência Regional / TO","864045/2020","Requerimento de Mudança de Regime para PLG","Requerimento de Lavra Garimpeira","***.015.706-**","CARLOS ALBERTO DILLY","JAÚ DO TOCANTINS - TO, MONTIVIDIU DO NORTE - GO, TALISMÃ - TO","MINÉRIO DE OURO","Industrial","Sim"
"Gerência Regional / GO","860713/1991","Requerimento de Lavra Garimpeira","Requerimento de Lavra Garimpeira","***.554.161-**","GILBERTO LEOPOLDINO DE MOURA","CAMPOS VERDES - GO","ESMERALDA","Demais substâncias","Sim"
"Gerência Regional / GO","860542/2022","Requerimento de Mudança de Regime para PLG","Requerimento de Lavra Garimpeira","***.363.751-**","Ilana Santiago e silva","SANTA RITA DO NOVO DESTINO - GO","MINÉRIO DE OURO","Industrial","Sim"
"Gerência Regional / GO","860437/2025","Requerimento de Lavra Garimpeira","Requerimento de Lavra Garimpeira","***.530.509-**","ELPIDIO DAROIT","MARA ROSA - GO","MINÉRIO DE OURO","Industrial","Sim"
"Gerência Regional / GO","860438/2025","Requerimento de Lavra Garimpeira","Requerimento de Lavra Garimpeira","***.530.509-**","ELPIDIO DAROIT","MARA ROSA - GO","MINÉRIO DE OURO","Industrial","Sim"
"Gerência Regional / GO","861411/2013","Requerimento de Lavra Garimpeira","Requerimento de Lavra Garimpeira","***.803.421-**","João Lopes da Paz","CAMPOS VERDES - GO","ESMERALDA","Gema","Sim"
"Gerência Regional / GO","861161/1992","Requerimento de Lavra Garimpeira","Requerimento de Lavra Garimpeira","***.520.704-**","MARIA AUGUSTA LIMA ARRUDA                                                       ","CAMPOS VERDES - GO","ESMERALDA","Demais substâncias","Sim"
"Gerência Regional / GO","860897/1991","Requerimento de Lavra Garimpeira","Requerimento de Lavra Garimpeira","***.225.891-**","ALTAMIRO RODRIGUES AMARAL                                                       ","CAMPOS VERDES - GO","ESMERALDA","Demais substâncias","Sim"
"Gerência Regional / GO","860535/1991","Requerimento de Lavra Garimpeira","Requerimento de Lavra Garimpeira","***.221.101-**","ELIZIO ROSA DE MORAES                                                           ","CAMPOS VERDES - GO","ESMERALDA","Demais substâncias","Sim"
"Gerência Regional / GO","860242/1999","Requerimento de Lavra Garimpeira","Requerimento de Lavra Garimpeira","***.782.001-**","KELEY XAVIER PEREIRA                                                            ","CAMPOS VERDES - GO","ESMERALDA","Demais substâncias","Sim"
"Gerência Regional / GO","860730/1991","Requerimento de Lavra Garimpeira","Requerimento de Lavra Garimpeira","***.232.128-**","FRANCISCO GONCALVES TORRES                                                      ","CAMPOS VERDES - GO","ESMERALDA","Demais substâncias","Sim"
"Gerência Regional / GO","860107/2018","Requerimento de Lavra Garimpeira","Requerimento de Lavra Garimpeira","***.328.998-**","JOSÉ AMARILDO GUIARO","SÃO LUIZ DO NORTE - GO","MINÉRIO DE OURO","Industrial","Sim"
"Gerência Regional / GO","860108/2018","Requerimento de Lavra Garimpeira","Requerimento de Lavra Garimpeira","***.328.998-**","JOSÉ AMARILDO GUIARO","SÃO LUIZ DO NORTE - GO","MINÉRIO DE OURO","Industrial","Sim"
"Gerência Regional / GO","861157/1992","Requerimento de Lavra Garimpeira","Requerimento de Lavra Garimpeira","***.198.278-**","WAUMY DONIZETH SOUZA                                                            ","CAMPOS VERDES - GO","ESMERALDA","Demais substâncias","Sim"
"Gerência Regional / GO","860290/2021","Requerimento de Lavra Garimpeira","Requerimento de Lavra Garimpeira","40.988.069/0001-90","COOPERATIVA DE MINERADORES E GARIMPEIROS DA REGIAO DE NIQUELANDIA - COOPERMINI","SÃO DOMINGOS - GO","MINÉRIO DE OURO","Industrial","Sim"
"Gerência Regional / GO","860291/2021","Requerimento de Lavra Garimpeira","Requerimento de Lavra Garimpeira","40.988.069/0001-90","COOPERATIVA DE MINERADORES E GARIMPEIROS DA REGIAO DE NIQUELANDIA - COOPERMINI","SÃO DOMINGOS - GO","MINÉRIO DE OURO","Industrial","Sim"
"Gerência Regional / GO","860292/2021","Requerimento de Lavra Garimpeira","Requerimento de Lavra Garimpeira","40.988.069/0001-90","COOPERATIVA DE MINERADORES E GARIMPEIROS DA REGIAO DE NIQUELANDIA - COOPERMINI","SÃO DOMINGOS - GO","MINÉRIO DE OURO","Industrial","Sim"
"Gerência Regional / GO","860293/2021","Requerimento de Lavra Garimpeira","Requerimento de Lavra Garimpeira","40.988.069/0001-90","COOPERATIVA DE MINERADORES E GARIMPEIROS DA REGIAO DE NIQUELANDIA - COOPERMINI","SÃO DOMINGOS - GO","MINÉRIO DE OURO","Industrial","Sim"
"Gerência Regional / GO","860294/2021","Requerimento de Lavra Garimpeira","Requerimento de Lavra Garimpeira","40.988.069/0001-90","COOPERATIVA DE MINERADORES E GARIMPEIROS DA REGIAO DE NIQUELANDIA - COOPERMINI","SÃO DOMINGOS - GO","MINÉRIO DE OURO","Industrial","Sim"
"Gerência Regional / GO","860295/2021","Requerimento de Lavra Garimpeira","Requerimento de Lavra Garimpeira","40.988.069/0001-90","COOPERATIVA DE MINERADORES E GARIMPEIROS DA REGIAO DE NIQUELANDIA - COOPERMINI","SÃO DOMINGOS - GO","MINÉRIO DE OURO","Industrial","Sim"
"Gerência Regional / GO","860296/2021","Requerimento de Lavra Garimpeira","Requerimento de Lavra Garimpeira","40.988.069/0001-90","COOPERATIVA DE MINERADORES E GARIMPEIROS DA REGIAO DE NIQUELANDIA - COOPERMINI","SÃO DOMINGOS - GO","MINÉRIO DE OURO","Industrial","Sim"
"Gerência Regional / GO","860297/2021","Requerimento de Lavra Garimpeira","Requerimento de Lavra Garimpeira","40.988.069/0001-90","COOPERATIVA DE MINERADORES E GARIMPEIROS DA REGIAO DE NIQUELANDIA - COOPERMINI","SÃO DOMINGOS - GO","MINÉRIO DE OURO","Industrial","Sim"
"Gerência Regional / GO","860298/2021","Requerimento de Lavra Garimpeira","Requerimento de Lavra Garimpeira","40.988.069/0001-90","COOPERATIVA DE MINERADORES E GARIMPEIROS DA REGIAO DE NIQUELANDIA - COOPERMINI","SÃO DOMINGOS - GO","MINÉRIO DE OURO","Industrial","Sim"
"Gerência Regional / GO","860299/2021","Requerimento de Lavra Garimpeira","Requerimento de Lavra Garimpeira","40.988.069/0001-90","COOPERATIVA DE MINERADORES E GARIMPEIROS DA REGIAO DE NIQUELANDIA - COOPERMINI","SÃO DOMINGOS - GO","MINÉRIO DE OURO","Industrial","Sim"
"Gerência Regional / GO","860300/2021","Requerimento de Lavra Garimpeira","Requerimento de Lavra Garimpeira","40.988.069/0001-90","COOPERATIVA DE MINERADORES E GARIMPEIROS DA REGIAO DE NIQUELANDIA - COOPERMINI","SÃO DOMINGOS - GO","MINÉRIO DE OURO","Industrial","Sim"
"Gerência Regional / GO","860303/2021","Requerimento de Lavra Garimpeira","Requerimento de Lavra Garimpeira","40.988.069/0001-90","COOPERATIVA DE MINERADORES E GARIMPEIROS DA REGIAO DE NIQUELANDIA - COOPERMINI","SÃO DOMINGOS - GO","MINÉRIO DE OURO","Industrial","Sim"
"Gerência Regional / GO","860304/2021","Requerimento de Lavra Garimpeira","Requerimento de Lavra Garimpeira","40.988.069/0001-90","COOPERATIVA DE MINERADORES E GARIMPEIROS DA REGIAO DE NIQUELANDIA - COOPERMINI","SÃO DOMINGOS - GO","MINÉRIO DE OURO","Industrial","Sim"
"Gerência Regional / GO","860305/2021","Requerimento de Lavra Garimpeira","Requerimento de Lavra Garimpeira","40.988.069/0001-90","COOPERATIVA DE MINERADORES E GARIMPEIROS DA REGIAO DE NIQUELANDIA - COOPERMINI","VILA PROPÍCIO - GO","MINÉRIO DE OURO","Industrial","Sim"
"Gerência Regional / GO","860306/2021","Requerimento de Lavra Garimpeira","Requerimento de Lavra Garimpeira","40.988.069/0001-90","COOPERATIVA DE MINERADORES E GARIMPEIROS DA REGIAO DE NIQUELANDIA - COOPERMINI","VILA PROPÍCIO - GO","MINÉRIO DE OURO","Industrial","Sim"
"Gerência Regional / GO","860307/2021","Requerimento de Lavra Garimpeira","Requerimento de Lavra Garimpeira","40.988.069/0001-90","COOPERATIVA DE MINERADORES E GARIMPEIROS DA REGIAO DE NIQUELANDIA - COOPERMINI","VILA PROPÍCIO - GO","MINÉRIO DE OURO","Industrial","Sim"
"Gerência Regional / GO","860353/2021","Requerimento de Lavra Garimpeira","Requerimento de Lavra Garimpeira","40.988.069/0001-90","COOPERATIVA DE MINERADORES E GARIMPEIROS DA REGIAO DE NIQUELANDIA - COOPERMINI","NOVA ROMA - GO","CASSITERITA, MINÉRIO DE OURO","Industrial, Industrial","Sim"
"Gerência Regional / GO","860354/2021","Requerimento de Lavra Garimpeira","Requerimento de Lavra Garimpeira","40.988.069/0001-90","COOPERATIVA DE MINERADORES E GARIMPEIROS DA REGIAO DE NIQUELANDIA - COOPERMINI","NIQUELÂNDIA - GO","MINÉRIO DE OURO","Industrial","Sim"
"Gerência Regional / GO","860355/2021","Requerimento de Lavra Garimpeira","Requerimento de Lavra Garimpeira","40.988.069/0001-90","COOPERATIVA DE MINERADORES E GARIMPEIROS DA REGIAO DE NIQUELANDIA - COOPERMINI","NIQUELÂNDIA - GO","MINÉRIO DE OURO","Industrial","Sim"
"Gerência Regional / GO","860356/2021","Requerimento de Lavra Garimpeira","Requerimento de Lavra Garimpeira","40.988.069/0001-90","COOPERATIVA DE MINERADORES E GARIMPEIROS DA REGIAO DE NIQUELANDIA - COOPERMINI","NOVA ROMA - GO","CASSITERITA, MINÉRIO DE OURO","Industrial, Industrial","Sim"
"Gerência Regional / GO","860357/2021","Requerimento de Lavra Garimpeira","Requerimento de Lavra Garimpeira","40.988.069/0001-90","COOPERATIVA DE MINERADORES E GARIMPEIROS DA REGIAO DE NIQUELANDIA - COOPERMINI","NOVA ROMA - GO","CASSITERITA, MINÉRIO DE OURO","Industrial, Industrial","Sim"
"Gerência Regional / GO","860358/2021","Requerimento de Lavra Garimpeira","Requerimento de Lavra Garimpeira","40.988.069/0001-90","COOPERATIVA DE MINERADORES E GARIMPEIROS DA REGIAO DE NIQUELANDIA - COOPERMINI","NOVA ROMA - GO","CASSITERITA, MINÉRIO DE OURO","Industrial, Industrial","Sim"
"Gerência Regional / GO","860359/2021","Requerimento de Lavra Garimpeira","Requerimento de Lavra Garimpeira","40.988.069/0001-90","COOPERATIVA DE MINERADORES E GARIMPEIROS DA REGIAO DE NIQUELANDIA - COOPERMINI","NIQUELÂNDIA - GO","MINÉRIO DE OURO","Industrial","Sim"
"Gerência Regional / GO","860360/2021","Requerimento de Lavra Garimpeira","Requerimento de Lavra Garimpeira","40.988.069/0001-90","COOPERATIVA DE MINERADORES E GARIMPEIROS DA REGIAO DE NIQUELANDIA - COOPERMINI","NIQUELÂNDIA - GO","MINÉRIO DE OURO","Industrial","Sim"
"Gerência Regional / GO","860361/2021","Requerimento de Lavra Garimpeira","Requerimento de Lavra Garimpeira","40.988.069/0001-90","COOPERATIVA DE MINERADORES E GARIMPEIROS DA REGIAO DE NIQUELANDIA - COOPERMINI","NIQUELÂNDIA - GO","MINÉRIO DE OURO","Industrial","Sim"
"Gerência Regional / GO","860362/2021","Requerimento de Lavra Garimpeira","Requerimento de Lavra Garimpeira","40.988.069/0001-90","COOPERATIVA DE MINERADORES E GARIMPEIROS DA REGIAO DE NIQUELANDIA - COOPERMINI","NIQUELÂNDIA - GO","MINÉRIO DE OURO","Industrial","Sim"
"Gerência Regional / GO","860363/2021","Requerimento de Lavra Garimpeira","Requerimento de Lavra Garimpeira","40.988.069/0001-90","COOPERATIVA DE MINERADORES E GARIMPEIROS DA REGIAO DE NIQUELANDIA - COOPERMINI","NIQUELÂNDIA - GO","MINÉRIO DE OURO","Industrial","Sim"
"Gerência Regional / GO","860390/2021","Requerimento de Lavra Garimpeira","Requerimento de Lavra Garimpeira","40.988.069/0001-90","COOPERATIVA DE MINERADORES E GARIMPEIROS DA REGIAO DE NIQUELANDIA - COOPERMINI","NIQUELÂNDIA - GO","MINÉRIO DE OURO","Industrial","Sim"
"Gerência Regional / GO","860391/2021","Requerimento de Lavra Garimpeira","Requerimento de Lavra Garimpeira","40.988.069/0001-90","COOPERATIVA DE MINERADORES E GARIMPEIROS DA REGIAO DE NIQUELANDIA - COOPERMINI","NIQUELÂNDIA - GO","MINÉRIO DE OURO","Industrial","Sim"
"Gerência Regional / GO","860392/2021","Requerimento de Lavra Garimpeira","Requerimento de Lavra Garimpeira","40.988.069/0001-90","COOPERATIVA DE MINERADORES E GARIMPEIROS DA REGIAO DE NIQUELANDIA - COOPERMINI","NIQUELÂNDIA - GO","MINÉRIO DE OURO","Industrial","Sim"
"Gerência Regional / GO","860393/2021","Requerimento de Lavra Garimpeira","Requerimento de Lavra Garimpeira","40.988.069/0001-90","COOPERATIVA DE MINERADORES E GARIMPEIROS DA REGIAO DE NIQUELANDIA - COOPERMINI","NIQUELÂNDIA - GO","MINÉRIO DE OURO","Industrial","Sim"
"Gerência Regional / GO","860395/2021","Requerimento de Lavra Garimpeira","Requerimento de Lavra Garimpeira","40.988.069/0001-90","COOPERATIVA DE MINERADORES E GARIMPEIROS DA REGIAO DE NIQUELANDIA - COOPERMINI","NIQUELÂNDIA - GO","MINÉRIO DE OURO","Industrial","Sim"
"Gerência Regional / GO","860396/2021","Requerimento de Lavra Garimpeira","Requerimento de Lavra Garimpeira","40.988.069/0001-90","COOPERATIVA DE MINERADORES E GARIMPEIROS DA REGIAO DE NIQUELANDIA - COOPERMINI","NIQUELÂNDIA - GO","MINÉRIO DE OURO","Industrial","Sim"
"Gerência Regional / GO","860397/2021","Requerimento de Lavra Garimpeira","Requerimento de Lavra Garimpeira","40.988.069/0001-90","COOPERATIVA DE MINERADORES E GARIMPEIROS DA REGIAO DE NIQUELANDIA - COOPERMINI","NIQUELÂNDIA - GO","MINÉRIO DE OURO","Industrial","Sim"
"Gerência Regional / GO","860398/2021","Requerimento de Lavra Garimpeira","Requerimento de Lavra Garimpeira","40.988.069/0001-90","COOPERATIVA DE MINERADORES E GARIMPEIROS DA REGIAO DE NIQUELANDIA - COOPERMINI","NIQUELÂNDIA - GO","MINÉRIO DE OURO","Industrial","Sim"
"Gerência Regional / GO","860528/2021","Requerimento de Lavra Garimpeira","Requerimento de Lavra Garimpeira","40.988.069/0001-90","COOPERATIVA DE MINERADORES E GARIMPEIROS DA REGIAO DE NIQUELANDIA - COOPERMINI","NIQUELÂNDIA - GO","MINÉRIO DE OURO","Industrial","Sim"
"Gerência Regional / GO","860529/2021","Requerimento de Lavra Garimpeira","Requerimento de Lavra Garimpeira","40.988.069/0001-90","COOPERATIVA DE MINERADORES E GARIMPEIROS DA REGIAO DE NIQUELANDIA - COOPERMINI","NIQUELÂNDIA - GO","MINÉRIO DE OURO","Industrial","Sim"
"Gerência Regional / GO","861030/2021","Requerimento de Mudança de Regime para PLG","Requerimento de Lavra Garimpeira","40.988.069/0001-90","COOPERATIVA DE MINERADORES E GARIMPEIROS DA REGIAO DE NIQUELANDIA - COOPERMINI","NIQUELÂNDIA - GO","MINÉRIO DE OURO","Industrial","Sim"
"Gerência Regional / GO","861176/2024","Requerimento de Lavra Garimpeira","Requerimento de Lavra Garimpeira","40.988.069/0001-90","COOPERATIVA DE MINERADORES E GARIMPEIROS DA REGIAO DE NIQUELANDIA - COOPERMINI","NIQUELÂNDIA - GO","MINÉRIO DE OURO","Industrial","Sim"
"Gerência Regional / GO","861178/2024","Requerimento de Lavra Garimpeira","Requerimento de Lavra Garimpeira","40.988.069/0001-90","COOPERATIVA DE MINERADORES E GARIMPEIROS DA REGIAO DE NIQUELANDIA - COOPERMINI","NIQUELÂNDIA - GO","MINÉRIO DE OURO","Industrial","Sim"
"Gerência Regional / GO","861179/2024","Requerimento de Lavra Garimpeira","Requerimento de Lavra Garimpeira","40.988.069/0001-90","COOPERATIVA DE MINERADORES E GARIMPEIROS DA REGIAO DE NIQUELANDIA - COOPERMINI","NIQUELÂNDIA - GO","MINÉRIO DE OURO","Industrial","Sim"
"Gerência Regional / GO","860219/2025","Requerimento de Lavra Garimpeira","Requerimento de Lavra Garimpeira","48.277.200/0001-12","COOAGP - COOPERATIVA DE AGREGADOS DO PARA","MONTE ALEGRE DE GOIÁS - GO","MINÉRIO DE OURO","Industrial","Sim"
"Gerência Regional / GO","860220/2025","Requerimento de Lavra Garimpeira","Requerimento de Lavra Garimpeira","48.277.200/0001-12","COOAGP - COOPERATIVA DE AGREGADOS DO PARA","MONTE ALEGRE DE GOIÁS - GO","MINÉRIO DE OURO","Industrial","Sim"
"Gerência Regional / GO","860235/2021","Requerimento de Lavra Garimpeira","Requerimento de Lavra Garimpeira","40.988.069/0001-90","COOPERATIVA DE MINERADORES E GARIMPEIROS DA REGIAO DE NIQUELANDIA - COOPERMINI","NIQUELÂNDIA - GO","MINÉRIO DE OURO","Industrial","Sim"
"Gerência Regional / GO","860236/2021","Requerimento de Lavra Garimpeira","Requerimento de Lavra Garimpeira","40.988.069/0001-90","COOPERATIVA DE MINERADORES E GARIMPEIROS DA REGIAO DE NIQUELANDIA - COOPERMINI","NIQUELÂNDIA - GO","MINÉRIO DE OURO","Industrial","Sim"
"Gerência Regional / GO","860246/2021","Requerimento de Lavra Garimpeira","Requerimento de Lavra Garimpeira","40.988.069/0001-90","COOPERATIVA DE MINERADORES E GARIMPEIROS DA REGIAO DE NIQUELANDIA - COOPERMINI","NIQUELÂNDIA - GO","MINÉRIO DE OURO","Industrial","Sim"
"Gerência Regional / GO","860248/2021","Requerimento de Lavra Garimpeira","Requerimento de Lavra Garimpeira","40.988.069/0001-90","COOPERATIVA DE MINERADORES E GARIMPEIROS DA REGIAO DE NIQUELANDIA - COOPERMINI","NIQUELÂNDIA - GO","MINÉRIO DE OURO","Industrial","Sim"
"Gerência Regional / GO","860249/2021","Requerimento de Lavra Garimpeira","Requerimento de Lavra Garimpeira","40.988.069/0001-90","COOPERATIVA DE MINERADORES E GARIMPEIROS DA REGIAO DE NIQUELANDIA - COOPERMINI","NIQUELÂNDIA - GO","MINÉRIO DE OURO","Industrial","Sim"
"Gerência Regional / GO","860250/2021","Requerimento de Lavra Garimpeira","Requerimento de Lavra Garimpeira","40.988.069/0001-90","COOPERATIVA DE MINERADORES E GARIMPEIROS DA REGIAO DE NIQUELANDIA - COOPERMINI","NIQUELÂNDIA - GO","MINÉRIO DE OURO","Industrial","Sim"
"Gerência Regional / GO","860251/2021","Requerimento de Lavra Garimpeira","Requerimento de Lavra Garimpeira","40.988.069/0001-90","COOPERATIVA DE MINERADORES E GARIMPEIROS DA REGIAO DE NIQUELANDIA - COOPERMINI","NIQUELÂNDIA - GO","MINÉRIO DE OURO","Industrial","Sim"
"Gerência Regional / GO","860252/2021","Requerimento de Lavra Garimpeira","Requerimento de Lavra Garimpeira","40.988.069/0001-90","COOPERATIVA DE MINERADORES E GARIMPEIROS DA REGIAO DE NIQUELANDIA - COOPERMINI","NIQUELÂNDIA - GO","MINÉRIO DE OURO","Industrial","Sim"
"Gerência Regional / GO","860253/2021","Requerimento de Lavra Garimpeira","Requerimento de Lavra Garimpeira","40.988.069/0001-90","COOPERATIVA DE MINERADORES E GARIMPEIROS DA REGIAO DE NIQUELANDIA - COOPERMINI","NIQUELÂNDIA - GO","MINÉRIO DE OURO","Industrial","Sim"
"Gerência Regional / GO","860254/2021","Requerimento de Lavra Garimpeira","Requerimento de Lavra Garimpeira","40.988.069/0001-90","COOPERATIVA DE MINERADORES E GARIMPEIROS DA REGIAO DE NIQUELANDIA - COOPERMINI","MIMOSO DE GOIÁS - GO, NIQUELÂNDIA - GO","MINÉRIO DE OURO","Industrial","Sim"
"Gerência Regional / GO","860255/2021","Requerimento de Lavra Garimpeira","Requerimento de Lavra Garimpeira","40.988.069/0001-90","COOPERATIVA DE MINERADORES E GARIMPEIROS DA REGIAO DE NIQUELANDIA - COOPERMINI","MIMOSO DE GOIÁS - GO, NIQUELÂNDIA - GO","MINÉRIO DE OURO","Industrial","Sim"
"Gerência Regional / GO","860256/2021","Requerimento de Lavra Garimpeira","Requerimento de Lavra Garimpeira","40.988.069/0001-90","COOPERATIVA DE MINERADORES E GARIMPEIROS DA REGIAO DE NIQUELANDIA - COOPERMINI","MIMOSO DE GOIÁS - GO","MINÉRIO DE OURO","Industrial","Sim"
"Gerência Regional / GO","860257/2021","Requerimento de Lavra Garimpeira","Requerimento de Lavra Garimpeira","40.988.069/0001-90","COOPERATIVA DE MINERADORES E GARIMPEIROS DA REGIAO DE NIQUELANDIA - COOPERMINI","MIMOSO DE GOIÁS - GO","MINÉRIO DE OURO","Industrial","Sim"
"Gerência Regional / GO","860259/2021","Requerimento de Lavra Garimpeira","Requerimento de Lavra Garimpeira","40.988.069/0001-90","COOPERATIVA DE MINERADORES E GARIMPEIROS DA REGIAO DE NIQUELANDIA - COOPERMINI","MIMOSO DE GOIÁS - GO","MINÉRIO DE OURO","Industrial","Sim"
"Gerência Regional / GO","860260/2021","Requerimento de Lavra Garimpeira","Requerimento de Lavra Garimpeira","40.988.069/0001-90","COOPERATIVA DE MINERADORES E GARIMPEIROS DA REGIAO DE NIQUELANDIA - COOPERMINI","MIMOSO DE GOIÁS - GO, NIQUELÂNDIA - GO","MINÉRIO DE OURO","Industrial","Sim"
"Gerência Regional / GO","860261/2021","Requerimento de Lavra Garimpeira","Requerimento de Lavra Garimpeira","40.988.069/0001-90","COOPERATIVA DE MINERADORES E GARIMPEIROS DA REGIAO DE NIQUELANDIA - COOPERMINI","MIMOSO DE GOIÁS - GO, NIQUELÂNDIA - GO","MINÉRIO DE OURO","Industrial","Sim"
"Gerência Regional / GO","860262/2021","Requerimento de Lavra Garimpeira","Requerimento de Lavra Garimpeira","40.988.069/0001-90","COOPERATIVA DE MINERADORES E GARIMPEIROS DA REGIAO DE NIQUELANDIA - COOPERMINI","MIMOSO DE GOIÁS - GO, NIQUELÂNDIA - GO","MINÉRIO DE OURO","Industrial","Sim"
"Gerência Regional / GO","860263/2021","Requerimento de Lavra Garimpeira","Requerimento de Lavra Garimpeira","40.988.069/0001-90","COOPERATIVA DE MINERADORES E GARIMPEIROS DA REGIAO DE NIQUELANDIA - COOPERMINI","MIMOSO DE GOIÁS - GO, NIQUELÂNDIA - GO","MINÉRIO DE OURO","Industrial","Sim"
"Gerência Regional / GO","860264/2021","Requerimento de Lavra Garimpeira","Requerimento de Lavra Garimpeira","40.988.069/0001-90","COOPERATIVA DE MINERADORES E GARIMPEIROS DA REGIAO DE NIQUELANDIA - COOPERMINI","MIMOSO DE GOIÁS - GO, NIQUELÂNDIA - GO","MINÉRIO DE OURO","Industrial","Sim"
"Gerência Regional / GO","860265/2021","Requerimento de Lavra Garimpeira","Requerimento de Lavra Garimpeira","40.988.069/0001-90","COOPERATIVA DE MINERADORES E GARIMPEIROS DA REGIAO DE NIQUELANDIA - COOPERMINI","MIMOSO DE GOIÁS - GO, NIQUELÂNDIA - GO","MINÉRIO DE OURO","Industrial","Sim"
"Gerência Regional / GO","860266/2021","Requerimento de Lavra Garimpeira","Requerimento de Lavra Garimpeira","40.988.069/0001-90","COOPERATIVA DE MINERADORES E GARIMPEIROS DA REGIAO DE NIQUELANDIA - COOPERMINI","MIMOSO DE GOIÁS - GO, NIQUELÂNDIA - GO","MINÉRIO DE OURO","Industrial","Sim"
"Gerência Regional / GO","860267/2021","Requerimento de Lavra Garimpeira","Requerimento de Lavra Garimpeira","40.988.069/0001-90","COOPERATIVA DE MINERADORES E GARIMPEIROS DA REGIAO DE NIQUELANDIA - COOPERMINI","NIQUELÂNDIA - GO","MINÉRIO DE OURO","Industrial","Sim"
"Gerência Regional / GO","860268/2021","Requerimento de Lavra Garimpeira","Requerimento de Lavra Garimpeira","40.988.069/0001-90","COOPERATIVA DE MINERADORES E GARIMPEIROS DA REGIAO DE NIQUELANDIA - COOPERMINI","NIQUELÂNDIA - GO","MINÉRIO DE OURO","Industrial","Sim"
"Gerência Regional / GO","860269/2021","Requerimento de Lavra Garimpeira","Requerimento de Lavra Garimpeira","40.988.069/0001-90","COOPERATIVA DE MINERADORES E GARIMPEIROS DA REGIAO DE NIQUELANDIA - COOPERMINI","MIMOSO DE GOIÁS - GO, NIQUELÂNDIA - GO","MINÉRIO DE OURO","Industrial","Sim"
"Gerência Regional / GO","860270/2021","Requerimento de Lavra Garimpeira","Requerimento de Lavra Garimpeira","40.988.069/0001-90","COOPERATIVA DE MINERADORES E GARIMPEIROS DA REGIAO DE NIQUELANDIA - COOPERMINI","NIQUELÂNDIA - GO","MINÉRIO DE OURO","Industrial","Sim"
"Gerência Regional / GO","860271/2021","Requerimento de Lavra Garimpeira","Requerimento de Lavra Garimpeira","40.988.069/0001-90","COOPERATIVA DE MINERADORES E GARIMPEIROS DA REGIAO DE NIQUELANDIA - COOPERMINI","NIQUELÂNDIA - GO","MINÉRIO DE OURO","Industrial","Sim"
"Gerência Regional / GO","860273/2021","Requerimento de Lavra Garimpeira","Requerimento de Lavra Garimpeira","40.988.069/0001-90","COOPERATIVA DE MINERADORES E GARIMPEIROS DA REGIAO DE NIQUELANDIA - COOPERMINI","NIQUELÂNDIA - GO","MINÉRIO DE OURO","Industrial","Sim"
"Gerência Regional / GO","860274/2021","Requerimento de Lavra Garimpeira","Requerimento de Lavra Garimpeira","40.988.069/0001-90","COOPERATIVA DE MINERADORES E GARIMPEIROS DA REGIAO DE NIQUELANDIA - COOPERMINI","NIQUELÂNDIA - GO","MINÉRIO DE OURO","Industrial","Sim"
"Gerência Regional / GO","860275/2021","Requerimento de Lavra Garimpeira","Requerimento de Lavra Garimpeira","40.988.069/0001-90","COOPERATIVA DE MINERADORES E GARIMPEIROS DA REGIAO DE NIQUELANDIA - COOPERMINI","CAMPINAÇU - GO","MINÉRIO DE OURO","Industrial","Sim"
"Gerência Regional / GO","860276/2021","Requerimento de Lavra Garimpeira","Requerimento de Lavra Garimpeira","40.988.069/0001-90","COOPERATIVA DE MINERADORES E GARIMPEIROS DA REGIAO DE NIQUELANDIA - COOPERMINI","CAMPINAÇU - GO","MINÉRIO DE OURO","Industrial","Sim"
"Gerência Regional / GO","860288/2021","Requerimento de Lavra Garimpeira","Requerimento de Lavra Garimpeira","40.988.069/0001-90","COOPERATIVA DE MINERADORES E GARIMPEIROS DA REGIAO DE NIQUELANDIA - COOPERMINI","SÃO DOMINGOS - GO","MINÉRIO DE OURO","Industrial","Sim"
"Gerência Regional / GO","860289/2021","Requerimento de Lavra Garimpeira","Requerimento de Lavra Garimpeira","40.988.069/0001-90","COOPERATIVA DE MINERADORES E GARIMPEIROS DA REGIAO DE NIQUELANDIA - COOPERMINI","SÃO DOMINGOS - GO","MINÉRIO DE OURO","Industrial","Sim"
"Gerência Regional / GO","860080/2022","Requerimento de Lavra Garimpeira","Requerimento de Lavra Garimpeira","***.240.901-**","José Silva Ramos Filho","PIRANHAS - GO","DIAMANTE, DIAMANTE, MINÉRIO DE OURO","Gema, Industrial, Industrial","Sim"
"Gerência Regional / GO","861213/1991","Requerimento de Lavra Garimpeira","Requerimento de Lavra Garimpeira","***.252.087-**","BASSIM DJAHJAH                                                                  ","CAMPOS VERDES - GO","ESMERALDA","Demais substâncias","Sim"
"Gerência Regional / GO","860787/1991","Requerimento de Lavra Garimpeira","Requerimento de Lavra Garimpeira","***.805.611-**","DOMINGOS BARROS CARREIRO                                                        ","CAMPOS VERDES - GO","ESMERALDA","Demais substâncias","Sim"
"Gerência Regional / GO","860913/1991","Requerimento de Lavra Garimpeira","Requerimento de Lavra Garimpeira","***.355.281-**","RUI TAIJI MORI                                                                  ","CAMPOS VERDES - GO","ESMERALDA","Demais substâncias","Sim"
"Gerência Regional / GO","861112/1992","Requerimento de Lavra Garimpeira","Requerimento de Lavra Garimpeira","***.805.611-**","DOMINGOS BARROS CARREIRO                                                        ","CAMPOS VERDES - GO","ESMERALDA","Demais substâncias","Sim"
"Gerência Regional / GO","860457/2023","Requerimento de Lavra Garimpeira","Requerimento de Lavra Garimpeira","***.160.231-**","JOSE ANTONIO PEREIRA","URUANA - GO","MINÉRIO DE OURO","Industrial","Sim"
"Gerência Regional / GO","860832/2010","Requerimento de Lavra Garimpeira","Requerimento de Lavra Garimpeira","***.533.171-**","Afonso José Pereira Filho","CAMPOS VERDES - GO","ESMERALDA","Gema","Sim"
"Gerência Regional / GO","861490/1995","Requerimento de Lavra Garimpeira","Requerimento de Lavra Garimpeira","***.302.757-**","CARLOS SILVA PIRES                                                              ","CAMPOS VERDES - GO","ESMERALDA","Demais substâncias","Sim"
"Gerência Regional / GO","861502/1995","Requerimento de Lavra Garimpeira","Requerimento de Lavra Garimpeira","***.302.757-**","CARLOS SILVA PIRES                                                              ","CAMPOS VERDES - GO","ESMERALDA","Demais substâncias","Sim"
"Gerência Regional / GO","861522/1995","Requerimento de Lavra Garimpeira","Requerimento de Lavra Garimpeira","***.302.757-**","CARLOS SILVA PIRES                                                              ","CAMPOS VERDES - GO","ESMERALDA","Demais substâncias","Sim"
"Gerência Regional / GO","861185/1991","Requerimento de Lavra Garimpeira","Requerimento de Lavra Garimpeira","***.499.861-**","CREUZA MONTEZUMA DA FONSECA                                                     ","CAMPOS VERDES - GO","ESMERALDA","Demais substâncias","Sim"
"Gerência Regional / GO","860629/1991","Requerimento de Lavra Garimpeira","Requerimento de Lavra Garimpeira","***.873.301-**","EDUARDO CURADO AZEVEDO","CAMPOS VERDES - GO","ESMERALDA","Demais substâncias","Sim"
"Gerência Regional / GO","860917/1991","Requerimento de Lavra Garimpeira","Requerimento de Lavra Garimpeira","***.820.846-**","HENRIQUE BARCELLOS AGUIAR                                                       ","CAMPOS VERDES - GO","ESMERALDA","Demais substâncias","Sim"
"Gerência Regional / GO","860918/1991","Requerimento de Lavra Garimpeira","Requerimento de Lavra Garimpeira","***.820.846-**","HENRIQUE BARCELLOS AGUIAR                                                       ","CAMPOS VERDES - GO","ESMERALDA","Demais substâncias","Sim"
"Gerência Regional / GO","860919/1991","Requerimento de Lavra Garimpeira","Requerimento de Lavra Garimpeira","***.820.846-**","HENRIQUE BARCELLOS AGUIAR                                                       ","CAMPOS VERDES - GO","ESMERALDA","Demais substâncias","Sim"
"Gerência Regional / GO","860198/2025","Requerimento de Lavra Garimpeira","Requerimento de Lavra Garimpeira","30.466.201/0001-40","COOSULPA - COOPERATIVA DE MINERACAO MISTA SUL DO PARA","MONTE ALEGRE DE GOIÁS - GO","MINÉRIO DE OURO","Industrial","Sim"
"Gerência Regional / GO","860487/2023","Requerimento de Lavra Garimpeira","Requerimento de Lavra Garimpeira","30.466.201/0001-40","COOSULPA - COOPERATIVA DE MINERACAO MISTA SUL DO PARA","GOIÂNIA - GO","QUARTZO","Industrial","Sim"
"Gerência Regional / GO","860488/2023","Requerimento de Lavra Garimpeira","Requerimento de Lavra Garimpeira","30.466.201/0001-40","COOSULPA - COOPERATIVA DE MINERACAO MISTA SUL DO PARA","GOIÂNIA - GO","QUARTZO","Industrial","Sim"
"Gerência Regional / GO","860605/1991","Requerimento de Lavra Garimpeira","Requerimento de Lavra Garimpeira","***.510.435-**","OSMAR PEREIRA EVANGELISTA","CAMPOS VERDES - GO","ESMERALDA","Demais substâncias","Sim"
"Gerência Regional / GO","860607/1991","Requerimento de Lavra Garimpeira","Requerimento de Lavra Garimpeira","***.510.435-**","OSMAR PEREIRA EVANGELISTA","CAMPOS VERDES - GO","ESMERALDA","Demais substâncias","Sim"
"Gerência Regional / GO","860621/1991","Requerimento de Lavra Garimpeira","Requerimento de Lavra Garimpeira","***.510.435-**","OSMAR PEREIRA EVANGELISTA","CAMPOS VERDES - GO","ESMERALDA","Demais substâncias","Sim"
"Gerência Regional / GO","860818/2023","Requerimento de Mudança de Regime para PLG","Requerimento de Lavra Garimpeira","***.679.411-**","LAURA SIMONE PEREIRA VIEIRA","CORUMBAÍBA - GO, IPAMERI - GO","MINÉRIO DE OURO","Industrial","Sim"
"Gerência Regional / GO","860303/2020","Requerimento de Lavra Garimpeira","Requerimento de Lavra Garimpeira","***.142.281-**","HONORINE VILELA SILVA","PIRANHAS - GO","DIAMANTE, DIAMANTE, MINÉRIO DE OURO","Gema, Industrial, Industrial","Sim"
"Gerência Regional / GO","860273/2017","Requerimento de Lavra Garimpeira","Requerimento de Lavra Garimpeira","***.076.981-**","Manoel Francisco Nunes","CAMPO ALEGRE DE GOIÁS - GO, CATALÃO - GO","DIAMANTE, DIAMANTE","Gema, Industrial","Sim"
"Gerência Regional / GO","861174/1992","Requerimento de Lavra Garimpeira","Requerimento de Lavra Garimpeira","***.052.251-**","FRANCISCO DUARTE FERNANDES                                                      ","CAMPOS VERDES - GO","ESMERALDA","Demais substâncias","Sim"
"Gerência Regional / GO","860861/2018","Requerimento de Lavra Garimpeira","Requerimento de Lavra Garimpeira","***.748.021-**","JOAO PADUA DE CAMPOS","CAIAPÔNIA - GO, DOVERLÂNDIA - GO","DIAMANTE","Industrial","Sim"
"Gerência Regional / GO","860611/1991","Requerimento de Lavra Garimpeira","Requerimento de Lavra Garimpeira","99.915.662/9999-20","NELSON CORREIA DA SILVA                                                         ","CAMPOS VERDES - GO","ESMERALDA","Demais substâncias","Sim"
"Gerência Regional / GO","860910/1991","Requerimento de Lavra Garimpeira","Requerimento de Lavra Garimpeira","***.256.721-**","SEBASTIÃO LEITE DE ANDRADE JUNIOR                                               ","CAMPOS VERDES - GO","ESMERALDA","Demais substâncias","Sim"
"Gerência Regional / GO","860286/2017","Requerimento de Lavra Garimpeira","Requerimento de Lavra Garimpeira","26.575.395/0001-44","Jose Pedro Vaz Neto ME","CATALÃO - GO","DIAMANTE, DIAMANTE","Gema, Industrial","Sim"
"Gerência Regional / GO","860765/1991","Requerimento de Lavra Garimpeira","Requerimento de Lavra Garimpeira","***.925.568-**","GUY ALBERTO RETZ                                                                ","CAMPOS VERDES - GO","ESMERALDA","Demais substâncias","Sim"
"Gerência Regional / GO","860534/1991","Requerimento de Lavra Garimpeira","Requerimento de Lavra Garimpeira","***.920.620-**","DORIVAL CORDEIRO MATOS                                                          ","CAMPOS VERDES - GO","ESMERALDA","Demais substâncias","Sim"
"Gerência Regional / GO","861036/1991","Requerimento de Lavra Garimpeira","Requerimento de Lavra Garimpeira","***.097.931-**","ELBIO CANDIDO DE PAULA                                                          ","CAMPOS VERDES - GO","ESMERALDA","Demais substâncias","Sim"
"Gerência Regional / GO","861038/1991","Requerimento de Lavra Garimpeira","Requerimento de Lavra Garimpeira","***.097.931-**","ELBIO CANDIDO DE PAULA                                                          ","CAMPOS VERDES - GO","ESMERALDA","Demais substâncias","Sim"
"Gerência Regional / GO","861039/1991","Requerimento de Lavra Garimpeira","Requerimento de Lavra Garimpeira","***.097.931-**","ELBIO CANDIDO DE PAULA                                                          ","CAMPOS VERDES - GO","ESMERALDA","Demais substâncias","Sim"
"Gerência Regional / GO","860624/1991","Requerimento de Lavra Garimpeira","Requerimento de Lavra Garimpeira","***.334.901-**","Gilberto Martins da costa","CAMPOS VERDES - GO","ESMERALDA","Demais substâncias","Sim"
"Gerência Regional / GO","860819/1991","Requerimento de Lavra Garimpeira","Requerimento de Lavra Garimpeira","***.920.880-**","ANTONIA EVARISTO DE OLIVEIRA                                                    ","CAMPOS VERDES - GO","ESMERALDA","Demais substâncias","Sim"
"Gerência Regional / GO","860528/1991","Requerimento de Lavra Garimpeira","Requerimento de Lavra Garimpeira","***.787.931-**","WALID KHAOULE","CAMPOS VERDES - GO","ESMERALDA","Demais substâncias","Sim"
"Gerência Regional / GO","861180/2024","Requerimento de Mudança de Regime para PLG","Requerimento de Lavra Garimpeira","***.529.891-**","Henrique Marques dos Santos","CAMPO ALEGRE DE GOIÁS - GO, IPAMERI - GO","DIAMANTE, DIAMANTE, MINÉRIO DE OURO","Gema, Industrial, Industrial","Sim"
"Gerência Regional / GO","861160/2023","Requerimento de Lavra Garimpeira","Requerimento de Lavra Garimpeira","***.914.901-**","RONDINELE DA SILVA FREITAS","HIDROLINA - GO","QUARTZO","Gema","Sim"
"Gerência Regional / GO","860711/2025","Requerimento de Lavra Garimpeira","Requerimento de Lavra Garimpeira","***.575.396-**","JOSEFA DE FATIMA DIAS DA SILVA","CAMPOS VERDES - GO","ESMERALDA","Gema","Sim"
"Gerência Regional / GO","860736/2026","Requerimento de Lavra Garimpeira","Requerimento de Lavra Garimpeira","***.575.396-**","JOSEFA DE FATIMA DIAS DA SILVA","CAMPOS VERDES - GO","ESMERALDA","Pedra de coleção","Sim"
"Gerência Regional / GO","861191/2024","Requerimento de Mudança de Regime para PLG","Requerimento de Lavra Garimpeira","***.577.999-**","PAULO JOSE LEITE FILHO","NIQUELÂNDIA - GO","MINÉRIO DE OURO","Industrial","Sim"
"Gerência Regional / GO","860203/2025","Requerimento de Lavra Garimpeira","Requerimento de Lavra Garimpeira","***.650.993-**","PEDRO BRANDAO DA SILVA","GUARAÍTA - GO, ITAPURANGA - GO","MINÉRIO DE OURO","Industrial","Sim"
"Gerência Regional / GO","860149/2022","Requerimento de Lavra Garimpeira","Requerimento de Lavra Garimpeira","***.323.959-**","PAULO DENIS BROLL","PIRANHAS - GO","DIAMANTE, DIAMANTE, MINÉRIO DE OURO","Gema, Industrial, Industrial","Sim"
"Gerência Regional / GO","860150/2022","Requerimento de Lavra Garimpeira","Requerimento de Lavra Garimpeira","***.323.959-**","PAULO DENIS BROLL","PIRANHAS - GO","DIAMANTE, DIAMANTE, MINÉRIO DE OURO","Gema, Industrial, Industrial","Sim"
"Gerência Regional / GO","860262/2022","Requerimento de Lavra Garimpeira","Requerimento de Lavra Garimpeira","***.323.959-**","PAULO DENIS BROLL","PIRANHAS - GO","DIAMANTE, DIAMANTE, MINÉRIO DE OURO","Gema, Industrial, Industrial","Sim"
"Gerência Regional / GO","860263/2022","Requerimento de Lavra Garimpeira","Requerimento de Lavra Garimpeira","***.323.959-**","PAULO DENIS BROLL","PIRANHAS - GO","DIAMANTE, DIAMANTE, MINÉRIO DE OURO","Gema, Industrial, Industrial","Sim"
"Gerência Regional / GO","860264/2022","Requerimento de Lavra Garimpeira","Requerimento de Lavra Garimpeira","***.323.959-**","PAULO DENIS BROLL","PIRANHAS - GO","DIAMANTE, DIAMANTE, MINÉRIO DE OURO","Gema, Industrial, Industrial","Sim"
"Gerência Regional / GO","860265/2022","Requerimento de Lavra Garimpeira","Requerimento de Lavra Garimpeira","***.323.959-**","PAULO DENIS BROLL","PIRANHAS - GO","DIAMANTE, DIAMANTE, MINÉRIO DE OURO","Gema, Industrial, Industrial","Sim"
"Gerência Regional / GO","860318/2022","Requerimento de Lavra Garimpeira","Requerimento de Lavra Garimpeira","***.323.959-**","PAULO DENIS BROLL","PIRANHAS - GO","DIAMANTE, DIAMANTE, MINÉRIO DE OURO","Gema, Industrial, Industrial","Sim"
"Gerência Regional / GO","860319/2022","Requerimento de Lavra Garimpeira","Requerimento de Lavra Garimpeira","***.323.959-**","PAULO DENIS BROLL","PIRANHAS - GO","DIAMANTE, DIAMANTE, MINÉRIO DE OURO","Gema, Industrial, Industrial","Sim"
"Gerência Regional / GO","860320/2022","Requerimento de Lavra Garimpeira","Requerimento de Lavra Garimpeira","***.323.959-**","PAULO DENIS BROLL","PIRANHAS - GO","DIAMANTE, DIAMANTE, MINÉRIO DE OURO","Gema, Industrial, Industrial","Sim"
"Gerência Regional / GO","860321/2022","Requerimento de Lavra Garimpeira","Requerimento de Lavra Garimpeira","***.323.959-**","PAULO DENIS BROLL","PIRANHAS - GO","DIAMANTE, DIAMANTE, MINÉRIO DE OURO","Gema, Industrial, Industrial","Sim"
"Gerência Regional / GO","860322/2022","Requerimento de Lavra Garimpeira","Requerimento de Lavra Garimpeira","***.323.959-**","PAULO DENIS BROLL","PIRANHAS - GO","DIAMANTE, DIAMANTE, MINÉRIO DE OURO","Gema, Industrial, Industrial","Sim"
"Gerência Regional / GO","860126/2020","Requerimento de Lavra Garimpeira","Requerimento de Lavra Garimpeira","26.729.643/0001-64","COOPERATIVA DE EXTRACAO MINERAL DE NOSSA SENHORA DO LIVRAMENTO","NIQUELÂNDIA - GO","MINÉRIO DE OURO","Industrial","Sim"
"Gerência Regional / GO","860133/2020","Requerimento de Lavra Garimpeira","Requerimento de Lavra Garimpeira","26.729.643/0001-64","COOPERATIVA DE EXTRACAO MINERAL DE NOSSA SENHORA DO LIVRAMENTO","NIQUELÂNDIA - GO","MINÉRIO DE OURO","Industrial","Sim"
"Gerência Regional / GO","860134/2020","Requerimento de Lavra Garimpeira","Requerimento de Lavra Garimpeira","26.729.643/0001-64","COOPERATIVA DE EXTRACAO MINERAL DE NOSSA SENHORA DO LIVRAMENTO","NIQUELÂNDIA - GO","MINÉRIO DE OURO","Industrial","Sim"
"Gerência Regional / GO","860135/2020","Requerimento de Lavra Garimpeira","Requerimento de Lavra Garimpeira","26.729.643/0001-64","COOPERATIVA DE EXTRACAO MINERAL DE NOSSA SENHORA DO LIVRAMENTO","NIQUELÂNDIA - GO","MINÉRIO DE OURO","Industrial","Sim"
"Gerência Regional / GO","860136/2020","Requerimento de Lavra Garimpeira","Requerimento de Lavra Garimpeira","26.729.643/0001-64","COOPERATIVA DE EXTRACAO MINERAL DE NOSSA SENHORA DO LIVRAMENTO","NIQUELÂNDIA - GO","MINÉRIO DE OURO","Industrial","Sim"
"Gerência Regional / GO","860137/2020","Requerimento de Lavra Garimpeira","Requerimento de Lavra Garimpeira","26.729.643/0001-64","COOPERATIVA DE EXTRACAO MINERAL DE NOSSA SENHORA DO LIVRAMENTO","NIQUELÂNDIA - GO","MINÉRIO DE OURO","Industrial","Sim"
"Gerência Regional / GO","860138/2020","Requerimento de Lavra Garimpeira","Requerimento de Lavra Garimpeira","26.729.643/0001-64","COOPERATIVA DE EXTRACAO MINERAL DE NOSSA SENHORA DO LIVRAMENTO","NIQUELÂNDIA - GO","MINÉRIO DE OURO","Industrial","Sim"
"Gerência Regional / GO","860139/2020","Requerimento de Lavra Garimpeira","Requerimento de Lavra Garimpeira","26.729.643/0001-64","COOPERATIVA DE EXTRACAO MINERAL DE NOSSA SENHORA DO LIVRAMENTO","NIQUELÂNDIA - GO","MINÉRIO DE OURO","Industrial","Sim"
"Gerência Regional / GO","860140/2020","Requerimento de Lavra Garimpeira","Requerimento de Lavra Garimpeira","26.729.643/0001-64","COOPERATIVA DE EXTRACAO MINERAL DE NOSSA SENHORA DO LIVRAMENTO","NIQUELÂNDIA - GO","MINÉRIO DE OURO","Industrial","Sim"
"Gerência Regional / GO","860141/2020","Requerimento de Lavra Garimpeira","Requerimento de Lavra Garimpeira","26.729.643/0001-64","COOPERATIVA DE EXTRACAO MINERAL DE NOSSA SENHORA DO LIVRAMENTO","NIQUELÂNDIA - GO","MINÉRIO DE OURO","Industrial","Sim"
"Gerência Regional / GO","860142/2020","Requerimento de Lavra Garimpeira","Requerimento de Lavra Garimpeira","26.729.643/0001-64","COOPERATIVA DE EXTRACAO MINERAL DE NOSSA SENHORA DO LIVRAMENTO","NIQUELÂNDIA - GO","MINÉRIO DE OURO","Industrial","Sim"
"Gerência Regional / GO","860143/2020","Requerimento de Lavra Garimpeira","Requerimento de Lavra Garimpeira","26.729.643/0001-64","COOPERATIVA DE EXTRACAO MINERAL DE NOSSA SENHORA DO LIVRAMENTO","NIQUELÂNDIA - GO","MINÉRIO DE OURO","Industrial","Sim"
"Gerência Regional / GO","860144/2020","Requerimento de Lavra Garimpeira","Requerimento de Lavra Garimpeira","26.729.643/0001-64","COOPERATIVA DE EXTRACAO MINERAL DE NOSSA SENHORA DO LIVRAMENTO","NIQUELÂNDIA - GO","MINÉRIO DE OURO","Industrial","Sim"
"Gerência Regional / GO","860145/2020","Requerimento de Lavra Garimpeira","Requerimento de Lavra Garimpeira","26.729.643/0001-64","COOPERATIVA DE EXTRACAO MINERAL DE NOSSA SENHORA DO LIVRAMENTO","NIQUELÂNDIA - GO","MINÉRIO DE OURO","Industrial","Sim"
"Gerência Regional / GO","860146/2020","Requerimento de Lavra Garimpeira","Requerimento de Lavra Garimpeira","26.729.643/0001-64","COOPERATIVA DE EXTRACAO MINERAL DE NOSSA SENHORA DO LIVRAMENTO","NIQUELÂNDIA - GO","MINÉRIO DE OURO","Industrial","Sim"
"Gerência Regional / GO","860147/2020","Requerimento de Lavra Garimpeira","Requerimento de Lavra Garimpeira","26.729.643/0001-64","COOPERATIVA DE EXTRACAO MINERAL DE NOSSA SENHORA DO LIVRAMENTO","NIQUELÂNDIA - GO","MINÉRIO DE OURO","Industrial","Sim"
"Gerência Regional / GO","860149/2020","Requerimento de Lavra Garimpeira","Requerimento de Lavra Garimpeira","26.729.643/0001-64","COOPERATIVA DE EXTRACAO MINERAL DE NOSSA SENHORA DO LIVRAMENTO","NIQUELÂNDIA - GO","MINÉRIO DE OURO","Industrial","Sim"
"Gerência Regional / GO","860152/2020","Requerimento de Lavra Garimpeira","Requerimento de Lavra Garimpeira","26.729.643/0001-64","COOPERATIVA DE EXTRACAO MINERAL DE NOSSA SENHORA DO LIVRAMENTO","NIQUELÂNDIA - GO","MINÉRIO DE OURO","Industrial","Sim"
"Gerência Regional / GO","860156/2020","Requerimento de Lavra Garimpeira","Requerimento de Lavra Garimpeira","26.729.643/0001-64","COOPERATIVA DE EXTRACAO MINERAL DE NOSSA SENHORA DO LIVRAMENTO","NIQUELÂNDIA - GO","MINÉRIO DE OURO","Industrial","Sim"
"Gerência Regional / GO","860157/2020","Requerimento de Lavra Garimpeira","Requerimento de Lavra Garimpeira","26.729.643/0001-64","COOPERATIVA DE EXTRACAO MINERAL DE NOSSA SENHORA DO LIVRAMENTO","NIQUELÂNDIA - GO","MINÉRIO DE OURO","Industrial","Sim"
"Gerência Regional / GO","860250/2020","Requerimento de Lavra Garimpeira","Requerimento de Lavra Garimpeira","26.729.643/0001-64","COOPERATIVA DE EXTRACAO MINERAL DE NOSSA SENHORA DO LIVRAMENTO","NIQUELÂNDIA - GO","MINÉRIO DE OURO","Industrial","Sim"
"Gerência Regional / GO","860251/2020","Requerimento de Lavra Garimpeira","Requerimento de Lavra Garimpeira","26.729.643/0001-64","COOPERATIVA DE EXTRACAO MINERAL DE NOSSA SENHORA DO LIVRAMENTO","NIQUELÂNDIA - GO","MINÉRIO DE OURO","Industrial","Sim"
"Gerência Regional / GO","860252/2020","Requerimento de Lavra Garimpeira","Requerimento de Lavra Garimpeira","26.729.643/0001-64","COOPERATIVA DE EXTRACAO MINERAL DE NOSSA SENHORA DO LIVRAMENTO","NIQUELÂNDIA - GO","MINÉRIO DE OURO","Industrial","Sim"
"Gerência Regional / GO","860253/2020","Requerimento de Lavra Garimpeira","Requerimento de Lavra Garimpeira","26.729.643/0001-64","COOPERATIVA DE EXTRACAO MINERAL DE NOSSA SENHORA DO LIVRAMENTO","NIQUELÂNDIA - GO","MINÉRIO DE OURO","Industrial","Sim"
"Gerência Regional / GO","860256/2020","Requerimento de Lavra Garimpeira","Requerimento de Lavra Garimpeira","26.729.643/0001-64","COOPERATIVA DE EXTRACAO MINERAL DE NOSSA SENHORA DO LIVRAMENTO","NIQUELÂNDIA - GO","MINÉRIO DE OURO","Industrial","Sim"
"Gerência Regional / GO","860357/2020","Requerimento de Lavra Garimpeira","Requerimento de Lavra Garimpeira","26.729.643/0001-64","COOPERATIVA DE EXTRACAO MINERAL DE NOSSA SENHORA DO LIVRAMENTO","NIQUELÂNDIA - GO","MINÉRIO DE OURO","Industrial","Sim"
"Gerência Regional / GO","860358/2020","Requerimento de Lavra Garimpeira","Requerimento de Lavra Garimpeira","26.729.643/0001-64","COOPERATIVA DE EXTRACAO MINERAL DE NOSSA SENHORA DO LIVRAMENTO","NIQUELÂNDIA - GO","MINÉRIO DE OURO","Industrial","Sim"
"Gerência Regional / GO","860359/2020","Requerimento de Lavra Garimpeira","Requerimento de Lavra Garimpeira","26.729.643/0001-64","COOPERATIVA DE EXTRACAO MINERAL DE NOSSA SENHORA DO LIVRAMENTO","NIQUELÂNDIA - GO","MINÉRIO DE OURO","Industrial","Sim"
"Gerência Regional / GO","860432/2020","Requerimento de Lavra Garimpeira","Requerimento de Lavra Garimpeira","26.729.643/0001-64","COOPERATIVA DE EXTRACAO MINERAL DE NOSSA SENHORA DO LIVRAMENTO","NIQUELÂNDIA - GO","MINÉRIO DE OURO","Industrial","Sim"
"Gerência Regional / GO","860435/2020","Requerimento de Lavra Garimpeira","Requerimento de Lavra Garimpeira","26.729.643/0001-64","COOPERATIVA DE EXTRACAO MINERAL DE NOSSA SENHORA DO LIVRAMENTO","NIQUELÂNDIA - GO","MINÉRIO DE OURO","Industrial","Sim"
"Gerência Regional / GO","861090/2021","Requerimento de Lavra Garimpeira","Requerimento de Lavra Garimpeira","26.729.643/0001-64","COOPERATIVA DE EXTRACAO MINERAL DE NOSSA SENHORA DO LIVRAMENTO","NIQUELÂNDIA - GO","MINÉRIO DE OURO","Industrial","Sim"
"Gerência Regional / GO","861091/2021","Requerimento de Lavra Garimpeira","Requerimento de Lavra Garimpeira","26.729.643/0001-64","COOPERATIVA DE EXTRACAO MINERAL DE NOSSA SENHORA DO LIVRAMENTO","NIQUELÂNDIA - GO","MINÉRIO DE OURO","Industrial","Sim"
"Gerência Regional / GO","860317/2016","Requerimento de Lavra Garimpeira","Requerimento de Lavra Garimpeira","***.749.586-**","MARLI MARIA GOMES FERNANDES","CAVALCANTE - GO","MINÉRIO DE OURO, QUARTZO","Industrial, Pedra de coleção","Sim"
"Gerência Regional / GO","860318/2016","Requerimento de Lavra Garimpeira","Requerimento de Lavra Garimpeira","***.749.586-**","MARLI MARIA GOMES FERNANDES","CAVALCANTE - GO","MINÉRIO DE OURO, QUARTZO","Industrial, Pedra de coleção","Sim"
"Gerência Regional / GO","860319/2016","Requerimento de Lavra Garimpeira","Requerimento de Lavra Garimpeira","***.749.586-**","MARLI MARIA GOMES FERNANDES","CAVALCANTE - GO","MINÉRIO DE OURO, QUARTZO","Industrial, Pedra de coleção","Sim"
"Gerência Regional / GO","860742/1999","Requerimento de Lavra Garimpeira","Requerimento de Lavra Garimpeira","***.344.031-**","SEBASTIÃO PEREIRA MAGALHAES                                                     ","CAMPOS VERDES - GO","ESMERALDA","Demais substâncias","Sim"
"Gerência Regional / GO","860336/2018","Requerimento de Lavra Garimpeira","Requerimento de Lavra Garimpeira","***.219.996-**","ADALBERTO ALVES MOREIRA","NIQUELÂNDIA - GO","QUARTZO, QUARTZO","Gema, Industrial","Sim"
"Gerência Regional / GO","860337/2018","Requerimento de Lavra Garimpeira","Requerimento de Lavra Garimpeira","***.219.996-**","ADALBERTO ALVES MOREIRA","NIQUELÂNDIA - GO","QUARTZO, QUARTZO","Gema, Industrial","Sim"
"Gerência Regional / GO","860418/2007","Requerimento de Lavra Garimpeira","Requerimento de Lavra Garimpeira","02.121.481/0001-19","COOPERATIVA MISTA DOS GARDE ESMER DO EST DE GOIAS LTDA","CAMPOS VERDES - GO","ESMERALDA","Gema","Sim"
"Gerência Regional / GO","860419/2007","Requerimento de Lavra Garimpeira","Requerimento de Lavra Garimpeira","02.121.481/0001-19","COOPERATIVA MISTA DOS GARDE ESMER DO EST DE GOIAS LTDA","CAMPOS VERDES - GO","ESMERALDA","Gema","Sim"
"Gerência Regional / GO","860420/2007","Requerimento de Lavra Garimpeira","Requerimento de Lavra Garimpeira","02.121.481/0001-19","COOPERATIVA MISTA DOS GARDE ESMER DO EST DE GOIAS LTDA","CAMPOS VERDES - GO","ESMERALDA","Gema","Sim"
"Gerência Regional / GO","860926/2016","Requerimento de Lavra Garimpeira","Requerimento de Lavra Garimpeira","02.121.481/0001-19","COOPERATIVA MISTA DOS GARDE ESMER DO EST DE GOIAS LTDA","CAMPOS VERDES - GO","ESMERALDA","Gema","Sim"
"Gerência Regional / GO","861177/2006","Requerimento de Lavra Garimpeira","Requerimento de Lavra Garimpeira","02.121.481/0001-19","COOPERATIVA MISTA DOS GARDE ESMER DO EST DE GOIAS LTDA","CAMPOS VERDES - GO, SANTA TEREZINHA DE GOIÁS - GO","MINÉRIO DE OURO","Industrial","Sim"
"Gerência Regional / GO","861442/2021","Requerimento de Lavra Garimpeira","Requerimento de Lavra Garimpeira","***.649.601-**","Surama hajjar","PIRANHAS - GO","DIAMANTE, DIAMANTE, MINÉRIO DE OURO","Gema, Industrial, Industrial","Sim"
"Gerência Regional / GO","861481/2011","Requerimento de Lavra Garimpeira","Requerimento de Lavra Garimpeira","02.121.481/0001-19","COOPERATIVA MISTA DOS GARDE ESMER DO EST DE GOIAS LTDA","NOVA IGUAÇU DE GOIÁS - GO, URUAÇU - GO","AMETISTA","Gema","Sim"
"Gerência Regional / GO","862133/2012","Requerimento de Lavra Garimpeira","Requerimento de Lavra Garimpeira","02.121.481/0001-19","COOPERATIVA MISTA DOS GARDE ESMER DO EST DE GOIAS LTDA","CAMPOS VERDES - GO","ESMERALDA","Gema","Sim"
"Gerência Regional / GO","860830/1991","Requerimento de Lavra Garimpeira","Requerimento de Lavra Garimpeira","***.210.841-**","Afonso Xavier Pereira ","CAMPOS VERDES - GO","ESMERALDA","Demais substâncias","Sim"
"Gerência Regional / GO","860832/1991","Requerimento de Lavra Garimpeira","Requerimento de Lavra Garimpeira","***.210.841-**","Afonso Xavier Pereira ","CAMPOS VERDES - GO","ESMERALDA","Demais substâncias","Sim"
"Gerência Regional / GO","860941/1991","Requerimento de Lavra Garimpeira","Requerimento de Lavra Garimpeira","***.210.841-**","Afonso Xavier Pereira ","CAMPOS VERDES - GO","ESMERALDA","Demais substâncias","Sim"
"Gerência Regional / GO","860942/1991","Requerimento de Lavra Garimpeira","Requerimento de Lavra Garimpeira","***.210.841-**","Afonso Xavier Pereira ","CAMPOS VERDES - GO","ESMERALDA","Demais substâncias","Sim"
"Gerência Regional / GO","861540/1995","Requerimento de Lavra Garimpeira","Requerimento de Lavra Garimpeira","***.210.841-**","Afonso Xavier Pereira ","CAMPOS VERDES - GO","ESMERALDA","Demais substâncias","Sim"
"Gerência Regional / GO","861713/1995","Requerimento de Lavra Garimpeira","Requerimento de Lavra Garimpeira","***.210.841-**","Afonso Xavier Pereira ","CAMPOS VERDES - GO","ESMERALDA","Demais substâncias","Sim"
"Gerência Regional / GO","860599/1991","Requerimento de Lavra Garimpeira","Requerimento de Lavra Garimpeira","***.040.571-**","DORIVAL LUPIANO                                                                 ","CAMPOS VERDES - GO","ESMERALDA","Demais substâncias","Sim"
"Gerência Regional / GO","862130/1994","Requerimento de Lavra Garimpeira","Requerimento de Lavra Garimpeira","***.019.184-**","Agnaldo Fernando Vieira de Arruda","CAMPOS VERDES - GO","ESMERALDA","Demais substâncias","Sim"
"Gerência Regional / MG","831615/2018","Requerimento de Mudança de Regime para PLG","Requerimento de Lavra Garimpeira","***.427.681-**","maria soares artiaga","CATALÃO - GO, COROMANDEL - MG","DIAMANTE, MINÉRIO DE OURO","Gema, Industrial","Sim"
"Gerência Regional / GO","860759/2023","Requerimento de Lavra Garimpeira","Requerimento de Lavra Garimpeira","***.030.306-**","RITA MARIA CARRIJO RODOVALHO","CORUMBAÍBA - GO","DIAMANTE, DIAMANTE, MINÉRIO DE OURO","Gema, Industrial, Industrial","Sim"
"Gerência Regional / GO","860815/2022","Requerimento de Lavra Garimpeira","Requerimento de Lavra Garimpeira","***.784.561-**","Arthur Pinheiro Barreto","SANTA RITA DO NOVO DESTINO - GO","MINÉRIO DE OURO","Industrial","Sim"
"Gerência Regional / GO","860816/2022","Requerimento de Lavra Garimpeira","Requerimento de Lavra Garimpeira","***.784.561-**","Arthur Pinheiro Barreto","SANTA RITA DO NOVO DESTINO - GO","MINÉRIO DE OURO","Industrial","Sim"
"Gerência Regional / GO","860817/2022","Requerimento de Lavra Garimpeira","Requerimento de Lavra Garimpeira","***.784.561-**","Arthur Pinheiro Barreto","SANTA RITA DO NOVO DESTINO - GO","MINÉRIO DE OURO","Industrial","Sim"
"Gerência Regional / GO","860818/2022","Requerimento de Lavra Garimpeira","Requerimento de Lavra Garimpeira","***.784.561-**","Arthur Pinheiro Barreto","SANTA RITA DO NOVO DESTINO - GO","MINÉRIO DE OURO","Industrial","Sim"
"Gerência Regional / GO","860819/2022","Requerimento de Lavra Garimpeira","Requerimento de Lavra Garimpeira","***.784.561-**","Arthur Pinheiro Barreto","SANTA RITA DO NOVO DESTINO - GO","MINÉRIO DE OURO","Industrial","Sim"
"Gerência Regional / GO","860287/1992","Requerimento de Lavra Garimpeira","Requerimento de Lavra Garimpeira","***.970.671-**","EUGENIO BERGAMELI                                                               ","CAMPOS VERDES - GO","ESMERALDA","Demais substâncias","Sim"
"Gerência Regional / GO","860277/1999","Requerimento de Lavra Garimpeira","Requerimento de Lavra Garimpeira","***.533.021-**","REGINALDO SALES SILVA                                                           ","CAMPOS VERDES - GO","ESMERALDA","Demais substâncias","Sim"
"Gerência Regional / GO","860907/1991","Requerimento de Lavra Garimpeira","Requerimento de Lavra Garimpeira","***.725.537-**","FERNANDO DOS SANTOS CARRASCO                                                    ","CAMPOS VERDES - GO","ESMERALDA","Demais substâncias","Sim"
"Gerência Regional / GO","860908/1991","Requerimento de Lavra Garimpeira","Requerimento de Lavra Garimpeira","***.725.537-**","FERNANDO DOS SANTOS CARRASCO                                                    ","CAMPOS VERDES - GO","ESMERALDA","Demais substâncias","Sim"
"Gerência Regional / GO","860287/2025","Requerimento de Lavra Garimpeira","Requerimento de Lavra Garimpeira","***.648.951-**","JOAO LUCAS DE CASTRO MOURA","MONTE ALEGRE DE GOIÁS - GO","CASSITERITA, MICA, MINÉRIO DE OURO","Industrial, Industrial, Industrial","Sim"
"Gerência Regional / GO","860475/2019","Requerimento de Lavra Garimpeira","Requerimento de Lavra Garimpeira","***.643.161-**","Otoniel Silva e Lima","ISRAELÂNDIA - GO","DIAMANTE","Industrial","Sim"
"Gerência Regional / GO","860109/2021","Requerimento de Lavra Garimpeira","Requerimento de Lavra Garimpeira","***.487.121-**","JACKSON FERNANDO SECCHI","PIRENÓPOLIS - GO","MINÉRIO DE OURO","Industrial","Sim"
"Gerência Regional / GO","860379/2015","Requerimento de Lavra Garimpeira","Requerimento de Lavra Garimpeira","***.240.986-**","Bruno Rodrigues Oliveira","MONTE ALEGRE DE GOIÁS - GO","QUARTZO, QUARTZO, QUARTZO","Gema, Industrial, Pedra de coleção","Sim"
"Gerência Regional / GO","860610/2017","Requerimento de Lavra Garimpeira","Requerimento de Lavra Garimpeira","***.076.461-**","Floro José B randão","CAMPOS VERDES - GO","ESMERALDA","Gema","Sim"
"Gerência Regional / GO","861003/1991","Requerimento de Lavra Garimpeira","Requerimento de Lavra Garimpeira","***.899.701-**","SEVERINO ANTONIO ROCHA                                                          ","CAMPOS VERDES - GO","ESMERALDA","Demais substâncias","Sim"
"Gerência Regional / TO","864232/2020","Requerimento de Lavra Garimpeira","Requerimento de Lavra Garimpeira","24.834.277/0001-88","ENGEMID CONSTRUCAO E MINERACAO LTDA","JAÚ DO TOCANTINS - TO, MONTIVIDIU DO NORTE - GO","TURMALINA","Gema","Sim"
"Gerência Regional / GO","860970/1991","Requerimento de Lavra Garimpeira","Requerimento de Lavra Garimpeira","***.594.861-**","José de Arimatea Dutra","CAMPOS VERDES - GO","ESMERALDA","Demais substâncias","Sim"
"Gerência Regional / GO","860098/2018","Requerimento de Lavra Garimpeira","Requerimento de Lavra Garimpeira","***.594.281-**","CLEBER BORGES DA SILVA","CAMPOS VERDES - GO","ESMERALDA","Gema","Sim"
"Gerência Regional / GO","860099/2018","Requerimento de Lavra Garimpeira","Requerimento de Lavra Garimpeira","***.594.281-**","CLEBER BORGES DA SILVA","CAMPOS VERDES - GO","ESMERALDA","Gema","Sim"
"Gerência Regional / GO","860100/2018","Requerimento de Lavra Garimpeira","Requerimento de Lavra Garimpeira","***.594.281-**","CLEBER BORGES DA SILVA","CAMPOS VERDES - GO","ESMERALDA","Gema","Sim"
"Gerência Regional / GO","861002/2021","Requerimento de Lavra Garimpeira","Requerimento de Lavra Garimpeira","***.258.951-**","Gladison miguel Pinto Carvalho ","NIQUELÂNDIA - GO","MINÉRIO DE OURO","Industrial","Sim"
"Gerência Regional / GO","860384/2017","Requerimento de Mudança de Regime para PLG","Requerimento de Lavra Garimpeira","14.684.843/0001-69","Celio Rezende Me","NIQUELÂNDIA - GO","MINÉRIO DE OURO","Industrial","Sim"
"Gerência Regional / GO","860684/2020","Requerimento de Lavra Garimpeira","Requerimento de Lavra Garimpeira","***.039.731-**","MANOEL MOURA DE MELO","URUAÇU - GO","MINÉRIO DE OURO","Industrial","Sim"
"Gerência Regional / GO","860775/1991","Requerimento de Lavra Garimpeira","Requerimento de Lavra Garimpeira","***.903.591-**","IVO ALVES DA SILVA                                                              ","CAMPOS VERDES - GO","ESMERALDA","Demais substâncias","Sim"
"Gerência Regional / GO","860274/1999","Requerimento de Lavra Garimpeira","Requerimento de Lavra Garimpeira","***.350.501-**","WILSON BATISTA BORGES                                                           ","CAMPOS VERDES - GO","ESMERALDA","Demais substâncias","Sim"
"Gerência Regional / GO","860651/1991","Requerimento de Lavra Garimpeira","Requerimento de Lavra Garimpeira","***.410.459-**","RUI SOARES DA SILVA","CAMPOS VERDES - GO","ESMERALDA","Demais substâncias","Sim"
"Gerência Regional / GO","860901/1991","Requerimento de Lavra Garimpeira","Requerimento de Lavra Garimpeira","***.920.990-**","IRACI PAULA DA SILVA                                                            ","CAMPOS VERDES - GO","ESMERALDA","Demais substâncias","Sim"
"Gerência Regional / GO","860585/1991","Requerimento de Lavra Garimpeira","Requerimento de Lavra Garimpeira","***.293.911-**","KATIA MIGUEL FERREIRA DA ROCHA                                                  ","CAMPOS VERDES - GO","ESMERALDA","Demais substâncias","Sim"
"Gerência Regional / GO","860861/2022","Requerimento de Mudança de Regime para PLG","Requerimento de Lavra Garimpeira","***.213.611-**","Antonio Mendes Ferreira Junior ","JARAGUÁ - GO","AREIA, MINÉRIO DE OURO","Construção civil, Industrial","Sim"
"Gerência Regional / GO","861441/1992","Requerimento de Lavra Garimpeira","Requerimento de Lavra Garimpeira","***.293.911-**","KATIA MIGUEL FERREIRA DA ROCHA                                                  ","CAMPOS VERDES - GO","ESMERALDA","Demais substâncias","Sim"
"Gerência Regional / GO","860369/2020","Requerimento de Lavra Garimpeira","Requerimento de Lavra Garimpeira","***.643.811-**","NILSIRLEY MATIAS DA SILVA","ARENÓPOLIS - GO","DIAMANTE, MINÉRIO DE OURO","Industrial, Industrial","Sim"
"Gerência Regional / GO","860370/2020","Requerimento de Lavra Garimpeira","Requerimento de Lavra Garimpeira","***.643.811-**","NILSIRLEY MATIAS DA SILVA","ARENÓPOLIS - GO","DIAMANTE, MINÉRIO DE OURO","Industrial, Industrial","Sim"
"Gerência Regional / GO","860852/1992","Requerimento de Lavra Garimpeira","Requerimento de Lavra Garimpeira","***.929.600-**","WALTER GOMES DOS SANTOS                                                         ","CAMPOS VERDES - GO","ESMERALDA","Demais substâncias","Sim"
"Gerência Regional / GO","861674/2012","Requerimento de Lavra Garimpeira","Requerimento de Lavra Garimpeira","***.991.691-**","Jerônimo Alfredo Nunes Gonçalves","CAMPOS VERDES - GO","ESMERALDA","Industrial","Sim"
"Gerência Regional / GO","861675/2012","Requerimento de Lavra Garimpeira","Requerimento de Lavra Garimpeira","***.991.691-**","Jerônimo Alfredo Nunes Gonçalves","CAMPOS VERDES - GO","ESMERALDA","Industrial","Sim"
"Gerência Regional / GO","860816/2023","Requerimento de Mudança de Regime para PLG","Requerimento de Lavra Garimpeira","***.057.738-**","JULIA NESZLINGER","CAMPO ALEGRE DE GOIÁS - GO, IPAMERI - GO","DIAMANTE, MINÉRIO DE OURO","Gema, Industrial","Sim"
