"Superintendência","Processo","Tipo de requerimento","Fase Atual","CPF/CNPJ do titular","Titular","Municipio(s)","Substância(s)","Tipo(s) de Uso","Situação"
"Gerência Regional / GO","861490/2016","Requerimento de Autorização de Pesquisa","Requerimento de Lavra","00.264.528/0001-78","GUIDONI BRASIL S/A","FLORES DE GOIÁS - GO, SÍTIO D'ABADIA - GO","MÁRMORE","Revestimento","Sim"
"Gerência Regional / GO","861488/2016","Requerimento de Autorização de Pesquisa","Requerimento de Lavra","00.264.528/0001-78","GUIDONI BRASIL S/A","FLORES DE GOIÁS - GO, SÍTIO D'ABADIA - GO","MÁRMORE","Revestimento","Sim"
"Gerência Regional / GO","861487/2016","Requerimento de Autorização de Pesquisa","Requerimento de Lavra","00.264.528/0001-78","GUIDONI BRASIL S/A","FLORES DE GOIÁS - GO, SÍTIO D'ABADIA - GO","MÁRMORE","Revestimento","Sim"
"Gerência Regional / GO","861486/2016","Requerimento de Autorização de Pesquisa","Requerimento de Lavra","00.264.528/0001-78","GUIDONI BRASIL S/A","FLORES DE GOIÁS - GO","MÁRMORE","Revestimento","Sim"
"Gerência Regional / GO","861485/2016","Requerimento de Autorização de Pesquisa","Requerimento de Lavra","00.264.528/0001-78","GUIDONI BRASIL S/A","BURITIS - MG, FLORES DE GOIÁS - GO","MÁRMORE","Revestimento","Sim"
"Gerência Regional / GO","861482/2016","Requerimento de Autorização de Pesquisa","Requerimento de Lavra","00.264.528/0001-78","GUIDONI BRASIL S/A","FLORES DE GOIÁS - GO, SÍTIO D'ABADIA - GO","MÁRMORE","Revestimento","Sim"
"Gerência Regional / GO","861479/2016","Requerimento de Autorização de Pesquisa","Requerimento de Lavra","00.264.528/0001-78","GUIDONI BRASIL S/A","FLORES DE GOIÁS - GO, SÍTIO D'ABADIA - GO","MÁRMORE","Revestimento","Sim"
"Gerência Regional / GO","861478/2016","Requerimento de Autorização de Pesquisa","Requerimento de Lavra","00.264.528/0001-78","GUIDONI BRASIL S/A","FLORES DE GOIÁS - GO, SÍTIO D'ABADIA - GO","MÁRMORE","Revestimento","Sim"
"Gerência Regional / GO","861082/2017","Requerimento de Mudança de Regime para Aut. de Pesquisa","Requerimento de Lavra","00.264.528/0001-78","GUIDONI BRASIL S/A","TERESINA DE GOIÁS - GO","QUARTZITO","Revestimento","Sim"
"Gerência Regional / GO","861056/2017","Requerimento de Autorização de Pesquisa","Requerimento de Lavra","00.264.528/0001-78","GUIDONI BRASIL S/A","MINAÇU - GO","QUARTZITO","Revestimento","Sim"
"Gerência Regional / GO","860403/2018","Requerimento de Autorização de Pesquisa","Requerimento de Lavra","00.264.528/0001-78","GUIDONI BRASIL S/A","MINAÇU - GO","QUARTZITO, QUARTZO","Revestimento, Revestimento","Sim"
"Gerência Regional / GO","860345/2018","Requerimento de Autorização de Pesquisa","Requerimento de Lavra","00.264.528/0001-78","GUIDONI BRASIL S/A","MINAÇU - GO","QUARTZO","Revestimento","Sim"
"Gerência Regional / GO","861540/2011","Requerimento de Autorização de Pesquisa","Requerimento de Lavra","01.059.930/0001-83","CALCARIO SANTA TEREZA LTDA","FORMOSO - GO","CALCÁRIO CALCÍTICO, CALCÁRIO DOLOMÍTICO","Corretivo de solo, Fabricação de cal","Sim"
"Gerência Regional / GO","861376/2016","Requerimento de Autorização de Pesquisa","Requerimento de Lavra","01.059.930/0001-83","CALCARIO SANTA TEREZA LTDA","FORMOSO - GO","CALCÁRIO","Fabricação de cimento","Sim"
"Gerência Regional / GO","861075/2005","Requerimento de Autorização de Pesquisa","Requerimento de Lavra","01.126.983/0001-70","Arenan Extração e Comércio de Areia Ltda","ORIZONA - GO","AREIA, MINÉRIO DE OURO","Construção civil, Industrial","Sim"
"Gerência Regional / GO","860567/2019","Requerimento de Cessão parcial","Requerimento de Lavra","01.126.983/0001-70","Arenan Extração e Comércio de Areia Ltda","IPAMERI - GO","AREIA, CASCALHO","Construção civil, Construção civil","Sim"
"Gerência Regional / GO","860566/2019","Requerimento de Cessão parcial","Requerimento de Lavra","01.126.983/0001-70","Arenan Extração e Comércio de Areia Ltda","IPAMERI - GO","AREIA, CASCALHO","Construção civil, Construção civil","Sim"
"Gerência Regional / GO","860565/2019","Requerimento de Cessão parcial","Requerimento de Lavra","01.126.983/0001-70","Arenan Extração e Comércio de Areia Ltda","IPAMERI - GO","AREIA, CASCALHO","Construção civil, Construção civil","Sim"
"Gerência Regional / GO","860422/2011","Requerimento de Autorização de Pesquisa","Requerimento de Lavra","01.126.983/0001-70","Arenan Extração e Comércio de Areia Ltda","ORIZONA - GO","AREIA, MINÉRIO DE OURO","Construção civil, Industrial","Sim"
"Gerência Regional / GO","860394/2009","Requerimento de Autorização de Pesquisa","Requerimento de Lavra","01.126.983/0001-70","Arenan Extração e Comércio de Areia Ltda","LUZIÂNIA - GO, ORIZONA - GO","AREIA, DIAMANTE","Construção civil, Industrial","Sim"
"Gerência Regional / GO","860288/2018","Requerimento de Autorização de Pesquisa","Requerimento de Lavra","01.126.983/0001-70","Arenan Extração e Comércio de Areia Ltda","CRISTALINA - GO, LUZIÂNIA - GO","AREIA","Construção civil","Sim"
"Gerência Regional / GO","860238/2011","Requerimento de Autorização de Pesquisa","Requerimento de Lavra","01.126.983/0001-70","Arenan Extração e Comércio de Areia Ltda","ORIZONA - GO","AREIA, DIAMANTE","Construção civil, Industrial","Sim"
"Gerência Regional / GO","860154/2017","Requerimento de Cessão parcial","Requerimento de Lavra","01.126.983/0001-70","Arenan Extração e Comércio de Areia Ltda","CRISTALINA - GO","AREIA","Construção civil","Sim"
"Gerência Regional / GO","860077/2014","Requerimento de Cessão parcial","Requerimento de Lavra","01.126.983/0001-70","Arenan Extração e Comércio de Areia Ltda","ORIZONA - GO","AREIA, DIAMANTE","Construção civil, Industrial","Sim"
"Gerência Regional / GO","860076/2014","Requerimento de Cessão parcial","Requerimento de Lavra","01.126.983/0001-70","Arenan Extração e Comércio de Areia Ltda","ORIZONA - GO","AREIA, DIAMANTE","Construção civil, Industrial","Sim"
"Gerência Regional / GO","860015/2010","Requerimento de Cessão parcial","Requerimento de Lavra","01.126.983/0001-70","Arenan Extração e Comércio de Areia Ltda","ORIZONA - GO","AREIA","Construção civil","Sim"
"Gerência Regional / GO","861454/2016","Requerimento de Autorização de Pesquisa","Requerimento de Lavra","01.126.983/0001-70","Arenan Extração e Comércio de Areia Ltda","IPAMERI - GO","AREIA, CASCALHO","Construção civil, Construção civil","Sim"
"Gerência Regional / GO","860562/2006","Requerimento de Autorização de Pesquisa","Requerimento de Lavra","01.413.855/0001-07","GOIASCAL MINERACAO E CALCARIO LTDA","INDIARA - GO","CALCÁRIO","Fabricação de cimento","Sim"
"Gerência Regional / GO","860181/2010","Requerimento de Autorização de Pesquisa","Requerimento de Lavra","01.413.855/0001-07","GOIASCAL MINERACAO E CALCARIO LTDA","CEZARINA - GO, INDIARA - GO","AREIA, CALCÁRIO, CALCÁRIO CALCÍTICO, CALCÁRIO DOLOMÍTICO","Construção civil, Corretivo de solo, Corretivo de solo, Fabricação de cal","Sim"
"Gerência Regional / GO","861323/2010","Requerimento de Autorização de Pesquisa","Requerimento de Lavra","01.413.855/0001-07","GOIASCAL MINERACAO E CALCARIO LTDA","INDIARA - GO","CALCÁRIO, CALCÁRIO","Fabricação de cal, Fabricação de cimento","Sim"
"Gerência Regional / GO","860839/1988","Requerimento de Autorização de Pesquisa","Requerimento de Lavra","01.413.855/0001-07","GOIASCAL MINERACAO E CALCARIO LTDA","PIRACANJUBA - GO","GRANITO","Demais substâncias","Sim"
"Gerência Regional / GO","860526/2018","Requerimento de Cessão parcial","Requerimento de Lavra","02.110.260/0001-45","JANDAIA CALCARIO AGRICOLA LTDA","JANDAIA - GO","CALCÁRIO, MÁRMORE, MINÉRIO DE TITÂNIO","Brita, Corretivo de solo, Industrial","Sim"
"Gerência Regional / GO","860525/2018","Requerimento de Cessão parcial","Requerimento de Lavra","02.110.260/0001-45","JANDAIA CALCARIO AGRICOLA LTDA","JANDAIA - GO","CALCÁRIO, MÁRMORE, MINÉRIO DE TITÂNIO","Brita, Corretivo de solo, Industrial","Sim"
"Gerência Regional / GO","861193/2014","Requerimento de Autorização de Pesquisa","Requerimento de Lavra","02.683.365/0001-93","BRASIL MINERIOS S/A","SANCLERLÂNDIA - GO, SÃO LUÍS DE MONTES BELOS - GO","VERMICULITA","Industrial","Sim"
"Gerência Regional / GO","860830/2011","Requerimento de Autorização de Pesquisa","Requerimento de Lavra","02.683.365/0001-93","BRASIL MINERIOS S/A","SANCLERLÂNDIA - GO","VERMICULITA","Industrial","Sim"
"Gerência Regional / GO","860713/2016","Requerimento de Autorização de Pesquisa","Requerimento de Lavra","02.683.365/0001-93","BRASIL MINERIOS S/A","SANCLERLÂNDIA - GO, SÃO LUÍS DE MONTES BELOS - GO","VERMICULITA","Industrial","Sim"
"Gerência Regional / GO","861421/2015","Requerimento de Disponibilidade para lavra","Requerimento de Lavra","02.683.365/0001-93","BRASIL MINERIOS S/A","SÃO LUÍS DE MONTES BELOS - GO","VERMICULITA","Industrial","Sim"
"Gerência Regional / MG","831741/2020","Requerimento de Cessão parcial","Requerimento de Lavra","02.769.183/0001-30","AREIA MENEZES LTDA.","ARAGUARI - MG, CUMARI - GO","AREIA","Construção civil","Sim"
"Gerência Regional / GO","860312/2001","Requerimento de Autorização de Pesquisa","Requerimento de Lavra","02.785.798/0001-50","ITACUA INDUSTRIA E COMERCIO DE MINERIOS LTDA","ANICUNS - GO","CALCÁRIO","Industrial","Sim"
"Gerência Regional / GO","860766/2010","Requerimento de Autorização de Pesquisa","Requerimento de Lavra","02.800.373/0001-72","ENGEBRITA CALCARIO LTDA","FORMOSA - GO","CALCÁRIO, CALCÁRIO CALCÍTICO, CALCÁRIO DOLOMÍTICO","Corretivo de solo, Corretivo de solo, Fabricação de cimento","Sim"
"Gerência Regional / GO","860134/2014","Requerimento de Cessão parcial","Requerimento de Lavra","03.007.590/0001-72","BRITAGO MINERACAO INDUSTRIA E COMERCIO LTDA","SANTA BÁRBARA DE GOIÁS - GO","DIORITO, MINÉRIO DE FERRO","Brita, Industrial","Sim"
"Gerência Regional / GO","861439/2011","Requerimento de Autorização de Pesquisa","Requerimento de Lavra","03.007.590/0001-72","BRITAGO MINERACAO INDUSTRIA E COMERCIO LTDA","SANTA BÁRBARA DE GOIÁS - GO, TRINDADE - GO","DIORITO, MINÉRIO DE FERRO","Brita, Industrial","Sim"
"Gerência Regional / GO","860504/2003","Requerimento de Autorização de Pesquisa","Requerimento de Lavra","10.656.452/0001-80","VOTORANTIM CIMENTOS N/NE S/A","PLANALTINA - GO","CALCÁRIO","Fabricação de cimento","Sim"
"Gerência Regional / GO","860524/2008","Requerimento de Autorização de Pesquisa","Requerimento de Lavra","19.677.954/0001-61","MINERAÇÃO MONTE CARMELO LTDA","CAMPO ALEGRE DE GOIÁS - GO","ARGILA, TURFA","Energético, Industrial","Sim"
"Gerência Regional / GO","860523/2008","Requerimento de Autorização de Pesquisa","Requerimento de Lavra","19.677.954/0001-61","MINERAÇÃO MONTE CARMELO LTDA","IPAMERI - GO","ARGILA","Industrial","Sim"
"Gerência Regional / GO","811708/1976","Requerimento de Autorização de Pesquisa","Requerimento de Lavra","26.473.074/0001-39","BHJ MINERAÇÃO LTDA.                                                             ","BRASÍLIA - DF, PLANALTINA - GO","AREIA, CASCALHO","Demais substâncias, Demais substâncias","Sim"
"Gerência Regional / GO","811707/1976","Requerimento de Autorização de Pesquisa","Requerimento de Lavra","26.473.074/0001-39","BHJ MINERAÇÃO LTDA.                                                             ","BRASÍLIA - DF, PLANALTINA - GO","AREIA, CASCALHO","Demais substâncias, Demais substâncias","Sim"
"Gerência Regional / GO","861081/2003","Requerimento de Autorização de Pesquisa","Requerimento de Lavra","26.970.103/0001-78","BRITACAL IND E COM DE BRITA E CALCARIO BRASILIA LTDA","DIVINÓPOLIS DE GOIÁS - GO","CALCÁRIO","Industrial","Sim"
"Gerência Regional / GO","861080/2003","Requerimento de Autorização de Pesquisa","Requerimento de Lavra","26.970.103/0001-78","BRITACAL IND E COM DE BRITA E CALCARIO BRASILIA LTDA","DIVINÓPOLIS DE GOIÁS - GO","CALCÁRIO","Industrial","Sim"
"Gerência Regional / GO","861079/2003","Requerimento de Autorização de Pesquisa","Requerimento de Lavra","26.970.103/0001-78","BRITACAL IND E COM DE BRITA E CALCARIO BRASILIA LTDA","DIVINÓPOLIS DE GOIÁS - GO","CALCÁRIO","Industrial","Sim"
"Gerência Regional / GO","861077/2003","Requerimento de Autorização de Pesquisa","Requerimento de Lavra","26.970.103/0001-78","BRITACAL IND E COM DE BRITA E CALCARIO BRASILIA LTDA","DIVINÓPOLIS DE GOIÁS - GO","CALCÁRIO","Industrial","Sim"
"Gerência Regional / GO","860963/1995","Requerimento de Autorização de Pesquisa","Requerimento de Lavra","26.970.103/0001-78","BRITACAL IND E COM DE BRITA E CALCARIO BRASILIA LTDA","DIVINÓPOLIS DE GOIÁS - GO, SÃO DOMINGOS - GO","CALCÁRIO CALCÍTICO, CALCÁRIO DOLOMÍTICO, FOSFATO","Corretivo de solo, Corretivo de solo, Demais substâncias","Sim"
"Gerência Regional / GO","860953/2003","Requerimento de Autorização de Pesquisa","Requerimento de Lavra","26.970.103/0001-78","BRITACAL IND E COM DE BRITA E CALCARIO BRASILIA LTDA","SÃO DOMINGOS - GO","CALCÁRIO","Industrial","Sim"
"Gerência Regional / GO","860915/2005","Requerimento de Autorização de Pesquisa","Requerimento de Lavra","26.970.103/0001-78","BRITACAL IND E COM DE BRITA E CALCARIO BRASILIA LTDA","COCALZINHO DE GOIÁS - GO","CALCÁRIO","Industrial","Sim"
"Gerência Regional / GO","860914/2003","Requerimento de Autorização de Pesquisa","Requerimento de Lavra","26.970.103/0001-78","BRITACAL IND E COM DE BRITA E CALCARIO BRASILIA LTDA","IACIARA - GO","CALCÁRIO","Industrial","Sim"
"Gerência Regional / GO","860836/2005","Requerimento de Autorização de Pesquisa","Requerimento de Lavra","26.970.103/0001-78","BRITACAL IND E COM DE BRITA E CALCARIO BRASILIA LTDA","GUARANI DE GOIÁS - GO","CALCÁRIO","Industrial","Sim"
"Gerência Regional / GO","860750/2002","Requerimento de Autorização de Pesquisa","Requerimento de Lavra","26.970.103/0001-78","BRITACAL IND E COM DE BRITA E CALCARIO BRASILIA LTDA","DIVINÓPOLIS DE GOIÁS - GO, SÃO DOMINGOS - GO","CALCÁRIO","Industrial","Sim"
"Gerência Regional / GO","860748/2012","Requerimento de Autorização de Pesquisa","Requerimento de Lavra","26.970.103/0001-78","BRITACAL IND E COM DE BRITA E CALCARIO BRASILIA LTDA","PLANALTINA - GO","ARGILA, ARGILA","Cerâmica vermelha, Construção civil","Sim"
"Gerência Regional / GO","860743/1998","Requerimento de Autorização de Pesquisa","Requerimento de Lavra","26.970.103/0001-78","BRITACAL IND E COM DE BRITA E CALCARIO BRASILIA LTDA","DIVINÓPOLIS DE GOIÁS - GO","CALCÁRIO","Industrial","Sim"
"Gerência Regional / GO","860730/2015","Requerimento de Autorização de Pesquisa","Requerimento de Lavra","26.970.103/0001-78","BRITACAL IND E COM DE BRITA E CALCARIO BRASILIA LTDA","CABECEIRAS - GO","CALCÁRIO, CALCÁRIO, CALCÁRIO, CALCÁRIO","Brita, Corretivo de solo, Fabricação de cal, Fabricação de cimento","Sim"
"Gerência Regional / GO","860688/2005","Requerimento de Autorização de Pesquisa","Requerimento de Lavra","26.970.103/0001-78","BRITACAL IND E COM DE BRITA E CALCARIO BRASILIA LTDA","DIVINÓPOLIS DE GOIÁS - GO","CALCÁRIO","Industrial","Sim"
"Gerência Regional / GO","860666/2004","Requerimento de Autorização de Pesquisa","Requerimento de Lavra","26.970.103/0001-78","BRITACAL IND E COM DE BRITA E CALCARIO BRASILIA LTDA","CABECEIRAS - GO","MINÉRIO DE OURO","Industrial","Sim"
"Gerência Regional / GO","860582/1997","Requerimento de Autorização de Pesquisa","Requerimento de Lavra","26.970.103/0001-78","BRITACAL IND E COM DE BRITA E CALCARIO BRASILIA LTDA","CABECEIRAS - GO","CALCÁRIO","Demais substâncias","Sim"
"Gerência Regional / GO","860560/2002","Requerimento de Autorização de Pesquisa","Requerimento de Lavra","26.970.103/0001-78","BRITACAL IND E COM DE BRITA E CALCARIO BRASILIA LTDA","SÃO DOMINGOS - GO","CALCÁRIO","Industrial","Sim"
"Gerência Regional / GO","860559/2002","Requerimento de Autorização de Pesquisa","Requerimento de Lavra","26.970.103/0001-78","BRITACAL IND E COM DE BRITA E CALCARIO BRASILIA LTDA","SÃO DOMINGOS - GO","CALCÁRIO","Industrial","Sim"
"Gerência Regional / GO","860547/2015","Requerimento de Cessão parcial","Requerimento de Lavra","26.970.103/0001-78","BRITACAL IND E COM DE BRITA E CALCARIO BRASILIA LTDA","DIVINÓPOLIS DE GOIÁS - GO","CALCÁRIO, CALCÁRIO","Brita, Corretivo de solo","Sim"
"Gerência Regional / GO","860546/2015","Requerimento de Cessão parcial","Requerimento de Lavra","26.970.103/0001-78","BRITACAL IND E COM DE BRITA E CALCARIO BRASILIA LTDA","DIVINÓPOLIS DE GOIÁS - GO","CALCÁRIO, CALCÁRIO","Brita, Corretivo de solo","Sim"
"Gerência Regional / GO","860545/2015","Requerimento de Cessão parcial","Requerimento de Lavra","26.970.103/0001-78","BRITACAL IND E COM DE BRITA E CALCARIO BRASILIA LTDA","DIVINÓPOLIS DE GOIÁS - GO","CALCÁRIO, CALCÁRIO","Brita, Corretivo de solo","Sim"
"Gerência Regional / GO","860544/2015","Requerimento de Cessão parcial","Requerimento de Lavra","26.970.103/0001-78","BRITACAL IND E COM DE BRITA E CALCARIO BRASILIA LTDA","DIVINÓPOLIS DE GOIÁS - GO","CALCÁRIO, CALCÁRIO","Brita, Corretivo de solo","Sim"
"Gerência Regional / GO","860543/2004","Requerimento de Autorização de Pesquisa","Requerimento de Lavra","26.970.103/0001-78","BRITACAL IND E COM DE BRITA E CALCARIO BRASILIA LTDA","CABECEIRAS - GO","MINÉRIO DE OURO","Industrial","Sim"
"Gerência Regional / GO","860434/2004","Requerimento de Autorização de Pesquisa","Requerimento de Lavra","26.970.103/0001-78","BRITACAL IND E COM DE BRITA E CALCARIO BRASILIA LTDA","MONTE ALEGRE DE GOIÁS - GO","MINÉRIO DE OURO","Industrial","Sim"
"Gerência Regional / GO","860369/2004","Requerimento de Autorização de Pesquisa","Requerimento de Lavra","26.970.103/0001-78","BRITACAL IND E COM DE BRITA E CALCARIO BRASILIA LTDA","CAMPOS BELOS - GO, SÃO DOMINGOS - GO","MINÉRIO DE OURO","Industrial","Sim"
"Gerência Regional / GO","860366/2004","Requerimento de Autorização de Pesquisa","Requerimento de Lavra","26.970.103/0001-78","BRITACAL IND E COM DE BRITA E CALCARIO BRASILIA LTDA","CAMPOS BELOS - GO","CALCÁRIO","Industrial","Sim"
"Gerência Regional / GO","860365/2004","Requerimento de Autorização de Pesquisa","Requerimento de Lavra","26.970.103/0001-78","BRITACAL IND E COM DE BRITA E CALCARIO BRASILIA LTDA","CAMPOS BELOS - GO, SÃO DOMINGOS - GO","CALCÁRIO","Industrial","Sim"
"Gerência Regional / GO","860364/2004","Requerimento de Autorização de Pesquisa","Requerimento de Lavra","26.970.103/0001-78","BRITACAL IND E COM DE BRITA E CALCARIO BRASILIA LTDA","CAMPOS BELOS - GO","CALCÁRIO","Industrial","Sim"
"Gerência Regional / GO","860363/2004","Requerimento de Autorização de Pesquisa","Requerimento de Lavra","26.970.103/0001-78","BRITACAL IND E COM DE BRITA E CALCARIO BRASILIA LTDA","CAMPOS BELOS - GO, LAVANDEIRA - TO","CALCÁRIO","Industrial","Sim"
"Gerência Regional / GO","860230/2009","Requerimento de Autorização de Pesquisa","Requerimento de Lavra","26.970.103/0001-78","BRITACAL IND E COM DE BRITA E CALCARIO BRASILIA LTDA","PADRE BERNARDO - GO","CALCÁRIO","Corretivo de solo","Sim"
"Gerência Regional / GO","862108/2005","Requerimento de Autorização de Pesquisa","Requerimento de Lavra","26.970.103/0001-78","BRITACAL IND E COM DE BRITA E CALCARIO BRASILIA LTDA","SÃO DOMINGOS - GO","CALCÁRIO","Industrial","Sim"
"Gerência Regional / GO","861514/2012","Requerimento de Autorização de Pesquisa","Requerimento de Lavra","26.970.103/0001-78","BRITACAL IND E COM DE BRITA E CALCARIO BRASILIA LTDA","GUARANI DE GOIÁS - GO","CALCÁRIO","Corretivo de solo","Sim"
"Gerência Regional / GO","861400/2007","Requerimento de Autorização de Pesquisa","Requerimento de Lavra","26.970.103/0001-78","BRITACAL IND E COM DE BRITA E CALCARIO BRASILIA LTDA","CABECEIRAS - GO","CALCÁRIO","Fabricação de cimento","Sim"
"Gerência Regional / GO","861086/2003","Requerimento de Autorização de Pesquisa","Requerimento de Lavra","26.970.103/0001-78","BRITACAL IND E COM DE BRITA E CALCARIO BRASILIA LTDA","DIVINÓPOLIS DE GOIÁS - GO","CALCÁRIO","Industrial","Sim"
"Gerência Regional / GO","861084/2004","Requerimento de Autorização de Pesquisa","Requerimento de Lavra","26.970.103/0001-78","BRITACAL IND E COM DE BRITA E CALCARIO BRASILIA LTDA","DIVINÓPOLIS DE GOIÁS - GO","CALCÁRIO","Industrial","Sim"
"Gerência Regional / GO","860253/2001","Requerimento de Autorização de Pesquisa","Requerimento de Lavra","32.440.901/0001-90","CAJUGRAM GRANITOS E MARMORES DO BRASIL LTDA","CARMO DO RIO VERDE - GO, ITAPURANGA - GO","GNAISSE, GNAISSE, GRANITO","Brita, Revestimento, Revestimento","Sim"
"Gerência Regional / GO","861345/2010","Requerimento de Autorização de Pesquisa","Requerimento de Lavra","33.039.223/0001-11","CIMENTO TUPI S.A. EM RECUPERACAO JUDICIAL","FORMOSA - GO","ARGILA, CALCÁRIO, MINÉRIO DE OURO, QUARTZITO","Fabricação de cimento, Industrial, Industrial, Industrial","Sim"
"Gerência Regional / GO","860956/2008","Requerimento de Autorização de Pesquisa","Requerimento de Lavra","33.039.223/0001-11","CIMENTO TUPI S.A. EM RECUPERACAO JUDICIAL","FORMOSA - GO","CALCÁRIO, CALCÁRIO, CALCÁRIO DOLOMÍTICO, GRANITO, QUARTZITO","Corretivo de solo, Corretivo de solo, Fabricação de cimento, Revestimento, Revestimento","Sim"
"Gerência Regional / GO","861782/2010","Requerimento de Autorização de Pesquisa","Requerimento de Lavra","33.624.438/0001-08","SETA MINERACAO LTDA","CAÇU - GO, SÃO SIMÃO - GO","AREIA, DIAMANTE","Construção civil, Industrial","Sim"
"Gerência Regional / GO","861688/2013","Requerimento de Cessão parcial","Requerimento de Lavra","33.624.438/0001-08","SETA MINERACAO LTDA","QUIRINÓPOLIS - GO","AREIA","Construção civil","Sim"
"Gerência Regional / GO","861687/2013","Requerimento de Cessão parcial","Requerimento de Lavra","33.624.438/0001-08","SETA MINERACAO LTDA","QUIRINÓPOLIS - GO","AREIA","Construção civil","Sim"
"Gerência Regional / GO","861686/2013","Requerimento de Cessão parcial","Requerimento de Lavra","33.624.438/0001-08","SETA MINERACAO LTDA","CACHOEIRA ALTA - GO, QUIRINÓPOLIS - GO","AREIA","Construção civil","Sim"
"Gerência Regional / GO","861685/2013","Requerimento de Cessão parcial","Requerimento de Lavra","33.624.438/0001-08","SETA MINERACAO LTDA","CACHOEIRA ALTA - GO, QUIRINÓPOLIS - GO","AREIA","Construção civil","Sim"
"Gerência Regional / GO","861659/2010","Requerimento de Autorização de Pesquisa","Requerimento de Lavra","33.624.438/0001-08","SETA MINERACAO LTDA","ITARUMÃ - GO, LIMEIRA DO OESTE - MG","AREIA, DIAMANTE","Construção civil, Industrial","Sim"
"Gerência Regional / GO","861657/2010","Requerimento de Autorização de Pesquisa","Requerimento de Lavra","33.624.438/0001-08","SETA MINERACAO LTDA","CAÇU - GO, SÃO SIMÃO - GO","AREIA, DIAMANTE","Construção civil, Industrial","Sim"
"Gerência Regional / GO","861329/2015","Requerimento de Disponibilidade para pesquisa","Requerimento de Lavra","33.624.438/0001-08","SETA MINERACAO LTDA","CACHOEIRA ALTA - GO, CAÇU - GO","AREIA","Construção civil","Sim"
"Gerência Regional / GO","861115/2005","Requerimento de Autorização de Pesquisa","Requerimento de Lavra","33.624.438/0001-08","SETA MINERACAO LTDA","SANTA VITÓRIA - MG, SÃO SIMÃO - GO","DIAMANTE INDUSTRIAL","Industrial","Sim"
"Gerência Regional / GO","861030/2010","Requerimento de Autorização de Pesquisa","Requerimento de Lavra","33.624.438/0001-08","SETA MINERACAO LTDA","SANTA VITÓRIA - MG, SÃO SIMÃO - GO","AREIA, DIAMANTE","Construção civil, Industrial","Sim"
"Gerência Regional / GO","861003/2007","Requerimento de Autorização de Pesquisa","Requerimento de Lavra","33.624.438/0001-08","SETA MINERACAO LTDA","ITAJÁ - GO, ITARUMÃ - GO, LIMEIRA DO OESTE - MG","AREIA, DIAMANTE","Construção civil, Industrial","Sim"
"Gerência Regional / GO","860969/2002","Requerimento de Autorização de Pesquisa","Requerimento de Lavra","33.624.438/0001-08","SETA MINERACAO LTDA","JATAÍ - GO, RIO VERDE - GO","CASCALHO","Demais substâncias","Sim"
"Gerência Regional / GO","860884/2010","Requerimento de Autorização de Pesquisa","Requerimento de Lavra","33.624.438/0001-08","SETA MINERACAO LTDA","CACHOEIRA ALTA - GO, QUIRINÓPOLIS - GO","AREIA, DIAMANTE","Construção civil, Industrial","Sim"
"Gerência Regional / GO","860778/2010","Requerimento de Autorização de Pesquisa","Requerimento de Lavra","33.624.438/0001-08","SETA MINERACAO LTDA","QUIRINÓPOLIS - GO","AREIA, DIAMANTE","Construção civil, Industrial","Sim"
"Gerência Regional / GO","860657/1990","Requerimento de Registro de Licença","Requerimento de Lavra","33.624.438/0001-08","SETA MINERACAO LTDA","SANTA VITÓRIA - MG, SÃO SIMÃO - GO","AREIA","Demais substâncias","Sim"
"Gerência Regional / GO","860474/2001","Requerimento de Autorização de Pesquisa","Requerimento de Lavra","33.624.438/0001-08","SETA MINERACAO LTDA","SANTA VITÓRIA - MG, SÃO SIMÃO - GO","DIAMANTE INDUSTRIAL","Industrial","Sim"
"Gerência Regional / GO","860272/2020","Requerimento de Cessão parcial","Requerimento de Lavra","33.624.438/0001-08","SETA MINERACAO LTDA","SÃO SIMÃO - GO","CASCALHO","Construção civil","Sim"
"Gerência Regional / GO","860271/2020","Requerimento de Cessão parcial","Requerimento de Lavra","33.624.438/0001-08","SETA MINERACAO LTDA","SÃO SIMÃO - GO","CASCALHO","Construção civil","Sim"
"Gerência Regional / GO","860270/2020","Requerimento de Cessão parcial","Requerimento de Lavra","33.624.438/0001-08","SETA MINERACAO LTDA","SÃO SIMÃO - GO","CASCALHO","Construção civil","Sim"
"Gerência Regional / GO","860269/2020","Requerimento de Cessão parcial","Requerimento de Lavra","33.624.438/0001-08","SETA MINERACAO LTDA","SÃO SIMÃO - GO","CASCALHO","Construção civil","Sim"
"Gerência Regional / GO","860268/2020","Requerimento de Cessão parcial","Requerimento de Lavra","33.624.438/0001-08","SETA MINERACAO LTDA","SÃO SIMÃO - GO","CASCALHO","Construção civil","Sim"
"Gerência Regional / GO","860267/2020","Requerimento de Cessão parcial","Requerimento de Lavra","33.624.438/0001-08","SETA MINERACAO LTDA","SÃO SIMÃO - GO","CASCALHO","Construção civil","Sim"
"Gerência Regional / GO","860224/2008","Requerimento de Autorização de Pesquisa","Requerimento de Lavra","33.624.438/0001-08","SETA MINERACAO LTDA","PADRE BERNARDO - GO, VILA PROPÍCIO - GO","AREIA, DIAMANTE, DIAMANTE","Construção civil, Gema, Industrial","Sim"
"Gerência Regional / GO","860068/2009","Requerimento de Autorização de Pesquisa","Requerimento de Lavra","33.624.438/0001-08","SETA MINERACAO LTDA","CAÇU - GO, ITARUMÃ - GO","AREIA, DIAMANTE","Construção civil, Industrial","Sim"
"Gerência Regional / GO","860042/2001","Requerimento de Autorização de Pesquisa","Requerimento de Lavra","33.624.438/0001-08","SETA MINERACAO LTDA","SANTA VITÓRIA - MG, SÃO SIMÃO - GO","AREIA, CASCALHO","Construção civil, Construção civil","Sim"
"Gerência Regional / GO","860413/2004","Requerimento de Autorização de Pesquisa","Requerimento de Lavra","36.829.356/0001-80","CATALANA IND E COM DE ARTEFATOS DE CIMENTO E CONST LTDA","GOIANDIRA - GO, NOVA AURORA - GO","AREIA","Construção civil","Sim"
"Gerência Regional / GO","860360/1998","Requerimento de Autorização de Pesquisa","Requerimento de Lavra","36.829.356/0001-80","CATALANA IND E COM DE ARTEFATOS DE CIMENTO E CONST LTDA","GOIANDIRA - GO, NOVA AURORA - GO","AREIA, DIAMANTE INDUSTRIAL","Construção civil, Demais substâncias","Sim"
"Gerência Regional / GO","860455/2009","Requerimento de Autorização de Pesquisa","Requerimento de Lavra","37.588.415/0001-38","MINERACAO PIRINEUS LTDA","COCALZINHO DE GOIÁS - GO","CALCÁRIO, CALCÁRIO","Corretivo de solo, Fabricação de cal","Sim"
"Gerência Regional / GO","860373/2012","Requerimento de Disponibilidade para lavra","Requerimento de Lavra","37.588.415/0001-38","MINERACAO PIRINEUS LTDA","COCALZINHO DE GOIÁS - GO","CALCÁRIO","Demais substâncias","Sim"
"Gerência Regional / GO","860267/2019","Requerimento de Cessão parcial","Requerimento de Lavra","37.588.415/0001-38","MINERACAO PIRINEUS LTDA","PADRE BERNARDO - GO","CALCÁRIO, CALCÁRIO, CALCÁRIO, MÁRMORE, SIENITO","Corretivo de solo, Fabricação de cal, Fabricação de cimento, Revestimento, Revestimento","Sim"
"Gerência Regional / GO","860990/2016","Requerimento de Autorização de Pesquisa","Requerimento de Lavra","37.588.415/0001-38","MINERACAO PIRINEUS LTDA","PADRE BERNARDO - GO","CALCÁRIO","Corretivo de solo","Sim"
"Gerência Regional / GO","861334/2016","Requerimento de Autorização de Pesquisa","Requerimento de Lavra","39.282.298/0001-05","MINERACAO CORCOVADO DE MINAS LTDA","CAMPINAÇU - GO","MÁRMORE","Revestimento","Sim"
"Gerência Regional / GO","861220/2015","Requerimento de Autorização de Pesquisa","Requerimento de Lavra","39.282.298/0001-05","MINERACAO CORCOVADO DE MINAS LTDA","MONTE ALEGRE DE GOIÁS - GO","QUARTZITO","Revestimento","Sim"
"Gerência Regional / GO","860965/2015","Requerimento de Autorização de Pesquisa","Requerimento de Lavra","39.282.298/0001-05","MINERACAO CORCOVADO DE MINAS LTDA","GUARANI DE GOIÁS - GO, SÃO DOMINGOS - GO","MÁRMORE","Revestimento","Sim"
"Gerência Regional / GO","860964/2015","Requerimento de Autorização de Pesquisa","Requerimento de Lavra","39.282.298/0001-05","MINERACAO CORCOVADO DE MINAS LTDA","NOVA ROMA - GO","MÁRMORE","Revestimento","Sim"
"Gerência Regional / GO","860963/2015","Requerimento de Autorização de Pesquisa","Requerimento de Lavra","39.282.298/0001-05","MINERACAO CORCOVADO DE MINAS LTDA","MONTIVIDIU DO NORTE - GO","GRANITO","Revestimento","Sim"
"Gerência Regional / GO","860422/2004","Requerimento de Autorização de Pesquisa","Requerimento de Lavra","39.282.298/0001-05","MINERACAO CORCOVADO DE MINAS LTDA","NOVA ROMA - GO","MINÉRIO DE TITÂNIO, QUARTZITO","Industrial, Revestimento","Sim"
"Gerência Regional / GO","860349/2019","Requerimento de Disponibilidade para pesquisa","Requerimento de Lavra","39.282.298/0001-05","MINERACAO CORCOVADO DE MINAS LTDA","NOVA ROMA - GO","CALCÁRIO, CALCÁRIO, CALCÁRIO, CALCÁRIO, FOSFATO, MÁRMORE","Brita, Corretivo de solo, Fabricação de cal, Fabricação de cimento, Fertilizantes, Revestimento","Sim"
"Gerência Regional / GO","860288/2016","Requerimento de Autorização de Pesquisa","Requerimento de Lavra","39.282.298/0001-05","MINERACAO CORCOVADO DE MINAS LTDA","MONTE ALEGRE DE GOIÁS - GO","MÁRMORE","Revestimento","Sim"
"Gerência Regional / GO","860071/2016","Requerimento de Autorização de Pesquisa","Requerimento de Lavra","39.282.298/0001-05","MINERACAO CORCOVADO DE MINAS LTDA","NOVA ROMA - GO","MÁRMORE, QUARTZITO","Revestimento, Revestimento","Sim"
"Gerência Regional / GO","808743/1968","Requerimento de Autorização de Pesquisa","Requerimento de Lavra","42.184.226/0019-69","ANGLO AMERICAN NIQUEL BRASIL LTDA","BARRO ALTO - GO, SANTA RITA DO NOVO DESTINO - GO","MINÉRIO DE NÍQUEL","Demais substâncias","Sim"
"Gerência Regional / GO","808738/1968","Requerimento de Autorização de Pesquisa","Requerimento de Lavra","42.184.226/0019-69","ANGLO AMERICAN NIQUEL BRASIL LTDA","BARRO ALTO - GO","MINÉRIO DE NÍQUEL","Demais substâncias","Sim"
"Gerência Regional / GO","805789/1969","Requerimento de Autorização de Pesquisa","Requerimento de Lavra","42.184.226/0019-69","ANGLO AMERICAN NIQUEL BRASIL LTDA","BARRO ALTO - GO, SANTA RITA DO NOVO DESTINO - GO","MINÉRIO DE NÍQUEL","Demais substâncias","Sim"
"Gerência Regional / GO","860453/2014","Requerimento de Autorização de Pesquisa","Requerimento de Lavra","42.184.226/0019-69","ANGLO AMERICAN NIQUEL BRASIL LTDA","NIQUELÂNDIA - GO","MINÉRIO DE NÍQUEL","Industrial","Sim"
"Gerência Regional / GO","860426/2016","Requerimento de Disponibilidade para lavra","Requerimento de Lavra","42.184.226/0019-69","ANGLO AMERICAN NIQUEL BRASIL LTDA","BARRO ALTO - GO","MINÉRIO DE NÍQUEL","Demais substâncias","Sim"
"Gerência Regional / GO","818514/1968","Requerimento de Autorização de Pesquisa","Requerimento de Lavra","42.184.226/0019-69","ANGLO AMERICAN NIQUEL BRASIL LTDA","BARRO ALTO - GO","MINÉRIO DE NÍQUEL","Demais substâncias","Sim"
"Gerência Regional / GO","811717/1968","Requerimento de Autorização de Pesquisa","Requerimento de Lavra","42.184.226/0019-69","ANGLO AMERICAN NIQUEL BRASIL LTDA","BARRO ALTO - GO, SANTA RITA DO NOVO DESTINO - GO","MINÉRIO DE NÍQUEL","Demais substâncias","Sim"
"Gerência Regional / GO","808746/1968","Requerimento de Autorização de Pesquisa","Requerimento de Lavra","42.184.226/0019-69","ANGLO AMERICAN NIQUEL BRASIL LTDA","BARRO ALTO - GO","MINÉRIO DE NÍQUEL","Demais substâncias","Sim"
"Gerência Regional / GO","860444/2018","Requerimento de Disponibilidade para pesquisa","Requerimento de Lavra","42.445.403/0001-94","MINERACAO SERRA GRANDE S A","CRIXÁS - GO","MINÉRIO DE OURO","Industrial","Sim"
"Gerência Regional / GO","811874/1975","Requerimento de Autorização de Pesquisa","Requerimento de Lavra","42.445.403/0001-94","MINERACAO SERRA GRANDE S A","CRIXÁS - GO","CIANITA, MINÉRIO DE OURO","Demais substâncias, Industrial","Sim"
"Gerência Regional / GO","860743/2002","Requerimento de Autorização de Pesquisa","Requerimento de Lavra","00.114.258/0001-19","AREIALTO EXTRACAO COMERCIO E TRANSPORTES DE AREIA LTDA","ORIZONA - GO, PIRES DO RIO - GO","AREIA, MINÉRIO DE OURO","Construção civil, Metalurgia","Sim"
"Gerência Regional / GO","860747/2015","Requerimento de Autorização de Pesquisa","Requerimento de Lavra","00.132.781/0001-78","Pedreira Rio Verde Ltda","MIMOSO DE GOIÁS - GO","CALCÁRIO","Fabricação de cal","Sim"
"Gerência Regional / GO","861482/2015","Requerimento de Autorização de Pesquisa","Requerimento de Lavra","00.768.040/0001-88","J M DA SILVA II","PLANALTINA - GO","AREIA","Construção civil","Sim"
"Gerência Regional / GO","861480/2014","Requerimento de Disponibilidade para pesquisa","Requerimento de Lavra","00.822.452/0001-59","PEDREIRA GOIAS LTDA","ANÁPOLIS - GO","GRANULITO","Revestimento","Sim"
"Gerência Regional / GO","860123/2001","Requerimento de Autorização de Pesquisa","Requerimento de Lavra","01.005.875/0001-49","PEDREIRA ITAUNA LTDA","APARECIDA DE GOIÂNIA - GO, HIDROLÂNDIA - GO","XISTO","Construção civil","Sim"
"Gerência Regional / GO","861541/2011","Requerimento de Autorização de Pesquisa","Requerimento de Lavra","01.059.930/0001-83","CALCARIO SANTA TEREZA LTDA","FORMOSO - GO","CALCÁRIO, CALCÁRIO CALCÍTICO, CALCÁRIO DOLOMÍTICO","Corretivo de solo, Corretivo de solo, Fabricação de cal","Sim"
"Gerência Regional / GO","861254/2015","Requerimento de Autorização de Pesquisa","Requerimento de Lavra","01.126.983/0001-70","Arenan Extração e Comércio de Areia Ltda","ORIZONA - GO","AREIA, DIAMANTE","Construção civil, Industrial","Sim"
"Gerência Regional / GO","860838/1988","Requerimento de Autorização de Pesquisa","Requerimento de Lavra","01.413.855/0001-07","GOIASCAL MINERACAO E CALCARIO LTDA","PIRACANJUBA - GO","GRANITO","Demais substâncias","Sim"
"Gerência Regional / GO","860632/1997","Requerimento de Registro de Licença","Requerimento de Lavra","01.551.829/0001-45","PEDREIRA IZAIRA INDUSTRIA E COMERCIO LTDA","HIDROLÂNDIA - GO","MICAXISTO","Demais substâncias","Sim"
"Gerência Regional / GO","860982/2016","Requerimento de Autorização de Pesquisa","Requerimento de Lavra","02.110.260/0001-45","JANDAIA CALCARIO AGRICOLA LTDA","JANDAIA - GO","MÁRMORE, MINÉRIO DE TITÂNIO","Brita, Industrial","Sim"
"Gerência Regional / GO","861093/1988","Requerimento de Autorização de Pesquisa","Requerimento de Lavra","02.387.750/0001-93","MINERVERA - MINERADORA PRIMAVERA LTDA","CALDAS NOVAS - GO","ÁGUA MINERAL","Demais substâncias","Sim"
"Gerência Regional / GO","860405/2015","Requerimento de Autorização de Pesquisa","Requerimento de Lavra","02.634.715/0001-21","CORRETIVOS DO SOLO MEDIO NORTE EXTRACAO DE MINERI","NIQUELÂNDIA - GO","CALCÁRIO, CALCÁRIO","Brita, Corretivo de solo","Sim"
"Gerência Regional / GO","861194/2014","Requerimento de Autorização de Pesquisa","Requerimento de Lavra","02.683.365/0001-93","BRASIL MINERIOS S/A","SANCLERLÂNDIA - GO","VERMICULITA","Industrial","Sim"
"Gerência Regional / GO","862229/2008","Requerimento de Autorização de Pesquisa","Requerimento de Lavra","02.785.798/0001-50","ITACUA INDUSTRIA E COMERCIO DE MINERIOS LTDA","ANICUNS - GO","CALCÁRIO","Fabricação de cimento","Sim"
"Gerência Regional / GO","861321/2015","Requerimento de Disponibilidade para pesquisa","Requerimento de Lavra","02.800.373/0001-72","ENGEBRITA CALCARIO LTDA","FORMOSA - GO","CALCÁRIO, CALCÁRIO, CALCÁRIO","Brita, Corretivo de solo, Fabricação de cimento","Sim"
"Gerência Regional / GO","860005/2007","Requerimento de Autorização de Pesquisa","Requerimento de Lavra","02.802.569/0001-04","CERAMICA CATALAO EIRELI","DAVINÓPOLIS - GO","DIAMANTE, GNAISSE","Brita, Industrial","Sim"
"Gerência Regional / GO","860874/2006","Requerimento de Autorização de Pesquisa","Requerimento de Lavra","02.971.080/0001-58","ROSANE BARBOSA PROCOPIO AGUIAR","ANHANGUERA - GO, ARAGUARI - MG, CORUMBAÍBA - GO","AREIA, CASCALHO","Construção civil, Construção civil","Sim"
"Gerência Regional / GO","861153/2015","Requerimento de Mudança de Regime para Aut. de Pesquisa","Requerimento de Lavra","03.007.590/0001-72","BRITAGO MINERACAO INDUSTRIA E COMERCIO LTDA","AVELINÓPOLIS - GO","DIORITO","Brita","Sim"
"Gerência Regional / GO","860726/2015","Requerimento de Autorização de Pesquisa","Requerimento de Lavra","14.926.356/0001-65","AGUAS LEBRINHA LTDA","APARECIDA DE GOIÂNIA - GO","ÁGUA MINERAL","Engarrafamento","Sim"
"Gerência Regional / GO","860514/2018","Requerimento de Disponibilidade para pesquisa","Requerimento de Lavra","19.635.242/0001-80","MISTEL MINERACAO SANTA TEREZINHA LTDA","LUZIÂNIA - GO","XISTO","Brita","Sim"
"Gerência Regional / GO","861858/2013","Requerimento de Disponibilidade para lavra","Requerimento de Lavra","24.826.331/0001-43","PORTO RICO EXTRACAO DE AREIA LTDA","JARAGUÁ - GO, PIRENÓPOLIS - GO, SÃO FRANCISCO DE GOIÁS - GO","AREIA, CASCALHO, MINÉRIO DE OURO","Construção civil, Construção civil, Industrial","Sim"
"Gerência Regional / GO","860771/2008","Requerimento de Autorização de Pesquisa","Requerimento de Lavra","24.927.667/0001-00","MATRA MINERAÇÃO LTDA","PLANALTINA - GO","ARGILA, MÁRMORE","Cerâmica vermelha, Revestimento","Sim"
"Gerência Regional / GO","811709/1976","Requerimento de Autorização de Pesquisa","Requerimento de Lavra","26.473.074/0001-39","BHJ MINERAÇÃO LTDA.                                                             ","BRASÍLIA - DF, PLANALTINA - GO","AREIA, CASCALHO","Demais substâncias, Demais substâncias","Sim"
"Gerência Regional / GO","860011/2010","Requerimento de Autorização de Pesquisa","Requerimento de Lavra","26.880.146/0001-62","CERAMICA SOLIMOES LTDA","ESTRELA DO NORTE - GO, MARA ROSA - GO, MUTUNÓPOLIS - GO","ARGILA, MINÉRIO DE OURO","Cerâmica vermelha, Industrial","Sim"
"Gerência Regional / GO","861083/2003","Requerimento de Autorização de Pesquisa","Requerimento de Lavra","26.970.103/0001-78","BRITACAL IND E COM DE BRITA E CALCARIO BRASILIA LTDA","DIVINÓPOLIS DE GOIÁS - GO","CALCÁRIO","Industrial","Sim"
"Gerência Regional / GO","861149/1991","Requerimento de Autorização de Pesquisa","Requerimento de Lavra","32.440.901/0001-90","CAJUGRAM GRANITOS E MARMORES DO BRASIL LTDA","PIRANHAS - GO","GRANITO","Demais substâncias","Sim"
"Gerência Regional / GO","861409/2009","Requerimento de Autorização de Pesquisa","Requerimento de Lavra","33.039.223/0001-11","CIMENTO TUPI S.A. EM RECUPERACAO JUDICIAL","FORMOSA - GO","CALCÁRIO, CALCÁRIO, GRANITO","Brita, Fabricação de cimento, Revestimento","Sim"
"Gerência Regional / GO","860314/2011","Requerimento de Cessão parcial","Requerimento de Lavra","33.310.814/0001-81","CERAMICA PARAISO LTDA","CATALÃO - GO","ARGILA, DIAMANTE","Cerâmica vermelha, Industrial","Sim"
"Gerência Regional / GO","861643/2007","Requerimento de Autorização de Pesquisa","Requerimento de Lavra","36.829.356/0001-80","CATALANA IND E COM DE ARTEFATOS DE CIMENTO E CONST LTDA","CORUMBAÍBA - GO, CUMARI - GO","AREIA, DIAMANTE INDUSTRIAL","Construção civil, Industrial","Sim"
"Gerência Regional / GO","860793/1995","Requerimento de Autorização de Pesquisa","Requerimento de Lavra","37.588.415/0001-38","MINERACAO PIRINEUS LTDA","VILA PROPÍCIO - GO","CALCÁRIO, DOLOMITO","Corretivo de solo, Demais substâncias","Sim"
"Gerência Regional / GO","861121/2006","Requerimento de Autorização de Pesquisa","Requerimento de Lavra","37.889.169/0001-54","MINERAÇÃO ITAÚNA LTDA","FORMOSA - GO","CALCÁRIO","Fabricação de cal","Sim"
"Gerência Regional / GO","861143/2008","Requerimento de Autorização de Pesquisa","Requerimento de Lavra","38.714.838/0001-10","Porto Seguro Construções Ltda EIRELI,","ARAGUARI - MG, CUMARI - GO","AREIA, CASCALHO, DIAMANTE","Construção civil, Construção civil, Industrial","Sim"
"Gerência Regional / GO","807537/1973","Requerimento de Autorização de Pesquisa","Requerimento de Lavra","42.176.941/0001-20","SALOMÃO MINERAÇÃO LTDA.","MONTE ALEGRE DE GOIÁS - GO","CASSITERITA","Demais substâncias","Sim"
"Gerência Regional / GO","808744/1968","Requerimento de Autorização de Pesquisa","Requerimento de Lavra","42.184.226/0019-69","ANGLO AMERICAN NIQUEL BRASIL LTDA","BARRO ALTO - GO","MINÉRIO DE NÍQUEL","Demais substâncias","Sim"
"Gerência Regional / GO","860706/2008","Requerimento de Autorização de Pesquisa","Requerimento de Lavra","42.445.403/0001-94","MINERACAO SERRA GRANDE S A","CRIXÁS - GO","MINÉRIO DE OURO","Industrial","Sim"
"Gerência Regional / GO","860001/1987","Requerimento de Autorização de Pesquisa","Requerimento de Lavra","47.190.335/0001-83","Ferrogeo Mineração Ltda","CATALÃO - GO, PARACATU - MG","TURFA","Demais substâncias","Sim"
"Gerência Regional / GO","861209/1981","Requerimento de Autorização de Pesquisa","Requerimento de Lavra","50.629.385/0001-29","Klace S A Pisos e Azulejos","PLANALTINA - GO","ARGILA","Demais substâncias","Sim"
"Gerência Regional / GO","861043/2010","Requerimento de Autorização de Pesquisa","Requerimento de Lavra","57.633.521/0001-01","Minerpal Mineração e Comércio Ltda","GOIÁS - GO","AREIA, ARGILA","Construção civil, Industrial","Sim"
"Gerência Regional / GO","860484/2014","Requerimento de Disponibilidade para lavra","Requerimento de Lavra","57.633.521/0001-01","Minerpal Mineração e Comércio Ltda","GOIÁS - GO","AREIA, CASCALHO","Construção civil, Construção civil","Sim"
"Gerência Regional / GO","861441/2009","Requerimento de Cessão parcial","Requerimento de Lavra","57.633.521/0001-01","Minerpal Mineração e Comércio Ltda","GOIÁS - GO","AREIA","Construção civil","Sim"
"Gerência Regional / GO","861215/2016","Requerimento de Cessão parcial","Requerimento de Lavra","57.633.521/0001-01","Minerpal Mineração e Comércio Ltda","GOIÁS - GO","AREIA","Construção civil","Sim"
"Gerência Regional / GO","861214/2016","Requerimento de Cessão parcial","Requerimento de Lavra","57.633.521/0001-01","Minerpal Mineração e Comércio Ltda","GOIÁS - GO","AREIA","Construção civil","Sim"
"Gerência Regional / GO","802138/1975","Requerimento de Autorização de Pesquisa","Requerimento de Lavra","60.869.336/0001-17","CSN CIMENTOS BRASIL S.A.","BRASÍLIA - DF, PLANALTINA - GO","CALCÁRIO","Demais substâncias","Sim"
"Gerência Regional / GO","860207/2003","Requerimento de Autorização de Pesquisa","Requerimento de Lavra","60.869.336/0001-17","CSN CIMENTOS BRASIL S.A.","PLANALTINA - GO","CALCÁRIO","Industrial","Sim"
"Gerência Regional / GO","809330/1973","Requerimento de Autorização de Pesquisa","Requerimento de Lavra","61.409.892/0001-73","COMPANHIA BRASILEIRA DE ALUMINIO","MONTES CLAROS DE GOIÁS - GO","NÍQUEL","Demais substâncias","Sim"
"Gerência Regional / GO","809328/1973","Requerimento de Autorização de Pesquisa","Requerimento de Lavra","61.409.892/0001-73","COMPANHIA BRASILEIRA DE ALUMINIO","MONTES CLAROS DE GOIÁS - GO","NÍQUEL","Demais substâncias","Sim"
"Gerência Regional / GO","809327/1973","Requerimento de Autorização de Pesquisa","Requerimento de Lavra","61.409.892/0001-73","COMPANHIA BRASILEIRA DE ALUMINIO","MONTES CLAROS DE GOIÁS - GO","NÍQUEL","Demais substâncias","Sim"
"Gerência Regional / GO","809326/1973","Requerimento de Autorização de Pesquisa","Requerimento de Lavra","61.409.892/0001-73","COMPANHIA BRASILEIRA DE ALUMINIO","MONTES CLAROS DE GOIÁS - GO","NÍQUEL","Demais substâncias","Sim"
"Gerência Regional / GO","809324/1973","Requerimento de Autorização de Pesquisa","Requerimento de Lavra","61.409.892/0001-73","COMPANHIA BRASILEIRA DE ALUMINIO","MONTES CLAROS DE GOIÁS - GO","NÍQUEL","Demais substâncias","Sim"
"Gerência Regional / GO","806253/1976","Requerimento de Autorização de Pesquisa","Requerimento de Lavra","61.409.892/0001-73","COMPANHIA BRASILEIRA DE ALUMINIO","MONTES CLAROS DE GOIÁS - GO","NÍQUEL","Demais substâncias","Sim"
"Gerência Regional / GO","806252/1976","Requerimento de Autorização de Pesquisa","Requerimento de Lavra","61.409.892/0001-73","COMPANHIA BRASILEIRA DE ALUMINIO","MONTES CLAROS DE GOIÁS - GO","COBALTO, COBRE, NÍQUEL","Demais substâncias, Demais substâncias, Demais substâncias","Sim"
"Gerência Regional / GO","833674/1995","Requerimento de Autorização de Pesquisa","Requerimento de Lavra","61.442.737/0001-59","INDUSTRIAS BRASILEIRAS DE ARTIGOS REFRATARIOS - IBAR - LTDA","CATALÃO - GO, GUARDA-MOR - MG","ARGILA REFRATÁRIA","Demais substâncias","Sim"
"Gerência Regional / GO","861991/1995","Requerimento de Autorização de Pesquisa","Requerimento de Lavra","62.258.884/0001-36","INTERCEMENT BRASIL S/A - EM RECUPERACAO JUDICIAL","FORMOSA - GO","CALCÁRIO","Demais substâncias","Sim"
"Gerência Regional / GO","861987/1995","Requerimento de Autorização de Pesquisa","Requerimento de Lavra","62.258.884/0001-36","INTERCEMENT BRASIL S/A - EM RECUPERACAO JUDICIAL","FORMOSA - GO","CALCÁRIO","Demais substâncias","Sim"
"Gerência Regional / GO","861978/1995","Requerimento de Autorização de Pesquisa","Requerimento de Lavra","62.258.884/0001-36","INTERCEMENT BRASIL S/A - EM RECUPERACAO JUDICIAL","FORMOSA - GO","CALCÁRIO","Demais substâncias","Sim"
"Gerência Regional / GO","861970/1995","Requerimento de Autorização de Pesquisa","Requerimento de Lavra","62.258.884/0001-36","INTERCEMENT BRASIL S/A - EM RECUPERACAO JUDICIAL","FORMOSA - GO","CALCÁRIO","Demais substâncias","Sim"
"Gerência Regional / GO","860904/2002","Requerimento de Autorização de Pesquisa","Requerimento de Lavra","62.258.884/0001-36","INTERCEMENT BRASIL S/A - EM RECUPERACAO JUDICIAL","FORMOSA - GO","CALCÁRIO","Industrial","Sim"
"Gerência Regional / GO","860163/2014","Requerimento de Autorização de Pesquisa","Requerimento de Lavra","62.258.884/0001-36","INTERCEMENT BRASIL S/A - EM RECUPERACAO JUDICIAL","SANTO ANTÔNIO DA BARRA - GO","ARGILITO, BASALTO","Brita, Industrial","Sim"
"Gerência Regional / GO","862610/2008","Requerimento de Autorização de Pesquisa","Requerimento de Lavra","62.258.884/0001-36","INTERCEMENT BRASIL S/A - EM RECUPERACAO JUDICIAL","BRASÍLIA - DF","ARGILA","Industrial","Sim"
"Gerência Regional / GO","861594/2011","Requerimento de Autorização de Pesquisa","Requerimento de Lavra","81.244.253/0001-02","Areial do Vale Ltda","CRISTALINA - GO","AREIA, MINÉRIO DE OURO","Construção civil, Industrial","Sim"
"Gerência Regional / GO","861437/2012","Requerimento de Cessão parcial","Requerimento de Lavra","81.244.253/0001-02","Areial do Vale Ltda","CRISTALINA - GO","AREIA","Construção civil","Sim"
"Gerência Regional / GO","860296/2014","Requerimento de Cessão parcial","Requerimento de Lavra","81.244.253/0001-02","Areial do Vale Ltda","CRISTALINA - GO","AREIA","Construção civil","Sim"
"Gerência Regional / GO","860612/2017","Requerimento de Cessão parcial","Requerimento de Lavra","86.924.701/0001-32","JOFEGE MINERACAO LTDA","VILA PROPÍCIO - GO","CALCÁRIO","Fabricação de cimento","Sim"
"Gerência Regional / GO","860562/2011","Requerimento de Disponibilidade para pesquisa","Requerimento de Lavra","86.924.701/0001-32","JOFEGE MINERACAO LTDA","VILA PROPÍCIO - GO","CALCÁRIO","Industrial","Sim"
"Gerência Regional / GO","861800/2011","Requerimento de Autorização de Pesquisa","Requerimento de Lavra","86.924.701/0001-32","JOFEGE MINERACAO LTDA","VILA PROPÍCIO - GO","CALCÁRIO","Fabricação de cimento","Sim"
"Gerência Regional / GO","861587/2014","Requerimento de Cessão parcial","Requerimento de Lavra","86.924.701/0001-32","JOFEGE MINERACAO LTDA","VILA PROPÍCIO - GO","CALCÁRIO, CALCÁRIO DOLOMÍTICO","Corretivo de solo, Fabricação de cimento","Sim"
"Gerência Regional / GO","861586/2014","Requerimento de Cessão parcial","Requerimento de Lavra","86.924.701/0001-32","JOFEGE MINERACAO LTDA","VILA PROPÍCIO - GO","CALCÁRIO, CALCÁRIO DOLOMÍTICO","Corretivo de solo, Fabricação de cimento","Sim"
"Gerência Regional / GO","861585/2014","Requerimento de Cessão parcial","Requerimento de Lavra","86.924.701/0001-32","JOFEGE MINERACAO LTDA","VILA PROPÍCIO - GO","CALCÁRIO, CALCÁRIO DOLOMÍTICO","Corretivo de solo, Fabricação de cimento","Sim"
"Gerência Regional / GO","860618/2017","Requerimento de Cessão parcial","Requerimento de Lavra","86.924.701/0001-32","JOFEGE MINERACAO LTDA","VILA PROPÍCIO - GO","CALCÁRIO","Fabricação de cimento","Sim"
"Gerência Regional / GO","860617/2017","Requerimento de Cessão parcial","Requerimento de Lavra","86.924.701/0001-32","JOFEGE MINERACAO LTDA","VILA PROPÍCIO - GO","CALCÁRIO","Fabricação de cimento","Sim"
"Gerência Regional / GO","860616/2017","Requerimento de Cessão parcial","Requerimento de Lavra","86.924.701/0001-32","JOFEGE MINERACAO LTDA","VILA PROPÍCIO - GO","CALCÁRIO","Fabricação de cimento","Sim"
"Gerência Regional / GO","860615/2017","Requerimento de Cessão parcial","Requerimento de Lavra","86.924.701/0001-32","JOFEGE MINERACAO LTDA","VILA PROPÍCIO - GO","CALCÁRIO","Fabricação de cimento","Sim"
"Gerência Regional / GO","860614/2017","Requerimento de Cessão parcial","Requerimento de Lavra","86.924.701/0001-32","JOFEGE MINERACAO LTDA","VILA PROPÍCIO - GO","CALCÁRIO","Fabricação de cimento","Sim"
"Gerência Regional / GO","805013/1974","Requerimento de Autorização de Pesquisa","Requerimento de Lavra","87.677.860/0001-42","INDUSTRIA DE CALCARIOS CACAPAVA LTDA","NIQUELÂNDIA - GO","CALCÁRIO","Demais substâncias","Sim"
"Gerência Regional / GO","861497/2016","Requerimento de Autorização de Pesquisa","Requerimento de Lavra","***.067.938-**","GREGORIO VASSILIVE FERREIRA","SÃO SIMÃO - GO","AREIA","Construção civil","Sim"
"Gerência Regional / GO","860555/1999","Requerimento de Autorização de Pesquisa","Requerimento de Lavra","***.067.938-**","GREGORIO VASSILIVE FERREIRA","SANTA VITÓRIA - MG, SÃO SIMÃO - GO","AREIA, DIAMANTE INDUSTRIAL","Construção civil, Demais substâncias","Sim"
"Gerência Regional / GO","860375/2016","Requerimento de Autorização de Pesquisa","Requerimento de Lavra","***.067.938-**","GREGORIO VASSILIVE FERREIRA","JATAÍ - GO, RIO VERDE - GO","AREIA","Construção civil","Sim"
"Gerência Regional / GO","860139/2019","Requerimento de Cessão parcial","Requerimento de Lavra","***.067.938-**","GREGORIO VASSILIVE FERREIRA","JATAÍ - GO, RIO VERDE - GO","AREIA","Construção civil","Sim"
"Gerência Regional / GO","860138/2019","Requerimento de Cessão parcial","Requerimento de Lavra","***.067.938-**","GREGORIO VASSILIVE FERREIRA","JATAÍ - GO, RIO VERDE - GO","AREIA","Construção civil","Sim"
"Gerência Regional / GO","761051/1996","Requerimento de Autorização de Pesquisa","Requerimento de Lavra","80.084.809/0001-88","COLORMINAS COLORIFICIO E MINERACAO LTDA","MONTIVIDIU - GO","SILTITO","Demais substâncias","Sim"
"Gerência Regional / GO","861234/1979","Requerimento de Autorização de Pesquisa","Requerimento de Lavra","80.084.809/0001-88","COLORMINAS COLORIFICIO E MINERACAO LTDA","TROMBAS - GO","CAULIM","Demais substâncias","Sim"
"Gerência Regional / GO","861511/1993","Requerimento de Autorização de Pesquisa","Requerimento de Lavra","50.629.385/0001-29","Klace S A Pisos e Azulejos","LUZIÂNIA - GO","ARGILA","Demais substâncias","Sim"
"Gerência Regional / GO","861213/2016","Requerimento de Cessão parcial","Requerimento de Lavra","57.633.521/0001-01","Minerpal Mineração e Comércio Ltda","GOIÁS - GO","AREIA","Construção civil","Sim"
"Gerência Regional / GO","861992/1995","Requerimento de Autorização de Pesquisa","Requerimento de Lavra","62.258.884/0001-36","INTERCEMENT BRASIL S/A - EM RECUPERACAO JUDICIAL","FORMOSA - GO","CALCÁRIO","Demais substâncias","Sim"
"Gerência Regional / GO","860613/2017","Requerimento de Cessão parcial","Requerimento de Lavra","86.924.701/0001-32","JOFEGE MINERACAO LTDA","VILA PROPÍCIO - GO","CALCÁRIO","Fabricação de cimento","Sim"
"Gerência Regional / GO","860137/2019","Requerimento de Cessão parcial","Requerimento de Lavra","***.067.938-**","GREGORIO VASSILIVE FERREIRA","JATAÍ - GO, RIO VERDE - GO","AREIA","Construção civil","Sim"
"Gerência Regional / GO","860161/2007","Requerimento de Autorização de Pesquisa","Requerimento de Lavra","***.315.321-**","CARLITO LOURENCO DA SILVA","SANTA RITA DO NOVO DESTINO - GO, URUAÇU - GO","AREIA","Construção civil","Sim"
"Gerência Regional / GO","860486/1990","Requerimento de Autorização de Pesquisa","Requerimento de Lavra","03.445.101/0001-64","MINERAÇÃO SOL NASCENTE DE CALDAS LTDA.","CALDAS NOVAS - GO","ÁGUA MINERAL","Demais substâncias","Sim"
"Gerência Regional / GO","860620/2017","Requerimento de Autorização de Pesquisa","Requerimento de Lavra","03.848.164/0001-61","TOLEDO GRANITOS DO BRASIL LTDA","ALTO PARAÍSO DE GOIÁS - GO, COLINAS DO SUL - GO","QUARTZITO","Revestimento","Sim"
"Gerência Regional / GO","860502/2014","Requerimento de Cessão parcial","Requerimento de Lavra","04.596.259/0001-06","MINERACAO CAPA BRANCA LTDA","RIO VERDE - GO","CALCÁRIO","Corretivo de solo","Sim"
"Gerência Regional / GO","861127/2016","Requerimento de Disponibilidade para lavra","Requerimento de Lavra","04.596.259/0001-06","MINERACAO CAPA BRANCA LTDA","MONTIVIDIU - GO","BASALTO","Industrial","Sim"
"Gerência Regional / GO","861110/2015","Requerimento de Autorização de Pesquisa","Requerimento de Lavra","04.596.259/0001-06","MINERACAO CAPA BRANCA LTDA","RIO VERDE - GO","CALCÁRIO","Fabricação de cal","Sim"
"Gerência Regional / GO","860994/2016","Requerimento de Autorização de Pesquisa","Requerimento de Lavra","04.596.259/0001-06","MINERACAO CAPA BRANCA LTDA","RIO VERDE - GO","CALCÁRIO","Fabricação de cal","Sim"
"Gerência Regional / GO","860611/2017","Requerimento de Cessão parcial","Requerimento de Lavra","04.596.259/0001-06","MINERACAO CAPA BRANCA LTDA","RIO VERDE - GO","CALCÁRIO","Fabricação de cal","Sim"
"Gerência Regional / GO","861303/2010","Requerimento de Autorização de Pesquisa","Requerimento de Lavra","04.974.236/0001-80","FOX MINERACAO LTDA","FORMOSA - GO","CALCÁRIO, CALCÁRIO, CALCÁRIO, CALCÁRIO CALCÍTICO, MINÉRIO DE OURO","Brita, Corretivo de solo, Fabricação de cal, Fabricação de cimento, Industrial","Sim"
"Gerência Regional / GO","860517/2010","Requerimento de Disponibilidade para lavra","Requerimento de Lavra","05.345.177/0001-43","Claudinei Antônio Messias Me","IPAMERI - GO","GIBBSITA","Demais substâncias","Sim"
"Gerência Regional / GO","860062/2014","Requerimento de Cessão parcial","Requerimento de Lavra","05.284.606/0001-10","PLANALTO EXTRACAO DE AREIA LTDA","BRASÍLIA - DF, PLANALTINA - GO","AREIA","Construção civil","Sim"
"Gerência Regional / GO","860847/2005","Requerimento de Autorização de Pesquisa","Requerimento de Lavra","05.284.606/0001-10","PLANALTO EXTRACAO DE AREIA LTDA","BRASÍLIA - DF, PLANALTINA - GO","AREIA","Construção civil","Sim"
"Gerência Regional / GO","860846/2005","Requerimento de Autorização de Pesquisa","Requerimento de Lavra","05.284.606/0001-10","PLANALTO EXTRACAO DE AREIA LTDA","BRASÍLIA - DF, PLANALTINA - GO","AREIA","Construção civil","Sim"
"Gerência Regional / GO","861104/2014","Requerimento de Disponibilidade para lavra","Requerimento de Lavra","05.979.543/0001-16","PEDREIRA ANAPOLIS LTDA","APARECIDA DE GOIÂNIA - GO","XISTO","Brita","Sim"
"Gerência Regional / GO","860735/1990","Requerimento de Autorização de Pesquisa","Requerimento de Lavra","62.371.588/0001-47","S.T. SCHARTMAN MINERACAO E CONSTRUCOES LTDA","BALIZA - GO, TORIXORÉU - MT","DIAMANTE INDUSTRIAL","Demais substâncias","Sim"
"Gerência Regional / GO","860983/2007","Requerimento de Autorização de Pesquisa","Requerimento de Lavra","05.947.648/0001-93","Consórcio Marins Pavotec","CAMPINORTE - GO, NOVA IGUAÇU DE GOIÁS - GO","GNAISSE","Revestimento","Sim"
"Gerência Regional / GO","860898/2017","Requerimento de Autorização de Pesquisa","Requerimento de Lavra","06.220.490/0001-18","Calcario Uruaçu Ltda","URUAÇU - GO","CALCÁRIO DOLOMÍTICO","Corretivo de solo","Sim"
"Gerência Regional / GO","860508/2013","Requerimento de Autorização de Pesquisa","Requerimento de Lavra","06.220.490/0001-18","Calcario Uruaçu Ltda","NIQUELÂNDIA - GO","CALCÁRIO DOLOMÍTICO, MINÉRIO DE OURO","Corretivo de solo, Industrial","Sim"
"Gerência Regional / GO","860580/2016","Requerimento de Autorização de Pesquisa","Requerimento de Lavra","05.778.572/0001-10","COMERCIO VAREJISTA E ATACADISTA DE MATERIAIS DE CONSTRUCAO LTDA","SERRANÓPOLIS - GO","AREIA, DIAMANTE","Construção civil, Industrial","Sim"
"Gerência Regional / GO","860484/2003","Requerimento de Autorização de Pesquisa","Requerimento de Lavra","05.778.572/0001-10","COMERCIO VAREJISTA E ATACADISTA DE MATERIAIS DE CONSTRUCAO LTDA","JATAÍ - GO","AREIA, ARGILA","Construção civil, Demais substâncias","Sim"
"Gerência Regional / GO","860881/2014","Requerimento de Cessão parcial","Requerimento de Lavra","05.778.572/0001-10","COMERCIO VAREJISTA E ATACADISTA DE MATERIAIS DE CONSTRUCAO LTDA","SERRANÓPOLIS - GO","AREIA","Construção civil","Sim"
"Gerência Regional / GO","860947/2016","Requerimento de Cessão parcial","Requerimento de Lavra","04.693.661/0001-09","Areia São Jose Extração, Comércio e Transporte Ltda Me","CACHOEIRA DOURADA - MG, ITUMBIARA - GO","AREIA","Construção civil","Sim"
"Gerência Regional / MG","830008/2008","Requerimento de Autorização de Pesquisa","Requerimento de Lavra","04.693.661/0001-09","Areia São Jose Extração, Comércio e Transporte Ltda Me","ARAGUARI - MG, CORUMBAÍBA - GO","AREIA","Construção civil","Sim"
"Gerência Regional / GO","861210/2010","Requerimento de Autorização de Pesquisa","Requerimento de Lavra","04.693.661/0001-09","Areia São Jose Extração, Comércio e Transporte Ltda Me","ARAGUARI - MG, CORUMBAÍBA - GO, TUPACIGUARA - MG","AREIA, DIAMANTE","Construção civil, Industrial","Sim"
"Gerência Regional / GO","860952/2016","Requerimento de Cessão parcial","Requerimento de Lavra","04.693.661/0001-09","Areia São Jose Extração, Comércio e Transporte Ltda Me","CACHOEIRA DOURADA - MG, ITUMBIARA - GO","AREIA","Construção civil","Sim"
"Gerência Regional / GO","860951/2016","Requerimento de Cessão parcial","Requerimento de Lavra","04.693.661/0001-09","Areia São Jose Extração, Comércio e Transporte Ltda Me","CACHOEIRA DOURADA - MG, ITUMBIARA - GO","AREIA","Construção civil","Sim"
"Gerência Regional / GO","860950/2016","Requerimento de Cessão parcial","Requerimento de Lavra","04.693.661/0001-09","Areia São Jose Extração, Comércio e Transporte Ltda Me","CACHOEIRA DOURADA - MG, ITUMBIARA - GO","AREIA","Construção civil","Sim"
"Gerência Regional / GO","860949/2016","Requerimento de Cessão parcial","Requerimento de Lavra","04.693.661/0001-09","Areia São Jose Extração, Comércio e Transporte Ltda Me","CACHOEIRA DOURADA - MG, ITUMBIARA - GO","AREIA","Construção civil","Sim"
"Gerência Regional / GO","861456/2006","Requerimento de Autorização de Pesquisa","Requerimento de Lavra","04.759.458/0001-80","MARCEL MINERACAO LTDA","CAVALCANTE - GO","MÁRMORE, MINÉRIO DE OURO, QUARTZITO, XISTO","Brita, Industrial, Revestimento, Revestimento","Sim"
"Gerência Regional / MG","830675/2014","Requerimento de Cessão parcial","Requerimento de Lavra","02.176.213/0001-02","Areia Bergamo Araguari Ltda","ARAGUARI - MG, CORUMBAÍBA - GO","AREIA, CASCALHO, DIAMANTE","Construção civil, Construção civil, Industrial","Sim"
"Gerência Regional / MG","832887/2010","Requerimento de Autorização de Pesquisa","Requerimento de Lavra","02.176.213/0001-02","Areia Bergamo Araguari Ltda","CORUMBAÍBA - GO","AREIA, CASCALHO, DIAMANTE","Construção civil, Construção civil, Industrial","Sim"
"Gerência Regional / GO","860460/2004","Requerimento de Autorização de Pesquisa","Requerimento de Lavra","37.291.887/0001-24","VITACAL COMERCIO E REPRESENTACOES LIMITADA","ANICUNS - GO","MINÉRIO DE TITÂNIO","Industrial","Sim"
"Gerência Regional / GO","860040/2004","Requerimento de Autorização de Pesquisa","Requerimento de Lavra","37.291.887/0001-24","VITACAL COMERCIO E REPRESENTACOES LIMITADA","CEZARINA - GO","CALCÁRIO CALCÍTICO, MINÉRIO DE OURO","Brita, Industrial","Sim"
"Gerência Regional / GO","860738/2003","Requerimento de Autorização de Pesquisa","Requerimento de Lavra","37.291.887/0001-24","VITACAL COMERCIO E REPRESENTACOES LIMITADA","ANICUNS - GO","MINÉRIO DE OURO","Industrial","Sim"
"Gerência Regional / GO","860558/2003","Requerimento de Autorização de Pesquisa","Requerimento de Lavra","37.291.887/0001-24","VITACAL COMERCIO E REPRESENTACOES LIMITADA","JANDAIA - GO","MINÉRIO DE TITÂNIO","Industrial","Sim"
"Gerência Regional / GO","862931/2011","Requerimento de Autorização de Pesquisa","Requerimento de Lavra","03.438.630/0001-30","AREIA BARRA AZUL EXTRACAO E COMERCIO LTDA","ARAGUARI - MG, CORUMBAÍBA - GO","AREIA, MINÉRIO DE OURO","Construção civil, Industrial","Sim"
"Gerência Regional / GO","861809/2010","Requerimento de Autorização de Pesquisa","Requerimento de Lavra","03.438.630/0001-30","AREIA BARRA AZUL EXTRACAO E COMERCIO LTDA","CORUMBAÍBA - GO, TUPACIGUARA - MG","AREIA, CASCALHO, DIAMANTE","Construção civil, Construção civil, Industrial","Sim"
"Gerência Regional / GO","861342/2012","Requerimento de Disponibilidade para pesquisa","Requerimento de Lavra","03.438.630/0001-30","AREIA BARRA AZUL EXTRACAO E COMERCIO LTDA","ANHANGUERA - GO, ARAGUARI - MG, CUMARI - GO","AREIA, CASCALHO, DIAMANTE, DIAMANTE","Construção civil, Construção civil, Gema, Industrial","Sim"
"Gerência Regional / GO","860952/2011","Requerimento de Autorização de Pesquisa","Requerimento de Lavra","03.438.630/0001-30","AREIA BARRA AZUL EXTRACAO E COMERCIO LTDA","CALDAS NOVAS - GO, IPAMERI - GO","AREIA, DIAMANTE","Construção civil, Industrial","Sim"
"Gerência Regional / GO","860951/2011","Requerimento de Autorização de Pesquisa","Requerimento de Lavra","03.438.630/0001-30","AREIA BARRA AZUL EXTRACAO E COMERCIO LTDA","IPAMERI - GO, PIRES DO RIO - GO","AREIA, DIAMANTE","Construção civil, Industrial","Sim"
"Gerência Regional / GO","860888/2012","Requerimento de Disponibilidade para lavra","Requerimento de Lavra","03.438.630/0001-30","AREIA BARRA AZUL EXTRACAO E COMERCIO LTDA","ARAGUARI - MG, CUMARI - GO","AREIA, CASCALHO, DIAMANTE INDUSTRIAL","Construção civil, Construção civil, Demais substâncias","Sim"
"Gerência Regional / GO","860518/2010","Requerimento de Disponibilidade para lavra","Requerimento de Lavra","03.438.630/0001-30","AREIA BARRA AZUL EXTRACAO E COMERCIO LTDA","ARAGUARI - MG, CUMARI - GO","AREIA, CASCALHO","Construção civil, Construção civil","Sim"
"Gerência Regional / GO","860309/2004","Requerimento de Autorização de Pesquisa","Requerimento de Lavra","03.438.630/0001-30","AREIA BARRA AZUL EXTRACAO E COMERCIO LTDA","ARAGUARI - MG, CUMARI - GO","AREIA, CASCALHO, DIAMANTE INDUSTRIAL","Construção civil, Construção civil, Industrial","Sim"
"Gerência Regional / GO","861059/2009","Requerimento de Autorização de Pesquisa","Requerimento de Lavra","04.484.476/0001-04","José Leomar e Iracimar Ltda","CATALÃO - GO, IPAMERI - GO","AREIA, CASCALHO","Construção civil, Construção civil","Sim"
"Gerência Regional / GO","860997/2011","Requerimento de Autorização de Pesquisa","Requerimento de Lavra","04.484.476/0001-04","José Leomar e Iracimar Ltda","CATALÃO - GO","CASCALHO","Construção civil","Sim"
"Gerência Regional / GO","861528/2014","Requerimento de Cessão parcial","Requerimento de Lavra","04.683.156/0001-75","Sulamericana Mineracao e Comercial Ltda ","CORUMBÁ DE GOIÁS - GO","QUARTZITO","Revestimento","Sim"
"Gerência Regional / GO","860275/2002","Requerimento de Autorização de Pesquisa","Requerimento de Lavra","04.656.140/0001-73","RS TREINAMENTO E CONSULTORIA LTDA","PIRENÓPOLIS - GO","MINÉRIO DE OURO","Industrial","Sim"
"Gerência Regional / GO","860048/2002","Requerimento de Autorização de Pesquisa","Requerimento de Lavra","04.656.140/0001-73","RS TREINAMENTO E CONSULTORIA LTDA","GOIANÁPOLIS - GO, GOIÂNIA - GO","GNAISSE","Demais substâncias","Sim"
"Gerência Regional / GO","861167/2001","Requerimento de Autorização de Pesquisa","Requerimento de Lavra","04.656.140/0001-73","RS TREINAMENTO E CONSULTORIA LTDA","ALEXÂNIA - GO","GNAISSE","Demais substâncias","Sim"
"Gerência Regional / GO","861166/2001","Requerimento de Autorização de Pesquisa","Requerimento de Lavra","04.656.140/0001-73","RS TREINAMENTO E CONSULTORIA LTDA","ALEXÂNIA - GO","AREIA, GNAISSE","Industrial, Industrial","Sim"
"Gerência Regional / GO","861128/2016","Requerimento de Disponibilidade para lavra","Requerimento de Lavra","04.656.140/0001-73","RS TREINAMENTO E CONSULTORIA LTDA","PIRENÓPOLIS - GO","MINÉRIO DE OURO, QUARTZITO","Industrial, Revestimento","Sim"
"Gerência Regional / GO","860794/2013","Requerimento de Autorização de Pesquisa","Requerimento de Lavra","05.695.212/0001-54","MINERAÇÃO & TRANSPORTE NOSSA SENHORA APARECIDA LTDA","CAÇU - GO, SANTA VITÓRIA - MG","AREIA","Construção civil","Sim"
"Gerência Regional / MG","831997/2022","Requerimento de Lavra - Leilão","Requerimento de Lavra","05.695.212/0001-54","MINERAÇÃO & TRANSPORTE NOSSA SENHORA APARECIDA LTDA","SANTA VITÓRIA - MG, SÃO SIMÃO - GO","AREIA","Construção civil","Sim"
"Gerência Regional / GO","861303/2024","Requerimento de Lavra - Leilão","Requerimento de Lavra","05.695.212/0001-54","MINERAÇÃO & TRANSPORTE NOSSA SENHORA APARECIDA LTDA","GOUVELÂNDIA - GO, QUIRINÓPOLIS - GO","AREIA","Construção civil","Sim"
"Gerência Regional / GO","860832/2018","Requerimento de Cessão parcial","Requerimento de Lavra","05.695.212/0001-54","MINERAÇÃO & TRANSPORTE NOSSA SENHORA APARECIDA LTDA","CAÇU - GO, SANTA VITÓRIA - MG","AREIA","Construção civil","Sim"
"Gerência Regional / GO","860240/2018","Requerimento de Mudança de Regime para Aut. de Pesquisa","Requerimento de Lavra","07.478.600/0001-09","CERAMIKALYS INDUSTRIA CERAMICA E COMERCIO LTDA","COCALZINHO DE GOIÁS - GO","AREIA, CASCALHO","Construção civil, Construção civil","Sim"
"Gerência Regional / GO","860236/2014","Requerimento de Cessão parcial","Requerimento de Lavra","07.478.600/0001-09","CERAMIKALYS INDUSTRIA CERAMICA E COMERCIO LTDA","ÁGUAS LINDAS DE GOIÁS - GO, COCALZINHO DE GOIÁS - GO","AREIA, SAIBRO","Construção civil, Construção civil","Sim"
"Gerência Regional / GO","861349/2007","Requerimento de Autorização de Pesquisa","Requerimento de Lavra","07.478.600/0001-09","CERAMIKALYS INDUSTRIA CERAMICA E COMERCIO LTDA","ÁGUAS LINDAS DE GOIÁS - GO, COCALZINHO DE GOIÁS - GO","AREIA, MINÉRIO DE OURO","Construção civil, Industrial","Sim"
"Gerência Regional / GO","861106/2015","Requerimento de Mudança de Regime para Aut. de Pesquisa","Requerimento de Lavra","07.478.600/0001-09","CERAMIKALYS INDUSTRIA CERAMICA E COMERCIO LTDA","COCALZINHO DE GOIÁS - GO","AREIA, CASCALHO","Construção civil, Construção civil","Sim"
"Gerência Regional / GO","860415/2012","Requerimento de Autorização de Pesquisa","Requerimento de Lavra","07.478.600/0001-09","CERAMIKALYS INDUSTRIA CERAMICA E COMERCIO LTDA","COCALZINHO DE GOIÁS - GO, PADRE BERNARDO - GO","CALCÁRIO, CALCÁRIO","Brita, Fabricação de cimento","Sim"
"Gerência Regional / GO","860492/2014","Requerimento de Cessão parcial","Requerimento de Lavra","05.163.702/0001-00","MG MINERACAO GREEN GOLD EIRELI","CRISTALINA - GO","AREIA, QUARTZITO","Brita, Construção civil","Sim"
"Gerência Regional / GO","860134/1994","Requerimento de Autorização de Pesquisa","Requerimento de Lavra","05.163.702/0001-00","MG MINERACAO GREEN GOLD EIRELI","CRISTALINA - GO","AREIA, ARGILA, MÁRMORE, QUARTZITO, QUARTZO","Construção civil, Construção civil, Demais substâncias, Demais substâncias, Revestimento","Sim"
"Gerência Regional / GO","862022/2011","Requerimento de Cessão parcial","Requerimento de Lavra","07.282.674/0001-75","AREIA SAO TOMAZ EIRELI","MONTIVIDIU - GO","AREIA, MINÉRIO DE OURO","Industrial, Industrial","Sim"
"Gerência Regional / GO","860404/2004","Requerimento de Autorização de Pesquisa","Requerimento de Lavra","08.164.804/0001-38","LMF IRMAOS EXTRACAO COMERCIO E TRANSPORTE DE AREIA LTDA","PIRES DO RIO - GO, URUTAÍ - GO","AREIA, CASCALHO","Industrial, Industrial","Sim"
"Gerência Regional / GO","860805/2023","Requerimento de Cessão parcial","Requerimento de Lavra","05.036.167/0001-26","SEBA COMERCIO E INDUSTRIA LTDA","CORUMBAÍBA - GO, IPAMERI - GO","AREIA","Construção civil","Sim"
"Gerência Regional / GO","860774/2016","Requerimento de Autorização de Pesquisa","Requerimento de Lavra","05.036.167/0001-26","SEBA COMERCIO E INDUSTRIA LTDA","CALDAS NOVAS - GO, CORUMBAÍBA - GO, IPAMERI - GO","AREIA","Construção civil","Sim"
"Gerência Regional / GO","861555/2011","Requerimento de Autorização de Pesquisa","Requerimento de Lavra","05.036.167/0001-26","SEBA COMERCIO E INDUSTRIA LTDA","CALDAS NOVAS - GO, IPAMERI - GO","AREIA, MINÉRIO DE OURO","Construção civil, Industrial","Sim"
"Gerência Regional / GO","861550/2011","Requerimento de Autorização de Pesquisa","Requerimento de Lavra","05.036.167/0001-26","SEBA COMERCIO E INDUSTRIA LTDA","CALDAS NOVAS - GO, IPAMERI - GO","AREIA, MINÉRIO DE OURO","Construção civil, Industrial","Sim"
"Gerência Regional / GO","860902/2013","Requerimento de Cessão parcial","Requerimento de Lavra","05.036.167/0001-26","SEBA COMERCIO E INDUSTRIA LTDA","CALDAS NOVAS - GO, IPAMERI - GO","AREIA","Construção civil","Sim"
"Gerência Regional / GO","861500/2014","Requerimento de Disponibilidade para pesquisa","Requerimento de Lavra","73.956.088/0001-93","ZEUS MINERACAO LTDA","CAVALCANTE - GO","MINÉRIO DE MANGANÊS","Industrial","Sim"
"Gerência Regional / GO","861340/2021","Requerimento de Lavra - Leilão","Requerimento de Lavra","03.910.327/0001-99","PEDREIRA RIO CLARO LTDA","JATAÍ - GO","BASALTO","Brita","Sim"
"Gerência Regional / GO","860505/2014","Requerimento de Disponibilidade para pesquisa","Requerimento de Lavra","04.596.259/0001-06","MINERACAO CAPA BRANCA LTDA","RIO VERDE - GO","CALCÁRIO, CALCÁRIO CALCÍTICO","Corretivo de solo, Corretivo de solo","Sim"
"Gerência Regional / GO","861420/2015","Requerimento de Disponibilidade para lavra","Requerimento de Lavra","05.195.728/0001-30","CORCOVADO GRANITOS LTDA","NOVA ROMA - GO","QUARTZITO","Industrial","Sim"
"Gerência Regional / GO","860833/2000","Requerimento de Autorização de Pesquisa","Requerimento de Lavra","05.284.606/0001-10","PLANALTO EXTRACAO DE AREIA LTDA","PLANALTINA - GO","AREIA","Construção civil","Sim"
"Gerência Regional / GO","861496/2014","Requerimento de Disponibilidade para lavra","Requerimento de Lavra","05.979.543/0001-16","PEDREIRA ANAPOLIS LTDA","NERÓPOLIS - GO","GRANITO","Construção civil","Sim"
"Gerência Regional / GO","860984/2007","Requerimento de Autorização de Pesquisa","Requerimento de Lavra","05.947.648/0001-93","Consórcio Marins Pavotec","URUAÇU - GO","GNAISSE","Revestimento","Sim"
"Gerência Regional / GO","861365/2009","Requerimento de Cessão parcial","Requerimento de Lavra","06.220.490/0001-18","Calcario Uruaçu Ltda","URUAÇU - GO","CALCÁRIO DOLOMÍTICO, MINÉRIO DE CHUMBO, MINÉRIO DE ZINCO","Corretivo de solo, Industrial, Industrial","Sim"
"Gerência Regional / GO","860688/2006","Requerimento de Autorização de Pesquisa","Requerimento de Lavra","05.778.572/0001-10","COMERCIO VAREJISTA E ATACADISTA DE MATERIAIS DE CONSTRUCAO LTDA","JATAÍ - GO","AREIA, DIAMANTE, MINÉRIO DE OURO","Construção civil, Industrial, Industrial","Sim"
"Gerência Regional / GO","860803/2023","Requerimento de Cessão parcial","Requerimento de Lavra","***.133.661-**","SEBASTIAO VIEIRA SOBRINHO","CORUMBAÍBA - GO, IPAMERI - GO","AREIA","Construção civil","Sim"
"Gerência Regional / GO","860946/2011","Requerimento de Autorização de Pesquisa","Requerimento de Lavra","06.293.722/0002-49","MRC - MINERADORA RIO CLARO EIRELI","FAZENDA NOVA - GO","GRANITO","Revestimento","Sim"
"Gerência Regional / GO","861553/2010","Requerimento de Autorização de Pesquisa","Requerimento de Lavra","18.592.147/0001-83","CERAMICA SOLAR LTDA","CUMARI - GO","ARGILA","Cerâmica vermelha","Sim"
"Gerência Regional / GO","860948/2016","Requerimento de Cessão parcial","Requerimento de Lavra","04.693.661/0001-09","Areia São Jose Extração, Comércio e Transporte Ltda Me","CACHOEIRA DOURADA - MG, ITUMBIARA - GO","AREIA","Construção civil","Sim"
"Gerência Regional / GO","862112/2011","Requerimento de Disponibilidade para pesquisa","Requerimento de Lavra","07.439.248/0001-00","Rony Felix Rodovalho Me","ABADIA DOS DOURADOS - MG, DAVINÓPOLIS - GO","AREIA, CASCALHO, DIAMANTE","Construção civil, Construção civil, Gema","Sim"
"Gerência Regional / GO","860483/2016","Requerimento de Autorização de Pesquisa","Requerimento de Lavra","37.291.887/0001-24","VITACAL COMERCIO E REPRESENTACOES LIMITADA","INDIARA - GO","CALCÁRIO, FOSFATO, MÁRMORE","Fabricação de cimento, Fertilizantes, Industrial","Sim"
"Gerência Regional / GO","862175/2005","Requerimento de Autorização de Pesquisa","Requerimento de Lavra","03.333.398/0001-76","P Z AREIA E TRANSPORTE EIRELI","SILVÂNIA - GO, VIANÓPOLIS - GO","AREIA, MINÉRIO DE OURO","Construção civil, Industrial","Sim"
"Gerência Regional / GO","860175/2004","Requerimento de Autorização de Pesquisa","Requerimento de Lavra","***.390.201-**","LUIZ HUMBERTO DE OLIVEIRA","VICENTINÓPOLIS - GO","BASALTO","Revestimento","Sim"
"Gerência Regional / GO","862767/2008","Requerimento de Autorização de Pesquisa","Requerimento de Lavra","04.484.476/0001-04","José Leomar e Iracimar Ltda","CUMARI - GO","AREIA","Construção civil","Sim"
"Gerência Regional / GO","861529/2014","Requerimento de Cessão parcial","Requerimento de Lavra","04.683.156/0001-75","Sulamericana Mineracao e Comercial Ltda ","CORUMBÁ DE GOIÁS - GO","QUARTZITO","Revestimento","Sim"
"Gerência Regional / GO","860276/2002","Requerimento de Autorização de Pesquisa","Requerimento de Lavra","04.656.140/0001-73","RS TREINAMENTO E CONSULTORIA LTDA","PIRENÓPOLIS - GO","MINÉRIO DE OURO","Industrial","Sim"
"Gerência Regional / GO","861522/2005","Requerimento de Autorização de Pesquisa","Requerimento de Lavra","37.291.887/0002-05","VITACAL COMÉRCIO E REPRESENTAÇÕES LTDA","INDIARA - GO","CALCÁRIO, MINÉRIO DE TITÂNIO","Brita, Industrial","Sim"
"Gerência Regional / GO","860338/2005","Requerimento de Autorização de Pesquisa","Requerimento de Lavra","***.582.281-**","Cícero José Gomes","PIRACANJUBA - GO, PROFESSOR JAMIL - GO","AREIA","Construção civil","Sim"
"Gerência Regional / GO","862791/2008","Requerimento de Autorização de Pesquisa","Requerimento de Lavra","07.068.217/0001-82","AREIA RIO BRANCO","DAVINÓPOLIS - GO, OUVIDOR - GO","AREIA, CASCALHO, DIAMANTE","Construção civil, Construção civil, Gema","Sim"
"Gerência Regional / GO","860831/2018","Requerimento de Cessão parcial","Requerimento de Lavra","05.695.212/0001-54","MINERAÇÃO & TRANSPORTE NOSSA SENHORA APARECIDA LTDA","CAÇU - GO, SANTA VITÓRIA - MG","AREIA","Construção civil","Sim"
"Gerência Regional / GO","860374/2012","Requerimento de Disponibilidade para lavra","Requerimento de Lavra","07.478.600/0001-09","CERAMIKALYS INDUSTRIA CERAMICA E COMERCIO LTDA","ÁGUAS LINDAS DE GOIÁS - GO, COCALZINHO DE GOIÁS - GO, PADRE BERNARDO - GO","AREIA, ARGILA REFRATÁRIA, MINÉRIO DE OURO","Construção civil, Industrial, Industrial","Sim"
"Gerência Regional / GO","861815/2005","Requerimento de Autorização de Pesquisa","Requerimento de Lavra","04.394.591/0001-80","CONCRETA BRITAS LTDA","CALDAS NOVAS - GO","MINÉRIO DE OURO, XISTO","Brita, Industrial","Sim"
"Gerência Regional / GO","860619/1998","Requerimento de Lavra Garimpeira","Requerimento de Lavra","05.163.702/0001-00","MG MINERACAO GREEN GOLD EIRELI","CRISTALINA - GO","AREIA, QUARTZO","Construção civil, Industrial","Sim"
"Gerência Regional / GO","861745/2010","Requerimento de Cessão parcial","Requerimento de Lavra","70.997.689/0001-56","Dleon Mineradora Ltda EPP","ABADIA DE GOIÁS - GO","GRANITO, GRANULITO","Brita, Brita","Sim"
"Gerência Regional / GO","860458/2005","Requerimento de Autorização de Pesquisa","Requerimento de Lavra","07.282.674/0001-75","AREIA SAO TOMAZ EIRELI","RIO VERDE - GO","AREIA","Construção civil","Sim"
"Gerência Regional / GO","860875/2006","Requerimento de Autorização de Pesquisa","Requerimento de Lavra","08.164.804/0001-38","LMF IRMAOS EXTRACAO COMERCIO E TRANSPORTE DE AREIA LTDA","PIRES DO RIO - GO, URUTAÍ - GO","AREIA, CASCALHO","Construção civil, Construção civil","Sim"
"Gerência Regional / GO","860367/2005","Requerimento de Autorização de Pesquisa","Requerimento de Lavra","08.217.604/0001-04","ALMEIDA E BARBOSA DE OLIVEIRA","GOIANDIRA - GO","AREIA, CASCALHO, DIAMANTE INDUSTRIAL","Construção civil, Construção civil, Industrial","Sim"
"Gerência Regional / GO","860896/2013","Requerimento de Cessão parcial","Requerimento de Lavra","05.036.167/0001-26","SEBA COMERCIO E INDUSTRIA LTDA","CALDAS NOVAS - GO, IPAMERI - GO","AREIA","Construção civil","Sim"
"Gerência Regional / GO","860737/2006","Requerimento de Autorização de Pesquisa","Requerimento de Lavra","09.000.843/0001-62","Seven Gold Mineração Indústria e Comércio Ltda","CAVALCANTE - GO","MINÉRIO DE OURO","Industrial","Sim"
"Gerência Regional / GO","861019/2015","Requerimento de Disponibilidade para lavra","Requerimento de Lavra","02.425.116/0001-06","Orca Construtora Ltda.","COCALZINHO DE GOIÁS - GO","CALCÁRIO","Demais substâncias","Sim"
"Gerência Regional / GO","860383/2009","Requerimento de Autorização de Pesquisa","Requerimento de Lavra","73.956.088/0001-93","ZEUS MINERACAO LTDA","CAVALCANTE - GO","MINÉRIO DE MANGANÊS","Industrial","Sim"
"Gerência Regional / GO","861248/2011","Requerimento de Autorização de Pesquisa","Requerimento de Lavra","03.888.604/0001-04","MINERADORA DE CALCARIO SERRA DOURADA LTDA","TRINDADE - GO","GNAISSE, MINÉRIO DE OURO","Brita, Industrial","Sim"
"Gerência Regional / GO","860325/2010","Requerimento de Autorização de Pesquisa","Requerimento de Lavra","02.377.287/0001-07","MINAS RIO MINERADORA LTDA","NIQUELÂNDIA - GO","BAUXITA","Industrial","Sim"
"Gerência Regional / GO","860209/2012","Requerimento de Autorização de Pesquisa","Requerimento de Lavra","02.377.287/0001-07","MINAS RIO MINERADORA LTDA","BARRO ALTO - GO","ARGILA, BAUXITA","Industrial, Industrial","Sim"
"Gerência Regional / GO","862132/2011","Requerimento de Disponibilidade para pesquisa","Requerimento de Lavra","02.377.287/0001-07","MINAS RIO MINERADORA LTDA","BARRO ALTO - GO","ARGILA, MINÉRIO DE ALUMÍNIO","Industrial, Industrial","Sim"
"Gerência Regional / GO","862130/2011","Requerimento de Disponibilidade para pesquisa","Requerimento de Lavra","02.377.287/0001-07","MINAS RIO MINERADORA LTDA","BARRO ALTO - GO, SANTA RITA DO NOVO DESTINO - GO","ARGILA, MINÉRIO DE ALUMÍNIO","Industrial, Industrial","Sim"
"Gerência Regional / GO","862129/2011","Requerimento de Disponibilidade para pesquisa","Requerimento de Lavra","02.377.287/0001-07","MINAS RIO MINERADORA LTDA","BARRO ALTO - GO","ARGILA","Industrial","Sim"
"Gerência Regional / GO","861260/2021","Requerimento de Lavra - Leilão","Requerimento de Lavra","02.377.287/0001-07","MINAS RIO MINERADORA LTDA","FORMOSA - GO","AREIA","Construção civil","Sim"
"Gerência Regional / GO","861118/2010","Requerimento de Autorização de Pesquisa","Requerimento de Lavra","02.377.287/0001-07","MINAS RIO MINERADORA LTDA","NIQUELÂNDIA - GO","ARGILA, BAUXITA","Industrial, Industrial","Sim"
"Gerência Regional / GO","860333/2010","Requerimento de Autorização de Pesquisa","Requerimento de Lavra","02.377.287/0001-07","MINAS RIO MINERADORA LTDA","NIQUELÂNDIA - GO","BAUXITA","Industrial","Sim"
"Gerência Regional / GO","860332/2010","Requerimento de Autorização de Pesquisa","Requerimento de Lavra","02.377.287/0001-07","MINAS RIO MINERADORA LTDA","NIQUELÂNDIA - GO","BAUXITA","Industrial","Sim"
"Gerência Regional / GO","860331/2010","Requerimento de Autorização de Pesquisa","Requerimento de Lavra","02.377.287/0001-07","MINAS RIO MINERADORA LTDA","NIQUELÂNDIA - GO","BAUXITA","Industrial","Sim"
"Gerência Regional / GO","860330/2010","Requerimento de Autorização de Pesquisa","Requerimento de Lavra","02.377.287/0001-07","MINAS RIO MINERADORA LTDA","NIQUELÂNDIA - GO","ARGILA, BAUXITA","Industrial, Industrial","Sim"
"Gerência Regional / GO","860329/2010","Requerimento de Autorização de Pesquisa","Requerimento de Lavra","02.377.287/0001-07","MINAS RIO MINERADORA LTDA","NIQUELÂNDIA - GO","ARGILA, BAUXITA","Industrial, Industrial","Sim"
"Gerência Regional / GO","860328/2010","Requerimento de Autorização de Pesquisa","Requerimento de Lavra","02.377.287/0001-07","MINAS RIO MINERADORA LTDA","NIQUELÂNDIA - GO","ARGILA, BAUXITA","Industrial, Industrial","Sim"
"Gerência Regional / GO","860327/2010","Requerimento de Autorização de Pesquisa","Requerimento de Lavra","02.377.287/0001-07","MINAS RIO MINERADORA LTDA","NIQUELÂNDIA - GO","ARGILA, BAUXITA","Industrial, Industrial","Sim"
"Gerência Regional / GO","860859/2003","Requerimento de Autorização de Pesquisa","Requerimento de Lavra","07.255.397/0001-01","Mineradora Invi Ltda","SANTA FÉ DE GOIÁS - GO","MINÉRIO DE COBALTO, MINÉRIO DE NÍQUEL","Industrial, Metalurgia","Sim"
"Gerência Regional / GO","860858/2003","Requerimento de Autorização de Pesquisa","Requerimento de Lavra","07.255.397/0001-01","Mineradora Invi Ltda","SANTA FÉ DE GOIÁS - GO","MINÉRIO DE COBALTO, MINÉRIO DE NÍQUEL","Industrial, Metalurgia","Sim"
"Gerência Regional / GO","861150/2003","Requerimento de Autorização de Pesquisa","Requerimento de Lavra","07.255.397/0001-01","Mineradora Invi Ltda","IPORÁ - GO","MINÉRIO DE COBALTO, MINÉRIO DE NÍQUEL","Industrial, Metalurgia","Sim"
"Gerência Regional / GO","861149/2003","Requerimento de Autorização de Pesquisa","Requerimento de Lavra","07.255.397/0001-01","Mineradora Invi Ltda","DIORAMA - GO, JAUPACI - GO","MINÉRIO DE COBALTO, MINÉRIO DE NÍQUEL","Industrial, Metalurgia","Sim"
"Gerência Regional / GO","861049/2003","Requerimento de Autorização de Pesquisa","Requerimento de Lavra","07.255.397/0001-01","Mineradora Invi Ltda","IPORÁ - GO","MINÉRIO DE COBALTO, MINÉRIO DE NÍQUEL","Industrial, Metalurgia","Sim"
"Gerência Regional / GO","860969/2003","Requerimento de Autorização de Pesquisa","Requerimento de Lavra","07.255.397/0001-01","Mineradora Invi Ltda","JUSSARA - GO, MONTES CLAROS DE GOIÁS - GO","MINÉRIO DE COBALTO, MINÉRIO DE NÍQUEL","Industrial, Metalurgia","Sim"
"Gerência Regional / GO","862810/2008","Requerimento de Autorização de Pesquisa","Requerimento de Lavra","76.381.482/0001-39","EMPREITEIRA MOTTA JUNIOR LTDA","TURVÂNIA - GO","ARGILA","Industrial","Sim"
"Gerência Regional / GO","861059/2016","Requerimento de Autorização de Pesquisa","Requerimento de Lavra","08.062.183/0001-81","PEGRAN MINERACAO LTDA","GUARANI DE GOIÁS - GO, SÃO DOMINGOS - GO","MÁRMORE","Revestimento","Sim"
"Gerência Regional / GO","861335/2004","Requerimento de Autorização de Pesquisa","Requerimento de Lavra","05.729.750/0001-12","Brazil Quartzite Stone Mineração Ltda","JATAÍ - GO","QUARTZITO","Revestimento","Sim"
"Gerência Regional / GO","860407/1991","Requerimento de Autorização de Pesquisa","Requerimento de Lavra","05.729.750/0001-12","Brazil Quartzite Stone Mineração Ltda","JATAÍ - GO","QUARTZITO","Demais substâncias","Sim"
"Gerência Regional / GO","860615/2021","Requerimento de Lavra - Oferta Pública","Requerimento de Lavra","07.912.650/0001-52","UNIAO BRASILEIRA DE MINERACAO LTDA.","APARECIDA DE GOIÂNIA - GO","MICAXISTO","Demais substâncias","Sim"
"Gerência Regional / GO","860704/2021","Requerimento de Lavra - Leilão","Requerimento de Lavra","08.017.520/0001-19","RIO DO MOURA PESQUISA E EXTRACAO MINERAL LTDA","SANTA TEREZINHA DE GOIÁS - GO","CIANITA","Demais substâncias","Sim"
"Gerência Regional / GO","861734/2011","Requerimento de Autorização de Pesquisa","Requerimento de Lavra","08.665.973/0001-51","MARCOS PAULO FERREIRA","NIQUELÂNDIA - GO","AREIA, CASCALHO","Construção civil, Construção civil","Sim"
"Gerência Regional / GO","861207/2010","Requerimento de Autorização de Pesquisa","Requerimento de Lavra","09.167.564/0001-98","LGV MINERACAO LTDA","VILA PROPÍCIO - GO","CALCÁRIO DOLOMÍTICO, FILITO","Corretivo de solo, Industrial","Sim"
"Gerência Regional / GO","860895/2010","Requerimento de Autorização de Pesquisa","Requerimento de Lavra","09.167.564/0001-98","LGV MINERACAO LTDA","GAMELEIRA DE GOIÁS - GO","ILMENITA, QUARTZITO","Brita, Industrial","Sim"
"Gerência Regional / GO","861605/2013","Requerimento de Cessão parcial","Requerimento de Lavra","09.167.564/0001-98","LGV MINERACAO LTDA","GAMELEIRA DE GOIÁS - GO","QUARTZITO","Industrial","Sim"
"Gerência Regional / GO","861604/2013","Requerimento de Cessão parcial","Requerimento de Lavra","09.167.564/0001-98","LGV MINERACAO LTDA","GAMELEIRA DE GOIÁS - GO","QUARTZITO","Industrial","Sim"
"Gerência Regional / GO","860622/2014","Requerimento de Autorização de Pesquisa","Requerimento de Lavra","03.888.604/0001-04","MINERADORA DE CALCARIO SERRA DOURADA LTDA","JUSSARA - GO","GRANITO","Brita","Sim"
"Gerência Regional / GO","860259/2017","Requerimento de Autorização de Pesquisa","Requerimento de Lavra","05.680.495/0001-60","Igeologia Serviços de Mão de Obra e Representações Ltda.","PONTALINA - GO","MINÉRIO DE NÍQUEL, SERPENTINITO","Industrial, Industrial","Sim"
"Gerência Regional / GO","860326/2010","Requerimento de Autorização de Pesquisa","Requerimento de Lavra","02.377.287/0001-07","MINAS RIO MINERADORA LTDA","NIQUELÂNDIA - GO","ARGILA, BAUXITA, BAUXITA","Abrasivo, Industrial, Industrial","Sim"
"Gerência Regional / GO","860968/2003","Requerimento de Autorização de Pesquisa","Requerimento de Lavra","07.255.397/0001-01","Mineradora Invi Ltda","JUSSARA - GO, MONTES CLAROS DE GOIÁS - GO","MINÉRIO DE COBALTO, MINÉRIO DE NÍQUEL","Industrial, Metalurgia","Sim"
"Gerência Regional / GO","861336/2004","Requerimento de Autorização de Pesquisa","Requerimento de Lavra","05.729.750/0001-12","Brazil Quartzite Stone Mineração Ltda","JATAÍ - GO","QUARTZITO","Revestimento","Sim"
"Gerência Regional / GO","860643/2012","Requerimento de Mudança de Regime para Aut. de Pesquisa","Requerimento de Lavra","07.151.296/0001-90","LÍDER DISTRIBUIDORA DE AREIA LTDA","PIRACANJUBA - GO","AREIA, CASCALHO","Construção civil, Construção civil","Sim"
"Gerência Regional / GO","809177/1972","Requerimento de Autorização de Pesquisa","Requerimento de Lavra","04.841.067/0001-00","UIRAPURU MINERACAO LTDA","OUVIDOR - GO","VERMICULITA","Demais substâncias","Sim"
"Gerência Regional / GO","861067/2016","Requerimento de Disponibilidade para lavra","Requerimento de Lavra","06.635.659/0001-09","MARGEM COMPANHIA DE MINERACAO","ANICUNS - GO","CALCÁRIO","Industrial","Sim"
"Gerência Regional / GO","861337/2010","Requerimento de Autorização de Pesquisa","Requerimento de Lavra","02.511.338/0001-33","Empresas Fm Agropecuaria, Industria, Comercio e Servicos Ltda","JARAGUÁ - GO","AREIA, CASCALHO, MINÉRIO DE OURO","Construção civil, Construção civil, Industrial","Sim"
"Gerência Regional / GO","861876/2010","Requerimento de Cessão parcial","Requerimento de Lavra","08.665.973/0001-51","MARCOS PAULO FERREIRA","NIQUELÂNDIA - GO","AREIA, CASCALHO, MINÉRIO DE OURO","Construção civil, Construção civil, Industrial","Sim"
"Gerência Regional / GO","861429/2010","Requerimento de Autorização de Pesquisa","Requerimento de Lavra","08.842.895/0003-85","SERRA VERDE PESQUISA E MINERACAO LTDA","MINAÇU - GO","TERRAS RARAS","Industrial","Sim"
"Gerência Regional / GO","860634/2009","Requerimento de Mudança de Regime para Aut. de Pesquisa","Requerimento de Lavra","33.360.157/0001-87","Sebastião Gouveia Assis Me","JATAÍ - GO","ARGILA","Cerâmica vermelha","Sim"
"Gerência Regional / GO","861208/2010","Requerimento de Autorização de Pesquisa","Requerimento de Lavra","09.167.564/0001-98","LGV MINERACAO LTDA","NIQUELÂNDIA - GO","CALCÁRIO DOLOMÍTICO, FILITO","Corretivo de solo, Industrial","Sim"
"Gerência Regional / GO","808538/1970","Requerimento de Autorização de Pesquisa","Requerimento de Lavra","09.433.698/0001-03","Companhia Niquel Santa Fé","JUSSARA - GO","MINÉRIO DE NÍQUEL","Industrial","Sim"
"Gerência Regional / GO","806139/1973","Requerimento de Autorização de Pesquisa","Requerimento de Lavra","09.433.698/0001-03","Companhia Niquel Santa Fé","JUSSARA - GO","MINÉRIO DE NÍQUEL","Industrial","Sim"
"Gerência Regional / GO","815117/1969","Requerimento de Autorização de Pesquisa","Requerimento de Lavra","09.433.698/0001-03","Companhia Niquel Santa Fé","IPORÁ - GO, ISRAELÂNDIA - GO","NÍQUEL","Demais substâncias","Sim"
"Gerência Regional / GO","815116/1969","Requerimento de Autorização de Pesquisa","Requerimento de Lavra","09.433.698/0001-03","Companhia Niquel Santa Fé","IPORÁ - GO","NÍQUEL","Demais substâncias","Sim"
"Gerência Regional / GO","815113/1969","Requerimento de Autorização de Pesquisa","Requerimento de Lavra","09.433.698/0001-03","Companhia Niquel Santa Fé","IPORÁ - GO","NÍQUEL","Demais substâncias","Sim"
"Gerência Regional / GO","809032/1968","Requerimento de Autorização de Pesquisa","Requerimento de Lavra","09.433.698/0001-03","Companhia Niquel Santa Fé","JUSSARA - GO","MINÉRIO DE NÍQUEL","Industrial","Sim"
"Gerência Regional / GO","808541/1970","Requerimento de Autorização de Pesquisa","Requerimento de Lavra","09.433.698/0001-03","Companhia Niquel Santa Fé","JUSSARA - GO","MINÉRIO DE NÍQUEL","Industrial","Sim"
"Gerência Regional / GO","860684/2004","Requerimento de Autorização de Pesquisa","Requerimento de Lavra","04.317.119/0001-43","MINERADORA AMERICAL LTDA - EPP","POSSE - GO","MINÉRIO DE OURO","Industrial","Sim"
"Gerência Regional / GO","860552/2011","Requerimento de Autorização de Pesquisa","Requerimento de Lavra","04.317.119/0001-43","MINERADORA AMERICAL LTDA - EPP","POSSE - GO","CALCÁRIO, CALCÁRIO, CALCÁRIO","Brita, Corretivo de solo, Fabricação de cal","Sim"
"Gerência Regional / GO","861388/2010","Requerimento de Autorização de Pesquisa","Requerimento de Lavra","04.317.119/0001-43","MINERADORA AMERICAL LTDA - EPP","IACIARA - GO","CALCÁRIO, CALCÁRIO CALCÍTICO, CALCÁRIO CALCÍTICO","Corretivo de solo, Fabricação de cal, Fabricação de cimento","Sim"
"Gerência Regional / GO","861386/2010","Requerimento de Autorização de Pesquisa","Requerimento de Lavra","04.317.119/0001-43","MINERADORA AMERICAL LTDA - EPP","IACIARA - GO","CALCÁRIO, CALCÁRIO CALCÍTICO, CALCÁRIO CALCÍTICO","Corretivo de solo, Fabricação de cal, Fabricação de cimento","Sim"
"Gerência Regional / GO","861236/2014","Requerimento de Disponibilidade para pesquisa","Requerimento de Lavra","04.317.119/0001-43","MINERADORA AMERICAL LTDA - EPP","POSSE - GO","CALCÁRIO, CALCÁRIO, CALCÁRIO","Brita, Corretivo de solo, Fabricação de cimento","Sim"
"Gerência Regional / GO","860977/2013","Requerimento de Cessão parcial","Requerimento de Lavra","10.416.169/0001-80","MINERACAO RIO CLARO LTDA","IVOLÂNDIA - GO, PALESTINA DE GOIÁS - GO","AREIA","Construção civil","Sim"
"Gerência Regional / GO","860976/2013","Requerimento de Cessão parcial","Requerimento de Lavra","10.416.169/0001-80","MINERACAO RIO CLARO LTDA","IVOLÂNDIA - GO, PALESTINA DE GOIÁS - GO","AREIA","Construção civil","Sim"
"Gerência Regional / GO","861252/2012","Requerimento de Autorização de Pesquisa","Requerimento de Lavra","09.248.567/0001-56","PEDREIRA PEDRA NEGRA LTDA","TRINDADE - GO","ARGILA, GRANITO","Brita, Industrial","Sim"
"Gerência Regional / GO","860073/2009","Requerimento de Autorização de Pesquisa","Requerimento de Lavra","03.655.318/0001-07","OURO PRETO MINERACAO DE BRITA LTDA","INDIARA - GO","GNAISSE, MINÉRIO DE OURO","Brita, Industrial","Sim"
"Gerência Regional / GO","860650/2001","Requerimento de Autorização de Pesquisa","Requerimento de Lavra","10.699.485/0001-07","Edeiacal Mineração Ltda.","EDÉIA - GO","CALCÁRIO DOLOMÍTICO","Demais substâncias","Sim"
"Gerência Regional / GO","861459/2024","Requerimento de Lavra - Leilão","Requerimento de Lavra","10.725.916/0001-62","MINERACAO BATALHA E PARTICIPACOES LTDA","ANICUNS - GO","MINÉRIO DE OURO","Industrial","Sim"
"Gerência Regional / GO","860666/2010","Requerimento de Autorização de Pesquisa","Requerimento de Lavra","10.608.965/0001-15","Mw Mineradora & Transportadora Ltda","HIDROLINA - GO, SÃO LUIZ DO NORTE - GO","AREIA, CASCALHO, MINÉRIO DE OURO","Construção civil, Construção civil, Industrial","Sim"
"Gerência Regional / MG","831426/2017","Requerimento de Autorização de Pesquisa","Requerimento de Lavra","10.952.209/0001-09","GL MINERACAO LTDA","CACHOEIRA DOURADA - GO, CACHOEIRA DOURADA - MG","AREIA, CASCALHO, DIAMANTE, MINÉRIO DE OURO","Construção civil, Construção civil, Industrial, Industrial","Sim"
"Gerência Regional / GO","860962/2004","Requerimento de Autorização de Pesquisa","Requerimento de Lavra","11.831.626/0001-66","Mineração Caulim Rio Santa Tereza Ltda EPP","SANTA TEREZA DE GOIÁS - GO","CAULIM","Industrial","Sim"
"Gerência Regional / GO","860175/2004","Requerimento de Autorização de Pesquisa","Requerimento de Lavra","37.021.524/0001-79","LUIZ HUMBERTO DE OLIVEIRA","VICENTINÓPOLIS - GO","BASALTO","Revestimento","Sim"
"Gerência Regional / GO","861746/2011","Requerimento de Autorização de Pesquisa","Requerimento de Lavra","37.021.524/0001-79","LUIZ HUMBERTO DE OLIVEIRA","GOIATUBA - GO, JOVIÂNIA - GO","BASALTO, MINÉRIO DE OURO","Industrial, Revestimento","Sim"
"Gerência Regional / GO","860462/2011","Requerimento de Cessão parcial","Requerimento de Lavra","10.274.535/0001-04","Ricardo Luiz de Morais Lobo","CORUMBÁ DE GOIÁS - GO, PIRENÓPOLIS - GO","AREIA, MINÉRIO DE OURO","Construção civil, Industrial","Sim"
"Gerência Regional / GO","860319/2010","Requerimento de Autorização de Pesquisa","Requerimento de Lavra","05.063.914/0001-15","Kanopus Mineradora Ltda Me","SILVÂNIA - GO, VIANÓPOLIS - GO","AREIA","Construção civil","Sim"
"Gerência Regional / GO","860098/2015","Requerimento de Autorização de Pesquisa","Requerimento de Lavra","11.857.678/0001-01","BL-EXTRACAO DE AREIA LTDA","PIRACANJUBA - GO","AREIA, CASCALHO","Construção civil, Construção civil","Sim"
"Gerência Regional / GO","860097/2015","Requerimento de Autorização de Pesquisa","Requerimento de Lavra","11.857.678/0001-01","BL-EXTRACAO DE AREIA LTDA","PIRACANJUBA - GO","AREIA","Construção civil","Sim"
"Gerência Regional / GO","861043/2013","Requerimento de Autorização de Pesquisa","Requerimento de Lavra","11.857.678/0001-01","BL-EXTRACAO DE AREIA LTDA","CÓRREGO DO OURO - GO, MOIPORÁ - GO","AREIA, DIAMANTE","Construção civil, Industrial","Sim"
"Gerência Regional / GO","860210/2011","Requerimento de Autorização de Pesquisa","Requerimento de Lavra","11.857.678/0001-01","BL-EXTRACAO DE AREIA LTDA","PIRACANJUBA - GO","AREIA, CASCALHO","Construção civil, Construção civil","Sim"
"Gerência Regional / GO","860455/2008","Requerimento de Autorização de Pesquisa","Requerimento de Lavra","08.281.097/0001-60","Sri Mineração Ltda Me","JARAGUÁ - GO","AREIA, CASCALHO","Construção civil, Construção civil","Sim"
"Gerência Regional / GO","861343/2012","Requerimento de Disponibilidade para pesquisa","Requerimento de Lavra","12.770.271/0001-05","Mineradora Capital Ltda","AMARALINA - GO, UIRAPURU - GO","AREIA","Construção civil","Sim"
"Gerência Regional / GO","860236/2012","Requerimento de Autorização de Pesquisa","Requerimento de Lavra","12.770.271/0001-05","Mineradora Capital Ltda","HIDROLINA - GO, SANTA RITA DO NOVO DESTINO - GO","AREIA, CASCALHO","Construção civil, Construção civil","Sim"
"Gerência Regional / GO","861616/2012","Requerimento de Autorização de Pesquisa","Requerimento de Lavra","12.770.271/0001-05","Mineradora Capital Ltda","AMARALINA - GO, MUNDO NOVO - GO, UIRAPURU - GO","AREIA, MINÉRIO DE OURO","Construção civil, Industrial","Sim"
"Gerência Regional / GO","861345/2012","Requerimento de Disponibilidade para pesquisa","Requerimento de Lavra","12.770.271/0001-05","Mineradora Capital Ltda","AMARALINA - GO, UIRAPURU - GO","AREIA","Construção civil","Sim"
"Gerência Regional / GO","862667/2011","Requerimento de Autorização de Pesquisa","Requerimento de Lavra","12.358.813/0001-37","TP Extração Mineral Ltda. - ME","CATALÃO - GO, DAVINÓPOLIS - GO, OUVIDOR - GO","AREIA","Construção civil","Sim"
"Gerência Regional / GO","860994/2024","Requerimento de Cessão parcial","Requerimento de Lavra","13.342.485/0001-43","MINERACAO ANTONELLI LTDA","ABADIÂNIA - GO","QUARTZITO","Revestimento","Sim"
"Gerência Regional / GO","860750/2012","Requerimento de Cessão parcial","Requerimento de Lavra","03.043.463/0001-29","MINERACAO SUDOESTE E TRANSPORTADORA JUNIOR LTDA","INDIARA - GO, JANDAIA - GO","AREIA","Construção civil","Sim"
"Gerência Regional / GO","860699/2013","Requerimento de Disponibilidade para pesquisa","Requerimento de Lavra","13.568.566/0001-66","MINERACAO GNB LTDA","FAINA - GO","CALCÁRIO CALCÍTICO","Corretivo de solo","Sim"
"Gerência Regional / GO","860674/2021","Requerimento de Pesquisa - Leilão","Requerimento de Lavra","13.568.566/0001-66","MINERACAO GNB LTDA","FAINA - GO","MINÉRIO DE OURO","Industrial","Sim"
"Gerência Regional / GO","860488/2018","Requerimento de Cessão parcial","Requerimento de Lavra","13.568.566/0001-66","MINERACAO GNB LTDA","ARENÓPOLIS - GO","GABRO","Revestimento","Sim"
"Gerência Regional / GO","860175/2012","Requerimento de Disponibilidade para lavra","Requerimento de Lavra","13.568.566/0001-66","MINERACAO GNB LTDA","TROMBAS - GO","CAULIM","Demais substâncias","Sim"
"Gerência Regional / GO","862520/2011","Requerimento de Disponibilidade para pesquisa","Requerimento de Lavra","13.568.566/0001-66","MINERACAO GNB LTDA","FAINA - GO","CALCÁRIO CALCÍTICO, CALCÁRIO DOLOMÍTICO","Corretivo de solo, Corretivo de solo","Sim"
"Gerência Regional / GO","861455/2010","Requerimento de Autorização de Pesquisa","Requerimento de Lavra","97.548.268/0001-02","Sandelf Industria Mineradora Ltda","FORMOSA - GO","CALCÁRIO, QUARTZITO","Brita, Fabricação de cimento","Sim"
"Gerência Regional / GO","861519/2011","Requerimento de Cessão parcial","Requerimento de Lavra","97.548.268/0001-02","Sandelf Industria Mineradora Ltda","FORMOSA - GO","QUARTZITO","Brita","Sim"
"Gerência Regional / GO","808540/1970","Requerimento de Autorização de Pesquisa","Requerimento de Lavra","09.433.698/0001-03","Companhia Niquel Santa Fé","JUSSARA - GO","MINÉRIO DE NÍQUEL","Industrial","Sim"
"Gerência Regional / GO","860969/2010","Requerimento de Cessão parcial","Requerimento de Lavra","04.317.119/0001-43","MINERADORA AMERICAL LTDA - EPP","POSSE - GO","CALCÁRIO, CALCÁRIO, CALCÁRIO, MINÉRIO DE OURO","Brita, Corretivo de solo, Fabricação de cal, Industrial","Sim"
"Gerência Regional / GO","861610/2010","Requerimento de Autorização de Pesquisa","Requerimento de Lavra","10.416.169/0001-80","MINERACAO RIO CLARO LTDA","IVOLÂNDIA - GO","AREIA, CASCALHO, DIAMANTE","Construção civil, Construção civil, Industrial","Sim"
"Gerência Regional / GO","860610/2007","Requerimento de Autorização de Pesquisa","Requerimento de Lavra","08.869.447/0001-03","D & S DISTRIBUIDORA DE AREIA LTDA","PIRENÓPOLIS - GO","AREIA, MINÉRIO DE OURO","Construção civil, Industrial","Sim"
"Gerência Regional / GO","862825/2008","Requerimento de Cessão parcial","Requerimento de Lavra","10.269.155/0001-81","PORTO BELO AREIA E CASCALHO LTDA","CIDADE OCIDENTAL - GO, CRISTALINA - GO","AREIA","Construção civil","Sim"
"Gerência Regional / GO","860699/2011","Requerimento de Cessão parcial","Requerimento de Lavra","03.655.318/0001-07","OURO PRETO MINERACAO DE BRITA LTDA","INDIARA - GO","GNAISSE, GRANITO, MINÉRIO DE OURO","Brita, Brita, Industrial","Sim"
"Gerência Regional / GO","861359/2006","Requerimento de Autorização de Pesquisa","Requerimento de Lavra","08.784.926/0001-27","Ds Godinho","PIRENÓPOLIS - GO","QUARTZITO","Pedra de talhe","Sim"
"Gerência Regional / GO","860190/2018","Requerimento de Autorização de Pesquisa","Requerimento de Lavra","***.424.148-**","EDUARDO FABRETTI DE CAMPOS","SANTO ANTÔNIO DO DESCOBERTO - GO","QUARTZITO","Industrial","Sim"
"Gerência Regional / GO","861286/2009","Requerimento de Cessão parcial","Requerimento de Lavra","10.642.804/0001-48","KF MINERACAO & TRANSPORTE LTDA","NOVA GLÓRIA - GO, SANTA ISABEL - GO","AREIA, MINÉRIO DE OURO","Construção civil, Industrial","Sim"
"Gerência Regional / GO","861754/2008","Requerimento de Autorização de Pesquisa","Requerimento de Lavra","04.093.361/0001-80","Gotabri Mineração e Transportes Ltda. Epp","AVELINÓPOLIS - GO","GNAISSE","Brita","Sim"
"Gerência Regional / GO","860152/2009","Requerimento de Autorização de Pesquisa","Requerimento de Lavra","10.725.916/0001-62","MINERACAO BATALHA E PARTICIPACOES LTDA","IPAMERI - GO","CALCÁRIO, CALCÁRIO, CALCÁRIO","Brita, Corretivo de solo, Fabricação de cal","Sim"
"Gerência Regional / GO","861013/2009","Requerimento de Cessão parcial","Requerimento de Lavra","10.608.965/0001-15","Mw Mineradora & Transportadora Ltda","HIDROLINA - GO, SÃO LUIZ DO NORTE - GO","AREIA, MINÉRIO DE OURO","Construção civil, Industrial","Sim"
"Gerência Regional / GO","861071/2009","Requerimento de Disponibilidade para lavra","Requerimento de Lavra","07.366.979/0001-65","Areia Fortaleza Ltda","CUMARI - GO","AREIA, CASCALHO","Construção civil, Construção civil","Sim"
"Gerência Regional / GO","861306/2012","Requerimento de Disponibilidade para lavra","Requerimento de Lavra","02.092.083/0001-11","Antonio Mendes Ferreira Junior F.i","GOIANÉSIA - GO, SANTA ISABEL - GO","AREIA, CASCALHO","Construção civil, Construção civil","Sim"
"Gerência Regional / GO","860469/2003","Requerimento de Autorização de Pesquisa","Requerimento de Lavra","11.101.882/0001-06","Vitória Indústria e Comércio de Água Mineral Ltda.","ANÁPOLIS - GO","ÁGUA MINERAL","Industrial","Sim"
"Gerência Regional / GO","860782/2010","Requerimento de Autorização de Pesquisa","Requerimento de Lavra","***.056.611-**","Idelbrando Cesar de Morais","FAINA - GO","AREIA, MINÉRIO DE OURO","Construção civil, Industrial","Sim"
"Gerência Regional / GO","861144/2006","Requerimento de Autorização de Pesquisa","Requerimento de Lavra","08.990.453/0001-14","BRUEN MINERACAO LTDA","JARAGUÁ - GO","AREIA, CASCALHO","Construção civil, Construção civil","Sim"
"Gerência Regional / GO","861479/2012","Requerimento de Autorização de Pesquisa","Requerimento de Lavra","11.499.461/0001-77","FIVE STAR MINERACAO LTDA.","OUVIDOR - GO","DIAMANTE","Gema","Sim"
"Gerência Regional / GO","860168/2009","Requerimento de Cessão parcial","Requerimento de Lavra","11.222.582/0001-77","ROMULO BOECHAT LOPES RAIMONDI","GOIÁS - GO, ITAPIRAPUÃ - GO","AREIA","Construção civil","Sim"
"Gerência Regional / GO","860026/2020","Requerimento de Autorização de Pesquisa","Requerimento de Lavra","***.797.371-**","LUCILEY ALVES ROSA","PARAÚNA - GO","AREIA, MINÉRIO DE OURO","Construção civil, Industrial","Sim"
"Gerência Regional / GO","862230/2008","Requerimento de Autorização de Pesquisa","Requerimento de Lavra","11.831.626/0001-66","Mineração Caulim Rio Santa Tereza Ltda EPP","SANTA TEREZA DE GOIÁS - GO","CAULIM","Industrial","Sim"
"Gerência Regional / GO","860178/2022","Requerimento de Mudança de Regime para Aut. de Pesquisa","Requerimento de Lavra","***.944.751-**","JOAO RODRIGUES DA SIVA","SÃO LUÍS DE MONTES BELOS - GO","AREIA","Construção civil","Sim"
"Gerência Regional / GO","861292/2015","Requerimento de Autorização de Pesquisa","Requerimento de Lavra","37.021.524/0001-79","LUIZ HUMBERTO DE OLIVEIRA","JOVIÂNIA - GO","BASALTO, BASALTO, BASALTO","Brita, Pedra de talhe, Revestimento","Sim"
"Gerência Regional / GO","860011/2003","Requerimento de Autorização de Pesquisa","Requerimento de Lavra","07.551.556/0001-15","AREIAL DISTRIBUIDORA E TRANSPORTE LTDA","BURITI DE GOIÁS - GO, SANCLERLÂNDIA - GO","AREIA, MINÉRIO DE OURO","Construção civil, Industrial","Sim"
"Gerência Regional / GO","861061/2013","Requerimento de Cessão parcial","Requerimento de Lavra","11.461.800/0001-26","QUARTZITI MINERADORA LTDA","CORUMBÁ DE GOIÁS - GO","AREIA, QUARTZITO, QUARTZO","Construção civil, Industrial, Industrial","Sim"
"Gerência Regional / GO","862793/2008","Requerimento de Cessão parcial","Requerimento de Lavra","10.274.535/0001-04","Ricardo Luiz de Morais Lobo","CORUMBÁ DE GOIÁS - GO","AREIA, MINÉRIO DE OURO","Construção civil, Industrial","Sim"
"Gerência Regional / GO","862290/2011","Requerimento de Autorização de Pesquisa","Requerimento de Lavra","05.063.914/0001-15","Kanopus Mineradora Ltda Me","SILVÂNIA - GO, VIANÓPOLIS - GO","AREIA","Construção civil","Sim"
"Gerência Regional / GO","860209/2011","Requerimento de Autorização de Pesquisa","Requerimento de Lavra","11.857.678/0001-01","BL-EXTRACAO DE AREIA LTDA","PIRACANJUBA - GO","AREIA, CASCALHO","Construção civil, Construção civil","Sim"
"Gerência Regional / GO","860172/2000","Requerimento de Autorização de Pesquisa","Requerimento de Lavra","03.620.630/0001-57","Mqa Mineradora Quartzo Azul Ltda","ALEXÂNIA - GO","GRANITO","Demais substâncias","Sim"
"Gerência Regional / GO","861392/2006","Requerimento de Autorização de Pesquisa","Requerimento de Lavra","08.281.097/0001-60","Sri Mineração Ltda Me","JARAGUÁ - GO, SÃO FRANCISCO DE GOIÁS - GO","AREIA","Construção civil","Sim"
"Gerência Regional / GO","861560/2010","Requerimento de Disponibilidade para lavra","Requerimento de Lavra","08.747.102/0001-87","Thama Mineração Ltda","ARAGUAPAZ - GO","GRANITO","Revestimento","Sim"
"Gerência Regional / GO","861573/2007","Requerimento de Autorização de Pesquisa","Requerimento de Lavra","11.129.862/0001-35","Mineradora Vale do Rio Verde Ltda Me","COCALZINHO DE GOIÁS - GO, PADRE BERNARDO - GO","AREIA, FILITO, MINÉRIO DE OURO","Construção civil, Industrial, Industrial","Sim"
"Gerência Regional / GO","861577/2010","Requerimento de Autorização de Pesquisa","Requerimento de Lavra","10.840.504/0001-73","ACAI INVESTIMENTOS E PARTICIPACOES LTDA","GOIANIRA - GO","GRANITO","Revestimento","Sim"
"Gerência Regional / GO","860378/1997","Requerimento de Autorização de Pesquisa","Requerimento de Lavra","05.886.573/0001-88","Ar Construtora e Mineradora Ltda","MONTE ALEGRE DE GOIÁS - GO","CASSITERITA, GRANITO","Brita, Demais substâncias","Sim"
"Gerência Regional / GO","861344/2012","Requerimento de Disponibilidade para pesquisa","Requerimento de Lavra","12.770.271/0001-05","Mineradora Capital Ltda","AMARALINA - GO, UIRAPURU - GO","AREIA","Construção civil","Sim"
"Gerência Regional / GO","861072/2024","Requerimento de Cessão parcial","Requerimento de Lavra","13.342.485/0001-43","MINERACAO ANTONELLI LTDA","ABADIÂNIA - GO","QUARTZITO","Revestimento","Sim"
"Gerência Regional / GO","860751/2012","Requerimento de Cessão parcial","Requerimento de Lavra","03.043.463/0001-29","MINERACAO SUDOESTE E TRANSPORTADORA JUNIOR LTDA","INDIARA - GO, JANDAIA - GO","AREIA","Construção civil","Sim"
"Gerência Regional / GO","862124/2007","Requerimento de Autorização de Pesquisa","Requerimento de Lavra","13.379.343/0001-50","Dragagem Vargem do Moinho Ltda","GOIATUBA - GO","AREIA","Construção civil","Sim"
"Gerência Regional / GO","862721/2008","Requerimento de Cessão parcial","Requerimento de Lavra","13.325.996/0001-57","MINERADORA AROEIRA LTDA","SILVÂNIA - GO","AREIA","Construção civil","Sim"
"Gerência Regional / GO","861017/2012","Requerimento de Disponibilidade para lavra","Requerimento de Lavra","13.568.566/0001-66","MINERACAO GNB LTDA","PILAR DE GOIÁS - GO","GNAISSE, GRANITO, MINÉRIO DE OURO","Brita, Demais substâncias, Demais substâncias","Sim"
"Gerência Regional / GO","861478/2011","Requerimento de Autorização de Pesquisa","Requerimento de Lavra","97.548.268/0001-02","Sandelf Industria Mineradora Ltda","FORMOSA - GO","QUARTZITO","Industrial","Sim"
"Gerência Regional / GO","861856/2005","Requerimento de Autorização de Pesquisa","Requerimento de Lavra","07.944.690/0001-86","Mineração e Comercio de Produtos Minerais Caiapó Ltda","ÁGUAS LINDAS DE GOIÁS - GO, COCALZINHO DE GOIÁS - GO","AREIA, ARGILA REFRATÁRIA, MINÉRIO DE OURO, QUARTZITO, QUARTZITO","Construção civil, Industrial, Industrial, Industrial, Industrial","Sim"
"Gerência Regional / GO","860388/2018","Requerimento de Autorização de Pesquisa","Requerimento de Lavra","13.301.570/0001-63","LUCILEY ALVES ROSA","EDEALINA - GO, PONTALINA - GO","AREIA","Construção civil","Sim"
"Gerência Regional / GO","862092/2007","Requerimento de Autorização de Pesquisa","Requerimento de Lavra","13.420.503/0001-68","Campinorte Mineração S.a","CAMPINORTE - GO, URUAÇU - GO","CALCÁRIO, MINÉRIO DE BISMUTO, MINÉRIO DE OURO","Corretivo de solo, Industrial, Industrial","Sim"
"Gerência Regional / GO","862091/2007","Requerimento de Autorização de Pesquisa","Requerimento de Lavra","13.420.503/0001-68","Campinorte Mineração S.a","CAMPINORTE - GO, URUAÇU - GO","CALCÁRIO, MINÉRIO DE BISMUTO, MINÉRIO DE OURO","Corretivo de solo, Industrial, Industrial","Sim"
"Gerência Regional / GO","862090/2007","Requerimento de Autorização de Pesquisa","Requerimento de Lavra","13.420.503/0001-68","Campinorte Mineração S.a","CAMPINORTE - GO, URUAÇU - GO","CALCÁRIO, MINÉRIO DE BISMUTO, MINÉRIO DE OURO","Corretivo de solo, Industrial, Industrial","Sim"
"Gerência Regional / GO","860995/2012","Requerimento de Autorização de Pesquisa","Requerimento de Lavra","13.648.937/0001-10","Cpx Goiana Mineração S.a.","FORMOSA - GO","ARGILA, CASCALHO, LATERITA","Construção civil, Construção civil, Industrial","Sim"
"Gerência Regional / GO","860994/2012","Requerimento de Autorização de Pesquisa","Requerimento de Lavra","13.648.937/0001-10","Cpx Goiana Mineração S.a.","CABECEIRAS - GO, FORMOSA - GO","ARGILA, CASCALHO, LATERITA","Construção civil, Construção civil, Industrial","Sim"
"Gerência Regional / GO","861844/2013","Requerimento de Autorização de Pesquisa","Requerimento de Lavra","13.648.937/0001-10","Cpx Goiana Mineração S.a.","FORMOSA - GO","AREIA, CALCÁRIO, FOSFATO, LATERITA, LATERITA","Construção civil, Construção civil, Fabricação de cimento, Fertilizantes, Industrial","Sim"
"Gerência Regional / GO","861000/2012","Requerimento de Autorização de Pesquisa","Requerimento de Lavra","13.648.937/0001-10","Cpx Goiana Mineração S.a.","FORMOSA - GO","ARGILA, CASCALHO, LATERITA","Construção civil, Construção civil, Industrial","Sim"
"Gerência Regional / GO","860999/2012","Requerimento de Autorização de Pesquisa","Requerimento de Lavra","13.648.937/0001-10","Cpx Goiana Mineração S.a.","FORMOSA - GO","ARGILA, CASCALHO, LATERITA","Construção civil, Construção civil, Industrial","Sim"
"Gerência Regional / GO","861558/2013","Requerimento de Cessão parcial","Requerimento de Lavra","10.220.913/0001-77","Ceramica Estrela Industrial Ltda","ESTRELA DO NORTE - GO, MUTUNÓPOLIS - GO","ARGILA","Cerâmica vermelha","Sim"
"Gerência Regional / GO","861552/2013","Requerimento de Cessão parcial","Requerimento de Lavra","10.220.913/0001-77","Ceramica Estrela Industrial Ltda","ESTRELA DO NORTE - GO, MUTUNÓPOLIS - GO","ARGILA","Cerâmica vermelha","Sim"
"Gerência Regional / GO","861592/2013","Requerimento de Cessão parcial","Requerimento de Lavra","10.220.913/0001-77","Ceramica Estrela Industrial Ltda","ESTRELA DO NORTE - GO","ARGILA","Cerâmica vermelha","Sim"
"Gerência Regional / GO","861561/2013","Requerimento de Cessão parcial","Requerimento de Lavra","10.220.913/0001-77","Ceramica Estrela Industrial Ltda","ESTRELA DO NORTE - GO, MUTUNÓPOLIS - GO","ARGILA","Cerâmica vermelha","Sim"
"Gerência Regional / GO","860593/2022","Requerimento de Mudança de Regime para Aut. de Pesquisa","Requerimento de Lavra","14.883.253/0001-65","DIVINO CARLOS MARQUES FERNANDES","GOIÁS - GO","AREIA","Construção civil","Sim"
"Gerência Regional / GO","860386/2018","Requerimento de Autorização de Pesquisa","Requerimento de Lavra","15.616.813/0001-88","C A DA CRUZ - EIRELI","PIRACANJUBA - GO, PROFESSOR JAMIL - GO","AREIA","Construção civil","Sim"
"Gerência Regional / GO","860361/2007","Requerimento de Autorização de Pesquisa","Requerimento de Lavra","17.125.322/0001-60","EMBRAAREIA EMPRESA DE EXTRACAO E COMERCIO DE AREIA LTDA","BARRO ALTO - GO, NIQUELÂNDIA - GO","AREIA, CASCALHO, DIAMANTE","Construção civil, Construção civil, Industrial","Sim"
"Gerência Regional / GO","860529/2015","Requerimento de Disponibilidade para lavra","Requerimento de Lavra","16.830.800/0001-70","Britar Mineração Ltda ","GOIANIRA - GO","GNAISSE","Demais substâncias","Sim"
"Gerência Regional / GO","860819/2021","Requerimento de Mudança de Regime para Aut. de Pesquisa","Requerimento de Lavra","11.483.560/0001-60","DUNAS AREIAS LTDA","BURITI DE GOIÁS - GO, SANCLERLÂNDIA - GO","AREIA","Construção civil","Sim"
"Gerência Regional / GO","861185/2008","Requerimento de Autorização de Pesquisa","Requerimento de Lavra","17.742.494/0001-82","SABLO EXTRACAO E COMERCIO DE AREIA E CASCALHO EIRELI","NOVA GLÓRIA - GO, SANTA ISABEL - GO","AREIA, CASCALHO, MINÉRIO DE OURO","Construção civil, Construção civil, Industrial","Sim"
"Gerência Regional / GO","862475/2008","Requerimento de Autorização de Pesquisa","Requerimento de Lavra","17.398.980/0001-25","VALEMAR - VALE DO MARANHAO MINERACAO LTDA","PADRE BERNARDO - GO","CALCÁRIO, CALCÁRIO DOLOMÍTICO, MINÉRIO DE OURO","Brita, Corretivo de solo, Industrial","Sim"
"Gerência Regional / GO","861303/2014","Requerimento de Autorização de Pesquisa","Requerimento de Lavra","11.278.628/0001-70","BELA VISTA MINERADORA LTDA","COCALZINHO DE GOIÁS - GO, PADRE BERNARDO - GO","AREIA","Construção civil","Sim"
"Gerência Regional / GO","860469/2016","Requerimento de Disponibilidade para lavra","Requerimento de Lavra","11.278.628/0001-70","BELA VISTA MINERADORA LTDA","COCALZINHO DE GOIÁS - GO, PADRE BERNARDO - GO","AREIA","Construção civil","Sim"
"Gerência Regional / GO","860242/2014","Requerimento de Cessão parcial","Requerimento de Lavra","18.461.235/0001-46","AREIAL MONTES CLAROS LTDA","JUSSARA - GO, MONTES CLAROS DE GOIÁS - GO","AREIA","Construção civil","Sim"
"Gerência Regional / GO","860170/2009","Requerimento de Autorização de Pesquisa","Requerimento de Lavra","18.461.235/0001-46","AREIAL MONTES CLAROS LTDA","GOIÁS - GO, ITAPIRAPUÃ - GO","AREIA, MINÉRIO DE OURO","Construção civil, Industrial","Sim"
"Gerência Regional / GO","860762/2015","Requerimento de Autorização de Pesquisa","Requerimento de Lavra","16.949.392/0001-70","PHANTHOM GREEN MINERADORA LTDA-ME","CROMÍNIA - GO, PROFESSOR JAMIL - GO","AREIA","Construção civil","Sim"
"Gerência Regional / GO","860356/2014","Requerimento de Autorização de Pesquisa","Requerimento de Lavra","16.949.392/0001-70","PHANTHOM GREEN MINERADORA LTDA-ME","CÓRREGO DO OURO - GO, SÃO LUÍS DE MONTES BELOS - GO","AREIA, CASCALHO, DIAMANTE","Construção civil, Construção civil, Industrial","Sim"
"Gerência Regional / GO","861453/2015","Requerimento de Autorização de Pesquisa","Requerimento de Lavra","16.949.392/0001-70","PHANTHOM GREEN MINERADORA LTDA-ME","ÁGUA LIMPA - GO","AREIA, DIAMANTE","Construção civil, Industrial","Sim"
"Gerência Regional / GO","860887/2018","Requerimento de Autorização de Pesquisa","Requerimento de Lavra","16.949.392/0001-70","PHANTHOM GREEN MINERADORA LTDA-ME","CÓRREGO DO OURO - GO, SANCLERLÂNDIA - GO, SÃO LUÍS DE MONTES BELOS - GO","AREIA","Construção civil","Sim"
"Gerência Regional / GO","860161/2011","Requerimento de Autorização de Pesquisa","Requerimento de Lavra","07.436.682/0001-29","Mineradora & Transportadora Brasil Central Ltda Me","BONÓPOLIS - GO, MUNDO NOVO - GO","AREIA, MINÉRIO DE OURO","Construção civil, Industrial","Sim"
"Gerência Regional / GO","860160/2011","Requerimento de Autorização de Pesquisa","Requerimento de Lavra","07.436.682/0001-29","Mineradora & Transportadora Brasil Central Ltda Me","MUNDO NOVO - GO, SÃO MIGUEL DO ARAGUAIA - GO","AREIA, MINÉRIO DE OURO","Construção civil, Industrial","Sim"
"Gerência Regional / GO","860158/2011","Requerimento de Autorização de Pesquisa","Requerimento de Lavra","07.436.682/0001-29","Mineradora & Transportadora Brasil Central Ltda Me","BONÓPOLIS - GO, MUNDO NOVO - GO","AREIA, MINÉRIO DE OURO","Construção civil, Industrial","Sim"
"Gerência Regional / GO","860031/2018","Requerimento de Cessão parcial","Requerimento de Lavra","07.436.682/0001-29","Mineradora & Transportadora Brasil Central Ltda Me","AMARALINA - GO, UIRAPURU - GO","AREIA","Construção civil","Sim"
"Gerência Regional / GO","860030/2018","Requerimento de Cessão parcial","Requerimento de Lavra","07.436.682/0001-29","Mineradora & Transportadora Brasil Central Ltda Me","AMARALINA - GO, UIRAPURU - GO","AREIA","Construção civil","Sim"
"Gerência Regional / GO","860029/2018","Requerimento de Cessão parcial","Requerimento de Lavra","07.436.682/0001-29","Mineradora & Transportadora Brasil Central Ltda Me","AMARALINA - GO, MUNDO NOVO - GO, UIRAPURU - GO","AREIA","Construção civil","Sim"
"Gerência Regional / GO","860028/2018","Requerimento de Cessão parcial","Requerimento de Lavra","07.436.682/0001-29","Mineradora & Transportadora Brasil Central Ltda Me","AMARALINA - GO, MUNDO NOVO - GO","AREIA","Construção civil","Sim"
"Gerência Regional / GO","860891/2014","Requerimento de Cessão parcial","Requerimento de Lavra","07.436.682/0001-29","Mineradora & Transportadora Brasil Central Ltda Me","MUNDO NOVO - GO, SÃO MIGUEL DO ARAGUAIA - GO","AREIA","Construção civil","Sim"
"Gerência Regional / GO","860890/2014","Requerimento de Cessão parcial","Requerimento de Lavra","07.436.682/0001-29","Mineradora & Transportadora Brasil Central Ltda Me","BONÓPOLIS - GO, MUNDO NOVO - GO","AREIA","Construção civil","Sim"
"Gerência Regional / GO","860889/2014","Requerimento de Cessão parcial","Requerimento de Lavra","07.436.682/0001-29","Mineradora & Transportadora Brasil Central Ltda Me","MUNDO NOVO - GO, SÃO MIGUEL DO ARAGUAIA - GO","AREIA","Construção civil","Sim"
"Gerência Regional / GO","860888/2014","Requerimento de Cessão parcial","Requerimento de Lavra","07.436.682/0001-29","Mineradora & Transportadora Brasil Central Ltda Me","BONÓPOLIS - GO, MUNDO NOVO - GO","AREIA","Construção civil","Sim"
"Gerência Regional / GO","860887/2014","Requerimento de Cessão parcial","Requerimento de Lavra","07.436.682/0001-29","Mineradora & Transportadora Brasil Central Ltda Me","BONÓPOLIS - GO, MUNDO NOVO - GO, SÃO MIGUEL DO ARAGUAIA - GO","AREIA","Construção civil","Sim"
"Gerência Regional / GO","860886/2014","Requerimento de Cessão parcial","Requerimento de Lavra","07.436.682/0001-29","Mineradora & Transportadora Brasil Central Ltda Me","BONÓPOLIS - GO, MUNDO NOVO - GO","AREIA","Construção civil","Sim"
"Gerência Regional / GO","860885/2014","Requerimento de Cessão parcial","Requerimento de Lavra","07.436.682/0001-29","Mineradora & Transportadora Brasil Central Ltda Me","BONÓPOLIS - GO, MUNDO NOVO - GO","AREIA","Construção civil","Sim"
"Gerência Regional / GO","860884/2014","Requerimento de Cessão parcial","Requerimento de Lavra","07.436.682/0001-29","Mineradora & Transportadora Brasil Central Ltda Me","BONÓPOLIS - GO, MUNDO NOVO - GO","AREIA","Construção civil","Sim"
"Gerência Regional / GO","860883/2014","Requerimento de Cessão parcial","Requerimento de Lavra","07.436.682/0001-29","Mineradora & Transportadora Brasil Central Ltda Me","MUNDO NOVO - GO, SÃO MIGUEL DO ARAGUAIA - GO","AREIA","Construção civil","Sim"
"Gerência Regional / GO","860527/2014","Requerimento de Cessão parcial","Requerimento de Lavra","07.436.682/0001-29","Mineradora & Transportadora Brasil Central Ltda Me","BONÓPOLIS - GO, MUNDO NOVO - GO","AREIA","Construção civil","Sim"
"Gerência Regional / GO","860526/2014","Requerimento de Cessão parcial","Requerimento de Lavra","07.436.682/0001-29","Mineradora & Transportadora Brasil Central Ltda Me","BONÓPOLIS - GO, MUNDO NOVO - GO","AREIA","Construção civil","Sim"
"Gerência Regional / GO","860525/2014","Requerimento de Cessão parcial","Requerimento de Lavra","07.436.682/0001-29","Mineradora & Transportadora Brasil Central Ltda Me","BONÓPOLIS - GO, MUNDO NOVO - GO","AREIA","Construção civil","Sim"
"Gerência Regional / GO","860394/2014","Requerimento de Cessão parcial","Requerimento de Lavra","07.436.682/0001-29","Mineradora & Transportadora Brasil Central Ltda Me","NOVA CRIXÁS - GO, SÃO MIGUEL DO ARAGUAIA - GO","AREIA","Construção civil","Sim"
"Gerência Regional / GO","860393/2014","Requerimento de Cessão parcial","Requerimento de Lavra","07.436.682/0001-29","Mineradora & Transportadora Brasil Central Ltda Me","NOVA CRIXÁS - GO, SÃO MIGUEL DO ARAGUAIA - GO","AREIA","Construção civil","Sim"
"Gerência Regional / GO","860392/2014","Requerimento de Cessão parcial","Requerimento de Lavra","07.436.682/0001-29","Mineradora & Transportadora Brasil Central Ltda Me","NOVA CRIXÁS - GO, SÃO MIGUEL DO ARAGUAIA - GO","AREIA","Construção civil","Sim"
"Gerência Regional / GO","860391/2014","Requerimento de Cessão parcial","Requerimento de Lavra","07.436.682/0001-29","Mineradora & Transportadora Brasil Central Ltda Me","NOVA CRIXÁS - GO, SÃO MIGUEL DO ARAGUAIA - GO","AREIA","Construção civil","Sim"
"Gerência Regional / GO","860390/2014","Requerimento de Cessão parcial","Requerimento de Lavra","07.436.682/0001-29","Mineradora & Transportadora Brasil Central Ltda Me","NOVA CRIXÁS - GO, SÃO MIGUEL DO ARAGUAIA - GO","AREIA","Construção civil","Sim"
"Gerência Regional / GO","861535/2012","Requerimento de Autorização de Pesquisa","Requerimento de Lavra","05.045.148/0001-66","TWA MINERACAO LTDA","CRISTALINA - GO","AREIA, MINÉRIO DE OURO","Construção civil, Industrial","Sim"
"Gerência Regional / GO","860801/2021","Requerimento de Cessão parcial","Requerimento de Lavra","18.090.544/0001-57","GONCALVES E ALMEIDA LTDA","ACREÚNA - GO, SANTO ANTÔNIO DA BARRA - GO","AREIA","Construção civil","Sim"
"Gerência Regional / GO","860798/2021","Requerimento de Cessão parcial","Requerimento de Lavra","18.090.544/0001-57","GONCALVES E ALMEIDA LTDA","SANTO ANTÔNIO DA BARRA - GO","AREIA","Construção civil","Sim"
"Gerência Regional / GO","860609/2014","Requerimento de Autorização de Pesquisa","Requerimento de Lavra","18.090.544/0001-57","GONCALVES E ALMEIDA LTDA","PIRANHAS - GO","AREIA, MINÉRIO DE OURO","Construção civil, Industrial","Sim"
"Gerência Regional / GO","860365/2019","Requerimento de Autorização de Pesquisa","Requerimento de Lavra","18.090.544/0001-57","GONCALVES E ALMEIDA LTDA","COCALZINHO DE GOIÁS - GO, PADRE BERNARDO - GO","AREIA","Construção civil","Sim"
"Gerência Regional / GO","860357/2018","Requerimento de Cessão parcial","Requerimento de Lavra","18.090.544/0001-57","GONCALVES E ALMEIDA LTDA","PIRANHAS - GO","AREIA","Construção civil","Sim"
"Gerência Regional / GO","860311/2016","Requerimento de Cessão parcial","Requerimento de Lavra","18.090.544/0001-57","GONCALVES E ALMEIDA LTDA","BOM JARDIM DE GOIÁS - GO, PIRANHAS - GO","AREIA","Construção civil","Sim"
"Gerência Regional / GO","862096/2012","Requerimento de Autorização de Pesquisa","Requerimento de Lavra","18.090.544/0001-57","GONCALVES E ALMEIDA LTDA","BOM JARDIM DE GOIÁS - GO, PIRANHAS - GO","AREIA, DIAMANTE","Construção civil, Industrial","Sim"
"Gerência Regional / GO","861672/2011","Requerimento de Cessão parcial","Requerimento de Lavra","18.090.544/0001-57","GONCALVES E ALMEIDA LTDA","GOIÁS - GO, ITAPIRAPUÃ - GO","AREIA","Construção civil","Sim"
"Gerência Regional / GO","861525/2014","Requerimento de Cessão parcial","Requerimento de Lavra","18.090.544/0001-57","GONCALVES E ALMEIDA LTDA","BOM JARDIM DE GOIÁS - GO, PIRANHAS - GO","AREIA","Construção civil","Sim"
"Gerência Regional / GO","861384/2013","Requerimento de Autorização de Pesquisa","Requerimento de Lavra","18.090.544/0001-57","GONCALVES E ALMEIDA LTDA","BOM JARDIM DE GOIÁS - GO, PIRANHAS - GO","AREIA, DIAMANTE","Construção civil, Industrial","Sim"
"Gerência Regional / GO","860180/2018","Requerimento de Autorização de Pesquisa","Requerimento de Lavra","15.534.873/0001-51","RIO CLARO MINERACAO E EMPREENDIMENTOS LTDA","NIQUELÂNDIA - GO","AREIA","Construção civil","Sim"
"Gerência Regional / GO","862342/2011","Requerimento de Autorização de Pesquisa","Requerimento de Lavra","15.534.873/0001-51","RIO CLARO MINERACAO E EMPREENDIMENTOS LTDA","CAVALCANTE - GO","AREIA, MINÉRIO DE OURO","Construção civil, Industrial","Sim"
"Gerência Regional / GO","860813/2023","Requerimento de Cessão parcial","Requerimento de Lavra","15.534.873/0001-51","RIO CLARO MINERACAO E EMPREENDIMENTOS LTDA","CAVALCANTE - GO","AREIA, MINÉRIO DE OURO","Construção civil, Industrial","Sim"
"Gerência Regional / GO","860812/2023","Requerimento de Cessão parcial","Requerimento de Lavra","15.534.873/0001-51","RIO CLARO MINERACAO E EMPREENDIMENTOS LTDA","CAVALCANTE - GO","AREIA, MINÉRIO DE OURO","Construção civil, Industrial","Sim"
"Gerência Regional / GO","860076/2012","Requerimento de Autorização de Pesquisa","Requerimento de Lavra","14.526.202/0001-86","AREIAL J. R LTDA","GOIÁS - GO, MATRINCHÃ - GO","AREIA, MINÉRIO DE OURO","Construção civil, Industrial","Sim"
"Gerência Regional / GO","860307/2006","Requerimento de Autorização de Pesquisa","Requerimento de Lavra","04.363.648/0001-83","Marindia Zanon Epp","ALVORADA DO NORTE - GO","CALCÁRIO, CALCÁRIO DOLOMÍTICO, DOLOMITO","Demais substâncias, Demais substâncias, Industrial","Sim"
"Gerência Regional / GO","860740/2020","Requerimento de Autorização de Pesquisa","Requerimento de Lavra","13.301.570/0001-63","LUCILEY ALVES ROSA","PARAÚNA - GO","AREIA, MINÉRIO DE OURO","Construção civil, Industrial","Sim"
"Gerência Regional / GO","860776/2008","Requerimento de Autorização de Pesquisa","Requerimento de Lavra","12.253.540/0001-66","Honorato Materiais Para Construção Ltda","ABADIA DOS DOURADOS - MG, COROMANDEL - MG, DAVINÓPOLIS - GO","AREIA, CASCALHO, DIAMANTE","Construção civil, Construção civil, Industrial","Sim"
"Gerência Regional / GO","860041/2017","Requerimento de Cessão parcial","Requerimento de Lavra","***.059.921-**","VALTUIR CONSTANTINO SANTIAGO","SANCLERLÂNDIA - GO","AREIA, CASCALHO","Construção civil, Construção civil","Sim"
"Gerência Regional / GO","862095/2007","Requerimento de Autorização de Pesquisa","Requerimento de Lavra","13.420.503/0001-68","Campinorte Mineração S.a","CAMPINORTE - GO, URUAÇU - GO","CALCÁRIO, MINÉRIO DE BISMUTO, MINÉRIO DE OURO","Corretivo de solo, Industrial, Industrial","Sim"
"Gerência Regional / GO","860998/2012","Requerimento de Autorização de Pesquisa","Requerimento de Lavra","13.648.937/0001-10","Cpx Goiana Mineração S.a.","FORMOSA - GO","ARGILA, CASCALHO, LATERITA","Construção civil, Construção civil, Industrial","Sim"
"Gerência Regional / GO","861125/2010","Requerimento de Autorização de Pesquisa","Requerimento de Lavra","14.213.571/0001-19","AREIA BRASIL MINERACAO INDUSTRIA E COMERCIO LTDA","BELA VISTA DE GOIÁS - GO","QUARTZITO","Industrial","Sim"
"Gerência Regional / GO","860041/2012","Requerimento de Disponibilidade para pesquisa","Requerimento de Lavra","13.353.018/0001-19","Mineradora L & M Fronteira Ltda","SANTO ANTÔNIO DO DESCOBERTO - GO","ARENITO, MINÉRIO DE FERRO, MINÉRIO DE MANGANÊS","Construção civil, Industrial, Industrial","Sim"
"Gerência Regional / GO","861560/2013","Requerimento de Cessão parcial","Requerimento de Lavra","10.220.913/0001-77","Ceramica Estrela Industrial Ltda","ESTRELA DO NORTE - GO, MUTUNÓPOLIS - GO","ARGILA","Cerâmica vermelha","Sim"
"Gerência Regional / GO","861231/2015","Requerimento de Autorização de Pesquisa","Requerimento de Lavra","***.129.571-**","Derci Martins Rosa ","ISRAELÂNDIA - GO, JAUPACI - GO","GRANITO","Revestimento","Sim"
"Gerência Regional / GO","860832/2021","Requerimento de Mudança de Regime para Aut. de Pesquisa","Requerimento de Lavra","14.945.933/0001-66","MINERACAO RG LTDA","BURITI DE GOIÁS - GO, SANCLERLÂNDIA - GO","AREIA","Construção civil","Sim"
"Gerência Regional / GO","861027/2012","Requerimento de Cessão parcial","Requerimento de Lavra","02.433.282/0001-46","Mineração Filadelfia Ltda Me","QUIRINÓPOLIS - GO, RIO VERDE - GO","AREIA","Construção civil","Sim"
"Gerência Regional / GO","861091/2015","Requerimento de Autorização de Pesquisa","Requerimento de Lavra","10.353.865/0001-95","IRMAOS CHAVES TRANSPORTES, MATERIAIS E SERVICOS DE TERRAPLENAGEM LTDA","ARAGUAPAZ - GO, FAINA - GO","AREIA, CASCALHO","Construção civil, Construção civil","Sim"
"Gerência Regional / GO","861066/2002","Requerimento de Autorização de Pesquisa","Requerimento de Lavra","06.998.258/0001-05","Soares Ybarra Águas Minerais Ltda. Me","FLORES DE GOIÁS - GO","ÁGUA MINERAL","Engarrafamento","Sim"
"Gerência Regional / GO","861460/2009","Requerimento de Cessão parcial","Requerimento de Lavra","14.883.253/0001-65","DIVINO CARLOS MARQUES FERNANDES","GOIÁS - GO","AREIA","Construção civil","Sim"
"Gerência Regional / GO","861588/2010","Requerimento de Autorização de Pesquisa","Requerimento de Lavra","02.582.226/0001-73","Mineração M.r.v Ltda.","NIQUELÂNDIA - GO","MINÉRIO DE OURO","Industrial","Sim"
"Gerência Regional / GO","860436/2013","Requerimento de Autorização de Pesquisa","Requerimento de Lavra","15.704.120/0001-47","MINERACAO REZENDE EXTRACAO DE AREIA E TRANSPORTES LTDA","ARAGUAPAZ - GO, FAINA - GO","AREIA","Construção civil","Sim"
"Gerência Regional / GO","861101/2016","Requerimento de Autorização de Pesquisa","Requerimento de Lavra","15.616.813/0001-88","C A DA CRUZ - EIRELI","PIRES DO RIO - GO, SANTA CRUZ DE GOIÁS - GO","AREIA","Construção civil","Sim"
"Gerência Regional / GO","860032/2008","Requerimento de Autorização de Pesquisa","Requerimento de Lavra","10.572.270/0001-20","Euripedes Rodrigues da Silva Me","NIQUELÂNDIA - GO","FILITO","Industrial","Sim"
"Gerência Regional / GO","861765/2012","Requerimento de Autorização de Pesquisa","Requerimento de Lavra","13.875.668/0001-24","Geopedra Consultoria e Soluções Ltda","GOIANÉSIA - GO","AREIA, CASCALHO","Construção civil, Construção civil","Sim"
"Gerência Regional / GO","860313/2012","Requerimento de Autorização de Pesquisa","Requerimento de Lavra","09.688.553/0001-53","ARERRIOS MINERACAO E TRANSPORTE LTDA","ITAPIRAPUÃ - GO, MATRINCHÃ - GO","AREIA","Construção civil","Sim"
"Gerência Regional / GO","861899/2010","Requerimento de Autorização de Pesquisa","Requerimento de Lavra","13.166.181/0001-72","F C CINTRA - PEDREIRA","ARAGUAPAZ - GO","GRANITO, GRANITO","Brita, Revestimento","Sim"
"Gerência Regional / GO","860452/2012","Requerimento de Autorização de Pesquisa","Requerimento de Lavra","17.125.322/0001-60","EMBRAAREIA EMPRESA DE EXTRACAO E COMERCIO DE AREIA LTDA","SANTA RITA DO NOVO DESTINO - GO, URUAÇU - GO","AREIA, CASCALHO","Construção civil, Construção civil","Sim"
"Gerência Regional / GO","861300/2016","Requerimento de Disponibilidade para pesquisa","Requerimento de Lavra","16.830.800/0001-70","Britar Mineração Ltda ","CATURAÍ - GO","GNAISSE, MINÉRIO DE OURO","Brita, Industrial","Sim"
"Gerência Regional / GO","860820/2021","Requerimento de Mudança de Regime para Aut. de Pesquisa","Requerimento de Lavra","11.483.560/0001-60","DUNAS AREIAS LTDA","BURITI DE GOIÁS - GO, SANCLERLÂNDIA - GO","AREIA, CASCALHO","Construção civil, Construção civil","Sim"
"Gerência Regional / GO","861186/2008","Requerimento de Autorização de Pesquisa","Requerimento de Lavra","17.742.494/0001-82","SABLO EXTRACAO E COMERCIO DE AREIA E CASCALHO EIRELI","NOVA GLÓRIA - GO, SANTA ISABEL - GO","AREIA, MINÉRIO DE OURO","Construção civil, Industrial","Sim"
"Gerência Regional / GO","862875/2011","Requerimento de Autorização de Pesquisa","Requerimento de Lavra","17.398.980/0001-25","VALEMAR - VALE DO MARANHAO MINERACAO LTDA","MIMOSO DE GOIÁS - GO, PADRE BERNARDO - GO","ILMENITA, MINÉRIO DE FERRO","Industrial, Industrial","Sim"
"Gerência Regional / GO","860948/2005","Requerimento de Autorização de Pesquisa","Requerimento de Lavra","17.487.754/0001-10","JR EXTRACAO MINERAL LTDA.","GOIANDIRA - GO, IPAMERI - GO","AREIA, DIAMANTE INDUSTRIAL","Construção civil, Industrial","Sim"
"Gerência Regional / GO","861082/2013","Requerimento de Autorização de Pesquisa","Requerimento de Lavra","15.763.770/0001-63","D. G. de Oliveira Mineradora Me","JUSSARA - GO, MONTES CLAROS DE GOIÁS - GO","AREIA, DIAMANTE","Construção civil, Industrial","Sim"
"Gerência Regional / GO","860896/2016","Requerimento de Autorização de Pesquisa","Requerimento de Lavra","18.584.977/0001-69","Mineração Rlrj Ltda Me","CÓRREGO DO OURO - GO","AREIA, CASCALHO","Construção civil, Construção civil","Sim"
"Gerência Regional / GO","861535/2013","Requerimento de Autorização de Pesquisa","Requerimento de Lavra","04.884.350/0001-19","Mineração Globo Ltda","HIDROLÂNDIA - GO","QUARTZITO","Revestimento","Sim"
"Gerência Regional / GO","861857/2013","Requerimento de Disponibilidade para lavra","Requerimento de Lavra","11.278.628/0001-70","BELA VISTA MINERADORA LTDA","COCALZINHO DE GOIÁS - GO, PADRE BERNARDO - GO","AREIA","Construção civil","Sim"
"Gerência Regional / MG","831911/2021","Requerimento de Lavra - Leilão","Requerimento de Lavra","10.874.032/0001-70","AREIA PONTO FORTE LTDA","SANTA VITÓRIA - MG, SÃO SIMÃO - GO","AREIA","Construção civil","Sim"
"Gerência Regional / GO","860100/2014","Requerimento de Disponibilidade para lavra","Requerimento de Lavra","15.668.967/0001-13","BAAHDRA STIVAL MINERACAO LTDA","NOVA VENEZA - GO","AREIA","Construção civil","Sim"
"Gerência Regional / GO","861278/2013","Requerimento de Autorização de Pesquisa","Requerimento de Lavra","19.305.177/0001-24","AGROPECUARIA FORTALEZA PARTICIPACOES LTDA","RIO VERDE - GO","AREIA","Construção civil","Sim"
"Gerência Regional / GO","860317/2011","Requerimento de Autorização de Pesquisa","Requerimento de Lavra","02.187.654/0001-00","Invest Renda, Mineração, Comércio, Importação e Exportação ","ARUANÃ - GO","AREIA","Construção civil","Sim"
"Gerência Regional / GO","860315/2024","Requerimento de Cessão parcial","Requerimento de Lavra","13.259.956/0001-54","MINAGRAN MINERACAO LTDA","PORANGATU - GO","GRANITO","Revestimento","Sim"
"Gerência Regional / GO","861893/2010","Requerimento de Autorização de Pesquisa","Requerimento de Lavra","18.461.235/0001-46","AREIAL MONTES CLAROS LTDA","JUSSARA - GO, MONTES CLAROS DE GOIÁS - GO","DIAMANTE","Industrial","Sim"
"Gerência Regional / GO","860764/2015","Requerimento de Autorização de Pesquisa","Requerimento de Lavra","16.949.392/0001-70","PHANTHOM GREEN MINERADORA LTDA-ME","PIRACANJUBA - GO","AREIA, GRANITO","Construção civil, Revestimento","Sim"
"Gerência Regional / GO","860389/2014","Requerimento de Cessão parcial","Requerimento de Lavra","07.436.682/0001-29","Mineradora & Transportadora Brasil Central Ltda Me","MUNDO NOVO - GO, NOVA CRIXÁS - GO, SÃO MIGUEL DO ARAGUAIA - GO","AREIA","Construção civil","Sim"
"Gerência Regional / GO","861594/2010","Requerimento de Cessão parcial","Requerimento de Lavra","15.613.072/0001-81","Areal Rio Vermelho Eireli Me ","GOIÁS - GO","AREIA, MINÉRIO DE OURO","Construção civil, Industrial","Sim"
"Gerência Regional / GO","860877/2014","Requerimento de Autorização de Pesquisa","Requerimento de Lavra","08.995.933/0001-78","Lagoa Empreendimentos Ltda","ÁGUA LIMPA - GO, MARZAGÃO - GO, RIO QUENTE - GO","AREIA","Construção civil","Sim"
"Gerência Regional / GO","860420/2014","Requerimento de Autorização de Pesquisa","Requerimento de Lavra","03.514.925/0001-49","AGUA MINA PURA LTDA","BELA VISTA DE GOIÁS - GO","ÁGUA MINERAL","Engarrafamento","Sim"
"Gerência Regional / GO","860578/2013","Requerimento de Autorização de Pesquisa","Requerimento de Lavra","05.045.148/0001-66","TWA MINERACAO LTDA","CRISTALINA - GO, LUZIÂNIA - GO","AREIA, QUARTZITO","Construção civil, Industrial","Sim"
"Gerência Regional / GO","861016/2016","Requerimento de Autorização de Pesquisa","Requerimento de Lavra","18.090.544/0001-57","GONCALVES E ALMEIDA LTDA","PIRANHAS - GO","AREIA, DIAMANTE","Construção civil, Industrial","Sim"
"Gerência Regional / GO","861176/2012","Requerimento de Cessão parcial","Requerimento de Lavra","19.658.922/0001-19","T. OLIVEIRA DOS SANTOS LTDA","FAINA - GO","AREIA","Construção civil","Sim"
"Gerência Regional / GO","860593/2018","Requerimento de Autorização de Pesquisa","Requerimento de Lavra","15.534.873/0001-51","RIO CLARO MINERACAO E EMPREENDIMENTOS LTDA","COLINAS DO SUL - GO","AREIA","Construção civil","Sim"
"Gerência Regional / GO","860718/2018","Requerimento de Autorização de Pesquisa","Requerimento de Lavra","14.526.202/0001-86","AREIAL J. R LTDA","EDÉIA - GO","AREIA","Construção civil","Sim"
"Gerência Regional / GO","860013/2015","Requerimento de Autorização de Pesquisa","Requerimento de Lavra","***.288.428-**","Newton Payot Sabaraense","ÁGUAS LINDAS DE GOIÁS - GO","CASCALHO","Construção civil","Sim"
"Gerência Regional / GO","862000/2005","Requerimento de Autorização de Pesquisa","Requerimento de Lavra","04.363.648/0001-83","Marindia Zanon Epp","ALVORADA DO NORTE - GO","CALCÁRIO","Industrial","Sim"
"Gerência Regional / GO","860805/2016","Requerimento de Cessão parcial","Requerimento de Lavra","12.135.882/0001-81","Areia & Cia Ltda Me","SANTA CRUZ DE GOIÁS - GO","AREIA","Construção civil","Sim"
"Gerência Regional / GO","861855/2013","Requerimento de Disponibilidade para lavra","Requerimento de Lavra","00.592.603/0001-20","MAGNESITA MINERACAO S.A.","CATALÃO - GO, GUARDA-MOR - MG","ARGILA","Demais substâncias","Sim"
"Gerência Regional / GO","860009/2021","Requerimento de Cessão parcial","Requerimento de Lavra","04.455.520/0001-40","TRIANGULO MATERIAIS PARA CONSTRUCAO LTDA","ANHANGUERA - GO","ARGILA","Construção civil","Sim"
"Gerência Regional / GO","860789/2020","Requerimento de Cessão parcial","Requerimento de Lavra","04.455.520/0001-40","TRIANGULO MATERIAIS PARA CONSTRUCAO LTDA","ANHANGUERA - GO","ARGILA","Cerâmica vermelha","Sim"
"Gerência Regional / GO","860051/2021","Requerimento de Cessão parcial","Requerimento de Lavra","04.455.520/0001-40","TRIANGULO MATERIAIS PARA CONSTRUCAO LTDA","ANHANGUERA - GO","ARGILA","Construção civil","Sim"
"Gerência Regional / GO","861030/2016","Requerimento de Autorização de Pesquisa","Requerimento de Lavra","22.820.557/0001-01","Rustonn Mineracao Eireli Me","JANDAIA - GO","CALCÁRIO","Fabricação de cimento","Sim"
"Gerência Regional / GO","860083/2013","Requerimento de Autorização de Pesquisa","Requerimento de Lavra","23.016.277/0001-08","Calcária Mineradora Ltda","PADRE BERNARDO - GO","CALCÁRIO, QUARTZITO, QUARTZO","Corretivo de solo, Industrial, Industrial","Sim"
"Gerência Regional / GO","860988/2013","Requerimento de Autorização de Pesquisa","Requerimento de Lavra","18.816.726/0001-62","AREAL CEDRO LTDA","CÓRREGO DO OURO - GO, SANCLERLÂNDIA - GO","AREIA, DIAMANTE","Construção civil, Industrial","Sim"
"Gerência Regional / GO","861701/2012","Requerimento de Autorização de Pesquisa","Requerimento de Lavra","18.816.726/0001-62","AREAL CEDRO LTDA","SANCLERLÂNDIA - GO, SÃO LUÍS DE MONTES BELOS - GO","AREIA","Construção civil","Sim"
"Gerência Regional / GO","860649/2022","Requerimento de Autorização de Pesquisa","Requerimento de Lavra","16.699.143/0001-73","NATALIA ANDRADE RIBEIRO NR MINERAÇÃO","CRISTALINA - GO","AREIA","Construção civil","Sim"
"Gerência Regional / GO","860344/2017","Requerimento de Cessão parcial","Requerimento de Lavra","16.699.143/0001-73","NATALIA ANDRADE RIBEIRO NR MINERAÇÃO","CRISTALINA - GO","AREIA","Construção civil","Sim"
"Gerência Regional / GO","860778/2015","Requerimento de Autorização de Pesquisa","Requerimento de Lavra","12.928.046/0001-54","D&M AREIA BOA LTDA","PIRES DO RIO - GO, URUTAÍ - GO","AREIA, CASCALHO","Construção civil, Construção civil","Sim"
"Gerência Regional / GO","860227/2019","Requerimento de Autorização de Pesquisa","Requerimento de Lavra","04.791.723/0001-07","NC - COMERCIO VAREJISTA DE AREIAS LTDA","HIDROLÂNDIA - GO, PIRACANJUBA - GO","AREIA","Construção civil","Sim"
"Gerência Regional / GO","860827/2013","Requerimento de Autorização de Pesquisa","Requerimento de Lavra","25.355.031/0001-96","JERIBA MINERACAO DE PEDRAS ORNAMENTAIS, EXTRACAO, IMPORTACAO E EXPORTACAO LTDA","CRIXÁS - GO","DIABÁSIO, GRANITO","Revestimento, Revestimento","Sim"
"Gerência Regional / GO","860315/2017","Requerimento de Cessão parcial","Requerimento de Lavra","24.143.457/0001-13","RAVAZE MINERACAO LTDA","IVOLÂNDIA - GO, PALESTINA DE GOIÁS - GO","AREIA","Construção civil","Sim"
"Gerência Regional / GO","860314/2017","Requerimento de Cessão parcial","Requerimento de Lavra","24.143.457/0001-13","RAVAZE MINERACAO LTDA","IVOLÂNDIA - GO, PALESTINA DE GOIÁS - GO","AREIA","Construção civil","Sim"
"Gerência Regional / GO","860165/2011","Requerimento de Autorização de Pesquisa","Requerimento de Lavra","12.357.823/0001-58","AGROINDUSTRIAL FAZENDA MARQUESA LTDA","RIO VERDE - GO, SANTO ANTÔNIO DA BARRA - GO","ROCHA POTÁSSICA","Industrial","Sim"
"Gerência Regional / GO","860172/2011","Requerimento de Autorização de Pesquisa","Requerimento de Lavra","12.357.823/0001-58","AGROINDUSTRIAL FAZENDA MARQUESA LTDA","RIO VERDE - GO","ROCHA POTÁSSICA","Industrial","Sim"
"Gerência Regional / GO","860171/2011","Requerimento de Autorização de Pesquisa","Requerimento de Lavra","12.357.823/0001-58","AGROINDUSTRIAL FAZENDA MARQUESA LTDA","RIO VERDE - GO, SANTO ANTÔNIO DA BARRA - GO","ROCHA POTÁSSICA","Industrial","Sim"
"Gerência Regional / GO","860170/2011","Requerimento de Autorização de Pesquisa","Requerimento de Lavra","12.357.823/0001-58","AGROINDUSTRIAL FAZENDA MARQUESA LTDA","SANTO ANTÔNIO DA BARRA - GO","ROCHA POTÁSSICA","Industrial","Sim"
"Gerência Regional / GO","860169/2011","Requerimento de Autorização de Pesquisa","Requerimento de Lavra","12.357.823/0001-58","AGROINDUSTRIAL FAZENDA MARQUESA LTDA","SANTO ANTÔNIO DA BARRA - GO","ROCHA POTÁSSICA","Industrial","Sim"
"Gerência Regional / GO","860556/2017","Requerimento de Autorização de Pesquisa","Requerimento de Lavra","09.426.949/0001-22","GRAN FORT SOCIEDADE UNIPESSOAL LTDA","CAMPESTRE DE GOIÁS - GO, PALMEIRAS DE GOIÁS - GO","AREIA","Construção civil","Sim"
"Gerência Regional / GO","860665/2007","Requerimento de Autorização de Pesquisa","Requerimento de Lavra","28.188.719/0001-17","CNC CARBONATOS NIQUELANDIA E COLINAS EXPLORACAO E COMERCIALIZACAO DE MINERIOS LTDA","COLINAS DO SUL - GO","CALCÁRIO CALCÍTICO, CALCÁRIO DOLOMÍTICO, MINÉRIO DE OURO","Corretivo de solo, Corretivo de solo, Industrial","Sim"
"Gerência Regional / GO","860301/2018","Requerimento de Cessão parcial","Requerimento de Lavra","30.314.158/0001-05","AREIÃO SANTA FÉ EIRELI","SILVÂNIA - GO, VIANÓPOLIS - GO","ARGILA","Cerâmica vermelha","Sim"
"Gerência Regional / GO","860238/2010","Requerimento de Autorização de Pesquisa","Requerimento de Lavra","19.500.340/0001-00","HGM MINERACAO E TRANSPORTES LTDA","CIDADE OCIDENTAL - GO, CRISTALINA - GO","AREIA, ARGILA, MINÉRIO DE OURO","Construção civil, Industrial, Industrial","Sim"
"Gerência Regional / GO","860134/2019","Requerimento de Autorização de Pesquisa","Requerimento de Lavra","***.784.071-**","RICARDO ROSA SOUZA","ACREÚNA - GO, SANTO ANTÔNIO DA BARRA - GO","AREIA","Construção civil","Sim"
"Gerência Regional / GO","860647/2021","Requerimento de Lavra - Oferta Pública","Requerimento de Lavra","03.780.335/0001-68","TROPICO MINERACAO LTDA","MOSSÂMEDES - GO","AREIA","Construção civil","Sim"
"Gerência Regional / GO","860751/2021","Requerimento de Lavra - Leilão","Requerimento de Lavra","03.780.335/0001-68","TROPICO MINERACAO LTDA","GOIANÉSIA - GO","MINÉRIO DE OURO","Industrial","Sim"
"Gerência Regional / GO","860556/2016","Requerimento de Autorização de Pesquisa","Requerimento de Lavra","30.326.153/0001-94","JONAS DIAS DOS SANTOS - DRAGA LL COMERCIO E SERVICOS","MONTE ALEGRE DE GOIÁS - GO","AREIA","Construção civil","Sim"
"Gerência Regional / GO","860410/2018","Requerimento de Cessão parcial","Requerimento de Lavra","33.419.930/0001-33","TERRA NOVA MINERACAO LTDA","SANTO ANTÔNIO DA BARRA - GO","BASALTO, FOSFATO","Brita, Fertilizantes","Sim"
"Gerência Regional / GO","860409/2018","Requerimento de Cessão parcial","Requerimento de Lavra","33.419.930/0001-33","TERRA NOVA MINERACAO LTDA","SANTO ANTÔNIO DA BARRA - GO","BASALTO, FOSFATO","Brita, Fertilizantes","Sim"
"Gerência Regional / GO","861724/2012","Requerimento de Autorização de Pesquisa","Requerimento de Lavra","33.419.930/0001-33","TERRA NOVA MINERACAO LTDA","CAIAPÔNIA - GO","BASALTO, FOSFATO","Brita, Fertilizantes","Sim"
"Gerência Regional / GO","861526/2014","Requerimento de Autorização de Pesquisa","Requerimento de Lavra","12.135.882/0001-81","Areia & Cia Ltda Me","SANTA CRUZ DE GOIÁS - GO","AREIA, DIAMANTE","Construção civil, Industrial","Sim"
"Gerência Regional / GO","861602/2014","Requerimento de Disponibilidade para pesquisa","Requerimento de Lavra","19.112.035/0001-40","Areia Areiao Ltda","MOSSÂMEDES - GO, SANCLERLÂNDIA - GO","AREIA","Construção civil","Sim"
"Gerência Regional / GO","860560/2011","Requerimento de Autorização de Pesquisa","Requerimento de Lavra","14.812.123/0001-31","HELIO SILVESTRE DE OLIVEIRA","BURITI DE GOIÁS - GO, CÓRREGO DO OURO - GO","AREIA, CASCALHO, MINÉRIO DE OURO","Construção civil, Construção civil, Industrial","Sim"
"Gerência Regional / GO","860307/2015","Requerimento de Autorização de Pesquisa","Requerimento de Lavra","03.019.344/0001-30","FC SERVICOS E CONSTRUTORA E INCORPORADORA LTDA","BRASÍLIA - DF, NOVO GAMA - GO, SANTO ANTÔNIO DO DESCOBERTO - GO","AREIA, CASCALHO, MINÉRIO DE OURO, QUARTZITO","Construção civil, Construção civil, Industrial, Industrial","Sim"
"Gerência Regional / GO","861117/2012","Requerimento de Autorização de Pesquisa","Requerimento de Lavra","22.085.274/0001-63","Sandbox Ecomineração de Areia Eirelli","ACREÚNA - GO, INDIARA - GO, JANDAIA - GO","AREIA, CASCALHO","Construção civil, Construção civil","Sim"
"Gerência Regional / GO","860513/2017","Requerimento de Autorização de Pesquisa","Requerimento de Lavra","***.023.801-**","VALERIA BONIFACIO","RIO VERDE - GO","ÁGUA MINERAL","Engarrafamento","Sim"
"Gerência Regional / GO","861152/2010","Requerimento de Autorização de Pesquisa","Requerimento de Lavra","13.734.459/0001-60","MINERACAO PARAISO LTDA","ALOÂNDIA - GO, MORRINHOS - GO, PONTALINA - GO","AREIA, CASCALHO, MINÉRIO DE OURO","Construção civil, Construção civil, Industrial","Sim"
"Gerência Regional / GO","860011/2021","Requerimento de Cessão parcial","Requerimento de Lavra","04.455.520/0001-40","TRIANGULO MATERIAIS PARA CONSTRUCAO LTDA","ANHANGUERA - GO","ARGILA","Construção civil","Sim"
"Gerência Regional / GO","860595/2015","Requerimento de Autorização de Pesquisa","Requerimento de Lavra","14.545.013/0001-50","SIMER ENGENHARIA E MONITORAMENTO LTDA","RIANÁPOLIS - GO","GNAISSE","Brita","Sim"
"Gerência Regional / GO","860902/2018","Requerimento de Autorização de Pesquisa","Requerimento de Lavra","***.166.001-**","Valdeci José de Barros ","CORUMBAÍBA - GO","AREIA","Construção civil","Sim"
"Gerência Regional / GO","861771/2010","Requerimento de Autorização de Pesquisa","Requerimento de Lavra","09.548.841/0001-02","Carvalho Serviços Comerciais Ltda Me","CÓRREGO DO OURO - GO, MOIPORÁ - GO","AREIA, MINÉRIO DE OURO","Construção civil, Industrial","Sim"
"Gerência Regional / GO","860709/2016","Requerimento de Cessão parcial","Requerimento de Lavra","21.262.946/0001-04","AREIAL JL LTDA","ITAPURANGA - GO, SÃO PATRÍCIO - GO","AREIA","Construção civil","Sim"
"Gerência Regional / GO","860156/2010","Requerimento de Autorização de Pesquisa","Requerimento de Lavra","23.016.277/0001-08","Calcária Mineradora Ltda","PADRE BERNARDO - GO","QUARTZITO, QUARTZO","Industrial, Industrial","Sim"
"Gerência Regional / GO","860887/2019","Requerimento de Cessão parcial","Requerimento de Lavra","***.645.121-**","Jean de Gardin Ribeiro Chagas","CRISTALINA - GO","AREIA","Construção civil","Sim"
"Gerência Regional / GO","861202/2013","Requerimento de Autorização de Pesquisa","Requerimento de Lavra","23.435.208/0001-39","GRAN MARBLIE MINERADORA LTDA","BELA VISTA DE GOIÁS - GO","DIAMANTE, GRANITO, XISTO, XISTO","Brita, Industrial, Revestimento, Revestimento","Sim"
"Gerência Regional / GO","861527/2014","Requerimento de Cessão parcial","Requerimento de Lavra","18.816.726/0001-62","AREAL CEDRO LTDA","CÓRREGO DO OURO - GO, SANCLERLÂNDIA - GO","AREIA","Construção civil","Sim"
"Gerência Regional / GO","861221/2013","Requerimento de Autorização de Pesquisa","Requerimento de Lavra","11.442.890/0001-08","Soaf Empreendimentos e Participações Ltda.","ABADIÂNIA - GO","AREIA, CASCALHO","Construção civil, Construção civil","Sim"
"Gerência Regional / GO","861428/2013","Requerimento de Cessão parcial","Requerimento de Lavra","22.160.712/0001-00","Jf Areal Eireli Me","SANTA CRUZ DE GOIÁS - GO","AREIA","Construção civil","Sim"
"Gerência Regional / GO","861251/2016","Requerimento de Autorização de Pesquisa","Requerimento de Lavra","07.014.051/0001-11","Mineração Pedras Mil Ltda Me","CAVALCANTE - GO","QUARTZITO","Revestimento","Sim"
"Gerência Regional / GO","860650/2022","Requerimento de Autorização de Pesquisa","Requerimento de Lavra","16.699.143/0001-73","NATALIA ANDRADE RIBEIRO NR MINERAÇÃO","CRISTALINA - GO","AREIA","Construção civil","Sim"
"Gerência Regional / GO","860845/2016","Requerimento de Autorização de Pesquisa","Requerimento de Lavra","***.749.586-**","MARLI MARIA GOMES FERNANDES","CAVALCANTE - GO","MINÉRIO DE FERRO","Industrial","Sim"
"Gerência Regional / GO","861065/2025","Requerimento de Cessão parcial","Requerimento de Lavra","12.928.046/0001-54","D&M AREIA BOA LTDA","PIRES DO RIO - GO, SANTA CRUZ DE GOIÁS - GO","AREIA","Construção civil","Sim"
"Gerência Regional / GO","860418/2016","Requerimento de Autorização de Pesquisa","Requerimento de Lavra","21.392.141/0001-77","LANTERRAS MINERACAO EIRELI","CAMPINORTE - GO, FORMOSO - GO","CAULIM, MÁRMORE","Industrial, Revestimento","Sim"
"Gerência Regional / GO","861620/2021","Requerimento de Mudança de Regime para Aut. de Pesquisa","Requerimento de Lavra","24.216.534/0001-18","AREIAL E TERRAPLANAGEM SILVEIRA LTDA","GOIÁS - GO","AREIA","Construção civil","Sim"
"Gerência Regional / GO","860615/2013","Requerimento de Cessão parcial","Requerimento de Lavra","24.968.522/0001-40","Czizeski Mineração Indaia Ltda Me","FORMOSA - GO","AREIA","Construção civil","Sim"
"Gerência Regional / GO","860370/2014","Requerimento de Autorização de Pesquisa","Requerimento de Lavra","04.791.723/0001-07","NC - COMERCIO VAREJISTA DE AREIAS LTDA","PIRACANJUBA - GO","AREIA","Construção civil","Sim"
"Gerência Regional / GO","861390/2009","Requerimento de Autorização de Pesquisa","Requerimento de Lavra","22.008.474/0001-12","Vicente Gomes Costa Neto","BELA VISTA DE GOIÁS - GO","MINÉRIO DE OURO, QUARTZITO","Industrial, Industrial","Sim"
"Gerência Regional / GO","860755/2009","Requerimento de Autorização de Pesquisa","Requerimento de Lavra","26.212.301/0001-72","Mineradora Magal Ltda Me","GOIANÉSIA - GO, SANTA ISABEL - GO","AREIA, CASCALHO, MINÉRIO DE OURO","Construção civil, Construção civil, Industrial","Sim"
"Gerência Regional / GO","861357/2015","Requerimento de Autorização de Pesquisa","Requerimento de Lavra","26.895.654/0001-14","L & L DISTRIBUIDORA DE AREIA E TRANSPORTES EIRELI","AURILÂNDIA - GO","AREIA","Construção civil","Sim"
"Gerência Regional / GO","861506/2015","Requerimento de Autorização de Pesquisa","Requerimento de Lavra","24.143.457/0001-13","RAVAZE MINERACAO LTDA","IVOLÂNDIA - GO, PALESTINA DE GOIÁS - GO","AREIA, DIAMANTE","Construção civil, Industrial","Sim"
"Gerência Regional / GO","860168/2011","Requerimento de Autorização de Pesquisa","Requerimento de Lavra","12.357.823/0001-58","AGROINDUSTRIAL FAZENDA MARQUESA LTDA","RIO VERDE - GO, SANTO ANTÔNIO DA BARRA - GO","MINÉRIO DE COBRE, ROCHA POTÁSSICA","Industrial, Industrial","Sim"
"Gerência Regional / GO","860234/2016","Requerimento de Autorização de Pesquisa","Requerimento de Lavra","15.104.852/0001-04","SANTASOPHIE AGROPECUARIA LTDA","BONÓPOLIS - GO, MUNDO NOVO - GO","AREIA, DIAMANTE","Construção civil, Industrial","Sim"
"Gerência Regional / GO","862280/2011","Requerimento de Autorização de Pesquisa","Requerimento de Lavra","09.426.949/0001-22","GRAN FORT SOCIEDADE UNIPESSOAL LTDA","CAMPESTRE DE GOIÁS - GO, PALMEIRAS DE GOIÁS - GO","AREIA, MINÉRIO DE OURO","Construção civil, Industrial","Sim"
"Gerência Regional / GO","860666/2007","Requerimento de Autorização de Pesquisa","Requerimento de Lavra","28.188.719/0001-17","CNC CARBONATOS NIQUELANDIA E COLINAS EXPLORACAO E COMERCIALIZACAO DE MINERIOS LTDA","NIQUELÂNDIA - GO","CALCÁRIO CALCÍTICO, CALCÁRIO DOLOMÍTICO, MINÉRIO DE OURO","Corretivo de solo, Corretivo de solo, Industrial","Sim"
"Gerência Regional / GO","861769/2013","Requerimento de Autorização de Pesquisa","Requerimento de Lavra","23.457.651/0001-00","NOVA POTASH AGRICULTURA S.A","GOIÁS - GO","SIENITO","Industrial","Sim"
"Gerência Regional / GO","861231/2014","Requerimento de Autorização de Pesquisa","Requerimento de Lavra","28.454.986/0001-99","REI DA AREIA LTDA","CAIAPÔNIA - GO, IVOLÂNDIA - GO","AREIA, DIAMANTE","Construção civil, Industrial","Sim"
"Gerência Regional / GO","861463/2011","Requerimento de Autorização de Pesquisa","Requerimento de Lavra","11.430.844/0001-99","Associação Pai Eterno e Perpetuo Socorro","IPORÁ - GO","GRANITO","Revestimento","Sim"
"Gerência Regional / GO","860291/2016","Requerimento de Autorização de Pesquisa","Requerimento de Lavra","27.556.902/0001-65","ACTUALPAR ADMINISTRACAO E PARTICIPACAO LTDA","APARECIDA DE GOIÂNIA - GO, HIDROLÂNDIA - GO","XISTO","Brita","Sim"
"Gerência Regional / GO","860302/2018","Requerimento de Cessão parcial","Requerimento de Lavra","30.314.158/0001-05","AREIÃO SANTA FÉ EIRELI","SILVÂNIA - GO","AREIA","Construção civil","Sim"
"Gerência Regional / GO","861447/2009","Requerimento de Autorização de Pesquisa","Requerimento de Lavra","19.500.340/0001-00","HGM MINERACAO E TRANSPORTES LTDA","PLANALTINA - GO","AREIA, MINÉRIO DE OURO","Construção civil, Industrial","Sim"
"Gerência Regional / GO","860812/2021","Requerimento de Autorização de Pesquisa","Requerimento de Lavra","***.784.071-**","RICARDO ROSA SOUZA","CAIAPÔNIA - GO","AREIA, DIAMANTE","Construção civil, Industrial","Sim"
"Gerência Regional / GO","860648/2021","Requerimento de Lavra - Oferta Pública","Requerimento de Lavra","03.780.335/0001-68","TROPICO MINERACAO LTDA","NOVA VENEZA - GO","AREIA","Construção civil","Sim"
"Gerência Regional / GO","862726/2008","Requerimento de Cessão parcial","Requerimento de Lavra","06.040.951/0001-70","AMA MATERIAIS PARA CONSTRUÇÃO E MADEIREIRA LTDA","SILVÂNIA - GO, VIANÓPOLIS - GO","AREIA","Construção civil","Sim"
"Gerência Regional / GO","861287/2011","Requerimento de Autorização de Pesquisa","Requerimento de Lavra","28.207.333/0001-05","HELIO SILVESTRE DE OLIVEIRA","CÓRREGO DO OURO - GO","AREIA, CASCALHO, MINÉRIO DE OURO","Construção civil, Construção civil, Industrial","Sim"
"Gerência Regional / GO","862359/2007","Requerimento de Autorização de Pesquisa","Requerimento de Lavra","11.582.320/0001-13","RICK & MILLA ESCAVAÇÕES LTDA","LUZIÂNIA - GO, ORIZONA - GO","AREIA, CASCALHO, MINÉRIO DE OURO","Construção civil, Construção civil, Industrial","Sim"
"Gerência Regional / GO","860885/2016","Requerimento de Autorização de Pesquisa","Requerimento de Lavra","30.326.153/0001-94","JONAS DIAS DOS SANTOS - DRAGA LL COMERCIO E SERVICOS","ARRAIAS - TO, MONTE ALEGRE DE GOIÁS - GO","AREIA","Construção civil","Sim"
"Gerência Regional / GO","860542/2020","Requerimento de Cessão parcial","Requerimento de Lavra","27.002.490/0001-11","DRAGA PARAISO EIRELI","SANTA RITA DO NOVO DESTINO - GO, URUAÇU - GO","AREIA, CASCALHO","Demais substâncias, Demais substâncias","Sim"
"Gerência Regional / GO","860187/2016","Requerimento de Autorização de Pesquisa","Requerimento de Lavra","32.914.896/0001-00","DANIELA MARTINS MATOS BARCELOS ","BALIZA - GO","AREIA, CASCALHO, DIAMANTE","Construção civil, Construção civil, Industrial","Sim"
"Gerência Regional / GO","861279/2013","Requerimento de Autorização de Pesquisa","Requerimento de Lavra","33.419.930/0001-33","TERRA NOVA MINERACAO LTDA","RIO VERDE - GO, SANTO ANTÔNIO DA BARRA - GO","BASALTO, FOSFATO","Brita, Fertilizantes","Sim"
"Gerência Regional / GO","860829/2015","Requerimento de Autorização de Pesquisa","Requerimento de Lavra","32.552.547/0001-96","CALCÁRIO GUARANI EIRELI","GUARANI DE GOIÁS - GO","CALCÁRIO, CALCÁRIO, CALCÁRIO, DOLOMITO","Corretivo de solo, Corretivo de solo, Fabricação de cal, Fabricação de cimento","Sim"
"Gerência Regional / GO","860851/2019","Requerimento de Cessão parcial","Requerimento de Lavra","35.098.530/0001-07","BRASIL EXTRACAO E COMERCIO DE AREIA LTDA","RIO VERDE - GO","AREIA","Construção civil","Sim"
"Gerência Regional / GO","860850/2019","Requerimento de Cessão parcial","Requerimento de Lavra","35.098.530/0001-07","BRASIL EXTRACAO E COMERCIO DE AREIA LTDA","RIO VERDE - GO","AREIA","Construção civil","Sim"
"Gerência Regional / GO","860397/2011","Requerimento de Autorização de Pesquisa","Requerimento de Lavra","36.601.506/0001-01","MINERACAO RIO TIGRE LTDA","PADRE BERNARDO - GO","CALCÁRIO","Fabricação de cimento","Sim"
"Gerência Regional / GO","860060/2022","Requerimento de Cessão parcial","Requerimento de Lavra","36.601.506/0001-01","MINERACAO RIO TIGRE LTDA","COCALZINHO DE GOIÁS - GO","CALCÁRIO","Brita","Sim"
"Gerência Regional / GO","860030/2022","Requerimento de Cessão parcial","Requerimento de Lavra","36.601.506/0001-01","MINERACAO RIO TIGRE LTDA","COCALZINHO DE GOIÁS - GO","CALCÁRIO","Brita","Sim"
"Gerência Regional / GO","860394/2011","Requerimento de Autorização de Pesquisa","Requerimento de Lavra","20.332.915/0001-01","RUBERPAULO PEREIRA DUARTE LTDA","CEZARINA - GO, MAIRIPOTABA - GO","AREIA, MINÉRIO DE OURO","Construção civil, Industrial","Sim"
"Gerência Regional / GO","860243/2022","Requerimento de Disponibilidade para pesquisa","Requerimento de Lavra","37.873.043/0001-91","MINERACAO ATLANTA LTDA","JUSSARA - GO, MONTES CLAROS DE GOIÁS - GO","AREIA, CASCALHO, DIAMANTE, DIAMANTE","Construção civil, Construção civil, Gema, Industrial","Sim"
"Gerência Regional / GO","860699/2021","Requerimento de Lavra - Leilão","Requerimento de Lavra","37.873.043/0001-91","MINERACAO ATLANTA LTDA","ALEXÂNIA - GO","GRANITO","Brita","Sim"
"Gerência Regional / GO","860511/2018","Requerimento de Disponibilidade para pesquisa","Requerimento de Lavra","37.873.043/0001-91","MINERACAO ATLANTA LTDA","FAZENDA NOVA - GO, MONTES CLAROS DE GOIÁS - GO","AREIA","Construção civil","Sim"
"Gerência Regional / GO","860455/2020","Requerimento de Cessão parcial","Requerimento de Lavra","37.873.043/0001-91","MINERACAO ATLANTA LTDA","FAZENDA NOVA - GO, MONTES CLAROS DE GOIÁS - GO","AREIA","Construção civil","Sim"
"Gerência Regional / GO","860450/2020","Requerimento de Cessão parcial","Requerimento de Lavra","37.873.043/0001-91","MINERACAO ATLANTA LTDA","FAZENDA NOVA - GO, JUSSARA - GO, MONTES CLAROS DE GOIÁS - GO","AREIA","Construção civil","Sim"
"Gerência Regional / GO","860634/2021","Requerimento de Lavra - Leilão","Requerimento de Lavra","31.277.557/0001-06","TERRA BRANCA LOGISTICA E TRANSPORTES LTDA","FORMOSA - GO","CALCÁRIO","Demais substâncias","Sim"
"Gerência Regional / GO","860525/2021","Requerimento de Pesquisa - Leilão","Requerimento de Lavra","03.548.771/0001-06","FB FORNECEDORA BESERRA LTDA","HIDROLINA - GO, SANTA RITA DO NOVO DESTINO - GO","AREIA","Construção civil","Sim"
"Gerência Regional / GO","861833/2024","Requerimento de Lavra - Leilão","Requerimento de Lavra","10.767.496/0001-87","CANAA EMPREENDIMENTOS EIRELI","PARAÚNA - GO","AREIA","Construção civil","Sim"
"Gerência Regional / GO","861411/2010","Requerimento de Autorização de Pesquisa","Requerimento de Lavra","10.767.496/0001-87","CANAA EMPREENDIMENTOS EIRELI","CACHOEIRA DE GOIÁS - GO, PARAÚNA - GO","AREIA, MINÉRIO DE OURO","Construção civil, Industrial","Sim"
"Gerência Regional / GO","862856/2011","Requerimento de Cessão parcial","Requerimento de Lavra","10.767.496/0001-87","CANAA EMPREENDIMENTOS EIRELI","CACHOEIRA DE GOIÁS - GO","AREIA","Construção civil","Sim"
"Gerência Regional / GO","862855/2011","Requerimento de Cessão parcial","Requerimento de Lavra","10.767.496/0001-87","CANAA EMPREENDIMENTOS EIRELI","CACHOEIRA DE GOIÁS - GO","AREIA","Construção civil","Sim"
"Gerência Regional / GO","862854/2011","Requerimento de Cessão parcial","Requerimento de Lavra","10.767.496/0001-87","CANAA EMPREENDIMENTOS EIRELI","CACHOEIRA DE GOIÁS - GO","AREIA","Construção civil","Sim"
"Gerência Regional / GO","860611/2021","Requerimento de Lavra - Oferta Pública","Requerimento de Lavra","06.002.955/0001-64","BIZZI & ASSOCIADOS, SERVICOS GEOLOGICOS E PARTICIPACOES NO DESENVOLVIMENTO DE RECURSOS MINERAIS LTDA","BRASÍLIA - DF, SANTO ANTÔNIO DO DESCOBERTO - GO","ÁGUA MINERAL","Industrial","Sim"
"Gerência Regional / GO","861211/2021","Requerimento de Lavra - Leilão","Requerimento de Lavra","41.990.903/0001-44","MINERACAO RS2 AGROBUSINESS LTDA","FORMOSA - GO","CALCÁRIO","Fabricação de cimento","Sim"
"Gerência Regional / GO","861228/2021","Requerimento de Lavra - Leilão","Requerimento de Lavra","41.990.903/0001-44","MINERACAO RS2 AGROBUSINESS LTDA","CATURAÍ - GO","ÁGUA MINERAL","Industrial","Sim"
"Gerência Regional / GO","861263/2021","Requerimento de Lavra - Oferta Pública","Requerimento de Lavra","26.239.545/0001-49","WISE MATERIALS CONSULTORIA PESQUISA E DESENVOLVIMENTO DE MATERIAIS EIRELI","CEZARINA - GO, PALMEIRAS DE GOIÁS - GO","ARGILA","Industrial","Sim"
"Gerência Regional / GO","861697/2024","Requerimento de Lavra - Leilão","Requerimento de Lavra","41.796.222/0001-40","ASF MINERACAO LTDA","CORUMBÁ DE GOIÁS - GO","AREIA","Construção civil","Sim"
"Gerência Regional / GO","861696/2024","Requerimento de Lavra - Leilão","Requerimento de Lavra","41.796.222/0001-40","ASF MINERACAO LTDA","JUSSARA - GO, MONTES CLAROS DE GOIÁS - GO","AREIA","Construção civil","Sim"
"Gerência Regional / GO","861046/2012","Requerimento de Autorização de Pesquisa","Requerimento de Lavra","73.621.831/0001-54","FERNANDO GONCALVES","EDEALINA - GO, PONTALINA - GO","AREIA","Construção civil","Sim"
"Gerência Regional / GO","861753/2021","Requerimento de Cessão parcial","Requerimento de Lavra","27.786.629/0001-65","ENGESIS SERVICOS EIRELI","FAZENDA NOVA - GO, JAUPACI - GO","DIAMANTE INDUSTRIAL, MINÉRIO DE OURO","Industrial, Industrial","Sim"
"Gerência Regional / GO","860830/2022","Requerimento de Cessão parcial","Requerimento de Lavra","27.786.629/0001-65","ENGESIS SERVICOS EIRELI","ISRAELÂNDIA - GO, JAUPACI - GO","DIAMANTE INDUSTRIAL, MINÉRIO DE OURO","Industrial, Industrial","Sim"
"Gerência Regional / GO","860466/2022","Requerimento de Cessão parcial","Requerimento de Lavra","27.786.629/0001-65","ENGESIS SERVICOS EIRELI","FAZENDA NOVA - GO, ISRAELÂNDIA - GO, JAUPACI - GO","DIAMANTE INDUSTRIAL, MINÉRIO DE OURO","Industrial, Industrial","Sim"
"Gerência Regional / GO","860889/2022","Requerimento de Autorização de Pesquisa","Requerimento de Lavra","44.941.982/0001-91","R MOSQUETTA MINERACAO","CRISTALINA - GO","AREIA","Construção civil","Sim"
"Gerência Regional / MG","831924/1997","Requerimento de Autorização de Pesquisa","Requerimento de Lavra","45.701.942/0001-35","AREAL PARANAIBA LTDA","ARAGUARI - MG, CORUMBAÍBA - GO","AREIA, CASCALHO, DIAMANTE INDUSTRIAL","Demais substâncias, Demais substâncias, Demais substâncias","Sim"
"Gerência Regional / MG","830609/1998","Requerimento de Autorização de Pesquisa","Requerimento de Lavra","45.701.942/0001-35","AREAL PARANAIBA LTDA","ARAGUARI - MG, CUMARI - GO","AREIA","Demais substâncias","Sim"
"Gerência Regional / MG","833696/1996","Requerimento de Autorização de Pesquisa","Requerimento de Lavra","45.701.942/0001-35","AREAL PARANAIBA LTDA","ANHANGUERA - GO, ARAGUARI - MG","AREIA","Demais substâncias","Sim"
"Gerência Regional / MG","832004/2021","Requerimento de Lavra - Leilão","Requerimento de Lavra","45.701.942/0001-35","AREAL PARANAIBA LTDA","ARAGUARI - MG, CUMARI - GO","AREIA","Construção civil","Sim"
"Gerência Regional / GO","860106/2019","Requerimento de Cessão parcial","Requerimento de Lavra","46.220.818/0001-10","BRASIL CENTRAL MINERACAO LTDA","PADRE BERNARDO - GO","ARENITO, QUARTZITO","Construção civil, Revestimento","Sim"
"Gerência Regional / GO","860105/2019","Requerimento de Cessão parcial","Requerimento de Lavra","46.220.818/0001-10","BRASIL CENTRAL MINERACAO LTDA","PADRE BERNARDO - GO","ARENITO, QUARTZITO","Construção civil, Revestimento","Sim"
"Gerência Regional / GO","861720/2012","Requerimento de Autorização de Pesquisa","Requerimento de Lavra","46.220.818/0001-10","BRASIL CENTRAL MINERACAO LTDA","PADRE BERNARDO - GO","AREIA, QUARTZITO, QUARTZITO","Construção civil, Industrial, Revestimento","Sim"
"Gerência Regional / GO","860167/2007","Requerimento de Autorização de Pesquisa","Requerimento de Lavra","14.304.566/0001-11","PROSPECTOR MINERALS LTDA","FAINA - GO","MINÉRIO DE OURO, MINÉRIO DE PRATA","Industrial, Industrial","Sim"
"Gerência Regional / GO","860301/2017","Requerimento de Autorização de Pesquisa","Requerimento de Lavra","48.057.659/0001-00","ACLARA RESOURCES MINERACAO LTDA.","NOVA ROMA - GO","CASSITERITA, FLUORITA, TERRAS RARAS","Industrial, Industrial, Industrial","Sim"
"Gerência Regional / GO","860190/2017","Requerimento de Autorização de Pesquisa","Requerimento de Lavra","48.057.659/0001-00","ACLARA RESOURCES MINERACAO LTDA.","MONTE ALEGRE DE GOIÁS - GO, NOVA ROMA - GO","CASSITERITA, FLUORITA, TERRAS RARAS","Industrial, Industrial, Industrial","Sim"
"Gerência Regional / GO","861088/2021","Requerimento de Autorização de Pesquisa","Requerimento de Lavra","51.915.904/0001-88","EXTRACAO DE AREIA MODELO LTDA","JATAÍ - GO","AREIA","Construção civil","Sim"
"Gerência Regional / GO","860933/2023","Requerimento de Cessão parcial","Requerimento de Lavra","51.553.133/0001-26","PEDRO ELIAS FERREIRA LIMA  LTDA","SANTA TEREZINHA DE GOIÁS - GO, UIRAPURU - GO","AREIA","Construção civil","Sim"
"Gerência Regional / GO","861049/2022","Requerimento de Lavra - Leilão","Requerimento de Lavra","31.023.302/0003-70","THOR GRANITOS E MARMORES LTDA","MONTIVIDIU DO NORTE - GO","GRANITO","Revestimento","Sim"
"Gerência Regional / GO","861128/2021","Requerimento de Pesquisa - Oferta Pública ","Requerimento de Lavra","12.822.040/0001-06","AREIAL DOIS IRMAOS LTDA","SÃO LUÍS DE MONTES BELOS - GO","ARGILA","Cerâmica vermelha","Sim"
"Gerência Regional / GO","861905/2010","Requerimento de Autorização de Pesquisa","Requerimento de Lavra","97.837.181/0001-47","DEXCO S.A","ALOÂNDIA - GO","TALCO","Industrial","Sim"
"Gerência Regional / GO","860611/2024","Requerimento de Cessão parcial","Requerimento de Lavra","52.358.802/0001-71","GOIAS GOLD LTDA","JUSSARA - GO, MONTES CLAROS DE GOIÁS - GO","AREIA, CASCALHO, DIAMANTE, DIAMANTE","Construção civil, Construção civil, Gema, Industrial","Sim"
"Gerência Regional / GO","860761/2021","Requerimento de Lavra - Leilão","Requerimento de Lavra","60.869.336/0001-17","CSN CIMENTOS BRASIL S.A.","FORMOSA - GO","CALCÁRIO","Fabricação de cimento","Sim"
"Gerência Regional / GO","860760/2021","Requerimento de Lavra - Leilão","Requerimento de Lavra","60.869.336/0001-17","CSN CIMENTOS BRASIL S.A.","FORMOSA - GO","CALCÁRIO","Fabricação de cimento","Sim"
"Gerência Regional / GO","860319/2014","Requerimento de Autorização de Pesquisa","Requerimento de Lavra","33.709.757/0001-08","MINERACAO JP, COMERCIO, IMPORTACAO E EXPORTACAO EIRELI","CRIXÁS - GO, UIRAPURU - GO","AREIA","Construção civil","Sim"
"Gerência Regional / GO","860423/2018","Requerimento de Autorização de Pesquisa","Requerimento de Lavra","35.098.530/0001-07","BRASIL EXTRACAO E COMERCIO DE AREIA LTDA","CAVALCANTE - GO","MINÉRIO DE MANGANÊS","Industrial","Sim"
"Gerência Regional / GO","861628/2013","Requerimento de Autorização de Pesquisa","Requerimento de Lavra","33.507.961/0001-46","OURO FINO DE GOIAS MINERACAO E PARTICIPACOES S.A","NIQUELÂNDIA - GO","MINÉRIO DE OURO","Industrial","Sim"
"Gerência Regional / GO","861429/2009","Requerimento de Autorização de Pesquisa","Requerimento de Lavra","36.390.310/0001-07","MINERACAO METROPOLITANA DE GOIANIA LTDA","BELA VISTA DE GOIÁS - GO","ÁGUA MINERAL, CASCALHO, MINÉRIO DE OURO, XISTO","Brita, Construção civil, Engarrafamento, Industrial","Sim"
"Gerência Regional / GO","861164/2023","Requerimento de Cessão parcial","Requerimento de Lavra","36.601.506/0001-01","MINERACAO RIO TIGRE LTDA","COCALZINHO DE GOIÁS - GO","CALCÁRIO","Brita","Sim"
"Gerência Regional / GO","860622/2021","Requerimento de Autorização de Pesquisa","Requerimento de Lavra","20.332.915/0001-01","RUBERPAULO PEREIRA DUARTE LTDA","MAIRIPOTABA - GO","AREIA, DIAMANTE","Construção civil, Industrial","Sim"
"Gerência Regional / GO","860447/2020","Requerimento de Cessão parcial","Requerimento de Lavra","37.873.043/0001-91","MINERACAO ATLANTA LTDA","JUSSARA - GO, MONTES CLAROS DE GOIÁS - GO","AREIA","Construção civil","Sim"
"Gerência Regional / GO","860320/2018","Requerimento de Cessão parcial","Requerimento de Lavra","26.418.149/0001-89","KARLA LINA DA CRUZ 02698514108","ANICUNS - GO, NAZÁRIO - GO","AREIA","Construção civil","Sim"
"Gerência Regional / GO","860362/2017","Requerimento de Autorização de Pesquisa","Requerimento de Lavra","09.008.381/0001-20","FERRAGENS E AGROPECUARIA JOAO DE BARRO LTDA","LUZIÂNIA - GO, ORIZONA - GO","AREIA, CASCALHO, MINÉRIO DE OURO","Construção civil, Construção civil, Industrial","Sim"
"Gerência Regional / GO","861665/2024","Requerimento de Lavra - Leilão","Requerimento de Lavra","01.161.729/0001-02","GERACAO LOCACOES E PARTICIPACOES LTDA","GOIÁS - GO","ESTEATITO","Industrial","Sim"
"Gerência Regional / GO","860517/2020","Requerimento de Autorização de Pesquisa","Requerimento de Lavra","35.288.553/0001-76","AGUIA EXTRACAO E COMERCIO DE AREIAS LTDA","ITAPURANGA - GO","AREIA","Construção civil","Sim"
"Gerência Regional / GO","861059/2021","Requerimento de Autorização de Pesquisa","Requerimento de Lavra","39.412.688/0001-52","AREIAL BORGES LTDA","SANCLERLÂNDIA - GO, SÃO LUÍS DE MONTES BELOS - GO","AREIA","Construção civil","Sim"
"Gerência Regional / GO","860008/2021","Requerimento de Autorização de Pesquisa","Requerimento de Lavra","***.956.511-**","FERNANDO GOMES NUNES","GUAPÓ - GO","ARGILA, MINÉRIO DE OURO","Industrial, Industrial","Sim"
"Gerência Regional / GO","860543/2014","Requerimento de Disponibilidade para lavra","Requerimento de Lavra","11.811.440/0001-45","AVBN GOLD PROSPECCAO DE MINERACAO LTDA","NIQUELÂNDIA - GO","MINÉRIO DE OURO, OURO","Demais substâncias, Industrial","Sim"
"Gerência Regional / GO","860374/2021","Requerimento de Autorização de Pesquisa","Requerimento de Lavra","***.065.201-**","ELIAS EDUARDO DIAS NASCIMENTO","JATAÍ - GO","AREIA","Construção civil","Sim"
"Gerência Regional / GO","860655/2010","Requerimento de Autorização de Pesquisa","Requerimento de Lavra","40.378.923/0001-04","JDM EXTRACAO DE AREIAS LTDA","ALOÂNDIA - GO, MORRINHOS - GO","AREIA, MINÉRIO DE OURO","Construção civil, Industrial","Sim"
"Gerência Regional / GO","860527/2021","Requerimento de Pesquisa - Leilão","Requerimento de Lavra","03.548.771/0001-06","FB FORNECEDORA BESERRA LTDA","SÃO LUIZ DO NORTE - GO","AREIA","Construção civil","Sim"
"Gerência Regional / GO","860587/2017","Requerimento de Autorização de Pesquisa","Requerimento de Lavra","03.163.210/0004-31","SARKIS MINERACAO LTDA","VILA PROPÍCIO - GO","CALCÁRIO CALCÍTICO, CALCÁRIO DOLOMÍTICO","Corretivo de solo, Fabricação de cal","Sim"
"Gerência Regional / GO","861242/2021","Requerimento de Autorização de Pesquisa","Requerimento de Lavra","21.614.252/0001-80","TRATOR MINA PECAS PARA TRATORES MINERACAO E TERRAPLANAGEM LTDA","PIRACANJUBA - GO","GNAISSE, GNAISSE","Brita, Revestimento","Sim"
"Gerência Regional / GO","861217/2021","Requerimento de Pesquisa - Leilão","Requerimento de Lavra","***.451.221-**","DANIEL DENER DE OLIVEIRA RAMOS","JARAGUÁ - GO","AREIA","Construção civil","Sim"
"Gerência Regional / GO","860743/2018","Requerimento de Autorização de Pesquisa","Requerimento de Lavra","19.017.399/0001-41","A R DA SILVA - AREIAL SERRADINHO","SANCLERLÂNDIA - GO, SÃO LUÍS DE MONTES BELOS - GO","AREIA, DIAMANTE","Construção civil, Industrial","Sim"
"Gerência Regional / GO","860710/2021","Requerimento de Lavra - Leilão","Requerimento de Lavra","41.104.400/0001-24","AREIAO GOIANESIA LTDA","GOIANÉSIA - GO, JARAGUÁ - GO","AREIA, CASCALHO","Construção civil, Construção civil","Sim"
"Gerência Regional / GO","862696/2008","Requerimento de Autorização de Pesquisa","Requerimento de Lavra","10.767.496/0001-87","CANAA EMPREENDIMENTOS EIRELI","CACHOEIRA DE GOIÁS - GO, PARAÚNA - GO","AREIA, MINÉRIO DE OURO","Construção civil, Industrial","Sim"
"Gerência Regional / GO","861227/2021","Requerimento de Lavra - Leilão","Requerimento de Lavra","41.990.903/0001-44","MINERACAO RS2 AGROBUSINESS LTDA","MONTE ALEGRE DE GOIÁS - GO","CALCÁRIO","Demais substâncias","Sim"
"Gerência Regional / GO","861146/2021","Requerimento de Cessão parcial","Requerimento de Lavra","08.336.184/0001-77","MULT CORP LTDA","ÁGUAS LINDAS DE GOIÁS - GO","ARGILA, CASCALHO","Construção civil, Industrial","Sim"
"Gerência Regional / GO","860588/2017","Requerimento de Autorização de Pesquisa","Requerimento de Lavra","43.095.209/0001-99","CALCARIO IMPERIO LTDA","PIRENÓPOLIS - GO, VILA PROPÍCIO - GO","CALCÁRIO CALCÍTICO, CALCÁRIO DOLOMÍTICO","Corretivo de solo, Corretivo de solo","Sim"
"Gerência Regional / GO","861694/2024","Requerimento de Lavra - Leilão","Requerimento de Lavra","41.796.222/0001-40","ASF MINERACAO LTDA","JUSSARA - GO, MONTES CLAROS DE GOIÁS - GO","AREIA","Construção civil","Sim"
"Gerência Regional / GO","861045/2012","Requerimento de Autorização de Pesquisa","Requerimento de Lavra","73.621.831/0001-54","FERNANDO GONCALVES","EDEALINA - GO, PONTALINA - GO","AREIA","Construção civil","Sim"
"Gerência Regional / GO","861142/2021","Requerimento de Pesquisa - Leilão","Requerimento de Lavra","43.513.516/0001-42","AREIAL DUNAS LTDA","CÓRREGO DO OURO - GO, SANCLERLÂNDIA - GO","AREIA","Construção civil","Sim"
"Gerência Regional / GO","860035/2022","Requerimento de Cessão parcial","Requerimento de Lavra","27.786.629/0001-65","ENGESIS SERVICOS EIRELI","FAZENDA NOVA - GO, JAUPACI - GO","AREIA, DIAMANTE, MINÉRIO DE OURO","Construção civil, Industrial, Industrial","Sim"
"Gerência Regional / GO","861319/2012","Requerimento de Disponibilidade para pesquisa","Requerimento de Lavra","43.294.058/0001-06","MINERADORA INDAIA LTDA","VILA PROPÍCIO - GO","CALCÁRIO, MINÉRIO DE OURO","Corretivo de solo, Industrial","Sim"
"Gerência Regional / GO","860416/2020","Requerimento de Mudança de Regime para Aut. de Pesquisa","Requerimento de Lavra","45.000.894/0001-58","PANTANAL EXTRACAO DE AREIA LTDA","GOIÁS - GO, ITAPIRAPUÃ - GO","AREIA","Construção civil","Sim"
"Gerência Regional / GO","861161/2021","Requerimento de Pesquisa - Leilão","Requerimento de Lavra","44.941.982/0001-91","R MOSQUETTA MINERACAO","CRISTALINA - GO","AREIA","Construção civil","Sim"
"Gerência Regional / GO","861346/2024","Requerimento de Lavra - Leilão","Requerimento de Lavra","45.895.595/0001-29","GOFERT MINERACAO LTDA","CAMPO ALEGRE DE GOIÁS - GO, IPAMERI - GO","ARGILA","Cerâmica vermelha","Sim"
"Gerência Regional / GO","860253/2004","Requerimento de Autorização de Pesquisa","Requerimento de Lavra","20.281.112/0001-75","NEILSON GONCALVES DE ALMEIDA JUNIOR","JATAÍ - GO","AREIA, ARGILA, MINÉRIO DE OURO","Construção civil, Construção civil, Metalurgia","Sim"
"Gerência Regional / GO","860708/2020","Requerimento de Cessão parcial","Requerimento de Lavra","41.407.791/0001-56","PEDREIRA R1 LTDA","MINAÇU - GO","MINÉRIO DE OURO","Industrial","Sim"
"Gerência Regional / MG","831925/1997","Requerimento de Autorização de Pesquisa","Requerimento de Lavra","45.701.942/0001-35","AREAL PARANAIBA LTDA","ARAGUARI - MG, CORUMBAÍBA - GO","AREIA, CASCALHO, DIAMANTE INDUSTRIAL","Demais substâncias, Demais substâncias, Demais substâncias","Sim"
"Gerência Regional / GO","860845/2007","Requerimento de Autorização de Pesquisa","Requerimento de Lavra","40.949.015/0001-15","MINERACAO ESPLANADA LTDA","HIDROLINA - GO, SANTA RITA DO NOVO DESTINO - GO","AREIA, MINÉRIO DE OURO","Construção civil, Industrial","Sim"
"Gerência Regional / GO","860306/2019","Requerimento de Cessão parcial","Requerimento de Lavra","46.220.818/0001-10","BRASIL CENTRAL MINERACAO LTDA","PLANALTINA - GO","QUARTZITO","Industrial","Sim"
"Gerência Regional / GO","760742/1996","Requerimento de Autorização de Pesquisa","Requerimento de Lavra","14.304.566/0001-11","PROSPECTOR MINERALS LTDA","FAINA - GO","OURO","Demais substâncias","Sim"
"Gerência Regional / GO","860643/2021","Requerimento de Lavra - Oferta Pública","Requerimento de Lavra","43.183.382/0001-49","MARCINHO EMPREENDIMENTO EIRELI","CATALÃO - GO, CUMARI - GO","AREIA","Construção civil","Sim"
"Gerência Regional / GO","861734/2024","Requerimento de Lavra - Leilão","Requerimento de Lavra","44.659.281/0001-64","MARIA VALDETE SERVICOS DE ENGENHARIA LTDA","ARAÇU - GO, CATURAÍ - GO","AREIA, CASCALHO","Construção civil, Construção civil","Sim"
"Gerência Regional / GO","861270/2015","Requerimento de Autorização de Pesquisa","Requerimento de Lavra","48.057.659/0001-00","ACLARA RESOURCES MINERACAO LTDA.","NOVA ROMA - GO","CASSITERITA, ILMENITA, TERRAS RARAS","Industrial, Industrial, Industrial","Sim"
"Gerência Regional / GO","861183/2022","Requerimento de Autorização de Pesquisa","Requerimento de Lavra","48.895.845/0001-19","SANTA NORMA EMPREENDIMENTOS LTDA","CHAPADÃO DO CÉU - GO","CASCALHO","Construção civil","Sim"
"Gerência Regional / GO","862853/2011","Requerimento de Cessão parcial","Requerimento de Lavra","48.895.418/0001-30","AREIAL 3 RIOS LTDA","CACHOEIRA DE GOIÁS - GO","AREIA","Construção civil","Sim"
"Gerência Regional / GO","860030/2011","Requerimento de Autorização de Pesquisa","Requerimento de Lavra","49.154.962/0001-94","VILA BOA MINERACAO LTDA","FAINA - GO","AREIA, CASCALHO, MINÉRIO DE OURO","Construção civil, Construção civil, Industrial","Sim"
"Gerência Regional / GO","860294/2023","Requerimento de Cessão parcial","Requerimento de Lavra","00.600.006/0001-08","DOMINGOS RODRIGUES DA SILVA O GOIANO","ARAGUAPAZ - GO, FAINA - GO","AREIA","Construção civil","Sim"
"Gerência Regional / GO","860495/2023","Requerimento de Cessão parcial","Requerimento de Lavra","49.956.353/0001-59","AREIAL JM LTDA","GOIÁS - GO","AREIA","Construção civil","Sim"
"Gerência Regional / GO","860082/2019","Requerimento de Autorização de Pesquisa","Requerimento de Lavra","30.007.268/0001-16","VP MINERACAO E SERVICOS LTDA","COCALZINHO DE GOIÁS - GO, VILA PROPÍCIO - GO","CALCÁRIO DOLOMÍTICO, MINÉRIO DE OURO","Fabricação de cal, Industrial","Sim"
"Gerência Regional / GO","861510/2024","Requerimento de Lavra - Leilão","Requerimento de Lavra","42.318.594/0001-23","MINERACAO RIO BONITO LTDA","SILVÂNIA - GO","QUARTZITO","Industrial","Sim"
"Gerência Regional / GO","861429/2021","Requerimento de Autorização de Pesquisa","Requerimento de Lavra","51.915.904/0001-88","EXTRACAO DE AREIA MODELO LTDA","JATAÍ - GO","AREIA","Construção civil","Sim"
"Gerência Regional / GO","860934/2023","Requerimento de Cessão parcial","Requerimento de Lavra","51.553.133/0001-26","PEDRO ELIAS FERREIRA LIMA  LTDA","SANTA TEREZINHA DE GOIÁS - GO, UIRAPURU - GO","AREIA","Construção civil","Sim"
"Gerência Regional / GO","860065/2021","Requerimento de Autorização de Pesquisa","Requerimento de Lavra","45.844.367/0001-20","ATACADAO EXTRACAO DE AREIA LTDA","CAIAPÔNIA - GO","AREIA","Construção civil","Sim"
"Gerência Regional / GO","860503/2022","Requerimento de Autorização de Pesquisa","Requerimento de Lavra","12.822.040/0001-06","AREIAL DOIS IRMAOS LTDA","MOSSÂMEDES - GO, SANCLERLÂNDIA - GO","AREIA","Construção civil","Sim"
"Gerência Regional / GO","861706/2024","Requerimento de Lavra - Leilão","Requerimento de Lavra","54.198.621/0001-50","AREIAL PEROLA I LTDA","JUSSARA - GO, MONTES CLAROS DE GOIÁS - GO","AREIA","Construção civil","Sim"
"Gerência Regional / GO","861245/2021","Requerimento de Pesquisa - Leilão","Requerimento de Lavra","97.529.075/0003-68","CRISTAL DISTRIBUIDORA LTDA","FAZENDA NOVA - GO, JAUPACI - GO","AREIA, DIAMANTE","Construção civil, Industrial","Sim"
"Gerência Regional / GO","861455/2021","Requerimento de Mudança de Regime para Aut. de Pesquisa","Requerimento de Lavra","54.414.945/0001-89","MINERACAO VALE DO CAIAPO LTDA","GOIÁS - GO, ITAPIRAPUÃ - GO","AREIA","Construção civil","Sim"
"Gerência Regional / GO","861751/2024","Requerimento de Lavra - Oferta Pública","Requerimento de Lavra","43.688.503/0001-04","SETAMIX CONCRETO LTDA","APARECIDA DO RIO DOCE - GO, RIO VERDE - GO","AREIA","Construção civil","Sim"
"Gerência Regional / GO","860176/2019","Requerimento de Autorização de Pesquisa","Requerimento de Lavra","54.864.056/0001-13","ALTO PARAISO MINERACAO LTDA","ALTO PARAÍSO DE GOIÁS - GO","SILTITO","Revestimento","Sim"
"Gerência Regional / GO","860612/2024","Requerimento de Cessão parcial","Requerimento de Lavra","52.358.802/0001-71","GOIAS GOLD LTDA","JUSSARA - GO, MONTES CLAROS DE GOIÁS - GO","AREIA, CASCALHO, DIAMANTE, DIAMANTE","Construção civil, Construção civil, Gema, Industrial","Sim"
"Gerência Regional / GO","861396/2024","Requerimento de Lavra - Leilão","Requerimento de Lavra","55.365.393/0001-29","SANTA FE MINERACAO LTDA","CORUMBÁ DE GOIÁS - GO","QUARTZITO","Construção civil","Sim"
"Gerência Regional / GO","861714/2024","Requerimento de Lavra - Leilão","Requerimento de Lavra","55.958.919/0001-84","AGROGOLD LTDA","MIMOSO DE GOIÁS - GO, VILA PROPÍCIO - GO","AREIA","Construção civil","Sim"
"Gerência Regional / GO","860171/2018","Requerimento de Autorização de Pesquisa","Requerimento de Lavra","62.906.702/0001-96","PEDREIRA GTG INDUSTRIA E COMERCIO LTDA","CALDAZINHA - GO","CASCALHO, FOSFATO, XISTO","Brita, Construção civil, Fertilizantes","Sim"
"Gerência Regional / GO","860472/2023","Requerimento de Mudança de Regime para Aut. de Pesquisa","Requerimento de Lavra","11.634.286/0001-83","SUPREMA TRANSPORTES E COMERCIO LTDA","GOIANÉSIA - GO, JARAGUÁ - GO, PIRENÓPOLIS - GO","AREIA","Construção civil","Sim"
"Gerência Regional / GO","861715/2024","Requerimento de Lavra - Leilão","Requerimento de Lavra","55.958.919/0001-84","AGROGOLD LTDA","COCALZINHO DE GOIÁS - GO, PADRE BERNARDO - GO","AREIA","Construção civil","Sim"
"Gerência Regional / GO","861733/2024","Requerimento de Lavra - Leilão","Requerimento de Lavra","34.774.516/0001-05","BRAVOS ENGENHARIA E CONSULTORIA LTDA","MORRINHOS - GO","BASALTO","Revestimento","Sim"
"Gerência Regional / GO","861287/2022","Requerimento de Autorização de Pesquisa","Requerimento de Lavra","59.760.882/0001-36","JL AREIAL LTDA","GOIANÉSIA - GO, SANTA ISABEL - GO","AREIA, CASCALHO","Construção civil, Construção civil","Sim"
"Gerência Regional / GO","860846/2025","Requerimento de Cessão parcial","Requerimento de Lavra","62.412.971/0001-04","CADEMI MINERACAO LTDA","FAZENDA NOVA - GO, MONTES CLAROS DE GOIÁS - GO","AREIA","Construção civil","Sim"
"Gerência Regional / GO","860913/2017","Requerimento de Autorização de Pesquisa","Requerimento de Lavra","34.959.384/0001-96","MJC SERVICOS LTDA","MIMOSO DE GOIÁS - GO","CALCÁRIO DOLOMÍTICO","Fabricação de cal","Sim"
"Gerência Regional / GO","860172/2018","Requerimento de Autorização de Pesquisa","Requerimento de Lavra","62.906.702/0001-96","PEDREIRA GTG INDUSTRIA E COMERCIO LTDA","CALDAZINHA - GO","CASCALHO, FOSFATO","Construção civil, Fertilizantes","Sim"
"Gerência Regional / GO","860012/2007","Requerimento de Autorização de Pesquisa","Requerimento de Lavra","02.174.951/0001-02","MINERACAO DE CALCARIO MONTIVIDIU LTDA","INDIARA - GO","CALCÁRIO","Fabricação de cal","Sim"
"Gerência Regional / GO","860110/2010","Requerimento de Autorização de Pesquisa","Requerimento de Lavra","02.174.951/0001-02","MINERACAO DE CALCARIO MONTIVIDIU LTDA","URUAÇU - GO","CALCÁRIO DOLOMÍTICO, MINÉRIO DE OURO","Corretivo de solo, Industrial","Sim"
"Gerência Regional / GO","860258/2015","Requerimento de Autorização de Pesquisa","Requerimento de Lavra","02.174.951/0001-02","MINERACAO DE CALCARIO MONTIVIDIU LTDA","CAIAPÔNIA - GO","CALCÁRIO, CALCÁRIO DOLOMÍTICO","Corretivo de solo, Corretivo de solo","Sim"
"Gerência Regional / GO","860454/2005","Requerimento de Autorização de Pesquisa","Requerimento de Lavra","02.174.951/0001-02","MINERACAO DE CALCARIO MONTIVIDIU LTDA","CAIAPÔNIA - GO","CALCÁRIO, CALCÁRIO DOLOMÍTICO","Corretivo de solo, Industrial","Sim"
"Gerência Regional / GO","860726/2008","Requerimento de Autorização de Pesquisa","Requerimento de Lavra","02.174.951/0001-02","MINERACAO DE CALCARIO MONTIVIDIU LTDA","EDÉIA - GO, INDIARA - GO","CALCÁRIO, CALCÁRIO, CALCÁRIO, MINÉRIO DE OURO","Corretivo de solo, Fabricação de cal, Fabricação de cimento, Industrial","Sim"
"Gerência Regional / GO","860728/2001","Requerimento de Autorização de Pesquisa","Requerimento de Lavra","02.174.951/0001-02","MINERACAO DE CALCARIO MONTIVIDIU LTDA","MONTIVIDIU - GO","DOLOMITO","Demais substâncias","Sim"
"Gerência Regional / GO","860848/2009","Requerimento de Autorização de Pesquisa","Requerimento de Lavra","02.174.951/0001-02","MINERACAO DE CALCARIO MONTIVIDIU LTDA","INDIARA - GO","CALCÁRIO CALCÍTICO, CALCÁRIO CALCÍTICO, CALCÁRIO DOLOMÍTICO","Corretivo de solo, Fabricação de cal, Fabricação de cimento","Sim"
"Gerência Regional / GO","860920/2009","Requerimento de Disponibilidade para pesquisa","Requerimento de Lavra","02.174.951/0001-02","MINERACAO DE CALCARIO MONTIVIDIU LTDA","URUAÇU - GO","CALCÁRIO, MINÉRIO DE OURO","Corretivo de solo, Industrial","Sim"
"Gerência Regional / GO","860947/2007","Requerimento de Autorização de Pesquisa","Requerimento de Lavra","02.174.951/0001-02","MINERACAO DE CALCARIO MONTIVIDIU LTDA","CAIAPÔNIA - GO","CALCÁRIO, CALCÁRIO CALCÍTICO","Corretivo de solo, Fabricação de cimento","Sim"
"Gerência Regional / GO","861089/2012","Requerimento de Autorização de Pesquisa","Requerimento de Lavra","02.174.951/0001-02","MINERACAO DE CALCARIO MONTIVIDIU LTDA","PIRANHAS - GO","CALCÁRIO","Fabricação de cal","Sim"
"Gerência Regional / GO","861104/2009","Requerimento de Autorização de Pesquisa","Requerimento de Lavra","02.174.951/0001-02","MINERACAO DE CALCARIO MONTIVIDIU LTDA","INDIARA - GO","CALCÁRIO","Fabricação de cal","Sim"
"Gerência Regional / GO","861153/2016","Requerimento de Autorização de Pesquisa","Requerimento de Lavra","02.174.951/0001-02","MINERACAO DE CALCARIO MONTIVIDIU LTDA","CAIAPÔNIA - GO","BASALTO","Revestimento","Sim"
"Gerência Regional / GO","861299/2010","Requerimento de Autorização de Pesquisa","Requerimento de Lavra","02.174.951/0001-02","MINERACAO DE CALCARIO MONTIVIDIU LTDA","CAMPINORTE - GO, URUAÇU - GO","CALCÁRIO","Fabricação de cal","Sim"
"Gerência Regional / GO","861377/2016","Requerimento de Autorização de Pesquisa","Requerimento de Lavra","02.174.951/0001-02","MINERACAO DE CALCARIO MONTIVIDIU LTDA","CAMPINAÇU - GO","CALCÁRIO","Fabricação de cimento","Sim"
"Gerência Regional / GO","861431/2007","Requerimento de Autorização de Pesquisa","Requerimento de Lavra","02.174.951/0001-02","MINERACAO DE CALCARIO MONTIVIDIU LTDA","PEROLÂNDIA - GO","BASALTO, CALCÁRIO CALCÍTICO","Brita, Fabricação de cimento","Sim"
"Gerência Regional / GO","862155/2012","Requerimento de Disponibilidade para pesquisa","Requerimento de Lavra","02.174.951/0001-02","MINERACAO DE CALCARIO MONTIVIDIU LTDA","CAIAPÔNIA - GO","CALCÁRIO, CALCÁRIO DOLOMÍTICO","Corretivo de solo, Fabricação de cal","Sim"
"Gerência Regional / GO","760967/1996","Requerimento de Autorização de Pesquisa","Requerimento de Lavra","02.174.951/0001-02","MINERACAO DE CALCARIO MONTIVIDIU LTDA","PEROLÂNDIA - GO","CALCÁRIO, DOLOMITO","Corretivo de solo, Demais substâncias","Sim"
"Gerência Regional / GO","860912/2005","Requerimento de Autorização de Pesquisa","Requerimento de Lavra","***.494.774-**","JOSIELSON ROQUE DE JESUS","FORMOSA - GO","CALCÁRIO","Industrial","Sim"
"Gerência Regional / GO","860488/2008","Requerimento de Autorização de Pesquisa","Requerimento de Lavra","18.230.876/0001-90","Grupo Shanz Empreendimentos e Participações Ltda Me","NIQUELÂNDIA - GO","MINÉRIO DE OURO","Industrial","Sim"
"Gerência Regional / GO","861038/2017","Requerimento de Autorização de Pesquisa","Requerimento de Lavra","36.784.717/0001-19","AURALITE BRAZIL PEDRAS PRECIOSAS LTDA","NIQUELÂNDIA - GO","MÁRMORE","Revestimento","Sim"
"Gerência Regional / GO","861086/2017","Requerimento de Autorização de Pesquisa","Requerimento de Lavra","36.784.717/0001-19","AURALITE BRAZIL PEDRAS PRECIOSAS LTDA","NIQUELÂNDIA - GO","MÁRMORE","Revestimento","Sim"
"Gerência Regional / GO","861606/2014","Requerimento de Autorização de Pesquisa","Requerimento de Lavra","***.647.151-**","Maria das Graças Calazans","BRASÍLIA - DF, NOVO GAMA - GO","AREIA","Construção civil","Sim"
"Gerência Regional / GO","861768/2013","Requerimento de Cessão parcial","Requerimento de Lavra","23.017.364/0001-80","Washington Ribeiro dos Santos ","EDEALINA - GO, PONTALINA - GO","AREIA","Construção civil","Sim"
"Gerência Regional / GO","861247/2021","Requerimento de Lavra - Leilão","Requerimento de Lavra","34.566.538/0001-80","MINE - MIGUEL NERY PROJETOS E CONSULTORIA EMPRESARIAL EIRELI","PLANALTINA - GO","AREIA, CONGLOMERADO","Brita, Construção civil","Sim"
"Gerência Regional / GO","861248/2021","Requerimento de Lavra - Leilão","Requerimento de Lavra","34.566.538/0001-80","MINE - MIGUEL NERY PROJETOS E CONSULTORIA EMPRESARIAL EIRELI","PLANALTINA - GO","AREIA, CONGLOMERADO","Brita, Construção civil","Sim"
"Gerência Regional / GO","861249/2021","Requerimento de Lavra - Leilão","Requerimento de Lavra","34.566.538/0001-80","MINE - MIGUEL NERY PROJETOS E CONSULTORIA EMPRESARIAL EIRELI","PLANALTINA - GO","AREIA, CONGLOMERADO","Brita, Construção civil","Sim"
"Gerência Regional / GO","860109/2015","Requerimento de Cessão parcial","Requerimento de Lavra","01.342.930/0001-96","Sucal Mineração Ltda","PEROLÂNDIA - GO","BASALTO","Brita","Sim"
"Gerência Regional / GO","860110/2015","Requerimento de Cessão parcial","Requerimento de Lavra","01.342.930/0001-96","Sucal Mineração Ltda","PEROLÂNDIA - GO","BASALTO","Brita","Sim"
"Gerência Regional / GO","860351/2003","Requerimento de Autorização de Pesquisa","Requerimento de Lavra","26.108.898/0001-00","CMOC BRASIL MINERACAO, INDUSTRIA E PARTICIPACOES LTDA.","CATALÃO - GO","FOSFATO, MINÉRIO DE NIÓBIO, MINÉRIO DE NIÓBIO","Fertilizantes, Industrial, Metalurgia","Sim"
"Gerência Regional / GO","860250/2004","Requerimento de Autorização de Pesquisa","Requerimento de Lavra","02.169.773/0001-21","CERÂMICA VITÓRIA LTDA","JATAÍ - GO","ARGILA","Cerâmica vermelha","Sim"
"Gerência Regional / GO","860252/2004","Requerimento de Autorização de Pesquisa","Requerimento de Lavra","02.169.773/0001-21","CERÂMICA VITÓRIA LTDA","JATAÍ - GO","ARGILA","Cerâmica vermelha","Sim"
"Gerência Regional / GO","860763/1988","Requerimento de Autorização de Pesquisa","Requerimento de Lavra","00.105.595/0001-40","Mineradora Vale do Rio Quente Ltda","RIO QUENTE - GO","ÁGUA MINERAL","Demais substâncias","Sim"
"Gerência Regional / GO","861177/2016","Requerimento de Autorização de Pesquisa","Requerimento de Lavra","39.832.628/0001-99","CVC MINERADORA LTDA","URUAÇU - GO","MINÉRIO DE OURO","Industrial","Sim"
"Gerência Regional / GO","861033/2021","Requerimento de Mudança de Regime para Aut. de Pesquisa","Requerimento de Lavra","***.141.601-**","VALCI TOMAZ CARNEIRO","ISRAELÂNDIA - GO","DIAMANTE","Industrial","Sim"
"Gerência Regional / GO","862038/2008","Requerimento de Autorização de Pesquisa","Requerimento de Lavra","10.579.917/0001-46","MAVEA MINERACAO LTDA","PADRE BERNARDO - GO, PLANALTINA - GO","AREIA","Construção civil","Sim"
"Gerência Regional / GO","862039/2008","Requerimento de Autorização de Pesquisa","Requerimento de Lavra","10.579.917/0001-46","MAVEA MINERACAO LTDA","PADRE BERNARDO - GO, PLANALTINA - GO","AREIA","Construção civil","Sim"
"Gerência Regional / GO","862041/2008","Requerimento de Autorização de Pesquisa","Requerimento de Lavra","10.579.917/0001-46","MAVEA MINERACAO LTDA","PADRE BERNARDO - GO, PLANALTINA - GO","AREIA","Construção civil","Sim"
"Gerência Regional / GO","862044/2008","Requerimento de Autorização de Pesquisa","Requerimento de Lavra","10.579.917/0001-46","MAVEA MINERACAO LTDA","PADRE BERNARDO - GO, PLANALTINA - GO","AREIA","Construção civil","Sim"
"Gerência Regional / GO","862045/2008","Requerimento de Autorização de Pesquisa","Requerimento de Lavra","10.579.917/0001-46","MAVEA MINERACAO LTDA","PADRE BERNARDO - GO, PLANALTINA - GO","AREIA","Construção civil","Sim"
"Gerência Regional / GO","862046/2008","Requerimento de Autorização de Pesquisa","Requerimento de Lavra","10.579.917/0001-46","MAVEA MINERACAO LTDA","PADRE BERNARDO - GO, PLANALTINA - GO","AREIA","Construção civil","Sim"
"Gerência Regional / GO","862047/2008","Requerimento de Autorização de Pesquisa","Requerimento de Lavra","10.579.917/0001-46","MAVEA MINERACAO LTDA","PADRE BERNARDO - GO, PLANALTINA - GO","AREIA","Construção civil","Sim"
"Gerência Regional / GO","860013/2017","Requerimento de Disponibilidade para pesquisa","Requerimento de Lavra","48.046.283/0001-39","IRJ MINERACAO, CONSTRUCOES E ADMINISTRACAO LTDA","ALEXÂNIA - GO","GNAISSE, MINÉRIO DE OURO","Brita, Industrial","Sim"
"Gerência Regional / GO","860085/2020","Requerimento de Autorização de Pesquisa","Requerimento de Lavra","03.827.317/0001-94","EXTRATOR DE AREIA E TRANSPORTE LTDA","FAINA - GO","AREIA","Construção civil","Sim"
"Gerência Regional / GO","860108/2017","Requerimento de Autorização de Pesquisa","Requerimento de Lavra","03.827.317/0001-94","EXTRATOR DE AREIA E TRANSPORTE LTDA","INDIARA - GO, JANDAIA - GO","AREIA, DIAMANTE","Construção civil, Industrial","Sim"
"Gerência Regional / GO","862038/2007","Requerimento de Autorização de Pesquisa","Requerimento de Lavra","03.827.317/0001-94","EXTRATOR DE AREIA E TRANSPORTE LTDA","FAINA - GO, GOIÁS - GO","AREIA, CASCALHO, MINÉRIO DE OURO","Construção civil, Construção civil, Industrial","Sim"
"Gerência Regional / GO","860002/1986","Requerimento de Autorização de Pesquisa","Requerimento de Lavra","27.184.936/0001-76","CBE COMPANHIA BRASILEIRA DE EQUIPAMENTO - EM RECUPERACAO JUDICIAL","FORMOSA - GO","CALCÁRIO","Demais substâncias","Sim"
"Gerência Regional / GO","860167/2000","Requerimento de Autorização de Pesquisa","Requerimento de Lavra","27.184.936/0001-76","CBE COMPANHIA BRASILEIRA DE EQUIPAMENTO - EM RECUPERACAO JUDICIAL","FORMOSA - GO","CALCÁRIO","Fabricação de cimento","Sim"
"Gerência Regional / GO","860859/2002","Requerimento de Autorização de Pesquisa","Requerimento de Lavra","27.184.936/0001-76","CBE COMPANHIA BRASILEIRA DE EQUIPAMENTO - EM RECUPERACAO JUDICIAL","FORMOSA - GO","CALCÁRIO","Fabricação de cimento","Sim"
"Gerência Regional / GO","861039/2007","Requerimento de Autorização de Pesquisa","Requerimento de Lavra","08.410.022/0001-31","SR AREIA E TRANSPORTE LTDA","SILVÂNIA - GO","AREIA","Construção civil","Sim"
"Gerência Regional / GO","861179/2011","Requerimento de Cessão parcial","Requerimento de Lavra","15.228.613/0001-58","Trindade Mineração Ltda.","PLANALTINA - GO","AREIA, CONGLOMERADO","Brita, Construção civil","Sim"
"Gerência Regional / GO","860268/2017","Requerimento de Cessão parcial","Requerimento de Lavra","37.089.646/0001-05","MOREIRA & MOREIRA - SERVICOS E COMERCIO DE MINERIOS LTDA","NIQUELÂNDIA - GO","QUARTZO, QUARTZO","Gema, Industrial","Sim"
"Gerência Regional / MG","831115/2019","Requerimento de Autorização de Pesquisa","Requerimento de Lavra","45.915.838/0001-43","MINERADORA SAO JORGE GUERREIRO LTDA","CASCALHO RICO - MG, CATALÃO - GO, DOURADOQUARA - MG, GRUPIARA - MG, TRÊS RANCHOS - GO","AREIA, CASCALHO, DIAMANTE, DIAMANTE","Construção civil, Construção civil, Gema, Industrial","Sim"
"Gerência Regional / GO","861589/2008","Requerimento de Autorização de Pesquisa","Requerimento de Lavra","04.146.891/0001-40","MINERAX MINERACOES S.A.","PADRE BERNARDO - GO","CALCÁRIO","Fabricação de cimento","Sim"
"Gerência Regional / GO","861188/2003","Requerimento de Autorização de Pesquisa","Requerimento de Lavra","02.195.907/0001-89","JOSÉ EUSTÁQUIO DE SOUSA","CUMARI - GO","AREIA, CASCALHO","Construção civil, Construção civil","Sim"
"Gerência Regional / GO","861387/1992","Requerimento de Autorização de Pesquisa","Requerimento de Lavra","02.451.424/0001-06","Lithos Mineração Ltda.","FAZENDA NOVA - GO, JUSSARA - GO","GRANITO","Industrial","Sim"
"Gerência Regional / GO","860230/2020","Requerimento de Cessão parcial","Requerimento de Lavra","09.646.525/0001-73","Jm Mineração e Transporte Ltda","ITAPIRAPUÃ - GO, MATRINCHÃ - GO","AREIA","Construção civil","Sim"
"Gerência Regional / GO","860201/2018","Requerimento de Mudança de Regime para Aut. de Pesquisa","Requerimento de Lavra","42.462.557/0001-94","ATS AREIAS E AGREGADOS LTDA","HIDROLÂNDIA - GO, VARJÃO - GO","ARENITO, QUARTZITO","Brita, Construção civil","Sim"
"Gerência Regional / GO","860224/2017","Requerimento de Autorização de Pesquisa","Requerimento de Lavra","11.954.210/0001-35","PEDREIRA CAMPO LIMPO LTDA","CAMPO LIMPO DE GOIÁS - GO","GRANITO","Brita","Sim"
"Gerência Regional / GO","860141/2022","Requerimento de Autorização de Pesquisa","Requerimento de Lavra","49.160.481/0001-91","FWS CONSTRUTORA LTDA","IVOLÂNDIA - GO","AREIA","Construção civil","Sim"
"Gerência Regional / GO","861261/1986","Requerimento de Autorização de Pesquisa","Requerimento de Lavra","19.678.002/0001-62","MINERACAO ZELANDIA LTDA","CATALÃO - GO","CAULIM","Demais substâncias","Sim"
"Gerência Regional / GO","861265/1986","Requerimento de Autorização de Pesquisa","Requerimento de Lavra","19.678.002/0001-62","MINERACAO ZELANDIA LTDA","CATALÃO - GO","HIDRARGILITA","Demais substâncias","Sim"
"Gerência Regional / GO","860654/2012","Requerimento de Disponibilidade para lavra","Requerimento de Lavra","01.005.225/0001-01","Hp Mineração e Meio Ambiente Ltda","JARAGUÁ - GO","AREIA","Construção civil","Sim"
"Gerência Regional / GO","861760/2013","Requerimento de Autorização de Pesquisa","Requerimento de Lavra","01.005.225/0001-01","Hp Mineração e Meio Ambiente Ltda","CAIAPÔNIA - GO","BASALTO, CALCÁRIO","Brita, Fabricação de cimento","Sim"
"Gerência Regional / GO","861861/2013","Requerimento de Disponibilidade para pesquisa","Requerimento de Lavra","11.042.662/0001-40","MINERADORA NORTE SUL LTDA","NOVA IGUAÇU DE GOIÁS - GO","MINÉRIO DE MANGANÊS","Industrial","Sim"
"Gerência Regional / GO","860198/2022","Requerimento de Cessão parcial","Requerimento de Lavra","44.505.848/0001-48","MINERACAO SANTA RITA LTDA","CRIXÁS - GO, GUARINOS - GO","AREIA","Construção civil","Sim"
"Gerência Regional / GO","860199/2022","Requerimento de Cessão parcial","Requerimento de Lavra","44.505.848/0001-48","MINERACAO SANTA RITA LTDA","CRIXÁS - GO, GUARINOS - GO","AREIA","Construção civil","Sim"
"Gerência Regional / GO","860660/2018","Requerimento de Autorização de Pesquisa","Requerimento de Lavra","19.854.379/0001-25","RONES RIBEIRO DA SILVA","CARMO DO RIO VERDE - GO","AREIA","Construção civil","Sim"
"Gerência Regional / GO","860391/2015","Requerimento de Disponibilidade para lavra","Requerimento de Lavra","00.845.840/0001-55","MINERACAO ITACI LTDA","MAURILÂNDIA - GO","AREIA","Construção civil","Sim"
"Gerência Regional / GO","860392/2015","Requerimento de Disponibilidade para lavra","Requerimento de Lavra","00.845.840/0001-55","MINERACAO ITACI LTDA","JARAGUÁ - GO","AREIA, CASCALHO","Construção civil, Construção civil","Sim"
"Gerência Regional / GO","860395/2015","Requerimento de Disponibilidade para lavra","Requerimento de Lavra","00.845.840/0001-55","MINERACAO ITACI LTDA","COCALZINHO DE GOIÁS - GO","AREIA, CASCALHO","Construção civil, Construção civil","Sim"
"Gerência Regional / GO","860455/2014","Requerimento de Autorização de Pesquisa","Requerimento de Lavra","00.845.840/0001-55","MINERACAO ITACI LTDA","ABADIÂNIA - GO, ALEXÂNIA - GO, CORUMBÁ DE GOIÁS - GO","AREIA","Construção civil","Sim"
"Gerência Regional / GO","860606/2015","Requerimento de Disponibilidade para lavra","Requerimento de Lavra","00.845.840/0001-55","MINERACAO ITACI LTDA","NOVA AURORA - GO","AREIA","Construção civil","Sim"
"Gerência Regional / GO","860469/2011","Requerimento de Disponibilidade para pesquisa","Requerimento de Lavra","18.489.858/0001-27","Wn Extracao e Comercio de Pedras Ltda Me ","CORUMBÁ DE GOIÁS - GO, PIRENÓPOLIS - GO","AREIA, QUARTZITO, QUARTZITO","Construção civil, Pedra decorativa, Revestimento","Sim"
"Gerência Regional / GO","860247/2011","Requerimento de Cessão parcial","Requerimento de Lavra","12.650.665/0001-20","RTM MINERACAO LTDA","BELA VISTA DE GOIÁS - GO, SENADOR CANEDO - GO","MINÉRIO DE OURO, QUARTZITO","Industrial, Industrial","Sim"
"Gerência Regional / GO","860248/2011","Requerimento de Cessão parcial","Requerimento de Lavra","12.650.665/0001-20","RTM MINERACAO LTDA","BELA VISTA DE GOIÁS - GO, SENADOR CANEDO - GO","MINÉRIO DE OURO, QUARTZITO","Industrial, Industrial","Sim"
"Gerência Regional / GO","860240/2011","Requerimento de Cessão parcial","Requerimento de Lavra","12.650.665/0001-20","RTM MINERACAO LTDA","BELA VISTA DE GOIÁS - GO, SENADOR CANEDO - GO","MINÉRIO DE OURO, QUARTZITO","Industrial, Industrial","Sim"
"Gerência Regional / GO","860241/2011","Requerimento de Cessão parcial","Requerimento de Lavra","12.650.665/0001-20","RTM MINERACAO LTDA","BELA VISTA DE GOIÁS - GO, SENADOR CANEDO - GO","MINÉRIO DE OURO, QUARTZITO","Industrial, Industrial","Sim"
"Gerência Regional / GO","860242/2011","Requerimento de Cessão parcial","Requerimento de Lavra","12.650.665/0001-20","RTM MINERACAO LTDA","BELA VISTA DE GOIÁS - GO, SENADOR CANEDO - GO","MINÉRIO DE OURO, QUARTZITO","Industrial, Industrial","Sim"
"Gerência Regional / GO","860243/2011","Requerimento de Cessão parcial","Requerimento de Lavra","12.650.665/0001-20","RTM MINERACAO LTDA","BELA VISTA DE GOIÁS - GO, SENADOR CANEDO - GO","MINÉRIO DE OURO, QUARTZITO","Industrial, Industrial","Sim"
"Gerência Regional / GO","860244/2011","Requerimento de Cessão parcial","Requerimento de Lavra","12.650.665/0001-20","RTM MINERACAO LTDA","BELA VISTA DE GOIÁS - GO, SENADOR CANEDO - GO","MINÉRIO DE OURO, QUARTZITO","Industrial, Industrial","Sim"
"Gerência Regional / GO","860245/2011","Requerimento de Cessão parcial","Requerimento de Lavra","12.650.665/0001-20","RTM MINERACAO LTDA","BELA VISTA DE GOIÁS - GO, SENADOR CANEDO - GO","MINÉRIO DE OURO, QUARTZITO","Industrial, Industrial","Sim"
"Gerência Regional / GO","860246/2011","Requerimento de Cessão parcial","Requerimento de Lavra","12.650.665/0001-20","RTM MINERACAO LTDA","BELA VISTA DE GOIÁS - GO, SENADOR CANEDO - GO","MINÉRIO DE OURO, QUARTZITO","Industrial, Industrial","Sim"
"Gerência Regional / GO","860725/2019","Requerimento de Cessão parcial","Requerimento de Lavra","07.750.332/0001-32","J. TIMOTEO MONTEIRO & CIA LTDA","AMORINÓPOLIS - GO, IPORÁ - GO","AREIA","Construção civil","Sim"
"Gerência Regional / GO","861059/2017","Requerimento de Autorização de Pesquisa","Requerimento de Lavra","07.750.332/0001-32","J. TIMOTEO MONTEIRO & CIA LTDA","AMORINÓPOLIS - GO, IPORÁ - GO","AREIA","Construção civil","Sim"
"Gerência Regional / GO","861777/1995","Requerimento de Registro de Licença","Requerimento de Lavra","19.765.405/0001-49","CALVIBOM CALCARIO VILA BOA MINERACAO LTDA","VILA BOA - GO","CALCÁRIO","Demais substâncias","Sim"
"Gerência Regional / GO","860701/1990","Requerimento de Autorização de Pesquisa","Requerimento de Lavra","02.720.980/0001-22","Terra Brasil Thermas Park Hotel Ltda.","CALDAS NOVAS - GO","ÁGUA MINERAL","Demais substâncias","Sim"
"Gerência Regional / GO","860124/2007","Requerimento de Autorização de Pesquisa","Requerimento de Lavra","08.475.422/0001-25","Centro Oeste Mineração e Comercio Ltda","SILVÂNIA - GO","GRANITO","Brita","Sim"
"Gerência Regional / GO","861263/2012","Requerimento de Disponibilidade para lavra","Requerimento de Lavra","08.475.422/0001-25","Centro Oeste Mineração e Comercio Ltda","GOIÂNIA - GO","GRANULITO","Demais substâncias","Sim"
"Gerência Regional / GO","861329/2008","Requerimento de Autorização de Pesquisa","Requerimento de Lavra","11.641.841/0001-02","Jt Mineração Ltda","BELA VISTA DE GOIÁS - GO","CASCALHO, QUARTZITO","Construção civil, Industrial","Sim"
"Gerência Regional / GO","860362/2016","Requerimento de Cessão parcial","Requerimento de Lavra","37.024.031/0001-92","MENDES AREIA E CASCALHO LTDA","LUZIÂNIA - GO","AREIA, MINÉRIO DE OURO","Construção civil, Industrial","Sim"
"Gerência Regional / GO","861099/2021","Requerimento de Pesquisa - Oferta Pública ","Requerimento de Lavra","53.608.348/0001-22","AREIAL JTC LTDA","PARAÚNA - GO","AREIA","Construção civil","Sim"
"Gerência Regional / GO","861707/2024","Requerimento de Cessão parcial","Requerimento de Lavra","53.608.348/0001-22","AREIAL JTC LTDA","GUAPÓ - GO, PALMEIRAS DE GOIÁS - GO","AREIA","Construção civil","Sim"
"Gerência Regional / GO","861265/2024","Requerimento de Cessão parcial","Requerimento de Lavra","54.337.550/0001-20","EXTRACAO DE AREIA SAO MARCOS LTDA","CUMARI - GO, NOVA AURORA - GO","AREIA","Construção civil","Sim"
"Gerência Regional / GO","803826/1975","Requerimento de Autorização de Pesquisa","Requerimento de Lavra","01.706.779/0001-28","Decal Derivados de Calcario Ltda","ANICUNS - GO, NAZÁRIO - GO","CALCÁRIO","Demais substâncias","Sim"
"Gerência Regional / GO","860145/2022","Requerimento de Autorização de Pesquisa","Requerimento de Lavra","51.669.642/0001-19","MINERIO VERDE LTDA","CATURAÍ - GO, GOIANIRA - GO, TRINDADE - GO","AREIA","Construção civil","Sim"
"Gerência Regional / GO","861406/2014","Requerimento de Autorização de Pesquisa","Requerimento de Lavra","04.746.729/0001-62","LEVANTINA NATURAL STONE BRASIL LTDA","MONTIVIDIU DO NORTE - GO","GRANITO","Revestimento","Sim"
"Gerência Regional / GO","860747/2008","Requerimento de Autorização de Pesquisa","Requerimento de Lavra","00.063.289/0001-98","Cacil Construtora, Urbanizacao e Obras Ltda ","PADRE BERNARDO - GO, PLANALTINA - GO","ILMENITA","Industrial","Sim"
"Gerência Regional / GO","860955/2010","Requerimento de Disponibilidade para pesquisa","Requerimento de Lavra","21.983.343/0001-93","MINERACAO ALDEIA DO VALE LTDA","GOIÁS - GO","MINÉRIO DE COBRE, MINÉRIO DE NÍQUEL, MINÉRIO DE OURO","Demais substâncias, Industrial, Industrial","Sim"
"Gerência Regional / GO","860440/2017","Requerimento de Disponibilidade para pesquisa","Requerimento de Lavra","19.093.982/0001-31","PAIS E FILHOS AREIA LTDA","ARAGUAPAZ - GO, FAINA - GO","AREIA","Construção civil","Sim"
"Gerência Regional / GO","860814/2016","Requerimento de Disponibilidade para pesquisa","Requerimento de Lavra","19.093.982/0001-31","PAIS E FILHOS AREIA LTDA","ARAGUAPAZ - GO, FAINA - GO","AREIA","Construção civil","Sim"
"Gerência Regional / GO","860582/2018","Requerimento de Cessão parcial","Requerimento de Lavra","35.093.123/0001-07","ADRIANO MARCOS TRANSPORTADORA LTDA","AMARALINA - GO, BONÓPOLIS - GO, MUNDO NOVO - GO","AREIA, CASCALHO","Construção civil, Construção civil","Sim"
"Gerência Regional / GO","861543/2009","Requerimento de Autorização de Pesquisa","Requerimento de Lavra","07.114.299/0001-54","Agropecuaria Olga Ltda Epp","ITAPIRAPUÃ - GO, MATRINCHÃ - GO","AREIA, MINÉRIO DE OURO","Construção civil, Industrial","Sim"
"Gerência Regional / GO","860662/2009","Requerimento de Autorização de Pesquisa","Requerimento de Lavra","20.951.710/0001-04","Elizeu Alves Silva Eireli Me","QUIRINÓPOLIS - GO, RIO VERDE - GO","AREIA, MINÉRIO DE OURO","Construção civil, Industrial","Sim"
"Gerência Regional / GO","861026/2012","Requerimento de Cessão parcial","Requerimento de Lavra","20.951.710/0001-04","Elizeu Alves Silva Eireli Me","QUIRINÓPOLIS - GO, RIO VERDE - GO","AREIA","Construção civil","Sim"
"Gerência Regional / GO","861976/2008","Requerimento de Autorização de Pesquisa","Requerimento de Lavra","10.306.257/0001-20","BRASIL MANGANES LTDA","CAVALCANTE - GO","MINÉRIO DE MANGANÊS","Industrial","Sim"
"Gerência Regional / GO","861249/2015","Requerimento de Autorização de Pesquisa","Requerimento de Lavra","10.613.603/0001-12","GRAVIMAR GRANITOS E MARMORES LTDA","MONTIVIDIU DO NORTE - GO","GRANITO","Revestimento","Sim"
"Gerência Regional / GO","861251/2015","Requerimento de Autorização de Pesquisa","Requerimento de Lavra","10.613.603/0001-12","GRAVIMAR GRANITOS E MARMORES LTDA","JAÚ DO TOCANTINS - TO, MONTIVIDIU DO NORTE - GO","GRANITO","Revestimento","Sim"
"Gerência Regional / GO","860972/2021","Requerimento de Autorização de Pesquisa","Requerimento de Lavra","48.719.261/0001-92","AREAL LACERDA LTDA","MINEIROS - GO, SERRANÓPOLIS - GO","AREIA, DIAMANTE","Construção civil, Industrial","Sim"
"Gerência Regional / GO","860331/2020","Requerimento de Cessão parcial","Requerimento de Lavra","11.391.743/0001-56","CLEMON JOSE BUENO","SILVÂNIA - GO","AREIA","Construção civil","Sim"
"Gerência Regional / GO","860655/2021","Requerimento de Lavra - Oferta Pública","Requerimento de Lavra","38.154.061/0001-86","MINERADORA BARAO EIRELI","CATALÃO - GO","ARGILA, DIAMANTE","Construção civil, Industrial","Sim"
"Gerência Regional / GO","861651/2007","Requerimento de Autorização de Pesquisa","Requerimento de Lavra","16.525.859/0001-54","ERG MINERACAO E COMERCIO LTDA","FORMOSA - GO","CALCÁRIO","Fabricação de cimento","Sim"
"Gerência Regional / GO","861652/2007","Requerimento de Autorização de Pesquisa","Requerimento de Lavra","16.525.859/0001-54","ERG MINERACAO E COMERCIO LTDA","FORMOSA - GO","CALCÁRIO","Fabricação de cimento","Sim"
"Gerência Regional / GO","860607/2003","Requerimento de Autorização de Pesquisa","Requerimento de Lavra","17.364.999/0001-50","Ernane Afonso da Silva Eireli Me","ÁGUAS LINDAS DE GOIÁS - GO","AREIA, CASCALHO, MINÉRIO DE OURO","Construção civil, Construção civil, Industrial","Sim"
"Gerência Regional / GO","860636/1989","Requerimento de Autorização de Pesquisa","Requerimento de Lavra","***.859.628-**","Lauro Garcia","CALDAS NOVAS - GO","ÁGUA MINERAL","Demais substâncias","Sim"
"Gerência Regional / GO","860846/2014","Requerimento de Autorização de Pesquisa","Requerimento de Lavra","19.450.833/0001-82","IRACIMAR VAZ","CUMARI - GO, GOIANDIRA - GO","AREIA","Construção civil","Sim"
"Gerência Regional / GO","861918/2024","Requerimento de Lavra - Leilão","Requerimento de Lavra","19.450.833/0001-82","IRACIMAR VAZ","IPAMERI - GO","AREIA","Construção civil","Sim"
"Gerência Regional / GO","860502/2021","Requerimento de Lavra - Oferta Pública","Requerimento de Lavra","11.507.666/0001-57","TRIANGULO MINERACAO, COMERCIO E EXPORTACAO LTDA","JUSSARA - GO","GRANITO","Demais substâncias","Sim"
"Gerência Regional / GO","860484/2021","Requerimento de Lavra - Oferta Pública","Requerimento de Lavra","11.507.666/0001-57","TRIANGULO MINERACAO, COMERCIO E EXPORTACAO LTDA","JUSSARA - GO","GRANITO","Demais substâncias","Sim"
"Gerência Regional / GO","860487/2021","Requerimento de Lavra - Oferta Pública","Requerimento de Lavra","11.507.666/0001-57","TRIANGULO MINERACAO, COMERCIO E EXPORTACAO LTDA","FAZENDA NOVA - GO, JUSSARA - GO","GRANITO","Demais substâncias","Sim"
"Gerência Regional / GO","860501/2021","Requerimento de Lavra - Oferta Pública","Requerimento de Lavra","11.507.666/0001-57","TRIANGULO MINERACAO, COMERCIO E EXPORTACAO LTDA","FAZENDA NOVA - GO, JUSSARA - GO","GRANITO","Demais substâncias","Sim"
"Gerência Regional / GO","861778/2007","Requerimento de Autorização de Pesquisa","Requerimento de Lavra","02.282.820/0001-49","Tenório Britto Mineração e Topográfia Ltda Epp","FORMOSA - GO","MINÉRIO DE MANGANÊS, QUARTZITO","Industrial, Industrial","Sim"
"Gerência Regional / GO","860397/2015","Requerimento de Disponibilidade para lavra","Requerimento de Lavra","16.699.653/0001-40","GUSMAO-LIMA MINERADORA LTDA","COCALZINHO DE GOIÁS - GO","CALCÁRIO","Demais substâncias","Sim"
"Gerência Regional / GO","860407/2013","Requerimento de Disponibilidade para pesquisa","Requerimento de Lavra","16.699.653/0001-40","GUSMAO-LIMA MINERADORA LTDA","BONFINÓPOLIS - GO","GRANITO","Brita","Sim"
"Gerência Regional / GO","860485/2014","Requerimento de Disponibilidade para lavra","Requerimento de Lavra","16.699.653/0001-40","GUSMAO-LIMA MINERADORA LTDA","SANTA HELENA DE GOIÁS - GO","BASALTO","Brita","Sim"
"Gerência Regional / GO","860899/2018","Requerimento de Cessão parcial","Requerimento de Lavra","17.439.238/0001-10","Calcario Norte Sul Ltda","NIQUELÂNDIA - GO","CALCÁRIO DOLOMÍTICO","Corretivo de solo","Sim"
"Gerência Regional / GO","862162/2005","Requerimento de Autorização de Pesquisa","Requerimento de Lavra","71.466.569/0001-95","VARGINHA MINERACAO LTDA","CATALÃO - GO, PARACATU - MG","ARGILA, ARGILA REFRATÁRIA","Construção civil, Industrial","Sim"
"Gerência Regional / GO","860487/2008","Requerimento de Autorização de Pesquisa","Requerimento de Lavra","***.492.751-**","Eny Fernando Vieira de Abreu","ORIZONA - GO","AREIA, DIAMANTE","Construção civil, Industrial","Sim"
"Gerência Regional / GO","860402/2013","Requerimento de Disponibilidade para pesquisa","Requerimento de Lavra","42.799.486/0001-10","AMARILLO MINERACAO DO BRASIL LTDA","MARA ROSA - GO","MINÉRIO DE OURO","Industrial","Sim"
"Gerência Regional / GO","860752/2003","Requerimento de Autorização de Pesquisa","Requerimento de Lavra","04.894.254/0001-51","ECO INDUSTRIAL LTDA.","PADRE BERNARDO - GO","ÁGUA MINERAL","Industrial","Sim"
"Gerência Regional / GO","861259/2012","Requerimento de Disponibilidade para pesquisa","Requerimento de Lavra","42.799.486/0001-10","AMARILLO MINERACAO DO BRASIL LTDA","MARA ROSA - GO","COBRE, MINÉRIO DE OURO","Industrial, Industrial","Sim"
"Gerência Regional / GO","860029/2012","Requerimento de Disponibilidade para lavra","Requerimento de Lavra","15.339.670/0001-04","Hs Empreendimentos e Participações Ltda","EDÉIA - GO","CALCÁRIO DOLOMÍTICO, MINÉRIO DE TITÂNIO","Corretivo de solo, Industrial","Sim"
"Gerência Regional / GO","860088/1998","Requerimento de Autorização de Pesquisa","Requerimento de Lavra","15.339.670/0001-04","Hs Empreendimentos e Participações Ltda","GOIANÁPOLIS - GO, TEREZÓPOLIS DE GOIÁS - GO","GNAISSE, GRANULITO","Demais substâncias, Demais substâncias","Sim"
"Gerência Regional / GO","860483/2006","Requerimento de Autorização de Pesquisa","Requerimento de Lavra","15.339.670/0001-04","Hs Empreendimentos e Participações Ltda","ÁGUAS LINDAS DE GOIÁS - GO","AREIA","Construção civil","Sim"
"Gerência Regional / GO","860885/2012","Requerimento de Disponibilidade para lavra","Requerimento de Lavra","15.339.670/0001-04","Hs Empreendimentos e Participações Ltda","PALMEIRAS DE GOIÁS - GO","CALCÁRIO","Demais substâncias","Sim"
"Gerência Regional / GO","860887/2012","Requerimento de Disponibilidade para lavra","Requerimento de Lavra","15.339.670/0001-04","Hs Empreendimentos e Participações Ltda","GUAPÓ - GO","ARGILA","Industrial","Sim"
"Gerência Regional / GO","861260/2012","Requerimento de Disponibilidade para lavra","Requerimento de Lavra","15.339.670/0001-04","Hs Empreendimentos e Participações Ltda","PADRE BERNARDO - GO, PLANALTINA - GO","ARGILA, CALCÁRIO","Demais substâncias, Industrial","Sim"
"Gerência Regional / GO","861535/2009","Requerimento de Autorização de Pesquisa","Requerimento de Lavra","08.543.443/0001-30","EXTRAÇÃO GOIANA DE AREIA OURO BRANCO LTDA.","ÁGUAS LINDAS DE GOIÁS - GO, COCALZINHO DE GOIÁS - GO","AREIA","Construção civil","Sim"
"Gerência Regional / GO","861898/2013","Requerimento de Autorização de Pesquisa","Requerimento de Lavra","08.543.443/0001-30","EXTRAÇÃO GOIANA DE AREIA OURO BRANCO LTDA.","ÁGUAS LINDAS DE GOIÁS - GO, COCALZINHO DE GOIÁS - GO","AREIA, ARGILA, CASCALHO","Construção civil, Construção civil, Industrial","Sim"
"Gerência Regional / GO","860191/2012","Requerimento de Disponibilidade para pesquisa","Requerimento de Lavra","07.526.451/0001-06","FOKUS QUIMICA INDUSTRIA E COMERCIO LTDA","CAVALCANTE - GO","CALCÁRIO, MINÉRIO DE FERRO","Fabricação de cimento, Industrial","Sim"
"Gerência Regional / GO","860846/2016","Requerimento de Autorização de Pesquisa","Requerimento de Lavra","07.526.451/0001-06","FOKUS QUIMICA INDUSTRIA E COMERCIO LTDA","CAVALCANTE - GO","CALCÁRIO","Fabricação de cimento","Sim"
"Gerência Regional / GO","862528/2011","Requerimento de Autorização de Pesquisa","Requerimento de Lavra","07.526.451/0001-06","FOKUS QUIMICA INDUSTRIA E COMERCIO LTDA","CAVALCANTE - GO","CALCÁRIO","Fabricação de cimento","Sim"
"Gerência Regional / GO","862529/2011","Requerimento de Autorização de Pesquisa","Requerimento de Lavra","07.526.451/0001-06","FOKUS QUIMICA INDUSTRIA E COMERCIO LTDA","CAVALCANTE - GO","CALCÁRIO, MINÉRIO DE FERRO","Fabricação de cimento, Industrial","Sim"
"Gerência Regional / GO","862786/2011","Requerimento de Autorização de Pesquisa","Requerimento de Lavra","07.526.451/0001-06","FOKUS QUIMICA INDUSTRIA E COMERCIO LTDA","CAVALCANTE - GO","CALCÁRIO, MINÉRIO DE FERRO","Fabricação de cimento, Industrial","Sim"
"Gerência Regional / GO","860163/2016","Requerimento de Autorização de Pesquisa","Requerimento de Lavra","86.902.053/0001-13","MINERACAO MARACA INDUSTRIA E COMERCIO S/A","ALTO HORIZONTE - GO, NOVA IGUAÇU DE GOIÁS - GO, PILAR DE GOIÁS - GO","MINÉRIO DE COBRE, MINÉRIO DE OURO","Industrial, Industrial","Sim"
"Gerência Regional / GO","861383/2009","Requerimento de Autorização de Pesquisa","Requerimento de Lavra","86.902.053/0001-13","MINERACAO MARACA INDUSTRIA E COMERCIO S/A","ALTO HORIZONTE - GO, NOVA IGUAÇU DE GOIÁS - GO","MINÉRIO DE COBRE, MINÉRIO DE OURO","Industrial, Industrial","Sim"
"Gerência Regional / GO","861797/2010","Requerimento de Autorização de Pesquisa","Requerimento de Lavra","86.902.053/0001-13","MINERACAO MARACA INDUSTRIA E COMERCIO S/A","ALTO HORIZONTE - GO, NOVA IGUAÇU DE GOIÁS - GO, PILAR DE GOIÁS - GO","MINÉRIO DE COBRE, MINÉRIO DE OURO","Industrial, Industrial","Sim"
"Gerência Regional / GO","860192/2015","Requerimento de Disponibilidade para pesquisa","Requerimento de Lavra","47.942.509/0001-17","MARCOS INACIO DA SILVA MINERADORA LTDA","BELA VISTA DE GOIÁS - GO, HIDROLÂNDIA - GO","AREIA","Construção civil","Sim"
"Gerência Regional / GO","860893/2009","Requerimento de Autorização de Pesquisa","Requerimento de Lavra","18.720.871/0001-45","ACTO MNERADORA EIRELI","BURITI DE GOIÁS - GO, CÓRREGO DO OURO - GO, SANCLERLÂNDIA - GO","AREIA, CASCALHO, MINÉRIO DE OURO","Construção civil, Construção civil, Industrial","Sim"
"Gerência Regional / GO","860444/2010","Requerimento de Autorização de Pesquisa","Requerimento de Lavra","05.999.417/0001-23","Cooperbrita Desenvolvimento e Gestão Mineral Ltda Me","APARECIDA DE GOIÂNIA - GO, HIDROLÂNDIA - GO","AREIA, CASCALHO, MINÉRIO DE OURO, XISTO","Brita, Construção civil, Construção civil, Industrial","Sim"
"Gerência Regional / GO","862869/2011","Requerimento de Cessão parcial","Requerimento de Lavra","26.931.501/0001-85","Alfa Rock Construtora Ltda","MOSSÂMEDES - GO, SANCLERLÂNDIA - GO","AREIA","Construção civil","Sim"
"Gerência Regional / GO","862871/2011","Requerimento de Cessão parcial","Requerimento de Lavra","26.931.501/0001-85","Alfa Rock Construtora Ltda","MOSSÂMEDES - GO","AREIA","Construção civil","Sim"
"Gerência Regional / GO","862872/2011","Requerimento de Cessão parcial","Requerimento de Lavra","26.931.501/0001-85","Alfa Rock Construtora Ltda","MOSSÂMEDES - GO","AREIA","Construção civil","Sim"
"Gerência Regional / GO","860763/2015","Requerimento de Disponibilidade para pesquisa","Requerimento de Lavra","82.096.314/0001-02","GS EXTRACAO E COMERCIO DE AREIA LTDA","CRISTALINA - GO","AREIA, ARENITO, QUARTZO","Construção civil, Construção civil, Industrial","Sim"
"Gerência Regional / GO","860731/2022","Requerimento de Autorização de Pesquisa","Requerimento de Lavra","42.287.841/0001-71","DU VALLE EXTRACAO E COMERCIO DE AREIAS LTDA","ITAPURANGA - GO, MORRO AGUDO DE GOIÁS - GO, SÃO PATRÍCIO - GO","AREIA","Construção civil","Sim"
"Gerência Regional / GO","861871/2013","Requerimento de Cessão parcial","Requerimento de Lavra","42.287.841/0001-71","DU VALLE EXTRACAO E COMERCIO DE AREIAS LTDA","ITAPURANGA - GO","AREIA","Construção civil","Sim"
"Gerência Regional / GO","861044/2011","Requerimento de Autorização de Pesquisa","Requerimento de Lavra","13.268.448/0001-32","SOAPSTONE BRAZIL COMERCIO EXPORTACAO LTDA","GOIÁS - GO","ESTEATITO","Revestimento","Sim"
"Gerência Regional / GO","862771/2011","Requerimento de Autorização de Pesquisa","Requerimento de Lavra","15.174.400/0001-90","Pedreira Britaminas Fortaleza Ltda","MINEIROS - GO","BASALTO, ILMENITA","Brita, Industrial","Sim"
"Gerência Regional / GO","861126/2013","Requerimento de Autorização de Pesquisa","Requerimento de Lavra","20.302.873/0001-66","GECAL INDUSTRIA E COMERCIO DE PRODUTOS MINERAIS LTDA","DIVINÓPOLIS DE GOIÁS - GO","CALCÁRIO","Fabricação de cal","Sim"
"Gerência Regional / GO","861127/2013","Requerimento de Autorização de Pesquisa","Requerimento de Lavra","20.302.873/0001-66","GECAL INDUSTRIA E COMERCIO DE PRODUTOS MINERAIS LTDA","DIVINÓPOLIS DE GOIÁS - GO","CALCÁRIO","Fabricação de cal","Sim"
"Gerência Regional / GO","860022/2015","Requerimento de Autorização de Pesquisa","Requerimento de Lavra","20.302.873/0001-66","GECAL INDUSTRIA E COMERCIO DE PRODUTOS MINERAIS LTDA","SÃO DOMINGOS - GO","CALCÁRIO, DOLOMITO","Corretivo de solo, Fabricação de cal","Sim"
"Gerência Regional / MG","831110/2016","Requerimento de Autorização de Pesquisa","Requerimento de Lavra","***.132.236-**","Justino de Sousa Vieira","SANTA VITÓRIA - MG, SÃO SIMÃO - GO","AREIA, CASCALHO, DIAMANTE","Construção civil, Construção civil, Industrial","Sim"
"Gerência Regional / MG","831470/2014","Requerimento de Autorização de Pesquisa","Requerimento de Lavra","***.132.236-**","Justino de Sousa Vieira","GOUVELÂNDIA - GO, IPIAÇU - MG, SANTA VITÓRIA - MG","AREIA, CASCALHO, DIAMANTE","Construção civil, Construção civil, Industrial","Sim"
"Gerência Regional / GO","860060/2010","Requerimento de Autorização de Pesquisa","Requerimento de Lavra","18.501.803/0001-95","CALCARIO MARA ROSA LTDA","MARA ROSA - GO","CALCÁRIO","Fabricação de cimento","Sim"
"Gerência Regional / GO","860061/2010","Requerimento de Autorização de Pesquisa","Requerimento de Lavra","18.501.803/0001-95","CALCARIO MARA ROSA LTDA","CAMPINAÇU - GO","CALCÁRIO, CALCÁRIO DOLOMÍTICO","Corretivo de solo, Fabricação de cimento","Sim"
"Gerência Regional / GO","860062/2010","Requerimento de Autorização de Pesquisa","Requerimento de Lavra","18.501.803/0001-95","CALCARIO MARA ROSA LTDA","CAMPINAÇU - GO","CALCÁRIO, CALCÁRIO DOLOMÍTICO","Corretivo de solo, Fabricação de cimento","Sim"
"Gerência Regional / GO","860368/2016","Requerimento de Autorização de Pesquisa","Requerimento de Lavra","18.501.803/0001-95","CALCARIO MARA ROSA LTDA","MARA ROSA - GO","CALCÁRIO","Corretivo de solo","Sim"
"Gerência Regional / GO","860706/2017","Requerimento de Autorização de Pesquisa","Requerimento de Lavra","18.501.803/0001-95","CALCARIO MARA ROSA LTDA","CAMPINAÇU - GO","CALCÁRIO","Fabricação de cal","Sim"
"Gerência Regional / GO","860707/2017","Requerimento de Autorização de Pesquisa","Requerimento de Lavra","18.501.803/0001-95","CALCARIO MARA ROSA LTDA","CAMPINAÇU - GO","CALCÁRIO DOLOMÍTICO","Corretivo de solo","Sim"
"Gerência Regional / GO","860848/2023","Requerimento de Cessão parcial","Requerimento de Lavra","37.196.435/0001-63","AREIAL CENTRO OESTE LTDA","FAZENDA NOVA - GO, ISRAELÂNDIA - GO","AREIA","Construção civil","Sim"
"Gerência Regional / GO","860854/2023","Requerimento de Cessão parcial","Requerimento de Lavra","37.196.435/0001-63","AREIAL CENTRO OESTE LTDA","CRISTALINA - GO, LUZIÂNIA - GO","AREIA","Construção civil","Sim"
"Gerência Regional / GO","860855/2023","Requerimento de Cessão parcial","Requerimento de Lavra","37.196.435/0001-63","AREIAL CENTRO OESTE LTDA","CRISTALINA - GO, LUZIÂNIA - GO","AREIA","Construção civil","Sim"
"Gerência Regional / GO","860857/2023","Requerimento de Cessão parcial","Requerimento de Lavra","37.196.435/0001-63","AREIAL CENTRO OESTE LTDA","CRISTALINA - GO, LUZIÂNIA - GO","AREIA","Construção civil","Sim"
"Gerência Regional / GO","860858/2023","Requerimento de Cessão parcial","Requerimento de Lavra","37.196.435/0001-63","AREIAL CENTRO OESTE LTDA","CRISTALINA - GO, LUZIÂNIA - GO","AREIA","Construção civil","Sim"
"Gerência Regional / GO","860934/2013","Requerimento de Autorização de Pesquisa","Requerimento de Lavra","18.501.803/0001-95","CALCARIO MARA ROSA LTDA","CAMPINAÇU - GO","CALCÁRIO","Corretivo de solo","Sim"
"Gerência Regional / GO","861020/2023","Requerimento de Cessão parcial","Requerimento de Lavra","37.196.435/0001-63","AREIAL CENTRO OESTE LTDA","CÓRREGO DO OURO - GO, SANCLERLÂNDIA - GO","AREIA","Construção civil","Sim"
"Gerência Regional / GO","861022/2023","Requerimento de Cessão parcial","Requerimento de Lavra","37.196.435/0001-63","AREIAL CENTRO OESTE LTDA","CÓRREGO DO OURO - GO, SANCLERLÂNDIA - GO","AREIA","Construção civil","Sim"
"Gerência Regional / GO","861051/2006","Requerimento de Autorização de Pesquisa","Requerimento de Lavra","00.514.998/0001-42","BEMISA PARTICIPACOES S.A.","MINAÇU - GO","MINÉRIO DE COBALTO, MINÉRIO DE COBRE, MINÉRIO DE COBRE, MINÉRIO DE NÍQUEL","Artesanato  mineral, Industrial, Industrial, Industrial","Sim"
"Gerência Regional / GO","861276/2007","Requerimento de Autorização de Pesquisa","Requerimento de Lavra","00.514.998/0001-42","BEMISA PARTICIPACOES S.A.","MINAÇU - GO","MINÉRIO DE COBALTO, MINÉRIO DE COBRE, MINÉRIO DE NÍQUEL","Industrial, Industrial, Industrial","Sim"
"Gerência Regional / GO","861380/2016","Requerimento de Autorização de Pesquisa","Requerimento de Lavra","18.501.803/0001-95","CALCARIO MARA ROSA LTDA","CAMPINAÇU - GO","CALCÁRIO","Fabricação de cimento","Sim"
"Gerência Regional / GO","861843/2008","Requerimento de Autorização de Pesquisa","Requerimento de Lavra","07.866.770/0001-60","Antônio Divino Rodrigues de Carvalho Me","CRISTALINA - GO, IPAMERI - GO","QUARTZO","Industrial","Sim"
"Gerência Regional / GO","860341/2018","Requerimento de Autorização de Pesquisa","Requerimento de Lavra","54.744.253/0001-07","ARGIO SERVICOS LTDA","CORUMBÁ DE GOIÁS - GO","ARGILA","Construção civil","Sim"
"Gerência Regional / GO","860138/2013","Requerimento de Autorização de Pesquisa","Requerimento de Lavra","04.071.218/0001-98","INSTITUTO GEMOLOGICO DO BRASIL LTDA","COCALZINHO DE GOIÁS - GO","CALCÁRIO","Fabricação de cimento","Sim"
"Gerência Regional / GO","860771/2014","Requerimento de Autorização de Pesquisa","Requerimento de Lavra","04.071.218/0001-98","INSTITUTO GEMOLOGICO DO BRASIL LTDA","FORMOSA - GO, PLANALTINA - GO","AREIA, MINÉRIO DE OURO","Construção civil, Industrial","Sim"
"Gerência Regional / GO","860781/2013","Requerimento de Disponibilidade para pesquisa","Requerimento de Lavra","04.071.218/0001-98","INSTITUTO GEMOLOGICO DO BRASIL LTDA","COCALZINHO DE GOIÁS - GO","CALCÁRIO","Fabricação de cimento","Sim"
"Gerência Regional / GO","860926/2014","Requerimento de Autorização de Pesquisa","Requerimento de Lavra","04.071.218/0001-98","INSTITUTO GEMOLOGICO DO BRASIL LTDA","PADRE BERNARDO - GO","AREIA, QUARTZITO","Construção civil, Revestimento","Sim"
"Gerência Regional / GO","860984/2014","Requerimento de Autorização de Pesquisa","Requerimento de Lavra","04.071.218/0001-98","INSTITUTO GEMOLOGICO DO BRASIL LTDA","PADRE BERNARDO - GO","AREIA, QUARTZITO","Construção civil, Revestimento","Sim"
"Gerência Regional / GO","860375/2014","Requerimento de Cessão parcial","Requerimento de Lavra","06.730.693/0001-54","MINERACAO BELOCAL LTDA","PLANALTINA - GO","CALCÁRIO, DOLOMITO, ILMENITA","Corretivo de solo, Fabricação de cal, Industrial","Sim"
"Gerência Regional / GO","860627/2012","Requerimento de Autorização de Pesquisa","Requerimento de Lavra","06.730.693/0001-54","MINERACAO BELOCAL LTDA","PLANALTINA - GO","CALCÁRIO, CALCÁRIO, DOLOMITO","Corretivo de solo, Corretivo de solo, Fabricação de cal","Sim"
"Gerência Regional / GO","861138/2013","Requerimento de Autorização de Pesquisa","Requerimento de Lavra","06.730.693/0001-54","MINERACAO BELOCAL LTDA","PLANALTINA - GO","CALCÁRIO, CALCÁRIO","Corretivo de solo, Fabricação de cal","Sim"
"Gerência Regional / GO","861258/2010","Requerimento de Autorização de Pesquisa","Requerimento de Lavra","02.048.499/0001-32","FORTALEZA MINERACAO LTDA","FORMOSA - GO","CALCÁRIO, CALCÁRIO, CALCÁRIO, CALCÁRIO CALCÍTICO, MINÉRIO DE OURO","Brita, Corretivo de solo, Fabricação de cal, Fabricação de cimento, Industrial","Sim"
"Gerência Regional / GO","861456/2013","Requerimento de Autorização de Pesquisa","Requerimento de Lavra","06.730.693/0001-54","MINERACAO BELOCAL LTDA","PLANALTINA - GO","CALCÁRIO, DOLOMITO, MÁRMORE","Corretivo de solo, Fabricação de cal, Revestimento","Sim"
"Gerência Regional / GO","861561/2011","Requerimento de Autorização de Pesquisa","Requerimento de Lavra","06.730.693/0001-54","MINERACAO BELOCAL LTDA","PLANALTINA - GO","CALCÁRIO, ILMENITA","Fabricação de cal, Industrial","Sim"
"Gerência Regional / GO","860374/2014","Requerimento de Cessão parcial","Requerimento de Lavra","06.730.693/0001-54","MINERACAO BELOCAL LTDA","PLANALTINA - GO","CALCÁRIO, DOLOMITO, MÁRMORE","Corretivo de solo, Fabricação de cal, Revestimento","Sim"
"Gerência Regional / GO","860654/2021","Requerimento de Lavra - Oferta Pública","Requerimento de Lavra","24.466.833/0001-00","FRANCO WEBER 57199477104","CATALÃO - GO","ARGILA, DIAMANTE","Cerâmica vermelha, Industrial","Sim"
"Gerência Regional / GO","861590/2024","Requerimento de Lavra - Leilão","Requerimento de Lavra","12.358.491/0001-26","CELINA PRADO DO AMARAL BARRIOS","JATAÍ - GO, RIO VERDE - GO","AREIA","Construção civil","Sim"
"Gerência Regional / MG","830809/1987","Requerimento de Autorização de Pesquisa","Requerimento de Lavra","22.439.038/0001-06","PAULO MOISES DE SOUSA E CIA LTDA","CATALÃO - GO, COROMANDEL - MG","DIAMANTE INDUSTRIAL","Demais substâncias","Sim"
"Gerência Regional / MG","830810/1987","Requerimento de Autorização de Pesquisa","Requerimento de Lavra","22.439.038/0001-06","PAULO MOISES DE SOUSA E CIA LTDA","CATALÃO - GO, COROMANDEL - MG","DIAMANTE INDUSTRIAL","Demais substâncias","Sim"
"Gerência Regional / GO","860335/2006","Requerimento de Autorização de Pesquisa","Requerimento de Lavra","04.745.073/0001-63","Calbrax Mineração Ltda","IACIARA - GO","DOLOMITO, MINÉRIO DE TITÂNIO","Corretivo de solo, Industrial","Sim"
"Gerência Regional / GO","861846/2005","Requerimento de Autorização de Pesquisa","Requerimento de Lavra","21.823.063/0001-18","PILAR DE GOIAS DESENVOLVIMENTO MINERAL LTDA","PILAR DE GOIÁS - GO","MINÉRIO DE OURO","Industrial","Sim"
"Gerência Regional / GO","860482/2017","Requerimento de Autorização de Pesquisa","Requerimento de Lavra","***.307.101-**","PATRICIA LINHARES MENDES","ÁGUAS LINDAS DE GOIÁS - GO, COCALZINHO DE GOIÁS - GO","QUARTZITO","Industrial","Sim"
"Gerência Regional / GO","860006/2013","Requerimento de Autorização de Pesquisa","Requerimento de Lavra","29.188.534/0001-75","ADR MATERIAIS PARA CONSTRUCAO EIRELI","PIRACANJUBA - GO, PROFESSOR JAMIL - GO","AREIA","Construção civil","Sim"
"Gerência Regional / GO","860316/2010","Requerimento de Autorização de Pesquisa","Requerimento de Lavra","15.577.033/0001-76","Deposito de Areia Rio Santana e Transporte Ltda Me ","MOZARLÂNDIA - GO, NOVA CRIXÁS - GO","AREIA, CASCALHO, MINÉRIO DE OURO","Construção civil, Construção civil, Industrial","Sim"
"Gerência Regional / GO","860452/2007","Requerimento de Autorização de Pesquisa","Requerimento de Lavra","11.877.184/0001-99","L.a. Mineradora Ltda","NOVA GLÓRIA - GO, SANTA ISABEL - GO","AREIA, MINÉRIO DE OURO","Construção civil, Industrial","Sim"
"Gerência Regional / GO","860464/2022","Requerimento de Mudança de Regime para Aut. de Pesquisa","Requerimento de Lavra","15.577.033/0001-76","Deposito de Areia Rio Santana e Transporte Ltda Me ","ITAPURANGA - GO","AREIA","Construção civil","Sim"
"Gerência Regional / GO","860844/2013","Requerimento de Cessão parcial","Requerimento de Lavra","15.577.033/0001-76","Deposito de Areia Rio Santana e Transporte Ltda Me ","MOZARLÂNDIA - GO, NOVA CRIXÁS - GO","AREIA","Construção civil","Sim"
"Gerência Regional / GO","860005/2010","Requerimento de Autorização de Pesquisa","Requerimento de Lavra","77.145.225/0001-60","GR EXTRACAO DE AREIA E TRANSPORTES RODOVIARIOS LTDA","CRISTALINA - GO","AREIA, MINÉRIO DE OURO","Construção civil, Industrial","Sim"
"Gerência Regional / GO","860189/2005","Requerimento de Autorização de Pesquisa","Requerimento de Lavra","77.145.225/0001-60","GR EXTRACAO DE AREIA E TRANSPORTES RODOVIARIOS LTDA","PLANALTINA - GO","AREIA, MINÉRIO DE TÂNTALO","Construção civil, Industrial","Sim"
"Gerência Regional / GO","860312/2004","Requerimento de Autorização de Pesquisa","Requerimento de Lavra","77.145.225/0001-60","GR EXTRACAO DE AREIA E TRANSPORTES RODOVIARIOS LTDA","PLANALTINA - GO","AREIA, MINÉRIO DE OURO","Industrial, Industrial","Sim"
"Gerência Regional / GO","860595/2007","Requerimento de Autorização de Pesquisa","Requerimento de Lavra","77.145.225/0001-60","GR EXTRACAO DE AREIA E TRANSPORTES RODOVIARIOS LTDA","BRASÍLIA - DF, PLANALTINA - GO","AREIA, CALCÁRIO, MINÉRIO DE OURO","Brita, Construção civil, Industrial","Sim"
"Gerência Regional / GO","860884/2005","Requerimento de Autorização de Pesquisa","Requerimento de Lavra","77.145.225/0001-60","GR EXTRACAO DE AREIA E TRANSPORTES RODOVIARIOS LTDA","PLANALTINA - GO","AREIA","Construção civil","Sim"
"Gerência Regional / GO","860885/2005","Requerimento de Autorização de Pesquisa","Requerimento de Lavra","77.145.225/0001-60","GR EXTRACAO DE AREIA E TRANSPORTES RODOVIARIOS LTDA","PLANALTINA - GO","AREIA","Construção civil","Sim"
"Gerência Regional / GO","860896/2003","Requerimento de Autorização de Pesquisa","Requerimento de Lavra","77.145.225/0001-60","GR EXTRACAO DE AREIA E TRANSPORTES RODOVIARIOS LTDA","BRASÍLIA - DF, PLANALTINA - GO","MINÉRIO DE OURO","Industrial","Sim"
"Gerência Regional / GO","861035/2003","Requerimento de Autorização de Pesquisa","Requerimento de Lavra","02.840.072/0001-72","MIBASA MINERADORA BARRO ALTO LTDA","URUAÇU - GO","MINÉRIO DE MANGANÊS","Metalurgia","Sim"
"Gerência Regional / GO","861086/2004","Requerimento de Autorização de Pesquisa","Requerimento de Lavra","77.145.225/0001-60","GR EXTRACAO DE AREIA E TRANSPORTES RODOVIARIOS LTDA","FORMOSA - GO, VILA BOA - GO","AREIA, CALCÁRIO, MINÉRIO DE OURO, QUARTZITO","Corretivo de solo, Industrial, Industrial, Revestimento","Sim"
"Gerência Regional / GO","861256/2006","Requerimento de Autorização de Pesquisa","Requerimento de Lavra","02.840.072/0001-72","MIBASA MINERADORA BARRO ALTO LTDA","NIQUELÂNDIA - GO","MINÉRIO DE MANGANÊS","Industrial","Sim"
"Gerência Regional / GO","861450/2007","Requerimento de Autorização de Pesquisa","Requerimento de Lavra","02.840.072/0001-72","MIBASA MINERADORA BARRO ALTO LTDA","ALTO PARAÍSO DE GOIÁS - GO","MINÉRIO DE MANGANÊS","Industrial","Sim"
"Gerência Regional / GO","860171/2012","Requerimento de Cessão parcial","Requerimento de Lavra","03.304.384/0001-24","Gb Locadora e Equipamentos Construções Ltda","ARENÓPOLIS - GO, DIORAMA - GO","AREIA, CASCALHO","Industrial, Industrial","Sim"
"Gerência Regional / GO","860172/2012","Requerimento de Cessão parcial","Requerimento de Lavra","03.304.384/0001-24","Gb Locadora e Equipamentos Construções Ltda","ARENÓPOLIS - GO, DIORAMA - GO","AREIA, CASCALHO","Industrial, Industrial","Sim"
"Gerência Regional / GO","860173/2012","Requerimento de Cessão parcial","Requerimento de Lavra","03.304.384/0001-24","Gb Locadora e Equipamentos Construções Ltda","ARENÓPOLIS - GO, DIORAMA - GO, IPORÁ - GO","AREIA, CASCALHO","Industrial, Industrial","Sim"
"Gerência Regional / GO","860282/2016","Requerimento de Autorização de Pesquisa","Requerimento de Lavra","47.818.122/0001-53","MS MINERIOS LTDA","PLANALTINA - GO","ARGILA","Cerâmica vermelha","Sim"
"Gerência Regional / GO","860283/2016","Requerimento de Autorização de Pesquisa","Requerimento de Lavra","47.818.122/0001-53","MS MINERIOS LTDA","PLANALTINA - GO","ARGILA","Cerâmica vermelha","Sim"
"Gerência Regional / GO","861095/2015","Requerimento de Autorização de Pesquisa","Requerimento de Lavra","00.057.240/0001-22","CIPLAN CIMENTO PLANALTO SA","GUAPÓ - GO","GRANITO","Brita","Sim"
"Gerência Regional / GO","861139/2016","Requerimento de Autorização de Pesquisa","Requerimento de Lavra","00.057.240/0001-22","CIPLAN CIMENTO PLANALTO SA","PLANALTINA - GO","ARGILA","Industrial","Sim"
"Gerência Regional / GO","860079/2019","Requerimento de Disponibilidade para lavra","Requerimento de Lavra","00.057.240/0001-22","CIPLAN CIMENTO PLANALTO SA","GUAPÓ - GO","GRANITO","Industrial","Sim"
"Gerência Regional / GO","860237/2015","Requerimento de Autorização de Pesquisa","Requerimento de Lavra","00.057.240/0001-22","CIPLAN CIMENTO PLANALTO SA","GUAPÓ - GO","GRANITO","Brita","Sim"
"Gerência Regional / GO","860312/2017","Requerimento de Autorização de Pesquisa","Requerimento de Lavra","00.057.240/0001-22","CIPLAN CIMENTO PLANALTO SA","PLANALTINA - GO","ARGILA","Industrial","Sim"
"Gerência Regional / GO","861271/2022","Requerimento de Cessão parcial","Requerimento de Lavra","48.417.575/0001-30","TOPCAL MINERACAO LTDA","VILA PROPÍCIO - GO","CALCÁRIO","Corretivo de solo","Sim"
"Gerência Regional / GO","861280/2022","Requerimento de Cessão parcial","Requerimento de Lavra","48.417.575/0001-30","TOPCAL MINERACAO LTDA","VILA PROPÍCIO - GO","CALCÁRIO","Corretivo de solo","Sim"
"Gerência Regional / GO","861281/2022","Requerimento de Cessão parcial","Requerimento de Lavra","48.417.575/0001-30","TOPCAL MINERACAO LTDA","VILA PROPÍCIO - GO","CALCÁRIO","Corretivo de solo","Sim"
"Gerência Regional / MG","831090/1997","Requerimento de Autorização de Pesquisa","Requerimento de Lavra","11.470.731/0001-17","José Divino de Moraes Epp","ARAGUARI - MG, CATALÃO - GO, CUMARI - GO","ARGILA, ARGILA REFRATÁRIA","Demais substâncias, Demais substâncias","Sim"
"Gerência Regional / GO","861462/2010","Requerimento de Autorização de Pesquisa","Requerimento de Lavra","00.508.829/0001-08","EDEM EMPRESA DE DESENVOLVIMENTO EM MINERACAO E PARTICIPACOES LTDA","ANICUNS - GO","CALCÁRIO","Fabricação de cimento","Sim"
"Gerência Regional / GO","860093/2008","Requerimento de Autorização de Pesquisa","Requerimento de Lavra","00.508.829/0001-08","EDEM EMPRESA DE DESENVOLVIMENTO EM MINERACAO E PARTICIPACOES LTDA","VILA PROPÍCIO - GO","ILMENITA","Industrial","Sim"
"Gerência Regional / GO","860146/2008","Requerimento de Autorização de Pesquisa","Requerimento de Lavra","00.508.829/0001-08","EDEM EMPRESA DE DESENVOLVIMENTO EM MINERACAO E PARTICIPACOES LTDA","VILA PROPÍCIO - GO","CALCÁRIO DOLOMÍTICO, ILMENITA","Fabricação de cal, Industrial","Sim"
"Gerência Regional / GO","860148/2012","Requerimento de Disponibilidade para pesquisa","Requerimento de Lavra","00.508.829/0001-08","EDEM EMPRESA DE DESENVOLVIMENTO EM MINERACAO E PARTICIPACOES LTDA","AMERICANO DO BRASIL - GO, ANICUNS - GO","CALCÁRIO","Fabricação de cimento","Sim"
"Gerência Regional / GO","860441/1999","Requerimento de Autorização de Pesquisa","Requerimento de Lavra","00.508.829/0001-08","EDEM EMPRESA DE DESENVOLVIMENTO EM MINERACAO E PARTICIPACOES LTDA","NAZÁRIO - GO","AREIA","Demais substâncias","Sim"
"Gerência Regional / GO","860490/2008","Requerimento de Autorização de Pesquisa","Requerimento de Lavra","00.508.829/0001-08","EDEM EMPRESA DE DESENVOLVIMENTO EM MINERACAO E PARTICIPACOES LTDA","VILA PROPÍCIO - GO","CALCÁRIO, CALCÁRIO, ILMENITA","Corretivo de solo, Fabricação de cal, Industrial","Sim"
"Gerência Regional / GO","860571/2009","Requerimento de Disponibilidade para pesquisa","Requerimento de Lavra","00.508.829/0001-08","EDEM EMPRESA DE DESENVOLVIMENTO EM MINERACAO E PARTICIPACOES LTDA","VILA PROPÍCIO - GO","CALCÁRIO, CALCÁRIO, MINÉRIO DE OURO","Corretivo de solo, Fabricação de cal, Industrial","Sim"
"Gerência Regional / GO","860778/2013","Requerimento de Disponibilidade para lavra","Requerimento de Lavra","00.508.829/0001-08","EDEM EMPRESA DE DESENVOLVIMENTO EM MINERACAO E PARTICIPACOES LTDA","ITAPACI - GO","TALCO","Demais substâncias","Sim"
"Gerência Regional / GO","860906/2016","Requerimento de Disponibilidade para pesquisa","Requerimento de Lavra","00.508.829/0001-08","EDEM EMPRESA DE DESENVOLVIMENTO EM MINERACAO E PARTICIPACOES LTDA","PORANGATU - GO","FELDSPATO, GRANITO, MINÉRIO DE OURO","Industrial, Industrial, Revestimento","Sim"
"Gerência Regional / GO","860957/2010","Requerimento de Disponibilidade para pesquisa","Requerimento de Lavra","00.508.829/0001-08","EDEM EMPRESA DE DESENVOLVIMENTO EM MINERACAO E PARTICIPACOES LTDA","DIORAMA - GO","ILMENITA, SIENITO","Industrial, Industrial","Sim"
"Gerência Regional / GO","861346/2012","Requerimento de Disponibilidade para pesquisa","Requerimento de Lavra","00.508.829/0001-08","EDEM EMPRESA DE DESENVOLVIMENTO EM MINERACAO E PARTICIPACOES LTDA","PORANGATU - GO","FELDSPATO, GRANITO, MINÉRIO DE OURO","Industrial, Industrial, Revestimento","Sim"
"Gerência Regional / GO","860299/2007","Requerimento de Autorização de Pesquisa","Requerimento de Lavra","23.876.315/0001-00","PONTE NOVA MINERADORA LTDA","PALMEIRAS DE GOIÁS - GO","GNAISSE, GNAISSE, GNAISSE, MINÉRIO DE OURO","Brita, Industrial, Pedra de talhe, Revestimento","Sim"
"Gerência Regional / GO","861276/2013","Requerimento de Autorização de Pesquisa","Requerimento de Lavra","23.876.315/0001-00","PONTE NOVA MINERADORA LTDA","PALMEIRAS DE GOIÁS - GO","GNAISSE, GRANITO, GRANITO","Brita, Brita, Revestimento","Sim"
"Gerência Regional / GO","861312/2015","Requerimento de Disponibilidade para pesquisa","Requerimento de Lavra","03.419.925/0001-60","Jean de Gardin Ribeiro Chagas Me","CRISTALINA - GO","AREIA","Construção civil","Sim"
"Gerência Regional / GO","860169/1999","Requerimento de Registro de Licença","Requerimento de Lavra","03.417.227/0001-25","TARCAL TRANSPORTES E MATERIAL DE CONSTRUCAO LTDA","JARAGUÁ - GO","AREIA, CASCALHO","Construção civil, Construção civil","Sim"
"Gerência Regional / GO","861526/1993","Requerimento de Registro de Licença","Requerimento de Lavra","03.417.227/0001-25","TARCAL TRANSPORTES E MATERIAL DE CONSTRUCAO LTDA","JARAGUÁ - GO","AREIA, CASCALHO","Demais substâncias, Demais substâncias","Sim"
"Gerência Regional / GO","860240/2022","Requerimento de Disponibilidade para pesquisa","Requerimento de Lavra","41.390.917/0001-27","TUBARAO AREIAS - EIRELI","ARAGUAPAZ - GO, FAINA - GO","AREIA","Construção civil","Sim"
"Gerência Regional / GO","860241/2022","Requerimento de Disponibilidade para pesquisa","Requerimento de Lavra","41.390.917/0001-27","TUBARAO AREIAS - EIRELI","ARAGUAPAZ - GO, FAINA - GO","AREIA","Construção civil","Sim"
"Gerência Regional / GO","860519/2018","Requerimento de Disponibilidade para pesquisa","Requerimento de Lavra","41.390.917/0001-27","TUBARAO AREIAS - EIRELI","ARAGUAPAZ - GO, FAINA - GO","AREIA","Construção civil","Sim"
"Gerência Regional / GO","860691/2015","Requerimento de Autorização de Pesquisa","Requerimento de Lavra","13.576.808/0001-63","Rio Claro Minerals Pesquisa e Exploração Mineral SA","JAUPACI - GO","DIAMANTE, MINÉRIO DE OURO","Industrial, Industrial","Sim"
"Gerência Regional / GO","860692/2015","Requerimento de Autorização de Pesquisa","Requerimento de Lavra","13.576.808/0001-63","Rio Claro Minerals Pesquisa e Exploração Mineral SA","FAZENDA NOVA - GO, ISRAELÂNDIA - GO","DIAMANTE, MINÉRIO DE OURO","Industrial, Industrial","Sim"
"Gerência Regional / GO","860715/2003","Requerimento de Autorização de Pesquisa","Requerimento de Lavra","13.576.808/0001-63","Rio Claro Minerals Pesquisa e Exploração Mineral SA","ISRAELÂNDIA - GO","DIAMANTE INDUSTRIAL, MINÉRIO DE OURO","Industrial, Industrial","Sim"
"Gerência Regional / GO","860716/2003","Requerimento de Autorização de Pesquisa","Requerimento de Lavra","13.576.808/0001-63","Rio Claro Minerals Pesquisa e Exploração Mineral SA","FAZENDA NOVA - GO, JAUPACI - GO","DIAMANTE INDUSTRIAL, MINÉRIO DE OURO","Industrial, Industrial","Sim"
"Gerência Regional / GO","860717/2003","Requerimento de Autorização de Pesquisa","Requerimento de Lavra","13.576.808/0001-63","Rio Claro Minerals Pesquisa e Exploração Mineral SA","FAZENDA NOVA - GO, ISRAELÂNDIA - GO, JAUPACI - GO","DIAMANTE INDUSTRIAL, MINÉRIO DE OURO","Industrial, Industrial","Sim"
"Gerência Regional / GO","860718/2003","Requerimento de Autorização de Pesquisa","Requerimento de Lavra","13.576.808/0001-63","Rio Claro Minerals Pesquisa e Exploração Mineral SA","FAZENDA NOVA - GO, JAUPACI - GO","DIAMANTE INDUSTRIAL, MINÉRIO DE OURO","Industrial, Industrial","Sim"
"Gerência Regional / GO","861167/2007","Requerimento de Autorização de Pesquisa","Requerimento de Lavra","13.576.808/0001-63","Rio Claro Minerals Pesquisa e Exploração Mineral SA","FAZENDA NOVA - GO, JAUPACI - GO","DIAMANTE, MINÉRIO DE OURO","Industrial, Industrial","Sim"
"Gerência Regional / GO","861168/2007","Requerimento de Autorização de Pesquisa","Requerimento de Lavra","13.576.808/0001-63","Rio Claro Minerals Pesquisa e Exploração Mineral SA","FAZENDA NOVA - GO, ISRAELÂNDIA - GO","DIAMANTE, MINÉRIO DE OURO","Industrial, Industrial","Sim"
"Gerência Regional / GO","861253/2012","Requerimento de Cessão parcial","Requerimento de Lavra","02.306.385/0001-45","BORGES E DONATO LTDA ME","AURILÂNDIA - GO, FIRMINÓPOLIS - GO","AREIA","Construção civil","Sim"
"Gerência Regional / GO","860344/2004","Requerimento de Autorização de Pesquisa","Requerimento de Lavra","13.576.808/0001-63","Rio Claro Minerals Pesquisa e Exploração Mineral SA","FAZENDA NOVA - GO, JAUPACI - GO","DIAMANTE INDUSTRIAL, MINÉRIO DE OURO","Industrial, Industrial","Sim"
"Gerência Regional / GO","860349/2005","Requerimento de Autorização de Pesquisa","Requerimento de Lavra","13.576.808/0001-63","Rio Claro Minerals Pesquisa e Exploração Mineral SA","JAUPACI - GO","DIAMANTE INDUSTRIAL, MINÉRIO DE OURO","Industrial, Industrial","Sim"
"Gerência Regional / GO","860449/2007","Requerimento de Autorização de Pesquisa","Requerimento de Lavra","13.576.808/0001-63","Rio Claro Minerals Pesquisa e Exploração Mineral SA","JAUPACI - GO","DIAMANTE, MINÉRIO DE OURO","Industrial, Industrial","Sim"
"Gerência Regional / GO","860450/2007","Requerimento de Autorização de Pesquisa","Requerimento de Lavra","13.576.808/0001-63","Rio Claro Minerals Pesquisa e Exploração Mineral SA","JAUPACI - GO","DIAMANTE, MINÉRIO DE OURO","Industrial, Industrial","Sim"
"Gerência Regional / GO","862164/2007","Requerimento de Autorização de Pesquisa","Requerimento de Lavra","10.649.567/0001-47","RIO VERMELHO MINERACAO LTDA","LUZIÂNIA - GO","AREIA, CASCALHO, MINÉRIO DE OURO","Construção civil, Construção civil, Industrial","Sim"
"Gerência Regional / GO","860064/2009","Requerimento de Autorização de Pesquisa","Requerimento de Lavra","13.055.336/0001-01","PEDREIRA MSC LTDA","SANTA TEREZA DE GOIÁS - GO","GRANITO, ILMENITA","Brita, Industrial","Sim"
"Gerência Regional / GO","860065/2009","Requerimento de Autorização de Pesquisa","Requerimento de Lavra","13.055.336/0001-01","PEDREIRA MSC LTDA","SANTA TEREZA DE GOIÁS - GO","GRANITO, ILMENITA","Brita, Industrial","Sim"
"Gerência Regional / GO","860097/2009","Requerimento de Autorização de Pesquisa","Requerimento de Lavra","13.055.336/0001-01","PEDREIRA MSC LTDA","SANTA TEREZA DE GOIÁS - GO","GRANITO, ILMENITA","Brita, Industrial","Sim"
"Gerência Regional / GO","862080/2011","Requerimento de Cessão parcial","Requerimento de Lavra","13.055.336/0001-01","PEDREIRA MSC LTDA","SANTA TEREZA DE GOIÁS - GO","GRANITO, ILMENITA","Brita, Industrial","Sim"
"Gerência Regional / GO","860422/2012","Requerimento de Autorização de Pesquisa","Requerimento de Lavra","08.227.476/0001-71","SINTERTEC MINERAIS INDUSTRIAIS LTDA.","NIQUELÂNDIA - GO","CALCÁRIO","Fabricação de cimento","Sim"
"Gerência Regional / GO","862403/2007","Requerimento de Autorização de Pesquisa","Requerimento de Lavra","08.227.476/0001-71","SINTERTEC MINERAIS INDUSTRIAIS LTDA.","CAMPO ALEGRE DE GOIÁS - GO","ARGILA, TURFA","Energético, Industrial","Sim"
"Gerência Regional / GO","860367/2009","Requerimento de Autorização de Pesquisa","Requerimento de Lavra","33.554.452/0001-74","Titanio Goiás Mineração Ind. e Com. Ltda","ANICUNS - GO","AREIA, MINÉRIO DE OURO","Construção civil, Industrial","Sim"
"Gerência Regional / GO","861224/2008","Requerimento de Autorização de Pesquisa","Requerimento de Lavra","33.554.452/0001-74","Titanio Goiás Mineração Ind. e Com. Ltda","ANICUNS - GO","AREIA","Construção civil","Sim"
"Gerência Regional / GO","861302/2003","Requerimento de Autorização de Pesquisa","Requerimento de Lavra","33.554.452/0001-74","Titanio Goiás Mineração Ind. e Com. Ltda","ANICUNS - GO","AREIA","Ourivesaria","Sim"
"Gerência Regional / GO","860119/2008","Requerimento de Autorização de Pesquisa","Requerimento de Lavra","07.554.984/0001-00","MINERACAO MONTE AZUL LTDA","ALEXÂNIA - GO","MINÉRIO DE MANGANÊS","Industrial","Sim"
"Gerência Regional / GO","860216/2019","Requerimento de Cessão parcial","Requerimento de Lavra","07.554.984/0001-00","MINERACAO MONTE AZUL LTDA","NIQUELÂNDIA - GO","CALCÁRIO, CALCÁRIO, CALCÁRIO","Corretivo de solo, Fabricação de cal, Fabricação de cimento","Sim"
"Gerência Regional / GO","861681/2009","Requerimento de Autorização de Pesquisa","Requerimento de Lavra","07.554.984/0001-00","MINERACAO MONTE AZUL LTDA","FORMOSA - GO","CALCÁRIO, MINÉRIO DE FERRO","Corretivo de solo, Industrial","Sim"
"Gerência Regional / GO","860480/2013","Requerimento de Disponibilidade para pesquisa","Requerimento de Lavra","29.521.768/0001-92","COIMBRA BUENO TASSARA 02575710197","PONTALINA - GO","AREIA, MINÉRIO DE OURO","Construção civil, Industrial","Sim"
"Gerência Regional / GO","861748/1994","Requerimento de Autorização de Pesquisa","Requerimento de Lavra","24.793.929/0001-83","Jalina Thermas Mineração Ltda","CALDAS NOVAS - GO","ÁGUA MINERAL","Demais substâncias","Sim"
"Gerência Regional / GO","861491/2016","Requerimento de Autorização de Pesquisa","Requerimento de Lavra","22.482.228/0001-06","FERLIG FERRO LIGA LTDA -","NIQUELÂNDIA - GO","CALCÁRIO, CALCÁRIO, CALCÁRIO, MINÉRIO DE MANGANÊS","Corretivo de solo, Fabricação de cal, Fabricação de cimento, Industrial","Sim"
"Gerência Regional / GO","860401/2017","Requerimento de Cessão parcial","Requerimento de Lavra","01.133.479/0001-05","COMGEO MINERACAO EMPREENDIMENTOS E PARTICIPACAO LTDA","FAINA - GO","CALCÁRIO, DOLOMITO, ILMENITA","Corretivo de solo, Corretivo de solo, Industrial","Sim"
"Gerência Regional / GO","860759/2004","Requerimento de Autorização de Pesquisa","Requerimento de Lavra","00.140.322/0001-36","VALE DO RIO VERDE MINERAÇÃO LTDA","GOIÁS - GO","MINÉRIO DE TITÂNIO","Industrial","Sim"
"Gerência Regional / GO","861031/2001","Requerimento de Autorização de Pesquisa","Requerimento de Lavra","01.133.479/0001-05","COMGEO MINERACAO EMPREENDIMENTOS E PARTICIPACAO LTDA","GOIANÉSIA - GO, PIRENÓPOLIS - GO","DOLOMITO","Demais substâncias","Sim"
"Gerência Regional / GO","861072/2012","Requerimento de Cessão parcial","Requerimento de Lavra","11.042.624/0001-98","Alaor Ferreira da Cruz Areia Me","GOIÁS - GO, ITAPIRAPUÃ - GO","AREIA","Construção civil","Sim"
"Gerência Regional / GO","861073/2012","Requerimento de Cessão parcial","Requerimento de Lavra","11.042.624/0001-98","Alaor Ferreira da Cruz Areia Me","ITAPIRAPUÃ - GO","AREIA","Construção civil","Sim"
"Gerência Regional / GO","860195/2011","Requerimento de Cessão parcial","Requerimento de Lavra","33.553.561/0001-77","CERAMICA RIO VERDE LTDA","CATALÃO - GO","ARGILA, DIAMANTE","Cerâmica vermelha, Industrial","Sim"
"Gerência Regional / GO","861372/2015","Requerimento de Autorização de Pesquisa","Requerimento de Lavra","61.082.988/0001-70","MARINGA FERRO-LIGA S.A","CAVALCANTE - GO","MINÉRIO DE MANGANÊS","Industrial","Sim"
"Gerência Regional / GO","861895/2010","Requerimento de Autorização de Pesquisa","Requerimento de Lavra","10.553.211/0001-05","Carvalho e Sousa Oliveira Ltda Me","BALIZA - GO","AREIA","Construção civil","Sim"
"Gerência Regional / MT","866843/2023","Requerimento de Autorização de Pesquisa","Requerimento de Lavra","50.599.170/0001-02","SAO JOSE HOLDING E PARTICIPACOES LTDA","ARUANÃ - GO, COCALINHO - MT","AREIA","Construção civil","Sim"
"Gerência Regional / GO","860629/2010","Requerimento de Autorização de Pesquisa","Requerimento de Lavra","27.367.721/0001-90","ITAMARACA S/A - EM RECUPERACAO JUDICIAL","FORMOSA - GO","CALCÁRIO","Fabricação de cimento","Sim"
"Gerência Regional / GO","860956/2024","Requerimento de Cessão parcial","Requerimento de Lavra","01.133.510/0001-08","MINERADORA SANTO EXPEDITO LTDA","BARRO ALTO - GO","BAUXITA","Industrial","Sim"
"Gerência Regional / GO","861015/2007","Requerimento de Autorização de Pesquisa","Requerimento de Lavra","01.703.552/0001-29","Calta Calcario Taguatinga Ltda.","CAMPOS BELOS - GO","CALCÁRIO","Fabricação de cal","Sim"
"Gerência Regional / GO","861019/2007","Requerimento de Autorização de Pesquisa","Requerimento de Lavra","01.703.552/0001-29","Calta Calcario Taguatinga Ltda.","GUARANI DE GOIÁS - GO","CALCÁRIO","Fabricação de cal","Sim"
"Gerência Regional / GO","861262/2009","Requerimento de Autorização de Pesquisa","Requerimento de Lavra","01.133.510/0001-08","MINERADORA SANTO EXPEDITO LTDA","SANTA RITA DO NOVO DESTINO - GO","ILMENITA, MINÉRIO DE ALUMÍNIO","Industrial, Industrial","Sim"
"Gerência Regional / GO","861349/2008","Requerimento de Autorização de Pesquisa","Requerimento de Lavra","01.133.510/0001-08","MINERADORA SANTO EXPEDITO LTDA","BARRO ALTO - GO, SANTA RITA DO NOVO DESTINO - GO","ILMENITA","Industrial","Sim"
"Gerência Regional / GO","862090/2012","Requerimento de Autorização de Pesquisa","Requerimento de Lavra","27.367.721/0001-90","ITAMARACA S/A - EM RECUPERACAO JUDICIAL","FORMOSA - GO","ARGILA","Industrial","Sim"
"Gerência Regional / GO","862328/2007","Requerimento de Autorização de Pesquisa","Requerimento de Lavra","01.133.510/0001-08","MINERADORA SANTO EXPEDITO LTDA","BARRO ALTO - GO, SANTA RITA DO NOVO DESTINO - GO","ILMENITA","Industrial","Sim"
"Gerência Regional / GO","862799/2008","Requerimento de Autorização de Pesquisa","Requerimento de Lavra","01.133.510/0001-08","MINERADORA SANTO EXPEDITO LTDA","SANTA RITA DO NOVO DESTINO - GO","ILMENITA","Industrial","Sim"
"Gerência Regional / GO","861416/2010","Requerimento de Autorização de Pesquisa","Requerimento de Lavra","03.163.210/0001-99","SARKIS MINERACAO LTDA","PADRE BERNARDO - GO","CALCÁRIO","Fabricação de cimento","Sim"
"Gerência Regional / GO","862616/2008","Requerimento de Autorização de Pesquisa","Requerimento de Lavra","03.163.210/0001-99","SARKIS MINERACAO LTDA","PADRE BERNARDO - GO","CALCÁRIO","Fabricação de cimento","Sim"
"Gerência Regional / GO","862618/2008","Requerimento de Autorização de Pesquisa","Requerimento de Lavra","03.163.210/0001-99","SARKIS MINERACAO LTDA","PADRE BERNARDO - GO","CALCÁRIO","Fabricação de cimento","Sim"
"Gerência Regional / GO","860103/1999","Requerimento de Autorização de Pesquisa","Requerimento de Lavra","01.637.895/0001-32","VOTORANTIM CIMENTOS S.A.","BRASÍLIA - DF, PLANALTINA - GO","ARGILA","Demais substâncias","Sim"
"Gerência Regional / GO","860104/1999","Requerimento de Autorização de Pesquisa","Requerimento de Lavra","01.637.895/0001-32","VOTORANTIM CIMENTOS S.A.","BRASÍLIA - DF, PLANALTINA - GO","ARGILA","Demais substâncias","Sim"
"Gerência Regional / GO","860220/2008","Requerimento de Autorização de Pesquisa","Requerimento de Lavra","01.637.895/0001-32","VOTORANTIM CIMENTOS S.A.","EDEALINA - GO, EDÉIA - GO","ARGILA, CALCÁRIO","Fabricação de cimento, Industrial","Sim"
"Gerência Regional / GO","860505/1990","Requerimento de Autorização de Pesquisa","Requerimento de Lavra","01.637.895/0001-32","VOTORANTIM CIMENTOS S.A.","COCALZINHO DE GOIÁS - GO","CALCÁRIO","Demais substâncias","Sim"
"Gerência Regional / GO","860533/1990","Requerimento de Registro de Licença","Requerimento de Lavra","01.637.895/0001-32","VOTORANTIM CIMENTOS S.A.","EDÉIA - GO","CALCÁRIO DOLOMÍTICO","Demais substâncias","Sim"
"Gerência Regional / GO","860538/1998","Requerimento de Autorização de Pesquisa","Requerimento de Lavra","01.637.895/0001-32","VOTORANTIM CIMENTOS S.A.","PLANALTINA - GO","CALCÁRIO","Demais substâncias","Sim"
"Gerência Regional / GO","860539/1998","Requerimento de Autorização de Pesquisa","Requerimento de Lavra","01.637.895/0001-32","VOTORANTIM CIMENTOS S.A.","PLANALTINA - GO","CALCÁRIO","Demais substâncias","Sim"
"Gerência Regional / GO","860540/1998","Requerimento de Autorização de Pesquisa","Requerimento de Lavra","01.637.895/0001-32","VOTORANTIM CIMENTOS S.A.","ÁGUA FRIA DE GOIÁS - GO","CALCÁRIO","Demais substâncias","Sim"
"Gerência Regional / GO","860541/1998","Requerimento de Autorização de Pesquisa","Requerimento de Lavra","01.637.895/0001-32","VOTORANTIM CIMENTOS S.A.","ÁGUA FRIA DE GOIÁS - GO","CALCÁRIO","Demais substâncias","Sim"
"Gerência Regional / GO","860542/1998","Requerimento de Autorização de Pesquisa","Requerimento de Lavra","01.637.895/0001-32","VOTORANTIM CIMENTOS S.A.","ÁGUA FRIA DE GOIÁS - GO, PLANALTINA - GO","CALCÁRIO","Demais substâncias","Sim"
"Gerência Regional / GO","860543/1998","Requerimento de Autorização de Pesquisa","Requerimento de Lavra","01.637.895/0001-32","VOTORANTIM CIMENTOS S.A.","PLANALTINA - GO","CALCÁRIO","Demais substâncias","Sim"
"Gerência Regional / GO","860544/1998","Requerimento de Autorização de Pesquisa","Requerimento de Lavra","01.637.895/0001-32","VOTORANTIM CIMENTOS S.A.","PLANALTINA - GO","CALCÁRIO","Demais substâncias","Sim"
"Gerência Regional / GO","860545/1998","Requerimento de Autorização de Pesquisa","Requerimento de Lavra","01.637.895/0001-32","VOTORANTIM CIMENTOS S.A.","PLANALTINA - GO","CALCÁRIO","Demais substâncias","Sim"
"Gerência Regional / GO","860546/1998","Requerimento de Autorização de Pesquisa","Requerimento de Lavra","01.637.895/0001-32","VOTORANTIM CIMENTOS S.A.","PLANALTINA - GO","CALCÁRIO","Demais substâncias","Sim"
"Gerência Regional / GO","860547/1998","Requerimento de Autorização de Pesquisa","Requerimento de Lavra","01.637.895/0001-32","VOTORANTIM CIMENTOS S.A.","PLANALTINA - GO","CALCÁRIO","Demais substâncias","Sim"
"Gerência Regional / GO","860589/2014","Requerimento de Autorização de Pesquisa","Requerimento de Lavra","01.637.895/0001-32","VOTORANTIM CIMENTOS S.A.","BRASÍLIA - DF, FORMOSA - GO","AREIA, ARGILA","Construção civil, Industrial","Sim"
"Gerência Regional / GO","860910/2016","Requerimento de Disponibilidade para pesquisa","Requerimento de Lavra","01.637.895/0001-32","VOTORANTIM CIMENTOS S.A.","BARRO ALTO - GO","ARGILA, BAUXITA","Industrial, Industrial","Sim"
"Gerência Regional / GO","860948/2015","Requerimento de Autorização de Pesquisa","Requerimento de Lavra","01.637.895/0001-32","VOTORANTIM CIMENTOS S.A.","BARRO ALTO - GO, SANTA RITA DO NOVO DESTINO - GO","ARGILA","Industrial","Sim"
"Gerência Regional / GO","861546/2007","Requerimento de Autorização de Pesquisa","Requerimento de Lavra","01.637.895/0001-32","VOTORANTIM CIMENTOS S.A.","PADRE BERNARDO - GO","ARGILA","Industrial","Sim"
"Gerência Regional / GO","861710/2010","Requerimento de Autorização de Pesquisa","Requerimento de Lavra","01.637.895/0001-32","VOTORANTIM CIMENTOS S.A.","FORMOSA - GO","CALCÁRIO","Fabricação de cimento","Sim"
"Gerência Regional / GO","760926/1996","Requerimento de Autorização de Pesquisa","Requerimento de Lavra","01.637.895/0001-32","VOTORANTIM CIMENTOS S.A.","COCALZINHO DE GOIÁS - GO","CALCÁRIO","Demais substâncias","Sim"
"Gerência Regional / GO","861122/2006","Requerimento de Autorização de Pesquisa","Requerimento de Lavra","05.731.908/0001-99","KYMERA MINE MINERACAO E COMERCIO LTDA","GOIÁS - GO, HEITORAÍ - GO","CIANITA","Industrial","Sim"
"Gerência Regional / GO","861193/2022","Requerimento de Cessão parcial","Requerimento de Lavra","48.295.054/0001-58","FORTALEZA EXTRACAO DE AREIA LTDA","CUMARI - GO, NOVA AURORA - GO","AREIA","Construção civil","Sim"
"Gerência Regional / GO","860646/2007","Requerimento de Autorização de Pesquisa","Requerimento de Lavra","01.445.576/0001-25","TERRA GOYANA MINERADORA LTDA","BARRO ALTO - GO","BAUXITA, ILMENITA","Industrial, Industrial","Sim"
"Gerência Regional / GO","861116/2003","Requerimento de Autorização de Pesquisa","Requerimento de Lavra","01.445.576/0001-25","TERRA GOYANA MINERADORA LTDA","BARRO ALTO - GO, SANTA RITA DO NOVO DESTINO - GO","BAUXITA, MINÉRIO DE TITÂNIO","Industrial, Industrial","Sim"
"Gerência Regional / GO","862798/2008","Requerimento de Autorização de Pesquisa","Requerimento de Lavra","01.445.576/0001-25","TERRA GOYANA MINERADORA LTDA","BARRO ALTO - GO","BAUXITA, ILMENITA","Industrial, Industrial","Sim"
"Gerência Regional / MG","832446/2001","Requerimento de Autorização de Pesquisa","Requerimento de Lavra","19.240.506/0001-04","Agropecuária Tapirai Ltda","CRISTALINA - GO, UNAÍ - MG","ARGILA, MINÉRIO DE OURO","Industrial, Ourivesaria","Sim"
"Gerência Regional / MG","832448/2001","Requerimento de Autorização de Pesquisa","Requerimento de Lavra","19.240.506/0001-04","Agropecuária Tapirai Ltda","CRISTALINA - GO, UNAÍ - MG","ARGILA, MINÉRIO DE OURO, TURFA","Industrial, Insumo agrícola, Ourivesaria","Sim"
"Gerência Regional / GO","860287/2017","Requerimento de Autorização de Pesquisa","Requerimento de Lavra","00.052.803/0001-90","PEDREIRA ARAGUAIA LTDA","CALDAZINHA - GO","GNAISSE","Brita","Sim"
"Gerência Regional / GO","860292/2013","Requerimento de Disponibilidade para lavra","Requerimento de Lavra","00.052.803/0001-90","PEDREIRA ARAGUAIA LTDA","BONFINÓPOLIS - GO, LEOPOLDO DE BULHÕES - GO","GNAISSE, MINÉRIO DE TITÂNIO","Brita, Industrial","Sim"
"Gerência Regional / GO","860293/2013","Requerimento de Disponibilidade para lavra","Requerimento de Lavra","00.052.803/0001-90","PEDREIRA ARAGUAIA LTDA","BONFINÓPOLIS - GO","GNAISSE, MINÉRIO DE TITÂNIO","Brita, Industrial","Sim"
"Gerência Regional / GO","860799/2018","Requerimento de Cessão parcial","Requerimento de Lavra","00.052.803/0001-90","PEDREIRA ARAGUAIA LTDA","HIDROLÂNDIA - GO","XISTO","Brita","Sim"
"Gerência Regional / GO","860800/2018","Requerimento de Cessão parcial","Requerimento de Lavra","00.052.803/0001-90","PEDREIRA ARAGUAIA LTDA","HIDROLÂNDIA - GO","XISTO","Brita","Sim"
"Gerência Regional / GO","860801/2018","Requerimento de Cessão parcial","Requerimento de Lavra","00.052.803/0001-90","PEDREIRA ARAGUAIA LTDA","HIDROLÂNDIA - GO","XISTO","Brita","Sim"
"Gerência Regional / GO","861834/2024","Requerimento de Lavra - Leilão","Requerimento de Lavra","37.207.011/0001-57","ALTO GIRO MOTO PECAS LTDA","PARAÚNA - GO","AREIA","Construção civil","Sim"
"Gerência Regional / GO","860188/2020","Requerimento de Autorização de Pesquisa","Requerimento de Lavra","05.660.787/0001-31","ESTANCIA MINEIRINHO AREIA E AGRO LTDA","MONTE ALEGRE DE GOIÁS - GO","AREIA, MINÉRIO DE OURO, QUARTZITO","Brita, Construção civil, Industrial","Sim"
"Gerência Regional / GO","860345/2016","Requerimento de Autorização de Pesquisa","Requerimento de Lavra","09.388.634/0001-38","DANIEL ALEXANDRE DA SILVA","CRIXÁS - GO, GUARINOS - GO","AREIA, MINÉRIO DE OURO","Construção civil, Industrial","Sim"
"Gerência Regional / GO","861291/2008","Requerimento de Autorização de Pesquisa","Requerimento de Lavra","12.597.014/0001-13","Musse Mineração Ltda Me","JAUPACI - GO","GRANITO, MINÉRIO DE OURO","Industrial, Revestimento","Sim"
"Gerência Regional / GO","861039/2013","Requerimento de Autorização de Pesquisa","Requerimento de Lavra","15.421.341/0001-08","Mcs Participações Limitada Me","PALMEIRAS DE GOIÁS - GO","GNAISSE, GRANITO","Brita, Revestimento","Sim"
"Gerência Regional / GO","860760/2017","Requerimento de Autorização de Pesquisa","Requerimento de Lavra","27.427.364/0001-09","S & J MINERACAO DE GRANITOS DO BRASIL LTDA","RUBIATABA - GO","MONZONITO","Revestimento","Sim"
"Gerência Regional / GO","861372/2016","Requerimento de Autorização de Pesquisa","Requerimento de Lavra","27.427.364/0001-09","S & J MINERACAO DE GRANITOS DO BRASIL LTDA","RUBIATABA - GO","MONZONITO","Revestimento","Sim"
"Gerência Regional / GO","860290/2009","Requerimento de Autorização de Pesquisa","Requerimento de Lavra","50.068.307/0001-00","BLEND MINERACAO LTDA","CAMPINAÇU - GO","CALCÁRIO, CALCÁRIO CALCÍTICO, CALCÁRIO DOLOMÍTICO","Corretivo de solo, Corretivo de solo, Fabricação de cimento","Sim"
"Gerência Regional / GO","861541/2009","Requerimento de Autorização de Pesquisa","Requerimento de Lavra","50.068.307/0001-00","BLEND MINERACAO LTDA","CAMPINAÇU - GO","CALCÁRIO, CALCÁRIO CALCÍTICO, CALCÁRIO DOLOMÍTICO","Corretivo de solo, Corretivo de solo, Fabricação de cimento","Sim"
"Gerência Regional / GO","860288/2013","Requerimento de Mudança de Regime para Aut. de Pesquisa","Requerimento de Lavra","13.229.739/0001-11","V & A. EXTRACAO E COMERCIO DE AREIA E CASCALHO LTDA","CARMO DO RIO VERDE - GO, SÃO PATRÍCIO - GO","AREIA, CASCALHO","Construção civil, Construção civil","Sim"
"Gerência Regional / GO","860289/2013","Requerimento de Mudança de Regime para Aut. de Pesquisa","Requerimento de Lavra","13.229.739/0001-11","V & A. EXTRACAO E COMERCIO DE AREIA E CASCALHO LTDA","SÃO PATRÍCIO - GO","AREIA, CASCALHO, SAIBRO","Construção civil, Construção civil, Construção civil","Sim"
"Gerência Regional / GO","860290/2013","Requerimento de Mudança de Regime para Aut. de Pesquisa","Requerimento de Lavra","13.229.739/0001-11","V & A. EXTRACAO E COMERCIO DE AREIA E CASCALHO LTDA","SÃO PATRÍCIO - GO","AREIA, CASCALHO","Construção civil, Construção civil","Sim"
"Gerência Regional / GO","860517/2014","Requerimento de Autorização de Pesquisa","Requerimento de Lavra","13.229.739/0001-11","V & A. EXTRACAO E COMERCIO DE AREIA E CASCALHO LTDA","SÃO PATRÍCIO - GO","AREIA","Construção civil","Sim"
"Gerência Regional / GO","860552/2016","Requerimento de Cessão parcial","Requerimento de Lavra","***.788.541-**","Gabriela Pessoa Monteiro Martins","FORMOSA - GO","AREIA, CASCALHO, MINÉRIO DE OURO, QUARTZITO","Construção civil, Construção civil, Industrial, Industrial","Sim"
"Gerência Regional / GO","860553/2016","Requerimento de Cessão parcial","Requerimento de Lavra","***.788.541-**","Gabriela Pessoa Monteiro Martins","FORMOSA - GO","AREIA, CASCALHO, MINÉRIO DE OURO, QUARTZITO","Construção civil, Construção civil, Industrial, Industrial","Sim"
"Gerência Regional / GO","860517/2013","Requerimento de Autorização de Pesquisa","Requerimento de Lavra","13.274.325/0001-04","Rubia Mineração e Comércio Ltda","GOIÁS - GO","AREIA, MINÉRIO DE OURO","Construção civil, Industrial","Sim"
"Gerência Regional / GO","861369/2008","Requerimento de Autorização de Pesquisa","Requerimento de Lavra","25.291.472/0001-71","Itauna Minertech Ltda","NOVA IGUAÇU DE GOIÁS - GO","MINÉRIO DE MANGANÊS","Industrial","Sim"
"Gerência Regional / GO","861568/2007","Requerimento de Autorização de Pesquisa","Requerimento de Lavra","25.291.472/0001-71","Itauna Minertech Ltda","SÃO JOÃO D'ALIANÇA - GO","MINÉRIO DE MANGANÊS","Industrial","Sim"
"Gerência Regional / GO","861569/2007","Requerimento de Autorização de Pesquisa","Requerimento de Lavra","25.291.472/0001-71","Itauna Minertech Ltda","SÃO JOÃO D'ALIANÇA - GO","MINÉRIO DE MANGANÊS","Industrial","Sim"
"Gerência Regional / GO","860131/1994","Requerimento de Autorização de Pesquisa","Requerimento de Lavra","00.948.470/0001-81","PONTUAL INCORPORADORA E EMPREENDIMENTOS IMOBILIARIOS S/A","CRISTALINA - GO","AREIA, CASCALHO, MÁRMORE, QUARTZITO, QUARTZO","Brita, Construção civil, Construção civil, Demais substâncias, Demais substâncias","Sim"
"Gerência Regional / GO","860352/2002","Requerimento de Autorização de Pesquisa","Requerimento de Lavra","11.010.920/0001-07","Mineral Group Participações Ltda.","PILAR DE GOIÁS - GO","GRANITO, MINÉRIO DE OURO","Demais substâncias, Demais substâncias","Sim"
"Gerência Regional / GO","860058/2017","Requerimento de Autorização de Pesquisa","Requerimento de Lavra","05.835.276/0001-03","RIO MINERALS LTDA","PADRE BERNARDO - GO","MÁRMORE","Revestimento","Sim"
"Gerência Regional / GO","860220/2021","Requerimento de Cessão parcial","Requerimento de Lavra","05.835.276/0001-03","RIO MINERALS LTDA","PADRE BERNARDO - GO","CALCÁRIO, CALCÁRIO, CALCÁRIO, MÁRMORE","Brita, Corretivo de solo, Fabricação de cal, Revestimento","Sim"
"Gerência Regional / GO","860221/2021","Requerimento de Cessão parcial","Requerimento de Lavra","05.835.276/0001-03","RIO MINERALS LTDA","PADRE BERNARDO - GO","CALCÁRIO, CALCÁRIO, CALCÁRIO, MÁRMORE, MÁRMORE","Brita, Corretivo de solo, Fabricação de cal, Industrial, Revestimento","Sim"
"Gerência Regional / GO","860575/2014","Requerimento de Autorização de Pesquisa","Requerimento de Lavra","20.324.563/0001-42","EGO AMBIENTAL MEIO AMBIENTE, MINERACAO, AGRIMENSURA E SEGURANCA DO TRABALHO EIRELI","PORANGATU - GO, TROMBAS - GO","AREIA, MINÉRIO DE OURO","Construção civil, Industrial","Sim"
"Gerência Regional / GO","860591/2012","Requerimento de Autorização de Pesquisa","Requerimento de Lavra","05.835.276/0001-03","RIO MINERALS LTDA","MONTIVIDIU DO NORTE - GO","GRANITO, ILMENITA","Industrial, Revestimento","Sim"
"Gerência Regional / GO","861028/2009","Requerimento de Autorização de Pesquisa","Requerimento de Lavra","05.835.276/0001-03","RIO MINERALS LTDA","CALDAS NOVAS - GO","ILMENITA, XISTO","Brita, Industrial","Sim"
"Gerência Regional / GO","861073/2024","Requerimento de Cessão parcial","Requerimento de Lavra","26.500.165/0001-16","PEDREIRAS CONTAGEM LTDA","COCALZINHO DE GOIÁS - GO","CALCÁRIO","Brita","Sim"
"Gerência Regional / GO","861075/2024","Requerimento de Cessão parcial","Requerimento de Lavra","26.500.165/0001-16","PEDREIRAS CONTAGEM LTDA","COCALZINHO DE GOIÁS - GO","CALCÁRIO","Brita","Sim"
"Gerência Regional / GO","861077/2024","Requerimento de Cessão parcial","Requerimento de Lavra","26.500.165/0001-16","PEDREIRAS CONTAGEM LTDA","COCALZINHO DE GOIÁS - GO","CALCÁRIO","Brita","Sim"
"Gerência Regional / GO","861348/2016","Requerimento de Autorização de Pesquisa","Requerimento de Lavra","05.835.276/0001-03","RIO MINERALS LTDA","MONTE ALEGRE DE GOIÁS - GO","CALCÁRIO, MÁRMORE","Revestimento, Revestimento","Sim"
"Gerência Regional / GO","862778/2011","Requerimento de Autorização de Pesquisa","Requerimento de Lavra","00.652.008/0001-32","LEMOS CONSTRUCOES TRANSPORTES AREIA E CASCALHO LTDA","PIRES DO RIO - GO","GNAISSE","Brita","Sim"
"Gerência Regional / GO","860026/2010","Requerimento de Autorização de Pesquisa","Requerimento de Lavra","18.689.118/0001-34","Alexandre Cesar Batista Freire Me","ITAPIRAPUÃ - GO, MATRINCHÃ - GO","AREIA, MINÉRIO DE OURO","Construção civil, Industrial","Sim"
"Gerência Regional / GO","861641/2007","Requerimento de Autorização de Pesquisa","Requerimento de Lavra","37.060.696/0001-51","Sr Comércio de Pedras Ltda Me","SANTO ANTÔNIO DO DESCOBERTO - GO","AREIA, QUARTZITO","Construção civil, Revestimento","Sim"
"Gerência Regional / GO","861837/2010","Requerimento de Autorização de Pesquisa","Requerimento de Lavra","37.060.696/0001-51","Sr Comércio de Pedras Ltda Me","COCALZINHO DE GOIÁS - GO","AREIA, MINÉRIO DE OURO, QUARTZITO, QUARTZITO","Construção civil, Industrial, Pedra de talhe, Revestimento","Sim"
"Gerência Regional / GO","861271/2011","Requerimento de Autorização de Pesquisa","Requerimento de Lavra","13.273.843/0001-03","SYLVIO ROBERTO PEREIRA BARBOSA LTDA","CORUMBÁ DE GOIÁS - GO","AREIA","Construção civil","Sim"
"Gerência Regional / GO","860195/2012","Requerimento de Disponibilidade para pesquisa","Requerimento de Lavra","14.641.999/0001-62","Centro Mineração Ltda","SÃO JOÃO D'ALIANÇA - GO","MINÉRIO DE MANGANÊS","Industrial","Sim"
"Gerência Regional / GO","860811/2017","Requerimento de Autorização de Pesquisa","Requerimento de Lavra","14.641.999/0001-62","Centro Mineração Ltda","RIO VERDE - GO","AREIA","Construção civil","Sim"
"Gerência Regional / GO","860815/2016","Requerimento de Disponibilidade para pesquisa","Requerimento de Lavra","14.641.999/0001-62","Centro Mineração Ltda","CAVALCANTE - GO","MINÉRIO DE MANGANÊS","Industrial","Sim"
"Gerência Regional / GO","860816/2016","Requerimento de Disponibilidade para pesquisa","Requerimento de Lavra","14.641.999/0001-62","Centro Mineração Ltda","CAVALCANTE - GO","MINÉRIO DE MANGANÊS","Industrial","Sim"
"Gerência Regional / GO","860817/2016","Requerimento de Disponibilidade para pesquisa","Requerimento de Lavra","14.641.999/0001-62","Centro Mineração Ltda","CAVALCANTE - GO","MINÉRIO DE MANGANÊS","Industrial","Sim"
"Gerência Regional / GO","861063/2003","Requerimento de Autorização de Pesquisa","Requerimento de Lavra","14.641.999/0001-62","Centro Mineração Ltda","ANICUNS - GO","CALCÁRIO","Demais substâncias","Sim"
"Gerência Regional / GO","861187/2011","Requerimento de Autorização de Pesquisa","Requerimento de Lavra","14.641.999/0001-62","Centro Mineração Ltda","CAVALCANTE - GO","MINÉRIO DE MANGANÊS","Industrial","Sim"
"Gerência Regional / GO","860021/2011","Requerimento de Autorização de Pesquisa","Requerimento de Lavra","09.122.304/0001-04","Antônio Sebastião Mendes","CARMO DO RIO VERDE - GO, URUANA - GO","AREIA, CASCALHO","Construção civil, Construção civil","Sim"
"Gerência Regional / GO","861168/2014","Requerimento de Autorização de Pesquisa","Requerimento de Lavra","09.122.304/0001-04","Antônio Sebastião Mendes","RIALMA - GO, URUANA - GO","AREIA, CASCALHO","Construção civil, Construção civil","Sim"
"Gerência Regional / GO","809633/1970","Requerimento de Autorização de Pesquisa","Requerimento de Lavra","63.128.948/0001-47","GONICKEL METAIS LTDA.","JUSSARA - GO","AMIANTO, NÍQUEL","Demais substâncias, Demais substâncias","Sim"
"Gerência Regional / GO","809638/1970","Requerimento de Autorização de Pesquisa","Requerimento de Lavra","63.128.948/0001-47","GONICKEL METAIS LTDA.","JUSSARA - GO","CROMITA","Demais substâncias","Sim"
"Gerência Regional / GO","809639/1970","Requerimento de Autorização de Pesquisa","Requerimento de Lavra","63.128.948/0001-47","GONICKEL METAIS LTDA.","JUSSARA - GO","CROMITA","Demais substâncias","Sim"
"Gerência Regional / GO","809640/1970","Requerimento de Autorização de Pesquisa","Requerimento de Lavra","63.128.948/0001-47","GONICKEL METAIS LTDA.","JUSSARA - GO","CROMITA","Demais substâncias","Sim"
"Gerência Regional / GO","809641/1970","Requerimento de Autorização de Pesquisa","Requerimento de Lavra","63.128.948/0001-47","GONICKEL METAIS LTDA.","JUSSARA - GO","CROMITA","Demais substâncias","Sim"
"Gerência Regional / GO","809643/1970","Requerimento de Autorização de Pesquisa","Requerimento de Lavra","63.128.948/0001-47","GONICKEL METAIS LTDA.","JUSSARA - GO","AMIANTO","Demais substâncias","Sim"
"Gerência Regional / GO","860764/1986","Requerimento de Autorização de Pesquisa","Requerimento de Lavra","03.534.260/0001-35","IMPERIO MINERACOES LIMITADA","MINEIROS - GO, PORTELÂNDIA - GO","DOLOMITO","Industrial","Sim"
"Gerência Regional / GO","861470/2010","Requerimento de Disponibilidade para pesquisa","Requerimento de Lavra","00.803.791/0001-98","EMFOL EMPRESA DE MINERACAO FORMOSA LTDA","DIVINÓPOLIS DE GOIÁS - GO","CALCÁRIO, CALCÁRIO CALCÍTICO, CALCÁRIO CALCÍTICO","Corretivo de solo, Fabricação de cal, Fabricação de cimento","Sim"
"Gerência Regional / GO","861471/2010","Requerimento de Disponibilidade para pesquisa","Requerimento de Lavra","00.803.791/0001-98","EMFOL EMPRESA DE MINERACAO FORMOSA LTDA","CABECEIRAS - GO","CALCÁRIO, CALCÁRIO CALCÍTICO","Corretivo de solo, Fabricação de cal","Sim"
"Gerência Regional / GO","861473/2010","Requerimento de Disponibilidade para pesquisa","Requerimento de Lavra","00.803.791/0001-98","EMFOL EMPRESA DE MINERACAO FORMOSA LTDA","DIVINÓPOLIS DE GOIÁS - GO","CALCÁRIO, CALCÁRIO CALCÍTICO, CALCÁRIO CALCÍTICO","Corretivo de solo, Fabricação de cal, Fabricação de cimento","Sim"
"Gerência Regional / GO","861475/2010","Requerimento de Disponibilidade para pesquisa","Requerimento de Lavra","00.803.791/0001-98","EMFOL EMPRESA DE MINERACAO FORMOSA LTDA","CAMPOS BELOS - GO","CALCÁRIO, CALCÁRIO CALCÍTICO, CALCÁRIO CALCÍTICO","Corretivo de solo, Fabricação de cal, Fabricação de cimento","Sim"
"Gerência Regional / GO","861477/2010","Requerimento de Disponibilidade para pesquisa","Requerimento de Lavra","00.803.791/0001-98","EMFOL EMPRESA DE MINERACAO FORMOSA LTDA","DIVINÓPOLIS DE GOIÁS - GO","CALCÁRIO, CALCÁRIO CALCÍTICO, CALCÁRIO CALCÍTICO","Corretivo de solo, Fabricação de cal, Fabricação de cimento","Sim"
"Gerência Regional / GO","861481/2010","Requerimento de Disponibilidade para pesquisa","Requerimento de Lavra","00.803.791/0001-98","EMFOL EMPRESA DE MINERACAO FORMOSA LTDA","DIVINÓPOLIS DE GOIÁS - GO","CALCÁRIO, CALCÁRIO CALCÍTICO, CALCÁRIO CALCÍTICO","Corretivo de solo, Fabricação de cal, Fabricação de cimento","Sim"
"Gerência Regional / GO","861514/2010","Requerimento de Disponibilidade para pesquisa","Requerimento de Lavra","00.803.791/0001-98","EMFOL EMPRESA DE MINERACAO FORMOSA LTDA","DIVINÓPOLIS DE GOIÁS - GO","CALCÁRIO, CALCÁRIO CALCÍTICO, CALCÁRIO CALCÍTICO","Corretivo de solo, Fabricação de cal, Fabricação de cimento","Sim"
"Gerência Regional / GO","861655/2007","Requerimento de Autorização de Pesquisa","Requerimento de Lavra","00.803.791/0001-98","EMFOL EMPRESA DE MINERACAO FORMOSA LTDA","CABECEIRAS - GO","CALCÁRIO","Fabricação de cal","Sim"
"Gerência Regional / GO","861977/2012","Requerimento de Disponibilidade para pesquisa","Requerimento de Lavra","00.803.791/0001-98","EMFOL EMPRESA DE MINERACAO FORMOSA LTDA","GUARANI DE GOIÁS - GO","CALCÁRIO, CALCÁRIO, CALCÁRIO","Brita, Corretivo de solo, Fabricação de cal","Sim"
"Gerência Regional / GO","860040/2012","Requerimento de Disponibilidade para pesquisa","Requerimento de Lavra","00.803.791/0001-98","EMFOL EMPRESA DE MINERACAO FORMOSA LTDA","CAMPOS BELOS - GO","CALCÁRIO, CALCÁRIO, CALCÁRIO","Brita, Corretivo de solo, Fabricação de cal","Sim"
"Gerência Regional / GO","860196/2012","Requerimento de Disponibilidade para pesquisa","Requerimento de Lavra","00.803.791/0001-98","EMFOL EMPRESA DE MINERACAO FORMOSA LTDA","DIVINÓPOLIS DE GOIÁS - GO, SÃO DOMINGOS - GO","CALCÁRIO, CALCÁRIO, CALCÁRIO","Brita, Corretivo de solo, Fabricação de cal","Sim"
"Gerência Regional / GO","860200/2012","Requerimento de Disponibilidade para pesquisa","Requerimento de Lavra","00.803.791/0001-98","EMFOL EMPRESA DE MINERACAO FORMOSA LTDA","DIVINÓPOLIS DE GOIÁS - GO","CALCÁRIO, CALCÁRIO, CALCÁRIO","Brita, Corretivo de solo, Fabricação de cal","Sim"
"Gerência Regional / GO","860280/2007","Requerimento de Autorização de Pesquisa","Requerimento de Lavra","00.803.791/0001-98","EMFOL EMPRESA DE MINERACAO FORMOSA LTDA","SÃO DOMINGOS - GO","CALCÁRIO, CALCÁRIO DOLOMÍTICO","Corretivo de solo, Fabricação de cal","Sim"
"Gerência Regional / GO","860614/2007","Requerimento de Autorização de Pesquisa","Requerimento de Lavra","00.803.791/0001-98","EMFOL EMPRESA DE MINERACAO FORMOSA LTDA","DIVINÓPOLIS DE GOIÁS - GO","CALCÁRIO, CALCÁRIO DOLOMÍTICO","Corretivo de solo, Fabricação de cal","Sim"
"Gerência Regional / GO","860615/2007","Requerimento de Autorização de Pesquisa","Requerimento de Lavra","00.803.791/0001-98","EMFOL EMPRESA DE MINERACAO FORMOSA LTDA","GUARANI DE GOIÁS - GO, IACIARA - GO","CALCÁRIO","Fabricação de cal","Sim"
"Gerência Regional / GO","860616/2007","Requerimento de Autorização de Pesquisa","Requerimento de Lavra","00.803.791/0001-98","EMFOL EMPRESA DE MINERACAO FORMOSA LTDA","DIVINÓPOLIS DE GOIÁS - GO","CALCÁRIO, CALCÁRIO DOLOMÍTICO","Corretivo de solo, Fabricação de cal","Sim"
"Gerência Regional / GO","860617/2007","Requerimento de Autorização de Pesquisa","Requerimento de Lavra","00.803.791/0001-98","EMFOL EMPRESA DE MINERACAO FORMOSA LTDA","DIVINÓPOLIS DE GOIÁS - GO","CALCÁRIO, CALCÁRIO DOLOMÍTICO","Corretivo de solo, Fabricação de cal","Sim"
"Gerência Regional / GO","860633/2007","Requerimento de Autorização de Pesquisa","Requerimento de Lavra","00.803.791/0001-98","EMFOL EMPRESA DE MINERACAO FORMOSA LTDA","MONTE ALEGRE DE GOIÁS - GO","CALCÁRIO","Fabricação de cal","Sim"
"Gerência Regional / GO","860659/2008","Requerimento de Autorização de Pesquisa","Requerimento de Lavra","00.803.791/0001-98","EMFOL EMPRESA DE MINERACAO FORMOSA LTDA","CABECEIRAS - GO","CALCÁRIO","Fabricação de cal","Sim"
"Gerência Regional / GO","861006/2007","Requerimento de Autorização de Pesquisa","Requerimento de Lavra","00.803.791/0001-98","EMFOL EMPRESA DE MINERACAO FORMOSA LTDA","IACIARA - GO","CALCÁRIO","Fabricação de cal","Sim"
"Gerência Regional / GO","861022/2007","Requerimento de Autorização de Pesquisa","Requerimento de Lavra","00.803.791/0001-98","EMFOL EMPRESA DE MINERACAO FORMOSA LTDA","NOVA ROMA - GO","CALCÁRIO","Fabricação de cal","Sim"
"Gerência Regional / GO","861024/2007","Requerimento de Autorização de Pesquisa","Requerimento de Lavra","00.803.791/0001-98","EMFOL EMPRESA DE MINERACAO FORMOSA LTDA","NOVA ROMA - GO","CALCÁRIO","Fabricação de cal","Sim"
"Gerência Regional / GO","861025/2007","Requerimento de Autorização de Pesquisa","Requerimento de Lavra","00.803.791/0001-98","EMFOL EMPRESA DE MINERACAO FORMOSA LTDA","NOVA ROMA - GO","CALCÁRIO","Fabricação de cal","Sim"
"Gerência Regional / GO","861028/2007","Requerimento de Autorização de Pesquisa","Requerimento de Lavra","00.803.791/0001-98","EMFOL EMPRESA DE MINERACAO FORMOSA LTDA","SÃO DOMINGOS - GO","CALCÁRIO","Fabricação de cal","Sim"
"Gerência Regional / GO","861094/2002","Requerimento de Autorização de Pesquisa","Requerimento de Lavra","00.803.791/0001-98","EMFOL EMPRESA DE MINERACAO FORMOSA LTDA","FORMOSA - GO","CALCÁRIO, MINÉRIO DE OURO","Corretivo de solo, Industrial","Sim"
"Gerência Regional / GO","861282/2010","Requerimento de Disponibilidade para pesquisa","Requerimento de Lavra","00.803.791/0001-98","EMFOL EMPRESA DE MINERACAO FORMOSA LTDA","DIVINÓPOLIS DE GOIÁS - GO","CALCÁRIO, CALCÁRIO CALCÍTICO, CALCÁRIO CALCÍTICO","Corretivo de solo, Fabricação de cal, Fabricação de cimento","Sim"
"Gerência Regional / GO","861322/2004","Requerimento de Autorização de Pesquisa","Requerimento de Lavra","00.803.791/0001-98","EMFOL EMPRESA DE MINERACAO FORMOSA LTDA","POSSE - GO","CALCÁRIO, CALCÁRIO DOLOMÍTICO","Corretivo de solo, Industrial","Sim"
"Gerência Regional / GO","861427/2007","Requerimento de Autorização de Pesquisa","Requerimento de Lavra","00.803.791/0001-98","EMFOL EMPRESA DE MINERACAO FORMOSA LTDA","CABECEIRAS - GO","CALCÁRIO","Fabricação de cimento","Sim"
"Gerência Regional / GO","861466/2010","Requerimento de Disponibilidade para pesquisa","Requerimento de Lavra","00.803.791/0001-98","EMFOL EMPRESA DE MINERACAO FORMOSA LTDA","DIVINÓPOLIS DE GOIÁS - GO","CALCÁRIO, CALCÁRIO CALCÍTICO, CALCÁRIO CALCÍTICO","Corretivo de solo, Fabricação de cal, Fabricação de cimento","Sim"
"Gerência Regional / GO","861469/2010","Requerimento de Disponibilidade para pesquisa","Requerimento de Lavra","00.803.791/0001-98","EMFOL EMPRESA DE MINERACAO FORMOSA LTDA","DIVINÓPOLIS DE GOIÁS - GO","CALCÁRIO, CALCÁRIO, CALCÁRIO CALCÍTICO, CALCÁRIO CALCÍTICO","Brita, Corretivo de solo, Fabricação de cal, Fabricação de cimento","Sim"
"Gerência Regional / GO","860213/2017","Requerimento de Autorização de Pesquisa","Requerimento de Lavra","10.174.537/0001-21","Cristalina Mineração e Transportes Ltda Me","CRISTALINA - GO","AREIA, CASCALHO","Construção civil, Construção civil","Sim"
"Gerência Regional / GO","860214/2017","Requerimento de Autorização de Pesquisa","Requerimento de Lavra","10.174.537/0001-21","Cristalina Mineração e Transportes Ltda Me","CRISTALINA - GO","AREIA, CASCALHO","Construção civil, Construção civil","Sim"
"Gerência Regional / GO","860259/2010","Requerimento de Disponibilidade para pesquisa","Requerimento de Lavra","10.174.537/0001-21","Cristalina Mineração e Transportes Ltda Me","CRISTALINA - GO","AREIA","Construção civil","Sim"
"Gerência Regional / GO","860297/2014","Requerimento de Cessão parcial","Requerimento de Lavra","10.174.537/0001-21","Cristalina Mineração e Transportes Ltda Me","CRISTALINA - GO","AREIA","Construção civil","Sim"
"Gerência Regional / GO","860445/2008","Requerimento de Autorização de Pesquisa","Requerimento de Lavra","10.174.537/0001-21","Cristalina Mineração e Transportes Ltda Me","CRISTALINA - GO","AREIA, MINÉRIO DE OURO","Construção civil, Industrial","Sim"
"Gerência Regional / GO","860470/2013","Requerimento de Cessão parcial","Requerimento de Lavra","10.174.537/0001-21","Cristalina Mineração e Transportes Ltda Me","CRISTALINA - GO","AREIA","Construção civil","Sim"
"Gerência Regional / GO","860587/2009","Requerimento de Autorização de Pesquisa","Requerimento de Lavra","10.174.537/0001-21","Cristalina Mineração e Transportes Ltda Me","CRISTALINA - GO","AREIA, QUARTZO","Construção civil, Industrial","Sim"
"Gerência Regional / GO","860924/2019","Requerimento de Mudança de Regime para Aut. de Pesquisa","Requerimento de Lavra","10.174.537/0001-21","Cristalina Mineração e Transportes Ltda Me","CRISTALINA - GO","AREIA, CASCALHO","Construção civil, Construção civil","Sim"
"Gerência Regional / GO","860943/2016","Requerimento de Cessão parcial","Requerimento de Lavra","10.174.537/0001-21","Cristalina Mineração e Transportes Ltda Me","CRISTALINA - GO","AREIA","Construção civil","Sim"
"Gerência Regional / GO","860944/2016","Requerimento de Cessão parcial","Requerimento de Lavra","10.174.537/0001-21","Cristalina Mineração e Transportes Ltda Me","CRISTALINA - GO","AREIA","Construção civil","Sim"
"Gerência Regional / GO","860960/2017","Requerimento de Cessão parcial","Requerimento de Lavra","10.174.537/0001-21","Cristalina Mineração e Transportes Ltda Me","CRISTALINA - GO","AREIA","Construção civil","Sim"
"Gerência Regional / GO","860961/2017","Requerimento de Cessão parcial","Requerimento de Lavra","10.174.537/0001-21","Cristalina Mineração e Transportes Ltda Me","CRISTALINA - GO","AREIA","Construção civil","Sim"
"Gerência Regional / GO","860962/2017","Requerimento de Cessão parcial","Requerimento de Lavra","10.174.537/0001-21","Cristalina Mineração e Transportes Ltda Me","CRISTALINA - GO","AREIA","Construção civil","Sim"
"Gerência Regional / GO","861262/2011","Requerimento de Disponibilidade para pesquisa","Requerimento de Lavra","10.174.537/0001-21","Cristalina Mineração e Transportes Ltda Me","CRISTALINA - GO","AREIA, MINÉRIO DE OURO","Construção civil, Industrial","Sim"
"Gerência Regional / GO","861442/2012","Requerimento de Cessão parcial","Requerimento de Lavra","10.174.537/0001-21","Cristalina Mineração e Transportes Ltda Me","CRISTALINA - GO","AREIA","Construção civil","Sim"
"Gerência Regional / GO","861501/2011","Requerimento de Cessão parcial","Requerimento de Lavra","10.174.537/0001-21","Cristalina Mineração e Transportes Ltda Me","CRISTALINA - GO","AREIA","Construção civil","Sim"
"Gerência Regional / GO","861502/2011","Requerimento de Cessão parcial","Requerimento de Lavra","10.174.537/0001-21","Cristalina Mineração e Transportes Ltda Me","CRISTALINA - GO","AREIA","Construção civil","Sim"
"Gerência Regional / GO","861503/2011","Requerimento de Cessão parcial","Requerimento de Lavra","10.174.537/0001-21","Cristalina Mineração e Transportes Ltda Me","CRISTALINA - GO","AREIA","Construção civil","Sim"
"Gerência Regional / GO","861504/2011","Requerimento de Cessão parcial","Requerimento de Lavra","10.174.537/0001-21","Cristalina Mineração e Transportes Ltda Me","CRISTALINA - GO","AREIA","Construção civil","Sim"
"Gerência Regional / GO","861505/2011","Requerimento de Cessão parcial","Requerimento de Lavra","10.174.537/0001-21","Cristalina Mineração e Transportes Ltda Me","CRISTALINA - GO","AREIA","Construção civil","Sim"
"Gerência Regional / GO","861506/2011","Requerimento de Cessão parcial","Requerimento de Lavra","10.174.537/0001-21","Cristalina Mineração e Transportes Ltda Me","CRISTALINA - GO","AREIA","Construção civil","Sim"
"Gerência Regional / GO","861507/2011","Requerimento de Cessão parcial","Requerimento de Lavra","10.174.537/0001-21","Cristalina Mineração e Transportes Ltda Me","CRISTALINA - GO","AREIA","Construção civil","Sim"
"Gerência Regional / GO","861508/2011","Requerimento de Cessão parcial","Requerimento de Lavra","10.174.537/0001-21","Cristalina Mineração e Transportes Ltda Me","CRISTALINA - GO","AREIA","Construção civil","Sim"
"Gerência Regional / GO","861509/2011","Requerimento de Cessão parcial","Requerimento de Lavra","10.174.537/0001-21","Cristalina Mineração e Transportes Ltda Me","CRISTALINA - GO","AREIA","Construção civil","Sim"
"Gerência Regional / GO","861510/2011","Requerimento de Cessão parcial","Requerimento de Lavra","10.174.537/0001-21","Cristalina Mineração e Transportes Ltda Me","CRISTALINA - GO","AREIA","Construção civil","Sim"
"Gerência Regional / GO","861511/2011","Requerimento de Cessão parcial","Requerimento de Lavra","10.174.537/0001-21","Cristalina Mineração e Transportes Ltda Me","CRISTALINA - GO","AREIA","Construção civil","Sim"
"Gerência Regional / GO","861512/2011","Requerimento de Cessão parcial","Requerimento de Lavra","10.174.537/0001-21","Cristalina Mineração e Transportes Ltda Me","CRISTALINA - GO","AREIA","Construção civil","Sim"
"Gerência Regional / GO","861513/2011","Requerimento de Cessão parcial","Requerimento de Lavra","10.174.537/0001-21","Cristalina Mineração e Transportes Ltda Me","CRISTALINA - GO","AREIA","Construção civil","Sim"
"Gerência Regional / GO","861757/2008","Requerimento de Autorização de Pesquisa","Requerimento de Lavra","10.174.537/0001-21","Cristalina Mineração e Transportes Ltda Me","CRISTALINA - GO","AREIA, QUARTZO","Construção civil, Industrial","Sim"
"Gerência Regional / GO","860063/2014","Requerimento de Autorização de Pesquisa","Requerimento de Lavra","10.174.537/0001-21","Cristalina Mineração e Transportes Ltda Me","CRISTALINA - GO","AREIA, MINÉRIO DE OURO","Construção civil, Industrial","Sim"
"Gerência Regional / GO","860115/2010","Requerimento de Autorização de Pesquisa","Requerimento de Lavra","10.174.537/0001-21","Cristalina Mineração e Transportes Ltda Me","CRISTALINA - GO","AREIA, MINÉRIO DE OURO","Construção civil, Industrial","Sim"
"Gerência Regional / GO","860104/2010","Requerimento de Cessão parcial","Requerimento de Lavra","23.640.204/0001-92","Mineração Curimbaba Ltda","BARRO ALTO - GO","MINÉRIO DE ALUMÍNIO","Industrial","Sim"
"Gerência Regional / GO","860421/2005","Requerimento de Autorização de Pesquisa","Requerimento de Lavra","23.640.204/0001-92","Mineração Curimbaba Ltda","BARRO ALTO - GO, SANTA RITA DO NOVO DESTINO - GO","MINÉRIO DE ALUMÍNIO","Industrial","Sim"
"Gerência Regional / GO","860641/2021","Requerimento de Lavra - Leilão","Requerimento de Lavra","09.355.939/0001-43","SUPERGRAN MINERACAO LTDA","BARRO ALTO - GO","MINÉRIO DE ALUMÍNIO","Industrial","Sim"
"Gerência Regional / GO","861018/2012","Requerimento de Disponibilidade para lavra","Requerimento de Lavra","07.449.733/0001-57","Mineração Nova Era Ltda","FORMOSA - GO","CALCÁRIO","Demais substâncias","Sim"
"Gerência Regional / GO","860852/2012","Requerimento de Cessão parcial","Requerimento de Lavra","03.035.112/0001-76","Goyaz Britas Ltda","PANAMÁ - GO","BASALTO","Brita","Sim"
"Gerência Regional / GO","860996/2009","Requerimento de Autorização de Pesquisa","Requerimento de Lavra","03.035.112/0001-76","Goyaz Britas Ltda","ITUMBIARA - GO","ILMENITA","Industrial","Sim"
"Gerência Regional / GO","861014/2015","Requerimento de Mudança de Regime para Aut. de Pesquisa","Requerimento de Lavra","03.035.112/0001-76","Goyaz Britas Ltda","PANAMÁ - GO","BASALTO","Brita","Sim"
"Gerência Regional / GO","861034/2007","Requerimento de Autorização de Pesquisa","Requerimento de Lavra","01.277.116/0001-35","CONCREMAX MATERIAIS LTDA","MINEIROS - GO","AREIA, CASCALHO","Construção civil, Construção civil","Sim"
"Gerência Regional / GO","861158/2004","Requerimento de Autorização de Pesquisa","Requerimento de Lavra","01.277.116/0001-35","CONCREMAX MATERIAIS LTDA","MINEIROS - GO, PORTELÂNDIA - GO","AREIA, CASCALHO","Construção civil, Construção civil","Sim"
"Gerência Regional / GO","860503/2014","Requerimento de Disponibilidade para lavra","Requerimento de Lavra","16.842.764/0001-64","Mineradora Santa Barbara Ltda Me","ADELÂNDIA - GO, ANICUNS - GO","AREIA","Construção civil","Sim"
"Gerência Regional / GO","860677/2014","Requerimento de Autorização de Pesquisa","Requerimento de Lavra","16.842.764/0001-64","Mineradora Santa Barbara Ltda Me","AVELINÓPOLIS - GO","ARGILA","Industrial","Sim"
"Gerência Regional / GO","860730/2011","Requerimento de Disponibilidade para pesquisa","Requerimento de Lavra","16.842.764/0001-64","Mineradora Santa Barbara Ltda Me","AVELINÓPOLIS - GO, SANTA BÁRBARA DE GOIÁS - GO, TRINDADE - GO","ARGILA, ARGILA","Cerâmica vermelha, Industrial","Sim"
"Gerência Regional / GO","861382/2009","Requerimento de Autorização de Pesquisa","Requerimento de Lavra","16.842.764/0001-64","Mineradora Santa Barbara Ltda Me","CATURAÍ - GO, TRINDADE - GO","ARGILA, MINÉRIO DE NÍQUEL","Cerâmica vermelha, Industrial","Sim"
"Gerência Regional / GO","860675/2003","Requerimento de Autorização de Pesquisa","Requerimento de Lavra","68.531.292/0001-22","REFLORESTADORA ARCOS, SERVIÇOS E ASSESSORIA LTDA","NIQUELÂNDIA - GO","CALCÁRIO","Industrial","Sim"
"Gerência Regional / GO","860793/2010","Requerimento de Autorização de Pesquisa","Requerimento de Lavra","22.224.526/0001-98","Grotao Comercial de Areia Ltda Me ","SANCLERLÂNDIA - GO, SÃO LUÍS DE MONTES BELOS - GO","AREIA, MINÉRIO DE OURO","Construção civil, Industrial","Sim"
"Gerência Regional / GO","860675/2019","Requerimento de Cessão parcial","Requerimento de Lavra","11.291.550/0001-23","JASA CONSTRUCOES E COMERCIO LTDA","CAVALCANTE - GO, MINAÇU - GO","AREIA","Construção civil","Sim"
"Gerência Regional / GO","860676/2019","Requerimento de Cessão parcial","Requerimento de Lavra","11.291.550/0001-23","JASA CONSTRUCOES E COMERCIO LTDA","CAVALCANTE - GO, MINAÇU - GO","AREIA","Construção civil","Sim"
"Gerência Regional / GO","860206/2021","Requerimento de Cessão parcial","Requerimento de Lavra","27.543.047/0001-58","CUNHA AGRICOLA LTDA","CHAPADÃO DO CÉU - GO","BASALTO, BASALTO","Brita, Revestimento","Sim"
